{
  "metadata": {
    "version": "meta_v2",
    "datamart": "v5_final_training.parquet"
  },
  "overall_2026": {
    "pnl": 7312.046406953185,
    "trades": 450,
    "win_rate": 0.3422222222222222
  },
  "windows": {
    "7d": {
      "pnl": 870.7087720485592,
      "trades": 26,
      "win_rate": 0.38461538461538464
    },
    "30d": {
      "pnl": 937.3870513922986,
      "trades": 116,
      "win_rate": 0.3448275862068966
    },
    "90d": {
      "pnl": 396.26413533791856,
      "trades": 349,
      "win_rate": 0.33810888252148996
    }
  },
  "monte_carlo": {
    "mean_pnl": 903.949289684126,
    "std_pnl": 2637.509849276179,
    "pct_positive": 0.623,
    "p5": -3069.0170029031374,
    "p95": 5347.910880354865
  }
}