{
  "overall": {
    "pnl": 11776.109171827517,
    "trades": 260
  },
  "windows": {
    "7d": {
      "pnl": 1174.8131697005063,
      "trades": 17
    },
    "30d": {
      "pnl": 4144.044984575245,
      "trades": 63
    },
    "60d": {
      "pnl": 9696.453446284148,
      "trades": 132
    }
  }
}