variant_id,variant_label,sequence_id,ny_date,orb_minutes,short_tp_r,long_tp_r,short_filter,short_risk_usd,switch_long_risk_usd,switch_buffer_mode,short_entry_until,first_side,switched_to_long,leg_count,signal_ts,entry_ts,exit_ts,exit_reason,side,long_pnl_usd,short_pnl_usd,switch_long_pnl_usd,pnl_usd,pnl_net_usd,label,contracts_used,orb_high,orb_low,orb_range_pts
p0_st5_20_bearish_sr350_lr750_buf0_tg1030,"P0 st5_20_bearish, short $350, switch long $750, buffer 0, guard 10:30",NASDAQ_ORB_15m_p0_short_switch_tp2r_p0_st5_20_bearish_sr350_lr750_buf0_tg1030_2019-05-06,2019-05-06,15,2.0,2.0,st5_20_bearish,350.0,750.0,0,10:30,LONG,False,1,2019-05-06 13:46:00+00:00,2019-05-06 13:47:00+00:00,2019-05-06 19:00:00+00:00,TIME_EXIT,LONG,407.28,0.0,0.0,407.28,407.28,1,3,7745.75,7676.5,69.25
p0_st5_20_bearish_sr350_lr750_buf0_tg1030,"P0 st5_20_bearish, short $350, switch long $750, buffer 0, guard 10:30",NASDAQ_ORB_15m_p0_short_switch_tp2r_p0_st5_20_bearish_sr350_lr750_buf0_tg1030_2019-05-07,2019-05-07,15,2.0,2.0,st5_20_bearish,350.0,750.0,0,10:30,SHORT,False,1,2019-05-07 14:05:00+00:00,2019-05-07 14:06:00+00:00,2019-05-07 19:00:00+00:00,TIME_EXIT,SHORT,0.0,291.52,0.0,291.52,291.52,1,2,7752.75,7719.25,33.5
p0_st5_20_bearish_sr350_lr750_buf0_tg1030,"P0 st5_20_bearish, short $350, switch long $750, buffer 0, guard 10:30",NASDAQ_ORB_15m_p0_short_switch_tp2r_p0_st5_20_bearish_sr350_lr750_buf0_tg1030_2019-05-08,2019-05-08,15,2.0,2.0,st5_20_bearish,350.0,750.0,0,10:30,LONG,False,1,2019-05-08 13:49:00+00:00,2019-05-08 13:50:00+00:00,2019-05-08 19:00:00+00:00,TIME_EXIT,LONG,79.04,0.0,0.0,79.04,79.04,1,4,7651.0,7600.75,50.25
p0_st5_20_bearish_sr350_lr750_buf0_tg1030,"P0 st5_20_bearish, short $350, switch long $750, buffer 0, guard 10:30",NASDAQ_ORB_15m_p0_short_switch_tp2r_p0_st5_20_bearish_sr350_lr750_buf0_tg1030_2019-05-09,2019-05-09,15,2.0,2.0,st5_20_bearish,350.0,750.0,0,10:30,SHORT,True,2,2019-05-09 13:46:00+00:00,2019-05-09 13:47:00+00:00,2019-05-09 19:00:00+00:00,SWITCH_TO_LONG+TIME_EXIT,SHORT,65.34,-354.96,65.34,-289.62,-289.62,0,13,7565.75,7528.0,37.75
p0_st5_20_bearish_sr350_lr750_buf0_tg1030,"P0 st5_20_bearish, short $350, switch long $750, buffer 0, guard 10:30",NASDAQ_ORB_15m_p0_short_switch_tp2r_p0_st5_20_bearish_sr350_lr750_buf0_tg1030_2019-05-10,2019-05-10,15,2.0,2.0,st5_20_bearish,350.0,750.0,0,10:30,LONG,False,1,2019-05-10 13:47:00+00:00,2019-05-10 13:48:00+00:00,2019-05-10 19:00:00+00:00,TIME_EXIT,LONG,-129.92,0.0,0.0,-129.92,-129.92,0,8,7580.5,7554.0,26.5
p0_st5_20_bearish_sr350_lr750_buf0_tg1030,"P0 st5_20_bearish, short $350, switch long $750, buffer 0, guard 10:30",NASDAQ_ORB_15m_p0_short_switch_tp2r_p0_st5_20_bearish_sr350_lr750_buf0_tg1030_2019-05-13,2019-05-13,15,2.0,2.0,st5_20_bearish,350.0,750.0,0,10:30,SHORT,False,1,2019-05-13 13:53:00+00:00,2019-05-13 13:54:00+00:00,2019-05-13 19:00:00+00:00,TIME_EXIT,SHORT,0.0,84.78,0.0,84.78,84.78,1,3,7444.75,7395.25,49.5
p0_st5_20_bearish_sr350_lr750_buf0_tg1030,"P0 st5_20_bearish, short $350, switch long $750, buffer 0, guard 10:30",NASDAQ_ORB_15m_p0_short_switch_tp2r_p0_st5_20_bearish_sr350_lr750_buf0_tg1030_2019-05-14,2019-05-14,15,2.0,2.0,st5_20_bearish,350.0,750.0,0,10:30,SHORT,True,2,2019-05-14 13:49:00+00:00,2019-05-14 13:50:00+00:00,2019-05-14 19:00:00+00:00,SWITCH_TO_LONG+TIME_EXIT,SHORT,827.86,-378.7,827.86,449.16,449.16,1,16,7395.0,7367.25,27.75
p0_st5_20_bearish_sr350_lr750_buf0_tg1030,"P0 st5_20_bearish, short $350, switch long $750, buffer 0, guard 10:30",NASDAQ_ORB_15m_p0_short_switch_tp2r_p0_st5_20_bearish_sr350_lr750_buf0_tg1030_2019-05-15,2019-05-15,15,2.0,2.0,st5_20_bearish,350.0,750.0,0,10:30,LONG,False,1,2019-05-15 13:46:00+00:00,2019-05-15 13:47:00+00:00,2019-05-15 14:30:00+00:00,TP_2R,LONG,946.8199999999999,0.0,0.0,946.8199999999999,946.8199999999999,1,7,7395.25,7363.0,32.25
p0_st5_20_bearish_sr350_lr750_buf0_tg1030,"P0 st5_20_bearish, short $350, switch long $750, buffer 0, guard 10:30",NASDAQ_ORB_15m_p0_short_switch_tp2r_p0_st5_20_bearish_sr350_lr750_buf0_tg1030_2019-05-16,2019-05-16,15,2.0,2.0,st5_20_bearish,350.0,750.0,0,10:30,LONG,False,1,2019-05-16 13:50:00+00:00,2019-05-16 13:51:00+00:00,2019-05-16 19:00:00+00:00,TIME_EXIT,LONG,367.04,0.0,0.0,367.04,367.04,1,4,7563.25,7511.5,51.75
p0_st5_20_bearish_sr350_lr750_buf0_tg1030,"P0 st5_20_bearish, short $350, switch long $750, buffer 0, guard 10:30",NASDAQ_ORB_15m_p0_short_switch_tp2r_p0_st5_20_bearish_sr350_lr750_buf0_tg1030_2019-05-17,2019-05-17,15,2.0,2.0,st5_20_bearish,350.0,750.0,0,10:30,LONG,False,1,2019-05-17 13:48:00+00:00,2019-05-17 13:49:00+00:00,2019-05-17 19:00:00+00:00,TIME_EXIT,LONG,19.04,0.0,0.0,19.04,19.04,1,4,7564.25,7516.25,48.0
p0_st5_20_bearish_sr350_lr750_buf0_tg1030,"P0 st5_20_bearish, short $350, switch long $750, buffer 0, guard 10:30",NASDAQ_ORB_15m_p0_short_switch_tp2r_p0_st5_20_bearish_sr350_lr750_buf0_tg1030_2019-05-20,2019-05-20,15,2.0,2.0,st5_20_bearish,350.0,750.0,0,10:30,LONG,False,1,2019-05-20 14:26:00+00:00,2019-05-20 14:27:00+00:00,2019-05-20 19:00:00+00:00,TIME_EXIT,LONG,-306.96,0.0,0.0,-306.96,-306.96,0,4,7416.75,7361.5,55.25
p0_st5_20_bearish_sr350_lr750_buf0_tg1030,"P0 st5_20_bearish, short $350, switch long $750, buffer 0, guard 10:30",NASDAQ_ORB_15m_p0_short_switch_tp2r_p0_st5_20_bearish_sr350_lr750_buf0_tg1030_2019-05-21,2019-05-21,15,2.0,2.0,st5_20_bearish,350.0,750.0,0,10:30,SHORT,True,2,2019-05-21 13:51:00+00:00,2019-05-21 13:52:00+00:00,2019-05-21 19:00:00+00:00,SWITCH_TO_LONG+TIME_EXIT,SHORT,12.16,-337.68,12.16,-325.52,-325.52,0,23,7465.0,7444.0,21.0
p0_st5_20_bearish_sr350_lr750_buf0_tg1030,"P0 st5_20_bearish, short $350, switch long $750, buffer 0, guard 10:30",NASDAQ_ORB_15m_p0_short_switch_tp2r_p0_st5_20_bearish_sr350_lr750_buf0_tg1030_2019-05-22,2019-05-22,15,2.0,2.0,st5_20_bearish,350.0,750.0,0,10:30,LONG,False,1,2019-05-22 13:55:00+00:00,2019-05-22 13:56:00+00:00,2019-05-22 19:00:00+00:00,TIME_EXIT,LONG,62.08,0.0,0.0,62.08,62.08,1,8,7447.5,7420.25,27.25
p0_st5_20_bearish_sr350_lr750_buf0_tg1030,"P0 st5_20_bearish, short $350, switch long $750, buffer 0, guard 10:30",NASDAQ_ORB_15m_p0_short_switch_tp2r_p0_st5_20_bearish_sr350_lr750_buf0_tg1030_2019-05-23,2019-05-23,15,2.0,2.0,st5_20_bearish,350.0,750.0,0,10:30,SHORT,False,1,2019-05-23 13:46:00+00:00,2019-05-23 13:47:00+00:00,2019-05-23 19:00:00+00:00,TIME_EXIT,SHORT,0.0,263.8,0.0,263.8,263.8,1,5,7346.0,7316.75,29.25
p0_st5_20_bearish_sr350_lr750_buf0_tg1030,"P0 st5_20_bearish, short $350, switch long $750, buffer 0, guard 10:30",NASDAQ_ORB_15m_p0_short_switch_tp2r_p0_st5_20_bearish_sr350_lr750_buf0_tg1030_2019-05-24,2019-05-24,15,2.0,2.0,st5_20_bearish,350.0,750.0,0,10:30,SHORT,False,1,2019-05-24 14:30:00+00:00,2019-05-24 14:31:00+00:00,2019-05-24 19:00:00+00:00,TIME_EXIT,SHORT,0.0,137.04,0.0,137.04,137.04,1,4,7379.5,7356.0,23.5
p0_st5_20_bearish_sr350_lr750_buf0_tg1030,"P0 st5_20_bearish, short $350, switch long $750, buffer 0, guard 10:30",NASDAQ_ORB_15m_p0_short_switch_tp2r_p0_st5_20_bearish_sr350_lr750_buf0_tg1030_2019-05-29,2019-05-29,15,2.0,2.0,st5_20_bearish,350.0,750.0,0,10:30,LONG,False,1,2019-05-29 14:16:00+00:00,2019-05-29 14:17:00+00:00,2019-05-29 19:00:00+00:00,TIME_EXIT,LONG,-586.18,0.0,0.0,-586.18,-586.18,0,7,7245.75,7212.25,33.5
p0_st5_20_bearish_sr350_lr750_buf0_tg1030,"P0 st5_20_bearish, short $350, switch long $750, buffer 0, guard 10:30",NASDAQ_ORB_15m_p0_short_switch_tp2r_p0_st5_20_bearish_sr350_lr750_buf0_tg1030_2019-05-30,2019-05-30,15,2.0,2.0,st5_20_bearish,350.0,750.0,0,10:30,LONG,False,1,2019-05-30 13:48:00+00:00,2019-05-30 13:49:00+00:00,2019-05-30 19:00:00+00:00,TIME_EXIT,LONG,-517.4,0.0,0.0,-517.4,-517.4,0,10,7261.5,7237.75,23.75
p0_st5_20_bearish_sr350_lr750_buf0_tg1030,"P0 st5_20_bearish, short $350, switch long $750, buffer 0, guard 10:30",NASDAQ_ORB_15m_p0_short_switch_tp2r_p0_st5_20_bearish_sr350_lr750_buf0_tg1030_2019-05-31,2019-05-31,15,2.0,2.0,st5_20_bearish,350.0,750.0,0,10:30,SHORT,True,2,2019-05-31 13:51:00+00:00,2019-05-31 13:52:00+00:00,2019-05-31 19:00:00+00:00,SWITCH_TO_LONG+TIME_EXIT,SHORT,-457.40000000000003,-398.7,-457.40000000000003,-856.1,-856.1,0,15,7171.0,7140.0,31.0
p0_st5_20_bearish_sr350_lr750_buf0_tg1030,"P0 st5_20_bearish, short $350, switch long $750, buffer 0, guard 10:30",NASDAQ_ORB_15m_p0_short_switch_tp2r_p0_st5_20_bearish_sr350_lr750_buf0_tg1030_2019-06-03,2019-06-03,15,2.0,2.0,st5_20_bearish,350.0,750.0,0,10:30,SHORT,False,1,2019-06-03 13:50:00+00:00,2019-06-03 13:51:00+00:00,2019-06-03 19:00:00+00:00,TIME_EXIT,SHORT,0.0,391.52,0.0,391.52,391.52,1,2,7132.5,7102.0,30.5
p0_st5_20_bearish_sr350_lr750_buf0_tg1030,"P0 st5_20_bearish, short $350, switch long $750, buffer 0, guard 10:30",NASDAQ_ORB_15m_p0_short_switch_tp2r_p0_st5_20_bearish_sr350_lr750_buf0_tg1030_2019-06-04,2019-06-04,15,2.0,2.0,st5_20_bearish,350.0,750.0,0,10:30,SHORT,True,2,2019-06-04 13:52:00+00:00,2019-06-04 13:53:00+00:00,2019-06-04 16:56:00+00:00,SWITCH_TO_LONG+TP_2R,SHORT,1482.6,-310.96,1482.6,1171.6399999999999,1171.6399999999999,1,14,7067.5,7032.0,35.5
p0_st5_20_bearish_sr350_lr750_buf0_tg1030,"P0 st5_20_bearish, short $350, switch long $750, buffer 0, guard 10:30",NASDAQ_ORB_15m_p0_short_switch_tp2r_p0_st5_20_bearish_sr350_lr750_buf0_tg1030_2019-06-05,2019-06-05,15,2.0,2.0,st5_20_bearish,350.0,750.0,0,10:30,SHORT,False,1,2019-06-05 13:55:00+00:00,2019-06-05 13:56:00+00:00,2019-06-05 19:00:00+00:00,TIME_EXIT,SHORT,0.0,-75.72,0.0,-75.72,-75.72,0,3,7242.0,7205.5,36.5
p0_st5_20_bearish_sr350_lr750_buf0_tg1030,"P0 st5_20_bearish, short $350, switch long $750, buffer 0, guard 10:30",NASDAQ_ORB_15m_p0_short_switch_tp2r_p0_st5_20_bearish_sr350_lr750_buf0_tg1030_2019-06-06,2019-06-06,15,2.0,2.0,st5_20_bearish,350.0,750.0,0,10:30,SHORT,True,2,2019-06-06 13:54:00+00:00,2019-06-06 13:55:00+00:00,2019-06-06 19:00:00+00:00,SWITCH_TO_LONG+TIME_EXIT,SHORT,213.12,-313.7,213.12,-100.57999999999998,-100.57999999999998,0,17,7247.25,7219.0,28.25
p0_st5_20_bearish_sr350_lr750_buf0_tg1030,"P0 st5_20_bearish, short $350, switch long $750, buffer 0, guard 10:30",NASDAQ_ORB_15m_p0_short_switch_tp2r_p0_st5_20_bearish_sr350_lr750_buf0_tg1030_2019-06-07,2019-06-07,15,2.0,2.0,st5_20_bearish,350.0,750.0,0,10:30,LONG,False,1,2019-06-07 13:58:00+00:00,2019-06-07 13:59:00+00:00,2019-06-07 19:00:00+00:00,TIME_EXIT,LONG,405.04,0.0,0.0,405.04,405.04,1,4,7367.0,7311.0,56.0
p0_st5_20_bearish_sr350_lr750_buf0_tg1030,"P0 st5_20_bearish, short $350, switch long $750, buffer 0, guard 10:30",NASDAQ_ORB_15m_p0_short_switch_tp2r_p0_st5_20_bearish_sr350_lr750_buf0_tg1030_2019-06-10,2019-06-10,15,2.0,2.0,st5_20_bearish,350.0,750.0,0,10:30,LONG,False,1,2019-06-10 14:06:00+00:00,2019-06-10 14:07:00+00:00,2019-06-10 19:00:00+00:00,TIME_EXIT,LONG,69.04,0.0,0.0,69.04,69.04,1,4,7516.75,7469.25,47.5
p0_st5_20_bearish_sr350_lr750_buf0_tg1030,"P0 st5_20_bearish, short $350, switch long $750, buffer 0, guard 10:30",NASDAQ_ORB_15m_p0_short_switch_tp2r_p0_st5_20_bearish_sr350_lr750_buf0_tg1030_2019-06-12,2019-06-12,15,2.0,2.0,st5_20_bearish,350.0,750.0,0,10:30,SHORT,False,1,2019-06-12 14:30:00+00:00,2019-06-12 14:31:00+00:00,2019-06-12 19:00:00+00:00,TIME_EXIT,SHORT,0.0,-48.96,0.0,-48.96,-48.96,0,4,7512.5,7479.75,32.75
p0_st5_20_bearish_sr350_lr750_buf0_tg1030,"P0 st5_20_bearish, short $350, switch long $750, buffer 0, guard 10:30",NASDAQ_ORB_15m_p0_short_switch_tp2r_p0_st5_20_bearish_sr350_lr750_buf0_tg1030_2019-06-13,2019-06-13,15,2.0,2.0,st5_20_bearish,350.0,750.0,0,10:30,LONG,False,1,2019-06-13 13:46:00+00:00,2019-06-13 13:47:00+00:00,2019-06-13 19:00:00+00:00,TIME_EXIT,LONG,-365.68,0.0,0.0,-365.68,-365.68,0,7,7528.75,7496.75,32.0
p0_st5_20_bearish_sr350_lr750_buf0_tg1030,"P0 st5_20_bearish, short $350, switch long $750, buffer 0, guard 10:30",NASDAQ_ORB_15m_p0_short_switch_tp2r_p0_st5_20_bearish_sr350_lr750_buf0_tg1030_2019-06-14,2019-06-14,15,2.0,2.0,st5_20_bearish,350.0,750.0,0,10:30,LONG,False,1,2019-06-14 14:51:00+00:00,2019-06-14 14:52:00+00:00,2019-06-14 19:00:00+00:00,TIME_EXIT,LONG,334.32,0.0,0.0,334.32,334.32,1,7,7506.75,7456.25,50.5
p0_st5_20_bearish_sr350_lr750_buf0_tg1030,"P0 st5_20_bearish, short $350, switch long $750, buffer 0, guard 10:30",NASDAQ_ORB_15m_p0_short_switch_tp2r_p0_st5_20_bearish_sr350_lr750_buf0_tg1030_2019-06-17,2019-06-17,15,2.0,2.0,st5_20_bearish,350.0,750.0,0,10:30,LONG,False,1,2019-06-17 13:49:00+00:00,2019-06-17 13:50:00+00:00,2019-06-17 19:00:00+00:00,TIME_EXIT,LONG,10.56,0.0,0.0,10.56,10.56,1,6,7553.5,7517.75,35.75
p0_st5_20_bearish_sr350_lr750_buf0_tg1030,"P0 st5_20_bearish, short $350, switch long $750, buffer 0, guard 10:30",NASDAQ_ORB_15m_p0_short_switch_tp2r_p0_st5_20_bearish_sr350_lr750_buf0_tg1030_2019-06-18,2019-06-18,15,2.0,2.0,st5_20_bearish,350.0,750.0,0,10:30,LONG,False,1,2019-06-18 13:49:00+00:00,2019-06-18 13:50:00+00:00,2019-06-18 19:00:00+00:00,TIME_EXIT,LONG,-153.72,0.0,0.0,-153.72,-153.72,0,3,7700.5,7625.25,75.25
p0_st5_20_bearish_sr350_lr750_buf0_tg1030,"P0 st5_20_bearish, short $350, switch long $750, buffer 0, guard 10:30",NASDAQ_ORB_15m_p0_short_switch_tp2r_p0_st5_20_bearish_sr350_lr750_buf0_tg1030_2019-06-19,2019-06-19,15,2.0,2.0,st5_20_bearish,350.0,750.0,0,10:30,LONG,False,1,2019-06-19 18:02:00+00:00,2019-06-19 18:03:00+00:00,2019-06-19 19:00:00+00:00,TIME_EXIT,LONG,-133.7,0.0,0.0,-133.7,-133.7,0,5,7685.25,7638.75,46.5
p0_st5_20_bearish_sr350_lr750_buf0_tg1030,"P0 st5_20_bearish, short $350, switch long $750, buffer 0, guard 10:30",NASDAQ_ORB_15m_p0_short_switch_tp2r_p0_st5_20_bearish_sr350_lr750_buf0_tg1030_2019-06-20,2019-06-20,15,2.0,2.0,st5_20_bearish,350.0,750.0,0,10:30,SHORT,False,1,2019-06-20 14:20:00+00:00,2019-06-20 14:21:00+00:00,2019-06-20 16:19:00+00:00,TP_2R,SHORT,0.0,591.3000000000001,0.0,591.3000000000001,591.3000000000001,1,5,7802.25,7774.5,27.75
p0_st5_20_bearish_sr350_lr750_buf0_tg1030,"P0 st5_20_bearish, short $350, switch long $750, buffer 0, guard 10:30",NASDAQ_ORB_15m_p0_short_switch_tp2r_p0_st5_20_bearish_sr350_lr750_buf0_tg1030_2019-06-21,2019-06-21,15,2.0,2.0,st5_20_bearish,350.0,750.0,0,10:30,LONG,False,1,2019-06-21 13:57:00+00:00,2019-06-21 13:58:00+00:00,2019-06-21 15:09:00+00:00,TP_2R,LONG,948.86,0.0,0.0,948.86,948.86,1,11,7757.75,7736.75,21.0
p0_st5_20_bearish_sr350_lr750_buf0_tg1030,"P0 st5_20_bearish, short $350, switch long $750, buffer 0, guard 10:30",NASDAQ_ORB_15m_p0_short_switch_tp2r_p0_st5_20_bearish_sr350_lr750_buf0_tg1030_2019-06-24,2019-06-24,15,2.0,2.0,st5_20_bearish,350.0,750.0,0,10:30,SHORT,False,1,2019-06-24 13:49:00+00:00,2019-06-24 13:50:00+00:00,2019-06-24 19:00:00+00:00,TIME_EXIT,SHORT,0.0,-38.160000000000004,0.0,-38.160000000000004,-38.160000000000004,0,9,7777.0,7762.0,15.0
p0_st5_20_bearish_sr350_lr750_buf0_tg1030,"P0 st5_20_bearish, short $350, switch long $750, buffer 0, guard 10:30",NASDAQ_ORB_15m_p0_short_switch_tp2r_p0_st5_20_bearish_sr350_lr750_buf0_tg1030_2019-06-25,2019-06-25,15,2.0,2.0,st5_20_bearish,350.0,750.0,0,10:30,SHORT,False,1,2019-06-25 13:49:00+00:00,2019-06-25 13:50:00+00:00,2019-06-25 17:02:00+00:00,TP_2R,SHORT,0.0,577.04,0.0,577.04,577.04,1,4,7753.0,7723.25,29.75
p0_st5_20_bearish_sr350_lr750_buf0_tg1030,"P0 st5_20_bearish, short $350, switch long $750, buffer 0, guard 10:30",NASDAQ_ORB_15m_p0_short_switch_tp2r_p0_st5_20_bearish_sr350_lr750_buf0_tg1030_2019-06-27,2019-06-27,15,2.0,2.0,st5_20_bearish,350.0,750.0,0,10:30,LONG,False,1,2019-06-27 13:57:00+00:00,2019-06-27 13:58:00+00:00,2019-06-27 19:00:00+00:00,TIME_EXIT,LONG,-222.66,0.0,0.0,-222.66,-222.66,0,9,7698.5,7674.25,24.25
p0_st5_20_bearish_sr350_lr750_buf0_tg1030,"P0 st5_20_bearish, short $350, switch long $750, buffer 0, guard 10:30",NASDAQ_ORB_15m_p0_short_switch_tp2r_p0_st5_20_bearish_sr350_lr750_buf0_tg1030_2019-06-28,2019-06-28,15,2.0,2.0,st5_20_bearish,350.0,750.0,0,10:30,SHORT,False,1,2019-06-28 13:49:00+00:00,2019-06-28 13:50:00+00:00,2019-06-28 19:00:00+00:00,TIME_EXIT,SHORT,0.0,-12.96,0.0,-12.96,-12.96,0,4,7710.25,7681.5,28.75
p0_st5_20_bearish_sr350_lr750_buf0_tg1030,"P0 st5_20_bearish, short $350, switch long $750, buffer 0, guard 10:30",NASDAQ_ORB_15m_p0_short_switch_tp2r_p0_st5_20_bearish_sr350_lr750_buf0_tg1030_2019-07-01,2019-07-01,15,2.0,2.0,st5_20_bearish,350.0,750.0,0,10:30,SHORT,False,1,2019-07-01 13:50:00+00:00,2019-07-01 13:51:00+00:00,2019-07-01 18:29:00+00:00,TP_2R,SHORT,0.0,576.3000000000001,0.0,576.3000000000001,576.3000000000001,1,5,7850.25,7830.5,19.75
p0_st5_20_bearish_sr350_lr750_buf0_tg1030,"P0 st5_20_bearish, short $350, switch long $750, buffer 0, guard 10:30",NASDAQ_ORB_15m_p0_short_switch_tp2r_p0_st5_20_bearish_sr350_lr750_buf0_tg1030_2019-07-02,2019-07-02,15,2.0,2.0,st5_20_bearish,350.0,750.0,0,10:30,LONG,False,1,2019-07-02 14:30:00+00:00,2019-07-02 14:31:00+00:00,2019-07-02 19:00:00+00:00,TIME_EXIT,LONG,-46.64,0.0,0.0,-46.64,-46.64,0,11,7797.25,7777.5,19.75
p0_st5_20_bearish_sr350_lr750_buf0_tg1030,"P0 st5_20_bearish, short $350, switch long $750, buffer 0, guard 10:30",NASDAQ_ORB_15m_p0_short_switch_tp2r_p0_st5_20_bearish_sr350_lr750_buf0_tg1030_2019-07-03,2019-07-03,15,2.0,2.0,st5_20_bearish,350.0,750.0,0,10:30,LONG,False,1,2019-07-03 13:46:00+00:00,2019-07-03 13:47:00+00:00,2019-07-03 16:42:00+00:00,TP_2R,LONG,956.42,0.0,0.0,956.42,956.42,1,17,7849.0,7835.25,13.75
p0_st5_20_bearish_sr350_lr750_buf0_tg1030,"P0 st5_20_bearish, short $350, switch long $750, buffer 0, guard 10:30",NASDAQ_ORB_15m_p0_short_switch_tp2r_p0_st5_20_bearish_sr350_lr750_buf0_tg1030_2019-07-05,2019-07-05,15,2.0,2.0,st5_20_bearish,350.0,750.0,0,10:30,SHORT,True,2,2019-07-05 13:56:00+00:00,2019-07-05 13:57:00+00:00,2019-07-05 18:54:00+00:00,SWITCH_TO_LONG+TP_2R,SHORT,1345.2,-357.66,1345.2,987.54,987.54,1,29,7841.25,7824.5,16.75
p0_st5_20_bearish_sr350_lr750_buf0_tg1030,"P0 st5_20_bearish, short $350, switch long $750, buffer 0, guard 10:30",NASDAQ_ORB_15m_p0_short_switch_tp2r_p0_st5_20_bearish_sr350_lr750_buf0_tg1030_2019-07-08,2019-07-08,15,2.0,2.0,st5_20_bearish,350.0,750.0,0,10:30,SHORT,False,1,2019-07-08 13:48:00+00:00,2019-07-08 13:49:00+00:00,2019-07-08 19:00:00+00:00,TIME_EXIT,SHORT,0.0,-208.96,0.0,-208.96,-208.96,0,4,7818.0,7780.75,37.25
p0_st5_20_bearish_sr350_lr750_buf0_tg1030,"P0 st5_20_bearish, short $350, switch long $750, buffer 0, guard 10:30",NASDAQ_ORB_15m_p0_short_switch_tp2r_p0_st5_20_bearish_sr350_lr750_buf0_tg1030_2019-07-09,2019-07-09,15,2.0,2.0,st5_20_bearish,350.0,750.0,0,10:30,LONG,False,1,2019-07-09 14:01:00+00:00,2019-07-09 14:02:00+00:00,2019-07-09 19:00:00+00:00,TIME_EXIT,LONG,496.56000000000006,0.0,0.0,496.56000000000006,496.56000000000006,1,6,7799.5,7765.75,33.75
p0_st5_20_bearish_sr350_lr750_buf0_tg1030,"P0 st5_20_bearish, short $350, switch long $750, buffer 0, guard 10:30",NASDAQ_ORB_15m_p0_short_switch_tp2r_p0_st5_20_bearish_sr350_lr750_buf0_tg1030_2019-07-10,2019-07-10,15,2.0,2.0,st5_20_bearish,350.0,750.0,0,10:30,LONG,False,1,2019-07-10 13:49:00+00:00,2019-07-10 13:50:00+00:00,2019-07-10 19:00:00+00:00,TIME_EXIT,LONG,-218.96,0.0,0.0,-218.96,-218.96,0,4,7931.0,7887.5,43.5
p0_st5_20_bearish_sr350_lr750_buf0_tg1030,"P0 st5_20_bearish, short $350, switch long $750, buffer 0, guard 10:30",NASDAQ_ORB_15m_p0_short_switch_tp2r_p0_st5_20_bearish_sr350_lr750_buf0_tg1030_2019-07-11,2019-07-11,15,2.0,2.0,st5_20_bearish,350.0,750.0,0,10:30,LONG,False,1,2019-07-11 14:01:00+00:00,2019-07-11 14:02:00+00:00,2019-07-11 19:00:00+00:00,TIME_EXIT,LONG,-902.8799999999999,0.0,0.0,-902.8799999999999,-902.8799999999999,0,12,7949.5,7930.0,19.5
p0_st5_20_bearish_sr350_lr750_buf0_tg1030,"P0 st5_20_bearish, short $350, switch long $750, buffer 0, guard 10:30",NASDAQ_ORB_15m_p0_short_switch_tp2r_p0_st5_20_bearish_sr350_lr750_buf0_tg1030_2019-07-12,2019-07-12,15,2.0,2.0,st5_20_bearish,350.0,750.0,0,10:30,LONG,False,1,2019-07-12 13:46:00+00:00,2019-07-12 13:47:00+00:00,2019-07-12 19:00:00+00:00,TIME_EXIT,LONG,267.12,0.0,0.0,267.12,267.12,1,12,7942.5,7924.75,17.75
p0_st5_20_bearish_sr350_lr750_buf0_tg1030,"P0 st5_20_bearish, short $350, switch long $750, buffer 0, guard 10:30",NASDAQ_ORB_15m_p0_short_switch_tp2r_p0_st5_20_bearish_sr350_lr750_buf0_tg1030_2019-07-15,2019-07-15,15,2.0,2.0,st5_20_bearish,350.0,750.0,0,10:30,SHORT,False,1,2019-07-15 13:47:00+00:00,2019-07-15 13:48:00+00:00,2019-07-15 19:00:00+00:00,TIME_EXIT,SHORT,0.0,-330.66,0.0,-330.66,-330.66,0,9,7984.5,7967.0,17.5
p0_st5_20_bearish_sr350_lr750_buf0_tg1030,"P0 st5_20_bearish, short $350, switch long $750, buffer 0, guard 10:30",NASDAQ_ORB_15m_p0_short_switch_tp2r_p0_st5_20_bearish_sr350_lr750_buf0_tg1030_2019-07-16,2019-07-16,15,2.0,2.0,st5_20_bearish,350.0,750.0,0,10:30,LONG,False,1,2019-07-16 13:46:00+00:00,2019-07-16 13:47:00+00:00,2019-07-16 19:00:00+00:00,TIME_EXIT,LONG,-1354.32,0.0,0.0,-1354.32,-1354.32,0,18,7984.5,7971.75,12.75
p0_st5_20_bearish_sr350_lr750_buf0_tg1030,"P0 st5_20_bearish, short $350, switch long $750, buffer 0, guard 10:30",NASDAQ_ORB_15m_p0_short_switch_tp2r_p0_st5_20_bearish_sr350_lr750_buf0_tg1030_2019-07-18,2019-07-18,15,2.0,2.0,st5_20_bearish,350.0,750.0,0,10:30,LONG,False,1,2019-07-18 14:22:00+00:00,2019-07-18 14:23:00+00:00,2019-07-18 19:00:00+00:00,TIME_EXIT,LONG,151.3,0.0,0.0,151.3,151.3,1,5,7901.75,7863.75,38.0
p0_st5_20_bearish_sr350_lr750_buf0_tg1030,"P0 st5_20_bearish, short $350, switch long $750, buffer 0, guard 10:30",NASDAQ_ORB_15m_p0_short_switch_tp2r_p0_st5_20_bearish_sr350_lr750_buf0_tg1030_2019-07-19,2019-07-19,15,2.0,2.0,st5_20_bearish,350.0,750.0,0,10:30,SHORT,False,1,2019-07-19 13:52:00+00:00,2019-07-19 13:53:00+00:00,2019-07-19 18:16:00+00:00,TP_2R,SHORT,0.0,625.5600000000001,0.0,625.5600000000001,625.5600000000001,1,6,7974.75,7949.25,25.5
p0_st5_20_bearish_sr350_lr750_buf0_tg1030,"P0 st5_20_bearish, short $350, switch long $750, buffer 0, guard 10:30",NASDAQ_ORB_15m_p0_short_switch_tp2r_p0_st5_20_bearish_sr350_lr750_buf0_tg1030_2019-07-22,2019-07-22,15,2.0,2.0,st5_20_bearish,350.0,750.0,0,10:30,LONG,False,1,2019-07-22 13:48:00+00:00,2019-07-22 13:49:00+00:00,2019-07-22 19:00:00+00:00,TIME_EXIT,LONG,308.34,0.0,0.0,308.34,308.34,1,9,7900.5,7875.5,25.0
p0_st5_20_bearish_sr350_lr750_buf0_tg1030,"P0 st5_20_bearish, short $350, switch long $750, buffer 0, guard 10:30",NASDAQ_ORB_15m_p0_short_switch_tp2r_p0_st5_20_bearish_sr350_lr750_buf0_tg1030_2019-07-23,2019-07-23,15,2.0,2.0,st5_20_bearish,350.0,750.0,0,10:30,SHORT,False,1,2019-07-23 13:47:00+00:00,2019-07-23 13:48:00+00:00,2019-07-23 19:00:00+00:00,TIME_EXIT,SHORT,0.0,-306.18,0.0,-306.18,-306.18,0,7,7962.5,7940.0,22.5
p0_st5_20_bearish_sr350_lr750_buf0_tg1030,"P0 st5_20_bearish, short $350, switch long $750, buffer 0, guard 10:30",NASDAQ_ORB_15m_p0_short_switch_tp2r_p0_st5_20_bearish_sr350_lr750_buf0_tg1030_2019-07-24,2019-07-24,15,2.0,2.0,st5_20_bearish,350.0,750.0,0,10:30,LONG,False,1,2019-07-24 13:47:00+00:00,2019-07-24 13:48:00+00:00,2019-07-24 19:00:00+00:00,TIME_EXIT,LONG,530.32,0.0,0.0,530.32,530.32,1,7,7967.5,7938.5,29.0
p0_st5_20_bearish_sr350_lr750_buf0_tg1030,"P0 st5_20_bearish, short $350, switch long $750, buffer 0, guard 10:30",NASDAQ_ORB_15m_p0_short_switch_tp2r_p0_st5_20_bearish_sr350_lr750_buf0_tg1030_2019-07-25,2019-07-25,15,2.0,2.0,st5_20_bearish,350.0,750.0,0,10:30,SHORT,False,1,2019-07-25 13:48:00+00:00,2019-07-25 13:49:00+00:00,2019-07-25 19:00:00+00:00,TIME_EXIT,SHORT,0.0,63.04,0.0,63.04,63.04,1,4,7998.75,7962.25,36.5
p0_st5_20_bearish_sr350_lr750_buf0_tg1030,"P0 st5_20_bearish, short $350, switch long $750, buffer 0, guard 10:30",NASDAQ_ORB_15m_p0_short_switch_tp2r_p0_st5_20_bearish_sr350_lr750_buf0_tg1030_2019-07-26,2019-07-26,15,2.0,2.0,st5_20_bearish,350.0,750.0,0,10:30,LONG,False,1,2019-07-26 18:58:00+00:00,2019-07-26 18:59:00+00:00,2019-07-26 19:00:00+00:00,TIME_EXIT,LONG,-10.44,0.0,0.0,-10.44,-10.44,0,6,8034.5,7994.5,40.0
p0_st5_20_bearish_sr350_lr750_buf0_tg1030,"P0 st5_20_bearish, short $350, switch long $750, buffer 0, guard 10:30",NASDAQ_ORB_15m_p0_short_switch_tp2r_p0_st5_20_bearish_sr350_lr750_buf0_tg1030_2019-07-29,2019-07-29,15,2.0,2.0,st5_20_bearish,350.0,750.0,0,10:30,SHORT,False,1,2019-07-29 13:52:00+00:00,2019-07-29 13:53:00+00:00,2019-07-29 19:00:00+00:00,TIME_EXIT,SHORT,0.0,-162.96,0.0,-162.96,-162.96,0,4,8024.5,7985.75,38.75
p0_st5_20_bearish_sr350_lr750_buf0_tg1030,"P0 st5_20_bearish, short $350, switch long $750, buffer 0, guard 10:30",NASDAQ_ORB_15m_p0_short_switch_tp2r_p0_st5_20_bearish_sr350_lr750_buf0_tg1030_2019-07-30,2019-07-30,15,2.0,2.0,st5_20_bearish,350.0,750.0,0,10:30,LONG,False,1,2019-07-30 14:02:00+00:00,2019-07-30 14:03:00+00:00,2019-07-30 19:00:00+00:00,TIME_EXIT,LONG,3.8,0.0,0.0,3.8,3.8,1,5,7969.0,7933.5,35.5
p0_st5_20_bearish_sr350_lr750_buf0_tg1030,"P0 st5_20_bearish, short $350, switch long $750, buffer 0, guard 10:30",NASDAQ_ORB_15m_p0_short_switch_tp2r_p0_st5_20_bearish_sr350_lr750_buf0_tg1030_2019-07-31,2019-07-31,15,2.0,2.0,st5_20_bearish,350.0,750.0,0,10:30,LONG,False,1,2019-07-31 14:11:00+00:00,2019-07-31 14:12:00+00:00,2019-07-31 19:00:00+00:00,TIME_EXIT,LONG,-2487.4,0.0,0.0,-2487.4,-2487.4,0,10,7989.0,7967.0,22.0
p0_st5_20_bearish_sr350_lr750_buf0_tg1030,"P0 st5_20_bearish, short $350, switch long $750, buffer 0, guard 10:30",NASDAQ_ORB_15m_p0_short_switch_tp2r_p0_st5_20_bearish_sr350_lr750_buf0_tg1030_2019-08-01,2019-08-01,15,2.0,2.0,st5_20_bearish,350.0,750.0,0,10:30,LONG,False,1,2019-08-01 13:49:00+00:00,2019-08-01 13:50:00+00:00,2019-08-01 19:00:00+00:00,TIME_EXIT,LONG,-870.96,0.0,0.0,-870.96,-870.96,0,4,7927.25,7867.5,59.75
p0_st5_20_bearish_sr350_lr750_buf0_tg1030,"P0 st5_20_bearish, short $350, switch long $750, buffer 0, guard 10:30",NASDAQ_ORB_15m_p0_short_switch_tp2r_p0_st5_20_bearish_sr350_lr750_buf0_tg1030_2019-08-02,2019-08-02,15,2.0,2.0,st5_20_bearish,350.0,750.0,0,10:30,SHORT,False,1,2019-08-02 14:05:00+00:00,2019-08-02 14:06:00+00:00,2019-08-02 19:00:00+00:00,TIME_EXIT,SHORT,0.0,206.28000000000003,0.0,206.28000000000003,206.28000000000003,1,3,7766.0,7725.5,40.5
p0_st5_20_bearish_sr350_lr750_buf0_tg1030,"P0 st5_20_bearish, short $350, switch long $750, buffer 0, guard 10:30",NASDAQ_ORB_15m_p0_short_switch_tp2r_p0_st5_20_bearish_sr350_lr750_buf0_tg1030_2019-08-05,2019-08-05,15,2.0,2.0,st5_20_bearish,350.0,750.0,0,10:30,SHORT,False,1,2019-08-05 13:50:00+00:00,2019-08-05 13:51:00+00:00,2019-08-05 18:32:00+00:00,TP_2R,SHORT,0.0,597.78,0.0,597.78,597.78,1,3,7540.75,7491.75,49.0
p0_st5_20_bearish_sr350_lr750_buf0_tg1030,"P0 st5_20_bearish, short $350, switch long $750, buffer 0, guard 10:30",NASDAQ_ORB_15m_p0_short_switch_tp2r_p0_st5_20_bearish_sr350_lr750_buf0_tg1030_2019-08-06,2019-08-06,15,2.0,2.0,st5_20_bearish,350.0,750.0,0,10:30,LONG,False,1,2019-08-06 14:04:00+00:00,2019-08-06 14:05:00+00:00,2019-08-06 19:00:00+00:00,TIME_EXIT,LONG,-118.44,0.0,0.0,-118.44,-118.44,0,6,7528.5,7489.75,38.75
p0_st5_20_bearish_sr350_lr750_buf0_tg1030,"P0 st5_20_bearish, short $350, switch long $750, buffer 0, guard 10:30",NASDAQ_ORB_15m_p0_short_switch_tp2r_p0_st5_20_bearish_sr350_lr750_buf0_tg1030_2019-08-07,2019-08-07,15,2.0,2.0,st5_20_bearish,350.0,750.0,0,10:30,SHORT,True,2,2019-08-07 13:46:00+00:00,2019-08-07 13:47:00+00:00,2019-08-07 19:00:00+00:00,SWITCH_TO_LONG+TP_2R,SHORT,1338.82,-268.48,1338.82,1070.34,1070.34,1,9,7463.25,7417.5,45.75
p0_st5_20_bearish_sr350_lr750_buf0_tg1030,"P0 st5_20_bearish, short $350, switch long $750, buffer 0, guard 10:30",NASDAQ_ORB_15m_p0_short_switch_tp2r_p0_st5_20_bearish_sr350_lr750_buf0_tg1030_2019-08-08,2019-08-08,15,2.0,2.0,st5_20_bearish,350.0,750.0,0,10:30,LONG,False,1,2019-08-08 13:57:00+00:00,2019-08-08 13:58:00+00:00,2019-08-08 16:27:00+00:00,TP_2R,LONG,883.56,0.0,0.0,883.56,883.56,1,6,7617.25,7583.5,33.75
p0_st5_20_bearish_sr350_lr750_buf0_tg1030,"P0 st5_20_bearish, short $350, switch long $750, buffer 0, guard 10:30",NASDAQ_ORB_15m_p0_short_switch_tp2r_p0_st5_20_bearish_sr350_lr750_buf0_tg1030_2019-08-09,2019-08-09,15,2.0,2.0,st5_20_bearish,350.0,750.0,0,10:30,SHORT,False,1,2019-08-09 13:50:00+00:00,2019-08-09 13:51:00+00:00,2019-08-09 19:00:00+00:00,TIME_EXIT,SHORT,0.0,93.04,0.0,93.04,93.04,1,4,7720.0,7690.25,29.75
p0_st5_20_bearish_sr350_lr750_buf0_tg1030,"P0 st5_20_bearish, short $350, switch long $750, buffer 0, guard 10:30",NASDAQ_ORB_15m_p0_short_switch_tp2r_p0_st5_20_bearish_sr350_lr750_buf0_tg1030_2019-08-12,2019-08-12,15,2.0,2.0,st5_20_bearish,350.0,750.0,0,10:30,LONG,False,1,2019-08-12 16:32:00+00:00,2019-08-12 16:33:00+00:00,2019-08-12 19:00:00+00:00,TIME_EXIT,LONG,-710.96,0.0,0.0,-710.96,-710.96,0,4,7628.75,7581.0,47.75
p0_st5_20_bearish_sr350_lr750_buf0_tg1030,"P0 st5_20_bearish, short $350, switch long $750, buffer 0, guard 10:30",NASDAQ_ORB_15m_p0_short_switch_tp2r_p0_st5_20_bearish_sr350_lr750_buf0_tg1030_2019-08-13,2019-08-13,15,2.0,2.0,st5_20_bearish,350.0,750.0,0,10:30,LONG,False,1,2019-08-13 13:46:00+00:00,2019-08-13 13:47:00+00:00,2019-08-13 19:00:00+00:00,TIME_EXIT,LONG,376.52,0.0,0.0,376.52,376.52,1,2,7631.0,7555.25,75.75
p0_st5_20_bearish_sr350_lr750_buf0_tg1030,"P0 st5_20_bearish, short $350, switch long $750, buffer 0, guard 10:30",NASDAQ_ORB_15m_p0_short_switch_tp2r_p0_st5_20_bearish_sr350_lr750_buf0_tg1030_2019-08-14,2019-08-14,15,2.0,2.0,st5_20_bearish,350.0,750.0,0,10:30,SHORT,False,1,2019-08-14 13:46:00+00:00,2019-08-14 13:47:00+00:00,2019-08-14 16:03:00+00:00,TP_2R,SHORT,0.0,669.04,0.0,669.04,669.04,1,4,7634.25,7596.75,37.5
p0_st5_20_bearish_sr350_lr750_buf0_tg1030,"P0 st5_20_bearish, short $350, switch long $750, buffer 0, guard 10:30",NASDAQ_ORB_15m_p0_short_switch_tp2r_p0_st5_20_bearish_sr350_lr750_buf0_tg1030_2019-08-16,2019-08-16,15,2.0,2.0,st5_20_bearish,350.0,750.0,0,10:30,LONG,False,1,2019-08-16 14:21:00+00:00,2019-08-16 14:22:00+00:00,2019-08-16 19:00:00+00:00,TIME_EXIT,LONG,426.08,0.0,0.0,426.08,426.08,1,8,7582.75,7556.0,26.75
p0_st5_20_bearish_sr350_lr750_buf0_tg1030,"P0 st5_20_bearish, short $350, switch long $750, buffer 0, guard 10:30",NASDAQ_ORB_15m_p0_short_switch_tp2r_p0_st5_20_bearish_sr350_lr750_buf0_tg1030_2019-08-19,2019-08-19,15,2.0,2.0,st5_20_bearish,350.0,750.0,0,10:30,SHORT,True,2,2019-08-19 14:10:00+00:00,2019-08-19 14:11:00+00:00,2019-08-19 19:00:00+00:00,SWITCH_TO_LONG+TIME_EXIT,SHORT,-362.88,-304.96,-362.88,-667.8399999999999,-667.8399999999999,0,16,7745.0,7717.0,28.0
p0_st5_20_bearish_sr350_lr750_buf0_tg1030,"P0 st5_20_bearish, short $350, switch long $750, buffer 0, guard 10:30",NASDAQ_ORB_15m_p0_short_switch_tp2r_p0_st5_20_bearish_sr350_lr750_buf0_tg1030_2019-08-20,2019-08-20,15,2.0,2.0,st5_20_bearish,350.0,750.0,0,10:30,SHORT,True,2,2019-08-20 13:52:00+00:00,2019-08-20 13:53:00+00:00,2019-08-20 19:00:00+00:00,SWITCH_TO_LONG+TIME_EXIT,SHORT,-533.16,-332.96,-533.16,-866.1199999999999,-866.1199999999999,0,13,7721.75,7685.0,36.75
p0_st5_20_bearish_sr350_lr750_buf0_tg1030,"P0 st5_20_bearish, short $350, switch long $750, buffer 0, guard 10:30",NASDAQ_ORB_15m_p0_short_switch_tp2r_p0_st5_20_bearish_sr350_lr750_buf0_tg1030_2019-08-22,2019-08-22,15,2.0,2.0,st5_20_bearish,350.0,750.0,0,10:30,SHORT,False,1,2019-08-22 14:15:00+00:00,2019-08-22 14:16:00+00:00,2019-08-22 14:37:00+00:00,TP_2R,SHORT,0.0,621.04,0.0,621.04,621.04,1,4,7773.5,7751.25,22.25
p0_st5_20_bearish_sr350_lr750_buf0_tg1030,"P0 st5_20_bearish, short $350, switch long $750, buffer 0, guard 10:30",NASDAQ_ORB_15m_p0_short_switch_tp2r_p0_st5_20_bearish_sr350_lr750_buf0_tg1030_2019-08-23,2019-08-23,15,2.0,2.0,st5_20_bearish,350.0,750.0,0,10:30,SHORT,True,2,2019-08-23 13:48:00+00:00,2019-08-23 13:49:00+00:00,2019-08-23 19:00:00+00:00,SWITCH_TO_LONG+TIME_EXIT,SHORT,-5021.12,-537.66,-5021.12,-5558.78,-5558.78,0,22,7674.5,7656.25,18.25
p0_st5_20_bearish_sr350_lr750_buf0_tg1030,"P0 st5_20_bearish, short $350, switch long $750, buffer 0, guard 10:30",NASDAQ_ORB_15m_p0_short_switch_tp2r_p0_st5_20_bearish_sr350_lr750_buf0_tg1030_2019-08-26,2019-08-26,15,2.0,2.0,st5_20_bearish,350.0,750.0,0,10:30,SHORT,True,2,2019-08-26 13:48:00+00:00,2019-08-26 13:49:00+00:00,2019-08-26 19:00:00+00:00,SWITCH_TO_LONG+TIME_EXIT,SHORT,-357.92,-394.96,-357.92,-752.88,-752.88,0,12,7566.25,7533.5,32.75
p0_st5_20_bearish_sr350_lr750_buf0_tg1030,"P0 st5_20_bearish, short $350, switch long $750, buffer 0, guard 10:30",NASDAQ_ORB_15m_p0_short_switch_tp2r_p0_st5_20_bearish_sr350_lr750_buf0_tg1030_2019-08-27,2019-08-27,15,2.0,2.0,st5_20_bearish,350.0,750.0,0,10:30,LONG,False,1,2019-08-27 13:49:00+00:00,2019-08-27 13:50:00+00:00,2019-08-27 19:00:00+00:00,TIME_EXIT,LONG,-937.92,0.0,0.0,-937.92,-937.92,0,8,7642.0,7618.0,24.0
p0_st5_20_bearish_sr350_lr750_buf0_tg1030,"P0 st5_20_bearish, short $350, switch long $750, buffer 0, guard 10:30",NASDAQ_ORB_15m_p0_short_switch_tp2r_p0_st5_20_bearish_sr350_lr750_buf0_tg1030_2019-08-28,2019-08-28,15,2.0,2.0,st5_20_bearish,350.0,750.0,0,10:30,LONG,False,1,2019-08-28 13:57:00+00:00,2019-08-28 13:58:00+00:00,2019-08-28 19:00:00+00:00,TIME_EXIT,LONG,311.04,0.0,0.0,311.04,311.04,1,4,7553.5,7503.75,49.75
p0_st5_20_bearish_sr350_lr750_buf0_tg1030,"P0 st5_20_bearish, short $350, switch long $750, buffer 0, guard 10:30",NASDAQ_ORB_15m_p0_short_switch_tp2r_p0_st5_20_bearish_sr350_lr750_buf0_tg1030_2019-08-29,2019-08-29,15,2.0,2.0,st5_20_bearish,350.0,750.0,0,10:30,LONG,False,1,2019-08-29 13:47:00+00:00,2019-08-29 13:48:00+00:00,2019-08-29 19:00:00+00:00,TIME_EXIT,LONG,-113.67999999999999,0.0,0.0,-113.67999999999999,-113.67999999999999,0,7,7717.25,7683.5,33.75
p0_st5_20_bearish_sr350_lr750_buf0_tg1030,"P0 st5_20_bearish, short $350, switch long $750, buffer 0, guard 10:30",NASDAQ_ORB_15m_p0_short_switch_tp2r_p0_st5_20_bearish_sr350_lr750_buf0_tg1030_2019-08-30,2019-08-30,15,2.0,2.0,st5_20_bearish,350.0,750.0,0,10:30,SHORT,False,1,2019-08-30 13:46:00+00:00,2019-08-30 13:47:00+00:00,2019-08-30 15:03:00+00:00,TP_2R,SHORT,0.0,603.82,0.0,603.82,603.82,1,7,7750.5,7730.25,20.25
p0_st5_20_bearish_sr350_lr750_buf0_tg1030,"P0 st5_20_bearish, short $350, switch long $750, buffer 0, guard 10:30",NASDAQ_ORB_15m_p0_short_switch_tp2r_p0_st5_20_bearish_sr350_lr750_buf0_tg1030_2019-09-02,2019-09-02,15,2.0,2.0,st5_20_bearish,350.0,750.0,0,10:30,LONG,False,1,2019-09-02 14:21:00+00:00,2019-09-02 14:22:00+00:00,2019-09-02 22:02:00+00:00,TIME_EXIT,LONG,-765.92,0.0,0.0,-765.92,-765.92,0,8,7664.75,7640.75,24.0
p0_st5_20_bearish_sr350_lr750_buf0_tg1030,"P0 st5_20_bearish, short $350, switch long $750, buffer 0, guard 10:30",NASDAQ_ORB_15m_p0_short_switch_tp2r_p0_st5_20_bearish_sr350_lr750_buf0_tg1030_2019-09-03,2019-09-03,15,2.0,2.0,st5_20_bearish,350.0,750.0,0,10:30,LONG,False,1,2019-09-03 13:52:00+00:00,2019-09-03 13:53:00+00:00,2019-09-03 19:00:00+00:00,TIME_EXIT,LONG,-736.2,0.0,0.0,-736.2,-736.2,0,5,7669.0,7627.5,41.5
p0_st5_20_bearish_sr350_lr750_buf0_tg1030,"P0 st5_20_bearish, short $350, switch long $750, buffer 0, guard 10:30",NASDAQ_ORB_15m_p0_short_switch_tp2r_p0_st5_20_bearish_sr350_lr750_buf0_tg1030_2019-09-04,2019-09-04,15,2.0,2.0,st5_20_bearish,350.0,750.0,0,10:30,LONG,False,1,2019-09-04 13:46:00+00:00,2019-09-04 13:47:00+00:00,2019-09-04 19:00:00+00:00,TIME_EXIT,LONG,231.12,0.0,0.0,231.12,231.12,1,12,7698.0,7680.5,17.5
p0_st5_20_bearish_sr350_lr750_buf0_tg1030,"P0 st5_20_bearish, short $350, switch long $750, buffer 0, guard 10:30",NASDAQ_ORB_15m_p0_short_switch_tp2r_p0_st5_20_bearish_sr350_lr750_buf0_tg1030_2019-09-05,2019-09-05,15,2.0,2.0,st5_20_bearish,350.0,750.0,0,10:30,LONG,False,1,2019-09-05 13:46:00+00:00,2019-09-05 13:47:00+00:00,2019-09-05 19:00:00+00:00,TIME_EXIT,LONG,450.08,0.0,0.0,450.08,450.08,1,8,7831.25,7804.0,27.25
p0_st5_20_bearish_sr350_lr750_buf0_tg1030,"P0 st5_20_bearish, short $350, switch long $750, buffer 0, guard 10:30",NASDAQ_ORB_15m_p0_short_switch_tp2r_p0_st5_20_bearish_sr350_lr750_buf0_tg1030_2019-09-09,2019-09-09,15,2.0,2.0,st5_20_bearish,350.0,750.0,0,10:30,SHORT,False,1,2019-09-09 13:56:00+00:00,2019-09-09 13:57:00+00:00,2019-09-09 16:37:00+00:00,TP_2R,SHORT,0.0,631.5600000000001,0.0,631.5600000000001,631.5600000000001,1,6,7883.5,7859.0,24.5
p0_st5_20_bearish_sr350_lr750_buf0_tg1030,"P0 st5_20_bearish, short $350, switch long $750, buffer 0, guard 10:30",NASDAQ_ORB_15m_p0_short_switch_tp2r_p0_st5_20_bearish_sr350_lr750_buf0_tg1030_2019-09-10,2019-09-10,15,2.0,2.0,st5_20_bearish,350.0,750.0,0,10:30,SHORT,True,2,2019-09-10 13:55:00+00:00,2019-09-10 13:56:00+00:00,2019-09-10 19:00:00+00:00,SWITCH_TO_LONG+TIME_EXIT,SHORT,-421.43999999999994,-363.71999999999997,-421.43999999999994,-785.1599999999999,-785.1599999999999,0,9,7800.25,7751.5,48.75
p0_st5_20_bearish_sr350_lr750_buf0_tg1030,"P0 st5_20_bearish, short $350, switch long $750, buffer 0, guard 10:30",NASDAQ_ORB_15m_p0_short_switch_tp2r_p0_st5_20_bearish_sr350_lr750_buf0_tg1030_2019-09-11,2019-09-11,15,2.0,2.0,st5_20_bearish,350.0,750.0,0,10:30,LONG,False,1,2019-09-11 13:49:00+00:00,2019-09-11 13:50:00+00:00,2019-09-11 19:00:00+00:00,TIME_EXIT,LONG,211.56,0.0,0.0,211.56,211.56,1,6,7848.25,7811.0,37.25
p0_st5_20_bearish_sr350_lr750_buf0_tg1030,"P0 st5_20_bearish, short $350, switch long $750, buffer 0, guard 10:30",NASDAQ_ORB_15m_p0_short_switch_tp2r_p0_st5_20_bearish_sr350_lr750_buf0_tg1030_2019-09-12,2019-09-12,15,2.0,2.0,st5_20_bearish,350.0,750.0,0,10:30,LONG,False,1,2019-09-12 14:11:00+00:00,2019-09-12 14:12:00+00:00,2019-09-12 19:00:00+00:00,TIME_EXIT,LONG,-188.70000000000002,0.0,0.0,-188.70000000000002,-188.70000000000002,0,5,7957.0,7924.5,32.5
p0_st5_20_bearish_sr350_lr750_buf0_tg1030,"P0 st5_20_bearish, short $350, switch long $750, buffer 0, guard 10:30",NASDAQ_ORB_15m_p0_short_switch_tp2r_p0_st5_20_bearish_sr350_lr750_buf0_tg1030_2019-09-13,2019-09-13,15,2.0,2.0,st5_20_bearish,350.0,750.0,0,10:30,LONG,False,1,2019-09-13 13:51:00+00:00,2019-09-13 13:52:00+00:00,2019-09-13 19:00:00+00:00,TIME_EXIT,LONG,-241.92,0.0,0.0,-241.92,-241.92,0,8,7933.25,7907.5,25.75
p0_st5_20_bearish_sr350_lr750_buf0_tg1030,"P0 st5_20_bearish, short $350, switch long $750, buffer 0, guard 10:30",NASDAQ_ORB_15m_p0_short_switch_tp2r_p0_st5_20_bearish_sr350_lr750_buf0_tg1030_2019-09-16,2019-09-16,15,2.0,2.0,st5_20_bearish,350.0,750.0,0,10:30,LONG,False,1,2019-09-16 13:53:00+00:00,2019-09-16 13:54:00+00:00,2019-09-16 19:00:00+00:00,TIME_EXIT,LONG,-159.17999999999998,0.0,0.0,-159.17999999999998,-159.17999999999998,0,7,7885.5,7855.5,30.0
p0_st5_20_bearish_sr350_lr750_buf0_tg1030,"P0 st5_20_bearish, short $350, switch long $750, buffer 0, guard 10:30",NASDAQ_ORB_15m_p0_short_switch_tp2r_p0_st5_20_bearish_sr350_lr750_buf0_tg1030_2019-09-18,2019-09-18,15,2.0,2.0,st5_20_bearish,350.0,750.0,0,10:30,SHORT,False,1,2019-09-18 13:46:00+00:00,2019-09-18 13:47:00+00:00,2019-09-18 18:03:00+00:00,TP_2R,SHORT,0.0,659.34,0.0,659.34,659.34,1,9,7903.25,7885.75,17.5
p0_st5_20_bearish_sr350_lr750_buf0_tg1030,"P0 st5_20_bearish, short $350, switch long $750, buffer 0, guard 10:30",NASDAQ_ORB_15m_p0_short_switch_tp2r_p0_st5_20_bearish_sr350_lr750_buf0_tg1030_2019-09-19,2019-09-19,15,2.0,2.0,st5_20_bearish,350.0,750.0,0,10:30,LONG,False,1,2019-09-19 14:03:00+00:00,2019-09-19 14:04:00+00:00,2019-09-19 19:00:00+00:00,TIME_EXIT,LONG,-427.43999999999994,0.0,0.0,-427.43999999999994,-427.43999999999994,0,6,7963.5,7924.25,39.25
p0_st5_20_bearish_sr350_lr750_buf0_tg1030,"P0 st5_20_bearish, short $350, switch long $750, buffer 0, guard 10:30",NASDAQ_ORB_15m_p0_short_switch_tp2r_p0_st5_20_bearish_sr350_lr750_buf0_tg1030_2019-09-20,2019-09-20,15,2.0,2.0,st5_20_bearish,350.0,750.0,0,10:30,SHORT,False,1,2019-09-20 14:16:00+00:00,2019-09-20 14:17:00+00:00,2019-09-20 15:43:00+00:00,TP_2R,SHORT,0.0,641.34,0.0,641.34,641.34,1,9,7942.25,7926.5,15.75
p0_st5_20_bearish_sr350_lr750_buf0_tg1030,"P0 st5_20_bearish, short $350, switch long $750, buffer 0, guard 10:30",NASDAQ_ORB_15m_p0_short_switch_tp2r_p0_st5_20_bearish_sr350_lr750_buf0_tg1030_2019-09-23,2019-09-23,15,2.0,2.0,st5_20_bearish,350.0,750.0,0,10:30,LONG,False,1,2019-09-23 13:51:00+00:00,2019-09-23 13:52:00+00:00,2019-09-23 19:00:00+00:00,TIME_EXIT,LONG,110.34,0.0,0.0,110.34,110.34,1,9,7844.0,7818.5,25.5
p0_st5_20_bearish_sr350_lr750_buf0_tg1030,"P0 st5_20_bearish, short $350, switch long $750, buffer 0, guard 10:30",NASDAQ_ORB_15m_p0_short_switch_tp2r_p0_st5_20_bearish_sr350_lr750_buf0_tg1030_2019-09-24,2019-09-24,15,2.0,2.0,st5_20_bearish,350.0,750.0,0,10:30,LONG,False,1,2019-09-24 13:56:00+00:00,2019-09-24 13:57:00+00:00,2019-09-24 19:00:00+00:00,TIME_EXIT,LONG,-2904.66,0.0,0.0,-2904.66,-2904.66,0,9,7888.75,7866.25,22.5
p0_st5_20_bearish_sr350_lr750_buf0_tg1030,"P0 st5_20_bearish, short $350, switch long $750, buffer 0, guard 10:30",NASDAQ_ORB_15m_p0_short_switch_tp2r_p0_st5_20_bearish_sr350_lr750_buf0_tg1030_2019-09-25,2019-09-25,15,2.0,2.0,st5_20_bearish,350.0,750.0,0,10:30,SHORT,True,2,2019-09-25 13:50:00+00:00,2019-09-25 13:51:00+00:00,2019-09-25 18:12:00+00:00,SWITCH_TO_LONG+TP_2R,SHORT,1394.38,-321.2,1394.38,1073.18,1073.18,1,18,7739.5,7714.25,25.25
p0_st5_20_bearish_sr350_lr750_buf0_tg1030,"P0 st5_20_bearish, short $350, switch long $750, buffer 0, guard 10:30",NASDAQ_ORB_15m_p0_short_switch_tp2r_p0_st5_20_bearish_sr350_lr750_buf0_tg1030_2019-09-26,2019-09-26,15,2.0,2.0,st5_20_bearish,350.0,750.0,0,10:30,SHORT,False,1,2019-09-26 13:56:00+00:00,2019-09-26 13:57:00+00:00,2019-09-26 19:00:00+00:00,TIME_EXIT,SHORT,0.0,-96.72,0.0,-96.72,-96.72,0,3,7814.25,7771.75,42.5
p0_st5_20_bearish_sr350_lr750_buf0_tg1030,"P0 st5_20_bearish, short $350, switch long $750, buffer 0, guard 10:30",NASDAQ_ORB_15m_p0_short_switch_tp2r_p0_st5_20_bearish_sr350_lr750_buf0_tg1030_2019-09-27,2019-09-27,15,2.0,2.0,st5_20_bearish,350.0,750.0,0,10:30,SHORT,False,1,2019-09-27 13:47:00+00:00,2019-09-27 13:48:00+00:00,2019-09-27 15:39:00+00:00,TP_2R,SHORT,0.0,621.3000000000001,0.0,621.3000000000001,621.3000000000001,1,5,7812.5,7783.0,29.5
p0_st5_20_bearish_sr350_lr750_buf0_tg1030,"P0 st5_20_bearish, short $350, switch long $750, buffer 0, guard 10:30",NASDAQ_ORB_15m_p0_short_switch_tp2r_p0_st5_20_bearish_sr350_lr750_buf0_tg1030_2019-09-30,2019-09-30,15,2.0,2.0,st5_20_bearish,350.0,750.0,0,10:30,LONG,False,1,2019-09-30 13:51:00+00:00,2019-09-30 13:52:00+00:00,2019-09-30 19:00:00+00:00,TIME_EXIT,LONG,456.84,0.0,0.0,456.84,456.84,1,9,7735.0,7710.25,24.75
p0_st5_20_bearish_sr350_lr750_buf0_tg1030,"P0 st5_20_bearish, short $350, switch long $750, buffer 0, guard 10:30",NASDAQ_ORB_15m_p0_short_switch_tp2r_p0_st5_20_bearish_sr350_lr750_buf0_tg1030_2019-10-01,2019-10-01,15,2.0,2.0,st5_20_bearish,350.0,750.0,0,10:30,LONG,False,1,2019-10-01 13:48:00+00:00,2019-10-01 13:49:00+00:00,2019-10-01 19:00:00+00:00,TIME_EXIT,LONG,-1173.7,0.0,0.0,-1173.7,-1173.7,0,5,7838.0,7794.0,44.0
p0_st5_20_bearish_sr350_lr750_buf0_tg1030,"P0 st5_20_bearish, short $350, switch long $750, buffer 0, guard 10:30",NASDAQ_ORB_15m_p0_short_switch_tp2r_p0_st5_20_bearish_sr350_lr750_buf0_tg1030_2019-10-02,2019-10-02,15,2.0,2.0,st5_20_bearish,350.0,750.0,0,10:30,SHORT,False,1,2019-10-02 13:51:00+00:00,2019-10-02 13:52:00+00:00,2019-10-02 19:00:00+00:00,TIME_EXIT,SHORT,0.0,165.78,0.0,165.78,165.78,1,3,7652.25,7604.5,47.75
p0_st5_20_bearish_sr350_lr750_buf0_tg1030,"P0 st5_20_bearish, short $350, switch long $750, buffer 0, guard 10:30",NASDAQ_ORB_15m_p0_short_switch_tp2r_p0_st5_20_bearish_sr350_lr750_buf0_tg1030_2019-10-03,2019-10-03,15,2.0,2.0,st5_20_bearish,350.0,750.0,0,10:30,SHORT,True,2,2019-10-03 14:05:00+00:00,2019-10-03 14:06:00+00:00,2019-10-03 19:00:00+00:00,SWITCH_TO_LONG+TIME_EXIT,SHORT,893.34,-358.48,893.34,534.86,534.86,1,11,7586.0,7549.0,37.0
p0_st5_20_bearish_sr350_lr750_buf0_tg1030,"P0 st5_20_bearish, short $350, switch long $750, buffer 0, guard 10:30",NASDAQ_ORB_15m_p0_short_switch_tp2r_p0_st5_20_bearish_sr350_lr750_buf0_tg1030_2019-10-04,2019-10-04,15,2.0,2.0,st5_20_bearish,350.0,750.0,0,10:30,LONG,False,1,2019-10-04 13:59:00+00:00,2019-10-04 14:00:00+00:00,2019-10-04 19:00:00+00:00,TIME_EXIT,LONG,533.82,0.0,0.0,533.82,533.82,1,7,7712.5,7682.25,30.25
p0_st5_20_bearish_sr350_lr750_buf0_tg1030,"P0 st5_20_bearish, short $350, switch long $750, buffer 0, guard 10:30",NASDAQ_ORB_15m_p0_short_switch_tp2r_p0_st5_20_bearish_sr350_lr750_buf0_tg1030_2019-10-07,2019-10-07,15,2.0,2.0,st5_20_bearish,350.0,750.0,0,10:30,SHORT,True,2,2019-10-07 13:48:00+00:00,2019-10-07 13:49:00+00:00,2019-10-07 19:00:00+00:00,SWITCH_TO_LONG+TIME_EXIT,SHORT,-122.88,-328.7,-122.88,-451.58,-451.58,0,17,7756.75,7727.75,29.0
p0_st5_20_bearish_sr350_lr750_buf0_tg1030,"P0 st5_20_bearish, short $350, switch long $750, buffer 0, guard 10:30",NASDAQ_ORB_15m_p0_short_switch_tp2r_p0_st5_20_bearish_sr350_lr750_buf0_tg1030_2019-10-08,2019-10-08,15,2.0,2.0,st5_20_bearish,350.0,750.0,0,10:30,SHORT,True,2,2019-10-08 13:51:00+00:00,2019-10-08 13:52:00+00:00,2019-10-08 19:00:00+00:00,SWITCH_TO_LONG+TIME_EXIT,SHORT,-393.66,-326.96,-393.66,-720.62,-720.62,0,13,7693.75,7656.75,37.0
p0_st5_20_bearish_sr350_lr750_buf0_tg1030,"P0 st5_20_bearish, short $350, switch long $750, buffer 0, guard 10:30",NASDAQ_ORB_15m_p0_short_switch_tp2r_p0_st5_20_bearish_sr350_lr750_buf0_tg1030_2019-10-09,2019-10-09,15,2.0,2.0,st5_20_bearish,350.0,750.0,0,10:30,SHORT,True,2,2019-10-09 13:55:00+00:00,2019-10-09 13:56:00+00:00,2019-10-09 19:00:00+00:00,SWITCH_TO_LONG+TIME_EXIT,SHORT,607.88,-355.44,607.88,252.44,252.44,1,19,7697.5,7670.25,27.25
p0_st5_20_bearish_sr350_lr750_buf0_tg1030,"P0 st5_20_bearish, short $350, switch long $750, buffer 0, guard 10:30",NASDAQ_ORB_15m_p0_short_switch_tp2r_p0_st5_20_bearish_sr350_lr750_buf0_tg1030_2019-10-10,2019-10-10,15,2.0,2.0,st5_20_bearish,350.0,750.0,0,10:30,LONG,False,1,2019-10-10 13:49:00+00:00,2019-10-10 13:50:00+00:00,2019-10-10 14:58:00+00:00,TP_2R,LONG,974.34,0.0,0.0,974.34,974.34,1,9,7714.75,7690.5,24.25
p0_st5_20_bearish_sr350_lr750_buf0_tg1030,"P0 st5_20_bearish, short $350, switch long $750, buffer 0, guard 10:30",NASDAQ_ORB_15m_p0_short_switch_tp2r_p0_st5_20_bearish_sr350_lr750_buf0_tg1030_2019-10-11,2019-10-11,15,2.0,2.0,st5_20_bearish,350.0,750.0,0,10:30,LONG,False,1,2019-10-11 13:46:00+00:00,2019-10-11 13:47:00+00:00,2019-10-11 19:00:00+00:00,TIME_EXIT,LONG,542.08,0.0,0.0,542.08,542.08,1,8,7867.0,7842.75,24.25
p0_st5_20_bearish_sr350_lr750_buf0_tg1030,"P0 st5_20_bearish, short $350, switch long $750, buffer 0, guard 10:30",NASDAQ_ORB_15m_p0_short_switch_tp2r_p0_st5_20_bearish_sr350_lr750_buf0_tg1030_2019-10-14,2019-10-14,15,2.0,2.0,st5_20_bearish,350.0,750.0,0,10:30,LONG,False,1,2019-10-14 14:09:00+00:00,2019-10-14 14:10:00+00:00,2019-10-14 19:00:00+00:00,TIME_EXIT,LONG,-89.18,0.0,0.0,-89.18,-89.18,0,7,7865.5,7836.0,29.5
p0_st5_20_bearish_sr350_lr750_buf0_tg1030,"P0 st5_20_bearish, short $350, switch long $750, buffer 0, guard 10:30",NASDAQ_ORB_15m_p0_short_switch_tp2r_p0_st5_20_bearish_sr350_lr750_buf0_tg1030_2019-10-15,2019-10-15,15,2.0,2.0,st5_20_bearish,350.0,750.0,0,10:30,LONG,False,1,2019-10-15 14:03:00+00:00,2019-10-15 14:04:00+00:00,2019-10-15 17:46:00+00:00,TP_2R,LONG,946.08,0.0,0.0,946.08,946.08,1,8,7900.75,7871.75,29.0
p0_st5_20_bearish_sr350_lr750_buf0_tg1030,"P0 st5_20_bearish, short $350, switch long $750, buffer 0, guard 10:30",NASDAQ_ORB_15m_p0_short_switch_tp2r_p0_st5_20_bearish_sr350_lr750_buf0_tg1030_2019-10-16,2019-10-16,15,2.0,2.0,st5_20_bearish,350.0,750.0,0,10:30,SHORT,True,2,2019-10-16 14:04:00+00:00,2019-10-16 14:05:00+00:00,2019-10-16 19:00:00+00:00,SWITCH_TO_LONG+TIME_EXIT,SHORT,-175.56,-327.18,-175.56,-502.74,-502.74,0,26,7935.25,7916.5,18.75
p0_st5_20_bearish_sr350_lr750_buf0_tg1030,"P0 st5_20_bearish, short $350, switch long $750, buffer 0, guard 10:30",NASDAQ_ORB_15m_p0_short_switch_tp2r_p0_st5_20_bearish_sr350_lr750_buf0_tg1030_2019-10-18,2019-10-18,15,2.0,2.0,st5_20_bearish,350.0,750.0,0,10:30,LONG,False,1,2019-10-18 13:49:00+00:00,2019-10-18 13:50:00+00:00,2019-10-18 19:00:00+00:00,TIME_EXIT,LONG,-1939.84,0.0,0.0,-1939.84,-1939.84,0,16,7953.75,7940.25,13.5
p0_st5_20_bearish_sr350_lr750_buf0_tg1030,"P0 st5_20_bearish, short $350, switch long $750, buffer 0, guard 10:30",NASDAQ_ORB_15m_p0_short_switch_tp2r_p0_st5_20_bearish_sr350_lr750_buf0_tg1030_2019-10-21,2019-10-21,15,2.0,2.0,st5_20_bearish,350.0,750.0,0,10:30,SHORT,True,2,2019-10-21 14:05:00+00:00,2019-10-21 14:06:00+00:00,2019-10-21 19:00:00+00:00,SWITCH_TO_LONG+TIME_EXIT,SHORT,42.379999999999995,-368.7,42.379999999999995,-326.32,-326.32,0,18,7936.25,7910.25,26.0
p0_st5_20_bearish_sr350_lr750_buf0_tg1030,"P0 st5_20_bearish, short $350, switch long $750, buffer 0, guard 10:30",NASDAQ_ORB_15m_p0_short_switch_tp2r_p0_st5_20_bearish_sr350_lr750_buf0_tg1030_2019-10-22,2019-10-22,15,2.0,2.0,st5_20_bearish,350.0,750.0,0,10:30,SHORT,False,1,2019-10-22 14:15:00+00:00,2019-10-22 14:16:00+00:00,2019-10-22 18:34:00+00:00,TP_2R,SHORT,0.0,595.5600000000001,0.0,595.5600000000001,595.5600000000001,1,6,7987.0,7970.25,16.75
p0_st5_20_bearish_sr350_lr750_buf0_tg1030,"P0 st5_20_bearish, short $350, switch long $750, buffer 0, guard 10:30",NASDAQ_ORB_15m_p0_short_switch_tp2r_p0_st5_20_bearish_sr350_lr750_buf0_tg1030_2019-10-23,2019-10-23,15,2.0,2.0,st5_20_bearish,350.0,750.0,0,10:30,LONG,False,1,2019-10-23 13:47:00+00:00,2019-10-23 13:48:00+00:00,2019-10-23 19:00:00+00:00,TIME_EXIT,LONG,-190.67999999999998,0.0,0.0,-190.67999999999998,-190.67999999999998,0,7,7884.5,7853.0,31.5
p0_st5_20_bearish_sr350_lr750_buf0_tg1030,"P0 st5_20_bearish, short $350, switch long $750, buffer 0, guard 10:30",NASDAQ_ORB_15m_p0_short_switch_tp2r_p0_st5_20_bearish_sr350_lr750_buf0_tg1030_2019-10-24,2019-10-24,15,2.0,2.0,st5_20_bearish,350.0,750.0,0,10:30,SHORT,True,2,2019-10-24 13:55:00+00:00,2019-10-24 13:56:00+00:00,2019-10-24 19:00:00+00:00,SWITCH_TO_LONG+TIME_EXIT,SHORT,-139.32,-334.44,-139.32,-473.76,-473.76,0,24,7961.25,7942.5,18.75
p0_st5_20_bearish_sr350_lr750_buf0_tg1030,"P0 st5_20_bearish, short $350, switch long $750, buffer 0, guard 10:30",NASDAQ_ORB_15m_p0_short_switch_tp2r_p0_st5_20_bearish_sr350_lr750_buf0_tg1030_2019-10-25,2019-10-25,15,2.0,2.0,st5_20_bearish,350.0,750.0,0,10:30,LONG,False,1,2019-10-25 13:50:00+00:00,2019-10-25 13:51:00+00:00,2019-10-25 15:15:00+00:00,TP_2R,LONG,930.08,0.0,0.0,930.08,930.08,1,8,7958.0,7929.25,28.75
p0_st5_20_bearish_sr350_lr750_buf0_tg1030,"P0 st5_20_bearish, short $350, switch long $750, buffer 0, guard 10:30",NASDAQ_ORB_15m_p0_short_switch_tp2r_p0_st5_20_bearish_sr350_lr750_buf0_tg1030_2019-10-28,2019-10-28,15,2.0,2.0,st5_20_bearish,350.0,750.0,0,10:30,LONG,False,1,2019-10-28 14:17:00+00:00,2019-10-28 14:18:00+00:00,2019-10-28 19:00:00+00:00,TIME_EXIT,LONG,312.84,0.0,0.0,312.84,312.84,1,9,8098.25,8074.25,24.0
p0_st5_20_bearish_sr350_lr750_buf0_tg1030,"P0 st5_20_bearish, short $350, switch long $750, buffer 0, guard 10:30",NASDAQ_ORB_15m_p0_short_switch_tp2r_p0_st5_20_bearish_sr350_lr750_buf0_tg1030_2019-10-29,2019-10-29,15,2.0,2.0,st5_20_bearish,350.0,750.0,0,10:30,SHORT,False,1,2019-10-29 14:02:00+00:00,2019-10-29 14:03:00+00:00,2019-10-29 19:00:00+00:00,TIME_EXIT,SHORT,0.0,243.79999999999998,0.0,243.79999999999998,243.79999999999998,1,5,8114.0,8087.75,26.25
p0_st5_20_bearish_sr350_lr750_buf0_tg1030,"P0 st5_20_bearish, short $350, switch long $750, buffer 0, guard 10:30",NASDAQ_ORB_15m_p0_short_switch_tp2r_p0_st5_20_bearish_sr350_lr750_buf0_tg1030_2019-10-30,2019-10-30,15,2.0,2.0,st5_20_bearish,350.0,750.0,0,10:30,SHORT,True,2,2019-10-30 14:04:00+00:00,2019-10-30 14:05:00+00:00,2019-10-30 19:00:00+00:00,SWITCH_TO_LONG+TIME_EXIT,SHORT,219.12,-361.2,219.12,-142.07999999999998,-142.07999999999998,0,17,8068.25,8039.25,29.0
p0_st5_20_bearish_sr350_lr750_buf0_tg1030,"P0 st5_20_bearish, short $350, switch long $750, buffer 0, guard 10:30",NASDAQ_ORB_15m_p0_short_switch_tp2r_p0_st5_20_bearish_sr350_lr750_buf0_tg1030_2019-10-31,2019-10-31,15,2.0,2.0,st5_20_bearish,350.0,750.0,0,10:30,SHORT,False,1,2019-10-31 14:00:00+00:00,2019-10-31 14:01:00+00:00,2019-10-31 19:00:00+00:00,TIME_EXIT,SHORT,0.0,183.79999999999998,0.0,183.79999999999998,183.79999999999998,1,5,8118.5,8090.75,27.75
p0_st5_20_bearish_sr350_lr750_buf0_tg1030,"P0 st5_20_bearish, short $350, switch long $750, buffer 0, guard 10:30",NASDAQ_ORB_15m_p0_short_switch_tp2r_p0_st5_20_bearish_sr350_lr750_buf0_tg1030_2019-11-01,2019-11-01,15,2.0,2.0,st5_20_bearish,350.0,750.0,0,10:30,LONG,False,1,2019-11-01 13:54:00+00:00,2019-11-01 13:55:00+00:00,2019-11-01 19:00:00+00:00,TIME_EXIT,LONG,171.12,0.0,0.0,171.12,171.12,1,12,8135.5,8117.5,18.0
p0_st5_20_bearish_sr350_lr750_buf0_tg1030,"P0 st5_20_bearish, short $350, switch long $750, buffer 0, guard 10:30",NASDAQ_ORB_15m_p0_short_switch_tp2r_p0_st5_20_bearish_sr350_lr750_buf0_tg1030_2019-11-04,2019-11-04,15,2.0,2.0,st5_20_bearish,350.0,750.0,0,10:30,SHORT,False,1,2019-11-04 15:05:00+00:00,2019-11-04 15:06:00+00:00,2019-11-04 20:00:00+00:00,TIME_EXIT,SHORT,0.0,-187.17999999999998,0.0,-187.17999999999998,-187.17999999999998,0,7,8233.75,8213.25,20.5
p0_st5_20_bearish_sr350_lr750_buf0_tg1030,"P0 st5_20_bearish, short $350, switch long $750, buffer 0, guard 10:30",NASDAQ_ORB_15m_p0_short_switch_tp2r_p0_st5_20_bearish_sr350_lr750_buf0_tg1030_2019-11-05,2019-11-05,15,2.0,2.0,st5_20_bearish,350.0,750.0,0,10:30,LONG,False,1,2019-11-05 15:02:00+00:00,2019-11-05 15:03:00+00:00,2019-11-05 20:00:00+00:00,TIME_EXIT,LONG,-122.4,0.0,0.0,-122.4,-122.4,0,10,8231.25,8208.5,22.75
p0_st5_20_bearish_sr350_lr750_buf0_tg1030,"P0 st5_20_bearish, short $350, switch long $750, buffer 0, guard 10:30",NASDAQ_ORB_15m_p0_short_switch_tp2r_p0_st5_20_bearish_sr350_lr750_buf0_tg1030_2019-11-06,2019-11-06,15,2.0,2.0,st5_20_bearish,350.0,750.0,0,10:30,SHORT,False,1,2019-11-06 15:29:00+00:00,2019-11-06 15:30:00+00:00,2019-11-06 20:00:00+00:00,TIME_EXIT,SHORT,0.0,-113.67999999999999,0.0,-113.67999999999999,-113.67999999999999,0,7,8211.25,8189.0,22.25
p0_st5_20_bearish_sr350_lr750_buf0_tg1030,"P0 st5_20_bearish, short $350, switch long $750, buffer 0, guard 10:30",NASDAQ_ORB_15m_p0_short_switch_tp2r_p0_st5_20_bearish_sr350_lr750_buf0_tg1030_2019-11-07,2019-11-07,15,2.0,2.0,st5_20_bearish,350.0,750.0,0,10:30,LONG,False,1,2019-11-07 15:16:00+00:00,2019-11-07 15:17:00+00:00,2019-11-07 20:00:00+00:00,TIME_EXIT,LONG,-485.92,0.0,0.0,-485.92,-485.92,0,8,8260.75,8234.0,26.75
p0_st5_20_bearish_sr350_lr750_buf0_tg1030,"P0 st5_20_bearish, short $350, switch long $750, buffer 0, guard 10:30",NASDAQ_ORB_15m_p0_short_switch_tp2r_p0_st5_20_bearish_sr350_lr750_buf0_tg1030_2019-11-08,2019-11-08,15,2.0,2.0,st5_20_bearish,350.0,750.0,0,10:30,SHORT,True,2,2019-11-08 15:01:00+00:00,2019-11-08 15:02:00+00:00,2019-11-08 20:00:00+00:00,SWITCH_TO_LONG+TIME_EXIT,SHORT,3.38,-333.7,3.38,-330.32,-330.32,0,18,8232.75,8206.0,26.75
p0_st5_20_bearish_sr350_lr750_buf0_tg1030,"P0 st5_20_bearish, short $350, switch long $750, buffer 0, guard 10:30",NASDAQ_ORB_15m_p0_short_switch_tp2r_p0_st5_20_bearish_sr350_lr750_buf0_tg1030_2019-11-11,2019-11-11,15,2.0,2.0,st5_20_bearish,350.0,750.0,0,10:30,LONG,False,1,2019-11-11 14:48:00+00:00,2019-11-11 14:49:00+00:00,2019-11-11 20:00:00+00:00,TIME_EXIT,LONG,647.64,0.0,0.0,647.64,647.64,1,14,8221.75,8206.5,15.25
p0_st5_20_bearish_sr350_lr750_buf0_tg1030,"P0 st5_20_bearish, short $350, switch long $750, buffer 0, guard 10:30",NASDAQ_ORB_15m_p0_short_switch_tp2r_p0_st5_20_bearish_sr350_lr750_buf0_tg1030_2019-11-12,2019-11-12,15,2.0,2.0,st5_20_bearish,350.0,750.0,0,10:30,LONG,False,1,2019-11-12 15:01:00+00:00,2019-11-12 15:02:00+00:00,2019-11-12 20:00:00+00:00,TIME_EXIT,LONG,-462.40000000000003,0.0,0.0,-462.40000000000003,-462.40000000000003,0,10,8272.0,8252.0,20.0
p0_st5_20_bearish_sr350_lr750_buf0_tg1030,"P0 st5_20_bearish, short $350, switch long $750, buffer 0, guard 10:30",NASDAQ_ORB_15m_p0_short_switch_tp2r_p0_st5_20_bearish_sr350_lr750_buf0_tg1030_2019-11-13,2019-11-13,15,2.0,2.0,st5_20_bearish,350.0,750.0,0,10:30,LONG,False,1,2019-11-13 15:21:00+00:00,2019-11-13 15:22:00+00:00,2019-11-13 20:00:00+00:00,TIME_EXIT,LONG,-37.92,0.0,0.0,-37.92,-37.92,0,8,8263.75,8237.25,26.5
p0_st5_20_bearish_sr350_lr750_buf0_tg1030,"P0 st5_20_bearish, short $350, switch long $750, buffer 0, guard 10:30",NASDAQ_ORB_15m_p0_short_switch_tp2r_p0_st5_20_bearish_sr350_lr750_buf0_tg1030_2019-11-14,2019-11-14,15,2.0,2.0,st5_20_bearish,350.0,750.0,0,10:30,LONG,False,1,2019-11-14 15:04:00+00:00,2019-11-14 15:05:00+00:00,2019-11-14 20:00:00+00:00,TIME_EXIT,LONG,-24.64,0.0,0.0,-24.64,-24.64,0,11,8257.75,8237.75,20.0
p0_st5_20_bearish_sr350_lr750_buf0_tg1030,"P0 st5_20_bearish, short $350, switch long $750, buffer 0, guard 10:30",NASDAQ_ORB_15m_p0_short_switch_tp2r_p0_st5_20_bearish_sr350_lr750_buf0_tg1030_2019-11-15,2019-11-15,15,2.0,2.0,st5_20_bearish,350.0,750.0,0,10:30,SHORT,True,2,2019-11-15 14:59:00+00:00,2019-11-15 15:00:00+00:00,2019-11-15 20:00:00+00:00,SWITCH_TO_LONG+TIME_EXIT,SHORT,-266.09999999999997,-328.44,-266.09999999999997,-594.54,-594.54,0,21,8317.25,8294.0,23.25
p0_st5_20_bearish_sr350_lr750_buf0_tg1030,"P0 st5_20_bearish, short $350, switch long $750, buffer 0, guard 10:30",NASDAQ_ORB_15m_p0_short_switch_tp2r_p0_st5_20_bearish_sr350_lr750_buf0_tg1030_2019-11-18,2019-11-18,15,2.0,2.0,st5_20_bearish,350.0,750.0,0,10:30,LONG,False,1,2019-11-18 16:11:00+00:00,2019-11-18 16:12:00+00:00,2019-11-18 20:00:00+00:00,TIME_EXIT,LONG,283.56,0.0,0.0,283.56,283.56,1,6,8314.5,8279.25,35.25
p0_st5_20_bearish_sr350_lr750_buf0_tg1030,"P0 st5_20_bearish, short $350, switch long $750, buffer 0, guard 10:30",NASDAQ_ORB_15m_p0_short_switch_tp2r_p0_st5_20_bearish_sr350_lr750_buf0_tg1030_2019-11-19,2019-11-19,15,2.0,2.0,st5_20_bearish,350.0,750.0,0,10:30,SHORT,False,1,2019-11-19 14:47:00+00:00,2019-11-19 14:48:00+00:00,2019-11-19 15:57:00+00:00,TP_2R,SHORT,0.0,652.6,0.0,652.6,652.6,1,10,8364.75,8349.0,15.75
p0_st5_20_bearish_sr350_lr750_buf0_tg1030,"P0 st5_20_bearish, short $350, switch long $750, buffer 0, guard 10:30",NASDAQ_ORB_15m_p0_short_switch_tp2r_p0_st5_20_bearish_sr350_lr750_buf0_tg1030_2019-11-20,2019-11-20,15,2.0,2.0,st5_20_bearish,350.0,750.0,0,10:30,LONG,False,1,2019-11-20 14:49:00+00:00,2019-11-20 14:50:00+00:00,2019-11-20 20:00:00+00:00,TIME_EXIT,LONG,-1613.36,0.0,0.0,-1613.36,-1613.36,0,14,8331.25,8315.75,15.5
p0_st5_20_bearish_sr350_lr750_buf0_tg1030,"P0 st5_20_bearish, short $350, switch long $750, buffer 0, guard 10:30",NASDAQ_ORB_15m_p0_short_switch_tp2r_p0_st5_20_bearish_sr350_lr750_buf0_tg1030_2019-11-21,2019-11-21,15,2.0,2.0,st5_20_bearish,350.0,750.0,0,10:30,SHORT,True,2,2019-11-21 15:17:00+00:00,2019-11-21 15:18:00+00:00,2019-11-21 20:00:00+00:00,SWITCH_TO_LONG+TIME_EXIT,SHORT,-150.36,-346.44,-150.36,-496.8,-496.8,0,20,8286.0,8262.5,23.5
p0_st5_20_bearish_sr350_lr750_buf0_tg1030,"P0 st5_20_bearish, short $350, switch long $750, buffer 0, guard 10:30",NASDAQ_ORB_15m_p0_short_switch_tp2r_p0_st5_20_bearish_sr350_lr750_buf0_tg1030_2019-11-22,2019-11-22,15,2.0,2.0,st5_20_bearish,350.0,750.0,0,10:30,SHORT,False,1,2019-11-22 14:56:00+00:00,2019-11-22 14:57:00+00:00,2019-11-22 16:04:00+00:00,TP_2R,SHORT,0.0,610.08,0.0,610.08,610.08,1,8,8298.75,8279.75,19.0
p0_st5_20_bearish_sr350_lr750_buf0_tg1030,"P0 st5_20_bearish, short $350, switch long $750, buffer 0, guard 10:30",NASDAQ_ORB_15m_p0_short_switch_tp2r_p0_st5_20_bearish_sr350_lr750_buf0_tg1030_2019-11-25,2019-11-25,15,2.0,2.0,st5_20_bearish,350.0,750.0,0,10:30,LONG,False,1,2019-11-25 14:51:00+00:00,2019-11-25 14:52:00+00:00,2019-11-25 20:00:00+00:00,TIME_EXIT,LONG,175.56,0.0,0.0,175.56,175.56,1,6,8347.5,8311.75,35.75
p0_st5_20_bearish_sr350_lr750_buf0_tg1030,"P0 st5_20_bearish, short $350, switch long $750, buffer 0, guard 10:30",NASDAQ_ORB_15m_p0_short_switch_tp2r_p0_st5_20_bearish_sr350_lr750_buf0_tg1030_2019-11-26,2019-11-26,15,2.0,2.0,st5_20_bearish,350.0,750.0,0,10:30,LONG,False,1,2019-11-26 14:58:00+00:00,2019-11-26 14:59:00+00:00,2019-11-26 20:00:00+00:00,TIME_EXIT,LONG,129.64,0.0,0.0,129.64,129.64,1,14,8386.75,8370.25,16.5
p0_st5_20_bearish_sr350_lr750_buf0_tg1030,"P0 st5_20_bearish, short $350, switch long $750, buffer 0, guard 10:30",NASDAQ_ORB_15m_p0_short_switch_tp2r_p0_st5_20_bearish_sr350_lr750_buf0_tg1030_2019-11-27,2019-11-27,15,2.0,2.0,st5_20_bearish,350.0,750.0,0,10:30,LONG,False,1,2019-11-27 14:55:00+00:00,2019-11-27 14:56:00+00:00,2019-11-27 18:37:00+00:00,TP_2R,LONG,939.42,0.0,0.0,939.42,939.42,1,17,8416.0,8402.5,13.5
p0_st5_20_bearish_sr350_lr750_buf0_tg1030,"P0 st5_20_bearish, short $350, switch long $750, buffer 0, guard 10:30",NASDAQ_ORB_15m_p0_short_switch_tp2r_p0_st5_20_bearish_sr350_lr750_buf0_tg1030_2019-12-02,2019-12-02,15,2.0,2.0,st5_20_bearish,350.0,750.0,0,10:30,SHORT,False,1,2019-12-02 14:51:00+00:00,2019-12-02 14:52:00+00:00,2019-12-02 20:00:00+00:00,TIME_EXIT,SHORT,0.0,92.52,0.0,92.52,92.52,1,2,8413.25,8356.25,57.0
p0_st5_20_bearish_sr350_lr750_buf0_tg1030,"P0 st5_20_bearish, short $350, switch long $750, buffer 0, guard 10:30",NASDAQ_ORB_15m_p0_short_switch_tp2r_p0_st5_20_bearish_sr350_lr750_buf0_tg1030_2019-12-03,2019-12-03,15,2.0,2.0,st5_20_bearish,350.0,750.0,0,10:30,SHORT,True,2,2019-12-03 14:49:00+00:00,2019-12-03 14:50:00+00:00,2019-12-03 20:00:00+00:00,SWITCH_TO_LONG+TIME_EXIT,SHORT,65.34,-299.21999999999997,65.34,-233.87999999999997,-233.87999999999997,0,12,8224.0,8184.75,39.25
p0_st5_20_bearish_sr350_lr750_buf0_tg1030,"P0 st5_20_bearish, short $350, switch long $750, buffer 0, guard 10:30",NASDAQ_ORB_15m_p0_short_switch_tp2r_p0_st5_20_bearish_sr350_lr750_buf0_tg1030_2019-12-05,2019-12-05,15,2.0,2.0,st5_20_bearish,350.0,750.0,0,10:30,SHORT,False,1,2019-12-05 15:01:00+00:00,2019-12-05 15:02:00+00:00,2019-12-05 20:00:00+00:00,TIME_EXIT,SHORT,0.0,12.32,0.0,12.32,12.32,1,7,8327.25,8303.5,23.75
p0_st5_20_bearish_sr350_lr750_buf0_tg1030,"P0 st5_20_bearish, short $350, switch long $750, buffer 0, guard 10:30",NASDAQ_ORB_15m_p0_short_switch_tp2r_p0_st5_20_bearish_sr350_lr750_buf0_tg1030_2019-12-06,2019-12-06,15,2.0,2.0,st5_20_bearish,350.0,750.0,0,10:30,LONG,False,1,2019-12-06 14:46:00+00:00,2019-12-06 14:47:00+00:00,2019-12-06 20:00:00+00:00,TIME_EXIT,LONG,217.36,0.0,0.0,217.36,217.36,1,11,8384.75,8367.75,17.0
p0_st5_20_bearish_sr350_lr750_buf0_tg1030,"P0 st5_20_bearish, short $350, switch long $750, buffer 0, guard 10:30",NASDAQ_ORB_15m_p0_short_switch_tp2r_p0_st5_20_bearish_sr350_lr750_buf0_tg1030_2019-12-10,2019-12-10,15,2.0,2.0,st5_20_bearish,350.0,750.0,0,10:30,LONG,False,1,2019-12-10 15:09:00+00:00,2019-12-10 15:10:00+00:00,2019-12-10 20:00:00+00:00,TIME_EXIT,LONG,-26.18,0.0,0.0,-26.18,-26.18,0,7,8370.5,8339.0,31.5
p0_st5_20_bearish_sr350_lr750_buf0_tg1030,"P0 st5_20_bearish, short $350, switch long $750, buffer 0, guard 10:30",NASDAQ_ORB_15m_p0_short_switch_tp2r_p0_st5_20_bearish_sr350_lr750_buf0_tg1030_2019-12-11,2019-12-11,15,2.0,2.0,st5_20_bearish,350.0,750.0,0,10:30,LONG,False,1,2019-12-11 14:49:00+00:00,2019-12-11 14:50:00+00:00,2019-12-11 20:00:00+00:00,TIME_EXIT,LONG,813.9,0.0,0.0,813.9,813.9,1,15,8377.5,8363.0,14.5
p0_st5_20_bearish_sr350_lr750_buf0_tg1030,"P0 st5_20_bearish, short $350, switch long $750, buffer 0, guard 10:30",NASDAQ_ORB_15m_p0_short_switch_tp2r_p0_st5_20_bearish_sr350_lr750_buf0_tg1030_2019-12-12,2019-12-12,15,2.0,2.0,st5_20_bearish,350.0,750.0,0,10:30,LONG,False,1,2019-12-12 15:01:00+00:00,2019-12-12 15:02:00+00:00,2019-12-12 20:00:00+00:00,TIME_EXIT,LONG,-114.48,0.0,0.0,-114.48,-114.48,0,2,8464.0,8381.0,83.0
p0_st5_20_bearish_sr350_lr750_buf0_tg1030,"P0 st5_20_bearish, short $350, switch long $750, buffer 0, guard 10:30",NASDAQ_ORB_15m_p0_short_switch_tp2r_p0_st5_20_bearish_sr350_lr750_buf0_tg1030_2019-12-13,2019-12-13,15,2.0,2.0,st5_20_bearish,350.0,750.0,0,10:30,LONG,False,1,2019-12-13 14:53:00+00:00,2019-12-13 14:54:00+00:00,2019-12-13 20:00:00+00:00,TIME_EXIT,LONG,235.56,0.0,0.0,235.56,235.56,1,6,8499.25,8465.75,33.5
p0_st5_20_bearish_sr350_lr750_buf0_tg1030,"P0 st5_20_bearish, short $350, switch long $750, buffer 0, guard 10:30",NASDAQ_ORB_15m_p0_short_switch_tp2r_p0_st5_20_bearish_sr350_lr750_buf0_tg1030_2019-12-16,2019-12-16,15,2.0,2.0,st5_20_bearish,350.0,750.0,0,10:30,LONG,False,1,2019-12-16 14:46:00+00:00,2019-12-16 14:47:00+00:00,2019-12-16 20:00:00+00:00,TIME_EXIT,LONG,202.60000000000002,0.0,0.0,202.60000000000002,202.60000000000002,1,10,8594.25,8571.5,22.75
p0_st5_20_bearish_sr350_lr750_buf0_tg1030,"P0 st5_20_bearish, short $350, switch long $750, buffer 0, guard 10:30",NASDAQ_ORB_15m_p0_short_switch_tp2r_p0_st5_20_bearish_sr350_lr750_buf0_tg1030_2019-12-17,2019-12-17,15,2.0,2.0,st5_20_bearish,350.0,750.0,0,10:30,SHORT,False,1,2019-12-17 14:50:00+00:00,2019-12-17 14:51:00+00:00,2019-12-17 20:00:00+00:00,TIME_EXIT,SHORT,0.0,-136.44,0.0,-136.44,-136.44,0,6,8625.25,8600.25,25.0
p0_st5_20_bearish_sr350_lr750_buf0_tg1030,"P0 st5_20_bearish, short $350, switch long $750, buffer 0, guard 10:30",NASDAQ_ORB_15m_p0_short_switch_tp2r_p0_st5_20_bearish_sr350_lr750_buf0_tg1030_2019-12-18,2019-12-18,15,2.0,2.0,st5_20_bearish,350.0,750.0,0,10:30,LONG,False,1,2019-12-18 16:17:00+00:00,2019-12-18 16:18:00+00:00,2019-12-18 20:00:00+00:00,TIME_EXIT,LONG,35.879999999999995,0.0,0.0,35.879999999999995,35.879999999999995,1,13,8628.5,8615.0,13.5
p0_st5_20_bearish_sr350_lr750_buf0_tg1030,"P0 st5_20_bearish, short $350, switch long $750, buffer 0, guard 10:30",NASDAQ_ORB_15m_p0_short_switch_tp2r_p0_st5_20_bearish_sr350_lr750_buf0_tg1030_2019-12-19,2019-12-19,15,2.0,2.0,st5_20_bearish,350.0,750.0,0,10:30,LONG,False,1,2019-12-19 15:30:00+00:00,2019-12-19 15:31:00+00:00,2019-12-19 20:00:00+00:00,TIME_EXIT,LONG,525.12,0.0,0.0,525.12,525.12,1,12,8636.25,8618.25,18.0
p0_st5_20_bearish_sr350_lr750_buf0_tg1030,"P0 st5_20_bearish, short $350, switch long $750, buffer 0, guard 10:30",NASDAQ_ORB_15m_p0_short_switch_tp2r_p0_st5_20_bearish_sr350_lr750_buf0_tg1030_2019-12-20,2019-12-20,15,2.0,2.0,st5_20_bearish,350.0,750.0,0,10:30,LONG,False,1,2019-12-20 18:09:00+00:00,2019-12-20 18:10:00+00:00,2019-12-20 20:00:00+00:00,TIME_EXIT,LONG,12.6,0.0,0.0,12.6,12.6,1,10,8712.5,8689.75,22.75
p0_st5_20_bearish_sr350_lr750_buf0_tg1030,"P0 st5_20_bearish, short $350, switch long $750, buffer 0, guard 10:30",NASDAQ_ORB_15m_p0_short_switch_tp2r_p0_st5_20_bearish_sr350_lr750_buf0_tg1030_2019-12-23,2019-12-23,15,2.0,2.0,st5_20_bearish,350.0,750.0,0,10:30,SHORT,True,2,2019-12-23 15:10:00+00:00,2019-12-23 15:11:00+00:00,2019-12-23 20:00:00+00:00,SWITCH_TO_LONG+TIME_EXIT,SHORT,-294.8,-367.12,-294.8,-661.9200000000001,-661.9200000000001,0,33,8735.5,8722.75,12.75
p0_st5_20_bearish_sr350_lr750_buf0_tg1030,"P0 st5_20_bearish, short $350, switch long $750, buffer 0, guard 10:30",NASDAQ_ORB_15m_p0_short_switch_tp2r_p0_st5_20_bearish_sr350_lr750_buf0_tg1030_2019-12-26,2019-12-26,15,2.0,2.0,st5_20_bearish,350.0,750.0,0,10:30,LONG,False,1,2019-12-26 14:47:00+00:00,2019-12-26 14:48:00+00:00,2019-12-26 18:55:00+00:00,TP_2R,LONG,941.6400000000001,0.0,0.0,941.6400000000001,941.6400000000001,1,14,8755.75,8739.0,16.75
p0_st5_20_bearish_sr350_lr750_buf0_tg1030,"P0 st5_20_bearish, short $350, switch long $750, buffer 0, guard 10:30",NASDAQ_ORB_15m_p0_short_switch_tp2r_p0_st5_20_bearish_sr350_lr750_buf0_tg1030_2019-12-27,2019-12-27,15,2.0,2.0,st5_20_bearish,350.0,750.0,0,10:30,SHORT,False,1,2019-12-27 14:50:00+00:00,2019-12-27 14:51:00+00:00,2019-12-27 20:00:00+00:00,TIME_EXIT,SHORT,0.0,62.08,0.0,62.08,62.08,1,8,8832.5,8813.5,19.0
p0_st5_20_bearish_sr350_lr750_buf0_tg1030,"P0 st5_20_bearish, short $350, switch long $750, buffer 0, guard 10:30",NASDAQ_ORB_15m_p0_short_switch_tp2r_p0_st5_20_bearish_sr350_lr750_buf0_tg1030_2019-12-30,2019-12-30,15,2.0,2.0,st5_20_bearish,350.0,750.0,0,10:30,SHORT,False,1,2019-12-30 14:48:00+00:00,2019-12-30 14:49:00+00:00,2019-12-30 20:00:00+00:00,TIME_EXIT,SHORT,0.0,-38.48,0.0,-38.48,-38.48,0,2,8792.5,8725.75,66.75
p0_st5_20_bearish_sr350_lr750_buf0_tg1030,"P0 st5_20_bearish, short $350, switch long $750, buffer 0, guard 10:30",NASDAQ_ORB_15m_p0_short_switch_tp2r_p0_st5_20_bearish_sr350_lr750_buf0_tg1030_2020-01-02,2020-01-02,15,2.0,2.0,st5_20_bearish,350.0,750.0,0,10:30,SHORT,True,2,2020-01-02 15:16:00+00:00,2020-01-02 15:17:00+00:00,2020-01-02 20:00:00+00:00,SWITCH_TO_LONG+TIME_EXIT,SHORT,177.60000000000002,-334.96,177.60000000000002,-157.35999999999996,-157.35999999999996,0,14,8852.25,8815.5,36.75
p0_st5_20_bearish_sr350_lr750_buf0_tg1030,"P0 st5_20_bearish, short $350, switch long $750, buffer 0, guard 10:30",NASDAQ_ORB_15m_p0_short_switch_tp2r_p0_st5_20_bearish_sr350_lr750_buf0_tg1030_2020-01-03,2020-01-03,15,2.0,2.0,st5_20_bearish,350.0,750.0,0,10:30,LONG,False,1,2020-01-03 17:02:00+00:00,2020-01-03 17:03:00+00:00,2020-01-03 20:00:00+00:00,TIME_EXIT,LONG,-6.720000000000001,0.0,0.0,-6.720000000000001,-6.720000000000001,0,3,8840.75,8770.5,70.25
p0_st5_20_bearish_sr350_lr750_buf0_tg1030,"P0 st5_20_bearish, short $350, switch long $750, buffer 0, guard 10:30",NASDAQ_ORB_15m_p0_short_switch_tp2r_p0_st5_20_bearish_sr350_lr750_buf0_tg1030_2020-01-06,2020-01-06,15,2.0,2.0,st5_20_bearish,350.0,750.0,0,10:30,LONG,False,1,2020-01-06 14:46:00+00:00,2020-01-06 14:47:00+00:00,2020-01-06 20:00:00+00:00,TIME_EXIT,LONG,623.8000000000001,0.0,0.0,623.8000000000001,623.8000000000001,1,5,8775.5,8728.5,47.0
p0_st5_20_bearish_sr350_lr750_buf0_tg1030,"P0 st5_20_bearish, short $350, switch long $750, buffer 0, guard 10:30",NASDAQ_ORB_15m_p0_short_switch_tp2r_p0_st5_20_bearish_sr350_lr750_buf0_tg1030_2020-01-07,2020-01-07,15,2.0,2.0,st5_20_bearish,350.0,750.0,0,10:30,LONG,False,1,2020-01-07 16:02:00+00:00,2020-01-07 16:03:00+00:00,2020-01-07 20:00:00+00:00,TIME_EXIT,LONG,-101.19999999999999,0.0,0.0,-101.19999999999999,-101.19999999999999,0,5,8877.25,8835.0,42.25
p0_st5_20_bearish_sr350_lr750_buf0_tg1030,"P0 st5_20_bearish, short $350, switch long $750, buffer 0, guard 10:30",NASDAQ_ORB_15m_p0_short_switch_tp2r_p0_st5_20_bearish_sr350_lr750_buf0_tg1030_2020-01-08,2020-01-08,15,2.0,2.0,st5_20_bearish,350.0,750.0,0,10:30,LONG,False,1,2020-01-08 14:55:00+00:00,2020-01-08 14:56:00+00:00,2020-01-08 20:00:00+00:00,TIME_EXIT,LONG,588.8000000000001,0.0,0.0,588.8000000000001,588.8000000000001,1,5,8886.25,8848.0,38.25
p0_st5_20_bearish_sr350_lr750_buf0_tg1030,"P0 st5_20_bearish, short $350, switch long $750, buffer 0, guard 10:30",NASDAQ_ORB_15m_p0_short_switch_tp2r_p0_st5_20_bearish_sr350_lr750_buf0_tg1030_2020-01-13,2020-01-13,15,2.0,2.0,st5_20_bearish,350.0,750.0,0,10:30,LONG,False,1,2020-01-13 14:58:00+00:00,2020-01-13 14:59:00+00:00,2020-01-13 20:00:00+00:00,TIME_EXIT,LONG,610.08,0.0,0.0,610.08,610.08,1,8,9030.25,9003.75,26.5
p0_st5_20_bearish_sr350_lr750_buf0_tg1030,"P0 st5_20_bearish, short $350, switch long $750, buffer 0, guard 10:30",NASDAQ_ORB_15m_p0_short_switch_tp2r_p0_st5_20_bearish_sr350_lr750_buf0_tg1030_2020-01-14,2020-01-14,15,2.0,2.0,st5_20_bearish,350.0,750.0,0,10:30,SHORT,True,2,2020-01-14 14:52:00+00:00,2020-01-14 14:53:00+00:00,2020-01-14 20:00:00+00:00,SWITCH_TO_LONG+TIME_EXIT,SHORT,-532.4,-300.96,-532.4,-833.3599999999999,-833.3599999999999,0,14,9086.25,9052.0,34.25
p0_st5_20_bearish_sr350_lr750_buf0_tg1030,"P0 st5_20_bearish, short $350, switch long $750, buffer 0, guard 10:30",NASDAQ_ORB_15m_p0_short_switch_tp2r_p0_st5_20_bearish_sr350_lr750_buf0_tg1030_2020-01-15,2020-01-15,15,2.0,2.0,st5_20_bearish,350.0,750.0,0,10:30,LONG,False,1,2020-01-15 14:55:00+00:00,2020-01-15 14:56:00+00:00,2020-01-15 20:00:00+00:00,TIME_EXIT,LONG,-323.68,0.0,0.0,-323.68,-323.68,0,7,9079.25,9051.0,28.25
p0_st5_20_bearish_sr350_lr750_buf0_tg1030,"P0 st5_20_bearish, short $350, switch long $750, buffer 0, guard 10:30",NASDAQ_ORB_15m_p0_short_switch_tp2r_p0_st5_20_bearish_sr350_lr750_buf0_tg1030_2020-01-16,2020-01-16,15,2.0,2.0,st5_20_bearish,350.0,750.0,0,10:30,LONG,False,1,2020-01-16 15:08:00+00:00,2020-01-16 15:09:00+00:00,2020-01-16 20:00:00+00:00,TIME_EXIT,LONG,-201.92,0.0,0.0,-201.92,-201.92,0,8,9115.5,9088.0,27.5
p0_st5_20_bearish_sr350_lr750_buf0_tg1030,"P0 st5_20_bearish, short $350, switch long $750, buffer 0, guard 10:30",NASDAQ_ORB_15m_p0_short_switch_tp2r_p0_st5_20_bearish_sr350_lr750_buf0_tg1030_2020-01-21,2020-01-21,15,2.0,2.0,st5_20_bearish,350.0,750.0,0,10:30,LONG,False,1,2020-01-21 14:55:00+00:00,2020-01-21 14:56:00+00:00,2020-01-21 20:00:00+00:00,TIME_EXIT,LONG,-32.88,0.0,0.0,-32.88,-32.88,0,12,9171.75,9152.25,19.5
p0_st5_20_bearish_sr350_lr750_buf0_tg1030,"P0 st5_20_bearish, short $350, switch long $750, buffer 0, guard 10:30",NASDAQ_ORB_15m_p0_short_switch_tp2r_p0_st5_20_bearish_sr350_lr750_buf0_tg1030_2020-01-22,2020-01-22,15,2.0,2.0,st5_20_bearish,350.0,750.0,0,10:30,LONG,False,1,2020-01-22 15:27:00+00:00,2020-01-22 15:28:00+00:00,2020-01-22 20:00:00+00:00,TIME_EXIT,LONG,-245.92,0.0,0.0,-245.92,-245.92,0,8,9241.5,9212.0,29.5
p0_st5_20_bearish_sr350_lr750_buf0_tg1030,"P0 st5_20_bearish, short $350, switch long $750, buffer 0, guard 10:30",NASDAQ_ORB_15m_p0_short_switch_tp2r_p0_st5_20_bearish_sr350_lr750_buf0_tg1030_2020-01-23,2020-01-23,15,2.0,2.0,st5_20_bearish,350.0,750.0,0,10:30,LONG,False,1,2020-01-23 15:15:00+00:00,2020-01-23 15:16:00+00:00,2020-01-23 20:00:00+00:00,TIME_EXIT,LONG,177.04,0.0,0.0,177.04,177.04,1,4,9201.25,9151.75,49.5
p0_st5_20_bearish_sr350_lr750_buf0_tg1030,"P0 st5_20_bearish, short $350, switch long $750, buffer 0, guard 10:30",NASDAQ_ORB_15m_p0_short_switch_tp2r_p0_st5_20_bearish_sr350_lr750_buf0_tg1030_2020-01-24,2020-01-24,15,2.0,2.0,st5_20_bearish,350.0,750.0,0,10:30,SHORT,False,1,2020-01-24 14:48:00+00:00,2020-01-24 14:49:00+00:00,2020-01-24 16:58:00+00:00,TP_2R,SHORT,0.0,601.5600000000001,0.0,601.5600000000001,601.5600000000001,1,6,9284.25,9262.0,22.25
p0_st5_20_bearish_sr350_lr750_buf0_tg1030,"P0 st5_20_bearish, short $350, switch long $750, buffer 0, guard 10:30",NASDAQ_ORB_15m_p0_short_switch_tp2r_p0_st5_20_bearish_sr350_lr750_buf0_tg1030_2020-01-27,2020-01-27,15,2.0,2.0,st5_20_bearish,350.0,750.0,0,10:30,LONG,False,1,2020-01-27 14:49:00+00:00,2020-01-27 14:50:00+00:00,2020-01-27 20:00:00+00:00,TIME_EXIT,LONG,-70.96,0.0,0.0,-70.96,-70.96,0,4,8981.75,8926.0,55.75
p0_st5_20_bearish_sr350_lr750_buf0_tg1030,"P0 st5_20_bearish, short $350, switch long $750, buffer 0, guard 10:30",NASDAQ_ORB_15m_p0_short_switch_tp2r_p0_st5_20_bearish_sr350_lr750_buf0_tg1030_2020-01-28,2020-01-28,15,2.0,2.0,st5_20_bearish,350.0,750.0,0,10:30,LONG,False,1,2020-01-28 15:25:00+00:00,2020-01-28 15:26:00+00:00,2020-01-28 20:00:00+00:00,TIME_EXIT,LONG,606.3000000000001,0.0,0.0,606.3000000000001,606.3000000000001,1,5,9039.75,9001.25,38.5
p0_st5_20_bearish_sr350_lr750_buf0_tg1030,"P0 st5_20_bearish, short $350, switch long $750, buffer 0, guard 10:30",NASDAQ_ORB_15m_p0_short_switch_tp2r_p0_st5_20_bearish_sr350_lr750_buf0_tg1030_2020-01-29,2020-01-29,15,2.0,2.0,st5_20_bearish,350.0,750.0,0,10:30,SHORT,False,1,2020-01-29 14:50:00+00:00,2020-01-29 14:51:00+00:00,2020-01-29 20:00:00+00:00,TIME_EXIT,SHORT,0.0,-190.96,0.0,-190.96,-190.96,0,4,9158.75,9136.5,22.25
p0_st5_20_bearish_sr350_lr750_buf0_tg1030,"P0 st5_20_bearish, short $350, switch long $750, buffer 0, guard 10:30",NASDAQ_ORB_15m_p0_short_switch_tp2r_p0_st5_20_bearish_sr350_lr750_buf0_tg1030_2020-01-31,2020-01-31,15,2.0,2.0,st5_20_bearish,350.0,750.0,0,10:30,SHORT,False,1,2020-01-31 14:47:00+00:00,2020-01-31 14:48:00+00:00,2020-01-31 18:45:00+00:00,TP_2R,SHORT,0.0,494.52,0.0,494.52,494.52,1,2,9184.0,9123.0,61.0
p0_st5_20_bearish_sr350_lr750_buf0_tg1030,"P0 st5_20_bearish, short $350, switch long $750, buffer 0, guard 10:30",NASDAQ_ORB_15m_p0_short_switch_tp2r_p0_st5_20_bearish_sr350_lr750_buf0_tg1030_2020-02-03,2020-02-03,15,2.0,2.0,st5_20_bearish,350.0,750.0,0,10:30,LONG,False,1,2020-02-03 14:46:00+00:00,2020-02-03 14:47:00+00:00,2020-02-03 20:00:00+00:00,TIME_EXIT,LONG,99.78,0.0,0.0,99.78,99.78,1,3,9094.5,9035.75,58.75
p0_st5_20_bearish_sr350_lr750_buf0_tg1030,"P0 st5_20_bearish, short $350, switch long $750, buffer 0, guard 10:30",NASDAQ_ORB_15m_p0_short_switch_tp2r_p0_st5_20_bearish_sr350_lr750_buf0_tg1030_2020-02-04,2020-02-04,15,2.0,2.0,st5_20_bearish,350.0,750.0,0,10:30,LONG,False,1,2020-02-04 14:50:00+00:00,2020-02-04 14:51:00+00:00,2020-02-04 20:00:00+00:00,TIME_EXIT,LONG,756.3,0.0,0.0,756.3,756.3,1,5,9269.5,9227.0,42.5
p0_st5_20_bearish_sr350_lr750_buf0_tg1030,"P0 st5_20_bearish, short $350, switch long $750, buffer 0, guard 10:30",NASDAQ_ORB_15m_p0_short_switch_tp2r_p0_st5_20_bearish_sr350_lr750_buf0_tg1030_2020-02-05,2020-02-05,15,2.0,2.0,st5_20_bearish,350.0,750.0,0,10:30,SHORT,False,1,2020-02-05 15:15:00+00:00,2020-02-05 15:16:00+00:00,2020-02-05 20:00:00+00:00,TIME_EXIT,SHORT,0.0,-59.48,0.0,-59.48,-59.48,0,2,9457.75,9371.75,86.0
p0_st5_20_bearish_sr350_lr750_buf0_tg1030,"P0 st5_20_bearish, short $350, switch long $750, buffer 0, guard 10:30",NASDAQ_ORB_15m_p0_short_switch_tp2r_p0_st5_20_bearish_sr350_lr750_buf0_tg1030_2020-02-06,2020-02-06,15,2.0,2.0,st5_20_bearish,350.0,750.0,0,10:30,LONG,False,1,2020-02-06 15:00:00+00:00,2020-02-06 15:01:00+00:00,2020-02-06 20:00:00+00:00,TIME_EXIT,LONG,135.04,0.0,0.0,135.04,135.04,1,4,9408.0,9363.0,45.0
p0_st5_20_bearish_sr350_lr750_buf0_tg1030,"P0 st5_20_bearish, short $350, switch long $750, buffer 0, guard 10:30",NASDAQ_ORB_15m_p0_short_switch_tp2r_p0_st5_20_bearish_sr350_lr750_buf0_tg1030_2020-02-07,2020-02-07,15,2.0,2.0,st5_20_bearish,350.0,750.0,0,10:30,LONG,False,1,2020-02-07 15:32:00+00:00,2020-02-07 15:33:00+00:00,2020-02-07 20:00:00+00:00,TIME_EXIT,LONG,-141.2,0.0,0.0,-141.2,-141.2,0,5,9424.5,9385.0,39.5
p0_st5_20_bearish_sr350_lr750_buf0_tg1030,"P0 st5_20_bearish, short $350, switch long $750, buffer 0, guard 10:30",NASDAQ_ORB_15m_p0_short_switch_tp2r_p0_st5_20_bearish_sr350_lr750_buf0_tg1030_2020-02-10,2020-02-10,15,2.0,2.0,st5_20_bearish,350.0,750.0,0,10:30,LONG,False,1,2020-02-10 14:55:00+00:00,2020-02-10 14:56:00+00:00,2020-02-10 20:00:00+00:00,TIME_EXIT,LONG,427.04,0.0,0.0,427.04,427.04,1,4,9437.0,9377.75,59.25
p0_st5_20_bearish_sr350_lr750_buf0_tg1030,"P0 st5_20_bearish, short $350, switch long $750, buffer 0, guard 10:30",NASDAQ_ORB_15m_p0_short_switch_tp2r_p0_st5_20_bearish_sr350_lr750_buf0_tg1030_2020-02-11,2020-02-11,15,2.0,2.0,st5_20_bearish,350.0,750.0,0,10:30,LONG,False,1,2020-02-11 15:09:00+00:00,2020-02-11 15:10:00+00:00,2020-02-11 20:00:00+00:00,TIME_EXIT,LONG,-481.2,0.0,0.0,-481.2,-481.2,0,5,9581.75,9538.75,43.0
p0_st5_20_bearish_sr350_lr750_buf0_tg1030,"P0 st5_20_bearish, short $350, switch long $750, buffer 0, guard 10:30",NASDAQ_ORB_15m_p0_short_switch_tp2r_p0_st5_20_bearish_sr350_lr750_buf0_tg1030_2020-02-12,2020-02-12,15,2.0,2.0,st5_20_bearish,350.0,750.0,0,10:30,SHORT,True,2,2020-02-12 14:55:00+00:00,2020-02-12 14:56:00+00:00,2020-02-12 20:00:00+00:00,SWITCH_TO_LONG+TIME_EXIT,SHORT,9.88,-358.7,9.88,-348.82,-348.82,0,18,9603.75,9579.0,24.75
p0_st5_20_bearish_sr350_lr750_buf0_tg1030,"P0 st5_20_bearish, short $350, switch long $750, buffer 0, guard 10:30",NASDAQ_ORB_15m_p0_short_switch_tp2r_p0_st5_20_bearish_sr350_lr750_buf0_tg1030_2020-02-13,2020-02-13,15,2.0,2.0,st5_20_bearish,350.0,750.0,0,10:30,LONG,False,1,2020-02-13 14:52:00+00:00,2020-02-13 14:53:00+00:00,2020-02-13 20:00:00+00:00,TIME_EXIT,LONG,523.8000000000001,0.0,0.0,523.8000000000001,523.8000000000001,1,5,9578.5,9539.25,39.25
p0_st5_20_bearish_sr350_lr750_buf0_tg1030,"P0 st5_20_bearish, short $350, switch long $750, buffer 0, guard 10:30",NASDAQ_ORB_15m_p0_short_switch_tp2r_p0_st5_20_bearish_sr350_lr750_buf0_tg1030_2020-02-14,2020-02-14,15,2.0,2.0,st5_20_bearish,350.0,750.0,0,10:30,SHORT,True,2,2020-02-14 14:51:00+00:00,2020-02-14 14:52:00+00:00,2020-02-14 20:00:00+00:00,SWITCH_TO_LONG+TIME_EXIT,SHORT,-646.14,-348.7,-646.14,-994.8399999999999,-994.8399999999999,0,16,9640.25,9608.25,32.0
p0_st5_20_bearish_sr350_lr750_buf0_tg1030,"P0 st5_20_bearish, short $350, switch long $750, buffer 0, guard 10:30",NASDAQ_ORB_15m_p0_short_switch_tp2r_p0_st5_20_bearish_sr350_lr750_buf0_tg1030_2020-02-18,2020-02-18,15,2.0,2.0,st5_20_bearish,350.0,750.0,0,10:30,LONG,False,1,2020-02-18 14:54:00+00:00,2020-02-18 14:55:00+00:00,2020-02-18 20:00:00+00:00,TIME_EXIT,LONG,258.8,0.0,0.0,258.8,258.8,1,5,9616.25,9575.0,41.25
p0_st5_20_bearish_sr350_lr750_buf0_tg1030,"P0 st5_20_bearish, short $350, switch long $750, buffer 0, guard 10:30",NASDAQ_ORB_15m_p0_short_switch_tp2r_p0_st5_20_bearish_sr350_lr750_buf0_tg1030_2020-02-19,2020-02-19,15,2.0,2.0,st5_20_bearish,350.0,750.0,0,10:30,LONG,False,1,2020-02-19 14:53:00+00:00,2020-02-19 14:54:00+00:00,2020-02-19 20:00:00+00:00,TIME_EXIT,LONG,458.08,0.0,0.0,458.08,458.08,1,8,9711.5,9681.5,30.0
p0_st5_20_bearish_sr350_lr750_buf0_tg1030,"P0 st5_20_bearish, short $350, switch long $750, buffer 0, guard 10:30",NASDAQ_ORB_15m_p0_short_switch_tp2r_p0_st5_20_bearish_sr350_lr750_buf0_tg1030_2020-02-20,2020-02-20,15,2.0,2.0,st5_20_bearish,350.0,750.0,0,10:30,LONG,False,1,2020-02-20 15:07:00+00:00,2020-02-20 15:08:00+00:00,2020-02-20 20:00:00+00:00,TIME_EXIT,LONG,-1210.44,0.0,0.0,-1210.44,-1210.44,0,6,9719.0,9686.25,32.75
p0_st5_20_bearish_sr350_lr750_buf0_tg1030,"P0 st5_20_bearish, short $350, switch long $750, buffer 0, guard 10:30",NASDAQ_ORB_15m_p0_short_switch_tp2r_p0_st5_20_bearish_sr350_lr750_buf0_tg1030_2020-02-21,2020-02-21,15,2.0,2.0,st5_20_bearish,350.0,750.0,0,10:30,SHORT,False,1,2020-02-21 14:46:00+00:00,2020-02-21 14:47:00+00:00,2020-02-21 20:00:00+00:00,TIME_EXIT,SHORT,0.0,303.52,0.0,303.52,303.52,1,2,9604.75,9526.5,78.25
p0_st5_20_bearish_sr350_lr750_buf0_tg1030,"P0 st5_20_bearish, short $350, switch long $750, buffer 0, guard 10:30",NASDAQ_ORB_15m_p0_short_switch_tp2r_p0_st5_20_bearish_sr350_lr750_buf0_tg1030_2020-02-24,2020-02-24,15,2.0,2.0,st5_20_bearish,350.0,750.0,0,10:30,LONG,False,1,2020-02-24 14:48:00+00:00,2020-02-24 14:49:00+00:00,2020-02-24 20:00:00+00:00,TIME_EXIT,LONG,-39.24,0.0,0.0,-39.24,-39.24,0,1,9180.25,9041.0,139.25
p0_st5_20_bearish_sr350_lr750_buf0_tg1030,"P0 st5_20_bearish, short $350, switch long $750, buffer 0, guard 10:30",NASDAQ_ORB_15m_p0_short_switch_tp2r_p0_st5_20_bearish_sr350_lr750_buf0_tg1030_2020-02-25,2020-02-25,15,2.0,2.0,st5_20_bearish,350.0,750.0,0,10:30,SHORT,False,1,2020-02-25 15:15:00+00:00,2020-02-25 15:16:00+00:00,2020-02-25 16:18:00+00:00,TP_2R,SHORT,0.0,602.52,0.0,602.52,602.52,1,2,9190.75,9120.0,70.75
p0_st5_20_bearish_sr350_lr750_buf0_tg1030,"P0 st5_20_bearish, short $350, switch long $750, buffer 0, guard 10:30",NASDAQ_ORB_15m_p0_short_switch_tp2r_p0_st5_20_bearish_sr350_lr750_buf0_tg1030_2020-02-26,2020-02-26,15,2.0,2.0,st5_20_bearish,350.0,750.0,0,10:30,LONG,False,1,2020-02-26 15:36:00+00:00,2020-02-26 15:37:00+00:00,2020-02-26 20:00:00+00:00,TIME_EXIT,LONG,-308.74,0.0,0.0,-308.74,-308.74,0,1,9015.5,8880.0,135.5
p0_st5_20_bearish_sr350_lr750_buf0_tg1030,"P0 st5_20_bearish, short $350, switch long $750, buffer 0, guard 10:30",NASDAQ_ORB_15m_p0_short_switch_tp2r_p0_st5_20_bearish_sr350_lr750_buf0_tg1030_2020-02-27,2020-02-27,15,2.0,2.0,st5_20_bearish,350.0,750.0,0,10:30,SHORT,True,2,2020-02-27 14:48:00+00:00,2020-02-27 14:49:00+00:00,2020-02-27 20:00:00+00:00,SWITCH_TO_LONG+TIME_EXIT,SHORT,-866.22,-240.74,-866.22,-1106.96,-1106.96,0,4,8722.5,8631.25,91.25
p0_st5_20_bearish_sr350_lr750_buf0_tg1030,"P0 st5_20_bearish, short $350, switch long $750, buffer 0, guard 10:30",NASDAQ_ORB_15m_p0_short_switch_tp2r_p0_st5_20_bearish_sr350_lr750_buf0_tg1030_2020-03-02,2020-03-02,15,2.0,2.0,st5_20_bearish,350.0,750.0,0,10:30,LONG,False,1,2020-03-02 16:12:00+00:00,2020-03-02 16:13:00+00:00,2020-03-02 20:00:00+00:00,TIME_EXIT,LONG,-5.24,0.0,0.0,-5.24,-5.24,0,1,8596.5,8484.75,111.75
p0_st5_20_bearish_sr350_lr750_buf0_tg1030,"P0 st5_20_bearish, short $350, switch long $750, buffer 0, guard 10:30",NASDAQ_ORB_15m_p0_short_switch_tp2r_p0_st5_20_bearish_sr350_lr750_buf0_tg1030_2020-03-03,2020-03-03,15,2.0,2.0,st5_20_bearish,350.0,750.0,0,10:30,SHORT,True,2,2020-03-03 14:55:00+00:00,2020-03-03 14:56:00+00:00,2020-03-03 20:00:00+00:00,SWITCH_TO_LONG+TIME_EXIT,SHORT,-1443.48,-427.24,-1443.48,-1870.72,-1870.72,0,3,8904.5,8801.0,103.5
p0_st5_20_bearish_sr350_lr750_buf0_tg1030,"P0 st5_20_bearish, short $350, switch long $750, buffer 0, guard 10:30",NASDAQ_ORB_15m_p0_short_switch_tp2r_p0_st5_20_bearish_sr350_lr750_buf0_tg1030_2020-03-04,2020-03-04,15,2.0,2.0,st5_20_bearish,350.0,750.0,0,10:30,SHORT,True,2,2020-03-04 14:55:00+00:00,2020-03-04 14:56:00+00:00,2020-03-04 20:00:00+00:00,SWITCH_TO_LONG+TIME_EXIT,SHORT,296.28000000000003,-223.74,296.28000000000003,72.54000000000002,72.54000000000002,1,4,8783.0,8687.25,95.75
p0_st5_20_bearish_sr350_lr750_buf0_tg1030,"P0 st5_20_bearish, short $350, switch long $750, buffer 0, guard 10:30",NASDAQ_ORB_15m_p0_short_switch_tp2r_p0_st5_20_bearish_sr350_lr750_buf0_tg1030_2020-03-05,2020-03-05,15,2.0,2.0,st5_20_bearish,350.0,750.0,0,10:30,LONG,False,1,2020-03-05 15:19:00+00:00,2020-03-05 15:20:00+00:00,2020-03-05 20:00:00+00:00,TIME_EXIT,LONG,-611.22,0.0,0.0,-611.22,-611.22,0,3,8782.25,8701.75,80.5
p0_st5_20_bearish_sr350_lr750_buf0_tg1030,"P0 st5_20_bearish, short $350, switch long $750, buffer 0, guard 10:30",NASDAQ_ORB_15m_p0_short_switch_tp2r_p0_st5_20_bearish_sr350_lr750_buf0_tg1030_2020-03-06,2020-03-06,15,2.0,2.0,st5_20_bearish,350.0,750.0,0,10:30,LONG,False,1,2020-03-06 15:17:00+00:00,2020-03-06 15:18:00+00:00,2020-03-06 20:00:00+00:00,TIME_EXIT,LONG,-508.48,0.0,0.0,-508.48,-508.48,0,2,8462.0,8377.75,84.25
p0_st5_20_bearish_sr350_lr750_buf0_tg1030,"P0 st5_20_bearish, short $350, switch long $750, buffer 0, guard 10:30",NASDAQ_ORB_15m_p0_short_switch_tp2r_p0_st5_20_bearish_sr350_lr750_buf0_tg1030_2020-03-10,2020-03-10,15,2.0,2.0,st5_20_bearish,350.0,750.0,0,10:30,LONG,False,1,2020-03-10 14:21:00+00:00,2020-03-10 14:22:00+00:00,2020-03-10 19:00:00+00:00,TIME_EXIT,LONG,-213.48,0.0,0.0,-213.48,-213.48,0,2,8244.75,8138.25,106.5
p0_st5_20_bearish_sr350_lr750_buf0_tg1030,"P0 st5_20_bearish, short $350, switch long $750, buffer 0, guard 10:30",NASDAQ_ORB_15m_p0_short_switch_tp2r_p0_st5_20_bearish_sr350_lr750_buf0_tg1030_2020-03-19,2020-03-19,15,2.0,2.0,st5_20_bearish,350.0,750.0,0,10:30,LONG,False,1,2020-03-19 13:57:00+00:00,2020-03-19 13:58:00+00:00,2020-03-19 19:00:00+00:00,TIME_EXIT,LONG,457.26,0.0,0.0,457.26,457.26,1,1,7193.75,7010.5,183.25
p0_st5_20_bearish_sr350_lr750_buf0_tg1030,"P0 st5_20_bearish, short $350, switch long $750, buffer 0, guard 10:30",NASDAQ_ORB_15m_p0_short_switch_tp2r_p0_st5_20_bearish_sr350_lr750_buf0_tg1030_2020-03-20,2020-03-20,15,2.0,2.0,st5_20_bearish,350.0,750.0,0,10:30,SHORT,True,2,2020-03-20 13:46:00+00:00,2020-03-20 13:47:00+00:00,2020-03-20 19:00:00+00:00,SWITCH_TO_LONG+TIME_EXIT,SHORT,-1511.48,-352.74,-1511.48,-1864.22,-1864.22,0,3,7470.0,7310.25,159.75
p0_st5_20_bearish_sr350_lr750_buf0_tg1030,"P0 st5_20_bearish, short $350, switch long $750, buffer 0, guard 10:30",NASDAQ_ORB_15m_p0_short_switch_tp2r_p0_st5_20_bearish_sr350_lr750_buf0_tg1030_2020-03-23,2020-03-23,15,2.0,2.0,st5_20_bearish,350.0,750.0,0,10:30,LONG,False,1,2020-03-23 13:57:00+00:00,2020-03-23 13:58:00+00:00,2020-03-23 19:00:00+00:00,TIME_EXIT,LONG,-162.74,0.0,0.0,-162.74,-162.74,0,1,7010.25,6834.25,176.0
p0_st5_20_bearish_sr350_lr750_buf0_tg1030,"P0 st5_20_bearish, short $350, switch long $750, buffer 0, guard 10:30",NASDAQ_ORB_15m_p0_short_switch_tp2r_p0_st5_20_bearish_sr350_lr750_buf0_tg1030_2020-03-24,2020-03-24,15,2.0,2.0,st5_20_bearish,350.0,750.0,0,10:30,LONG,False,1,2020-03-24 14:26:00+00:00,2020-03-24 14:27:00+00:00,2020-03-24 19:00:00+00:00,TIME_EXIT,LONG,100.52,0.0,0.0,100.52,100.52,1,2,7437.0,7327.5,109.5
p0_st5_20_bearish_sr350_lr750_buf0_tg1030,"P0 st5_20_bearish, short $350, switch long $750, buffer 0, guard 10:30",NASDAQ_ORB_15m_p0_short_switch_tp2r_p0_st5_20_bearish_sr350_lr750_buf0_tg1030_2020-03-26,2020-03-26,15,2.0,2.0,st5_20_bearish,350.0,750.0,0,10:30,LONG,False,1,2020-03-26 14:06:00+00:00,2020-03-26 14:07:00+00:00,2020-03-26 19:00:00+00:00,TIME_EXIT,LONG,232.26,0.0,0.0,232.26,232.26,1,1,7638.0,7514.25,123.75
p0_st5_20_bearish_sr350_lr750_buf0_tg1030,"P0 st5_20_bearish, short $350, switch long $750, buffer 0, guard 10:30",NASDAQ_ORB_15m_p0_short_switch_tp2r_p0_st5_20_bearish_sr350_lr750_buf0_tg1030_2020-03-27,2020-03-27,15,2.0,2.0,st5_20_bearish,350.0,750.0,0,10:30,SHORT,True,2,2020-03-27 13:48:00+00:00,2020-03-27 13:49:00+00:00,2020-03-27 19:00:00+00:00,SWITCH_TO_LONG+TIME_EXIT,SHORT,162.78,-239.74,162.78,-76.96000000000001,-76.96000000000001,0,4,7693.0,7586.75,106.25
p0_st5_20_bearish_sr350_lr750_buf0_tg1030,"P0 st5_20_bearish, short $350, switch long $750, buffer 0, guard 10:30",NASDAQ_ORB_15m_p0_short_switch_tp2r_p0_st5_20_bearish_sr350_lr750_buf0_tg1030_2020-03-30,2020-03-30,15,2.0,2.0,st5_20_bearish,350.0,750.0,0,10:30,LONG,False,1,2020-03-30 14:04:00+00:00,2020-03-30 14:05:00+00:00,2020-03-30 19:00:00+00:00,TIME_EXIT,LONG,475.52,0.0,0.0,475.52,475.52,1,2,7712.5,7630.0,82.5
p0_st5_20_bearish_sr350_lr750_buf0_tg1030,"P0 st5_20_bearish, short $350, switch long $750, buffer 0, guard 10:30",NASDAQ_ORB_15m_p0_short_switch_tp2r_p0_st5_20_bearish_sr350_lr750_buf0_tg1030_2020-03-31,2020-03-31,15,2.0,2.0,st5_20_bearish,350.0,750.0,0,10:30,SHORT,True,2,2020-03-31 13:50:00+00:00,2020-03-31 13:51:00+00:00,2020-03-31 14:41:00+00:00,SWITCH_TO_LONG+TP_2R,SHORT,1381.56,-244.48,1381.56,1137.08,1137.08,1,8,7875.25,7818.25,57.0
p0_st5_20_bearish_sr350_lr750_buf0_tg1030,"P0 st5_20_bearish, short $350, switch long $750, buffer 0, guard 10:30",NASDAQ_ORB_15m_p0_short_switch_tp2r_p0_st5_20_bearish_sr350_lr750_buf0_tg1030_2020-04-01,2020-04-01,15,2.0,2.0,st5_20_bearish,350.0,750.0,0,10:30,LONG,False,1,2020-04-01 14:33:00+00:00,2020-04-01 14:34:00+00:00,2020-04-01 19:00:00+00:00,TIME_EXIT,LONG,-1020.72,0.0,0.0,-1020.72,-1020.72,0,3,7631.75,7559.25,72.5
p0_st5_20_bearish_sr350_lr750_buf0_tg1030,"P0 st5_20_bearish, short $350, switch long $750, buffer 0, guard 10:30",NASDAQ_ORB_15m_p0_short_switch_tp2r_p0_st5_20_bearish_sr350_lr750_buf0_tg1030_2020-04-02,2020-04-02,15,2.0,2.0,st5_20_bearish,350.0,750.0,0,10:30,LONG,False,1,2020-04-02 14:13:00+00:00,2020-04-02 14:14:00+00:00,2020-04-02 19:00:00+00:00,TIME_EXIT,LONG,72.52,0.0,0.0,72.52,72.52,1,2,7521.0,7416.75,104.25
p0_st5_20_bearish_sr350_lr750_buf0_tg1030,"P0 st5_20_bearish, short $350, switch long $750, buffer 0, guard 10:30",NASDAQ_ORB_15m_p0_short_switch_tp2r_p0_st5_20_bearish_sr350_lr750_buf0_tg1030_2020-04-06,2020-04-06,15,2.0,2.0,st5_20_bearish,350.0,750.0,0,10:30,LONG,False,1,2020-04-06 13:51:00+00:00,2020-04-06 13:52:00+00:00,2020-04-06 19:00:00+00:00,TIME_EXIT,LONG,755.28,0.0,0.0,755.28,755.28,1,3,7811.5,7750.25,61.25
p0_st5_20_bearish_sr350_lr750_buf0_tg1030,"P0 st5_20_bearish, short $350, switch long $750, buffer 0, guard 10:30",NASDAQ_ORB_15m_p0_short_switch_tp2r_p0_st5_20_bearish_sr350_lr750_buf0_tg1030_2020-04-07,2020-04-07,15,2.0,2.0,st5_20_bearish,350.0,750.0,0,10:30,SHORT,False,1,2020-04-07 14:08:00+00:00,2020-04-07 14:09:00+00:00,2020-04-07 19:00:00+00:00,TIME_EXIT,SHORT,0.0,260.26,0.0,260.26,260.26,1,1,8298.75,8201.5,97.25
p0_st5_20_bearish_sr350_lr750_buf0_tg1030,"P0 st5_20_bearish, short $350, switch long $750, buffer 0, guard 10:30",NASDAQ_ORB_15m_p0_short_switch_tp2r_p0_st5_20_bearish_sr350_lr750_buf0_tg1030_2020-04-08,2020-04-08,15,2.0,2.0,st5_20_bearish,350.0,750.0,0,10:30,SHORT,True,2,2020-04-08 14:10:00+00:00,2020-04-08 14:11:00+00:00,2020-04-08 19:00:00+00:00,SWITCH_TO_LONG+TIME_EXIT,SHORT,646.5600000000001,-211.24,646.5600000000001,435.32000000000005,435.32000000000005,1,7,8154.75,8100.75,54.0
p0_st5_20_bearish_sr350_lr750_buf0_tg1030,"P0 st5_20_bearish, short $350, switch long $750, buffer 0, guard 10:30",NASDAQ_ORB_15m_p0_short_switch_tp2r_p0_st5_20_bearish_sr350_lr750_buf0_tg1030_2020-04-09,2020-04-09,15,2.0,2.0,st5_20_bearish,350.0,750.0,0,10:30,SHORT,False,1,2020-04-09 14:20:00+00:00,2020-04-09 14:21:00+00:00,2020-04-09 19:00:00+00:00,TIME_EXIT,SHORT,0.0,1.76,0.0,1.76,1.76,1,1,8327.0,8237.5,89.5
p0_st5_20_bearish_sr350_lr750_buf0_tg1030,"P0 st5_20_bearish, short $350, switch long $750, buffer 0, guard 10:30",NASDAQ_ORB_15m_p0_short_switch_tp2r_p0_st5_20_bearish_sr350_lr750_buf0_tg1030_2020-04-13,2020-04-13,15,2.0,2.0,st5_20_bearish,350.0,750.0,0,10:30,LONG,False,1,2020-04-13 17:55:00+00:00,2020-04-13 17:56:00+00:00,2020-04-13 19:00:00+00:00,TIME_EXIT,LONG,39.78,0.0,0.0,39.78,39.78,1,3,8244.0,8176.5,67.5
p0_st5_20_bearish_sr350_lr750_buf0_tg1030,"P0 st5_20_bearish, short $350, switch long $750, buffer 0, guard 10:30",NASDAQ_ORB_15m_p0_short_switch_tp2r_p0_st5_20_bearish_sr350_lr750_buf0_tg1030_2020-04-14,2020-04-14,15,2.0,2.0,st5_20_bearish,350.0,750.0,0,10:30,LONG,False,1,2020-04-14 13:46:00+00:00,2020-04-14 13:47:00+00:00,2020-04-14 19:00:00+00:00,TIME_EXIT,LONG,574.52,0.0,0.0,574.52,574.52,1,2,8539.0,8457.0,82.0
p0_st5_20_bearish_sr350_lr750_buf0_tg1030,"P0 st5_20_bearish, short $350, switch long $750, buffer 0, guard 10:30",NASDAQ_ORB_15m_p0_short_switch_tp2r_p0_st5_20_bearish_sr350_lr750_buf0_tg1030_2020-04-15,2020-04-15,15,2.0,2.0,st5_20_bearish,350.0,750.0,0,10:30,SHORT,True,2,2020-04-15 13:46:00+00:00,2020-04-15 13:47:00+00:00,2020-04-15 19:00:00+00:00,SWITCH_TO_LONG+TIME_EXIT,SHORT,761.3,-312.48,761.3,448.81999999999994,448.81999999999994,1,7,8566.25,8499.0,67.25
p0_st5_20_bearish_sr350_lr750_buf0_tg1030,"P0 st5_20_bearish, short $350, switch long $750, buffer 0, guard 10:30",NASDAQ_ORB_15m_p0_short_switch_tp2r_p0_st5_20_bearish_sr350_lr750_buf0_tg1030_2020-04-16,2020-04-16,15,2.0,2.0,st5_20_bearish,350.0,750.0,0,10:30,SHORT,True,2,2020-04-16 14:05:00+00:00,2020-04-16 14:06:00+00:00,2020-04-16 19:00:00+00:00,SWITCH_TO_LONG+TIME_EXIT,SHORT,-5.18,-189.74,-5.18,-194.92000000000002,-194.92000000000002,0,8,8697.5,8646.5,51.0
p0_st5_20_bearish_sr350_lr750_buf0_tg1030,"P0 st5_20_bearish, short $350, switch long $750, buffer 0, guard 10:30",NASDAQ_ORB_15m_p0_short_switch_tp2r_p0_st5_20_bearish_sr350_lr750_buf0_tg1030_2020-04-20,2020-04-20,15,2.0,2.0,st5_20_bearish,350.0,750.0,0,10:30,LONG,False,1,2020-04-20 14:26:00+00:00,2020-04-20 14:27:00+00:00,2020-04-20 19:00:00+00:00,TIME_EXIT,LONG,-458.96,0.0,0.0,-458.96,-458.96,0,4,8784.5,8729.5,55.0
p0_st5_20_bearish_sr350_lr750_buf0_tg1030,"P0 st5_20_bearish, short $350, switch long $750, buffer 0, guard 10:30",NASDAQ_ORB_15m_p0_short_switch_tp2r_p0_st5_20_bearish_sr350_lr750_buf0_tg1030_2020-04-21,2020-04-21,15,2.0,2.0,st5_20_bearish,350.0,750.0,0,10:30,SHORT,False,1,2020-04-21 14:17:00+00:00,2020-04-21 14:18:00+00:00,2020-04-21 19:00:00+00:00,TIME_EXIT,SHORT,0.0,219.26,0.0,219.26,219.26,1,1,8651.75,8538.25,113.5
p0_st5_20_bearish_sr350_lr750_buf0_tg1030,"P0 st5_20_bearish, short $350, switch long $750, buffer 0, guard 10:30",NASDAQ_ORB_15m_p0_short_switch_tp2r_p0_st5_20_bearish_sr350_lr750_buf0_tg1030_2020-04-22,2020-04-22,15,2.0,2.0,st5_20_bearish,350.0,750.0,0,10:30,LONG,False,1,2020-04-22 14:41:00+00:00,2020-04-22 14:42:00+00:00,2020-04-22 19:00:00+00:00,TIME_EXIT,LONG,601.04,0.0,0.0,601.04,601.04,1,4,8598.0,8541.5,56.5
p0_st5_20_bearish_sr350_lr750_buf0_tg1030,"P0 st5_20_bearish, short $350, switch long $750, buffer 0, guard 10:30",NASDAQ_ORB_15m_p0_short_switch_tp2r_p0_st5_20_bearish_sr350_lr750_buf0_tg1030_2020-04-23,2020-04-23,15,2.0,2.0,st5_20_bearish,350.0,750.0,0,10:30,LONG,False,1,2020-04-23 14:20:00+00:00,2020-04-23 14:21:00+00:00,2020-04-23 19:00:00+00:00,TIME_EXIT,LONG,-184.48,0.0,0.0,-184.48,-184.48,0,2,8744.0,8661.75,82.25
p0_st5_20_bearish_sr350_lr750_buf0_tg1030,"P0 st5_20_bearish, short $350, switch long $750, buffer 0, guard 10:30",NASDAQ_ORB_15m_p0_short_switch_tp2r_p0_st5_20_bearish_sr350_lr750_buf0_tg1030_2020-04-24,2020-04-24,15,2.0,2.0,st5_20_bearish,350.0,750.0,0,10:30,SHORT,True,2,2020-04-24 13:50:00+00:00,2020-04-24 13:51:00+00:00,2020-04-24 19:00:00+00:00,SWITCH_TO_LONG+TIME_EXIT,SHORT,742.5600000000001,-321.48,742.5600000000001,421.08000000000004,421.08000000000004,1,8,8667.25,8616.0,51.25
p0_st5_20_bearish_sr350_lr750_buf0_tg1030,"P0 st5_20_bearish, short $350, switch long $750, buffer 0, guard 10:30",NASDAQ_ORB_15m_p0_short_switch_tp2r_p0_st5_20_bearish_sr350_lr750_buf0_tg1030_2020-04-27,2020-04-27,15,2.0,2.0,st5_20_bearish,350.0,750.0,0,10:30,LONG,False,1,2020-04-27 13:58:00+00:00,2020-04-27 13:59:00+00:00,2020-04-27 19:00:00+00:00,TIME_EXIT,LONG,-442.43999999999994,0.0,0.0,-442.43999999999994,-442.43999999999994,0,6,8859.25,8819.5,39.75
p0_st5_20_bearish_sr350_lr750_buf0_tg1030,"P0 st5_20_bearish, short $350, switch long $750, buffer 0, guard 10:30",NASDAQ_ORB_15m_p0_short_switch_tp2r_p0_st5_20_bearish_sr350_lr750_buf0_tg1030_2020-04-28,2020-04-28,15,2.0,2.0,st5_20_bearish,350.0,750.0,0,10:30,SHORT,False,1,2020-04-28 13:56:00+00:00,2020-04-28 13:57:00+00:00,2020-04-28 14:48:00+00:00,TP_2R,SHORT,0.0,690.78,0.0,690.78,690.78,1,3,8905.25,8850.25,55.0
p0_st5_20_bearish_sr350_lr750_buf0_tg1030,"P0 st5_20_bearish, short $350, switch long $750, buffer 0, guard 10:30",NASDAQ_ORB_15m_p0_short_switch_tp2r_p0_st5_20_bearish_sr350_lr750_buf0_tg1030_2020-04-29,2020-04-29,15,2.0,2.0,st5_20_bearish,350.0,750.0,0,10:30,LONG,False,1,2020-04-29 13:48:00+00:00,2020-04-29 13:49:00+00:00,2020-04-29 19:00:00+00:00,TIME_EXIT,LONG,805.04,0.0,0.0,805.04,805.04,1,4,8869.0,8816.0,53.0
p0_st5_20_bearish_sr350_lr750_buf0_tg1030,"P0 st5_20_bearish, short $350, switch long $750, buffer 0, guard 10:30",NASDAQ_ORB_15m_p0_short_switch_tp2r_p0_st5_20_bearish_sr350_lr750_buf0_tg1030_2020-05-01,2020-05-01,15,2.0,2.0,st5_20_bearish,350.0,750.0,0,10:30,LONG,False,1,2020-05-01 14:01:00+00:00,2020-05-01 14:02:00+00:00,2020-05-01 19:00:00+00:00,TIME_EXIT,LONG,-726.72,0.0,0.0,-726.72,-726.72,0,3,8842.75,8780.0,62.75
p0_st5_20_bearish_sr350_lr750_buf0_tg1030,"P0 st5_20_bearish, short $350, switch long $750, buffer 0, guard 10:30",NASDAQ_ORB_15m_p0_short_switch_tp2r_p0_st5_20_bearish_sr350_lr750_buf0_tg1030_2020-05-04,2020-05-04,15,2.0,2.0,st5_20_bearish,350.0,750.0,0,10:30,LONG,False,1,2020-05-04 13:51:00+00:00,2020-05-04 13:52:00+00:00,2020-05-04 15:41:00+00:00,TP_2R,LONG,836.3,0.0,0.0,836.3,836.3,1,5,8687.25,8650.5,36.75
p0_st5_20_bearish_sr350_lr750_buf0_tg1030,"P0 st5_20_bearish, short $350, switch long $750, buffer 0, guard 10:30",NASDAQ_ORB_15m_p0_short_switch_tp2r_p0_st5_20_bearish_sr350_lr750_buf0_tg1030_2020-05-05,2020-05-05,15,2.0,2.0,st5_20_bearish,350.0,750.0,0,10:30,LONG,False,1,2020-05-05 13:49:00+00:00,2020-05-05 13:50:00+00:00,2020-05-05 19:00:00+00:00,TIME_EXIT,LONG,738.8,0.0,0.0,738.8,738.8,1,5,8942.75,8895.0,47.75
p0_st5_20_bearish_sr350_lr750_buf0_tg1030,"P0 st5_20_bearish, short $350, switch long $750, buffer 0, guard 10:30",NASDAQ_ORB_15m_p0_short_switch_tp2r_p0_st5_20_bearish_sr350_lr750_buf0_tg1030_2020-05-06,2020-05-06,15,2.0,2.0,st5_20_bearish,350.0,750.0,0,10:30,SHORT,True,2,2020-05-06 14:10:00+00:00,2020-05-06 14:11:00+00:00,2020-05-06 19:00:00+00:00,SWITCH_TO_LONG+TIME_EXIT,SHORT,-216.20000000000002,-372.48,-216.20000000000002,-588.6800000000001,-588.6800000000001,0,7,9029.5,8972.25,57.25
p0_st5_20_bearish_sr350_lr750_buf0_tg1030,"P0 st5_20_bearish, short $350, switch long $750, buffer 0, guard 10:30",NASDAQ_ORB_15m_p0_short_switch_tp2r_p0_st5_20_bearish_sr350_lr750_buf0_tg1030_2020-05-07,2020-05-07,15,2.0,2.0,st5_20_bearish,350.0,750.0,0,10:30,SHORT,True,2,2020-05-07 14:15:00+00:00,2020-05-07 14:16:00+00:00,2020-05-07 19:00:00+00:00,SWITCH_TO_LONG+TIME_EXIT,SHORT,-208.44,-371.21999999999997,-208.44,-579.66,-579.66,0,9,9107.5,9057.75,49.75
p0_st5_20_bearish_sr350_lr750_buf0_tg1030,"P0 st5_20_bearish, short $350, switch long $750, buffer 0, guard 10:30",NASDAQ_ORB_15m_p0_short_switch_tp2r_p0_st5_20_bearish_sr350_lr750_buf0_tg1030_2020-05-08,2020-05-08,15,2.0,2.0,st5_20_bearish,350.0,750.0,0,10:30,LONG,False,1,2020-05-08 14:18:00+00:00,2020-05-08 14:19:00+00:00,2020-05-08 19:00:00+00:00,TIME_EXIT,LONG,99.04,0.0,0.0,99.04,99.04,1,4,9168.75,9116.0,52.75
p0_st5_20_bearish_sr350_lr750_buf0_tg1030,"P0 st5_20_bearish, short $350, switch long $750, buffer 0, guard 10:30",NASDAQ_ORB_15m_p0_short_switch_tp2r_p0_st5_20_bearish_sr350_lr750_buf0_tg1030_2020-05-11,2020-05-11,15,2.0,2.0,st5_20_bearish,350.0,750.0,0,10:30,LONG,False,1,2020-05-11 13:46:00+00:00,2020-05-11 13:47:00+00:00,2020-05-11 19:00:00+00:00,TIME_EXIT,LONG,651.78,0.0,0.0,651.78,651.78,1,3,9212.0,9147.5,64.5
p0_st5_20_bearish_sr350_lr750_buf0_tg1030,"P0 st5_20_bearish, short $350, switch long $750, buffer 0, guard 10:30",NASDAQ_ORB_15m_p0_short_switch_tp2r_p0_st5_20_bearish_sr350_lr750_buf0_tg1030_2020-05-12,2020-05-12,15,2.0,2.0,st5_20_bearish,350.0,750.0,0,10:30,SHORT,False,1,2020-05-12 13:51:00+00:00,2020-05-12 13:52:00+00:00,2020-05-12 19:00:00+00:00,TIME_EXIT,SHORT,0.0,-43.48,0.0,-43.48,-43.48,0,2,9345.75,9264.75,81.0
p0_st5_20_bearish_sr350_lr750_buf0_tg1030,"P0 st5_20_bearish, short $350, switch long $750, buffer 0, guard 10:30",NASDAQ_ORB_15m_p0_short_switch_tp2r_p0_st5_20_bearish_sr350_lr750_buf0_tg1030_2020-05-13,2020-05-13,15,2.0,2.0,st5_20_bearish,350.0,750.0,0,10:30,LONG,False,1,2020-05-13 14:03:00+00:00,2020-05-13 14:04:00+00:00,2020-05-13 19:00:00+00:00,TIME_EXIT,LONG,-988.48,0.0,0.0,-988.48,-988.48,0,2,9141.25,9042.5,98.75
p0_st5_20_bearish_sr350_lr750_buf0_tg1030,"P0 st5_20_bearish, short $350, switch long $750, buffer 0, guard 10:30",NASDAQ_ORB_15m_p0_short_switch_tp2r_p0_st5_20_bearish_sr350_lr750_buf0_tg1030_2020-05-14,2020-05-14,15,2.0,2.0,st5_20_bearish,350.0,750.0,0,10:30,SHORT,True,2,2020-05-14 13:49:00+00:00,2020-05-14 13:50:00+00:00,2020-05-14 19:00:00+00:00,SWITCH_TO_LONG+TIME_EXIT,SHORT,38.8,-312.48,38.8,-273.68,-273.68,0,7,8976.25,8912.5,63.75
p0_st5_20_bearish_sr350_lr750_buf0_tg1030,"P0 st5_20_bearish, short $350, switch long $750, buffer 0, guard 10:30",NASDAQ_ORB_15m_p0_short_switch_tp2r_p0_st5_20_bearish_sr350_lr750_buf0_tg1030_2020-05-15,2020-05-15,15,2.0,2.0,st5_20_bearish,350.0,750.0,0,10:30,LONG,False,1,2020-05-15 13:54:00+00:00,2020-05-15 13:55:00+00:00,2020-05-15 19:00:00+00:00,TIME_EXIT,LONG,356.28000000000003,0.0,0.0,356.28000000000003,356.28000000000003,1,3,9012.0,8943.5,68.5
p0_st5_20_bearish_sr350_lr750_buf0_tg1030,"P0 st5_20_bearish, short $350, switch long $750, buffer 0, guard 10:30",NASDAQ_ORB_15m_p0_short_switch_tp2r_p0_st5_20_bearish_sr350_lr750_buf0_tg1030_2020-05-18,2020-05-18,15,2.0,2.0,st5_20_bearish,350.0,750.0,0,10:30,LONG,False,1,2020-05-18 13:46:00+00:00,2020-05-18 13:47:00+00:00,2020-05-18 19:00:00+00:00,TIME_EXIT,LONG,331.3,0.0,0.0,331.3,331.3,1,5,9288.75,9246.0,42.75
p0_st5_20_bearish_sr350_lr750_buf0_tg1030,"P0 st5_20_bearish, short $350, switch long $750, buffer 0, guard 10:30",NASDAQ_ORB_15m_p0_short_switch_tp2r_p0_st5_20_bearish_sr350_lr750_buf0_tg1030_2020-05-19,2020-05-19,15,2.0,2.0,st5_20_bearish,350.0,750.0,0,10:30,LONG,False,1,2020-05-19 13:57:00+00:00,2020-05-19 13:58:00+00:00,2020-05-19 19:00:00+00:00,TIME_EXIT,LONG,-176.96,0.0,0.0,-176.96,-176.96,0,4,9368.75,9313.5,55.25
p0_st5_20_bearish_sr350_lr750_buf0_tg1030,"P0 st5_20_bearish, short $350, switch long $750, buffer 0, guard 10:30",NASDAQ_ORB_15m_p0_short_switch_tp2r_p0_st5_20_bearish_sr350_lr750_buf0_tg1030_2020-05-20,2020-05-20,15,2.0,2.0,st5_20_bearish,350.0,750.0,0,10:30,LONG,False,1,2020-05-20 13:47:00+00:00,2020-05-20 13:48:00+00:00,2020-05-20 19:00:00+00:00,TIME_EXIT,LONG,382.56,0.0,0.0,382.56,382.56,1,6,9442.0,9401.75,40.25
p0_st5_20_bearish_sr350_lr750_buf0_tg1030,"P0 st5_20_bearish, short $350, switch long $750, buffer 0, guard 10:30",NASDAQ_ORB_15m_p0_short_switch_tp2r_p0_st5_20_bearish_sr350_lr750_buf0_tg1030_2020-05-21,2020-05-21,15,2.0,2.0,st5_20_bearish,350.0,750.0,0,10:30,SHORT,False,1,2020-05-21 14:05:00+00:00,2020-05-21 14:06:00+00:00,2020-05-21 19:00:00+00:00,TIME_EXIT,SHORT,0.0,215.52,0.0,215.52,215.52,1,2,9510.5,9469.25,41.25
p0_st5_20_bearish_sr350_lr750_buf0_tg1030,"P0 st5_20_bearish, short $350, switch long $750, buffer 0, guard 10:30",NASDAQ_ORB_15m_p0_short_switch_tp2r_p0_st5_20_bearish_sr350_lr750_buf0_tg1030_2020-05-22,2020-05-22,15,2.0,2.0,st5_20_bearish,350.0,750.0,0,10:30,LONG,False,1,2020-05-22 13:54:00+00:00,2020-05-22 13:55:00+00:00,2020-05-22 19:00:00+00:00,TIME_EXIT,LONG,207.04,0.0,0.0,207.04,207.04,1,4,9368.5,9319.5,49.0
p0_st5_20_bearish_sr350_lr750_buf0_tg1030,"P0 st5_20_bearish, short $350, switch long $750, buffer 0, guard 10:30",NASDAQ_ORB_15m_p0_short_switch_tp2r_p0_st5_20_bearish_sr350_lr750_buf0_tg1030_2020-05-25,2020-05-25,15,2.0,2.0,st5_20_bearish,350.0,750.0,0,10:30,LONG,False,1,2020-05-25 14:37:00+00:00,2020-05-25 14:38:00+00:00,2020-05-25 22:02:00+00:00,TIME_EXIT,LONG,-384.55999999999995,0.0,0.0,-384.55999999999995,-384.55999999999995,0,19,9526.0,9513.5,12.5
p0_st5_20_bearish_sr350_lr750_buf0_tg1030,"P0 st5_20_bearish, short $350, switch long $750, buffer 0, guard 10:30",NASDAQ_ORB_15m_p0_short_switch_tp2r_p0_st5_20_bearish_sr350_lr750_buf0_tg1030_2020-05-26,2020-05-26,15,2.0,2.0,st5_20_bearish,350.0,750.0,0,10:30,SHORT,False,1,2020-05-26 13:51:00+00:00,2020-05-26 13:52:00+00:00,2020-05-26 19:00:00+00:00,TIME_EXIT,SHORT,0.0,372.78000000000003,0.0,372.78000000000003,372.78000000000003,1,3,9569.75,9519.5,50.25
p0_st5_20_bearish_sr350_lr750_buf0_tg1030,"P0 st5_20_bearish, short $350, switch long $750, buffer 0, guard 10:30",NASDAQ_ORB_15m_p0_short_switch_tp2r_p0_st5_20_bearish_sr350_lr750_buf0_tg1030_2020-05-27,2020-05-27,15,2.0,2.0,st5_20_bearish,350.0,750.0,0,10:30,SHORT,False,1,2020-05-27 13:47:00+00:00,2020-05-27 13:48:00+00:00,2020-05-27 14:50:00+00:00,TP_2R,SHORT,0.0,538.52,0.0,538.52,538.52,1,2,9385.25,9324.25,61.0
p0_st5_20_bearish_sr350_lr750_buf0_tg1030,"P0 st5_20_bearish, short $350, switch long $750, buffer 0, guard 10:30",NASDAQ_ORB_15m_p0_short_switch_tp2r_p0_st5_20_bearish_sr350_lr750_buf0_tg1030_2020-05-28,2020-05-28,15,2.0,2.0,st5_20_bearish,350.0,750.0,0,10:30,LONG,False,1,2020-05-28 14:09:00+00:00,2020-05-28 14:10:00+00:00,2020-05-28 19:00:00+00:00,TIME_EXIT,LONG,347.28000000000003,0.0,0.0,347.28000000000003,347.28000000000003,1,3,9462.75,9382.25,80.5
p0_st5_20_bearish_sr350_lr750_buf0_tg1030,"P0 st5_20_bearish, short $350, switch long $750, buffer 0, guard 10:30",NASDAQ_ORB_15m_p0_short_switch_tp2r_p0_st5_20_bearish_sr350_lr750_buf0_tg1030_2020-05-29,2020-05-29,15,2.0,2.0,st5_20_bearish,350.0,750.0,0,10:30,LONG,False,1,2020-05-29 13:47:00+00:00,2020-05-29 13:48:00+00:00,2020-05-29 19:00:00+00:00,TIME_EXIT,LONG,183.04,0.0,0.0,183.04,183.04,1,4,9464.75,9420.5,44.25
p0_st5_20_bearish_sr350_lr750_buf0_tg1030,"P0 st5_20_bearish, short $350, switch long $750, buffer 0, guard 10:30",NASDAQ_ORB_15m_p0_short_switch_tp2r_p0_st5_20_bearish_sr350_lr750_buf0_tg1030_2020-06-01,2020-06-01,15,2.0,2.0,st5_20_bearish,350.0,750.0,0,10:30,LONG,False,1,2020-06-01 13:46:00+00:00,2020-06-01 13:47:00+00:00,2020-06-01 19:00:00+00:00,TIME_EXIT,LONG,243.04,0.0,0.0,243.04,243.04,1,4,9559.0,9505.5,53.5
p0_st5_20_bearish_sr350_lr750_buf0_tg1030,"P0 st5_20_bearish, short $350, switch long $750, buffer 0, guard 10:30",NASDAQ_ORB_15m_p0_short_switch_tp2r_p0_st5_20_bearish_sr350_lr750_buf0_tg1030_2020-06-02,2020-06-02,15,2.0,2.0,st5_20_bearish,350.0,750.0,0,10:30,SHORT,True,2,2020-06-02 13:49:00+00:00,2020-06-02 13:50:00+00:00,2020-06-02 19:00:00+00:00,SWITCH_TO_LONG+TIME_EXIT,SHORT,-83.16,-309.71999999999997,-83.16,-392.88,-392.88,0,12,9605.5,9570.5,35.0
p0_st5_20_bearish_sr350_lr750_buf0_tg1030,"P0 st5_20_bearish, short $350, switch long $750, buffer 0, guard 10:30",NASDAQ_ORB_15m_p0_short_switch_tp2r_p0_st5_20_bearish_sr350_lr750_buf0_tg1030_2020-06-03,2020-06-03,15,2.0,2.0,st5_20_bearish,350.0,750.0,0,10:30,LONG,False,1,2020-06-03 14:01:00+00:00,2020-06-03 14:02:00+00:00,2020-06-03 19:00:00+00:00,TIME_EXIT,LONG,-32.96,0.0,0.0,-32.96,-32.96,0,4,9697.5,9650.75,46.75
p0_st5_20_bearish_sr350_lr750_buf0_tg1030,"P0 st5_20_bearish, short $350, switch long $750, buffer 0, guard 10:30",NASDAQ_ORB_15m_p0_short_switch_tp2r_p0_st5_20_bearish_sr350_lr750_buf0_tg1030_2020-06-04,2020-06-04,15,2.0,2.0,st5_20_bearish,350.0,750.0,0,10:30,LONG,False,1,2020-06-04 13:46:00+00:00,2020-06-04 13:47:00+00:00,2020-06-04 19:00:00+00:00,TIME_EXIT,LONG,-1196.2,0.0,0.0,-1196.2,-1196.2,0,5,9707.25,9669.75,37.5
p0_st5_20_bearish_sr350_lr750_buf0_tg1030,"P0 st5_20_bearish, short $350, switch long $750, buffer 0, guard 10:30",NASDAQ_ORB_15m_p0_short_switch_tp2r_p0_st5_20_bearish_sr350_lr750_buf0_tg1030_2020-06-05,2020-06-05,15,2.0,2.0,st5_20_bearish,350.0,750.0,0,10:30,LONG,False,1,2020-06-05 13:46:00+00:00,2020-06-05 13:47:00+00:00,2020-06-05 19:00:00+00:00,TIME_EXIT,LONG,218.52,0.0,0.0,218.52,218.52,1,2,9762.75,9653.25,109.5
p0_st5_20_bearish_sr350_lr750_buf0_tg1030,"P0 st5_20_bearish, short $350, switch long $750, buffer 0, guard 10:30",NASDAQ_ORB_15m_p0_short_switch_tp2r_p0_st5_20_bearish_sr350_lr750_buf0_tg1030_2020-06-08,2020-06-08,15,2.0,2.0,st5_20_bearish,350.0,750.0,0,10:30,SHORT,True,2,2020-06-08 13:50:00+00:00,2020-06-08 13:51:00+00:00,2020-06-08 19:00:00+00:00,SWITCH_TO_LONG+TIME_EXIT,SHORT,722.34,-309.71999999999997,722.34,412.62000000000006,412.62000000000006,1,12,9829.0,9792.0,37.0
p0_st5_20_bearish_sr350_lr750_buf0_tg1030,"P0 st5_20_bearish, short $350, switch long $750, buffer 0, guard 10:30",NASDAQ_ORB_15m_p0_short_switch_tp2r_p0_st5_20_bearish_sr350_lr750_buf0_tg1030_2020-06-09,2020-06-09,15,2.0,2.0,st5_20_bearish,350.0,750.0,0,10:30,LONG,False,1,2020-06-09 13:46:00+00:00,2020-06-09 13:47:00+00:00,2020-06-09 19:00:00+00:00,TIME_EXIT,LONG,649.04,0.0,0.0,649.04,649.04,1,4,9900.0,9851.75,48.25
p0_st5_20_bearish_sr350_lr750_buf0_tg1030,"P0 st5_20_bearish, short $350, switch long $750, buffer 0, guard 10:30",NASDAQ_ORB_15m_p0_short_switch_tp2r_p0_st5_20_bearish_sr350_lr750_buf0_tg1030_2020-06-10,2020-06-10,15,2.0,2.0,st5_20_bearish,350.0,750.0,0,10:30,LONG,False,1,2020-06-10 14:01:00+00:00,2020-06-10 14:02:00+00:00,2020-06-10 19:00:00+00:00,TIME_EXIT,LONG,263.8,0.0,0.0,263.8,263.8,1,5,10066.0,10023.0,43.0
p0_st5_20_bearish_sr350_lr750_buf0_tg1030,"P0 st5_20_bearish, short $350, switch long $750, buffer 0, guard 10:30",NASDAQ_ORB_15m_p0_short_switch_tp2r_p0_st5_20_bearish_sr350_lr750_buf0_tg1030_2020-06-11,2020-06-11,15,2.0,2.0,st5_20_bearish,350.0,750.0,0,10:30,LONG,False,1,2020-06-11 14:13:00+00:00,2020-06-11 14:14:00+00:00,2020-06-11 19:00:00+00:00,TIME_EXIT,LONG,-1890.72,0.0,0.0,-1890.72,-1890.72,0,3,9954.75,9876.5,78.25
p0_st5_20_bearish_sr350_lr750_buf0_tg1030,"P0 st5_20_bearish, short $350, switch long $750, buffer 0, guard 10:30",NASDAQ_ORB_15m_p0_short_switch_tp2r_p0_st5_20_bearish_sr350_lr750_buf0_tg1030_2020-06-15,2020-06-15,15,2.0,2.0,st5_20_bearish,350.0,750.0,0,10:30,LONG,False,1,2020-06-15 13:56:00+00:00,2020-06-15 13:57:00+00:00,2020-06-15 18:02:00+00:00,TP_2R,LONG,708.52,0.0,0.0,708.52,708.52,1,2,9559.25,9471.5,87.75
p0_st5_20_bearish_sr350_lr750_buf0_tg1030,"P0 st5_20_bearish, short $350, switch long $750, buffer 0, guard 10:30",NASDAQ_ORB_15m_p0_short_switch_tp2r_p0_st5_20_bearish_sr350_lr750_buf0_tg1030_2020-06-16,2020-06-16,15,2.0,2.0,st5_20_bearish,350.0,750.0,0,10:30,LONG,False,1,2020-06-16 13:46:00+00:00,2020-06-16 13:47:00+00:00,2020-06-16 19:00:00+00:00,TIME_EXIT,LONG,-540.96,0.0,0.0,-540.96,-540.96,0,4,9984.0,9940.5,43.5
p0_st5_20_bearish_sr350_lr750_buf0_tg1030,"P0 st5_20_bearish, short $350, switch long $750, buffer 0, guard 10:30",NASDAQ_ORB_15m_p0_short_switch_tp2r_p0_st5_20_bearish_sr350_lr750_buf0_tg1030_2020-06-17,2020-06-17,15,2.0,2.0,st5_20_bearish,350.0,750.0,0,10:30,LONG,False,1,2020-06-17 13:48:00+00:00,2020-06-17 13:49:00+00:00,2020-06-17 19:00:00+00:00,TIME_EXIT,LONG,-52.44,0.0,0.0,-52.44,-52.44,0,6,10014.75,9976.0,38.75
p0_st5_20_bearish_sr350_lr750_buf0_tg1030,"P0 st5_20_bearish, short $350, switch long $750, buffer 0, guard 10:30",NASDAQ_ORB_15m_p0_short_switch_tp2r_p0_st5_20_bearish_sr350_lr750_buf0_tg1030_2020-06-18,2020-06-18,15,2.0,2.0,st5_20_bearish,350.0,750.0,0,10:30,LONG,False,1,2020-06-18 13:50:00+00:00,2020-06-18 13:51:00+00:00,2020-06-18 19:00:00+00:00,TIME_EXIT,LONG,-376.2,0.0,0.0,-376.2,-376.2,0,5,9982.25,9941.75,40.5
p0_st5_20_bearish_sr350_lr750_buf0_tg1030,"P0 st5_20_bearish, short $350, switch long $750, buffer 0, guard 10:30",NASDAQ_ORB_15m_p0_short_switch_tp2r_p0_st5_20_bearish_sr350_lr750_buf0_tg1030_2020-06-19,2020-06-19,15,2.0,2.0,st5_20_bearish,350.0,750.0,0,10:30,LONG,False,1,2020-06-19 13:50:00+00:00,2020-06-19 13:51:00+00:00,2020-06-19 19:00:00+00:00,TIME_EXIT,LONG,-1945.92,0.0,0.0,-1945.92,-1945.92,0,8,10102.0,10075.5,26.5
p0_st5_20_bearish_sr350_lr750_buf0_tg1030,"P0 st5_20_bearish, short $350, switch long $750, buffer 0, guard 10:30",NASDAQ_ORB_15m_p0_short_switch_tp2r_p0_st5_20_bearish_sr350_lr750_buf0_tg1030_2020-06-22,2020-06-22,15,2.0,2.0,st5_20_bearish,350.0,750.0,0,10:30,LONG,False,1,2020-06-22 13:54:00+00:00,2020-06-22 13:55:00+00:00,2020-06-22 16:16:00+00:00,TP_2R,LONG,895.56,0.0,0.0,895.56,895.56,1,6,10006.25,9975.25,31.0
p0_st5_20_bearish_sr350_lr750_buf0_tg1030,"P0 st5_20_bearish, short $350, switch long $750, buffer 0, guard 10:30",NASDAQ_ORB_15m_p0_short_switch_tp2r_p0_st5_20_bearish_sr350_lr750_buf0_tg1030_2020-06-23,2020-06-23,15,2.0,2.0,st5_20_bearish,350.0,750.0,0,10:30,LONG,False,1,2020-06-23 14:18:00+00:00,2020-06-23 14:19:00+00:00,2020-06-23 17:35:00+00:00,TP_2R,LONG,856.3,0.0,0.0,856.3,856.3,1,5,10199.5,10158.75,40.75
p0_st5_20_bearish_sr350_lr750_buf0_tg1030,"P0 st5_20_bearish, short $350, switch long $750, buffer 0, guard 10:30",NASDAQ_ORB_15m_p0_short_switch_tp2r_p0_st5_20_bearish_sr350_lr750_buf0_tg1030_2020-06-24,2020-06-24,15,2.0,2.0,st5_20_bearish,350.0,750.0,0,10:30,SHORT,False,1,2020-06-24 13:55:00+00:00,2020-06-24 13:56:00+00:00,2020-06-24 15:44:00+00:00,TP_2R,SHORT,0.0,353.26,0.0,353.26,353.26,1,1,10221.25,10162.0,59.25
p0_st5_20_bearish_sr350_lr750_buf0_tg1030,"P0 st5_20_bearish, short $350, switch long $750, buffer 0, guard 10:30",NASDAQ_ORB_15m_p0_short_switch_tp2r_p0_st5_20_bearish_sr350_lr750_buf0_tg1030_2020-06-25,2020-06-25,15,2.0,2.0,st5_20_bearish,350.0,750.0,0,10:30,SHORT,True,2,2020-06-25 13:48:00+00:00,2020-06-25 13:49:00+00:00,2020-06-25 19:00:00+00:00,SWITCH_TO_LONG+TIME_EXIT,SHORT,-156.72,-221.74,-156.72,-378.46000000000004,-378.46000000000004,0,4,10017.5,9911.0,106.5
p0_st5_20_bearish_sr350_lr750_buf0_tg1030,"P0 st5_20_bearish, short $350, switch long $750, buffer 0, guard 10:30",NASDAQ_ORB_15m_p0_short_switch_tp2r_p0_st5_20_bearish_sr350_lr750_buf0_tg1030_2020-06-26,2020-06-26,15,2.0,2.0,st5_20_bearish,350.0,750.0,0,10:30,SHORT,False,1,2020-06-26 14:02:00+00:00,2020-06-26 14:03:00+00:00,2020-06-26 19:00:00+00:00,TIME_EXIT,SHORT,0.0,473.52,0.0,473.52,473.52,1,2,10082.5,10004.5,78.0
p0_st5_20_bearish_sr350_lr750_buf0_tg1030,"P0 st5_20_bearish, short $350, switch long $750, buffer 0, guard 10:30",NASDAQ_ORB_15m_p0_short_switch_tp2r_p0_st5_20_bearish_sr350_lr750_buf0_tg1030_2020-06-29,2020-06-29,15,2.0,2.0,st5_20_bearish,350.0,750.0,0,10:30,SHORT,True,2,2020-06-29 13:48:00+00:00,2020-06-29 13:49:00+00:00,2020-06-29 19:00:00+00:00,SWITCH_TO_LONG+TIME_EXIT,SHORT,266.28000000000003,-229.24,266.28000000000003,37.04000000000002,37.04000000000002,1,4,9850.0,9743.5,106.5
p0_st5_20_bearish_sr350_lr750_buf0_tg1030,"P0 st5_20_bearish, short $350, switch long $750, buffer 0, guard 10:30",NASDAQ_ORB_15m_p0_short_switch_tp2r_p0_st5_20_bearish_sr350_lr750_buf0_tg1030_2020-06-30,2020-06-30,15,2.0,2.0,st5_20_bearish,350.0,750.0,0,10:30,LONG,False,1,2020-06-30 13:48:00+00:00,2020-06-30 13:49:00+00:00,2020-07-01 00:02:00+00:00,TIME_EXIT,LONG,626.28,0.0,0.0,626.28,626.28,1,3,10012.0,9943.0,69.0
p0_st5_20_bearish_sr350_lr750_buf0_tg1030,"P0 st5_20_bearish, short $350, switch long $750, buffer 0, guard 10:30",NASDAQ_ORB_15m_p0_short_switch_tp2r_p0_st5_20_bearish_sr350_lr750_buf0_tg1030_2020-07-01,2020-07-01,15,2.0,2.0,st5_20_bearish,350.0,750.0,0,10:30,LONG,False,1,2020-07-01 14:21:00+00:00,2020-07-01 14:22:00+00:00,2020-07-01 19:00:00+00:00,TIME_EXIT,LONG,413.28,0.0,0.0,413.28,413.28,1,3,10193.5,10131.25,62.25
p0_st5_20_bearish_sr350_lr750_buf0_tg1030,"P0 st5_20_bearish, short $350, switch long $750, buffer 0, guard 10:30",NASDAQ_ORB_15m_p0_short_switch_tp2r_p0_st5_20_bearish_sr350_lr750_buf0_tg1030_2020-07-02,2020-07-02,15,2.0,2.0,st5_20_bearish,350.0,750.0,0,10:30,LONG,False,1,2020-07-02 13:57:00+00:00,2020-07-02 13:58:00+00:00,2020-07-02 19:00:00+00:00,TIME_EXIT,LONG,-138.7,0.0,0.0,-138.7,-138.7,0,5,10410.75,10366.5,44.25
p0_st5_20_bearish_sr350_lr750_buf0_tg1030,"P0 st5_20_bearish, short $350, switch long $750, buffer 0, guard 10:30",NASDAQ_ORB_15m_p0_short_switch_tp2r_p0_st5_20_bearish_sr350_lr750_buf0_tg1030_2020-07-06,2020-07-06,15,2.0,2.0,st5_20_bearish,350.0,750.0,0,10:30,LONG,False,1,2020-07-06 13:56:00+00:00,2020-07-06 13:57:00+00:00,2020-07-06 15:06:00+00:00,TP_2R,LONG,907.56,0.0,0.0,907.56,907.56,1,6,10500.5,10469.75,30.75
p0_st5_20_bearish_sr350_lr750_buf0_tg1030,"P0 st5_20_bearish, short $350, switch long $750, buffer 0, guard 10:30",NASDAQ_ORB_15m_p0_short_switch_tp2r_p0_st5_20_bearish_sr350_lr750_buf0_tg1030_2020-07-07,2020-07-07,15,2.0,2.0,st5_20_bearish,350.0,750.0,0,10:30,LONG,False,1,2020-07-07 13:47:00+00:00,2020-07-07 13:48:00+00:00,2020-07-07 19:00:00+00:00,TIME_EXIT,LONG,-203.21999999999997,0.0,0.0,-203.21999999999997,-203.21999999999997,0,3,10616.5,10556.75,59.75
p0_st5_20_bearish_sr350_lr750_buf0_tg1030,"P0 st5_20_bearish, short $350, switch long $750, buffer 0, guard 10:30",NASDAQ_ORB_15m_p0_short_switch_tp2r_p0_st5_20_bearish_sr350_lr750_buf0_tg1030_2020-07-08,2020-07-08,15,2.0,2.0,st5_20_bearish,350.0,750.0,0,10:30,LONG,False,1,2020-07-08 13:49:00+00:00,2020-07-08 13:50:00+00:00,2020-07-08 19:00:00+00:00,TIME_EXIT,LONG,-136.96,0.0,0.0,-136.96,-136.96,0,4,10616.0,10566.5,49.5
p0_st5_20_bearish_sr350_lr750_buf0_tg1030,"P0 st5_20_bearish, short $350, switch long $750, buffer 0, guard 10:30",NASDAQ_ORB_15m_p0_short_switch_tp2r_p0_st5_20_bearish_sr350_lr750_buf0_tg1030_2020-07-09,2020-07-09,15,2.0,2.0,st5_20_bearish,350.0,750.0,0,10:30,SHORT,False,1,2020-07-09 14:18:00+00:00,2020-07-09 14:19:00+00:00,2020-07-09 15:05:00+00:00,TP_2R,SHORT,0.0,472.52,0.0,472.52,472.52,1,2,10747.5,10689.0,58.5
p0_st5_20_bearish_sr350_lr750_buf0_tg1030,"P0 st5_20_bearish, short $350, switch long $750, buffer 0, guard 10:30",NASDAQ_ORB_15m_p0_short_switch_tp2r_p0_st5_20_bearish_sr350_lr750_buf0_tg1030_2020-07-10,2020-07-10,15,2.0,2.0,st5_20_bearish,350.0,750.0,0,10:30,SHORT,True,2,2020-07-10 14:01:00+00:00,2020-07-10 14:02:00+00:00,2020-07-10 19:00:00+00:00,SWITCH_TO_LONG+TIME_EXIT,SHORT,228.78000000000003,-223.24,228.78000000000003,5.5400000000000205,5.5400000000000205,1,4,10749.25,10657.0,92.25
p0_st5_20_bearish_sr350_lr750_buf0_tg1030,"P0 st5_20_bearish, short $350, switch long $750, buffer 0, guard 10:30",NASDAQ_ORB_15m_p0_short_switch_tp2r_p0_st5_20_bearish_sr350_lr750_buf0_tg1030_2020-07-13,2020-07-13,15,2.0,2.0,st5_20_bearish,350.0,750.0,0,10:30,LONG,False,1,2020-07-13 14:30:00+00:00,2020-07-13 14:31:00+00:00,2020-07-13 19:00:00+00:00,TIME_EXIT,LONG,-779.22,0.0,0.0,-779.22,-779.22,0,3,10996.75,10929.5,67.25
p0_st5_20_bearish_sr350_lr750_buf0_tg1030,"P0 st5_20_bearish, short $350, switch long $750, buffer 0, guard 10:30",NASDAQ_ORB_15m_p0_short_switch_tp2r_p0_st5_20_bearish_sr350_lr750_buf0_tg1030_2020-07-16,2020-07-16,15,2.0,2.0,st5_20_bearish,350.0,750.0,0,10:30,LONG,False,1,2020-07-16 17:15:00+00:00,2020-07-16 17:16:00+00:00,2020-07-16 19:00:00+00:00,TIME_EXIT,LONG,-227.21999999999997,0.0,0.0,-227.21999999999997,-227.21999999999997,0,3,10600.0,10537.5,62.5
p0_st5_20_bearish_sr350_lr750_buf0_tg1030,"P0 st5_20_bearish, short $350, switch long $750, buffer 0, guard 10:30",NASDAQ_ORB_15m_p0_short_switch_tp2r_p0_st5_20_bearish_sr350_lr750_buf0_tg1030_2020-07-17,2020-07-17,15,2.0,2.0,st5_20_bearish,350.0,750.0,0,10:30,SHORT,True,2,2020-07-17 13:47:00+00:00,2020-07-17 13:48:00+00:00,2020-07-17 19:00:00+00:00,SWITCH_TO_LONG+TIME_EXIT,SHORT,-53.7,-316.48,-53.7,-370.18,-370.18,0,7,10650.0,10582.0,68.0
p0_st5_20_bearish_sr350_lr750_buf0_tg1030,"P0 st5_20_bearish, short $350, switch long $750, buffer 0, guard 10:30",NASDAQ_ORB_15m_p0_short_switch_tp2r_p0_st5_20_bearish_sr350_lr750_buf0_tg1030_2020-07-20,2020-07-20,15,2.0,2.0,st5_20_bearish,350.0,750.0,0,10:30,LONG,False,1,2020-07-20 13:56:00+00:00,2020-07-20 13:57:00+00:00,2020-07-20 17:41:00+00:00,TP_2R,LONG,954.78,0.0,0.0,954.78,954.78,1,3,10684.5,10605.75,78.75
p0_st5_20_bearish_sr350_lr750_buf0_tg1030,"P0 st5_20_bearish, short $350, switch long $750, buffer 0, guard 10:30",NASDAQ_ORB_15m_p0_short_switch_tp2r_p0_st5_20_bearish_sr350_lr750_buf0_tg1030_2020-07-21,2020-07-21,15,2.0,2.0,st5_20_bearish,350.0,750.0,0,10:30,SHORT,False,1,2020-07-21 14:11:00+00:00,2020-07-21 14:12:00+00:00,2020-07-21 19:00:00+00:00,TIME_EXIT,SHORT,0.0,-4.74,0.0,-4.74,-4.74,0,1,11003.25,10905.75,97.5
p0_st5_20_bearish_sr350_lr750_buf0_tg1030,"P0 st5_20_bearish, short $350, switch long $750, buffer 0, guard 10:30",NASDAQ_ORB_15m_p0_short_switch_tp2r_p0_st5_20_bearish_sr350_lr750_buf0_tg1030_2020-07-22,2020-07-22,15,2.0,2.0,st5_20_bearish,350.0,750.0,0,10:30,LONG,False,1,2020-07-22 13:54:00+00:00,2020-07-22 13:55:00+00:00,2020-07-22 19:00:00+00:00,TIME_EXIT,LONG,-410.22,0.0,0.0,-410.22,-410.22,0,3,10874.25,10820.5,53.75
p0_st5_20_bearish_sr350_lr750_buf0_tg1030,"P0 st5_20_bearish, short $350, switch long $750, buffer 0, guard 10:30",NASDAQ_ORB_15m_p0_short_switch_tp2r_p0_st5_20_bearish_sr350_lr750_buf0_tg1030_2020-07-23,2020-07-23,15,2.0,2.0,st5_20_bearish,350.0,750.0,0,10:30,LONG,False,1,2020-07-23 13:46:00+00:00,2020-07-23 13:47:00+00:00,2020-07-23 19:00:00+00:00,TIME_EXIT,LONG,-2661.2,0.0,0.0,-2661.2,-2661.2,0,5,10845.5,10798.75,46.75
p0_st5_20_bearish_sr350_lr750_buf0_tg1030,"P0 st5_20_bearish, short $350, switch long $750, buffer 0, guard 10:30",NASDAQ_ORB_15m_p0_short_switch_tp2r_p0_st5_20_bearish_sr350_lr750_buf0_tg1030_2020-07-24,2020-07-24,15,2.0,2.0,st5_20_bearish,350.0,750.0,0,10:30,LONG,False,1,2020-07-24 14:21:00+00:00,2020-07-24 14:22:00+00:00,2020-07-24 19:00:00+00:00,TIME_EXIT,LONG,81.26,0.0,0.0,81.26,81.26,1,1,10432.0,10301.25,130.75
p0_st5_20_bearish_sr350_lr750_buf0_tg1030,"P0 st5_20_bearish, short $350, switch long $750, buffer 0, guard 10:30",NASDAQ_ORB_15m_p0_short_switch_tp2r_p0_st5_20_bearish_sr350_lr750_buf0_tg1030_2020-07-27,2020-07-27,15,2.0,2.0,st5_20_bearish,350.0,750.0,0,10:30,LONG,False,1,2020-07-27 13:50:00+00:00,2020-07-27 13:51:00+00:00,2020-07-27 19:00:00+00:00,TIME_EXIT,LONG,39.52,0.0,0.0,39.52,39.52,1,2,10610.5,10513.5,97.0
p0_st5_20_bearish_sr350_lr750_buf0_tg1030,"P0 st5_20_bearish, short $350, switch long $750, buffer 0, guard 10:30",NASDAQ_ORB_15m_p0_short_switch_tp2r_p0_st5_20_bearish_sr350_lr750_buf0_tg1030_2020-07-28,2020-07-28,15,2.0,2.0,st5_20_bearish,350.0,750.0,0,10:30,SHORT,True,2,2020-07-28 13:52:00+00:00,2020-07-28 13:53:00+00:00,2020-07-28 19:00:00+00:00,SWITCH_TO_LONG+TIME_EXIT,SHORT,-493.7,-302.48,-493.7,-796.1800000000001,-796.1800000000001,0,7,10646.75,10579.0,67.75
p0_st5_20_bearish_sr350_lr750_buf0_tg1030,"P0 st5_20_bearish, short $350, switch long $750, buffer 0, guard 10:30",NASDAQ_ORB_15m_p0_short_switch_tp2r_p0_st5_20_bearish_sr350_lr750_buf0_tg1030_2020-07-29,2020-07-29,15,2.0,2.0,st5_20_bearish,350.0,750.0,0,10:30,SHORT,True,2,2020-07-29 13:50:00+00:00,2020-07-29 13:51:00+00:00,2020-07-29 18:44:00+00:00,SWITCH_TO_LONG+TP_2R,SHORT,1432.6,-310.96,1432.6,1121.6399999999999,1121.6399999999999,1,14,10611.5,10576.0,35.5
p0_st5_20_bearish_sr350_lr750_buf0_tg1030,"P0 st5_20_bearish, short $350, switch long $750, buffer 0, guard 10:30",NASDAQ_ORB_15m_p0_short_switch_tp2r_p0_st5_20_bearish_sr350_lr750_buf0_tg1030_2020-07-30,2020-07-30,15,2.0,2.0,st5_20_bearish,350.0,750.0,0,10:30,LONG,False,1,2020-07-30 15:22:00+00:00,2020-07-30 15:23:00+00:00,2020-07-30 19:00:00+00:00,TIME_EXIT,LONG,513.78,0.0,0.0,513.78,513.78,1,3,10617.75,10551.5,66.25
p0_st5_20_bearish_sr350_lr750_buf0_tg1030,"P0 st5_20_bearish, short $350, switch long $750, buffer 0, guard 10:30",NASDAQ_ORB_15m_p0_short_switch_tp2r_p0_st5_20_bearish_sr350_lr750_buf0_tg1030_2020-07-31,2020-07-31,15,2.0,2.0,st5_20_bearish,350.0,750.0,0,10:30,SHORT,False,1,2020-07-31 14:09:00+00:00,2020-07-31 14:10:00+00:00,2020-07-31 19:00:00+00:00,TIME_EXIT,SHORT,0.0,-52.24,0.0,-52.24,-52.24,0,1,10901.25,10780.0,121.25
p0_st5_20_bearish_sr350_lr750_buf0_tg1030,"P0 st5_20_bearish, short $350, switch long $750, buffer 0, guard 10:30",NASDAQ_ORB_15m_p0_short_switch_tp2r_p0_st5_20_bearish_sr350_lr750_buf0_tg1030_2020-08-03,2020-08-03,15,2.0,2.0,st5_20_bearish,350.0,750.0,0,10:30,LONG,False,1,2020-08-03 14:01:00+00:00,2020-08-03 14:02:00+00:00,2020-08-03 19:00:00+00:00,TIME_EXIT,LONG,65.28,0.0,0.0,65.28,65.28,1,3,11042.5,10980.5,62.0
p0_st5_20_bearish_sr350_lr750_buf0_tg1030,"P0 st5_20_bearish, short $350, switch long $750, buffer 0, guard 10:30",NASDAQ_ORB_15m_p0_short_switch_tp2r_p0_st5_20_bearish_sr350_lr750_buf0_tg1030_2020-08-04,2020-08-04,15,2.0,2.0,st5_20_bearish,350.0,750.0,0,10:30,LONG,False,1,2020-08-04 13:46:00+00:00,2020-08-04 13:47:00+00:00,2020-08-04 19:00:00+00:00,TIME_EXIT,LONG,-258.7,0.0,0.0,-258.7,-258.7,0,5,11050.0,11006.25,43.75
p0_st5_20_bearish_sr350_lr750_buf0_tg1030,"P0 st5_20_bearish, short $350, switch long $750, buffer 0, guard 10:30",NASDAQ_ORB_15m_p0_short_switch_tp2r_p0_st5_20_bearish_sr350_lr750_buf0_tg1030_2020-08-05,2020-08-05,15,2.0,2.0,st5_20_bearish,350.0,750.0,0,10:30,LONG,False,1,2020-08-05 13:52:00+00:00,2020-08-05 13:53:00+00:00,2020-08-05 19:00:00+00:00,TIME_EXIT,LONG,34.56,0.0,0.0,34.56,34.56,1,6,11103.75,11064.5,39.25
p0_st5_20_bearish_sr350_lr750_buf0_tg1030,"P0 st5_20_bearish, short $350, switch long $750, buffer 0, guard 10:30",NASDAQ_ORB_15m_p0_short_switch_tp2r_p0_st5_20_bearish_sr350_lr750_buf0_tg1030_2020-08-06,2020-08-06,15,2.0,2.0,st5_20_bearish,350.0,750.0,0,10:30,LONG,False,1,2020-08-06 14:11:00+00:00,2020-08-06 14:12:00+00:00,2020-08-06 18:10:00+00:00,TP_2R,LONG,891.3,0.0,0.0,891.3,891.3,1,5,11120.25,11081.0,39.25
p0_st5_20_bearish_sr350_lr750_buf0_tg1030,"P0 st5_20_bearish, short $350, switch long $750, buffer 0, guard 10:30",NASDAQ_ORB_15m_p0_short_switch_tp2r_p0_st5_20_bearish_sr350_lr750_buf0_tg1030_2020-08-07,2020-08-07,15,2.0,2.0,st5_20_bearish,350.0,750.0,0,10:30,LONG,False,1,2020-08-07 13:48:00+00:00,2020-08-07 13:49:00+00:00,2020-08-07 19:00:00+00:00,TIME_EXIT,LONG,-2203.1800000000003,0.0,0.0,-2203.1800000000003,-2203.1800000000003,0,7,11240.5,11207.75,32.75
p0_st5_20_bearish_sr350_lr750_buf0_tg1030,"P0 st5_20_bearish, short $350, switch long $750, buffer 0, guard 10:30",NASDAQ_ORB_15m_p0_short_switch_tp2r_p0_st5_20_bearish_sr350_lr750_buf0_tg1030_2020-08-10,2020-08-10,15,2.0,2.0,st5_20_bearish,350.0,750.0,0,10:30,SHORT,False,1,2020-08-10 13:55:00+00:00,2020-08-10 13:56:00+00:00,2020-08-10 14:46:00+00:00,TP_2R,SHORT,0.0,543.78,0.0,543.78,543.78,1,3,11146.5,11116.75,29.75
p0_st5_20_bearish_sr350_lr750_buf0_tg1030,"P0 st5_20_bearish, short $350, switch long $750, buffer 0, guard 10:30",NASDAQ_ORB_15m_p0_short_switch_tp2r_p0_st5_20_bearish_sr350_lr750_buf0_tg1030_2020-08-11,2020-08-11,15,2.0,2.0,st5_20_bearish,350.0,750.0,0,10:30,LONG,False,1,2020-08-11 13:47:00+00:00,2020-08-11 13:48:00+00:00,2020-08-11 19:00:00+00:00,TIME_EXIT,LONG,-204.71999999999997,0.0,0.0,-204.71999999999997,-204.71999999999997,0,3,11030.25,10956.0,74.25
p0_st5_20_bearish_sr350_lr750_buf0_tg1030,"P0 st5_20_bearish, short $350, switch long $750, buffer 0, guard 10:30",NASDAQ_ORB_15m_p0_short_switch_tp2r_p0_st5_20_bearish_sr350_lr750_buf0_tg1030_2020-08-12,2020-08-12,15,2.0,2.0,st5_20_bearish,350.0,750.0,0,10:30,LONG,False,1,2020-08-12 13:49:00+00:00,2020-08-12 13:50:00+00:00,2020-08-12 16:22:00+00:00,TP_2R,LONG,798.78,0.0,0.0,798.78,798.78,1,3,11006.25,10957.5,48.75
p0_st5_20_bearish_sr350_lr750_buf0_tg1030,"P0 st5_20_bearish, short $350, switch long $750, buffer 0, guard 10:30",NASDAQ_ORB_15m_p0_short_switch_tp2r_p0_st5_20_bearish_sr350_lr750_buf0_tg1030_2020-08-13,2020-08-13,15,2.0,2.0,st5_20_bearish,350.0,750.0,0,10:30,LONG,False,1,2020-08-13 14:32:00+00:00,2020-08-13 14:33:00+00:00,2020-08-13 19:00:00+00:00,TIME_EXIT,LONG,-489.72,0.0,0.0,-489.72,-489.72,0,3,11230.0,11164.0,66.0
p0_st5_20_bearish_sr350_lr750_buf0_tg1030,"P0 st5_20_bearish, short $350, switch long $750, buffer 0, guard 10:30",NASDAQ_ORB_15m_p0_short_switch_tp2r_p0_st5_20_bearish_sr350_lr750_buf0_tg1030_2020-08-14,2020-08-14,15,2.0,2.0,st5_20_bearish,350.0,750.0,0,10:30,SHORT,False,1,2020-08-14 13:48:00+00:00,2020-08-14 13:49:00+00:00,2020-08-14 19:00:00+00:00,TIME_EXIT,SHORT,0.0,60.78,0.0,60.78,60.78,1,3,11206.75,11157.5,49.25
p0_st5_20_bearish_sr350_lr750_buf0_tg1030,"P0 st5_20_bearish, short $350, switch long $750, buffer 0, guard 10:30",NASDAQ_ORB_15m_p0_short_switch_tp2r_p0_st5_20_bearish_sr350_lr750_buf0_tg1030_2020-08-17,2020-08-17,15,2.0,2.0,st5_20_bearish,350.0,750.0,0,10:30,LONG,False,1,2020-08-17 13:52:00+00:00,2020-08-17 13:53:00+00:00,2020-08-17 19:00:00+00:00,TIME_EXIT,LONG,491.82000000000005,0.0,0.0,491.82000000000005,491.82000000000005,1,7,11252.0,11221.75,30.25
p0_st5_20_bearish_sr350_lr750_buf0_tg1030,"P0 st5_20_bearish, short $350, switch long $750, buffer 0, guard 10:30",NASDAQ_ORB_15m_p0_short_switch_tp2r_p0_st5_20_bearish_sr350_lr750_buf0_tg1030_2020-08-18,2020-08-18,15,2.0,2.0,st5_20_bearish,350.0,750.0,0,10:30,SHORT,True,2,2020-08-18 13:55:00+00:00,2020-08-18 13:56:00+00:00,2020-08-18 19:00:00+00:00,SWITCH_TO_LONG+TIME_EXIT,SHORT,148.56,-360.71999999999997,148.56,-212.15999999999997,-212.15999999999997,0,9,11381.75,11325.75,56.0
p0_st5_20_bearish_sr350_lr750_buf0_tg1030,"P0 st5_20_bearish, short $350, switch long $750, buffer 0, guard 10:30",NASDAQ_ORB_15m_p0_short_switch_tp2r_p0_st5_20_bearish_sr350_lr750_buf0_tg1030_2020-08-19,2020-08-19,15,2.0,2.0,st5_20_bearish,350.0,750.0,0,10:30,SHORT,True,2,2020-08-19 13:46:00+00:00,2020-08-19 13:47:00+00:00,2020-08-19 19:00:00+00:00,SWITCH_TO_LONG+TIME_EXIT,SHORT,-645.68,-345.71999999999997,-645.68,-991.3999999999999,-991.3999999999999,0,10,11415.0,11366.75,48.25
p0_st5_20_bearish_sr350_lr750_buf0_tg1030,"P0 st5_20_bearish, short $350, switch long $750, buffer 0, guard 10:30",NASDAQ_ORB_15m_p0_short_switch_tp2r_p0_st5_20_bearish_sr350_lr750_buf0_tg1030_2020-08-20,2020-08-20,15,2.0,2.0,st5_20_bearish,350.0,750.0,0,10:30,LONG,False,1,2020-08-20 13:46:00+00:00,2020-08-20 13:47:00+00:00,2020-08-20 19:00:00+00:00,TIME_EXIT,LONG,449.52,0.0,0.0,449.52,449.52,1,2,11340.5,11266.5,74.0
p0_st5_20_bearish_sr350_lr750_buf0_tg1030,"P0 st5_20_bearish, short $350, switch long $750, buffer 0, guard 10:30",NASDAQ_ORB_15m_p0_short_switch_tp2r_p0_st5_20_bearish_sr350_lr750_buf0_tg1030_2020-08-21,2020-08-21,15,2.0,2.0,st5_20_bearish,350.0,750.0,0,10:30,LONG,False,1,2020-08-21 13:48:00+00:00,2020-08-21 13:49:00+00:00,2020-08-21 19:00:00+00:00,TIME_EXIT,LONG,751.5600000000001,0.0,0.0,751.5600000000001,751.5600000000001,1,6,11490.5,11455.0,35.5
p0_st5_20_bearish_sr350_lr750_buf0_tg1030,"P0 st5_20_bearish, short $350, switch long $750, buffer 0, guard 10:30",NASDAQ_ORB_15m_p0_short_switch_tp2r_p0_st5_20_bearish_sr350_lr750_buf0_tg1030_2020-08-24,2020-08-24,15,2.0,2.0,st5_20_bearish,350.0,750.0,0,10:30,SHORT,False,1,2020-08-24 13:55:00+00:00,2020-08-24 13:56:00+00:00,2020-08-24 19:00:00+00:00,TIME_EXIT,SHORT,0.0,90.76,0.0,90.76,90.76,1,1,11722.5,11681.75,40.75
p0_st5_20_bearish_sr350_lr750_buf0_tg1030,"P0 st5_20_bearish, short $350, switch long $750, buffer 0, guard 10:30",NASDAQ_ORB_15m_p0_short_switch_tp2r_p0_st5_20_bearish_sr350_lr750_buf0_tg1030_2020-08-25,2020-08-25,15,2.0,2.0,st5_20_bearish,350.0,750.0,0,10:30,LONG,False,1,2020-08-25 14:17:00+00:00,2020-08-25 14:18:00+00:00,2020-08-25 19:00:00+00:00,TIME_EXIT,LONG,503.04,0.0,0.0,503.04,503.04,1,4,11632.0,11574.75,57.25
p0_st5_20_bearish_sr350_lr750_buf0_tg1030,"P0 st5_20_bearish, short $350, switch long $750, buffer 0, guard 10:30",NASDAQ_ORB_15m_p0_short_switch_tp2r_p0_st5_20_bearish_sr350_lr750_buf0_tg1030_2020-08-26,2020-08-26,15,2.0,2.0,st5_20_bearish,350.0,750.0,0,10:30,LONG,False,1,2020-08-26 14:25:00+00:00,2020-08-26 14:26:00+00:00,2020-08-26 15:41:00+00:00,TP_2R,LONG,913.56,0.0,0.0,913.56,913.56,1,6,11796.75,11762.75,34.0
p0_st5_20_bearish_sr350_lr750_buf0_tg1030,"P0 st5_20_bearish, short $350, switch long $750, buffer 0, guard 10:30",NASDAQ_ORB_15m_p0_short_switch_tp2r_p0_st5_20_bearish_sr350_lr750_buf0_tg1030_2020-08-27,2020-08-27,15,2.0,2.0,st5_20_bearish,350.0,750.0,0,10:30,SHORT,True,2,2020-08-27 14:13:00+00:00,2020-08-27 14:14:00+00:00,2020-08-27 19:00:00+00:00,SWITCH_TO_LONG+TIME_EXIT,SHORT,-348.71999999999997,-227.74,-348.71999999999997,-576.46,-576.46,0,4,12016.0,11912.5,103.5
p0_st5_20_bearish_sr350_lr750_buf0_tg1030,"P0 st5_20_bearish, short $350, switch long $750, buffer 0, guard 10:30",NASDAQ_ORB_15m_p0_short_switch_tp2r_p0_st5_20_bearish_sr350_lr750_buf0_tg1030_2020-08-28,2020-08-28,15,2.0,2.0,st5_20_bearish,350.0,750.0,0,10:30,LONG,False,1,2020-08-28 14:00:00+00:00,2020-08-28 14:01:00+00:00,2020-08-28 19:00:00+00:00,TIME_EXIT,LONG,-603.68,0.0,0.0,-603.68,-603.68,0,7,12004.75,11973.0,31.75
p0_st5_20_bearish_sr350_lr750_buf0_tg1030,"P0 st5_20_bearish, short $350, switch long $750, buffer 0, guard 10:30",NASDAQ_ORB_15m_p0_short_switch_tp2r_p0_st5_20_bearish_sr350_lr750_buf0_tg1030_2020-08-31,2020-08-31,15,2.0,2.0,st5_20_bearish,350.0,750.0,0,10:30,LONG,False,1,2020-08-31 13:50:00+00:00,2020-08-31 13:51:00+00:00,2020-08-31 17:46:00+00:00,TP_2R,LONG,986.3,0.0,0.0,986.3,986.3,1,5,12041.25,11993.0,48.25
p0_st5_20_bearish_sr350_lr750_buf0_tg1030,"P0 st5_20_bearish, short $350, switch long $750, buffer 0, guard 10:30",NASDAQ_ORB_15m_p0_short_switch_tp2r_p0_st5_20_bearish_sr350_lr750_buf0_tg1030_2020-09-01,2020-09-01,15,2.0,2.0,st5_20_bearish,350.0,750.0,0,10:30,LONG,False,1,2020-09-01 13:53:00+00:00,2020-09-01 13:54:00+00:00,2020-09-01 19:00:00+00:00,TIME_EXIT,LONG,249.52,0.0,0.0,249.52,249.52,1,2,12202.5,12125.0,77.5
p0_st5_20_bearish_sr350_lr750_buf0_tg1030,"P0 st5_20_bearish, short $350, switch long $750, buffer 0, guard 10:30",NASDAQ_ORB_15m_p0_short_switch_tp2r_p0_st5_20_bearish_sr350_lr750_buf0_tg1030_2020-09-02,2020-09-02,15,2.0,2.0,st5_20_bearish,350.0,750.0,0,10:30,SHORT,False,1,2020-09-02 13:52:00+00:00,2020-09-02 13:53:00+00:00,2020-09-02 19:00:00+00:00,TIME_EXIT,SHORT,0.0,-72.24,0.0,-72.24,-72.24,0,1,12434.75,12358.5,76.25
p0_st5_20_bearish_sr350_lr750_buf0_tg1030,"P0 st5_20_bearish, short $350, switch long $750, buffer 0, guard 10:30",NASDAQ_ORB_15m_p0_short_switch_tp2r_p0_st5_20_bearish_sr350_lr750_buf0_tg1030_2020-09-03,2020-09-03,15,2.0,2.0,st5_20_bearish,350.0,750.0,0,10:30,SHORT,False,1,2020-09-03 14:13:00+00:00,2020-09-03 14:14:00+00:00,2020-09-03 14:49:00+00:00,TP_2R,SHORT,0.0,445.26,0.0,445.26,445.26,1,1,12242.5,12132.25,110.25
p0_st5_20_bearish_sr350_lr750_buf0_tg1030,"P0 st5_20_bearish, short $350, switch long $750, buffer 0, guard 10:30",NASDAQ_ORB_15m_p0_short_switch_tp2r_p0_st5_20_bearish_sr350_lr750_buf0_tg1030_2020-09-07,2020-09-07,15,2.0,2.0,st5_20_bearish,350.0,750.0,0,10:30,LONG,False,1,2020-09-07 13:48:00+00:00,2020-09-07 13:49:00+00:00,2020-09-07 22:02:00+00:00,TIME_EXIT,LONG,462.08,0.0,0.0,462.08,462.08,1,8,11483.25,11455.75,27.5
p0_st5_20_bearish_sr350_lr750_buf0_tg1030,"P0 st5_20_bearish, short $350, switch long $750, buffer 0, guard 10:30",NASDAQ_ORB_15m_p0_short_switch_tp2r_p0_st5_20_bearish_sr350_lr750_buf0_tg1030_2020-09-08,2020-09-08,15,2.0,2.0,st5_20_bearish,350.0,750.0,0,10:30,LONG,False,1,2020-09-08 13:58:00+00:00,2020-09-08 13:59:00+00:00,2020-09-08 19:00:00+00:00,TIME_EXIT,LONG,-292.74,0.0,0.0,-292.74,-292.74,0,1,11270.25,11116.25,154.0
p0_st5_20_bearish_sr350_lr750_buf0_tg1030,"P0 st5_20_bearish, short $350, switch long $750, buffer 0, guard 10:30",NASDAQ_ORB_15m_p0_short_switch_tp2r_p0_st5_20_bearish_sr350_lr750_buf0_tg1030_2020-09-09,2020-09-09,15,2.0,2.0,st5_20_bearish,350.0,750.0,0,10:30,LONG,False,1,2020-09-09 14:26:00+00:00,2020-09-09 14:27:00+00:00,2020-09-09 19:00:00+00:00,TIME_EXIT,LONG,398.52,0.0,0.0,398.52,398.52,1,2,11305.5,11206.25,99.25
p0_st5_20_bearish_sr350_lr750_buf0_tg1030,"P0 st5_20_bearish, short $350, switch long $750, buffer 0, guard 10:30",NASDAQ_ORB_15m_p0_short_switch_tp2r_p0_st5_20_bearish_sr350_lr750_buf0_tg1030_2020-09-10,2020-09-10,15,2.0,2.0,st5_20_bearish,350.0,750.0,0,10:30,LONG,False,1,2020-09-10 14:04:00+00:00,2020-09-10 14:05:00+00:00,2020-09-10 19:00:00+00:00,TIME_EXIT,LONG,-2001.72,0.0,0.0,-2001.72,-2001.72,0,3,11546.25,11482.5,63.75
p0_st5_20_bearish_sr350_lr750_buf0_tg1030,"P0 st5_20_bearish, short $350, switch long $750, buffer 0, guard 10:30",NASDAQ_ORB_15m_p0_short_switch_tp2r_p0_st5_20_bearish_sr350_lr750_buf0_tg1030_2020-09-11,2020-09-11,15,2.0,2.0,st5_20_bearish,350.0,750.0,0,10:30,SHORT,False,1,2020-09-11 13:57:00+00:00,2020-09-11 13:58:00+00:00,2020-09-11 19:00:00+00:00,TIME_EXIT,SHORT,0.0,212.26,0.0,212.26,212.26,1,1,11280.5,11166.25,114.25
p0_st5_20_bearish_sr350_lr750_buf0_tg1030,"P0 st5_20_bearish, short $350, switch long $750, buffer 0, guard 10:30",NASDAQ_ORB_15m_p0_short_switch_tp2r_p0_st5_20_bearish_sr350_lr750_buf0_tg1030_2020-09-14,2020-09-14,15,2.0,2.0,st5_20_bearish,350.0,750.0,0,10:30,LONG,False,1,2020-09-14 13:46:00+00:00,2020-09-14 13:47:00+00:00,2020-09-14 19:00:00+00:00,TIME_EXIT,LONG,-173.48,0.0,0.0,-173.48,-173.48,0,2,11272.0,11194.0,78.0
p0_st5_20_bearish_sr350_lr750_buf0_tg1030,"P0 st5_20_bearish, short $350, switch long $750, buffer 0, guard 10:30",NASDAQ_ORB_15m_p0_short_switch_tp2r_p0_st5_20_bearish_sr350_lr750_buf0_tg1030_2020-09-15,2020-09-15,15,2.0,2.0,st5_20_bearish,350.0,750.0,0,10:30,LONG,False,1,2020-09-15 13:54:00+00:00,2020-09-15 13:55:00+00:00,2020-09-15 19:00:00+00:00,TIME_EXIT,LONG,-88.69999999999999,0.0,0.0,-88.69999999999999,-88.69999999999999,0,5,11448.5,11400.0,48.5
p0_st5_20_bearish_sr350_lr750_buf0_tg1030,"P0 st5_20_bearish, short $350, switch long $750, buffer 0, guard 10:30",NASDAQ_ORB_15m_p0_short_switch_tp2r_p0_st5_20_bearish_sr350_lr750_buf0_tg1030_2020-09-16,2020-09-16,15,2.0,2.0,st5_20_bearish,350.0,750.0,0,10:30,SHORT,False,1,2020-09-16 13:50:00+00:00,2020-09-16 13:51:00+00:00,2020-09-16 19:00:00+00:00,TIME_EXIT,SHORT,0.0,261.52,0.0,261.52,261.52,1,2,11478.0,11422.25,55.75
p0_st5_20_bearish_sr350_lr750_buf0_tg1030,"P0 st5_20_bearish, short $350, switch long $750, buffer 0, guard 10:30",NASDAQ_ORB_15m_p0_short_switch_tp2r_p0_st5_20_bearish_sr350_lr750_buf0_tg1030_2020-09-17,2020-09-17,15,2.0,2.0,st5_20_bearish,350.0,750.0,0,10:30,LONG,False,1,2020-09-17 13:51:00+00:00,2020-09-17 13:52:00+00:00,2020-09-17 19:00:00+00:00,TIME_EXIT,LONG,-235.48,0.0,0.0,-235.48,-235.48,0,2,11028.0,10945.0,83.0
p0_st5_20_bearish_sr350_lr750_buf0_tg1030,"P0 st5_20_bearish, short $350, switch long $750, buffer 0, guard 10:30",NASDAQ_ORB_15m_p0_short_switch_tp2r_p0_st5_20_bearish_sr350_lr750_buf0_tg1030_2020-09-18,2020-09-18,15,2.0,2.0,st5_20_bearish,350.0,750.0,0,10:30,SHORT,False,1,2020-09-18 13:47:00+00:00,2020-09-18 13:48:00+00:00,2020-09-18 15:36:00+00:00,TP_2R,SHORT,0.0,608.52,0.0,608.52,608.52,1,2,11134.75,11068.0,66.75
p0_st5_20_bearish_sr350_lr750_buf0_tg1030,"P0 st5_20_bearish, short $350, switch long $750, buffer 0, guard 10:30",NASDAQ_ORB_15m_p0_short_switch_tp2r_p0_st5_20_bearish_sr350_lr750_buf0_tg1030_2020-09-21,2020-09-21,15,2.0,2.0,st5_20_bearish,350.0,750.0,0,10:30,LONG,False,1,2020-09-21 13:50:00+00:00,2020-09-21 13:51:00+00:00,2020-09-21 19:00:00+00:00,TIME_EXIT,LONG,-33.24,0.0,0.0,-33.24,-33.24,0,1,10812.25,10702.5,109.75
p0_st5_20_bearish_sr350_lr750_buf0_tg1030,"P0 st5_20_bearish, short $350, switch long $750, buffer 0, guard 10:30",NASDAQ_ORB_15m_p0_short_switch_tp2r_p0_st5_20_bearish_sr350_lr750_buf0_tg1030_2020-09-22,2020-09-22,15,2.0,2.0,st5_20_bearish,350.0,750.0,0,10:30,SHORT,True,2,2020-09-22 13:46:00+00:00,2020-09-22 13:47:00+00:00,2020-09-22 19:00:00+00:00,SWITCH_TO_LONG+TIME_EXIT,SHORT,245.04,-197.24,245.04,47.79999999999998,47.79999999999998,1,5,11074.5,10986.75,87.75
p0_st5_20_bearish_sr350_lr750_buf0_tg1030,"P0 st5_20_bearish, short $350, switch long $750, buffer 0, guard 10:30",NASDAQ_ORB_15m_p0_short_switch_tp2r_p0_st5_20_bearish_sr350_lr750_buf0_tg1030_2020-09-23,2020-09-23,15,2.0,2.0,st5_20_bearish,350.0,750.0,0,10:30,SHORT,False,1,2020-09-23 13:53:00+00:00,2020-09-23 13:54:00+00:00,2020-09-23 16:22:00+00:00,TP_2R,SHORT,0.0,498.52,0.0,498.52,498.52,1,2,11161.0,11101.75,59.25
p0_st5_20_bearish_sr350_lr750_buf0_tg1030,"P0 st5_20_bearish, short $350, switch long $750, buffer 0, guard 10:30",NASDAQ_ORB_15m_p0_short_switch_tp2r_p0_st5_20_bearish_sr350_lr750_buf0_tg1030_2020-09-24,2020-09-24,15,2.0,2.0,st5_20_bearish,350.0,750.0,0,10:30,LONG,False,1,2020-09-24 13:47:00+00:00,2020-09-24 13:48:00+00:00,2020-09-24 17:46:00+00:00,TP_2R,LONG,804.52,0.0,0.0,804.52,804.52,1,2,10783.5,10704.0,79.5
p0_st5_20_bearish_sr350_lr750_buf0_tg1030,"P0 st5_20_bearish, short $350, switch long $750, buffer 0, guard 10:30",NASDAQ_ORB_15m_p0_short_switch_tp2r_p0_st5_20_bearish_sr350_lr750_buf0_tg1030_2020-09-25,2020-09-25,15,2.0,2.0,st5_20_bearish,350.0,750.0,0,10:30,SHORT,True,2,2020-09-25 13:51:00+00:00,2020-09-25 13:52:00+00:00,2020-09-25 18:20:00+00:00,SWITCH_TO_LONG+TP_2R,SHORT,1297.04,-367.48,1297.04,929.56,929.56,1,6,10913.25,10846.25,67.0
p0_st5_20_bearish_sr350_lr750_buf0_tg1030,"P0 st5_20_bearish, short $350, switch long $750, buffer 0, guard 10:30",NASDAQ_ORB_15m_p0_short_switch_tp2r_p0_st5_20_bearish_sr350_lr750_buf0_tg1030_2020-09-28,2020-09-28,15,2.0,2.0,st5_20_bearish,350.0,750.0,0,10:30,SHORT,False,1,2020-09-28 13:49:00+00:00,2020-09-28 13:50:00+00:00,2020-09-28 19:00:00+00:00,TIME_EXIT,SHORT,0.0,-267.48,0.0,-267.48,-267.48,0,2,11343.25,11282.0,61.25
p0_st5_20_bearish_sr350_lr750_buf0_tg1030,"P0 st5_20_bearish, short $350, switch long $750, buffer 0, guard 10:30",NASDAQ_ORB_15m_p0_short_switch_tp2r_p0_st5_20_bearish_sr350_lr750_buf0_tg1030_2020-09-29,2020-09-29,15,2.0,2.0,st5_20_bearish,350.0,750.0,0,10:30,LONG,False,1,2020-09-29 14:12:00+00:00,2020-09-29 14:13:00+00:00,2020-09-29 19:00:00+00:00,TIME_EXIT,LONG,-334.96,0.0,0.0,-334.96,-334.96,0,4,11380.25,11328.25,52.0
p0_st5_20_bearish_sr350_lr750_buf0_tg1030,"P0 st5_20_bearish, short $350, switch long $750, buffer 0, guard 10:30",NASDAQ_ORB_15m_p0_short_switch_tp2r_p0_st5_20_bearish_sr350_lr750_buf0_tg1030_2020-09-30,2020-09-30,15,2.0,2.0,st5_20_bearish,350.0,750.0,0,10:30,LONG,False,1,2020-09-30 13:52:00+00:00,2020-09-30 13:53:00+00:00,2020-09-30 18:10:00+00:00,TP_2R,LONG,843.78,0.0,0.0,843.78,843.78,1,3,11364.5,11310.25,54.25
p0_st5_20_bearish_sr350_lr750_buf0_tg1030,"P0 st5_20_bearish, short $350, switch long $750, buffer 0, guard 10:30",NASDAQ_ORB_15m_p0_short_switch_tp2r_p0_st5_20_bearish_sr350_lr750_buf0_tg1030_2020-10-01,2020-10-01,15,2.0,2.0,st5_20_bearish,350.0,750.0,0,10:30,SHORT,True,2,2020-10-01 13:55:00+00:00,2020-10-01 13:56:00+00:00,2020-10-01 19:00:00+00:00,SWITCH_TO_LONG+TIME_EXIT,SHORT,30.08,-383.21999999999997,30.08,-353.14,-353.14,0,11,11568.75,11532.25,36.5
p0_st5_20_bearish_sr350_lr750_buf0_tg1030,"P0 st5_20_bearish, short $350, switch long $750, buffer 0, guard 10:30",NASDAQ_ORB_15m_p0_short_switch_tp2r_p0_st5_20_bearish_sr350_lr750_buf0_tg1030_2020-10-02,2020-10-02,15,2.0,2.0,st5_20_bearish,350.0,750.0,0,10:30,LONG,False,1,2020-10-02 13:49:00+00:00,2020-10-02 13:50:00+00:00,2020-10-02 19:00:00+00:00,TIME_EXIT,LONG,-494.48,0.0,0.0,-494.48,-494.48,0,2,11421.25,11300.75,120.5
p0_st5_20_bearish_sr350_lr750_buf0_tg1030,"P0 st5_20_bearish, short $350, switch long $750, buffer 0, guard 10:30",NASDAQ_ORB_15m_p0_short_switch_tp2r_p0_st5_20_bearish_sr350_lr750_buf0_tg1030_2020-10-05,2020-10-05,15,2.0,2.0,st5_20_bearish,350.0,750.0,0,10:30,LONG,False,1,2020-10-05 14:01:00+00:00,2020-10-05 14:02:00+00:00,2020-10-05 19:00:00+00:00,TIME_EXIT,LONG,647.04,0.0,0.0,647.04,647.04,1,4,11372.0,11321.25,50.75
p0_st5_20_bearish_sr350_lr750_buf0_tg1030,"P0 st5_20_bearish, short $350, switch long $750, buffer 0, guard 10:30",NASDAQ_ORB_15m_p0_short_switch_tp2r_p0_st5_20_bearish_sr350_lr750_buf0_tg1030_2020-10-06,2020-10-06,15,2.0,2.0,st5_20_bearish,350.0,750.0,0,10:30,LONG,False,1,2020-10-06 14:04:00+00:00,2020-10-06 14:05:00+00:00,2020-10-06 19:00:00+00:00,TIME_EXIT,LONG,-1371.2,0.0,0.0,-1371.2,-1371.2,0,5,11479.0,11436.25,42.75
p0_st5_20_bearish_sr350_lr750_buf0_tg1030,"P0 st5_20_bearish, short $350, switch long $750, buffer 0, guard 10:30",NASDAQ_ORB_15m_p0_short_switch_tp2r_p0_st5_20_bearish_sr350_lr750_buf0_tg1030_2020-10-07,2020-10-07,15,2.0,2.0,st5_20_bearish,350.0,750.0,0,10:30,LONG,False,1,2020-10-07 15:33:00+00:00,2020-10-07 15:34:00+00:00,2020-10-07 19:00:00+00:00,TIME_EXIT,LONG,449.04,0.0,0.0,449.04,449.04,1,4,11434.0,11385.0,49.0
p0_st5_20_bearish_sr350_lr750_buf0_tg1030,"P0 st5_20_bearish, short $350, switch long $750, buffer 0, guard 10:30",NASDAQ_ORB_15m_p0_short_switch_tp2r_p0_st5_20_bearish_sr350_lr750_buf0_tg1030_2020-10-08,2020-10-08,15,2.0,2.0,st5_20_bearish,350.0,750.0,0,10:30,SHORT,False,1,2020-10-08 13:50:00+00:00,2020-10-08 13:51:00+00:00,2020-10-08 19:00:00+00:00,TIME_EXIT,SHORT,0.0,-89.48,0.0,-89.48,-89.48,0,2,11577.0,11528.5,48.5
p0_st5_20_bearish_sr350_lr750_buf0_tg1030,"P0 st5_20_bearish, short $350, switch long $750, buffer 0, guard 10:30",NASDAQ_ORB_15m_p0_short_switch_tp2r_p0_st5_20_bearish_sr350_lr750_buf0_tg1030_2020-10-09,2020-10-09,15,2.0,2.0,st5_20_bearish,350.0,750.0,0,10:30,LONG,False,1,2020-10-09 13:50:00+00:00,2020-10-09 13:51:00+00:00,2020-10-09 19:00:00+00:00,TIME_EXIT,LONG,398.8,0.0,0.0,398.8,398.8,1,5,11628.75,11588.0,40.75
p0_st5_20_bearish_sr350_lr750_buf0_tg1030,"P0 st5_20_bearish, short $350, switch long $750, buffer 0, guard 10:30",NASDAQ_ORB_15m_p0_short_switch_tp2r_p0_st5_20_bearish_sr350_lr750_buf0_tg1030_2020-10-12,2020-10-12,15,2.0,2.0,st5_20_bearish,350.0,750.0,0,10:30,SHORT,True,2,2020-10-12 13:54:00+00:00,2020-10-12 13:55:00+00:00,2020-10-12 16:43:00+00:00,SWITCH_TO_LONG+TP_2R,SHORT,1217.04,-312.48,1217.04,904.56,904.56,1,6,11945.75,11875.75,70.0
p0_st5_20_bearish_sr350_lr750_buf0_tg1030,"P0 st5_20_bearish, short $350, switch long $750, buffer 0, guard 10:30",NASDAQ_ORB_15m_p0_short_switch_tp2r_p0_st5_20_bearish_sr350_lr750_buf0_tg1030_2020-10-13,2020-10-13,15,2.0,2.0,st5_20_bearish,350.0,750.0,0,10:30,SHORT,True,2,2020-10-13 14:13:00+00:00,2020-10-13 14:14:00+00:00,2020-10-13 19:00:00+00:00,SWITCH_TO_LONG+TIME_EXIT,SHORT,-521.22,-249.74,-521.22,-770.96,-770.96,0,4,12153.5,12041.0,112.5
p0_st5_20_bearish_sr350_lr750_buf0_tg1030,"P0 st5_20_bearish, short $350, switch long $750, buffer 0, guard 10:30",NASDAQ_ORB_15m_p0_short_switch_tp2r_p0_st5_20_bearish_sr350_lr750_buf0_tg1030_2020-10-14,2020-10-14,15,2.0,2.0,st5_20_bearish,350.0,750.0,0,10:30,LONG,False,1,2020-10-14 13:48:00+00:00,2020-10-14 13:49:00+00:00,2020-10-14 19:00:00+00:00,TIME_EXIT,LONG,-1050.72,0.0,0.0,-1050.72,-1050.72,0,3,12148.0,12071.5,76.5
p0_st5_20_bearish_sr350_lr750_buf0_tg1030,"P0 st5_20_bearish, short $350, switch long $750, buffer 0, guard 10:30",NASDAQ_ORB_15m_p0_short_switch_tp2r_p0_st5_20_bearish_sr350_lr750_buf0_tg1030_2020-10-15,2020-10-15,15,2.0,2.0,st5_20_bearish,350.0,750.0,0,10:30,LONG,False,1,2020-10-15 13:52:00+00:00,2020-10-15 13:53:00+00:00,2020-10-15 19:00:00+00:00,TIME_EXIT,LONG,-65.48,0.0,0.0,-65.48,-65.48,0,2,11856.0,11753.75,102.25
p0_st5_20_bearish_sr350_lr750_buf0_tg1030,"P0 st5_20_bearish, short $350, switch long $750, buffer 0, guard 10:30",NASDAQ_ORB_15m_p0_short_switch_tp2r_p0_st5_20_bearish_sr350_lr750_buf0_tg1030_2020-10-16,2020-10-16,15,2.0,2.0,st5_20_bearish,350.0,750.0,0,10:30,LONG,False,1,2020-10-16 14:01:00+00:00,2020-10-16 14:02:00+00:00,2020-10-16 19:00:00+00:00,TIME_EXIT,LONG,-176.20000000000002,0.0,0.0,-176.20000000000002,-176.20000000000002,0,5,11969.25,11926.5,42.75
p0_st5_20_bearish_sr350_lr750_buf0_tg1030,"P0 st5_20_bearish, short $350, switch long $750, buffer 0, guard 10:30",NASDAQ_ORB_15m_p0_short_switch_tp2r_p0_st5_20_bearish_sr350_lr750_buf0_tg1030_2020-10-19,2020-10-19,15,2.0,2.0,st5_20_bearish,350.0,750.0,0,10:30,SHORT,False,1,2020-10-19 14:00:00+00:00,2020-10-19 14:01:00+00:00,2020-10-19 17:48:00+00:00,TP_2R,SHORT,0.0,566.52,0.0,566.52,566.52,1,2,11945.5,11896.25,49.25
p0_st5_20_bearish_sr350_lr750_buf0_tg1030,"P0 st5_20_bearish, short $350, switch long $750, buffer 0, guard 10:30",NASDAQ_ORB_15m_p0_short_switch_tp2r_p0_st5_20_bearish_sr350_lr750_buf0_tg1030_2020-10-20,2020-10-20,15,2.0,2.0,st5_20_bearish,350.0,750.0,0,10:30,LONG,False,1,2020-10-20 14:00:00+00:00,2020-10-20 14:01:00+00:00,2020-10-20 19:00:00+00:00,TIME_EXIT,LONG,149.28,0.0,0.0,149.28,149.28,1,3,11702.0,11632.0,70.0
p0_st5_20_bearish_sr350_lr750_buf0_tg1030,"P0 st5_20_bearish, short $350, switch long $750, buffer 0, guard 10:30",NASDAQ_ORB_15m_p0_short_switch_tp2r_p0_st5_20_bearish_sr350_lr750_buf0_tg1030_2020-10-21,2020-10-21,15,2.0,2.0,st5_20_bearish,350.0,750.0,0,10:30,LONG,False,1,2020-10-21 13:49:00+00:00,2020-10-21 13:50:00+00:00,2020-10-21 19:00:00+00:00,TIME_EXIT,LONG,-17.48,0.0,0.0,-17.48,-17.48,0,2,11739.75,11655.5,84.25
p0_st5_20_bearish_sr350_lr750_buf0_tg1030,"P0 st5_20_bearish, short $350, switch long $750, buffer 0, guard 10:30",NASDAQ_ORB_15m_p0_short_switch_tp2r_p0_st5_20_bearish_sr350_lr750_buf0_tg1030_2020-10-22,2020-10-22,15,2.0,2.0,st5_20_bearish,350.0,750.0,0,10:30,SHORT,False,1,2020-10-22 14:05:00+00:00,2020-10-22 14:06:00+00:00,2020-10-22 19:00:00+00:00,TIME_EXIT,SHORT,0.0,-11.48,0.0,-11.48,-11.48,0,2,11723.75,11673.0,50.75
p0_st5_20_bearish_sr350_lr750_buf0_tg1030,"P0 st5_20_bearish, short $350, switch long $750, buffer 0, guard 10:30",NASDAQ_ORB_15m_p0_short_switch_tp2r_p0_st5_20_bearish_sr350_lr750_buf0_tg1030_2020-10-23,2020-10-23,15,2.0,2.0,st5_20_bearish,350.0,750.0,0,10:30,SHORT,False,1,2020-10-23 13:51:00+00:00,2020-10-23 13:52:00+00:00,2020-10-23 19:00:00+00:00,TIME_EXIT,SHORT,0.0,-123.48,0.0,-123.48,-123.48,0,2,11678.5,11596.25,82.25
p0_st5_20_bearish_sr350_lr750_buf0_tg1030,"P0 st5_20_bearish, short $350, switch long $750, buffer 0, guard 10:30",NASDAQ_ORB_15m_p0_short_switch_tp2r_p0_st5_20_bearish_sr350_lr750_buf0_tg1030_2020-10-26,2020-10-26,15,2.0,2.0,st5_20_bearish,350.0,750.0,0,10:30,LONG,False,1,2020-10-26 13:53:00+00:00,2020-10-26 13:54:00+00:00,2020-10-26 19:00:00+00:00,TIME_EXIT,LONG,-903.48,0.0,0.0,-903.48,-903.48,0,2,11661.5,11566.5,95.0
p0_st5_20_bearish_sr350_lr750_buf0_tg1030,"P0 st5_20_bearish, short $350, switch long $750, buffer 0, guard 10:30",NASDAQ_ORB_15m_p0_short_switch_tp2r_p0_st5_20_bearish_sr350_lr750_buf0_tg1030_2020-10-27,2020-10-27,15,2.0,2.0,st5_20_bearish,350.0,750.0,0,10:30,LONG,False,1,2020-10-27 13:46:00+00:00,2020-10-27 13:47:00+00:00,2020-10-27 19:00:00+00:00,TIME_EXIT,LONG,-56.22,0.0,0.0,-56.22,-56.22,0,3,11559.5,11498.25,61.25
p0_st5_20_bearish_sr350_lr750_buf0_tg1030,"P0 st5_20_bearish, short $350, switch long $750, buffer 0, guard 10:30",NASDAQ_ORB_15m_p0_short_switch_tp2r_p0_st5_20_bearish_sr350_lr750_buf0_tg1030_2020-10-28,2020-10-28,15,2.0,2.0,st5_20_bearish,350.0,750.0,0,10:30,SHORT,False,1,2020-10-28 13:51:00+00:00,2020-10-28 13:52:00+00:00,2020-10-28 19:00:00+00:00,TIME_EXIT,SHORT,0.0,137.76,0.0,137.76,137.76,1,1,11423.0,11329.25,93.75
p0_st5_20_bearish_sr350_lr750_buf0_tg1030,"P0 st5_20_bearish, short $350, switch long $750, buffer 0, guard 10:30",NASDAQ_ORB_15m_p0_short_switch_tp2r_p0_st5_20_bearish_sr350_lr750_buf0_tg1030_2020-10-29,2020-10-29,15,2.0,2.0,st5_20_bearish,350.0,750.0,0,10:30,LONG,False,1,2020-10-29 13:55:00+00:00,2020-10-29 13:56:00+00:00,2020-10-29 18:01:00+00:00,TP_2R,LONG,897.78,0.0,0.0,897.78,897.78,1,3,11244.75,11170.25,74.5
p0_st5_20_bearish_sr350_lr750_buf0_tg1030,"P0 st5_20_bearish, short $350, switch long $750, buffer 0, guard 10:30",NASDAQ_ORB_15m_p0_short_switch_tp2r_p0_st5_20_bearish_sr350_lr750_buf0_tg1030_2020-10-30,2020-10-30,15,2.0,2.0,st5_20_bearish,350.0,750.0,0,10:30,SHORT,False,1,2020-10-30 13:47:00+00:00,2020-10-30 13:48:00+00:00,2020-10-30 18:34:00+00:00,TP_2R,SHORT,0.0,432.26,0.0,432.26,432.26,1,1,11281.25,11173.5,107.75
p0_st5_20_bearish_sr350_lr750_buf0_tg1030,"P0 st5_20_bearish, short $350, switch long $750, buffer 0, guard 10:30",NASDAQ_ORB_15m_p0_short_switch_tp2r_p0_st5_20_bearish_sr350_lr750_buf0_tg1030_2020-11-02,2020-11-02,15,2.0,2.0,st5_20_bearish,350.0,750.0,0,10:30,LONG,False,1,2020-11-02 14:52:00+00:00,2020-11-02 14:53:00+00:00,2020-11-02 20:00:00+00:00,TIME_EXIT,LONG,-1056.72,0.0,0.0,-1056.72,-1056.72,0,3,11184.5,11108.5,76.0
p0_st5_20_bearish_sr350_lr750_buf0_tg1030,"P0 st5_20_bearish, short $350, switch long $750, buffer 0, guard 10:30",NASDAQ_ORB_15m_p0_short_switch_tp2r_p0_st5_20_bearish_sr350_lr750_buf0_tg1030_2020-11-03,2020-11-03,15,2.0,2.0,st5_20_bearish,350.0,750.0,0,10:30,LONG,False,1,2020-11-03 14:46:00+00:00,2020-11-03 14:47:00+00:00,2020-11-03 15:15:00+00:00,TP_2R,LONG,849.04,0.0,0.0,849.04,849.04,1,4,11152.5,11101.25,51.25
p0_st5_20_bearish_sr350_lr750_buf0_tg1030,"P0 st5_20_bearish, short $350, switch long $750, buffer 0, guard 10:30",NASDAQ_ORB_15m_p0_short_switch_tp2r_p0_st5_20_bearish_sr350_lr750_buf0_tg1030_2020-11-04,2020-11-04,15,2.0,2.0,st5_20_bearish,350.0,750.0,0,10:30,LONG,False,1,2020-11-04 15:05:00+00:00,2020-11-04 15:06:00+00:00,2020-11-04 20:00:00+00:00,TIME_EXIT,LONG,183.26,0.0,0.0,183.26,183.26,1,1,11670.5,11556.75,113.75
p0_st5_20_bearish_sr350_lr750_buf0_tg1030,"P0 st5_20_bearish, short $350, switch long $750, buffer 0, guard 10:30",NASDAQ_ORB_15m_p0_short_switch_tp2r_p0_st5_20_bearish_sr350_lr750_buf0_tg1030_2020-11-05,2020-11-05,15,2.0,2.0,st5_20_bearish,350.0,750.0,0,10:30,LONG,False,1,2020-11-05 14:46:00+00:00,2020-11-05 14:47:00+00:00,2020-11-05 20:00:00+00:00,TIME_EXIT,LONG,272.28000000000003,0.0,0.0,272.28000000000003,272.28000000000003,1,3,12054.75,11972.75,82.0
p0_st5_20_bearish_sr350_lr750_buf0_tg1030,"P0 st5_20_bearish, short $350, switch long $750, buffer 0, guard 10:30",NASDAQ_ORB_15m_p0_short_switch_tp2r_p0_st5_20_bearish_sr350_lr750_buf0_tg1030_2020-11-06,2020-11-06,15,2.0,2.0,st5_20_bearish,350.0,750.0,0,10:30,SHORT,True,2,2020-11-06 14:56:00+00:00,2020-11-06 14:57:00+00:00,2020-11-06 20:00:00+00:00,SWITCH_TO_LONG+TIME_EXIT,SHORT,44.52,-300.74,44.52,-256.22,-256.22,0,3,12049.5,11911.75,137.75
p0_st5_20_bearish_sr350_lr750_buf0_tg1030,"P0 st5_20_bearish, short $350, switch long $750, buffer 0, guard 10:30",NASDAQ_ORB_15m_p0_short_switch_tp2r_p0_st5_20_bearish_sr350_lr750_buf0_tg1030_2020-11-09,2020-11-09,15,2.0,2.0,st5_20_bearish,350.0,750.0,0,10:30,LONG,False,1,2020-11-09 15:05:00+00:00,2020-11-09 15:06:00+00:00,2020-11-09 20:00:00+00:00,TIME_EXIT,LONG,-417.24,0.0,0.0,-417.24,-417.24,0,1,12212.0,12042.75,169.25
p0_st5_20_bearish_sr350_lr750_buf0_tg1030,"P0 st5_20_bearish, short $350, switch long $750, buffer 0, guard 10:30",NASDAQ_ORB_15m_p0_short_switch_tp2r_p0_st5_20_bearish_sr350_lr750_buf0_tg1030_2020-11-10,2020-11-10,15,2.0,2.0,st5_20_bearish,350.0,750.0,0,10:30,SHORT,False,1,2020-11-10 15:25:00+00:00,2020-11-10 15:26:00+00:00,2020-11-10 20:00:00+00:00,TIME_EXIT,SHORT,0.0,-85.74,0.0,-85.74,-85.74,0,1,11749.5,11630.75,118.75
p0_st5_20_bearish_sr350_lr750_buf0_tg1030,"P0 st5_20_bearish, short $350, switch long $750, buffer 0, guard 10:30",NASDAQ_ORB_15m_p0_short_switch_tp2r_p0_st5_20_bearish_sr350_lr750_buf0_tg1030_2020-11-11,2020-11-11,15,2.0,2.0,st5_20_bearish,350.0,750.0,0,10:30,LONG,False,1,2020-11-11 15:30:00+00:00,2020-11-11 15:31:00+00:00,2020-11-11 20:00:00+00:00,TIME_EXIT,LONG,74.52,0.0,0.0,74.52,74.52,1,2,11823.5,11702.25,121.25
p0_st5_20_bearish_sr350_lr750_buf0_tg1030,"P0 st5_20_bearish, short $350, switch long $750, buffer 0, guard 10:30",NASDAQ_ORB_15m_p0_short_switch_tp2r_p0_st5_20_bearish_sr350_lr750_buf0_tg1030_2020-11-12,2020-11-12,15,2.0,2.0,st5_20_bearish,350.0,750.0,0,10:30,LONG,False,1,2020-11-12 15:42:00+00:00,2020-11-12 15:43:00+00:00,2020-11-12 20:00:00+00:00,TIME_EXIT,LONG,-674.48,0.0,0.0,-674.48,-674.48,0,2,11964.0,11881.0,83.0
p0_st5_20_bearish_sr350_lr750_buf0_tg1030,"P0 st5_20_bearish, short $350, switch long $750, buffer 0, guard 10:30",NASDAQ_ORB_15m_p0_short_switch_tp2r_p0_st5_20_bearish_sr350_lr750_buf0_tg1030_2020-11-13,2020-11-13,15,2.0,2.0,st5_20_bearish,350.0,750.0,0,10:30,SHORT,False,1,2020-11-13 15:01:00+00:00,2020-11-13 15:02:00+00:00,2020-11-13 20:00:00+00:00,TIME_EXIT,SHORT,0.0,-200.21999999999997,0.0,-200.21999999999997,-200.21999999999997,0,3,11923.75,11871.0,52.75
p0_st5_20_bearish_sr350_lr750_buf0_tg1030,"P0 st5_20_bearish, short $350, switch long $750, buffer 0, guard 10:30",NASDAQ_ORB_15m_p0_short_switch_tp2r_p0_st5_20_bearish_sr350_lr750_buf0_tg1030_2020-11-16,2020-11-16,15,2.0,2.0,st5_20_bearish,350.0,750.0,0,10:30,LONG,False,1,2020-11-16 15:04:00+00:00,2020-11-16 15:05:00+00:00,2020-11-16 20:00:00+00:00,TIME_EXIT,LONG,-96.48,0.0,0.0,-96.48,-96.48,0,2,11981.25,11887.5,93.75
p0_st5_20_bearish_sr350_lr750_buf0_tg1030,"P0 st5_20_bearish, short $350, switch long $750, buffer 0, guard 10:30",NASDAQ_ORB_15m_p0_short_switch_tp2r_p0_st5_20_bearish_sr350_lr750_buf0_tg1030_2020-11-17,2020-11-17,15,2.0,2.0,st5_20_bearish,350.0,750.0,0,10:30,SHORT,False,1,2020-11-17 14:46:00+00:00,2020-11-17 14:47:00+00:00,2020-11-17 20:00:00+00:00,TIME_EXIT,SHORT,0.0,-122.48,0.0,-122.48,-122.48,0,2,12041.75,11987.75,54.0
p0_st5_20_bearish_sr350_lr750_buf0_tg1030,"P0 st5_20_bearish, short $350, switch long $750, buffer 0, guard 10:30",NASDAQ_ORB_15m_p0_short_switch_tp2r_p0_st5_20_bearish_sr350_lr750_buf0_tg1030_2020-11-18,2020-11-18,15,2.0,2.0,st5_20_bearish,350.0,750.0,0,10:30,SHORT,True,2,2020-11-18 14:53:00+00:00,2020-11-18 14:54:00+00:00,2020-11-18 20:00:00+00:00,SWITCH_TO_LONG+TIME_EXIT,SHORT,-120.67999999999999,-320.21999999999997,-120.67999999999999,-440.9,-440.9,0,10,11988.5,11943.0,45.5
p0_st5_20_bearish_sr350_lr750_buf0_tg1030,"P0 st5_20_bearish, short $350, switch long $750, buffer 0, guard 10:30",NASDAQ_ORB_15m_p0_short_switch_tp2r_p0_st5_20_bearish_sr350_lr750_buf0_tg1030_2020-11-19,2020-11-19,15,2.0,2.0,st5_20_bearish,350.0,750.0,0,10:30,LONG,False,1,2020-11-19 14:50:00+00:00,2020-11-19 14:51:00+00:00,2020-11-19 20:00:00+00:00,TIME_EXIT,LONG,765.04,0.0,0.0,765.04,765.04,1,4,11894.75,11841.5,53.25
p0_st5_20_bearish_sr350_lr750_buf0_tg1030,"P0 st5_20_bearish, short $350, switch long $750, buffer 0, guard 10:30",NASDAQ_ORB_15m_p0_short_switch_tp2r_p0_st5_20_bearish_sr350_lr750_buf0_tg1030_2020-11-20,2020-11-20,15,2.0,2.0,st5_20_bearish,350.0,750.0,0,10:30,SHORT,True,2,2020-11-20 14:56:00+00:00,2020-11-20 14:57:00+00:00,2020-11-20 20:00:00+00:00,SWITCH_TO_LONG+TIME_EXIT,SHORT,-172.39999999999998,-306.96,-172.39999999999998,-479.35999999999996,-479.35999999999996,0,14,11985.25,11952.25,33.0
p0_st5_20_bearish_sr350_lr750_buf0_tg1030,"P0 st5_20_bearish, short $350, switch long $750, buffer 0, guard 10:30",NASDAQ_ORB_15m_p0_short_switch_tp2r_p0_st5_20_bearish_sr350_lr750_buf0_tg1030_2020-11-23,2020-11-23,15,2.0,2.0,st5_20_bearish,350.0,750.0,0,10:30,LONG,False,1,2020-11-23 14:46:00+00:00,2020-11-23 14:47:00+00:00,2020-11-23 20:00:00+00:00,TIME_EXIT,LONG,-743.7,0.0,0.0,-743.7,-743.7,0,5,11981.75,11945.5,36.25
p0_st5_20_bearish_sr350_lr750_buf0_tg1030,"P0 st5_20_bearish, short $350, switch long $750, buffer 0, guard 10:30",NASDAQ_ORB_15m_p0_short_switch_tp2r_p0_st5_20_bearish_sr350_lr750_buf0_tg1030_2020-11-24,2020-11-24,15,2.0,2.0,st5_20_bearish,350.0,750.0,0,10:30,LONG,False,1,2020-11-24 15:42:00+00:00,2020-11-24 15:43:00+00:00,2020-11-24 20:00:00+00:00,TIME_EXIT,LONG,663.78,0.0,0.0,663.78,663.78,1,3,11956.25,11878.5,77.75
p0_st5_20_bearish_sr350_lr750_buf0_tg1030,"P0 st5_20_bearish, short $350, switch long $750, buffer 0, guard 10:30",NASDAQ_ORB_15m_p0_short_switch_tp2r_p0_st5_20_bearish_sr350_lr750_buf0_tg1030_2020-11-25,2020-11-25,15,2.0,2.0,st5_20_bearish,350.0,750.0,0,10:30,LONG,False,1,2020-11-25 18:02:00+00:00,2020-11-25 18:03:00+00:00,2020-11-25 20:00:00+00:00,TIME_EXIT,LONG,38.8,0.0,0.0,38.8,38.8,1,5,12142.5,12099.0,43.5
p0_st5_20_bearish_sr350_lr750_buf0_tg1030,"P0 st5_20_bearish, short $350, switch long $750, buffer 0, guard 10:30",NASDAQ_ORB_15m_p0_short_switch_tp2r_p0_st5_20_bearish_sr350_lr750_buf0_tg1030_2020-11-26,2020-11-26,15,2.0,2.0,st5_20_bearish,350.0,750.0,0,10:30,SHORT,False,1,2020-11-26 15:14:00+00:00,2020-11-26 15:15:00+00:00,2020-11-26 17:45:00+00:00,TP_2R,SHORT,0.0,637.5600000000001,0.0,637.5600000000001,637.5600000000001,1,6,12215.0,12189.0,26.0
p0_st5_20_bearish_sr350_lr750_buf0_tg1030,"P0 st5_20_bearish, short $350, switch long $750, buffer 0, guard 10:30",NASDAQ_ORB_15m_p0_short_switch_tp2r_p0_st5_20_bearish_sr350_lr750_buf0_tg1030_2020-11-30,2020-11-30,15,2.0,2.0,st5_20_bearish,350.0,750.0,0,10:30,SHORT,False,1,2020-11-30 14:49:00+00:00,2020-11-30 14:50:00+00:00,2020-11-30 15:46:00+00:00,TP_2R,SHORT,0.0,538.52,0.0,538.52,538.52,1,2,12299.75,12240.5,59.25
p0_st5_20_bearish_sr350_lr750_buf0_tg1030,"P0 st5_20_bearish, short $350, switch long $750, buffer 0, guard 10:30",NASDAQ_ORB_15m_p0_short_switch_tp2r_p0_st5_20_bearish_sr350_lr750_buf0_tg1030_2020-12-01,2020-12-01,15,2.0,2.0,st5_20_bearish,350.0,750.0,0,10:30,LONG,False,1,2020-12-01 14:53:00+00:00,2020-12-01 14:54:00+00:00,2020-12-01 18:46:00+00:00,TP_2R,LONG,865.04,0.0,0.0,865.04,865.04,1,4,12385.0,12334.0,51.0
p0_st5_20_bearish_sr350_lr750_buf0_tg1030,"P0 st5_20_bearish, short $350, switch long $750, buffer 0, guard 10:30",NASDAQ_ORB_15m_p0_short_switch_tp2r_p0_st5_20_bearish_sr350_lr750_buf0_tg1030_2020-12-02,2020-12-02,15,2.0,2.0,st5_20_bearish,350.0,750.0,0,10:30,LONG,False,1,2020-12-02 15:13:00+00:00,2020-12-02 15:14:00+00:00,2020-12-02 20:00:00+00:00,TIME_EXIT,LONG,232.52,0.0,0.0,232.52,232.52,1,2,12397.75,12316.5,81.25
p0_st5_20_bearish_sr350_lr750_buf0_tg1030,"P0 st5_20_bearish, short $350, switch long $750, buffer 0, guard 10:30",NASDAQ_ORB_15m_p0_short_switch_tp2r_p0_st5_20_bearish_sr350_lr750_buf0_tg1030_2020-12-03,2020-12-03,15,2.0,2.0,st5_20_bearish,350.0,750.0,0,10:30,LONG,False,1,2020-12-03 15:04:00+00:00,2020-12-03 15:05:00+00:00,2020-12-03 20:00:00+00:00,TIME_EXIT,LONG,-106.19999999999999,0.0,0.0,-106.19999999999999,-106.19999999999999,0,5,12503.75,12463.5,40.25
p0_st5_20_bearish_sr350_lr750_buf0_tg1030,"P0 st5_20_bearish, short $350, switch long $750, buffer 0, guard 10:30",NASDAQ_ORB_15m_p0_short_switch_tp2r_p0_st5_20_bearish_sr350_lr750_buf0_tg1030_2020-12-04,2020-12-04,15,2.0,2.0,st5_20_bearish,350.0,750.0,0,10:30,LONG,False,1,2020-12-04 14:48:00+00:00,2020-12-04 14:49:00+00:00,2020-12-04 20:00:00+00:00,TIME_EXIT,LONG,206.29999999999998,0.0,0.0,206.29999999999998,206.29999999999998,1,5,12487.0,12448.5,38.5
p0_st5_20_bearish_sr350_lr750_buf0_tg1030,"P0 st5_20_bearish, short $350, switch long $750, buffer 0, guard 10:30",NASDAQ_ORB_15m_p0_short_switch_tp2r_p0_st5_20_bearish_sr350_lr750_buf0_tg1030_2020-12-07,2020-12-07,15,2.0,2.0,st5_20_bearish,350.0,750.0,0,10:30,LONG,False,1,2020-12-07 14:59:00+00:00,2020-12-07 15:00:00+00:00,2020-12-07 20:00:00+00:00,TIME_EXIT,LONG,-36.96,0.0,0.0,-36.96,-36.96,0,4,12582.75,12526.0,56.75
p0_st5_20_bearish_sr350_lr750_buf0_tg1030,"P0 st5_20_bearish, short $350, switch long $750, buffer 0, guard 10:30",NASDAQ_ORB_15m_p0_short_switch_tp2r_p0_st5_20_bearish_sr350_lr750_buf0_tg1030_2020-12-08,2020-12-08,15,2.0,2.0,st5_20_bearish,350.0,750.0,0,10:30,SHORT,True,2,2020-12-08 14:50:00+00:00,2020-12-08 14:51:00+00:00,2020-12-08 20:00:00+00:00,SWITCH_TO_LONG+TIME_EXIT,SHORT,559.5600000000001,-389.22,559.5600000000001,170.34000000000003,170.34000000000003,1,9,12587.5,12536.5,51.0
p0_st5_20_bearish_sr350_lr750_buf0_tg1030,"P0 st5_20_bearish, short $350, switch long $750, buffer 0, guard 10:30",NASDAQ_ORB_15m_p0_short_switch_tp2r_p0_st5_20_bearish_sr350_lr750_buf0_tg1030_2020-12-09,2020-12-09,15,2.0,2.0,st5_20_bearish,350.0,750.0,0,10:30,LONG,False,1,2020-12-09 14:53:00+00:00,2020-12-09 14:54:00+00:00,2020-12-09 20:00:00+00:00,TIME_EXIT,LONG,-2613.7,0.0,0.0,-2613.7,-2613.7,0,5,12632.0,12588.0,44.0
p0_st5_20_bearish_sr350_lr750_buf0_tg1030,"P0 st5_20_bearish, short $350, switch long $750, buffer 0, guard 10:30",NASDAQ_ORB_15m_p0_short_switch_tp2r_p0_st5_20_bearish_sr350_lr750_buf0_tg1030_2020-12-10,2020-12-10,15,2.0,2.0,st5_20_bearish,350.0,750.0,0,10:30,LONG,False,1,2020-12-10 14:49:00+00:00,2020-12-10 14:50:00+00:00,2020-12-10 20:00:00+00:00,TIME_EXIT,LONG,99.52,0.0,0.0,99.52,99.52,1,2,12329.0,12218.0,111.0
p0_st5_20_bearish_sr350_lr750_buf0_tg1030,"P0 st5_20_bearish, short $350, switch long $750, buffer 0, guard 10:30",NASDAQ_ORB_15m_p0_short_switch_tp2r_p0_st5_20_bearish_sr350_lr750_buf0_tg1030_2020-12-11,2020-12-11,15,2.0,2.0,st5_20_bearish,350.0,750.0,0,10:30,LONG,False,1,2020-12-11 15:13:00+00:00,2020-12-11 15:14:00+00:00,2020-12-11 20:00:00+00:00,TIME_EXIT,LONG,-63.72,0.0,0.0,-63.72,-63.72,0,3,12353.75,12275.25,78.5
p0_st5_20_bearish_sr350_lr750_buf0_tg1030,"P0 st5_20_bearish, short $350, switch long $750, buffer 0, guard 10:30",NASDAQ_ORB_15m_p0_short_switch_tp2r_p0_st5_20_bearish_sr350_lr750_buf0_tg1030_2020-12-14,2020-12-14,15,2.0,2.0,st5_20_bearish,350.0,750.0,0,10:30,LONG,False,1,2020-12-14 14:47:00+00:00,2020-12-14 14:48:00+00:00,2020-12-14 20:00:00+00:00,TIME_EXIT,LONG,108.78,0.0,0.0,108.78,108.78,1,3,12498.5,12421.25,77.25
p0_st5_20_bearish_sr350_lr750_buf0_tg1030,"P0 st5_20_bearish, short $350, switch long $750, buffer 0, guard 10:30",NASDAQ_ORB_15m_p0_short_switch_tp2r_p0_st5_20_bearish_sr350_lr750_buf0_tg1030_2020-12-16,2020-12-16,15,2.0,2.0,st5_20_bearish,350.0,750.0,0,10:30,LONG,False,1,2020-12-16 15:38:00+00:00,2020-12-16 15:39:00+00:00,2020-12-16 20:00:00+00:00,TIME_EXIT,LONG,393.04,0.0,0.0,393.04,393.04,1,4,12625.5,12571.25,54.25
p0_st5_20_bearish_sr350_lr750_buf0_tg1030,"P0 st5_20_bearish, short $350, switch long $750, buffer 0, guard 10:30",NASDAQ_ORB_15m_p0_short_switch_tp2r_p0_st5_20_bearish_sr350_lr750_buf0_tg1030_2020-12-17,2020-12-17,15,2.0,2.0,st5_20_bearish,350.0,750.0,0,10:30,SHORT,False,1,2020-12-17 15:15:00+00:00,2020-12-17 15:16:00+00:00,2020-12-17 20:00:00+00:00,TIME_EXIT,SHORT,0.0,-92.22,0.0,-92.22,-92.22,0,3,12762.25,12732.25,30.0
p0_st5_20_bearish_sr350_lr750_buf0_tg1030,"P0 st5_20_bearish, short $350, switch long $750, buffer 0, guard 10:30",NASDAQ_ORB_15m_p0_short_switch_tp2r_p0_st5_20_bearish_sr350_lr750_buf0_tg1030_2020-12-18,2020-12-18,15,2.0,2.0,st5_20_bearish,350.0,750.0,0,10:30,SHORT,False,1,2020-12-18 14:46:00+00:00,2020-12-18 14:47:00+00:00,2020-12-18 20:00:00+00:00,TIME_EXIT,SHORT,0.0,450.78,0.0,450.78,450.78,1,3,12788.0,12742.5,45.5
p0_st5_20_bearish_sr350_lr750_buf0_tg1030,"P0 st5_20_bearish, short $350, switch long $750, buffer 0, guard 10:30",NASDAQ_ORB_15m_p0_short_switch_tp2r_p0_st5_20_bearish_sr350_lr750_buf0_tg1030_2020-12-21,2020-12-21,15,2.0,2.0,st5_20_bearish,350.0,750.0,0,10:30,SHORT,True,2,2020-12-21 15:05:00+00:00,2020-12-21 15:06:00+00:00,2020-12-21 20:00:00+00:00,SWITCH_TO_LONG+TIME_EXIT,SHORT,251.04,-233.74,251.04,17.299999999999983,17.299999999999983,1,5,12649.0,12570.0,79.0
p0_st5_20_bearish_sr350_lr750_buf0_tg1030,"P0 st5_20_bearish, short $350, switch long $750, buffer 0, guard 10:30",NASDAQ_ORB_15m_p0_short_switch_tp2r_p0_st5_20_bearish_sr350_lr750_buf0_tg1030_2020-12-22,2020-12-22,15,2.0,2.0,st5_20_bearish,350.0,750.0,0,10:30,LONG,False,1,2020-12-22 14:49:00+00:00,2020-12-22 14:50:00+00:00,2020-12-22 20:00:00+00:00,TIME_EXIT,LONG,-276.2,0.0,0.0,-276.2,-276.2,0,5,12719.5,12678.75,40.75
p0_st5_20_bearish_sr350_lr750_buf0_tg1030,"P0 st5_20_bearish, short $350, switch long $750, buffer 0, guard 10:30",NASDAQ_ORB_15m_p0_short_switch_tp2r_p0_st5_20_bearish_sr350_lr750_buf0_tg1030_2020-12-23,2020-12-23,15,2.0,2.0,st5_20_bearish,350.0,750.0,0,10:30,SHORT,True,2,2020-12-23 14:46:00+00:00,2020-12-23 14:47:00+00:00,2020-12-23 20:00:00+00:00,SWITCH_TO_LONG+TIME_EXIT,SHORT,-301.44,-363.71999999999997,-301.44,-665.16,-665.16,0,9,12723.5,12668.75,54.75
p0_st5_20_bearish_sr350_lr750_buf0_tg1030,"P0 st5_20_bearish, short $350, switch long $750, buffer 0, guard 10:30",NASDAQ_ORB_15m_p0_short_switch_tp2r_p0_st5_20_bearish_sr350_lr750_buf0_tg1030_2020-12-28,2020-12-28,15,2.0,2.0,st5_20_bearish,350.0,750.0,0,10:30,SHORT,True,2,2020-12-28 14:52:00+00:00,2020-12-28 14:53:00+00:00,2020-12-28 20:00:00+00:00,SWITCH_TO_LONG+TIME_EXIT,SHORT,613.36,-336.2,613.36,277.16,277.16,1,16,12820.0,12788.75,31.25
p0_st5_20_bearish_sr350_lr750_buf0_tg1030,"P0 st5_20_bearish, short $350, switch long $750, buffer 0, guard 10:30",NASDAQ_ORB_15m_p0_short_switch_tp2r_p0_st5_20_bearish_sr350_lr750_buf0_tg1030_2020-12-29,2020-12-29,15,2.0,2.0,st5_20_bearish,350.0,750.0,0,10:30,SHORT,False,1,2020-12-29 15:00:00+00:00,2020-12-29 15:01:00+00:00,2020-12-29 20:00:00+00:00,TIME_EXIT,SHORT,0.0,58.52,0.0,58.52,58.52,1,2,12918.25,12878.25,40.0
p0_st5_20_bearish_sr350_lr750_buf0_tg1030,"P0 st5_20_bearish, short $350, switch long $750, buffer 0, guard 10:30",NASDAQ_ORB_15m_p0_short_switch_tp2r_p0_st5_20_bearish_sr350_lr750_buf0_tg1030_2020-12-30,2020-12-30,15,2.0,2.0,st5_20_bearish,350.0,750.0,0,10:30,SHORT,False,1,2020-12-30 14:46:00+00:00,2020-12-30 14:47:00+00:00,2020-12-30 20:00:00+00:00,TIME_EXIT,SHORT,0.0,45.78,0.0,45.78,45.78,1,3,12909.75,12860.5,49.25
p0_st5_20_bearish_sr350_lr750_buf0_tg1030,"P0 st5_20_bearish, short $350, switch long $750, buffer 0, guard 10:30",NASDAQ_ORB_15m_p0_short_switch_tp2r_p0_st5_20_bearish_sr350_lr750_buf0_tg1030_2021-01-04,2021-01-04,15,2.0,2.0,st5_20_bearish,350.0,750.0,0,10:30,SHORT,False,1,2021-01-04 15:12:00+00:00,2021-01-04 15:13:00+00:00,2021-01-04 16:54:00+00:00,TP_2R,SHORT,0.0,694.52,0.0,694.52,694.52,1,2,12941.25,12858.5,82.75
p0_st5_20_bearish_sr350_lr750_buf0_tg1030,"P0 st5_20_bearish, short $350, switch long $750, buffer 0, guard 10:30",NASDAQ_ORB_15m_p0_short_switch_tp2r_p0_st5_20_bearish_sr350_lr750_buf0_tg1030_2021-01-05,2021-01-05,15,2.0,2.0,st5_20_bearish,350.0,750.0,0,10:30,LONG,False,1,2021-01-05 14:53:00+00:00,2021-01-05 14:54:00+00:00,2021-01-05 20:00:00+00:00,TIME_EXIT,LONG,55.52,0.0,0.0,55.52,55.52,1,2,12753.0,12650.5,102.5
p0_st5_20_bearish_sr350_lr750_buf0_tg1030,"P0 st5_20_bearish, short $350, switch long $750, buffer 0, guard 10:30",NASDAQ_ORB_15m_p0_short_switch_tp2r_p0_st5_20_bearish_sr350_lr750_buf0_tg1030_2021-01-06,2021-01-06,15,2.0,2.0,st5_20_bearish,350.0,750.0,0,10:30,LONG,False,1,2021-01-06 14:48:00+00:00,2021-01-06 14:49:00+00:00,2021-01-06 20:00:00+00:00,TIME_EXIT,LONG,132.52,0.0,0.0,132.52,132.52,1,2,12626.0,12551.75,74.25
p0_st5_20_bearish_sr350_lr750_buf0_tg1030,"P0 st5_20_bearish, short $350, switch long $750, buffer 0, guard 10:30",NASDAQ_ORB_15m_p0_short_switch_tp2r_p0_st5_20_bearish_sr350_lr750_buf0_tg1030_2021-01-07,2021-01-07,15,2.0,2.0,st5_20_bearish,350.0,750.0,0,10:30,LONG,False,1,2021-01-07 14:56:00+00:00,2021-01-07 14:57:00+00:00,2021-01-07 20:00:00+00:00,TIME_EXIT,LONG,396.52,0.0,0.0,396.52,396.52,1,2,12810.75,12726.5,84.25
p0_st5_20_bearish_sr350_lr750_buf0_tg1030,"P0 st5_20_bearish, short $350, switch long $750, buffer 0, guard 10:30",NASDAQ_ORB_15m_p0_short_switch_tp2r_p0_st5_20_bearish_sr350_lr750_buf0_tg1030_2021-01-08,2021-01-08,15,2.0,2.0,st5_20_bearish,350.0,750.0,0,10:30,SHORT,True,2,2021-01-08 15:30:00+00:00,2021-01-08 15:31:00+00:00,2021-01-08 20:00:00+00:00,SWITCH_TO_LONG+TIME_EXIT,SHORT,-143.7,-196.24,-143.7,-339.94,-339.94,0,6,13052.5,12985.75,66.75
p0_st5_20_bearish_sr350_lr750_buf0_tg1030,"P0 st5_20_bearish, short $350, switch long $750, buffer 0, guard 10:30",NASDAQ_ORB_15m_p0_short_switch_tp2r_p0_st5_20_bearish_sr350_lr750_buf0_tg1030_2021-01-11,2021-01-11,15,2.0,2.0,st5_20_bearish,350.0,750.0,0,10:30,LONG,False,1,2021-01-11 15:07:00+00:00,2021-01-11 15:08:00+00:00,2021-01-11 20:00:00+00:00,TIME_EXIT,LONG,-159.48,0.0,0.0,-159.48,-159.48,0,2,12975.0,12892.25,82.75
p0_st5_20_bearish_sr350_lr750_buf0_tg1030,"P0 st5_20_bearish, short $350, switch long $750, buffer 0, guard 10:30",NASDAQ_ORB_15m_p0_short_switch_tp2r_p0_st5_20_bearish_sr350_lr750_buf0_tg1030_2021-01-12,2021-01-12,15,2.0,2.0,st5_20_bearish,350.0,750.0,0,10:30,SHORT,False,1,2021-01-12 14:55:00+00:00,2021-01-12 14:56:00+00:00,2021-01-12 20:00:00+00:00,TIME_EXIT,SHORT,0.0,-9.48,0.0,-9.48,-9.48,0,2,12947.5,12895.0,52.5
p0_st5_20_bearish_sr350_lr750_buf0_tg1030,"P0 st5_20_bearish, short $350, switch long $750, buffer 0, guard 10:30",NASDAQ_ORB_15m_p0_short_switch_tp2r_p0_st5_20_bearish_sr350_lr750_buf0_tg1030_2021-01-13,2021-01-13,15,2.0,2.0,st5_20_bearish,350.0,750.0,0,10:30,LONG,False,1,2021-01-13 14:51:00+00:00,2021-01-13 14:52:00+00:00,2021-01-13 20:00:00+00:00,TIME_EXIT,LONG,543.04,0.0,0.0,543.04,543.04,1,4,12916.5,12864.0,52.5
p0_st5_20_bearish_sr350_lr750_buf0_tg1030,"P0 st5_20_bearish, short $350, switch long $750, buffer 0, guard 10:30",NASDAQ_ORB_15m_p0_short_switch_tp2r_p0_st5_20_bearish_sr350_lr750_buf0_tg1030_2021-01-14,2021-01-14,15,2.0,2.0,st5_20_bearish,350.0,750.0,0,10:30,LONG,False,1,2021-01-14 15:42:00+00:00,2021-01-14 15:43:00+00:00,2021-01-14 20:00:00+00:00,TIME_EXIT,LONG,-678.7,0.0,0.0,-678.7,-678.7,0,5,13015.0,12972.0,43.0
p0_st5_20_bearish_sr350_lr750_buf0_tg1030,"P0 st5_20_bearish, short $350, switch long $750, buffer 0, guard 10:30",NASDAQ_ORB_15m_p0_short_switch_tp2r_p0_st5_20_bearish_sr350_lr750_buf0_tg1030_2021-01-15,2021-01-15,15,2.0,2.0,st5_20_bearish,350.0,750.0,0,10:30,SHORT,False,1,2021-01-15 15:05:00+00:00,2021-01-15 15:06:00+00:00,2021-01-15 20:00:00+00:00,TIME_EXIT,SHORT,0.0,108.52,0.0,108.52,108.52,1,2,12930.75,12879.5,51.25
p0_st5_20_bearish_sr350_lr750_buf0_tg1030,"P0 st5_20_bearish, short $350, switch long $750, buffer 0, guard 10:30",NASDAQ_ORB_15m_p0_short_switch_tp2r_p0_st5_20_bearish_sr350_lr750_buf0_tg1030_2021-01-18,2021-01-18,15,2.0,2.0,st5_20_bearish,350.0,750.0,0,10:30,LONG,False,1,2021-01-18 14:56:00+00:00,2021-01-18 14:57:00+00:00,2021-01-18 23:02:00+00:00,TIME_EXIT,LONG,77.6,0.0,0.0,77.6,77.6,1,10,12807.5,12784.25,23.25
p0_st5_20_bearish_sr350_lr750_buf0_tg1030,"P0 st5_20_bearish, short $350, switch long $750, buffer 0, guard 10:30",NASDAQ_ORB_15m_p0_short_switch_tp2r_p0_st5_20_bearish_sr350_lr750_buf0_tg1030_2021-01-19,2021-01-19,15,2.0,2.0,st5_20_bearish,350.0,750.0,0,10:30,SHORT,True,2,2021-01-19 14:48:00+00:00,2021-01-19 14:49:00+00:00,2021-01-19 20:00:00+00:00,SWITCH_TO_LONG+TIME_EXIT,SHORT,842.08,-305.21999999999997,842.08,536.8600000000001,536.8600000000001,1,11,12930.5,12888.5,42.0
p0_st5_20_bearish_sr350_lr750_buf0_tg1030,"P0 st5_20_bearish, short $350, switch long $750, buffer 0, guard 10:30",NASDAQ_ORB_15m_p0_short_switch_tp2r_p0_st5_20_bearish_sr350_lr750_buf0_tg1030_2021-01-20,2021-01-20,15,2.0,2.0,st5_20_bearish,350.0,750.0,0,10:30,LONG,False,1,2021-01-20 15:07:00+00:00,2021-01-20 15:08:00+00:00,2021-01-20 20:00:00+00:00,TIME_EXIT,LONG,699.78,0.0,0.0,699.78,699.78,1,3,13191.25,13121.0,70.25
p0_st5_20_bearish_sr350_lr750_buf0_tg1030,"P0 st5_20_bearish, short $350, switch long $750, buffer 0, guard 10:30",NASDAQ_ORB_15m_p0_short_switch_tp2r_p0_st5_20_bearish_sr350_lr750_buf0_tg1030_2021-01-21,2021-01-21,15,2.0,2.0,st5_20_bearish,350.0,750.0,0,10:30,LONG,False,1,2021-01-21 15:11:00+00:00,2021-01-21 15:12:00+00:00,2021-01-21 20:00:00+00:00,TIME_EXIT,LONG,348.78000000000003,0.0,0.0,348.78000000000003,348.78000000000003,1,3,13343.75,13283.0,60.75
p0_st5_20_bearish_sr350_lr750_buf0_tg1030,"P0 st5_20_bearish, short $350, switch long $750, buffer 0, guard 10:30",NASDAQ_ORB_15m_p0_short_switch_tp2r_p0_st5_20_bearish_sr350_lr750_buf0_tg1030_2021-01-22,2021-01-22,15,2.0,2.0,st5_20_bearish,350.0,750.0,0,10:30,LONG,False,1,2021-01-22 14:46:00+00:00,2021-01-22 14:47:00+00:00,2021-01-22 20:00:00+00:00,TIME_EXIT,LONG,161.29999999999998,0.0,0.0,161.29999999999998,161.29999999999998,1,5,13362.25,13327.75,34.5
p0_st5_20_bearish_sr350_lr750_buf0_tg1030,"P0 st5_20_bearish, short $350, switch long $750, buffer 0, guard 10:30",NASDAQ_ORB_15m_p0_short_switch_tp2r_p0_st5_20_bearish_sr350_lr750_buf0_tg1030_2021-01-26,2021-01-26,15,2.0,2.0,st5_20_bearish,350.0,750.0,0,10:30,LONG,False,1,2021-01-26 15:49:00+00:00,2021-01-26 15:50:00+00:00,2021-01-26 20:00:00+00:00,TIME_EXIT,LONG,-105.72,0.0,0.0,-105.72,-105.72,0,3,13509.25,13434.5,74.75
p0_st5_20_bearish_sr350_lr750_buf0_tg1030,"P0 st5_20_bearish, short $350, switch long $750, buffer 0, guard 10:30",NASDAQ_ORB_15m_p0_short_switch_tp2r_p0_st5_20_bearish_sr350_lr750_buf0_tg1030_2021-01-28,2021-01-28,15,2.0,2.0,st5_20_bearish,350.0,750.0,0,10:30,LONG,False,1,2021-01-28 15:16:00+00:00,2021-01-28 15:17:00+00:00,2021-01-28 20:00:00+00:00,TIME_EXIT,LONG,147.26,0.0,0.0,147.26,147.26,1,1,13248.75,13128.25,120.5
p0_st5_20_bearish_sr350_lr750_buf0_tg1030,"P0 st5_20_bearish, short $350, switch long $750, buffer 0, guard 10:30",NASDAQ_ORB_15m_p0_short_switch_tp2r_p0_st5_20_bearish_sr350_lr750_buf0_tg1030_2021-01-29,2021-01-29,15,2.0,2.0,st5_20_bearish,350.0,750.0,0,10:30,LONG,False,1,2021-01-29 15:25:00+00:00,2021-01-29 15:26:00+00:00,2021-01-29 20:00:00+00:00,TIME_EXIT,LONG,-472.24,0.0,0.0,-472.24,-472.24,0,1,13135.25,12998.25,137.0
p0_st5_20_bearish_sr350_lr750_buf0_tg1030,"P0 st5_20_bearish, short $350, switch long $750, buffer 0, guard 10:30",NASDAQ_ORB_15m_p0_short_switch_tp2r_p0_st5_20_bearish_sr350_lr750_buf0_tg1030_2021-02-01,2021-02-01,15,2.0,2.0,st5_20_bearish,350.0,750.0,0,10:30,SHORT,True,2,2021-02-01 14:50:00+00:00,2021-02-01 14:51:00+00:00,2021-02-01 17:11:00+00:00,SWITCH_TO_LONG+TP_2R,SHORT,1357.56,-208.74,1357.56,1148.82,1148.82,1,7,13102.75,13047.25,55.5
p0_st5_20_bearish_sr350_lr750_buf0_tg1030,"P0 st5_20_bearish, short $350, switch long $750, buffer 0, guard 10:30",NASDAQ_ORB_15m_p0_short_switch_tp2r_p0_st5_20_bearish_sr350_lr750_buf0_tg1030_2021-02-02,2021-02-02,15,2.0,2.0,st5_20_bearish,350.0,750.0,0,10:30,LONG,False,1,2021-02-02 14:49:00+00:00,2021-02-02 14:50:00+00:00,2021-02-02 20:00:00+00:00,TIME_EXIT,LONG,432.78,0.0,0.0,432.78,432.78,1,3,13404.25,13345.0,59.25
p0_st5_20_bearish_sr350_lr750_buf0_tg1030,"P0 st5_20_bearish, short $350, switch long $750, buffer 0, guard 10:30",NASDAQ_ORB_15m_p0_short_switch_tp2r_p0_st5_20_bearish_sr350_lr750_buf0_tg1030_2021-02-03,2021-02-03,15,2.0,2.0,st5_20_bearish,350.0,750.0,0,10:30,SHORT,False,1,2021-02-03 15:11:00+00:00,2021-02-03 15:12:00+00:00,2021-02-03 20:00:00+00:00,TIME_EXIT,SHORT,0.0,16.76,0.0,16.76,16.76,1,1,13548.0,13461.75,86.25
p0_st5_20_bearish_sr350_lr750_buf0_tg1030,"P0 st5_20_bearish, short $350, switch long $750, buffer 0, guard 10:30",NASDAQ_ORB_15m_p0_short_switch_tp2r_p0_st5_20_bearish_sr350_lr750_buf0_tg1030_2021-02-04,2021-02-04,15,2.0,2.0,st5_20_bearish,350.0,750.0,0,10:30,SHORT,True,2,2021-02-04 15:05:00+00:00,2021-02-04 15:06:00+00:00,2021-02-04 20:00:00+00:00,SWITCH_TO_LONG+TIME_EXIT,SHORT,233.79999999999998,-357.48,233.79999999999998,-123.68000000000004,-123.68000000000004,0,7,13480.25,13412.0,68.25
p0_st5_20_bearish_sr350_lr750_buf0_tg1030,"P0 st5_20_bearish, short $350, switch long $750, buffer 0, guard 10:30",NASDAQ_ORB_15m_p0_short_switch_tp2r_p0_st5_20_bearish_sr350_lr750_buf0_tg1030_2021-02-05,2021-02-05,15,2.0,2.0,st5_20_bearish,350.0,750.0,0,10:30,SHORT,True,2,2021-02-05 14:56:00+00:00,2021-02-05 14:57:00+00:00,2021-02-05 20:00:00+00:00,SWITCH_TO_LONG+TIME_EXIT,SHORT,-5.18,-314.21999999999997,-5.18,-319.4,-319.4,0,10,13593.0,13545.75,47.25
p0_st5_20_bearish_sr350_lr750_buf0_tg1030,"P0 st5_20_bearish, short $350, switch long $750, buffer 0, guard 10:30",NASDAQ_ORB_15m_p0_short_switch_tp2r_p0_st5_20_bearish_sr350_lr750_buf0_tg1030_2021-02-08,2021-02-08,15,2.0,2.0,st5_20_bearish,350.0,750.0,0,10:30,LONG,False,1,2021-02-08 15:05:00+00:00,2021-02-08 15:06:00+00:00,2021-02-08 20:00:00+00:00,TIME_EXIT,LONG,-366.2,0.0,0.0,-366.2,-366.2,0,5,13674.0,13632.5,41.5
p0_st5_20_bearish_sr350_lr750_buf0_tg1030,"P0 st5_20_bearish, short $350, switch long $750, buffer 0, guard 10:30",NASDAQ_ORB_15m_p0_short_switch_tp2r_p0_st5_20_bearish_sr350_lr750_buf0_tg1030_2021-02-09,2021-02-09,15,2.0,2.0,st5_20_bearish,350.0,750.0,0,10:30,LONG,False,1,2021-02-09 14:46:00+00:00,2021-02-09 14:47:00+00:00,2021-02-09 20:00:00+00:00,TIME_EXIT,LONG,214.56,0.0,0.0,214.56,214.56,1,6,13684.0,13645.0,39.0
p0_st5_20_bearish_sr350_lr750_buf0_tg1030,"P0 st5_20_bearish, short $350, switch long $750, buffer 0, guard 10:30",NASDAQ_ORB_15m_p0_short_switch_tp2r_p0_st5_20_bearish_sr350_lr750_buf0_tg1030_2021-02-10,2021-02-10,15,2.0,2.0,st5_20_bearish,350.0,750.0,0,10:30,SHORT,False,1,2021-02-10 15:15:00+00:00,2021-02-10 15:16:00+00:00,2021-02-10 15:25:00+00:00,TP_2R,SHORT,0.0,468.52,0.0,468.52,468.52,1,2,13762.0,13714.0,48.0
p0_st5_20_bearish_sr350_lr750_buf0_tg1030,"P0 st5_20_bearish, short $350, switch long $750, buffer 0, guard 10:30",NASDAQ_ORB_15m_p0_short_switch_tp2r_p0_st5_20_bearish_sr350_lr750_buf0_tg1030_2021-02-11,2021-02-11,15,2.0,2.0,st5_20_bearish,350.0,750.0,0,10:30,SHORT,True,2,2021-02-11 14:55:00+00:00,2021-02-11 14:56:00+00:00,2021-02-11 20:00:00+00:00,SWITCH_TO_LONG+TIME_EXIT,SHORT,-951.66,-314.21999999999997,-951.66,-1265.8799999999999,-1265.8799999999999,0,12,13738.75,13702.5,36.25
p0_st5_20_bearish_sr350_lr750_buf0_tg1030,"P0 st5_20_bearish, short $350, switch long $750, buffer 0, guard 10:30",NASDAQ_ORB_15m_p0_short_switch_tp2r_p0_st5_20_bearish_sr350_lr750_buf0_tg1030_2021-02-12,2021-02-12,15,2.0,2.0,st5_20_bearish,350.0,750.0,0,10:30,LONG,False,1,2021-02-12 14:47:00+00:00,2021-02-12 14:48:00+00:00,2021-02-12 20:00:00+00:00,TIME_EXIT,LONG,295.04,0.0,0.0,295.04,295.04,1,4,13696.0,13646.0,50.0
p0_st5_20_bearish_sr350_lr750_buf0_tg1030,"P0 st5_20_bearish, short $350, switch long $750, buffer 0, guard 10:30",NASDAQ_ORB_15m_p0_short_switch_tp2r_p0_st5_20_bearish_sr350_lr750_buf0_tg1030_2021-02-15,2021-02-15,15,2.0,2.0,st5_20_bearish,350.0,750.0,0,10:30,LONG,False,1,2021-02-15 14:51:00+00:00,2021-02-15 14:52:00+00:00,2021-02-15 23:02:00+00:00,TIME_EXIT,LONG,225.2,0.0,0.0,225.2,225.2,1,20,13859.0,13848.25,10.75
p0_st5_20_bearish_sr350_lr750_buf0_tg1030,"P0 st5_20_bearish, short $350, switch long $750, buffer 0, guard 10:30",NASDAQ_ORB_15m_p0_short_switch_tp2r_p0_st5_20_bearish_sr350_lr750_buf0_tg1030_2021-02-16,2021-02-16,15,2.0,2.0,st5_20_bearish,350.0,750.0,0,10:30,LONG,False,1,2021-02-16 14:48:00+00:00,2021-02-16 14:49:00+00:00,2021-02-16 20:00:00+00:00,TIME_EXIT,LONG,-888.7,0.0,0.0,-888.7,-888.7,0,5,13859.25,13811.5,47.75
p0_st5_20_bearish_sr350_lr750_buf0_tg1030,"P0 st5_20_bearish, short $350, switch long $750, buffer 0, guard 10:30",NASDAQ_ORB_15m_p0_short_switch_tp2r_p0_st5_20_bearish_sr350_lr750_buf0_tg1030_2021-02-17,2021-02-17,15,2.0,2.0,st5_20_bearish,350.0,750.0,0,10:30,LONG,False,1,2021-02-17 14:51:00+00:00,2021-02-17 14:52:00+00:00,2021-02-17 20:00:00+00:00,TIME_EXIT,LONG,-153.72,0.0,0.0,-153.72,-153.72,0,3,13670.5,13610.0,60.5
p0_st5_20_bearish_sr350_lr750_buf0_tg1030,"P0 st5_20_bearish, short $350, switch long $750, buffer 0, guard 10:30",NASDAQ_ORB_15m_p0_short_switch_tp2r_p0_st5_20_bearish_sr350_lr750_buf0_tg1030_2021-02-18,2021-02-18,15,2.0,2.0,st5_20_bearish,350.0,750.0,0,10:30,LONG,False,1,2021-02-18 14:47:00+00:00,2021-02-18 14:48:00+00:00,2021-02-18 20:00:00+00:00,TIME_EXIT,LONG,718.8,0.0,0.0,718.8,718.8,1,5,13569.75,13523.5,46.25
p0_st5_20_bearish_sr350_lr750_buf0_tg1030,"P0 st5_20_bearish, short $350, switch long $750, buffer 0, guard 10:30",NASDAQ_ORB_15m_p0_short_switch_tp2r_p0_st5_20_bearish_sr350_lr750_buf0_tg1030_2021-02-19,2021-02-19,15,2.0,2.0,st5_20_bearish,350.0,750.0,0,10:30,SHORT,False,1,2021-02-19 14:49:00+00:00,2021-02-19 14:50:00+00:00,2021-02-19 20:00:00+00:00,TIME_EXIT,SHORT,0.0,324.78000000000003,0.0,324.78000000000003,324.78000000000003,1,3,13700.75,13648.0,52.75
p0_st5_20_bearish_sr350_lr750_buf0_tg1030,"P0 st5_20_bearish, short $350, switch long $750, buffer 0, guard 10:30",NASDAQ_ORB_15m_p0_short_switch_tp2r_p0_st5_20_bearish_sr350_lr750_buf0_tg1030_2021-02-22,2021-02-22,15,2.0,2.0,st5_20_bearish,350.0,750.0,0,10:30,LONG,False,1,2021-02-22 14:49:00+00:00,2021-02-22 14:50:00+00:00,2021-02-22 20:00:00+00:00,TIME_EXIT,LONG,-572.22,0.0,0.0,-572.22,-572.22,0,3,13424.5,13358.5,66.0
p0_st5_20_bearish_sr350_lr750_buf0_tg1030,"P0 st5_20_bearish, short $350, switch long $750, buffer 0, guard 10:30",NASDAQ_ORB_15m_p0_short_switch_tp2r_p0_st5_20_bearish_sr350_lr750_buf0_tg1030_2021-02-24,2021-02-24,15,2.0,2.0,st5_20_bearish,350.0,750.0,0,10:30,SHORT,True,2,2021-02-24 15:03:00+00:00,2021-02-24 15:04:00+00:00,2021-02-24 20:00:00+00:00,SWITCH_TO_LONG+TIME_EXIT,SHORT,674.28,-242.24,674.28,432.03999999999996,432.03999999999996,1,4,13120.25,13001.75,118.5
p0_st5_20_bearish_sr350_lr750_buf0_tg1030,"P0 st5_20_bearish, short $350, switch long $750, buffer 0, guard 10:30",NASDAQ_ORB_15m_p0_short_switch_tp2r_p0_st5_20_bearish_sr350_lr750_buf0_tg1030_2021-02-25,2021-02-25,15,2.0,2.0,st5_20_bearish,350.0,750.0,0,10:30,SHORT,False,1,2021-02-25 15:05:00+00:00,2021-02-25 15:06:00+00:00,2021-02-25 17:31:00+00:00,TP_2R,SHORT,0.0,475.26,0.0,475.26,475.26,1,1,13290.0,13178.75,111.25
p0_st5_20_bearish_sr350_lr750_buf0_tg1030,"P0 st5_20_bearish, short $350, switch long $750, buffer 0, guard 10:30",NASDAQ_ORB_15m_p0_short_switch_tp2r_p0_st5_20_bearish_sr350_lr750_buf0_tg1030_2021-03-01,2021-03-01,15,2.0,2.0,st5_20_bearish,350.0,750.0,0,10:30,LONG,False,1,2021-03-01 15:18:00+00:00,2021-03-01 15:19:00+00:00,2021-03-01 19:52:00+00:00,TP_2R,LONG,930.78,0.0,0.0,930.78,930.78,1,3,13115.75,13040.25,75.5
p0_st5_20_bearish_sr350_lr750_buf0_tg1030,"P0 st5_20_bearish, short $350, switch long $750, buffer 0, guard 10:30",NASDAQ_ORB_15m_p0_short_switch_tp2r_p0_st5_20_bearish_sr350_lr750_buf0_tg1030_2021-03-02,2021-03-02,15,2.0,2.0,st5_20_bearish,350.0,750.0,0,10:30,SHORT,False,1,2021-03-02 14:49:00+00:00,2021-03-02 14:50:00+00:00,2021-03-02 20:00:00+00:00,TIME_EXIT,SHORT,0.0,76.26,0.0,76.26,76.26,1,1,13303.25,13207.5,95.75
p0_st5_20_bearish_sr350_lr750_buf0_tg1030,"P0 st5_20_bearish, short $350, switch long $750, buffer 0, guard 10:30",NASDAQ_ORB_15m_p0_short_switch_tp2r_p0_st5_20_bearish_sr350_lr750_buf0_tg1030_2021-03-03,2021-03-03,15,2.0,2.0,st5_20_bearish,350.0,750.0,0,10:30,SHORT,False,1,2021-03-03 14:59:00+00:00,2021-03-03 15:00:00+00:00,2021-03-03 20:00:00+00:00,TIME_EXIT,SHORT,0.0,290.76,0.0,290.76,290.76,1,1,13052.0,12929.25,122.75
p0_st5_20_bearish_sr350_lr750_buf0_tg1030,"P0 st5_20_bearish, short $350, switch long $750, buffer 0, guard 10:30",NASDAQ_ORB_15m_p0_short_switch_tp2r_p0_st5_20_bearish_sr350_lr750_buf0_tg1030_2021-03-04,2021-03-04,15,2.0,2.0,st5_20_bearish,350.0,750.0,0,10:30,SHORT,True,2,2021-03-04 14:50:00+00:00,2021-03-04 14:51:00+00:00,2021-03-04 20:00:00+00:00,SWITCH_TO_LONG+TIME_EXIT,SHORT,-1071.48,-329.24,-1071.48,-1400.72,-1400.72,0,3,12765.0,12649.5,115.5
p0_st5_20_bearish_sr350_lr750_buf0_tg1030,"P0 st5_20_bearish, short $350, switch long $750, buffer 0, guard 10:30",NASDAQ_ORB_15m_p0_short_switch_tp2r_p0_st5_20_bearish_sr350_lr750_buf0_tg1030_2021-03-05,2021-03-05,15,2.0,2.0,st5_20_bearish,350.0,750.0,0,10:30,SHORT,True,2,2021-03-05 14:50:00+00:00,2021-03-05 14:51:00+00:00,2021-03-05 20:00:00+00:00,SWITCH_TO_LONG+TIME_EXIT,SHORT,231.52,-338.74,231.52,-107.22,-107.22,0,3,12606.0,12446.25,159.75
p0_st5_20_bearish_sr350_lr750_buf0_tg1030,"P0 st5_20_bearish, short $350, switch long $750, buffer 0, guard 10:30",NASDAQ_ORB_15m_p0_short_switch_tp2r_p0_st5_20_bearish_sr350_lr750_buf0_tg1030_2021-03-08,2021-03-08,15,2.0,2.0,st5_20_bearish,350.0,750.0,0,10:30,LONG,False,1,2021-03-08 14:47:00+00:00,2021-03-08 14:48:00+00:00,2021-03-08 20:00:00+00:00,TIME_EXIT,LONG,-540.74,0.0,0.0,-540.74,-540.74,0,1,12686.0,12526.5,159.5
p0_st5_20_bearish_sr350_lr750_buf0_tg1030,"P0 st5_20_bearish, short $350, switch long $750, buffer 0, guard 10:30",NASDAQ_ORB_15m_p0_short_switch_tp2r_p0_st5_20_bearish_sr350_lr750_buf0_tg1030_2021-03-09,2021-03-09,15,2.0,2.0,st5_20_bearish,350.0,750.0,0,10:30,LONG,False,1,2021-03-09 14:50:00+00:00,2021-03-09 14:51:00+00:00,2021-03-09 18:03:00+00:00,TP_2R,LONG,852.78,0.0,0.0,852.78,852.78,1,3,12652.25,12587.0,65.25
p0_st5_20_bearish_sr350_lr750_buf0_tg1030,"P0 st5_20_bearish, short $350, switch long $750, buffer 0, guard 10:30",NASDAQ_ORB_15m_p0_short_switch_tp2r_p0_st5_20_bearish_sr350_lr750_buf0_tg1030_2021-03-10,2021-03-10,15,2.0,2.0,st5_20_bearish,350.0,750.0,0,10:30,LONG,False,1,2021-03-10 14:51:00+00:00,2021-03-10 14:52:00+00:00,2021-03-10 20:00:00+00:00,TIME_EXIT,LONG,-623.48,0.0,0.0,-623.48,-623.48,0,2,12969.25,12870.25,99.0
p0_st5_20_bearish_sr350_lr750_buf0_tg1030,"P0 st5_20_bearish, short $350, switch long $750, buffer 0, guard 10:30",NASDAQ_ORB_15m_p0_short_switch_tp2r_p0_st5_20_bearish_sr350_lr750_buf0_tg1030_2021-03-11,2021-03-11,15,2.0,2.0,st5_20_bearish,350.0,750.0,0,10:30,SHORT,True,2,2021-03-11 15:19:00+00:00,2021-03-11 15:20:00+00:00,2021-03-11 20:00:00+00:00,SWITCH_TO_LONG+TIME_EXIT,SHORT,413.04,-352.48,413.04,60.56,60.56,1,6,13006.75,12931.75,75.0
p0_st5_20_bearish_sr350_lr750_buf0_tg1030,"P0 st5_20_bearish, short $350, switch long $750, buffer 0, guard 10:30",NASDAQ_ORB_15m_p0_short_switch_tp2r_p0_st5_20_bearish_sr350_lr750_buf0_tg1030_2021-03-12,2021-03-12,15,2.0,2.0,st5_20_bearish,350.0,750.0,0,10:30,LONG,False,1,2021-03-12 14:51:00+00:00,2021-03-12 14:52:00+00:00,2021-03-12 20:00:00+00:00,TIME_EXIT,LONG,237.78000000000003,0.0,0.0,237.78000000000003,237.78000000000003,1,3,12865.25,12789.75,75.5
p0_st5_20_bearish_sr350_lr750_buf0_tg1030,"P0 st5_20_bearish, short $350, switch long $750, buffer 0, guard 10:30",NASDAQ_ORB_15m_p0_short_switch_tp2r_p0_st5_20_bearish_sr350_lr750_buf0_tg1030_2021-03-15,2021-03-15,15,2.0,2.0,st5_20_bearish,350.0,750.0,0,10:30,LONG,False,1,2021-03-15 13:53:00+00:00,2021-03-15 13:54:00+00:00,2021-03-15 19:00:00+00:00,TIME_EXIT,LONG,372.78000000000003,0.0,0.0,372.78000000000003,372.78000000000003,1,3,12941.5,12887.5,54.0
p0_st5_20_bearish_sr350_lr750_buf0_tg1030,"P0 st5_20_bearish, short $350, switch long $750, buffer 0, guard 10:30",NASDAQ_ORB_15m_p0_short_switch_tp2r_p0_st5_20_bearish_sr350_lr750_buf0_tg1030_2021-03-16,2021-03-16,15,2.0,2.0,st5_20_bearish,350.0,750.0,0,10:30,LONG,False,1,2021-03-16 13:46:00+00:00,2021-03-16 13:47:00+00:00,2021-03-16 19:00:00+00:00,TIME_EXIT,LONG,-470.22,0.0,0.0,-470.22,-470.22,0,3,13190.0,13132.25,57.75
p0_st5_20_bearish_sr350_lr750_buf0_tg1030,"P0 st5_20_bearish, short $350, switch long $750, buffer 0, guard 10:30",NASDAQ_ORB_15m_p0_short_switch_tp2r_p0_st5_20_bearish_sr350_lr750_buf0_tg1030_2021-03-17,2021-03-17,15,2.0,2.0,st5_20_bearish,350.0,750.0,0,10:30,LONG,False,1,2021-03-17 13:50:00+00:00,2021-03-17 13:51:00+00:00,2021-03-17 18:44:00+00:00,TP_2R,LONG,674.52,0.0,0.0,674.52,674.52,1,2,13015.75,12934.25,81.5
p0_st5_20_bearish_sr350_lr750_buf0_tg1030,"P0 st5_20_bearish, short $350, switch long $750, buffer 0, guard 10:30",NASDAQ_ORB_15m_p0_short_switch_tp2r_p0_st5_20_bearish_sr350_lr750_buf0_tg1030_2021-03-18,2021-03-18,15,2.0,2.0,st5_20_bearish,350.0,750.0,0,10:30,SHORT,False,1,2021-03-18 13:46:00+00:00,2021-03-18 13:47:00+00:00,2021-03-18 19:00:00+00:00,TIME_EXIT,SHORT,0.0,408.52,0.0,408.52,408.52,1,2,13022.0,12963.75,58.25
p0_st5_20_bearish_sr350_lr750_buf0_tg1030,"P0 st5_20_bearish, short $350, switch long $750, buffer 0, guard 10:30",NASDAQ_ORB_15m_p0_short_switch_tp2r_p0_st5_20_bearish_sr350_lr750_buf0_tg1030_2021-03-19,2021-03-19,15,2.0,2.0,st5_20_bearish,350.0,750.0,0,10:30,SHORT,True,2,2021-03-19 14:05:00+00:00,2021-03-19 14:06:00+00:00,2021-03-19 19:00:00+00:00,SWITCH_TO_LONG+TIME_EXIT,SHORT,225.78000000000003,-259.24,225.78000000000003,-33.45999999999998,-33.45999999999998,0,4,12837.0,12725.0,112.0
p0_st5_20_bearish_sr350_lr750_buf0_tg1030,"P0 st5_20_bearish, short $350, switch long $750, buffer 0, guard 10:30",NASDAQ_ORB_15m_p0_short_switch_tp2r_p0_st5_20_bearish_sr350_lr750_buf0_tg1030_2021-03-22,2021-03-22,15,2.0,2.0,st5_20_bearish,350.0,750.0,0,10:30,LONG,False,1,2021-03-22 13:53:00+00:00,2021-03-22 13:54:00+00:00,2021-03-22 16:44:00+00:00,TP_2R,LONG,849.78,0.0,0.0,849.78,849.78,1,3,12992.5,12927.75,64.75
p0_st5_20_bearish_sr350_lr750_buf0_tg1030,"P0 st5_20_bearish, short $350, switch long $750, buffer 0, guard 10:30",NASDAQ_ORB_15m_p0_short_switch_tp2r_p0_st5_20_bearish_sr350_lr750_buf0_tg1030_2021-03-23,2021-03-23,15,2.0,2.0,st5_20_bearish,350.0,750.0,0,10:30,SHORT,True,2,2021-03-23 13:55:00+00:00,2021-03-23 13:56:00+00:00,2021-03-23 19:00:00+00:00,SWITCH_TO_LONG+TIME_EXIT,SHORT,-1009.44,-363.71999999999997,-1009.44,-1373.16,-1373.16,0,9,13119.5,13066.75,52.75
p0_st5_20_bearish_sr350_lr750_buf0_tg1030,"P0 st5_20_bearish, short $350, switch long $750, buffer 0, guard 10:30",NASDAQ_ORB_15m_p0_short_switch_tp2r_p0_st5_20_bearish_sr350_lr750_buf0_tg1030_2021-03-24,2021-03-24,15,2.0,2.0,st5_20_bearish,350.0,750.0,0,10:30,SHORT,False,1,2021-03-24 13:49:00+00:00,2021-03-24 13:50:00+00:00,2021-03-24 19:00:00+00:00,TIME_EXIT,SHORT,0.0,472.52,0.0,472.52,472.52,1,2,13072.5,12988.5,84.0
p0_st5_20_bearish_sr350_lr750_buf0_tg1030,"P0 st5_20_bearish, short $350, switch long $750, buffer 0, guard 10:30",NASDAQ_ORB_15m_p0_short_switch_tp2r_p0_st5_20_bearish_sr350_lr750_buf0_tg1030_2021-03-25,2021-03-25,15,2.0,2.0,st5_20_bearish,350.0,750.0,0,10:30,LONG,False,1,2021-03-25 14:02:00+00:00,2021-03-25 14:03:00+00:00,2021-03-25 19:00:00+00:00,TIME_EXIT,LONG,-110.48,0.0,0.0,-110.48,-110.48,0,2,12803.0,12688.25,114.75
p0_st5_20_bearish_sr350_lr750_buf0_tg1030,"P0 st5_20_bearish, short $350, switch long $750, buffer 0, guard 10:30",NASDAQ_ORB_15m_p0_short_switch_tp2r_p0_st5_20_bearish_sr350_lr750_buf0_tg1030_2021-03-26,2021-03-26,15,2.0,2.0,st5_20_bearish,350.0,750.0,0,10:30,LONG,False,1,2021-03-26 13:48:00+00:00,2021-03-26 13:49:00+00:00,2021-03-26 19:00:00+00:00,TIME_EXIT,LONG,-197.21999999999997,0.0,0.0,-197.21999999999997,-197.21999999999997,0,3,12820.75,12754.0,66.75
p0_st5_20_bearish_sr350_lr750_buf0_tg1030,"P0 st5_20_bearish, short $350, switch long $750, buffer 0, guard 10:30",NASDAQ_ORB_15m_p0_short_switch_tp2r_p0_st5_20_bearish_sr350_lr750_buf0_tg1030_2021-03-29,2021-03-29,15,2.0,2.0,st5_20_bearish,350.0,750.0,0,10:30,SHORT,True,2,2021-03-29 13:55:00+00:00,2021-03-29 13:56:00+00:00,2021-03-29 19:00:00+00:00,SWITCH_TO_LONG+TIME_EXIT,SHORT,-781.2,-353.48,-781.2,-1134.68,-1134.68,0,7,12977.5,12915.5,62.0
p0_st5_20_bearish_sr350_lr750_buf0_tg1030,"P0 st5_20_bearish, short $350, switch long $750, buffer 0, guard 10:30",NASDAQ_ORB_15m_p0_short_switch_tp2r_p0_st5_20_bearish_sr350_lr750_buf0_tg1030_2021-03-30,2021-03-30,15,2.0,2.0,st5_20_bearish,350.0,750.0,0,10:30,SHORT,True,2,2021-03-30 13:51:00+00:00,2021-03-30 13:52:00+00:00,2021-03-30 19:00:00+00:00,SWITCH_TO_LONG+TIME_EXIT,SHORT,-82.96,-372.48,-82.96,-455.44,-455.44,0,6,12888.0,12813.75,74.25
p0_st5_20_bearish_sr350_lr750_buf0_tg1030,"P0 st5_20_bearish, short $350, switch long $750, buffer 0, guard 10:30",NASDAQ_ORB_15m_p0_short_switch_tp2r_p0_st5_20_bearish_sr350_lr750_buf0_tg1030_2021-03-31,2021-03-31,15,2.0,2.0,st5_20_bearish,350.0,750.0,0,10:30,LONG,False,1,2021-03-31 13:49:00+00:00,2021-03-31 13:50:00+00:00,2021-03-31 19:00:00+00:00,TIME_EXIT,LONG,536.28,0.0,0.0,536.28,536.28,1,3,13015.5,12953.0,62.5
p0_st5_20_bearish_sr350_lr750_buf0_tg1030,"P0 st5_20_bearish, short $350, switch long $750, buffer 0, guard 10:30",NASDAQ_ORB_15m_p0_short_switch_tp2r_p0_st5_20_bearish_sr350_lr750_buf0_tg1030_2021-04-01,2021-04-01,15,2.0,2.0,st5_20_bearish,350.0,750.0,0,10:30,LONG,False,1,2021-04-01 14:09:00+00:00,2021-04-01 14:10:00+00:00,2021-04-01 19:00:00+00:00,TIME_EXIT,LONG,41.04,0.0,0.0,41.04,41.04,1,4,13294.0,13241.5,52.5
p0_st5_20_bearish_sr350_lr750_buf0_tg1030,"P0 st5_20_bearish, short $350, switch long $750, buffer 0, guard 10:30",NASDAQ_ORB_15m_p0_short_switch_tp2r_p0_st5_20_bearish_sr350_lr750_buf0_tg1030_2021-04-05,2021-04-05,15,2.0,2.0,st5_20_bearish,350.0,750.0,0,10:30,LONG,False,1,2021-04-05 13:46:00+00:00,2021-04-05 13:47:00+00:00,2021-04-05 15:37:00+00:00,TP_2R,LONG,926.3,0.0,0.0,926.3,926.3,1,5,13446.0,13409.25,36.75
p0_st5_20_bearish_sr350_lr750_buf0_tg1030,"P0 st5_20_bearish, short $350, switch long $750, buffer 0, guard 10:30",NASDAQ_ORB_15m_p0_short_switch_tp2r_p0_st5_20_bearish_sr350_lr750_buf0_tg1030_2021-04-06,2021-04-06,15,2.0,2.0,st5_20_bearish,350.0,750.0,0,10:30,LONG,False,1,2021-04-06 13:55:00+00:00,2021-04-06 13:56:00+00:00,2021-04-06 19:00:00+00:00,TIME_EXIT,LONG,119.04,0.0,0.0,119.04,119.04,1,4,13586.0,13538.75,47.25
p0_st5_20_bearish_sr350_lr750_buf0_tg1030,"P0 st5_20_bearish, short $350, switch long $750, buffer 0, guard 10:30",NASDAQ_ORB_15m_p0_short_switch_tp2r_p0_st5_20_bearish_sr350_lr750_buf0_tg1030_2021-04-07,2021-04-07,15,2.0,2.0,st5_20_bearish,350.0,750.0,0,10:30,LONG,False,1,2021-04-07 13:46:00+00:00,2021-04-07 13:47:00+00:00,2021-04-07 19:00:00+00:00,TIME_EXIT,LONG,423.04,0.0,0.0,423.04,423.04,1,4,13560.5,13513.0,47.5
p0_st5_20_bearish_sr350_lr750_buf0_tg1030,"P0 st5_20_bearish, short $350, switch long $750, buffer 0, guard 10:30",NASDAQ_ORB_15m_p0_short_switch_tp2r_p0_st5_20_bearish_sr350_lr750_buf0_tg1030_2021-04-08,2021-04-08,15,2.0,2.0,st5_20_bearish,350.0,750.0,0,10:30,LONG,False,1,2021-04-08 13:58:00+00:00,2021-04-08 13:59:00+00:00,2021-04-08 19:00:00+00:00,TIME_EXIT,LONG,-169.44,0.0,0.0,-169.44,-169.44,0,6,13746.75,13711.25,35.5
p0_st5_20_bearish_sr350_lr750_buf0_tg1030,"P0 st5_20_bearish, short $350, switch long $750, buffer 0, guard 10:30",NASDAQ_ORB_15m_p0_short_switch_tp2r_p0_st5_20_bearish_sr350_lr750_buf0_tg1030_2021-04-09,2021-04-09,15,2.0,2.0,st5_20_bearish,350.0,750.0,0,10:30,LONG,False,1,2021-04-09 13:49:00+00:00,2021-04-09 13:50:00+00:00,2021-04-09 19:00:00+00:00,TIME_EXIT,LONG,673.8,0.0,0.0,673.8,673.8,1,5,13703.0,13658.25,44.75
p0_st5_20_bearish_sr350_lr750_buf0_tg1030,"P0 st5_20_bearish, short $350, switch long $750, buffer 0, guard 10:30",NASDAQ_ORB_15m_p0_short_switch_tp2r_p0_st5_20_bearish_sr350_lr750_buf0_tg1030_2021-04-12,2021-04-12,15,2.0,2.0,st5_20_bearish,350.0,750.0,0,10:30,SHORT,True,2,2021-04-12 13:49:00+00:00,2021-04-12 13:50:00+00:00,2021-04-12 19:00:00+00:00,SWITCH_TO_LONG+TIME_EXIT,SHORT,-637.4,-324.96,-637.4,-962.3599999999999,-962.3599999999999,0,14,13809.5,13776.5,33.0
p0_st5_20_bearish_sr350_lr750_buf0_tg1030,"P0 st5_20_bearish, short $350, switch long $750, buffer 0, guard 10:30",NASDAQ_ORB_15m_p0_short_switch_tp2r_p0_st5_20_bearish_sr350_lr750_buf0_tg1030_2021-04-13,2021-04-13,15,2.0,2.0,st5_20_bearish,350.0,750.0,0,10:30,LONG,False,1,2021-04-13 13:54:00+00:00,2021-04-13 13:55:00+00:00,2021-04-13 19:00:00+00:00,TIME_EXIT,LONG,156.78,0.0,0.0,156.78,156.78,1,3,13939.0,13866.5,72.5
p0_st5_20_bearish_sr350_lr750_buf0_tg1030,"P0 st5_20_bearish, short $350, switch long $750, buffer 0, guard 10:30",NASDAQ_ORB_15m_p0_short_switch_tp2r_p0_st5_20_bearish_sr350_lr750_buf0_tg1030_2021-04-14,2021-04-14,15,2.0,2.0,st5_20_bearish,350.0,750.0,0,10:30,SHORT,False,1,2021-04-14 14:24:00+00:00,2021-04-14 14:25:00+00:00,2021-04-14 18:00:00+00:00,TP_2R,SHORT,0.0,585.78,0.0,585.78,585.78,1,3,13988.5,13943.25,45.25
p0_st5_20_bearish_sr350_lr750_buf0_tg1030,"P0 st5_20_bearish, short $350, switch long $750, buffer 0, guard 10:30",NASDAQ_ORB_15m_p0_short_switch_tp2r_p0_st5_20_bearish_sr350_lr750_buf0_tg1030_2021-04-15,2021-04-15,15,2.0,2.0,st5_20_bearish,350.0,750.0,0,10:30,LONG,False,1,2021-04-15 14:28:00+00:00,2021-04-15 14:29:00+00:00,2021-04-15 19:00:00+00:00,TIME_EXIT,LONG,149.04,0.0,0.0,149.04,149.04,1,4,13977.75,13923.25,54.5
p0_st5_20_bearish_sr350_lr750_buf0_tg1030,"P0 st5_20_bearish, short $350, switch long $750, buffer 0, guard 10:30",NASDAQ_ORB_15m_p0_short_switch_tp2r_p0_st5_20_bearish_sr350_lr750_buf0_tg1030_2021-04-16,2021-04-16,15,2.0,2.0,st5_20_bearish,350.0,750.0,0,10:30,SHORT,False,1,2021-04-16 13:53:00+00:00,2021-04-16 13:54:00+00:00,2021-04-16 19:00:00+00:00,TIME_EXIT,SHORT,0.0,-236.48,0.0,-236.48,-236.48,0,2,14039.0,13973.25,65.75
p0_st5_20_bearish_sr350_lr750_buf0_tg1030,"P0 st5_20_bearish, short $350, switch long $750, buffer 0, guard 10:30",NASDAQ_ORB_15m_p0_short_switch_tp2r_p0_st5_20_bearish_sr350_lr750_buf0_tg1030_2021-04-19,2021-04-19,15,2.0,2.0,st5_20_bearish,350.0,750.0,0,10:30,SHORT,False,1,2021-04-19 14:10:00+00:00,2021-04-19 14:11:00+00:00,2021-04-19 19:00:00+00:00,TIME_EXIT,SHORT,0.0,74.26,0.0,74.26,74.26,1,1,14013.25,13950.75,62.5
p0_st5_20_bearish_sr350_lr750_buf0_tg1030,"P0 st5_20_bearish, short $350, switch long $750, buffer 0, guard 10:30",NASDAQ_ORB_15m_p0_short_switch_tp2r_p0_st5_20_bearish_sr350_lr750_buf0_tg1030_2021-04-20,2021-04-20,15,2.0,2.0,st5_20_bearish,350.0,750.0,0,10:30,LONG,False,1,2021-04-20 13:46:00+00:00,2021-04-20 13:47:00+00:00,2021-04-20 19:00:00+00:00,TIME_EXIT,LONG,-1364.96,0.0,0.0,-1364.96,-1364.96,0,4,13906.0,13852.0,54.0
p0_st5_20_bearish_sr350_lr750_buf0_tg1030,"P0 st5_20_bearish, short $350, switch long $750, buffer 0, guard 10:30",NASDAQ_ORB_15m_p0_short_switch_tp2r_p0_st5_20_bearish_sr350_lr750_buf0_tg1030_2021-04-21,2021-04-21,15,2.0,2.0,st5_20_bearish,350.0,750.0,0,10:30,LONG,False,1,2021-04-21 13:49:00+00:00,2021-04-21 13:50:00+00:00,2021-04-21 19:00:00+00:00,TIME_EXIT,LONG,456.78,0.0,0.0,456.78,456.78,1,3,13763.75,13700.25,63.5
p0_st5_20_bearish_sr350_lr750_buf0_tg1030,"P0 st5_20_bearish, short $350, switch long $750, buffer 0, guard 10:30",NASDAQ_ORB_15m_p0_short_switch_tp2r_p0_st5_20_bearish_sr350_lr750_buf0_tg1030_2021-04-22,2021-04-22,15,2.0,2.0,st5_20_bearish,350.0,750.0,0,10:30,SHORT,True,2,2021-04-22 13:49:00+00:00,2021-04-22 13:50:00+00:00,2021-04-22 19:00:00+00:00,SWITCH_TO_LONG+TIME_EXIT,SHORT,-2210.1800000000003,-323.21999999999997,-2210.1800000000003,-2533.4,-2533.4,0,10,13912.0,13871.25,40.75
p0_st5_20_bearish_sr350_lr750_buf0_tg1030,"P0 st5_20_bearish, short $350, switch long $750, buffer 0, guard 10:30",NASDAQ_ORB_15m_p0_short_switch_tp2r_p0_st5_20_bearish_sr350_lr750_buf0_tg1030_2021-04-23,2021-04-23,15,2.0,2.0,st5_20_bearish,350.0,750.0,0,10:30,LONG,False,1,2021-04-23 13:52:00+00:00,2021-04-23 13:53:00+00:00,2021-04-23 15:40:00+00:00,TP_2R,LONG,961.3,0.0,0.0,961.3,961.3,1,5,13822.0,13775.75,46.25
p0_st5_20_bearish_sr350_lr750_buf0_tg1030,"P0 st5_20_bearish, short $350, switch long $750, buffer 0, guard 10:30",NASDAQ_ORB_15m_p0_short_switch_tp2r_p0_st5_20_bearish_sr350_lr750_buf0_tg1030_2021-04-26,2021-04-26,15,2.0,2.0,st5_20_bearish,350.0,750.0,0,10:30,LONG,False,1,2021-04-26 14:07:00+00:00,2021-04-26 14:08:00+00:00,2021-04-26 18:59:00+00:00,TP_2R,LONG,946.8199999999999,0.0,0.0,946.8199999999999,946.8199999999999,1,7,13950.75,13919.0,31.75
p0_st5_20_bearish_sr350_lr750_buf0_tg1030,"P0 st5_20_bearish, short $350, switch long $750, buffer 0, guard 10:30",NASDAQ_ORB_15m_p0_short_switch_tp2r_p0_st5_20_bearish_sr350_lr750_buf0_tg1030_2021-04-27,2021-04-27,15,2.0,2.0,st5_20_bearish,350.0,750.0,0,10:30,SHORT,False,1,2021-04-27 13:46:00+00:00,2021-04-27 13:47:00+00:00,2021-04-27 19:00:00+00:00,TIME_EXIT,SHORT,0.0,158.28,0.0,158.28,158.28,1,3,14034.75,13987.25,47.5
p0_st5_20_bearish_sr350_lr750_buf0_tg1030,"P0 st5_20_bearish, short $350, switch long $750, buffer 0, guard 10:30",NASDAQ_ORB_15m_p0_short_switch_tp2r_p0_st5_20_bearish_sr350_lr750_buf0_tg1030_2021-04-28,2021-04-28,15,2.0,2.0,st5_20_bearish,350.0,750.0,0,10:30,LONG,False,1,2021-04-28 13:50:00+00:00,2021-04-28 13:51:00+00:00,2021-04-28 19:00:00+00:00,TIME_EXIT,LONG,61.04,0.0,0.0,61.04,61.04,1,4,13943.0,13885.5,57.5
p0_st5_20_bearish_sr350_lr750_buf0_tg1030,"P0 st5_20_bearish, short $350, switch long $750, buffer 0, guard 10:30",NASDAQ_ORB_15m_p0_short_switch_tp2r_p0_st5_20_bearish_sr350_lr750_buf0_tg1030_2021-04-29,2021-04-29,15,2.0,2.0,st5_20_bearish,350.0,750.0,0,10:30,SHORT,False,1,2021-04-29 13:47:00+00:00,2021-04-29 13:48:00+00:00,2021-04-29 14:36:00+00:00,TP_2R,SHORT,0.0,600.78,0.0,600.78,600.78,1,3,14061.0,14011.5,49.5
p0_st5_20_bearish_sr350_lr750_buf0_tg1030,"P0 st5_20_bearish, short $350, switch long $750, buffer 0, guard 10:30",NASDAQ_ORB_15m_p0_short_switch_tp2r_p0_st5_20_bearish_sr350_lr750_buf0_tg1030_2021-04-30,2021-04-30,15,2.0,2.0,st5_20_bearish,350.0,750.0,0,10:30,LONG,False,1,2021-04-30 13:58:00+00:00,2021-04-30 13:59:00+00:00,2021-04-30 19:00:00+00:00,TIME_EXIT,LONG,-312.96,0.0,0.0,-312.96,-312.96,0,4,13892.75,13840.25,52.5
p0_st5_20_bearish_sr350_lr750_buf0_tg1030,"P0 st5_20_bearish, short $350, switch long $750, buffer 0, guard 10:30",NASDAQ_ORB_15m_p0_short_switch_tp2r_p0_st5_20_bearish_sr350_lr750_buf0_tg1030_2021-05-03,2021-05-03,15,2.0,2.0,st5_20_bearish,350.0,750.0,0,10:30,LONG,False,1,2021-05-03 14:08:00+00:00,2021-05-03 14:09:00+00:00,2021-05-03 19:00:00+00:00,TIME_EXIT,LONG,-674.22,0.0,0.0,-674.22,-674.22,0,3,13916.25,13854.75,61.5
p0_st5_20_bearish_sr350_lr750_buf0_tg1030,"P0 st5_20_bearish, short $350, switch long $750, buffer 0, guard 10:30",NASDAQ_ORB_15m_p0_short_switch_tp2r_p0_st5_20_bearish_sr350_lr750_buf0_tg1030_2021-05-04,2021-05-04,15,2.0,2.0,st5_20_bearish,350.0,750.0,0,10:30,SHORT,False,1,2021-05-04 13:46:00+00:00,2021-05-04 13:47:00+00:00,2021-05-04 19:00:00+00:00,TIME_EXIT,SHORT,0.0,222.26,0.0,222.26,222.26,1,1,13696.5,13594.0,102.5
p0_st5_20_bearish_sr350_lr750_buf0_tg1030,"P0 st5_20_bearish, short $350, switch long $750, buffer 0, guard 10:30",NASDAQ_ORB_15m_p0_short_switch_tp2r_p0_st5_20_bearish_sr350_lr750_buf0_tg1030_2021-05-05,2021-05-05,15,2.0,2.0,st5_20_bearish,350.0,750.0,0,10:30,SHORT,False,1,2021-05-05 13:58:00+00:00,2021-05-05 13:59:00+00:00,2021-05-05 19:00:00+00:00,TIME_EXIT,SHORT,0.0,236.52,0.0,236.52,236.52,1,2,13665.5,13604.25,61.25
p0_st5_20_bearish_sr350_lr750_buf0_tg1030,"P0 st5_20_bearish, short $350, switch long $750, buffer 0, guard 10:30",NASDAQ_ORB_15m_p0_short_switch_tp2r_p0_st5_20_bearish_sr350_lr750_buf0_tg1030_2021-05-06,2021-05-06,15,2.0,2.0,st5_20_bearish,350.0,750.0,0,10:30,SHORT,True,2,2021-05-06 14:02:00+00:00,2021-05-06 14:03:00+00:00,2021-05-06 19:00:00+00:00,SWITCH_TO_LONG+TIME_EXIT,SHORT,-230.21999999999997,-214.74,-230.21999999999997,-444.96,-444.96,0,4,13509.0,13424.25,84.75
p0_st5_20_bearish_sr350_lr750_buf0_tg1030,"P0 st5_20_bearish, short $350, switch long $750, buffer 0, guard 10:30",NASDAQ_ORB_15m_p0_short_switch_tp2r_p0_st5_20_bearish_sr350_lr750_buf0_tg1030_2021-05-07,2021-05-07,15,2.0,2.0,st5_20_bearish,350.0,750.0,0,10:30,LONG,False,1,2021-05-07 13:50:00+00:00,2021-05-07 13:51:00+00:00,2021-05-07 19:00:00+00:00,TIME_EXIT,LONG,-112.48,0.0,0.0,-112.48,-112.48,0,2,13740.5,13661.75,78.75
p0_st5_20_bearish_sr350_lr750_buf0_tg1030,"P0 st5_20_bearish, short $350, switch long $750, buffer 0, guard 10:30",NASDAQ_ORB_15m_p0_short_switch_tp2r_p0_st5_20_bearish_sr350_lr750_buf0_tg1030_2021-05-10,2021-05-10,15,2.0,2.0,st5_20_bearish,350.0,750.0,0,10:30,SHORT,False,1,2021-05-10 13:54:00+00:00,2021-05-10 13:55:00+00:00,2021-05-10 19:00:00+00:00,TIME_EXIT,SHORT,0.0,281.26,0.0,281.26,281.26,1,1,13657.75,13536.0,121.75
p0_st5_20_bearish_sr350_lr750_buf0_tg1030,"P0 st5_20_bearish, short $350, switch long $750, buffer 0, guard 10:30",NASDAQ_ORB_15m_p0_short_switch_tp2r_p0_st5_20_bearish_sr350_lr750_buf0_tg1030_2021-05-11,2021-05-11,15,2.0,2.0,st5_20_bearish,350.0,750.0,0,10:30,LONG,False,1,2021-05-11 13:53:00+00:00,2021-05-11 13:54:00+00:00,2021-05-11 19:00:00+00:00,TIME_EXIT,LONG,186.76,0.0,0.0,186.76,186.76,1,1,13227.0,13083.75,143.25
p0_st5_20_bearish_sr350_lr750_buf0_tg1030,"P0 st5_20_bearish, short $350, switch long $750, buffer 0, guard 10:30",NASDAQ_ORB_15m_p0_short_switch_tp2r_p0_st5_20_bearish_sr350_lr750_buf0_tg1030_2021-05-12,2021-05-12,15,2.0,2.0,st5_20_bearish,350.0,750.0,0,10:30,LONG,False,1,2021-05-12 13:49:00+00:00,2021-05-12 13:50:00+00:00,2021-05-12 19:00:00+00:00,TIME_EXIT,LONG,-757.48,0.0,0.0,-757.48,-757.48,0,2,13217.75,13120.5,97.25
p0_st5_20_bearish_sr350_lr750_buf0_tg1030,"P0 st5_20_bearish, short $350, switch long $750, buffer 0, guard 10:30",NASDAQ_ORB_15m_p0_short_switch_tp2r_p0_st5_20_bearish_sr350_lr750_buf0_tg1030_2021-05-13,2021-05-13,15,2.0,2.0,st5_20_bearish,350.0,750.0,0,10:30,LONG,False,1,2021-05-13 14:01:00+00:00,2021-05-13 14:02:00+00:00,2021-05-13 19:00:00+00:00,TIME_EXIT,LONG,-332.21999999999997,0.0,0.0,-332.21999999999997,-332.21999999999997,0,3,13168.75,13110.25,58.5
p0_st5_20_bearish_sr350_lr750_buf0_tg1030,"P0 st5_20_bearish, short $350, switch long $750, buffer 0, guard 10:30",NASDAQ_ORB_15m_p0_short_switch_tp2r_p0_st5_20_bearish_sr350_lr750_buf0_tg1030_2021-05-14,2021-05-14,15,2.0,2.0,st5_20_bearish,350.0,750.0,0,10:30,LONG,False,1,2021-05-14 13:59:00+00:00,2021-05-14 14:00:00+00:00,2021-05-14 17:32:00+00:00,TP_2R,LONG,853.04,0.0,0.0,853.04,853.04,1,4,13257.25,13208.25,49.0
p0_st5_20_bearish_sr350_lr750_buf0_tg1030,"P0 st5_20_bearish, short $350, switch long $750, buffer 0, guard 10:30",NASDAQ_ORB_15m_p0_short_switch_tp2r_p0_st5_20_bearish_sr350_lr750_buf0_tg1030_2021-05-17,2021-05-17,15,2.0,2.0,st5_20_bearish,350.0,750.0,0,10:30,SHORT,False,1,2021-05-17 14:02:00+00:00,2021-05-17 14:03:00+00:00,2021-05-17 19:00:00+00:00,TIME_EXIT,SHORT,0.0,-16.24,0.0,-16.24,-16.24,0,1,13341.5,13263.25,78.25
p0_st5_20_bearish_sr350_lr750_buf0_tg1030,"P0 st5_20_bearish, short $350, switch long $750, buffer 0, guard 10:30",NASDAQ_ORB_15m_p0_short_switch_tp2r_p0_st5_20_bearish_sr350_lr750_buf0_tg1030_2021-05-18,2021-05-18,15,2.0,2.0,st5_20_bearish,350.0,750.0,0,10:30,SHORT,True,2,2021-05-18 13:51:00+00:00,2021-05-18 13:52:00+00:00,2021-05-18 19:00:00+00:00,SWITCH_TO_LONG+TIME_EXIT,SHORT,-1373.68,-333.71999999999997,-1373.68,-1707.4,-1707.4,0,10,13361.75,13313.5,48.25
p0_st5_20_bearish_sr350_lr750_buf0_tg1030,"P0 st5_20_bearish, short $350, switch long $750, buffer 0, guard 10:30",NASDAQ_ORB_15m_p0_short_switch_tp2r_p0_st5_20_bearish_sr350_lr750_buf0_tg1030_2021-05-19,2021-05-19,15,2.0,2.0,st5_20_bearish,350.0,750.0,0,10:30,LONG,False,1,2021-05-19 13:51:00+00:00,2021-05-19 13:52:00+00:00,2021-05-19 19:00:00+00:00,TIME_EXIT,LONG,295.52,0.0,0.0,295.52,295.52,1,2,13065.0,12969.5,95.5
p0_st5_20_bearish_sr350_lr750_buf0_tg1030,"P0 st5_20_bearish, short $350, switch long $750, buffer 0, guard 10:30",NASDAQ_ORB_15m_p0_short_switch_tp2r_p0_st5_20_bearish_sr350_lr750_buf0_tg1030_2021-05-20,2021-05-20,15,2.0,2.0,st5_20_bearish,350.0,750.0,0,10:30,LONG,False,1,2021-05-20 13:48:00+00:00,2021-05-20 13:49:00+00:00,2021-05-20 19:00:00+00:00,TIME_EXIT,LONG,434.52,0.0,0.0,434.52,434.52,1,2,13393.0,13281.5,111.5
p0_st5_20_bearish_sr350_lr750_buf0_tg1030,"P0 st5_20_bearish, short $350, switch long $750, buffer 0, guard 10:30",NASDAQ_ORB_15m_p0_short_switch_tp2r_p0_st5_20_bearish_sr350_lr750_buf0_tg1030_2021-05-21,2021-05-21,15,2.0,2.0,st5_20_bearish,350.0,750.0,0,10:30,SHORT,False,1,2021-05-21 13:46:00+00:00,2021-05-21 13:47:00+00:00,2021-05-21 19:00:00+00:00,TIME_EXIT,SHORT,0.0,188.52,0.0,188.52,188.52,1,2,13569.75,13498.75,71.0
p0_st5_20_bearish_sr350_lr750_buf0_tg1030,"P0 st5_20_bearish, short $350, switch long $750, buffer 0, guard 10:30",NASDAQ_ORB_15m_p0_short_switch_tp2r_p0_st5_20_bearish_sr350_lr750_buf0_tg1030_2021-05-24,2021-05-24,15,2.0,2.0,st5_20_bearish,350.0,750.0,0,10:30,LONG,False,1,2021-05-24 14:01:00+00:00,2021-05-24 14:02:00+00:00,2021-05-24 19:00:00+00:00,TIME_EXIT,LONG,351.52,0.0,0.0,351.52,351.52,1,2,13583.5,13493.0,90.5
p0_st5_20_bearish_sr350_lr750_buf0_tg1030,"P0 st5_20_bearish, short $350, switch long $750, buffer 0, guard 10:30",NASDAQ_ORB_15m_p0_short_switch_tp2r_p0_st5_20_bearish_sr350_lr750_buf0_tg1030_2021-05-25,2021-05-25,15,2.0,2.0,st5_20_bearish,350.0,750.0,0,10:30,SHORT,False,1,2021-05-25 13:52:00+00:00,2021-05-25 13:53:00+00:00,2021-05-25 19:00:00+00:00,TIME_EXIT,SHORT,0.0,72.52,0.0,72.52,72.52,1,2,13732.25,13670.5,61.75
p0_st5_20_bearish_sr350_lr750_buf0_tg1030,"P0 st5_20_bearish, short $350, switch long $750, buffer 0, guard 10:30",NASDAQ_ORB_15m_p0_short_switch_tp2r_p0_st5_20_bearish_sr350_lr750_buf0_tg1030_2021-05-26,2021-05-26,15,2.0,2.0,st5_20_bearish,350.0,750.0,0,10:30,SHORT,True,2,2021-05-26 13:46:00+00:00,2021-05-26 13:47:00+00:00,2021-05-26 19:00:00+00:00,SWITCH_TO_LONG+TIME_EXIT,SHORT,-164.16,-330.96,-164.16,-495.12,-495.12,0,13,13708.75,13672.0,36.75
p0_st5_20_bearish_sr350_lr750_buf0_tg1030,"P0 st5_20_bearish, short $350, switch long $750, buffer 0, guard 10:30",NASDAQ_ORB_15m_p0_short_switch_tp2r_p0_st5_20_bearish_sr350_lr750_buf0_tg1030_2021-05-27,2021-05-27,15,2.0,2.0,st5_20_bearish,350.0,750.0,0,10:30,LONG,False,1,2021-05-27 14:18:00+00:00,2021-05-27 14:19:00+00:00,2021-05-27 19:00:00+00:00,TIME_EXIT,LONG,-331.2,0.0,0.0,-331.2,-331.2,0,5,13695.25,13653.0,42.25
p0_st5_20_bearish_sr350_lr750_buf0_tg1030,"P0 st5_20_bearish, short $350, switch long $750, buffer 0, guard 10:30",NASDAQ_ORB_15m_p0_short_switch_tp2r_p0_st5_20_bearish_sr350_lr750_buf0_tg1030_2021-05-28,2021-05-28,15,2.0,2.0,st5_20_bearish,350.0,750.0,0,10:30,LONG,False,1,2021-05-28 15:42:00+00:00,2021-05-28 15:43:00+00:00,2021-05-28 19:00:00+00:00,TIME_EXIT,LONG,-138.7,0.0,0.0,-138.7,-138.7,0,5,13739.75,13695.75,44.0
p0_st5_20_bearish_sr350_lr750_buf0_tg1030,"P0 st5_20_bearish, short $350, switch long $750, buffer 0, guard 10:30",NASDAQ_ORB_15m_p0_short_switch_tp2r_p0_st5_20_bearish_sr350_lr750_buf0_tg1030_2021-05-31,2021-05-31,15,2.0,2.0,st5_20_bearish,350.0,750.0,0,10:30,SHORT,False,1,2021-05-31 13:50:00+00:00,2021-05-31 13:51:00+00:00,2021-05-31 22:02:00+00:00,TIME_EXIT,SHORT,0.0,-192.36,0.0,-192.36,-192.36,0,14,13680.25,13668.75,11.5
p0_st5_20_bearish_sr350_lr750_buf0_tg1030,"P0 st5_20_bearish, short $350, switch long $750, buffer 0, guard 10:30",NASDAQ_ORB_15m_p0_short_switch_tp2r_p0_st5_20_bearish_sr350_lr750_buf0_tg1030_2021-06-01,2021-06-01,15,2.0,2.0,st5_20_bearish,350.0,750.0,0,10:30,SHORT,False,1,2021-06-01 13:55:00+00:00,2021-06-01 13:56:00+00:00,2021-06-01 14:57:00+00:00,TP_2R,SHORT,0.0,678.78,0.0,678.78,678.78,1,3,13773.0,13739.0,34.0
p0_st5_20_bearish_sr350_lr750_buf0_tg1030,"P0 st5_20_bearish, short $350, switch long $750, buffer 0, guard 10:30",NASDAQ_ORB_15m_p0_short_switch_tp2r_p0_st5_20_bearish_sr350_lr750_buf0_tg1030_2021-06-02,2021-06-02,15,2.0,2.0,st5_20_bearish,350.0,750.0,0,10:30,LONG,False,1,2021-06-02 13:46:00+00:00,2021-06-02 13:47:00+00:00,2021-06-02 19:00:00+00:00,TIME_EXIT,LONG,-598.6999999999999,0.0,0.0,-598.6999999999999,-598.6999999999999,0,5,13687.75,13651.25,36.5
p0_st5_20_bearish_sr350_lr750_buf0_tg1030,"P0 st5_20_bearish, short $350, switch long $750, buffer 0, guard 10:30",NASDAQ_ORB_15m_p0_short_switch_tp2r_p0_st5_20_bearish_sr350_lr750_buf0_tg1030_2021-06-03,2021-06-03,15,2.0,2.0,st5_20_bearish,350.0,750.0,0,10:30,SHORT,True,2,2021-06-03 13:49:00+00:00,2021-06-03 13:50:00+00:00,2021-06-03 19:00:00+00:00,SWITCH_TO_LONG+TIME_EXIT,SHORT,-368.96,-382.48,-368.96,-751.44,-751.44,0,6,13570.75,13488.5,82.25
p0_st5_20_bearish_sr350_lr750_buf0_tg1030,"P0 st5_20_bearish, short $350, switch long $750, buffer 0, guard 10:30",NASDAQ_ORB_15m_p0_short_switch_tp2r_p0_st5_20_bearish_sr350_lr750_buf0_tg1030_2021-06-04,2021-06-04,15,2.0,2.0,st5_20_bearish,350.0,750.0,0,10:30,LONG,False,1,2021-06-04 13:46:00+00:00,2021-06-04 13:47:00+00:00,2021-06-04 19:00:00+00:00,TIME_EXIT,LONG,332.52,0.0,0.0,332.52,332.52,1,2,13683.0,13605.5,77.5
p0_st5_20_bearish_sr350_lr750_buf0_tg1030,"P0 st5_20_bearish, short $350, switch long $750, buffer 0, guard 10:30",NASDAQ_ORB_15m_p0_short_switch_tp2r_p0_st5_20_bearish_sr350_lr750_buf0_tg1030_2021-06-07,2021-06-07,15,2.0,2.0,st5_20_bearish,350.0,750.0,0,10:30,SHORT,True,2,2021-06-07 14:20:00+00:00,2021-06-07 14:21:00+00:00,2021-06-07 19:00:00+00:00,SWITCH_TO_LONG+TIME_EXIT,SHORT,158.08,-318.71999999999997,158.08,-160.63999999999996,-160.63999999999996,0,11,13764.75,13720.75,44.0
p0_st5_20_bearish_sr350_lr750_buf0_tg1030,"P0 st5_20_bearish, short $350, switch long $750, buffer 0, guard 10:30",NASDAQ_ORB_15m_p0_short_switch_tp2r_p0_st5_20_bearish_sr350_lr750_buf0_tg1030_2021-06-08,2021-06-08,15,2.0,2.0,st5_20_bearish,350.0,750.0,0,10:30,SHORT,False,1,2021-06-08 13:55:00+00:00,2021-06-08 13:56:00+00:00,2021-06-08 19:00:00+00:00,TIME_EXIT,SHORT,0.0,85.52,0.0,85.52,85.52,1,2,13916.75,13863.0,53.75
p0_st5_20_bearish_sr350_lr750_buf0_tg1030,"P0 st5_20_bearish, short $350, switch long $750, buffer 0, guard 10:30",NASDAQ_ORB_15m_p0_short_switch_tp2r_p0_st5_20_bearish_sr350_lr750_buf0_tg1030_2021-06-09,2021-06-09,15,2.0,2.0,st5_20_bearish,350.0,750.0,0,10:30,LONG,False,1,2021-06-09 13:46:00+00:00,2021-06-09 13:47:00+00:00,2021-06-09 19:00:00+00:00,TIME_EXIT,LONG,-670.4399999999999,0.0,0.0,-670.4399999999999,-670.4399999999999,0,6,13891.0,13858.0,33.0
p0_st5_20_bearish_sr350_lr750_buf0_tg1030,"P0 st5_20_bearish, short $350, switch long $750, buffer 0, guard 10:30",NASDAQ_ORB_15m_p0_short_switch_tp2r_p0_st5_20_bearish_sr350_lr750_buf0_tg1030_2021-06-10,2021-06-10,15,2.0,2.0,st5_20_bearish,350.0,750.0,0,10:30,LONG,False,1,2021-06-10 13:46:00+00:00,2021-06-10 13:47:00+00:00,2021-06-10 19:00:00+00:00,TIME_EXIT,LONG,85.52,0.0,0.0,85.52,85.52,1,2,13922.25,13811.25,111.0
p0_st5_20_bearish_sr350_lr750_buf0_tg1030,"P0 st5_20_bearish, short $350, switch long $750, buffer 0, guard 10:30",NASDAQ_ORB_15m_p0_short_switch_tp2r_p0_st5_20_bearish_sr350_lr750_buf0_tg1030_2021-06-11,2021-06-11,15,2.0,2.0,st5_20_bearish,350.0,750.0,0,10:30,LONG,False,1,2021-06-11 13:49:00+00:00,2021-06-11 13:50:00+00:00,2021-06-11 19:00:00+00:00,TIME_EXIT,LONG,86.08,0.0,0.0,86.08,86.08,1,8,13965.5,13932.75,32.75
p0_st5_20_bearish_sr350_lr750_buf0_tg1030,"P0 st5_20_bearish, short $350, switch long $750, buffer 0, guard 10:30",NASDAQ_ORB_15m_p0_short_switch_tp2r_p0_st5_20_bearish_sr350_lr750_buf0_tg1030_2021-06-14,2021-06-14,15,2.0,2.0,st5_20_bearish,350.0,750.0,0,10:30,LONG,False,1,2021-06-14 13:46:00+00:00,2021-06-14 13:47:00+00:00,2021-06-14 19:00:00+00:00,TIME_EXIT,LONG,317.04,0.0,0.0,317.04,317.04,1,4,14007.5,13957.0,50.5
p0_st5_20_bearish_sr350_lr750_buf0_tg1030,"P0 st5_20_bearish, short $350, switch long $750, buffer 0, guard 10:30",NASDAQ_ORB_15m_p0_short_switch_tp2r_p0_st5_20_bearish_sr350_lr750_buf0_tg1030_2021-06-15,2021-06-15,15,2.0,2.0,st5_20_bearish,350.0,750.0,0,10:30,LONG,False,1,2021-06-15 13:46:00+00:00,2021-06-15 13:47:00+00:00,2021-06-15 19:00:00+00:00,TIME_EXIT,LONG,-736.96,0.0,0.0,-736.96,-736.96,0,4,14113.5,14063.25,50.25
p0_st5_20_bearish_sr350_lr750_buf0_tg1030,"P0 st5_20_bearish, short $350, switch long $750, buffer 0, guard 10:30",NASDAQ_ORB_15m_p0_short_switch_tp2r_p0_st5_20_bearish_sr350_lr750_buf0_tg1030_2021-06-16,2021-06-16,15,2.0,2.0,st5_20_bearish,350.0,750.0,0,10:30,LONG,False,1,2021-06-16 13:49:00+00:00,2021-06-16 13:50:00+00:00,2021-06-16 19:00:00+00:00,TIME_EXIT,LONG,-2217.1800000000003,0.0,0.0,-2217.1800000000003,-2217.1800000000003,0,7,14074.0,14042.5,31.5
p0_st5_20_bearish_sr350_lr750_buf0_tg1030,"P0 st5_20_bearish, short $350, switch long $750, buffer 0, guard 10:30",NASDAQ_ORB_15m_p0_short_switch_tp2r_p0_st5_20_bearish_sr350_lr750_buf0_tg1030_2021-06-17,2021-06-17,15,2.0,2.0,st5_20_bearish,350.0,750.0,0,10:30,LONG,False,1,2021-06-17 13:52:00+00:00,2021-06-17 13:53:00+00:00,2021-06-17 19:00:00+00:00,TIME_EXIT,LONG,567.52,0.0,0.0,567.52,567.52,1,2,14019.25,13932.0,87.25
p0_st5_20_bearish_sr350_lr750_buf0_tg1030,"P0 st5_20_bearish, short $350, switch long $750, buffer 0, guard 10:30",NASDAQ_ORB_15m_p0_short_switch_tp2r_p0_st5_20_bearish_sr350_lr750_buf0_tg1030_2021-06-21,2021-06-21,15,2.0,2.0,st5_20_bearish,350.0,750.0,0,10:30,LONG,False,1,2021-06-21 14:11:00+00:00,2021-06-21 14:12:00+00:00,2021-06-21 19:00:00+00:00,TIME_EXIT,LONG,204.52,0.0,0.0,204.52,204.52,1,2,14072.25,13958.75,113.5
p0_st5_20_bearish_sr350_lr750_buf0_tg1030,"P0 st5_20_bearish, short $350, switch long $750, buffer 0, guard 10:30",NASDAQ_ORB_15m_p0_short_switch_tp2r_p0_st5_20_bearish_sr350_lr750_buf0_tg1030_2021-06-22,2021-06-22,15,2.0,2.0,st5_20_bearish,350.0,750.0,0,10:30,LONG,False,1,2021-06-22 14:32:00+00:00,2021-06-22 14:33:00+00:00,2021-06-22 19:00:00+00:00,TIME_EXIT,LONG,347.28000000000003,0.0,0.0,347.28000000000003,347.28000000000003,1,3,14176.75,14107.25,69.5
p0_st5_20_bearish_sr350_lr750_buf0_tg1030,"P0 st5_20_bearish, short $350, switch long $750, buffer 0, guard 10:30",NASDAQ_ORB_15m_p0_short_switch_tp2r_p0_st5_20_bearish_sr350_lr750_buf0_tg1030_2021-06-23,2021-06-23,15,2.0,2.0,st5_20_bearish,350.0,750.0,0,10:30,LONG,False,1,2021-06-23 13:59:00+00:00,2021-06-23 14:00:00+00:00,2021-06-23 19:00:00+00:00,TIME_EXIT,LONG,-220.96,0.0,0.0,-220.96,-220.96,0,4,14299.75,14253.75,46.0
p0_st5_20_bearish_sr350_lr750_buf0_tg1030,"P0 st5_20_bearish, short $350, switch long $750, buffer 0, guard 10:30",NASDAQ_ORB_15m_p0_short_switch_tp2r_p0_st5_20_bearish_sr350_lr750_buf0_tg1030_2021-06-24,2021-06-24,15,2.0,2.0,st5_20_bearish,350.0,750.0,0,10:30,LONG,False,1,2021-06-24 14:06:00+00:00,2021-06-24 14:07:00+00:00,2021-06-24 19:00:00+00:00,TIME_EXIT,LONG,-206.20000000000002,0.0,0.0,-206.20000000000002,-206.20000000000002,0,5,14386.25,14344.0,42.25
p0_st5_20_bearish_sr350_lr750_buf0_tg1030,"P0 st5_20_bearish, short $350, switch long $750, buffer 0, guard 10:30",NASDAQ_ORB_15m_p0_short_switch_tp2r_p0_st5_20_bearish_sr350_lr750_buf0_tg1030_2021-06-25,2021-06-25,15,2.0,2.0,st5_20_bearish,350.0,750.0,0,10:30,SHORT,False,1,2021-06-25 14:00:00+00:00,2021-06-25 14:01:00+00:00,2021-06-25 19:00:00+00:00,TIME_EXIT,SHORT,0.0,-72.72,0.0,-72.72,-72.72,0,3,14390.75,14361.25,29.5
p0_st5_20_bearish_sr350_lr750_buf0_tg1030,"P0 st5_20_bearish, short $350, switch long $750, buffer 0, guard 10:30",NASDAQ_ORB_15m_p0_short_switch_tp2r_p0_st5_20_bearish_sr350_lr750_buf0_tg1030_2021-06-28,2021-06-28,15,2.0,2.0,st5_20_bearish,350.0,750.0,0,10:30,LONG,False,1,2021-06-28 14:02:00+00:00,2021-06-28 14:03:00+00:00,2021-06-28 19:00:00+00:00,TIME_EXIT,LONG,246.78000000000003,0.0,0.0,246.78000000000003,246.78000000000003,1,3,14458.5,14391.0,67.5
p0_st5_20_bearish_sr350_lr750_buf0_tg1030,"P0 st5_20_bearish, short $350, switch long $750, buffer 0, guard 10:30",NASDAQ_ORB_15m_p0_short_switch_tp2r_p0_st5_20_bearish_sr350_lr750_buf0_tg1030_2021-06-29,2021-06-29,15,2.0,2.0,st5_20_bearish,350.0,750.0,0,10:30,LONG,False,1,2021-06-29 14:48:00+00:00,2021-06-29 14:49:00+00:00,2021-06-29 19:00:00+00:00,TIME_EXIT,LONG,143.04,0.0,0.0,143.04,143.04,1,4,14525.25,14470.0,55.25
p0_st5_20_bearish_sr350_lr750_buf0_tg1030,"P0 st5_20_bearish, short $350, switch long $750, buffer 0, guard 10:30",NASDAQ_ORB_15m_p0_short_switch_tp2r_p0_st5_20_bearish_sr350_lr750_buf0_tg1030_2021-06-30,2021-06-30,15,2.0,2.0,st5_20_bearish,350.0,750.0,0,10:30,SHORT,True,2,2021-06-30 13:59:00+00:00,2021-06-30 14:00:00+00:00,2021-06-30 19:00:00+00:00,SWITCH_TO_LONG+TIME_EXIT,SHORT,-421.92,-282.71999999999997,-421.92,-704.64,-704.64,0,11,14568.75,14524.75,44.0
p0_st5_20_bearish_sr350_lr750_buf0_tg1030,"P0 st5_20_bearish, short $350, switch long $750, buffer 0, guard 10:30",NASDAQ_ORB_15m_p0_short_switch_tp2r_p0_st5_20_bearish_sr350_lr750_buf0_tg1030_2021-07-01,2021-07-01,15,2.0,2.0,st5_20_bearish,350.0,750.0,0,10:30,LONG,False,1,2021-07-01 13:46:00+00:00,2021-07-01 13:47:00+00:00,2021-07-01 19:00:00+00:00,TIME_EXIT,LONG,-204.96,0.0,0.0,-204.96,-204.96,0,4,14564.5,14515.5,49.0
p0_st5_20_bearish_sr350_lr750_buf0_tg1030,"P0 st5_20_bearish, short $350, switch long $750, buffer 0, guard 10:30",NASDAQ_ORB_15m_p0_short_switch_tp2r_p0_st5_20_bearish_sr350_lr750_buf0_tg1030_2021-07-02,2021-07-02,15,2.0,2.0,st5_20_bearish,350.0,750.0,0,10:30,LONG,False,1,2021-07-02 13:50:00+00:00,2021-07-02 13:51:00+00:00,2021-07-02 19:00:00+00:00,TIME_EXIT,LONG,243.79999999999998,0.0,0.0,243.79999999999998,243.79999999999998,1,5,14660.75,14619.25,41.5
p0_st5_20_bearish_sr350_lr750_buf0_tg1030,"P0 st5_20_bearish, short $350, switch long $750, buffer 0, guard 10:30",NASDAQ_ORB_15m_p0_short_switch_tp2r_p0_st5_20_bearish_sr350_lr750_buf0_tg1030_2021-07-06,2021-07-06,15,2.0,2.0,st5_20_bearish,350.0,750.0,0,10:30,LONG,False,1,2021-07-06 14:08:00+00:00,2021-07-06 14:09:00+00:00,2021-07-06 19:00:00+00:00,TIME_EXIT,LONG,-397.43999999999994,0.0,0.0,-397.43999999999994,-397.43999999999994,0,6,14773.75,14738.75,35.0
p0_st5_20_bearish_sr350_lr750_buf0_tg1030,"P0 st5_20_bearish, short $350, switch long $750, buffer 0, guard 10:30",NASDAQ_ORB_15m_p0_short_switch_tp2r_p0_st5_20_bearish_sr350_lr750_buf0_tg1030_2021-07-07,2021-07-07,15,2.0,2.0,st5_20_bearish,350.0,750.0,0,10:30,SHORT,False,1,2021-07-07 14:04:00+00:00,2021-07-07 14:05:00+00:00,2021-07-07 19:00:00+00:00,TIME_EXIT,SHORT,0.0,-20.48,0.0,-20.48,-20.48,0,2,14883.75,14817.0,66.75
p0_st5_20_bearish_sr350_lr750_buf0_tg1030,"P0 st5_20_bearish, short $350, switch long $750, buffer 0, guard 10:30",NASDAQ_ORB_15m_p0_short_switch_tp2r_p0_st5_20_bearish_sr350_lr750_buf0_tg1030_2021-07-08,2021-07-08,15,2.0,2.0,st5_20_bearish,350.0,750.0,0,10:30,LONG,False,1,2021-07-08 14:06:00+00:00,2021-07-08 14:07:00+00:00,2021-07-08 19:00:00+00:00,TIME_EXIT,LONG,380.28000000000003,0.0,0.0,380.28000000000003,380.28000000000003,1,3,14641.75,14568.0,73.75
p0_st5_20_bearish_sr350_lr750_buf0_tg1030,"P0 st5_20_bearish, short $350, switch long $750, buffer 0, guard 10:30",NASDAQ_ORB_15m_p0_short_switch_tp2r_p0_st5_20_bearish_sr350_lr750_buf0_tg1030_2021-07-09,2021-07-09,15,2.0,2.0,st5_20_bearish,350.0,750.0,0,10:30,LONG,False,1,2021-07-09 14:09:00+00:00,2021-07-09 14:10:00+00:00,2021-07-09 19:00:00+00:00,TIME_EXIT,LONG,767.04,0.0,0.0,767.04,767.04,1,4,14722.5,14668.25,54.25
p0_st5_20_bearish_sr350_lr750_buf0_tg1030,"P0 st5_20_bearish, short $350, switch long $750, buffer 0, guard 10:30",NASDAQ_ORB_15m_p0_short_switch_tp2r_p0_st5_20_bearish_sr350_lr750_buf0_tg1030_2021-07-12,2021-07-12,15,2.0,2.0,st5_20_bearish,350.0,750.0,0,10:30,SHORT,False,1,2021-07-12 13:54:00+00:00,2021-07-12 13:55:00+00:00,2021-07-12 19:00:00+00:00,TIME_EXIT,SHORT,0.0,-129.48,0.0,-129.48,-129.48,0,2,14888.75,14824.0,64.75
p0_st5_20_bearish_sr350_lr750_buf0_tg1030,"P0 st5_20_bearish, short $350, switch long $750, buffer 0, guard 10:30",NASDAQ_ORB_15m_p0_short_switch_tp2r_p0_st5_20_bearish_sr350_lr750_buf0_tg1030_2021-07-13,2021-07-13,15,2.0,2.0,st5_20_bearish,350.0,750.0,0,10:30,LONG,False,1,2021-07-13 13:48:00+00:00,2021-07-13 13:49:00+00:00,2021-07-13 15:20:00+00:00,TP_2R,LONG,881.3,0.0,0.0,881.3,881.3,1,5,14881.25,14842.0,39.25
p0_st5_20_bearish_sr350_lr750_buf0_tg1030,"P0 st5_20_bearish, short $350, switch long $750, buffer 0, guard 10:30",NASDAQ_ORB_15m_p0_short_switch_tp2r_p0_st5_20_bearish_sr350_lr750_buf0_tg1030_2021-07-14,2021-07-14,15,2.0,2.0,st5_20_bearish,350.0,750.0,0,10:30,LONG,False,1,2021-07-14 14:05:00+00:00,2021-07-14 14:06:00+00:00,2021-07-14 19:00:00+00:00,TIME_EXIT,LONG,-494.96,0.0,0.0,-494.96,-494.96,0,4,14991.25,14936.25,55.0
p0_st5_20_bearish_sr350_lr750_buf0_tg1030,"P0 st5_20_bearish, short $350, switch long $750, buffer 0, guard 10:30",NASDAQ_ORB_15m_p0_short_switch_tp2r_p0_st5_20_bearish_sr350_lr750_buf0_tg1030_2021-07-16,2021-07-16,15,2.0,2.0,st5_20_bearish,350.0,750.0,0,10:30,SHORT,False,1,2021-07-16 14:05:00+00:00,2021-07-16 14:06:00+00:00,2021-07-16 19:00:00+00:00,TIME_EXIT,SHORT,0.0,408.52,0.0,408.52,408.52,1,2,14869.5,14827.75,41.75
p0_st5_20_bearish_sr350_lr750_buf0_tg1030,"P0 st5_20_bearish, short $350, switch long $750, buffer 0, guard 10:30",NASDAQ_ORB_15m_p0_short_switch_tp2r_p0_st5_20_bearish_sr350_lr750_buf0_tg1030_2021-07-19,2021-07-19,15,2.0,2.0,st5_20_bearish,350.0,750.0,0,10:30,SHORT,False,1,2021-07-19 13:54:00+00:00,2021-07-19 13:55:00+00:00,2021-07-19 19:00:00+00:00,TIME_EXIT,SHORT,0.0,-7.74,0.0,-7.74,-7.74,0,1,14571.0,14489.5,81.5
p0_st5_20_bearish_sr350_lr750_buf0_tg1030,"P0 st5_20_bearish, short $350, switch long $750, buffer 0, guard 10:30",NASDAQ_ORB_15m_p0_short_switch_tp2r_p0_st5_20_bearish_sr350_lr750_buf0_tg1030_2021-07-20,2021-07-20,15,2.0,2.0,st5_20_bearish,350.0,750.0,0,10:30,LONG,False,1,2021-07-20 14:21:00+00:00,2021-07-20 14:22:00+00:00,2021-07-20 19:00:00+00:00,TIME_EXIT,LONG,567.52,0.0,0.0,567.52,567.52,1,2,14601.25,14516.75,84.5
p0_st5_20_bearish_sr350_lr750_buf0_tg1030,"P0 st5_20_bearish, short $350, switch long $750, buffer 0, guard 10:30",NASDAQ_ORB_15m_p0_short_switch_tp2r_p0_st5_20_bearish_sr350_lr750_buf0_tg1030_2021-07-21,2021-07-21,15,2.0,2.0,st5_20_bearish,350.0,750.0,0,10:30,LONG,False,1,2021-07-21 13:58:00+00:00,2021-07-21 13:59:00+00:00,2021-07-21 19:00:00+00:00,TIME_EXIT,LONG,297.04,0.0,0.0,297.04,297.04,1,4,14747.25,14692.0,55.25
p0_st5_20_bearish_sr350_lr750_buf0_tg1030,"P0 st5_20_bearish, short $350, switch long $750, buffer 0, guard 10:30",NASDAQ_ORB_15m_p0_short_switch_tp2r_p0_st5_20_bearish_sr350_lr750_buf0_tg1030_2021-07-22,2021-07-22,15,2.0,2.0,st5_20_bearish,350.0,750.0,0,10:30,LONG,False,1,2021-07-22 14:04:00+00:00,2021-07-22 14:05:00+00:00,2021-07-22 19:00:00+00:00,TIME_EXIT,LONG,217.04,0.0,0.0,217.04,217.04,1,4,14894.75,14839.75,55.0
p0_st5_20_bearish_sr350_lr750_buf0_tg1030,"P0 st5_20_bearish, short $350, switch long $750, buffer 0, guard 10:30",NASDAQ_ORB_15m_p0_short_switch_tp2r_p0_st5_20_bearish_sr350_lr750_buf0_tg1030_2021-07-23,2021-07-23,15,2.0,2.0,st5_20_bearish,350.0,750.0,0,10:30,LONG,False,1,2021-07-23 14:18:00+00:00,2021-07-23 14:19:00+00:00,2021-07-23 19:00:00+00:00,TIME_EXIT,LONG,605.28,0.0,0.0,605.28,605.28,1,3,14994.25,14934.25,60.0
p0_st5_20_bearish_sr350_lr750_buf0_tg1030,"P0 st5_20_bearish, short $350, switch long $750, buffer 0, guard 10:30",NASDAQ_ORB_15m_p0_short_switch_tp2r_p0_st5_20_bearish_sr350_lr750_buf0_tg1030_2021-07-26,2021-07-26,15,2.0,2.0,st5_20_bearish,350.0,750.0,0,10:30,LONG,False,1,2021-07-26 13:55:00+00:00,2021-07-26 13:56:00+00:00,2021-07-26 19:00:00+00:00,TIME_EXIT,LONG,185.04,0.0,0.0,185.04,185.04,1,4,15090.5,15040.25,50.25
p0_st5_20_bearish_sr350_lr750_buf0_tg1030,"P0 st5_20_bearish, short $350, switch long $750, buffer 0, guard 10:30",NASDAQ_ORB_15m_p0_short_switch_tp2r_p0_st5_20_bearish_sr350_lr750_buf0_tg1030_2021-07-27,2021-07-27,15,2.0,2.0,st5_20_bearish,350.0,750.0,0,10:30,SHORT,False,1,2021-07-27 13:59:00+00:00,2021-07-27 14:00:00+00:00,2021-07-27 14:37:00+00:00,TP_2R,SHORT,0.0,522.52,0.0,522.52,522.52,1,2,15107.0,15050.0,57.0
p0_st5_20_bearish_sr350_lr750_buf0_tg1030,"P0 st5_20_bearish, short $350, switch long $750, buffer 0, guard 10:30",NASDAQ_ORB_15m_p0_short_switch_tp2r_p0_st5_20_bearish_sr350_lr750_buf0_tg1030_2021-07-28,2021-07-28,15,2.0,2.0,st5_20_bearish,350.0,750.0,0,10:30,LONG,False,1,2021-07-28 14:18:00+00:00,2021-07-28 14:19:00+00:00,2021-07-28 19:00:00+00:00,TIME_EXIT,LONG,-59.74,0.0,0.0,-59.74,-59.74,0,1,15022.5,14901.5,121.0
p0_st5_20_bearish_sr350_lr750_buf0_tg1030,"P0 st5_20_bearish, short $350, switch long $750, buffer 0, guard 10:30",NASDAQ_ORB_15m_p0_short_switch_tp2r_p0_st5_20_bearish_sr350_lr750_buf0_tg1030_2021-07-29,2021-07-29,15,2.0,2.0,st5_20_bearish,350.0,750.0,0,10:30,LONG,False,1,2021-07-29 13:47:00+00:00,2021-07-29 13:48:00+00:00,2021-07-29 19:00:00+00:00,TIME_EXIT,LONG,-105.48,0.0,0.0,-105.48,-105.48,0,2,15069.75,14982.25,87.5
p0_st5_20_bearish_sr350_lr750_buf0_tg1030,"P0 st5_20_bearish, short $350, switch long $750, buffer 0, guard 10:30",NASDAQ_ORB_15m_p0_short_switch_tp2r_p0_st5_20_bearish_sr350_lr750_buf0_tg1030_2021-07-30,2021-07-30,15,2.0,2.0,st5_20_bearish,350.0,750.0,0,10:30,LONG,False,1,2021-07-30 13:46:00+00:00,2021-07-30 13:47:00+00:00,2021-07-30 19:00:00+00:00,TIME_EXIT,LONG,251.04,0.0,0.0,251.04,251.04,1,4,14921.5,14866.0,55.5
p0_st5_20_bearish_sr350_lr750_buf0_tg1030,"P0 st5_20_bearish, short $350, switch long $750, buffer 0, guard 10:30",NASDAQ_ORB_15m_p0_short_switch_tp2r_p0_st5_20_bearish_sr350_lr750_buf0_tg1030_2021-08-02,2021-08-02,15,2.0,2.0,st5_20_bearish,350.0,750.0,0,10:30,SHORT,True,2,2021-08-02 13:52:00+00:00,2021-08-02 13:53:00+00:00,2021-08-02 19:00:00+00:00,SWITCH_TO_LONG+TIME_EXIT,SHORT,-344.21999999999997,-213.74,-344.21999999999997,-557.96,-557.96,0,4,15044.25,14950.75,93.5
p0_st5_20_bearish_sr350_lr750_buf0_tg1030,"P0 st5_20_bearish, short $350, switch long $750, buffer 0, guard 10:30",NASDAQ_ORB_15m_p0_short_switch_tp2r_p0_st5_20_bearish_sr350_lr750_buf0_tg1030_2021-08-03,2021-08-03,15,2.0,2.0,st5_20_bearish,350.0,750.0,0,10:30,SHORT,True,2,2021-08-03 13:55:00+00:00,2021-08-03 13:56:00+00:00,2021-08-03 19:00:00+00:00,SWITCH_TO_LONG+TIME_EXIT,SHORT,76.3,-336.48,76.3,-260.18,-260.18,0,7,14998.5,14952.0,46.5
p0_st5_20_bearish_sr350_lr750_buf0_tg1030,"P0 st5_20_bearish, short $350, switch long $750, buffer 0, guard 10:30",NASDAQ_ORB_15m_p0_short_switch_tp2r_p0_st5_20_bearish_sr350_lr750_buf0_tg1030_2021-08-04,2021-08-04,15,2.0,2.0,st5_20_bearish,350.0,750.0,0,10:30,SHORT,True,2,2021-08-04 13:53:00+00:00,2021-08-04 13:54:00+00:00,2021-08-04 19:00:00+00:00,SWITCH_TO_LONG+TIME_EXIT,SHORT,142.6,-279.71999999999997,142.6,-137.11999999999998,-137.11999999999998,0,13,15066.75,15033.0,33.75
p0_st5_20_bearish_sr350_lr750_buf0_tg1030,"P0 st5_20_bearish, short $350, switch long $750, buffer 0, guard 10:30",NASDAQ_ORB_15m_p0_short_switch_tp2r_p0_st5_20_bearish_sr350_lr750_buf0_tg1030_2021-08-05,2021-08-05,15,2.0,2.0,st5_20_bearish,350.0,750.0,0,10:30,LONG,False,1,2021-08-05 13:48:00+00:00,2021-08-05 13:49:00+00:00,2021-08-05 19:00:00+00:00,TIME_EXIT,LONG,288.8,0.0,0.0,288.8,288.8,1,5,15114.75,15072.75,42.0
p0_st5_20_bearish_sr350_lr750_buf0_tg1030,"P0 st5_20_bearish, short $350, switch long $750, buffer 0, guard 10:30",NASDAQ_ORB_15m_p0_short_switch_tp2r_p0_st5_20_bearish_sr350_lr750_buf0_tg1030_2021-08-09,2021-08-09,15,2.0,2.0,st5_20_bearish,350.0,750.0,0,10:30,LONG,False,1,2021-08-09 18:32:00+00:00,2021-08-09 18:33:00+00:00,2021-08-09 19:00:00+00:00,TIME_EXIT,LONG,-62.22,0.0,0.0,-62.22,-62.22,0,3,15138.75,15069.0,69.75
p0_st5_20_bearish_sr350_lr750_buf0_tg1030,"P0 st5_20_bearish, short $350, switch long $750, buffer 0, guard 10:30",NASDAQ_ORB_15m_p0_short_switch_tp2r_p0_st5_20_bearish_sr350_lr750_buf0_tg1030_2021-08-10,2021-08-10,15,2.0,2.0,st5_20_bearish,350.0,750.0,0,10:30,LONG,False,1,2021-08-10 14:01:00+00:00,2021-08-10 14:02:00+00:00,2021-08-10 19:00:00+00:00,TIME_EXIT,LONG,-1243.44,0.0,0.0,-1243.44,-1243.44,0,6,15153.75,15117.0,36.75
p0_st5_20_bearish_sr350_lr750_buf0_tg1030,"P0 st5_20_bearish, short $350, switch long $750, buffer 0, guard 10:30",NASDAQ_ORB_15m_p0_short_switch_tp2r_p0_st5_20_bearish_sr350_lr750_buf0_tg1030_2021-08-11,2021-08-11,15,2.0,2.0,st5_20_bearish,350.0,750.0,0,10:30,SHORT,False,1,2021-08-11 14:00:00+00:00,2021-08-11 14:01:00+00:00,2021-08-11 19:00:00+00:00,TIME_EXIT,SHORT,0.0,170.52,0.0,170.52,170.52,1,2,15119.0,15061.5,57.5
p0_st5_20_bearish_sr350_lr750_buf0_tg1030,"P0 st5_20_bearish, short $350, switch long $750, buffer 0, guard 10:30",NASDAQ_ORB_15m_p0_short_switch_tp2r_p0_st5_20_bearish_sr350_lr750_buf0_tg1030_2021-08-12,2021-08-12,15,2.0,2.0,st5_20_bearish,350.0,750.0,0,10:30,SHORT,True,2,2021-08-12 14:04:00+00:00,2021-08-12 14:05:00+00:00,2021-08-12 19:00:00+00:00,SWITCH_TO_LONG+TIME_EXIT,SHORT,799.56,-347.21999999999997,799.56,452.34,452.34,1,9,15005.25,14952.25,53.0
p0_st5_20_bearish_sr350_lr750_buf0_tg1030,"P0 st5_20_bearish, short $350, switch long $750, buffer 0, guard 10:30",NASDAQ_ORB_15m_p0_short_switch_tp2r_p0_st5_20_bearish_sr350_lr750_buf0_tg1030_2021-08-13,2021-08-13,15,2.0,2.0,st5_20_bearish,350.0,750.0,0,10:30,LONG,False,1,2021-08-13 13:47:00+00:00,2021-08-13 13:48:00+00:00,2021-08-13 19:00:00+00:00,TIME_EXIT,LONG,204.84,0.0,0.0,204.84,204.84,1,9,15095.25,15068.0,27.25
p0_st5_20_bearish_sr350_lr750_buf0_tg1030,"P0 st5_20_bearish, short $350, switch long $750, buffer 0, guard 10:30",NASDAQ_ORB_15m_p0_short_switch_tp2r_p0_st5_20_bearish_sr350_lr750_buf0_tg1030_2021-08-16,2021-08-16,15,2.0,2.0,st5_20_bearish,350.0,750.0,0,10:30,SHORT,False,1,2021-08-16 13:55:00+00:00,2021-08-16 13:56:00+00:00,2021-08-16 19:00:00+00:00,TIME_EXIT,SHORT,0.0,-245.48,0.0,-245.48,-245.48,0,2,15112.0,15076.5,35.5
p0_st5_20_bearish_sr350_lr750_buf0_tg1030,"P0 st5_20_bearish, short $350, switch long $750, buffer 0, guard 10:30",NASDAQ_ORB_15m_p0_short_switch_tp2r_p0_st5_20_bearish_sr350_lr750_buf0_tg1030_2021-08-17,2021-08-17,15,2.0,2.0,st5_20_bearish,350.0,750.0,0,10:30,SHORT,True,2,2021-08-17 13:56:00+00:00,2021-08-17 13:57:00+00:00,2021-08-17 19:00:00+00:00,SWITCH_TO_LONG+TIME_EXIT,SHORT,-560.96,-342.48,-560.96,-903.44,-903.44,0,6,15040.0,14971.5,68.5
p0_st5_20_bearish_sr350_lr750_buf0_tg1030,"P0 st5_20_bearish, short $350, switch long $750, buffer 0, guard 10:30",NASDAQ_ORB_15m_p0_short_switch_tp2r_p0_st5_20_bearish_sr350_lr750_buf0_tg1030_2021-08-18,2021-08-18,15,2.0,2.0,st5_20_bearish,350.0,750.0,0,10:30,LONG,False,1,2021-08-18 13:52:00+00:00,2021-08-18 13:53:00+00:00,2021-08-18 19:00:00+00:00,TIME_EXIT,LONG,-251.20000000000002,0.0,0.0,-251.20000000000002,-251.20000000000002,0,5,15011.0,14964.25,46.75
p0_st5_20_bearish_sr350_lr750_buf0_tg1030,"P0 st5_20_bearish, short $350, switch long $750, buffer 0, guard 10:30",NASDAQ_ORB_15m_p0_short_switch_tp2r_p0_st5_20_bearish_sr350_lr750_buf0_tg1030_2021-08-19,2021-08-19,15,2.0,2.0,st5_20_bearish,350.0,750.0,0,10:30,LONG,False,1,2021-08-19 14:02:00+00:00,2021-08-19 14:03:00+00:00,2021-08-19 19:00:00+00:00,TIME_EXIT,LONG,531.78,0.0,0.0,531.78,531.78,1,3,14835.75,14763.5,72.25
p0_st5_20_bearish_sr350_lr750_buf0_tg1030,"P0 st5_20_bearish, short $350, switch long $750, buffer 0, guard 10:30",NASDAQ_ORB_15m_p0_short_switch_tp2r_p0_st5_20_bearish_sr350_lr750_buf0_tg1030_2021-08-20,2021-08-20,15,2.0,2.0,st5_20_bearish,350.0,750.0,0,10:30,LONG,False,1,2021-08-20 13:46:00+00:00,2021-08-20 13:47:00+00:00,2021-08-20 14:37:00+00:00,TP_2R,LONG,911.3,0.0,0.0,911.3,911.3,1,5,14996.0,14959.25,36.75
p0_st5_20_bearish_sr350_lr750_buf0_tg1030,"P0 st5_20_bearish, short $350, switch long $750, buffer 0, guard 10:30",NASDAQ_ORB_15m_p0_short_switch_tp2r_p0_st5_20_bearish_sr350_lr750_buf0_tg1030_2021-08-23,2021-08-23,15,2.0,2.0,st5_20_bearish,350.0,750.0,0,10:30,LONG,False,1,2021-08-23 13:47:00+00:00,2021-08-23 13:48:00+00:00,2021-08-23 19:00:00+00:00,TIME_EXIT,LONG,816.78,0.0,0.0,816.78,816.78,1,3,15194.0,15124.75,69.25
p0_st5_20_bearish_sr350_lr750_buf0_tg1030,"P0 st5_20_bearish, short $350, switch long $750, buffer 0, guard 10:30",NASDAQ_ORB_15m_p0_short_switch_tp2r_p0_st5_20_bearish_sr350_lr750_buf0_tg1030_2021-08-24,2021-08-24,15,2.0,2.0,st5_20_bearish,350.0,750.0,0,10:30,LONG,False,1,2021-08-24 14:09:00+00:00,2021-08-24 14:10:00+00:00,2021-08-24 19:00:00+00:00,TIME_EXIT,LONG,61.3,0.0,0.0,61.3,61.3,1,5,15353.5,15312.75,40.75
p0_st5_20_bearish_sr350_lr750_buf0_tg1030,"P0 st5_20_bearish, short $350, switch long $750, buffer 0, guard 10:30",NASDAQ_ORB_15m_p0_short_switch_tp2r_p0_st5_20_bearish_sr350_lr750_buf0_tg1030_2021-08-26,2021-08-26,15,2.0,2.0,st5_20_bearish,350.0,750.0,0,10:30,LONG,False,1,2021-08-26 14:06:00+00:00,2021-08-26 14:07:00+00:00,2021-08-26 19:00:00+00:00,TIME_EXIT,LONG,-1217.16,0.0,0.0,-1217.16,-1217.16,0,9,15360.0,15335.25,24.75
p0_st5_20_bearish_sr350_lr750_buf0_tg1030,"P0 st5_20_bearish, short $350, switch long $750, buffer 0, guard 10:30",NASDAQ_ORB_15m_p0_short_switch_tp2r_p0_st5_20_bearish_sr350_lr750_buf0_tg1030_2021-08-27,2021-08-27,15,2.0,2.0,st5_20_bearish,350.0,750.0,0,10:30,LONG,False,1,2021-08-27 14:03:00+00:00,2021-08-27 14:04:00+00:00,2021-08-27 19:00:00+00:00,TIME_EXIT,LONG,408.78,0.0,0.0,408.78,408.78,1,3,15332.25,15284.25,48.0
p0_st5_20_bearish_sr350_lr750_buf0_tg1030,"P0 st5_20_bearish, short $350, switch long $750, buffer 0, guard 10:30",NASDAQ_ORB_15m_p0_short_switch_tp2r_p0_st5_20_bearish_sr350_lr750_buf0_tg1030_2021-08-30,2021-08-30,15,2.0,2.0,st5_20_bearish,350.0,750.0,0,10:30,LONG,False,1,2021-08-30 13:54:00+00:00,2021-08-30 13:55:00+00:00,2021-08-30 19:00:00+00:00,TIME_EXIT,LONG,567.78,0.0,0.0,567.78,567.78,1,3,15516.5,15455.25,61.25
p0_st5_20_bearish_sr350_lr750_buf0_tg1030,"P0 st5_20_bearish, short $350, switch long $750, buffer 0, guard 10:30",NASDAQ_ORB_15m_p0_short_switch_tp2r_p0_st5_20_bearish_sr350_lr750_buf0_tg1030_2021-08-31,2021-08-31,15,2.0,2.0,st5_20_bearish,350.0,750.0,0,10:30,SHORT,False,1,2021-08-31 13:55:00+00:00,2021-08-31 13:56:00+00:00,2021-08-31 19:00:00+00:00,TIME_EXIT,SHORT,0.0,-283.48,0.0,-283.48,-283.48,0,2,15609.0,15531.25,77.75
p0_st5_20_bearish_sr350_lr750_buf0_tg1030,"P0 st5_20_bearish, short $350, switch long $750, buffer 0, guard 10:30",NASDAQ_ORB_15m_p0_short_switch_tp2r_p0_st5_20_bearish_sr350_lr750_buf0_tg1030_2021-09-01,2021-09-01,15,2.0,2.0,st5_20_bearish,350.0,750.0,0,10:30,LONG,False,1,2021-09-01 13:46:00+00:00,2021-09-01 13:47:00+00:00,2021-09-01 19:00:00+00:00,TIME_EXIT,LONG,-260.96,0.0,0.0,-260.96,-260.96,0,4,15672.75,15622.0,50.75
p0_st5_20_bearish_sr350_lr750_buf0_tg1030,"P0 st5_20_bearish, short $350, switch long $750, buffer 0, guard 10:30",NASDAQ_ORB_15m_p0_short_switch_tp2r_p0_st5_20_bearish_sr350_lr750_buf0_tg1030_2021-09-02,2021-09-02,15,2.0,2.0,st5_20_bearish,350.0,750.0,0,10:30,SHORT,False,1,2021-09-02 14:05:00+00:00,2021-09-02 14:06:00+00:00,2021-09-02 19:00:00+00:00,TIME_EXIT,SHORT,0.0,201.78000000000003,0.0,201.78000000000003,201.78000000000003,1,3,15680.5,15651.75,28.75
p0_st5_20_bearish_sr350_lr750_buf0_tg1030,"P0 st5_20_bearish, short $350, switch long $750, buffer 0, guard 10:30",NASDAQ_ORB_15m_p0_short_switch_tp2r_p0_st5_20_bearish_sr350_lr750_buf0_tg1030_2021-09-03,2021-09-03,15,2.0,2.0,st5_20_bearish,350.0,750.0,0,10:30,LONG,False,1,2021-09-03 13:58:00+00:00,2021-09-03 13:59:00+00:00,2021-09-03 19:00:00+00:00,TIME_EXIT,LONG,204.78000000000003,0.0,0.0,204.78000000000003,204.78000000000003,1,3,15610.0,15554.5,55.5
p0_st5_20_bearish_sr350_lr750_buf0_tg1030,"P0 st5_20_bearish, short $350, switch long $750, buffer 0, guard 10:30",NASDAQ_ORB_15m_p0_short_switch_tp2r_p0_st5_20_bearish_sr350_lr750_buf0_tg1030_2021-09-07,2021-09-07,15,2.0,2.0,st5_20_bearish,350.0,750.0,0,10:30,SHORT,True,2,2021-09-07 13:53:00+00:00,2021-09-07 13:54:00+00:00,2021-09-07 19:00:00+00:00,SWITCH_TO_LONG+TIME_EXIT,SHORT,194.32000000000002,-332.21999999999997,194.32000000000002,-137.89999999999995,-137.89999999999995,0,10,15669.0,15625.75,43.25
p0_st5_20_bearish_sr350_lr750_buf0_tg1030,"P0 st5_20_bearish, short $350, switch long $750, buffer 0, guard 10:30",NASDAQ_ORB_15m_p0_short_switch_tp2r_p0_st5_20_bearish_sr350_lr750_buf0_tg1030_2021-09-09,2021-09-09,15,2.0,2.0,st5_20_bearish,350.0,750.0,0,10:30,LONG,False,1,2021-09-09 14:08:00+00:00,2021-09-09 14:09:00+00:00,2021-09-09 19:00:00+00:00,TIME_EXIT,LONG,-618.96,0.0,0.0,-618.96,-618.96,0,4,15670.5,15621.75,48.75
p0_st5_20_bearish_sr350_lr750_buf0_tg1030,"P0 st5_20_bearish, short $350, switch long $750, buffer 0, guard 10:30",NASDAQ_ORB_15m_p0_short_switch_tp2r_p0_st5_20_bearish_sr350_lr750_buf0_tg1030_2021-09-10,2021-09-10,15,2.0,2.0,st5_20_bearish,350.0,750.0,0,10:30,SHORT,False,1,2021-09-10 14:20:00+00:00,2021-09-10 14:21:00+00:00,2021-09-10 19:00:00+00:00,TIME_EXIT,SHORT,0.0,274.52,0.0,274.52,274.52,1,2,15667.5,15629.25,38.25
p0_st5_20_bearish_sr350_lr750_buf0_tg1030,"P0 st5_20_bearish, short $350, switch long $750, buffer 0, guard 10:30",NASDAQ_ORB_15m_p0_short_switch_tp2r_p0_st5_20_bearish_sr350_lr750_buf0_tg1030_2021-09-13,2021-09-13,15,2.0,2.0,st5_20_bearish,350.0,750.0,0,10:30,SHORT,False,1,2021-09-13 13:46:00+00:00,2021-09-13 13:47:00+00:00,2021-09-13 19:00:00+00:00,TIME_EXIT,SHORT,0.0,129.26,0.0,129.26,129.26,1,1,15557.5,15444.0,113.5
p0_st5_20_bearish_sr350_lr750_buf0_tg1030,"P0 st5_20_bearish, short $350, switch long $750, buffer 0, guard 10:30",NASDAQ_ORB_15m_p0_short_switch_tp2r_p0_st5_20_bearish_sr350_lr750_buf0_tg1030_2021-09-14,2021-09-14,15,2.0,2.0,st5_20_bearish,350.0,750.0,0,10:30,SHORT,False,1,2021-09-14 13:55:00+00:00,2021-09-14 13:56:00+00:00,2021-09-14 19:00:00+00:00,TIME_EXIT,SHORT,0.0,216.52,0.0,216.52,216.52,1,2,15523.75,15460.25,63.5
p0_st5_20_bearish_sr350_lr750_buf0_tg1030,"P0 st5_20_bearish, short $350, switch long $750, buffer 0, guard 10:30",NASDAQ_ORB_15m_p0_short_switch_tp2r_p0_st5_20_bearish_sr350_lr750_buf0_tg1030_2021-09-15,2021-09-15,15,2.0,2.0,st5_20_bearish,350.0,750.0,0,10:30,SHORT,True,2,2021-09-15 14:13:00+00:00,2021-09-15 14:14:00+00:00,2021-09-15 19:00:00+00:00,SWITCH_TO_LONG+TIME_EXIT,SHORT,227.28000000000003,-242.74,227.28000000000003,-15.45999999999998,-15.45999999999998,0,4,15433.25,15331.0,102.25
p0_st5_20_bearish_sr350_lr750_buf0_tg1030,"P0 st5_20_bearish, short $350, switch long $750, buffer 0, guard 10:30",NASDAQ_ORB_15m_p0_short_switch_tp2r_p0_st5_20_bearish_sr350_lr750_buf0_tg1030_2021-09-16,2021-09-16,15,2.0,2.0,st5_20_bearish,350.0,750.0,0,10:30,SHORT,True,2,2021-09-16 13:52:00+00:00,2021-09-16 13:53:00+00:00,2021-09-16 19:00:00+00:00,SWITCH_TO_LONG+TIME_EXIT,SHORT,43.8,-311.48,43.8,-267.68,-267.68,0,7,15472.75,15413.0,59.75
p0_st5_20_bearish_sr350_lr750_buf0_tg1030,"P0 st5_20_bearish, short $350, switch long $750, buffer 0, guard 10:30",NASDAQ_ORB_15m_p0_short_switch_tp2r_p0_st5_20_bearish_sr350_lr750_buf0_tg1030_2021-09-17,2021-09-17,15,2.0,2.0,st5_20_bearish,350.0,750.0,0,10:30,SHORT,False,1,2021-09-17 13:51:00+00:00,2021-09-17 13:52:00+00:00,2021-09-17 19:00:00+00:00,TIME_EXIT,SHORT,0.0,389.52,0.0,389.52,389.52,1,2,15484.75,15408.0,76.75
p0_st5_20_bearish_sr350_lr750_buf0_tg1030,"P0 st5_20_bearish, short $350, switch long $750, buffer 0, guard 10:30",NASDAQ_ORB_15m_p0_short_switch_tp2r_p0_st5_20_bearish_sr350_lr750_buf0_tg1030_2021-09-20,2021-09-20,15,2.0,2.0,st5_20_bearish,350.0,750.0,0,10:30,LONG,False,1,2021-09-20 13:46:00+00:00,2021-09-20 13:47:00+00:00,2021-09-20 19:00:00+00:00,TIME_EXIT,LONG,-1232.48,0.0,0.0,-1232.48,-1232.48,0,2,15142.5,15035.25,107.25
p0_st5_20_bearish_sr350_lr750_buf0_tg1030,"P0 st5_20_bearish, short $350, switch long $750, buffer 0, guard 10:30",NASDAQ_ORB_15m_p0_short_switch_tp2r_p0_st5_20_bearish_sr350_lr750_buf0_tg1030_2021-09-21,2021-09-21,15,2.0,2.0,st5_20_bearish,350.0,750.0,0,10:30,LONG,False,1,2021-09-21 13:46:00+00:00,2021-09-21 13:47:00+00:00,2021-09-21 19:00:00+00:00,TIME_EXIT,LONG,-188.48,0.0,0.0,-188.48,-188.48,0,2,15098.0,15028.0,70.0
p0_st5_20_bearish_sr350_lr750_buf0_tg1030,"P0 st5_20_bearish, short $350, switch long $750, buffer 0, guard 10:30",NASDAQ_ORB_15m_p0_short_switch_tp2r_p0_st5_20_bearish_sr350_lr750_buf0_tg1030_2021-09-22,2021-09-22,15,2.0,2.0,st5_20_bearish,350.0,750.0,0,10:30,LONG,False,1,2021-09-22 14:00:00+00:00,2021-09-22 14:01:00+00:00,2021-09-22 15:51:00+00:00,TP_2R,LONG,750.78,0.0,0.0,750.78,750.78,1,3,15071.5,15014.75,56.75
p0_st5_20_bearish_sr350_lr750_buf0_tg1030,"P0 st5_20_bearish, short $350, switch long $750, buffer 0, guard 10:30",NASDAQ_ORB_15m_p0_short_switch_tp2r_p0_st5_20_bearish_sr350_lr750_buf0_tg1030_2021-09-23,2021-09-23,15,2.0,2.0,st5_20_bearish,350.0,750.0,0,10:30,LONG,False,1,2021-09-23 13:48:00+00:00,2021-09-23 13:49:00+00:00,2021-09-23 19:00:00+00:00,TIME_EXIT,LONG,238.52,0.0,0.0,238.52,238.52,1,2,15268.0,15182.0,86.0
p0_st5_20_bearish_sr350_lr750_buf0_tg1030,"P0 st5_20_bearish, short $350, switch long $750, buffer 0, guard 10:30",NASDAQ_ORB_15m_p0_short_switch_tp2r_p0_st5_20_bearish_sr350_lr750_buf0_tg1030_2021-09-24,2021-09-24,15,2.0,2.0,st5_20_bearish,350.0,750.0,0,10:30,LONG,False,1,2021-09-24 14:00:00+00:00,2021-09-24 14:01:00+00:00,2021-09-24 19:00:00+00:00,TIME_EXIT,LONG,429.04,0.0,0.0,429.04,429.04,1,4,15242.75,15189.75,53.0
p0_st5_20_bearish_sr350_lr750_buf0_tg1030,"P0 st5_20_bearish, short $350, switch long $750, buffer 0, guard 10:30",NASDAQ_ORB_15m_p0_short_switch_tp2r_p0_st5_20_bearish_sr350_lr750_buf0_tg1030_2021-09-27,2021-09-27,15,2.0,2.0,st5_20_bearish,350.0,750.0,0,10:30,LONG,False,1,2021-09-27 15:05:00+00:00,2021-09-27 15:06:00+00:00,2021-09-27 19:00:00+00:00,TIME_EXIT,LONG,-47.74,0.0,0.0,-47.74,-47.74,0,1,15214.75,15084.0,130.75
p0_st5_20_bearish_sr350_lr750_buf0_tg1030,"P0 st5_20_bearish, short $350, switch long $750, buffer 0, guard 10:30",NASDAQ_ORB_15m_p0_short_switch_tp2r_p0_st5_20_bearish_sr350_lr750_buf0_tg1030_2021-09-28,2021-09-28,15,2.0,2.0,st5_20_bearish,350.0,750.0,0,10:30,SHORT,False,1,2021-09-28 13:47:00+00:00,2021-09-28 13:48:00+00:00,2021-09-28 19:00:00+00:00,TIME_EXIT,SHORT,0.0,146.76,0.0,146.76,146.76,1,1,15031.25,14928.5,102.75
p0_st5_20_bearish_sr350_lr750_buf0_tg1030,"P0 st5_20_bearish, short $350, switch long $750, buffer 0, guard 10:30",NASDAQ_ORB_15m_p0_short_switch_tp2r_p0_st5_20_bearish_sr350_lr750_buf0_tg1030_2021-09-29,2021-09-29,15,2.0,2.0,st5_20_bearish,350.0,750.0,0,10:30,LONG,False,1,2021-09-29 13:50:00+00:00,2021-09-29 13:51:00+00:00,2021-09-29 19:00:00+00:00,TIME_EXIT,LONG,-171.72,0.0,0.0,-171.72,-171.72,0,3,14852.75,14787.75,65.0
p0_st5_20_bearish_sr350_lr750_buf0_tg1030,"P0 st5_20_bearish, short $350, switch long $750, buffer 0, guard 10:30",NASDAQ_ORB_15m_p0_short_switch_tp2r_p0_st5_20_bearish_sr350_lr750_buf0_tg1030_2021-09-30,2021-09-30,15,2.0,2.0,st5_20_bearish,350.0,750.0,0,10:30,LONG,False,1,2021-09-30 13:51:00+00:00,2021-09-30 13:52:00+00:00,2021-09-30 19:00:00+00:00,TIME_EXIT,LONG,-591.72,0.0,0.0,-591.72,-591.72,0,3,14872.0,14806.75,65.25
p0_st5_20_bearish_sr350_lr750_buf0_tg1030,"P0 st5_20_bearish, short $350, switch long $750, buffer 0, guard 10:30",NASDAQ_ORB_15m_p0_short_switch_tp2r_p0_st5_20_bearish_sr350_lr750_buf0_tg1030_2021-10-01,2021-10-01,15,2.0,2.0,st5_20_bearish,350.0,750.0,0,10:30,SHORT,True,2,2021-10-01 13:55:00+00:00,2021-10-01 13:56:00+00:00,2021-10-01 19:00:00+00:00,SWITCH_TO_LONG+TIME_EXIT,SHORT,234.78000000000003,-231.24,234.78000000000003,3.5400000000000205,3.5400000000000205,1,4,14735.25,14630.75,104.5
p0_st5_20_bearish_sr350_lr750_buf0_tg1030,"P0 st5_20_bearish, short $350, switch long $750, buffer 0, guard 10:30",NASDAQ_ORB_15m_p0_short_switch_tp2r_p0_st5_20_bearish_sr350_lr750_buf0_tg1030_2021-10-04,2021-10-04,15,2.0,2.0,st5_20_bearish,350.0,750.0,0,10:30,SHORT,False,1,2021-10-04 13:46:00+00:00,2021-10-04 13:47:00+00:00,2021-10-04 19:00:00+00:00,TIME_EXIT,SHORT,0.0,275.76,0.0,275.76,275.76,1,1,14720.0,14590.0,130.0
p0_st5_20_bearish_sr350_lr750_buf0_tg1030,"P0 st5_20_bearish, short $350, switch long $750, buffer 0, guard 10:30",NASDAQ_ORB_15m_p0_short_switch_tp2r_p0_st5_20_bearish_sr350_lr750_buf0_tg1030_2021-10-05,2021-10-05,15,2.0,2.0,st5_20_bearish,350.0,750.0,0,10:30,LONG,False,1,2021-10-05 13:50:00+00:00,2021-10-05 13:51:00+00:00,2021-10-05 16:13:00+00:00,TP_2R,LONG,939.78,0.0,0.0,939.78,939.78,1,3,14573.5,14496.5,77.0
p0_st5_20_bearish_sr350_lr750_buf0_tg1030,"P0 st5_20_bearish, short $350, switch long $750, buffer 0, guard 10:30",NASDAQ_ORB_15m_p0_short_switch_tp2r_p0_st5_20_bearish_sr350_lr750_buf0_tg1030_2021-10-06,2021-10-06,15,2.0,2.0,st5_20_bearish,350.0,750.0,0,10:30,SHORT,True,2,2021-10-06 14:05:00+00:00,2021-10-06 14:06:00+00:00,2021-10-06 19:00:00+00:00,SWITCH_TO_LONG+TIME_EXIT,SHORT,223.52,-305.24,223.52,-81.72,-81.72,0,3,14639.0,14511.25,127.75
p0_st5_20_bearish_sr350_lr750_buf0_tg1030,"P0 st5_20_bearish, short $350, switch long $750, buffer 0, guard 10:30",NASDAQ_ORB_15m_p0_short_switch_tp2r_p0_st5_20_bearish_sr350_lr750_buf0_tg1030_2021-10-07,2021-10-07,15,2.0,2.0,st5_20_bearish,350.0,750.0,0,10:30,LONG,False,1,2021-10-07 14:00:00+00:00,2021-10-07 14:01:00+00:00,2021-10-07 19:00:00+00:00,TIME_EXIT,LONG,-118.48,0.0,0.0,-118.48,-118.48,0,2,14949.0,14859.25,89.75
p0_st5_20_bearish_sr350_lr750_buf0_tg1030,"P0 st5_20_bearish, short $350, switch long $750, buffer 0, guard 10:30",NASDAQ_ORB_15m_p0_short_switch_tp2r_p0_st5_20_bearish_sr350_lr750_buf0_tg1030_2021-10-11,2021-10-11,15,2.0,2.0,st5_20_bearish,350.0,750.0,0,10:30,LONG,False,1,2021-10-11 13:46:00+00:00,2021-10-11 13:47:00+00:00,2021-10-11 19:00:00+00:00,TIME_EXIT,LONG,-166.48,0.0,0.0,-166.48,-166.48,0,2,14827.0,14721.5,105.5
p0_st5_20_bearish_sr350_lr750_buf0_tg1030,"P0 st5_20_bearish, short $350, switch long $750, buffer 0, guard 10:30",NASDAQ_ORB_15m_p0_short_switch_tp2r_p0_st5_20_bearish_sr350_lr750_buf0_tg1030_2021-10-12,2021-10-12,15,2.0,2.0,st5_20_bearish,350.0,750.0,0,10:30,SHORT,False,1,2021-10-12 13:46:00+00:00,2021-10-12 13:47:00+00:00,2021-10-12 19:00:00+00:00,TIME_EXIT,SHORT,0.0,-7.74,0.0,-7.74,-7.74,0,1,14778.75,14689.0,89.75
p0_st5_20_bearish_sr350_lr750_buf0_tg1030,"P0 st5_20_bearish, short $350, switch long $750, buffer 0, guard 10:30",NASDAQ_ORB_15m_p0_short_switch_tp2r_p0_st5_20_bearish_sr350_lr750_buf0_tg1030_2021-10-13,2021-10-13,15,2.0,2.0,st5_20_bearish,350.0,750.0,0,10:30,SHORT,True,2,2021-10-13 14:15:00+00:00,2021-10-13 14:16:00+00:00,2021-10-13 19:00:00+00:00,SWITCH_TO_LONG+TIME_EXIT,SHORT,-396.2,-210.74,-396.2,-606.94,-606.94,0,6,14778.75,14717.75,61.0
p0_st5_20_bearish_sr350_lr750_buf0_tg1030,"P0 st5_20_bearish, short $350, switch long $750, buffer 0, guard 10:30",NASDAQ_ORB_15m_p0_short_switch_tp2r_p0_st5_20_bearish_sr350_lr750_buf0_tg1030_2021-10-14,2021-10-14,15,2.0,2.0,st5_20_bearish,350.0,750.0,0,10:30,LONG,False,1,2021-10-14 13:54:00+00:00,2021-10-14 13:55:00+00:00,2021-10-14 19:00:00+00:00,TIME_EXIT,LONG,695.04,0.0,0.0,695.04,695.04,1,4,14951.0,14890.5,60.5
p0_st5_20_bearish_sr350_lr750_buf0_tg1030,"P0 st5_20_bearish, short $350, switch long $750, buffer 0, guard 10:30",NASDAQ_ORB_15m_p0_short_switch_tp2r_p0_st5_20_bearish_sr350_lr750_buf0_tg1030_2021-10-15,2021-10-15,15,2.0,2.0,st5_20_bearish,350.0,750.0,0,10:30,LONG,False,1,2021-10-15 14:58:00+00:00,2021-10-15 14:59:00+00:00,2021-10-15 19:00:00+00:00,TIME_EXIT,LONG,105.04,0.0,0.0,105.04,105.04,1,4,15100.0,15049.25,50.75
p0_st5_20_bearish_sr350_lr750_buf0_tg1030,"P0 st5_20_bearish, short $350, switch long $750, buffer 0, guard 10:30",NASDAQ_ORB_15m_p0_short_switch_tp2r_p0_st5_20_bearish_sr350_lr750_buf0_tg1030_2021-10-18,2021-10-18,15,2.0,2.0,st5_20_bearish,350.0,750.0,0,10:30,LONG,False,1,2021-10-18 13:48:00+00:00,2021-10-18 13:49:00+00:00,2021-10-18 18:52:00+00:00,TP_2R,LONG,870.78,0.0,0.0,870.78,870.78,1,3,15117.75,15051.75,66.0
p0_st5_20_bearish_sr350_lr750_buf0_tg1030,"P0 st5_20_bearish, short $350, switch long $750, buffer 0, guard 10:30",NASDAQ_ORB_15m_p0_short_switch_tp2r_p0_st5_20_bearish_sr350_lr750_buf0_tg1030_2021-10-19,2021-10-19,15,2.0,2.0,st5_20_bearish,350.0,750.0,0,10:30,LONG,False,1,2021-10-19 13:55:00+00:00,2021-10-19 13:56:00+00:00,2021-10-19 19:00:00+00:00,TIME_EXIT,LONG,157.04,0.0,0.0,157.04,157.04,1,4,15354.5,15302.25,52.25
p0_st5_20_bearish_sr350_lr750_buf0_tg1030,"P0 st5_20_bearish, short $350, switch long $750, buffer 0, guard 10:30",NASDAQ_ORB_15m_p0_short_switch_tp2r_p0_st5_20_bearish_sr350_lr750_buf0_tg1030_2021-10-20,2021-10-20,15,2.0,2.0,st5_20_bearish,350.0,750.0,0,10:30,LONG,False,1,2021-10-20 14:30:00+00:00,2021-10-20 14:31:00+00:00,2021-10-20 19:00:00+00:00,TIME_EXIT,LONG,-918.6800000000001,0.0,0.0,-918.6800000000001,-918.6800000000001,0,7,15435.25,15402.0,33.25
p0_st5_20_bearish_sr350_lr750_buf0_tg1030,"P0 st5_20_bearish, short $350, switch long $750, buffer 0, guard 10:30",NASDAQ_ORB_15m_p0_short_switch_tp2r_p0_st5_20_bearish_sr350_lr750_buf0_tg1030_2021-10-21,2021-10-21,15,2.0,2.0,st5_20_bearish,350.0,750.0,0,10:30,LONG,False,1,2021-10-21 13:51:00+00:00,2021-10-21 13:52:00+00:00,2021-10-21 19:00:00+00:00,TIME_EXIT,LONG,423.04,0.0,0.0,423.04,423.04,1,4,15379.0,15334.25,44.75
p0_st5_20_bearish_sr350_lr750_buf0_tg1030,"P0 st5_20_bearish, short $350, switch long $750, buffer 0, guard 10:30",NASDAQ_ORB_15m_p0_short_switch_tp2r_p0_st5_20_bearish_sr350_lr750_buf0_tg1030_2021-10-22,2021-10-22,15,2.0,2.0,st5_20_bearish,350.0,750.0,0,10:30,SHORT,True,2,2021-10-22 13:50:00+00:00,2021-10-22 13:51:00+00:00,2021-10-22 19:00:00+00:00,SWITCH_TO_LONG+TIME_EXIT,SHORT,-1405.44,-363.71999999999997,-1405.44,-1769.16,-1769.16,0,9,15458.25,15404.5,53.75
p0_st5_20_bearish_sr350_lr750_buf0_tg1030,"P0 st5_20_bearish, short $350, switch long $750, buffer 0, guard 10:30",NASDAQ_ORB_15m_p0_short_switch_tp2r_p0_st5_20_bearish_sr350_lr750_buf0_tg1030_2021-10-25,2021-10-25,15,2.0,2.0,st5_20_bearish,350.0,750.0,0,10:30,LONG,False,1,2021-10-25 15:54:00+00:00,2021-10-25 15:55:00+00:00,2021-10-25 19:00:00+00:00,TIME_EXIT,LONG,330.52,0.0,0.0,330.52,330.52,1,2,15432.5,15322.25,110.25
p0_st5_20_bearish_sr350_lr750_buf0_tg1030,"P0 st5_20_bearish, short $350, switch long $750, buffer 0, guard 10:30",NASDAQ_ORB_15m_p0_short_switch_tp2r_p0_st5_20_bearish_sr350_lr750_buf0_tg1030_2021-10-26,2021-10-26,15,2.0,2.0,st5_20_bearish,350.0,750.0,0,10:30,LONG,False,1,2021-10-26 14:08:00+00:00,2021-10-26 14:09:00+00:00,2021-10-26 19:00:00+00:00,TIME_EXIT,LONG,-361.48,0.0,0.0,-361.48,-361.48,0,2,15658.25,15580.25,78.0
p0_st5_20_bearish_sr350_lr750_buf0_tg1030,"P0 st5_20_bearish, short $350, switch long $750, buffer 0, guard 10:30",NASDAQ_ORB_15m_p0_short_switch_tp2r_p0_st5_20_bearish_sr350_lr750_buf0_tg1030_2021-10-27,2021-10-27,15,2.0,2.0,st5_20_bearish,350.0,750.0,0,10:30,LONG,False,1,2021-10-27 13:46:00+00:00,2021-10-27 13:47:00+00:00,2021-10-27 19:00:00+00:00,TIME_EXIT,LONG,306.78000000000003,0.0,0.0,306.78000000000003,306.78000000000003,1,3,15626.0,15558.25,67.75
p0_st5_20_bearish_sr350_lr750_buf0_tg1030,"P0 st5_20_bearish, short $350, switch long $750, buffer 0, guard 10:30",NASDAQ_ORB_15m_p0_short_switch_tp2r_p0_st5_20_bearish_sr350_lr750_buf0_tg1030_2021-10-28,2021-10-28,15,2.0,2.0,st5_20_bearish,350.0,750.0,0,10:30,LONG,False,1,2021-10-28 13:47:00+00:00,2021-10-28 13:48:00+00:00,2021-10-28 19:00:00+00:00,TIME_EXIT,LONG,389.04,0.0,0.0,389.04,389.04,1,4,15687.25,15635.75,51.5
p0_st5_20_bearish_sr350_lr750_buf0_tg1030,"P0 st5_20_bearish, short $350, switch long $750, buffer 0, guard 10:30",NASDAQ_ORB_15m_p0_short_switch_tp2r_p0_st5_20_bearish_sr350_lr750_buf0_tg1030_2021-10-29,2021-10-29,15,2.0,2.0,st5_20_bearish,350.0,750.0,0,10:30,LONG,False,1,2021-10-29 13:49:00+00:00,2021-10-29 13:50:00+00:00,2021-10-29 19:00:00+00:00,TIME_EXIT,LONG,600.78,0.0,0.0,600.78,600.78,1,3,15683.25,15616.0,67.25
p0_st5_20_bearish_sr350_lr750_buf0_tg1030,"P0 st5_20_bearish, short $350, switch long $750, buffer 0, guard 10:30",NASDAQ_ORB_15m_p0_short_switch_tp2r_p0_st5_20_bearish_sr350_lr750_buf0_tg1030_2021-11-01,2021-11-01,15,2.0,2.0,st5_20_bearish,350.0,750.0,0,10:30,SHORT,True,2,2021-11-01 13:50:00+00:00,2021-11-01 13:51:00+00:00,2021-11-01 19:00:00+00:00,SWITCH_TO_LONG+TIME_EXIT,SHORT,-443.7,-264.48,-443.7,-708.1800000000001,-708.1800000000001,0,7,15868.5,15804.75,63.75
p0_st5_20_bearish_sr350_lr750_buf0_tg1030,"P0 st5_20_bearish, short $350, switch long $750, buffer 0, guard 10:30",NASDAQ_ORB_15m_p0_short_switch_tp2r_p0_st5_20_bearish_sr350_lr750_buf0_tg1030_2021-11-02,2021-11-02,15,2.0,2.0,st5_20_bearish,350.0,750.0,0,10:30,LONG,False,1,2021-11-02 13:49:00+00:00,2021-11-02 13:50:00+00:00,2021-11-02 19:00:00+00:00,TIME_EXIT,LONG,-11.48,0.0,0.0,-11.48,-11.48,0,2,15950.0,15864.25,85.75
p0_st5_20_bearish_sr350_lr750_buf0_tg1030,"P0 st5_20_bearish, short $350, switch long $750, buffer 0, guard 10:30",NASDAQ_ORB_15m_p0_short_switch_tp2r_p0_st5_20_bearish_sr350_lr750_buf0_tg1030_2021-11-03,2021-11-03,15,2.0,2.0,st5_20_bearish,350.0,750.0,0,10:30,SHORT,True,2,2021-11-03 14:05:00+00:00,2021-11-03 14:06:00+00:00,2021-11-03 19:00:00+00:00,SWITCH_TO_LONG+TIME_EXIT,SHORT,916.56,-269.48,916.56,647.0799999999999,647.0799999999999,1,8,15997.5,15943.25,54.25
p0_st5_20_bearish_sr350_lr750_buf0_tg1030,"P0 st5_20_bearish, short $350, switch long $750, buffer 0, guard 10:30",NASDAQ_ORB_15m_p0_short_switch_tp2r_p0_st5_20_bearish_sr350_lr750_buf0_tg1030_2021-11-04,2021-11-04,15,2.0,2.0,st5_20_bearish,350.0,750.0,0,10:30,LONG,False,1,2021-11-04 13:46:00+00:00,2021-11-04 13:47:00+00:00,2021-11-04 14:33:00+00:00,TP_2R,LONG,821.04,0.0,0.0,821.04,821.04,1,4,16205.5,16157.0,48.5
p0_st5_20_bearish_sr350_lr750_buf0_tg1030,"P0 st5_20_bearish, short $350, switch long $750, buffer 0, guard 10:30",NASDAQ_ORB_15m_p0_short_switch_tp2r_p0_st5_20_bearish_sr350_lr750_buf0_tg1030_2021-11-08,2021-11-08,15,2.0,2.0,st5_20_bearish,350.0,750.0,0,10:30,SHORT,False,1,2021-11-08 14:56:00+00:00,2021-11-08 14:57:00+00:00,2021-11-08 20:00:00+00:00,TIME_EXIT,SHORT,0.0,-163.48,0.0,-163.48,-163.48,0,2,16394.25,16332.25,62.0
p0_st5_20_bearish_sr350_lr750_buf0_tg1030,"P0 st5_20_bearish, short $350, switch long $750, buffer 0, guard 10:30",NASDAQ_ORB_15m_p0_short_switch_tp2r_p0_st5_20_bearish_sr350_lr750_buf0_tg1030_2021-11-09,2021-11-09,15,2.0,2.0,st5_20_bearish,350.0,750.0,0,10:30,SHORT,False,1,2021-11-09 14:50:00+00:00,2021-11-09 14:51:00+00:00,2021-11-09 15:04:00+00:00,TP_2R,SHORT,0.0,516.52,0.0,516.52,516.52,1,2,16391.75,16354.0,37.75
p0_st5_20_bearish_sr350_lr750_buf0_tg1030,"P0 st5_20_bearish, short $350, switch long $750, buffer 0, guard 10:30",NASDAQ_ORB_15m_p0_short_switch_tp2r_p0_st5_20_bearish_sr350_lr750_buf0_tg1030_2021-11-10,2021-11-10,15,2.0,2.0,st5_20_bearish,350.0,750.0,0,10:30,LONG,False,1,2021-11-10 14:46:00+00:00,2021-11-10 14:47:00+00:00,2021-11-10 20:00:00+00:00,TIME_EXIT,LONG,-812.48,0.0,0.0,-812.48,-812.48,0,2,16126.0,16041.5,84.5
p0_st5_20_bearish_sr350_lr750_buf0_tg1030,"P0 st5_20_bearish, short $350, switch long $750, buffer 0, guard 10:30",NASDAQ_ORB_15m_p0_short_switch_tp2r_p0_st5_20_bearish_sr350_lr750_buf0_tg1030_2021-11-11,2021-11-11,15,2.0,2.0,st5_20_bearish,350.0,750.0,0,10:30,SHORT,False,1,2021-11-11 15:17:00+00:00,2021-11-11 15:18:00+00:00,2021-11-11 20:00:00+00:00,TIME_EXIT,SHORT,0.0,34.52,0.0,34.52,34.52,1,2,16110.5,16053.5,57.0
p0_st5_20_bearish_sr350_lr750_buf0_tg1030,"P0 st5_20_bearish, short $350, switch long $750, buffer 0, guard 10:30",NASDAQ_ORB_15m_p0_short_switch_tp2r_p0_st5_20_bearish_sr350_lr750_buf0_tg1030_2021-11-12,2021-11-12,15,2.0,2.0,st5_20_bearish,350.0,750.0,0,10:30,LONG,False,1,2021-11-12 15:47:00+00:00,2021-11-12 15:48:00+00:00,2021-11-12 20:00:00+00:00,TIME_EXIT,LONG,527.28,0.0,0.0,527.28,527.28,1,3,16078.0,16007.0,71.0
p0_st5_20_bearish_sr350_lr750_buf0_tg1030,"P0 st5_20_bearish, short $350, switch long $750, buffer 0, guard 10:30",NASDAQ_ORB_15m_p0_short_switch_tp2r_p0_st5_20_bearish_sr350_lr750_buf0_tg1030_2021-11-15,2021-11-15,15,2.0,2.0,st5_20_bearish,350.0,750.0,0,10:30,SHORT,False,1,2021-11-15 14:51:00+00:00,2021-11-15 14:52:00+00:00,2021-11-15 16:44:00+00:00,TP_2R,SHORT,0.0,546.78,0.0,546.78,546.78,1,3,16253.75,16211.25,42.5
p0_st5_20_bearish_sr350_lr750_buf0_tg1030,"P0 st5_20_bearish, short $350, switch long $750, buffer 0, guard 10:30",NASDAQ_ORB_15m_p0_short_switch_tp2r_p0_st5_20_bearish_sr350_lr750_buf0_tg1030_2021-11-16,2021-11-16,15,2.0,2.0,st5_20_bearish,350.0,750.0,0,10:30,LONG,False,1,2021-11-16 15:17:00+00:00,2021-11-16 15:18:00+00:00,2021-11-16 20:00:00+00:00,TIME_EXIT,LONG,210.52,0.0,0.0,210.52,210.52,1,2,16252.0,16149.0,103.0
p0_st5_20_bearish_sr350_lr750_buf0_tg1030,"P0 st5_20_bearish, short $350, switch long $750, buffer 0, guard 10:30",NASDAQ_ORB_15m_p0_short_switch_tp2r_p0_st5_20_bearish_sr350_lr750_buf0_tg1030_2021-11-17,2021-11-17,15,2.0,2.0,st5_20_bearish,350.0,750.0,0,10:30,SHORT,True,2,2021-11-17 14:52:00+00:00,2021-11-17 14:53:00+00:00,2021-11-17 16:58:00+00:00,SWITCH_TO_LONG+TP_2R,SHORT,1467.1200000000001,-293.21999999999997,1467.1200000000001,1173.9,1173.9,1,15,16322.5,16292.5,30.0
p0_st5_20_bearish_sr350_lr750_buf0_tg1030,"P0 st5_20_bearish, short $350, switch long $750, buffer 0, guard 10:30",NASDAQ_ORB_15m_p0_short_switch_tp2r_p0_st5_20_bearish_sr350_lr750_buf0_tg1030_2021-11-18,2021-11-18,15,2.0,2.0,st5_20_bearish,350.0,750.0,0,10:30,LONG,False,1,2021-11-18 14:48:00+00:00,2021-11-18 14:49:00+00:00,2021-11-18 20:00:00+00:00,TIME_EXIT,LONG,180.78,0.0,0.0,180.78,180.78,1,3,16402.5,16353.5,49.0
p0_st5_20_bearish_sr350_lr750_buf0_tg1030,"P0 st5_20_bearish, short $350, switch long $750, buffer 0, guard 10:30",NASDAQ_ORB_15m_p0_short_switch_tp2r_p0_st5_20_bearish_sr350_lr750_buf0_tg1030_2021-11-19,2021-11-19,15,2.0,2.0,st5_20_bearish,350.0,750.0,0,10:30,LONG,False,1,2021-11-19 14:46:00+00:00,2021-11-19 14:47:00+00:00,2021-11-19 20:00:00+00:00,TIME_EXIT,LONG,59.04,0.0,0.0,59.04,59.04,1,4,16564.0,16516.25,47.75
p0_st5_20_bearish_sr350_lr750_buf0_tg1030,"P0 st5_20_bearish, short $350, switch long $750, buffer 0, guard 10:30",NASDAQ_ORB_15m_p0_short_switch_tp2r_p0_st5_20_bearish_sr350_lr750_buf0_tg1030_2021-11-22,2021-11-22,15,2.0,2.0,st5_20_bearish,350.0,750.0,0,10:30,LONG,False,1,2021-11-22 14:50:00+00:00,2021-11-22 14:51:00+00:00,2021-11-22 20:00:00+00:00,TIME_EXIT,LONG,-641.48,0.0,0.0,-641.48,-641.48,0,2,16711.5,16638.25,73.25
p0_st5_20_bearish_sr350_lr750_buf0_tg1030,"P0 st5_20_bearish, short $350, switch long $750, buffer 0, guard 10:30",NASDAQ_ORB_15m_p0_short_switch_tp2r_p0_st5_20_bearish_sr350_lr750_buf0_tg1030_2021-11-23,2021-11-23,15,2.0,2.0,st5_20_bearish,350.0,750.0,0,10:30,LONG,False,1,2021-11-23 14:47:00+00:00,2021-11-23 14:48:00+00:00,2021-11-23 20:00:00+00:00,TIME_EXIT,LONG,-583.48,0.0,0.0,-583.48,-583.48,0,2,16378.0,16282.75,95.25
p0_st5_20_bearish_sr350_lr750_buf0_tg1030,"P0 st5_20_bearish, short $350, switch long $750, buffer 0, guard 10:30",NASDAQ_ORB_15m_p0_short_switch_tp2r_p0_st5_20_bearish_sr350_lr750_buf0_tg1030_2021-11-24,2021-11-24,15,2.0,2.0,st5_20_bearish,350.0,750.0,0,10:30,SHORT,True,2,2021-11-24 14:47:00+00:00,2021-11-24 14:48:00+00:00,2021-11-24 20:00:00+00:00,SWITCH_TO_LONG+TIME_EXIT,SHORT,635.28,-222.74,635.28,412.53999999999996,412.53999999999996,1,4,16208.0,16114.0,94.0
p0_st5_20_bearish_sr350_lr750_buf0_tg1030,"P0 st5_20_bearish, short $350, switch long $750, buffer 0, guard 10:30",NASDAQ_ORB_15m_p0_short_switch_tp2r_p0_st5_20_bearish_sr350_lr750_buf0_tg1030_2021-11-25,2021-11-25,15,2.0,2.0,st5_20_bearish,350.0,750.0,0,10:30,LONG,False,1,2021-11-25 14:46:00+00:00,2021-11-25 14:47:00+00:00,2021-11-25 23:02:00+00:00,TIME_EXIT,LONG,47.339999999999996,0.0,0.0,47.339999999999996,47.339999999999996,1,9,16399.75,16379.25,20.5
p0_st5_20_bearish_sr350_lr750_buf0_tg1030,"P0 st5_20_bearish, short $350, switch long $750, buffer 0, guard 10:30",NASDAQ_ORB_15m_p0_short_switch_tp2r_p0_st5_20_bearish_sr350_lr750_buf0_tg1030_2021-11-29,2021-11-29,15,2.0,2.0,st5_20_bearish,350.0,750.0,0,10:30,LONG,False,1,2021-11-29 14:56:00+00:00,2021-11-29 14:57:00+00:00,2021-11-29 20:00:00+00:00,TIME_EXIT,LONG,698.28,0.0,0.0,698.28,698.28,1,3,16281.0,16210.0,71.0
p0_st5_20_bearish_sr350_lr750_buf0_tg1030,"P0 st5_20_bearish, short $350, switch long $750, buffer 0, guard 10:30",NASDAQ_ORB_15m_p0_short_switch_tp2r_p0_st5_20_bearish_sr350_lr750_buf0_tg1030_2021-11-30,2021-11-30,15,2.0,2.0,st5_20_bearish,350.0,750.0,0,10:30,LONG,False,1,2021-11-30 14:47:00+00:00,2021-11-30 14:48:00+00:00,2021-11-30 20:00:00+00:00,TIME_EXIT,LONG,-1790.96,0.0,0.0,-1790.96,-1790.96,0,4,16372.25,16318.75,53.5
p0_st5_20_bearish_sr350_lr750_buf0_tg1030,"P0 st5_20_bearish, short $350, switch long $750, buffer 0, guard 10:30",NASDAQ_ORB_15m_p0_short_switch_tp2r_p0_st5_20_bearish_sr350_lr750_buf0_tg1030_2021-12-01,2021-12-01,15,2.0,2.0,st5_20_bearish,350.0,750.0,0,10:30,LONG,False,1,2021-12-01 15:02:00+00:00,2021-12-01 15:03:00+00:00,2021-12-01 20:00:00+00:00,TIME_EXIT,LONG,-910.48,0.0,0.0,-910.48,-910.48,0,2,16354.0,16270.75,83.25
p0_st5_20_bearish_sr350_lr750_buf0_tg1030,"P0 st5_20_bearish, short $350, switch long $750, buffer 0, guard 10:30",NASDAQ_ORB_15m_p0_short_switch_tp2r_p0_st5_20_bearish_sr350_lr750_buf0_tg1030_2021-12-02,2021-12-02,15,2.0,2.0,st5_20_bearish,350.0,750.0,0,10:30,LONG,False,1,2021-12-02 14:49:00+00:00,2021-12-02 14:50:00+00:00,2021-12-02 20:00:00+00:00,TIME_EXIT,LONG,19.26,0.0,0.0,19.26,19.26,1,1,15978.5,15787.0,191.5
p0_st5_20_bearish_sr350_lr750_buf0_tg1030,"P0 st5_20_bearish, short $350, switch long $750, buffer 0, guard 10:30",NASDAQ_ORB_15m_p0_short_switch_tp2r_p0_st5_20_bearish_sr350_lr750_buf0_tg1030_2021-12-03,2021-12-03,15,2.0,2.0,st5_20_bearish,350.0,750.0,0,10:30,SHORT,False,1,2021-12-03 14:50:00+00:00,2021-12-03 14:51:00+00:00,2021-12-03 17:02:00+00:00,TP_2R,SHORT,0.0,695.26,0.0,695.26,695.26,1,1,16090.75,15932.25,158.5
p0_st5_20_bearish_sr350_lr750_buf0_tg1030,"P0 st5_20_bearish, short $350, switch long $750, buffer 0, guard 10:30",NASDAQ_ORB_15m_p0_short_switch_tp2r_p0_st5_20_bearish_sr350_lr750_buf0_tg1030_2021-12-06,2021-12-06,15,2.0,2.0,st5_20_bearish,350.0,750.0,0,10:30,LONG,False,1,2021-12-06 15:16:00+00:00,2021-12-06 15:17:00+00:00,2021-12-06 20:00:00+00:00,TIME_EXIT,LONG,135.76,0.0,0.0,135.76,135.76,1,1,15760.75,15559.25,201.5
p0_st5_20_bearish_sr350_lr750_buf0_tg1030,"P0 st5_20_bearish, short $350, switch long $750, buffer 0, guard 10:30",NASDAQ_ORB_15m_p0_short_switch_tp2r_p0_st5_20_bearish_sr350_lr750_buf0_tg1030_2021-12-07,2021-12-07,15,2.0,2.0,st5_20_bearish,350.0,750.0,0,10:30,LONG,False,1,2021-12-07 14:46:00+00:00,2021-12-07 14:47:00+00:00,2021-12-07 16:38:00+00:00,TP_2R,LONG,756.78,0.0,0.0,756.78,756.78,1,3,16179.25,16119.0,60.25
p0_st5_20_bearish_sr350_lr750_buf0_tg1030,"P0 st5_20_bearish, short $350, switch long $750, buffer 0, guard 10:30",NASDAQ_ORB_15m_p0_short_switch_tp2r_p0_st5_20_bearish_sr350_lr750_buf0_tg1030_2021-12-08,2021-12-08,15,2.0,2.0,st5_20_bearish,350.0,750.0,0,10:30,LONG,False,1,2021-12-08 14:50:00+00:00,2021-12-08 14:51:00+00:00,2021-12-08 20:00:00+00:00,TIME_EXIT,LONG,105.52,0.0,0.0,105.52,105.52,1,2,16334.0,16251.5,82.5
p0_st5_20_bearish_sr350_lr750_buf0_tg1030,"P0 st5_20_bearish, short $350, switch long $750, buffer 0, guard 10:30",NASDAQ_ORB_15m_p0_short_switch_tp2r_p0_st5_20_bearish_sr350_lr750_buf0_tg1030_2021-12-09,2021-12-09,15,2.0,2.0,st5_20_bearish,350.0,750.0,0,10:30,SHORT,False,1,2021-12-09 15:11:00+00:00,2021-12-09 15:12:00+00:00,2021-12-09 20:00:00+00:00,TIME_EXIT,SHORT,0.0,483.52,0.0,483.52,483.52,1,2,16413.5,16334.75,78.75
p0_st5_20_bearish_sr350_lr750_buf0_tg1030,"P0 st5_20_bearish, short $350, switch long $750, buffer 0, guard 10:30",NASDAQ_ORB_15m_p0_short_switch_tp2r_p0_st5_20_bearish_sr350_lr750_buf0_tg1030_2021-12-10,2021-12-10,15,2.0,2.0,st5_20_bearish,350.0,750.0,0,10:30,SHORT,False,1,2021-12-10 14:50:00+00:00,2021-12-10 14:51:00+00:00,2021-12-10 20:00:00+00:00,TIME_EXIT,SHORT,0.0,-40.74,0.0,-40.74,-40.74,0,1,16328.25,16243.0,85.25
p0_st5_20_bearish_sr350_lr750_buf0_tg1030,"P0 st5_20_bearish, short $350, switch long $750, buffer 0, guard 10:30",NASDAQ_ORB_15m_p0_short_switch_tp2r_p0_st5_20_bearish_sr350_lr750_buf0_tg1030_2021-12-13,2021-12-13,15,2.0,2.0,st5_20_bearish,350.0,750.0,0,10:30,SHORT,False,1,2021-12-13 14:54:00+00:00,2021-12-13 14:55:00+00:00,2021-12-13 20:00:00+00:00,TIME_EXIT,SHORT,0.0,277.52,0.0,277.52,277.52,1,2,16340.0,16269.0,71.0
p0_st5_20_bearish_sr350_lr750_buf0_tg1030,"P0 st5_20_bearish, short $350, switch long $750, buffer 0, guard 10:30",NASDAQ_ORB_15m_p0_short_switch_tp2r_p0_st5_20_bearish_sr350_lr750_buf0_tg1030_2021-12-15,2021-12-15,15,2.0,2.0,st5_20_bearish,350.0,750.0,0,10:30,SHORT,True,2,2021-12-15 14:48:00+00:00,2021-12-15 14:49:00+00:00,2021-12-15 20:00:00+00:00,SWITCH_TO_LONG+TIME_EXIT,SHORT,363.04,-360.48,363.04,2.5600000000000023,2.5600000000000023,1,6,15927.75,15859.75,68.0
p0_st5_20_bearish_sr350_lr750_buf0_tg1030,"P0 st5_20_bearish, short $350, switch long $750, buffer 0, guard 10:30",NASDAQ_ORB_15m_p0_short_switch_tp2r_p0_st5_20_bearish_sr350_lr750_buf0_tg1030_2021-12-16,2021-12-16,15,2.0,2.0,st5_20_bearish,350.0,750.0,0,10:30,SHORT,False,1,2021-12-16 14:56:00+00:00,2021-12-16 14:57:00+00:00,2021-12-16 17:45:00+00:00,TP_2R,SHORT,0.0,546.26,0.0,546.26,546.26,1,1,16342.0,16212.5,129.5
p0_st5_20_bearish_sr350_lr750_buf0_tg1030,"P0 st5_20_bearish, short $350, switch long $750, buffer 0, guard 10:30",NASDAQ_ORB_15m_p0_short_switch_tp2r_p0_st5_20_bearish_sr350_lr750_buf0_tg1030_2021-12-17,2021-12-17,15,2.0,2.0,st5_20_bearish,350.0,750.0,0,10:30,LONG,False,1,2021-12-17 14:50:00+00:00,2021-12-17 14:51:00+00:00,2021-12-17 20:00:00+00:00,TIME_EXIT,LONG,135.76,0.0,0.0,135.76,135.76,1,1,15791.75,15656.75,135.0
p0_st5_20_bearish_sr350_lr750_buf0_tg1030,"P0 st5_20_bearish, short $350, switch long $750, buffer 0, guard 10:30",NASDAQ_ORB_15m_p0_short_switch_tp2r_p0_st5_20_bearish_sr350_lr750_buf0_tg1030_2021-12-21,2021-12-21,15,2.0,2.0,st5_20_bearish,350.0,750.0,0,10:30,SHORT,True,2,2021-12-21 14:46:00+00:00,2021-12-21 14:47:00+00:00,2021-12-21 20:00:00+00:00,SWITCH_TO_LONG+TIME_EXIT,SHORT,998.28,-202.24,998.28,796.04,796.04,1,4,15798.75,15707.5,91.25
p0_st5_20_bearish_sr350_lr750_buf0_tg1030,"P0 st5_20_bearish, short $350, switch long $750, buffer 0, guard 10:30",NASDAQ_ORB_15m_p0_short_switch_tp2r_p0_st5_20_bearish_sr350_lr750_buf0_tg1030_2021-12-22,2021-12-22,15,2.0,2.0,st5_20_bearish,350.0,750.0,0,10:30,LONG,False,1,2021-12-22 14:46:00+00:00,2021-12-22 14:47:00+00:00,2021-12-22 20:00:00+00:00,TIME_EXIT,LONG,385.52,0.0,0.0,385.52,385.52,1,2,16012.25,15933.75,78.5
p0_st5_20_bearish_sr350_lr750_buf0_tg1030,"P0 st5_20_bearish, short $350, switch long $750, buffer 0, guard 10:30",NASDAQ_ORB_15m_p0_short_switch_tp2r_p0_st5_20_bearish_sr350_lr750_buf0_tg1030_2021-12-23,2021-12-23,15,2.0,2.0,st5_20_bearish,350.0,750.0,0,10:30,LONG,False,1,2021-12-23 15:01:00+00:00,2021-12-23 15:02:00+00:00,2021-12-23 20:00:00+00:00,TIME_EXIT,LONG,545.28,0.0,0.0,545.28,545.28,1,3,16237.0,16176.5,60.5
p0_st5_20_bearish_sr350_lr750_buf0_tg1030,"P0 st5_20_bearish, short $350, switch long $750, buffer 0, guard 10:30",NASDAQ_ORB_15m_p0_short_switch_tp2r_p0_st5_20_bearish_sr350_lr750_buf0_tg1030_2021-12-27,2021-12-27,15,2.0,2.0,st5_20_bearish,350.0,750.0,0,10:30,LONG,False,1,2021-12-27 15:03:00+00:00,2021-12-27 15:04:00+00:00,2021-12-27 20:00:00+00:00,TIME_EXIT,LONG,349.52,0.0,0.0,349.52,349.52,1,2,16448.25,16344.5,103.75
p0_st5_20_bearish_sr350_lr750_buf0_tg1030,"P0 st5_20_bearish, short $350, switch long $750, buffer 0, guard 10:30",NASDAQ_ORB_15m_p0_short_switch_tp2r_p0_st5_20_bearish_sr350_lr750_buf0_tg1030_2021-12-28,2021-12-28,15,2.0,2.0,st5_20_bearish,350.0,750.0,0,10:30,SHORT,False,1,2021-12-28 15:10:00+00:00,2021-12-28 15:11:00+00:00,2021-12-28 20:00:00+00:00,TIME_EXIT,SHORT,0.0,49.26,0.0,49.26,49.26,1,1,16611.5,16520.75,90.75
p0_st5_20_bearish_sr350_lr750_buf0_tg1030,"P0 st5_20_bearish, short $350, switch long $750, buffer 0, guard 10:30",NASDAQ_ORB_15m_p0_short_switch_tp2r_p0_st5_20_bearish_sr350_lr750_buf0_tg1030_2021-12-29,2021-12-29,15,2.0,2.0,st5_20_bearish,350.0,750.0,0,10:30,SHORT,False,1,2021-12-29 15:15:00+00:00,2021-12-29 15:16:00+00:00,2021-12-29 20:00:00+00:00,TIME_EXIT,SHORT,0.0,-154.74,0.0,-154.74,-154.74,0,1,16549.25,16492.0,57.25
p0_st5_20_bearish_sr350_lr750_buf0_tg1030,"P0 st5_20_bearish, short $350, switch long $750, buffer 0, guard 10:30",NASDAQ_ORB_15m_p0_short_switch_tp2r_p0_st5_20_bearish_sr350_lr750_buf0_tg1030_2021-12-30,2021-12-30,15,2.0,2.0,st5_20_bearish,350.0,750.0,0,10:30,LONG,False,1,2021-12-30 15:06:00+00:00,2021-12-30 15:07:00+00:00,2021-12-30 20:00:00+00:00,TIME_EXIT,LONG,-12.72,0.0,0.0,-12.72,-12.72,0,3,16518.0,16449.5,68.5
p0_st5_20_bearish_sr350_lr750_buf0_tg1030,"P0 st5_20_bearish, short $350, switch long $750, buffer 0, guard 10:30",NASDAQ_ORB_15m_p0_short_switch_tp2r_p0_st5_20_bearish_sr350_lr750_buf0_tg1030_2021-12-31,2021-12-31,15,2.0,2.0,st5_20_bearish,350.0,750.0,0,10:30,SHORT,False,1,2021-12-31 14:50:00+00:00,2021-12-31 14:51:00+00:00,2021-12-31 20:00:00+00:00,TIME_EXIT,SHORT,0.0,115.52,0.0,115.52,115.52,1,2,16464.0,16406.0,58.0
p0_st5_20_bearish_sr350_lr750_buf0_tg1030,"P0 st5_20_bearish, short $350, switch long $750, buffer 0, guard 10:30",NASDAQ_ORB_15m_p0_short_switch_tp2r_p0_st5_20_bearish_sr350_lr750_buf0_tg1030_2022-01-03,2022-01-03,15,2.0,2.0,st5_20_bearish,350.0,750.0,0,10:30,SHORT,True,2,2022-01-03 14:50:00+00:00,2022-01-03 14:51:00+00:00,2022-01-03 20:00:00+00:00,SWITCH_TO_LONG+TIME_EXIT,SHORT,-102.72,-285.74,-102.72,-388.46000000000004,-388.46000000000004,0,4,16484.75,16378.5,106.25
p0_st5_20_bearish_sr350_lr750_buf0_tg1030,"P0 st5_20_bearish, short $350, switch long $750, buffer 0, guard 10:30",NASDAQ_ORB_15m_p0_short_switch_tp2r_p0_st5_20_bearish_sr350_lr750_buf0_tg1030_2022-01-04,2022-01-04,15,2.0,2.0,st5_20_bearish,350.0,750.0,0,10:30,SHORT,False,1,2022-01-04 14:51:00+00:00,2022-01-04 14:52:00+00:00,2022-01-04 15:37:00+00:00,TP_2R,SHORT,0.0,681.78,0.0,681.78,681.78,1,3,16512.25,16467.25,45.0
p0_st5_20_bearish_sr350_lr750_buf0_tg1030,"P0 st5_20_bearish, short $350, switch long $750, buffer 0, guard 10:30",NASDAQ_ORB_15m_p0_short_switch_tp2r_p0_st5_20_bearish_sr350_lr750_buf0_tg1030_2022-01-05,2022-01-05,15,2.0,2.0,st5_20_bearish,350.0,750.0,0,10:30,LONG,False,1,2022-01-05 15:01:00+00:00,2022-01-05 15:02:00+00:00,2022-01-05 20:00:00+00:00,TIME_EXIT,LONG,-660.74,0.0,0.0,-660.74,-660.74,0,1,16216.75,16103.0,113.75
p0_st5_20_bearish_sr350_lr750_buf0_tg1030,"P0 st5_20_bearish, short $350, switch long $750, buffer 0, guard 10:30",NASDAQ_ORB_15m_p0_short_switch_tp2r_p0_st5_20_bearish_sr350_lr750_buf0_tg1030_2022-01-07,2022-01-07,15,2.0,2.0,st5_20_bearish,350.0,750.0,0,10:30,LONG,False,1,2022-01-07 14:46:00+00:00,2022-01-07 14:47:00+00:00,2022-01-07 20:00:00+00:00,TIME_EXIT,LONG,-358.24,0.0,0.0,-358.24,-358.24,0,1,15812.5,15673.75,138.75
p0_st5_20_bearish_sr350_lr750_buf0_tg1030,"P0 st5_20_bearish, short $350, switch long $750, buffer 0, guard 10:30",NASDAQ_ORB_15m_p0_short_switch_tp2r_p0_st5_20_bearish_sr350_lr750_buf0_tg1030_2022-01-10,2022-01-10,15,2.0,2.0,st5_20_bearish,350.0,750.0,0,10:30,SHORT,True,2,2022-01-10 14:49:00+00:00,2022-01-10 14:50:00+00:00,2022-01-10 20:00:00+00:00,SWITCH_TO_LONG+TIME_EXIT,SHORT,140.52,-277.24,140.52,-136.72,-136.72,0,3,15415.0,15289.75,125.25
p0_st5_20_bearish_sr350_lr750_buf0_tg1030,"P0 st5_20_bearish, short $350, switch long $750, buffer 0, guard 10:30",NASDAQ_ORB_15m_p0_short_switch_tp2r_p0_st5_20_bearish_sr350_lr750_buf0_tg1030_2022-01-11,2022-01-11,15,2.0,2.0,st5_20_bearish,350.0,750.0,0,10:30,LONG,False,1,2022-01-11 15:05:00+00:00,2022-01-11 15:06:00+00:00,2022-01-11 20:00:00+00:00,TIME_EXIT,LONG,378.76,0.0,0.0,378.76,378.76,1,1,15594.0,15474.5,119.5
p0_st5_20_bearish_sr350_lr750_buf0_tg1030,"P0 st5_20_bearish, short $350, switch long $750, buffer 0, guard 10:30",NASDAQ_ORB_15m_p0_short_switch_tp2r_p0_st5_20_bearish_sr350_lr750_buf0_tg1030_2022-01-12,2022-01-12,15,2.0,2.0,st5_20_bearish,350.0,750.0,0,10:30,LONG,False,1,2022-01-12 15:11:00+00:00,2022-01-12 15:12:00+00:00,2022-01-12 20:00:00+00:00,TIME_EXIT,LONG,-410.48,0.0,0.0,-410.48,-410.48,0,2,15992.5,15894.5,98.0
p0_st5_20_bearish_sr350_lr750_buf0_tg1030,"P0 st5_20_bearish, short $350, switch long $750, buffer 0, guard 10:30",NASDAQ_ORB_15m_p0_short_switch_tp2r_p0_st5_20_bearish_sr350_lr750_buf0_tg1030_2022-01-13,2022-01-13,15,2.0,2.0,st5_20_bearish,350.0,750.0,0,10:30,SHORT,False,1,2022-01-13 15:10:00+00:00,2022-01-13 15:11:00+00:00,2022-01-13 17:16:00+00:00,TP_2R,SHORT,0.0,680.52,0.0,680.52,680.52,1,2,15979.25,15914.25,65.0
p0_st5_20_bearish_sr350_lr750_buf0_tg1030,"P0 st5_20_bearish, short $350, switch long $750, buffer 0, guard 10:30",NASDAQ_ORB_15m_p0_short_switch_tp2r_p0_st5_20_bearish_sr350_lr750_buf0_tg1030_2022-01-14,2022-01-14,15,2.0,2.0,st5_20_bearish,350.0,750.0,0,10:30,LONG,False,1,2022-01-14 14:46:00+00:00,2022-01-14 14:47:00+00:00,2022-01-14 20:00:00+00:00,TIME_EXIT,LONG,-79.74,0.0,0.0,-79.74,-79.74,0,1,15536.0,15379.75,156.25
p0_st5_20_bearish_sr350_lr750_buf0_tg1030,"P0 st5_20_bearish, short $350, switch long $750, buffer 0, guard 10:30",NASDAQ_ORB_15m_p0_short_switch_tp2r_p0_st5_20_bearish_sr350_lr750_buf0_tg1030_2022-01-17,2022-01-17,15,2.0,2.0,st5_20_bearish,350.0,750.0,0,10:30,SHORT,False,1,2022-01-17 14:48:00+00:00,2022-01-17 14:49:00+00:00,2022-01-17 23:02:00+00:00,TIME_EXIT,SHORT,0.0,-57.72,0.0,-57.72,-57.72,0,3,15611.25,15572.5,38.75
p0_st5_20_bearish_sr350_lr750_buf0_tg1030,"P0 st5_20_bearish, short $350, switch long $750, buffer 0, guard 10:30",NASDAQ_ORB_15m_p0_short_switch_tp2r_p0_st5_20_bearish_sr350_lr750_buf0_tg1030_2022-01-18,2022-01-18,15,2.0,2.0,st5_20_bearish,350.0,750.0,0,10:30,LONG,False,1,2022-01-18 15:07:00+00:00,2022-01-18 15:08:00+00:00,2022-01-18 20:00:00+00:00,TIME_EXIT,LONG,-351.48,0.0,0.0,-351.48,-351.48,0,2,15374.25,15272.5,101.75
p0_st5_20_bearish_sr350_lr750_buf0_tg1030,"P0 st5_20_bearish, short $350, switch long $750, buffer 0, guard 10:30",NASDAQ_ORB_15m_p0_short_switch_tp2r_p0_st5_20_bearish_sr350_lr750_buf0_tg1030_2022-01-19,2022-01-19,15,2.0,2.0,st5_20_bearish,350.0,750.0,0,10:30,LONG,False,1,2022-01-19 14:47:00+00:00,2022-01-19 14:48:00+00:00,2022-01-19 20:00:00+00:00,TIME_EXIT,LONG,-642.48,0.0,0.0,-642.48,-642.48,0,2,15340.0,15251.5,88.5
p0_st5_20_bearish_sr350_lr750_buf0_tg1030,"P0 st5_20_bearish, short $350, switch long $750, buffer 0, guard 10:30",NASDAQ_ORB_15m_p0_short_switch_tp2r_p0_st5_20_bearish_sr350_lr750_buf0_tg1030_2022-01-20,2022-01-20,15,2.0,2.0,st5_20_bearish,350.0,750.0,0,10:30,LONG,False,1,2022-01-20 14:48:00+00:00,2022-01-20 14:49:00+00:00,2022-01-20 20:00:00+00:00,TIME_EXIT,LONG,-704.48,0.0,0.0,-704.48,-704.48,0,2,15258.5,15160.5,98.0
p0_st5_20_bearish_sr350_lr750_buf0_tg1030,"P0 st5_20_bearish, short $350, switch long $750, buffer 0, guard 10:30",NASDAQ_ORB_15m_p0_short_switch_tp2r_p0_st5_20_bearish_sr350_lr750_buf0_tg1030_2022-01-21,2022-01-21,15,2.0,2.0,st5_20_bearish,350.0,750.0,0,10:30,SHORT,True,2,2022-01-21 15:00:00+00:00,2022-01-21 15:01:00+00:00,2022-01-21 20:00:00+00:00,SWITCH_TO_LONG+TIME_EXIT,SHORT,-1333.48,-388.24,-1333.48,-1721.72,-1721.72,0,3,14818.75,14667.5,151.25
p0_st5_20_bearish_sr350_lr750_buf0_tg1030,"P0 st5_20_bearish, short $350, switch long $750, buffer 0, guard 10:30",NASDAQ_ORB_15m_p0_short_switch_tp2r_p0_st5_20_bearish_sr350_lr750_buf0_tg1030_2022-01-24,2022-01-24,15,2.0,2.0,st5_20_bearish,350.0,750.0,0,10:30,SHORT,False,1,2022-01-24 14:51:00+00:00,2022-01-24 14:52:00+00:00,2022-01-24 17:13:00+00:00,TP_2R,SHORT,0.0,622.26,0.0,622.26,622.26,1,1,14263.75,14116.75,147.0
p0_st5_20_bearish_sr350_lr750_buf0_tg1030,"P0 st5_20_bearish, short $350, switch long $750, buffer 0, guard 10:30",NASDAQ_ORB_15m_p0_short_switch_tp2r_p0_st5_20_bearish_sr350_lr750_buf0_tg1030_2022-01-25,2022-01-25,15,2.0,2.0,st5_20_bearish,350.0,750.0,0,10:30,SHORT,True,2,2022-01-25 14:46:00+00:00,2022-01-25 14:47:00+00:00,2022-01-25 20:00:00+00:00,SWITCH_TO_LONG+TIME_EXIT,SHORT,297.52,-338.74,297.52,-41.22000000000003,-41.22000000000003,0,3,14304.75,14184.0,120.75
p0_st5_20_bearish_sr350_lr750_buf0_tg1030,"P0 st5_20_bearish, short $350, switch long $750, buffer 0, guard 10:30",NASDAQ_ORB_15m_p0_short_switch_tp2r_p0_st5_20_bearish_sr350_lr750_buf0_tg1030_2022-01-26,2022-01-26,15,2.0,2.0,st5_20_bearish,350.0,750.0,0,10:30,LONG,False,1,2022-01-26 15:04:00+00:00,2022-01-26 15:05:00+00:00,2022-01-26 20:00:00+00:00,TIME_EXIT,LONG,-499.74,0.0,0.0,-499.74,-499.74,0,1,14499.75,14350.0,149.75
p0_st5_20_bearish_sr350_lr750_buf0_tg1030,"P0 st5_20_bearish, short $350, switch long $750, buffer 0, guard 10:30",NASDAQ_ORB_15m_p0_short_switch_tp2r_p0_st5_20_bearish_sr350_lr750_buf0_tg1030_2022-01-27,2022-01-27,15,2.0,2.0,st5_20_bearish,350.0,750.0,0,10:30,LONG,False,1,2022-01-27 14:48:00+00:00,2022-01-27 14:49:00+00:00,2022-01-27 20:00:00+00:00,TIME_EXIT,LONG,-1384.48,0.0,0.0,-1384.48,-1384.48,0,2,14354.0,14231.75,122.25
p0_st5_20_bearish_sr350_lr750_buf0_tg1030,"P0 st5_20_bearish, short $350, switch long $750, buffer 0, guard 10:30",NASDAQ_ORB_15m_p0_short_switch_tp2r_p0_st5_20_bearish_sr350_lr750_buf0_tg1030_2022-01-28,2022-01-28,15,2.0,2.0,st5_20_bearish,350.0,750.0,0,10:30,LONG,False,1,2022-01-28 15:55:00+00:00,2022-01-28 15:56:00+00:00,2022-01-28 20:00:00+00:00,TIME_EXIT,LONG,203.76,0.0,0.0,203.76,203.76,1,1,14102.25,13893.0,209.25
p0_st5_20_bearish_sr350_lr750_buf0_tg1030,"P0 st5_20_bearish, short $350, switch long $750, buffer 0, guard 10:30",NASDAQ_ORB_15m_p0_short_switch_tp2r_p0_st5_20_bearish_sr350_lr750_buf0_tg1030_2022-01-31,2022-01-31,15,2.0,2.0,st5_20_bearish,350.0,750.0,0,10:30,LONG,False,1,2022-01-31 14:53:00+00:00,2022-01-31 14:54:00+00:00,2022-01-31 20:00:00+00:00,TIME_EXIT,LONG,427.76,0.0,0.0,427.76,427.76,1,1,14584.0,14416.25,167.75
p0_st5_20_bearish_sr350_lr750_buf0_tg1030,"P0 st5_20_bearish, short $350, switch long $750, buffer 0, guard 10:30",NASDAQ_ORB_15m_p0_short_switch_tp2r_p0_st5_20_bearish_sr350_lr750_buf0_tg1030_2022-02-01,2022-02-01,15,2.0,2.0,st5_20_bearish,350.0,750.0,0,10:30,SHORT,False,1,2022-02-01 15:01:00+00:00,2022-02-01 15:02:00+00:00,2022-02-01 20:00:00+00:00,TIME_EXIT,SHORT,0.0,-172.74,0.0,-172.74,-172.74,0,1,14952.0,14787.0,165.0
p0_st5_20_bearish_sr350_lr750_buf0_tg1030,"P0 st5_20_bearish, short $350, switch long $750, buffer 0, guard 10:30",NASDAQ_ORB_15m_p0_short_switch_tp2r_p0_st5_20_bearish_sr350_lr750_buf0_tg1030_2022-02-02,2022-02-02,15,2.0,2.0,st5_20_bearish,350.0,750.0,0,10:30,SHORT,False,1,2022-02-02 14:47:00+00:00,2022-02-02 14:48:00+00:00,2022-02-02 20:00:00+00:00,TIME_EXIT,SHORT,0.0,-71.24,0.0,-71.24,-71.24,0,1,15178.0,15063.0,115.0
p0_st5_20_bearish_sr350_lr750_buf0_tg1030,"P0 st5_20_bearish, short $350, switch long $750, buffer 0, guard 10:30",NASDAQ_ORB_15m_p0_short_switch_tp2r_p0_st5_20_bearish_sr350_lr750_buf0_tg1030_2022-02-03,2022-02-03,15,2.0,2.0,st5_20_bearish,350.0,750.0,0,10:30,LONG,False,1,2022-02-03 15:21:00+00:00,2022-02-03 15:22:00+00:00,2022-02-03 20:00:00+00:00,TIME_EXIT,LONG,-467.74,0.0,0.0,-467.74,-467.74,0,1,14799.25,14677.25,122.0
p0_st5_20_bearish_sr350_lr750_buf0_tg1030,"P0 st5_20_bearish, short $350, switch long $750, buffer 0, guard 10:30",NASDAQ_ORB_15m_p0_short_switch_tp2r_p0_st5_20_bearish_sr350_lr750_buf0_tg1030_2022-02-04,2022-02-04,15,2.0,2.0,st5_20_bearish,350.0,750.0,0,10:30,LONG,False,1,2022-02-04 14:46:00+00:00,2022-02-04 14:47:00+00:00,2022-02-04 20:00:00+00:00,TIME_EXIT,LONG,324.26,0.0,0.0,324.26,324.26,1,1,14579.75,14433.0,146.75
p0_st5_20_bearish_sr350_lr750_buf0_tg1030,"P0 st5_20_bearish, short $350, switch long $750, buffer 0, guard 10:30",NASDAQ_ORB_15m_p0_short_switch_tp2r_p0_st5_20_bearish_sr350_lr750_buf0_tg1030_2022-02-07,2022-02-07,15,2.0,2.0,st5_20_bearish,350.0,750.0,0,10:30,LONG,False,1,2022-02-07 14:52:00+00:00,2022-02-07 14:53:00+00:00,2022-02-07 20:00:00+00:00,TIME_EXIT,LONG,-450.48,0.0,0.0,-450.48,-450.48,0,2,14782.25,14670.25,112.0
p0_st5_20_bearish_sr350_lr750_buf0_tg1030,"P0 st5_20_bearish, short $350, switch long $750, buffer 0, guard 10:30",NASDAQ_ORB_15m_p0_short_switch_tp2r_p0_st5_20_bearish_sr350_lr750_buf0_tg1030_2022-02-08,2022-02-08,15,2.0,2.0,st5_20_bearish,350.0,750.0,0,10:30,SHORT,True,2,2022-02-08 15:01:00+00:00,2022-02-08 15:02:00+00:00,2022-02-08 20:00:00+00:00,SWITCH_TO_LONG+TIME_EXIT,SHORT,305.28000000000003,-202.24,305.28000000000003,103.04000000000002,103.04000000000002,1,4,14588.25,14501.0,87.25
p0_st5_20_bearish_sr350_lr750_buf0_tg1030,"P0 st5_20_bearish, short $350, switch long $750, buffer 0, guard 10:30",NASDAQ_ORB_15m_p0_short_switch_tp2r_p0_st5_20_bearish_sr350_lr750_buf0_tg1030_2022-02-09,2022-02-09,15,2.0,2.0,st5_20_bearish,350.0,750.0,0,10:30,SHORT,True,2,2022-02-09 14:55:00+00:00,2022-02-09 14:56:00+00:00,2022-02-09 20:00:00+00:00,SWITCH_TO_LONG+TIME_EXIT,SHORT,273.8,-318.48,273.8,-44.68000000000001,-44.68000000000001,0,7,14951.5,14888.5,63.0
p0_st5_20_bearish_sr350_lr750_buf0_tg1030,"P0 st5_20_bearish, short $350, switch long $750, buffer 0, guard 10:30",NASDAQ_ORB_15m_p0_short_switch_tp2r_p0_st5_20_bearish_sr350_lr750_buf0_tg1030_2022-02-10,2022-02-10,15,2.0,2.0,st5_20_bearish,350.0,750.0,0,10:30,LONG,False,1,2022-02-10 14:51:00+00:00,2022-02-10 14:52:00+00:00,2022-02-10 20:00:00+00:00,TIME_EXIT,LONG,-315.74,0.0,0.0,-315.74,-315.74,0,1,14855.25,14735.25,120.0
p0_st5_20_bearish_sr350_lr750_buf0_tg1030,"P0 st5_20_bearish, short $350, switch long $750, buffer 0, guard 10:30",NASDAQ_ORB_15m_p0_short_switch_tp2r_p0_st5_20_bearish_sr350_lr750_buf0_tg1030_2022-02-11,2022-02-11,15,2.0,2.0,st5_20_bearish,350.0,750.0,0,10:30,LONG,False,1,2022-02-11 14:47:00+00:00,2022-02-11 14:48:00+00:00,2022-02-11 20:00:00+00:00,TIME_EXIT,LONG,-2004.48,0.0,0.0,-2004.48,-2004.48,0,2,14750.5,14656.25,94.25
p0_st5_20_bearish_sr350_lr750_buf0_tg1030,"P0 st5_20_bearish, short $350, switch long $750, buffer 0, guard 10:30",NASDAQ_ORB_15m_p0_short_switch_tp2r_p0_st5_20_bearish_sr350_lr750_buf0_tg1030_2022-02-14,2022-02-14,15,2.0,2.0,st5_20_bearish,350.0,750.0,0,10:30,LONG,False,1,2022-02-14 14:51:00+00:00,2022-02-14 14:52:00+00:00,2022-02-14 20:00:00+00:00,TIME_EXIT,LONG,-258.48,0.0,0.0,-258.48,-258.48,0,2,14288.25,14182.25,106.0
p0_st5_20_bearish_sr350_lr750_buf0_tg1030,"P0 st5_20_bearish, short $350, switch long $750, buffer 0, guard 10:30",NASDAQ_ORB_15m_p0_short_switch_tp2r_p0_st5_20_bearish_sr350_lr750_buf0_tg1030_2022-02-15,2022-02-15,15,2.0,2.0,st5_20_bearish,350.0,750.0,0,10:30,LONG,False,1,2022-02-15 15:42:00+00:00,2022-02-15 15:43:00+00:00,2022-02-15 20:00:00+00:00,TIME_EXIT,LONG,216.78000000000003,0.0,0.0,216.78000000000003,216.78000000000003,1,3,14522.25,14446.25,76.0
p0_st5_20_bearish_sr350_lr750_buf0_tg1030,"P0 st5_20_bearish, short $350, switch long $750, buffer 0, guard 10:30",NASDAQ_ORB_15m_p0_short_switch_tp2r_p0_st5_20_bearish_sr350_lr750_buf0_tg1030_2022-02-16,2022-02-16,15,2.0,2.0,st5_20_bearish,350.0,750.0,0,10:30,SHORT,True,2,2022-02-16 14:51:00+00:00,2022-02-16 14:52:00+00:00,2022-02-16 20:00:00+00:00,SWITCH_TO_LONG+TIME_EXIT,SHORT,321.78000000000003,-277.24,321.78000000000003,44.54000000000002,44.54000000000002,1,4,14516.0,14430.5,85.5
p0_st5_20_bearish_sr350_lr750_buf0_tg1030,"P0 st5_20_bearish, short $350, switch long $750, buffer 0, guard 10:30",NASDAQ_ORB_15m_p0_short_switch_tp2r_p0_st5_20_bearish_sr350_lr750_buf0_tg1030_2022-02-17,2022-02-17,15,2.0,2.0,st5_20_bearish,350.0,750.0,0,10:30,SHORT,False,1,2022-02-17 14:47:00+00:00,2022-02-17 14:48:00+00:00,2022-02-17 19:06:00+00:00,TP_2R,SHORT,0.0,562.52,0.0,562.52,562.52,1,2,14496.0,14448.75,47.25
p0_st5_20_bearish_sr350_lr750_buf0_tg1030,"P0 st5_20_bearish, short $350, switch long $750, buffer 0, guard 10:30",NASDAQ_ORB_15m_p0_short_switch_tp2r_p0_st5_20_bearish_sr350_lr750_buf0_tg1030_2022-02-22,2022-02-22,15,2.0,2.0,st5_20_bearish,350.0,750.0,0,10:30,LONG,False,1,2022-02-22 14:46:00+00:00,2022-02-22 14:47:00+00:00,2022-02-22 20:00:00+00:00,TIME_EXIT,LONG,-135.74,0.0,0.0,-135.74,-135.74,0,1,13987.0,13862.0,125.0
p0_st5_20_bearish_sr350_lr750_buf0_tg1030,"P0 st5_20_bearish, short $350, switch long $750, buffer 0, guard 10:30",NASDAQ_ORB_15m_p0_short_switch_tp2r_p0_st5_20_bearish_sr350_lr750_buf0_tg1030_2022-02-23,2022-02-23,15,2.0,2.0,st5_20_bearish,350.0,750.0,0,10:30,SHORT,False,1,2022-02-23 14:51:00+00:00,2022-02-23 14:52:00+00:00,2022-02-23 18:14:00+00:00,TP_2R,SHORT,0.0,446.26,0.0,446.26,446.26,1,1,14031.25,13941.5,89.75
p0_st5_20_bearish_sr350_lr750_buf0_tg1030,"P0 st5_20_bearish, short $350, switch long $750, buffer 0, guard 10:30",NASDAQ_ORB_15m_p0_short_switch_tp2r_p0_st5_20_bearish_sr350_lr750_buf0_tg1030_2022-02-25,2022-02-25,15,2.0,2.0,st5_20_bearish,350.0,750.0,0,10:30,SHORT,True,2,2022-02-25 15:00:00+00:00,2022-02-25 15:01:00+00:00,2022-02-25 20:00:00+00:00,SWITCH_TO_LONG+TIME_EXIT,SHORT,336.52,-310.24,336.52,26.279999999999973,26.279999999999973,1,3,14014.75,13871.5,143.25
p0_st5_20_bearish_sr350_lr750_buf0_tg1030,"P0 st5_20_bearish, short $350, switch long $750, buffer 0, guard 10:30",NASDAQ_ORB_15m_p0_short_switch_tp2r_p0_st5_20_bearish_sr350_lr750_buf0_tg1030_2022-02-28,2022-02-28,15,2.0,2.0,st5_20_bearish,350.0,750.0,0,10:30,LONG,False,1,2022-02-28 14:58:00+00:00,2022-02-28 14:59:00+00:00,2022-02-28 20:00:00+00:00,TIME_EXIT,LONG,-158.48,0.0,0.0,-158.48,-158.48,0,2,14113.25,14027.0,86.25
p0_st5_20_bearish_sr350_lr750_buf0_tg1030,"P0 st5_20_bearish, short $350, switch long $750, buffer 0, guard 10:30",NASDAQ_ORB_15m_p0_short_switch_tp2r_p0_st5_20_bearish_sr350_lr750_buf0_tg1030_2022-03-01,2022-03-01,15,2.0,2.0,st5_20_bearish,350.0,750.0,0,10:30,LONG,False,1,2022-03-01 15:22:00+00:00,2022-03-01 15:23:00+00:00,2022-03-01 20:00:00+00:00,TIME_EXIT,LONG,-1047.48,0.0,0.0,-1047.48,-1047.48,0,2,14253.5,14153.5,100.0
p0_st5_20_bearish_sr350_lr750_buf0_tg1030,"P0 st5_20_bearish, short $350, switch long $750, buffer 0, guard 10:30",NASDAQ_ORB_15m_p0_short_switch_tp2r_p0_st5_20_bearish_sr350_lr750_buf0_tg1030_2022-03-02,2022-03-02,15,2.0,2.0,st5_20_bearish,350.0,750.0,0,10:30,LONG,False,1,2022-03-02 14:48:00+00:00,2022-03-02 14:49:00+00:00,2022-03-02 20:00:00+00:00,TIME_EXIT,LONG,499.52,0.0,0.0,499.52,499.52,1,2,14111.5,14010.75,100.75
p0_st5_20_bearish_sr350_lr750_buf0_tg1030,"P0 st5_20_bearish, short $350, switch long $750, buffer 0, guard 10:30",NASDAQ_ORB_15m_p0_short_switch_tp2r_p0_st5_20_bearish_sr350_lr750_buf0_tg1030_2022-03-03,2022-03-03,15,2.0,2.0,st5_20_bearish,350.0,750.0,0,10:30,SHORT,False,1,2022-03-03 14:49:00+00:00,2022-03-03 14:50:00+00:00,2022-03-03 15:56:00+00:00,TP_2R,SHORT,0.0,390.26,0.0,390.26,390.26,1,1,14354.5,14272.0,82.5
p0_st5_20_bearish_sr350_lr750_buf0_tg1030,"P0 st5_20_bearish, short $350, switch long $750, buffer 0, guard 10:30",NASDAQ_ORB_15m_p0_short_switch_tp2r_p0_st5_20_bearish_sr350_lr750_buf0_tg1030_2022-03-04,2022-03-04,15,2.0,2.0,st5_20_bearish,350.0,750.0,0,10:30,SHORT,False,1,2022-03-04 14:46:00+00:00,2022-03-04 14:47:00+00:00,2022-03-04 20:00:00+00:00,TIME_EXIT,SHORT,0.0,267.76,0.0,267.76,267.76,1,1,13995.5,13889.5,106.0
p0_st5_20_bearish_sr350_lr750_buf0_tg1030,"P0 st5_20_bearish, short $350, switch long $750, buffer 0, guard 10:30",NASDAQ_ORB_15m_p0_short_switch_tp2r_p0_st5_20_bearish_sr350_lr750_buf0_tg1030_2022-03-08,2022-03-08,15,2.0,2.0,st5_20_bearish,350.0,750.0,0,10:30,SHORT,True,2,2022-03-08 15:01:00+00:00,2022-03-08 15:02:00+00:00,2022-03-08 20:00:00+00:00,SWITCH_TO_LONG+TIME_EXIT,SHORT,183.52,-324.74,183.52,-141.22,-141.22,0,3,13373.75,13221.5,152.25
p0_st5_20_bearish_sr350_lr750_buf0_tg1030,"P0 st5_20_bearish, short $350, switch long $750, buffer 0, guard 10:30",NASDAQ_ORB_15m_p0_short_switch_tp2r_p0_st5_20_bearish_sr350_lr750_buf0_tg1030_2022-03-09,2022-03-09,15,2.0,2.0,st5_20_bearish,350.0,750.0,0,10:30,LONG,False,1,2022-03-09 15:03:00+00:00,2022-03-09 15:04:00+00:00,2022-03-09 20:00:00+00:00,TIME_EXIT,LONG,379.52,0.0,0.0,379.52,379.52,1,2,13621.25,13524.5,96.75
p0_st5_20_bearish_sr350_lr750_buf0_tg1030,"P0 st5_20_bearish, short $350, switch long $750, buffer 0, guard 10:30",NASDAQ_ORB_15m_p0_short_switch_tp2r_p0_st5_20_bearish_sr350_lr750_buf0_tg1030_2022-03-10,2022-03-10,15,2.0,2.0,st5_20_bearish,350.0,750.0,0,10:30,LONG,False,1,2022-03-10 14:58:00+00:00,2022-03-10 14:59:00+00:00,2022-03-10 20:00:00+00:00,TIME_EXIT,LONG,146.52,0.0,0.0,146.52,146.52,1,2,13579.0,13487.25,91.75
p0_st5_20_bearish_sr350_lr750_buf0_tg1030,"P0 st5_20_bearish, short $350, switch long $750, buffer 0, guard 10:30",NASDAQ_ORB_15m_p0_short_switch_tp2r_p0_st5_20_bearish_sr350_lr750_buf0_tg1030_2022-03-11,2022-03-11,15,2.0,2.0,st5_20_bearish,350.0,750.0,0,10:30,SHORT,False,1,2022-03-11 14:56:00+00:00,2022-03-11 14:57:00+00:00,2022-03-11 20:00:00+00:00,TIME_EXIT,SHORT,0.0,334.76,0.0,334.76,334.76,1,1,13719.75,13601.0,118.75
p0_st5_20_bearish_sr350_lr750_buf0_tg1030,"P0 st5_20_bearish, short $350, switch long $750, buffer 0, guard 10:30",NASDAQ_ORB_15m_p0_short_switch_tp2r_p0_st5_20_bearish_sr350_lr750_buf0_tg1030_2022-03-14,2022-03-14,15,2.0,2.0,st5_20_bearish,350.0,750.0,0,10:30,LONG,False,1,2022-03-14 14:09:00+00:00,2022-03-14 14:10:00+00:00,2022-03-14 19:00:00+00:00,TIME_EXIT,LONG,-510.24,0.0,0.0,-510.24,-510.24,0,1,13326.25,13200.75,125.5
p0_st5_20_bearish_sr350_lr750_buf0_tg1030,"P0 st5_20_bearish, short $350, switch long $750, buffer 0, guard 10:30",NASDAQ_ORB_15m_p0_short_switch_tp2r_p0_st5_20_bearish_sr350_lr750_buf0_tg1030_2022-03-15,2022-03-15,15,2.0,2.0,st5_20_bearish,350.0,750.0,0,10:30,LONG,False,1,2022-03-15 14:05:00+00:00,2022-03-15 14:06:00+00:00,2022-03-15 19:00:00+00:00,TIME_EXIT,LONG,317.76,0.0,0.0,317.76,317.76,1,1,13208.25,13091.0,117.25
p0_st5_20_bearish_sr350_lr750_buf0_tg1030,"P0 st5_20_bearish, short $350, switch long $750, buffer 0, guard 10:30",NASDAQ_ORB_15m_p0_short_switch_tp2r_p0_st5_20_bearish_sr350_lr750_buf0_tg1030_2022-03-16,2022-03-16,15,2.0,2.0,st5_20_bearish,350.0,750.0,0,10:30,LONG,False,1,2022-03-16 13:47:00+00:00,2022-03-16 13:48:00+00:00,2022-03-16 19:00:00+00:00,TIME_EXIT,LONG,-11.48,0.0,0.0,-11.48,-11.48,0,2,13718.25,13612.0,106.25
p0_st5_20_bearish_sr350_lr750_buf0_tg1030,"P0 st5_20_bearish, short $350, switch long $750, buffer 0, guard 10:30",NASDAQ_ORB_15m_p0_short_switch_tp2r_p0_st5_20_bearish_sr350_lr750_buf0_tg1030_2022-03-17,2022-03-17,15,2.0,2.0,st5_20_bearish,350.0,750.0,0,10:30,LONG,False,1,2022-03-17 13:46:00+00:00,2022-03-17 13:47:00+00:00,2022-03-17 17:51:00+00:00,TP_2R,LONG,682.52,0.0,0.0,682.52,682.52,1,2,13900.75,13819.0,81.75
p0_st5_20_bearish_sr350_lr750_buf0_tg1030,"P0 st5_20_bearish, short $350, switch long $750, buffer 0, guard 10:30",NASDAQ_ORB_15m_p0_short_switch_tp2r_p0_st5_20_bearish_sr350_lr750_buf0_tg1030_2022-03-18,2022-03-18,15,2.0,2.0,st5_20_bearish,350.0,750.0,0,10:30,LONG,False,1,2022-03-18 13:46:00+00:00,2022-03-18 13:47:00+00:00,2022-03-18 16:31:00+00:00,TP_2R,LONG,752.52,0.0,0.0,752.52,752.52,1,2,14078.75,13995.25,83.5
p0_st5_20_bearish_sr350_lr750_buf0_tg1030,"P0 st5_20_bearish, short $350, switch long $750, buffer 0, guard 10:30",NASDAQ_ORB_15m_p0_short_switch_tp2r_p0_st5_20_bearish_sr350_lr750_buf0_tg1030_2022-03-21,2022-03-21,15,2.0,2.0,st5_20_bearish,350.0,750.0,0,10:30,SHORT,False,1,2022-03-21 13:55:00+00:00,2022-03-21 13:56:00+00:00,2022-03-21 19:00:00+00:00,TIME_EXIT,SHORT,0.0,98.26,0.0,98.26,98.26,1,1,14466.75,14358.75,108.0
p0_st5_20_bearish_sr350_lr750_buf0_tg1030,"P0 st5_20_bearish, short $350, switch long $750, buffer 0, guard 10:30",NASDAQ_ORB_15m_p0_short_switch_tp2r_p0_st5_20_bearish_sr350_lr750_buf0_tg1030_2022-03-22,2022-03-22,15,2.0,2.0,st5_20_bearish,350.0,750.0,0,10:30,LONG,False,1,2022-03-22 14:01:00+00:00,2022-03-22 14:02:00+00:00,2022-03-22 19:00:00+00:00,TIME_EXIT,LONG,264.26,0.0,0.0,264.26,264.26,1,1,14489.0,14374.5,114.5
p0_st5_20_bearish_sr350_lr750_buf0_tg1030,"P0 st5_20_bearish, short $350, switch long $750, buffer 0, guard 10:30",NASDAQ_ORB_15m_p0_short_switch_tp2r_p0_st5_20_bearish_sr350_lr750_buf0_tg1030_2022-03-23,2022-03-23,15,2.0,2.0,st5_20_bearish,350.0,750.0,0,10:30,SHORT,True,2,2022-03-23 13:50:00+00:00,2022-03-23 13:51:00+00:00,2022-03-23 19:00:00+00:00,SWITCH_TO_LONG+TIME_EXIT,SHORT,-392.96,-319.48,-392.96,-712.44,-712.44,0,6,14546.5,14470.75,75.75
p0_st5_20_bearish_sr350_lr750_buf0_tg1030,"P0 st5_20_bearish, short $350, switch long $750, buffer 0, guard 10:30",NASDAQ_ORB_15m_p0_short_switch_tp2r_p0_st5_20_bearish_sr350_lr750_buf0_tg1030_2022-03-24,2022-03-24,15,2.0,2.0,st5_20_bearish,350.0,750.0,0,10:30,SHORT,True,2,2022-03-24 14:19:00+00:00,2022-03-24 14:20:00+00:00,2022-03-24 19:00:00+00:00,SWITCH_TO_LONG+TIME_EXIT,SHORT,903.04,-206.24,903.04,696.8,696.8,1,5,14551.5,14472.0,79.5
p0_st5_20_bearish_sr350_lr750_buf0_tg1030,"P0 st5_20_bearish, short $350, switch long $750, buffer 0, guard 10:30",NASDAQ_ORB_15m_p0_short_switch_tp2r_p0_st5_20_bearish_sr350_lr750_buf0_tg1030_2022-03-25,2022-03-25,15,2.0,2.0,st5_20_bearish,350.0,750.0,0,10:30,SHORT,True,2,2022-03-25 14:01:00+00:00,2022-03-25 14:02:00+00:00,2022-03-25 19:00:00+00:00,SWITCH_TO_LONG+TIME_EXIT,SHORT,-408.96,-310.48,-408.96,-719.44,-719.44,0,6,14788.5,14713.75,74.75
p0_st5_20_bearish_sr350_lr750_buf0_tg1030,"P0 st5_20_bearish, short $350, switch long $750, buffer 0, guard 10:30",NASDAQ_ORB_15m_p0_short_switch_tp2r_p0_st5_20_bearish_sr350_lr750_buf0_tg1030_2022-03-28,2022-03-28,15,2.0,2.0,st5_20_bearish,350.0,750.0,0,10:30,LONG,False,1,2022-03-28 13:56:00+00:00,2022-03-28 13:57:00+00:00,2022-03-28 19:00:00+00:00,TIME_EXIT,LONG,63.76,0.0,0.0,63.76,63.76,1,1,14884.5,14750.0,134.5
p0_st5_20_bearish_sr350_lr750_buf0_tg1030,"P0 st5_20_bearish, short $350, switch long $750, buffer 0, guard 10:30",NASDAQ_ORB_15m_p0_short_switch_tp2r_p0_st5_20_bearish_sr350_lr750_buf0_tg1030_2022-03-29,2022-03-29,15,2.0,2.0,st5_20_bearish,350.0,750.0,0,10:30,SHORT,True,2,2022-03-29 14:15:00+00:00,2022-03-29 14:16:00+00:00,2022-03-29 19:00:00+00:00,SWITCH_TO_LONG+TIME_EXIT,SHORT,-16.96,-345.74,-16.96,-362.7,-362.7,0,5,15219.5,15136.75,82.75
p0_st5_20_bearish_sr350_lr750_buf0_tg1030,"P0 st5_20_bearish, short $350, switch long $750, buffer 0, guard 10:30",NASDAQ_ORB_15m_p0_short_switch_tp2r_p0_st5_20_bearish_sr350_lr750_buf0_tg1030_2022-03-30,2022-03-30,15,2.0,2.0,st5_20_bearish,350.0,750.0,0,10:30,LONG,False,1,2022-03-30 13:49:00+00:00,2022-03-30 13:50:00+00:00,2022-03-30 19:00:00+00:00,TIME_EXIT,LONG,-950.96,0.0,0.0,-950.96,-950.96,0,4,15197.75,15141.5,56.25
p0_st5_20_bearish_sr350_lr750_buf0_tg1030,"P0 st5_20_bearish, short $350, switch long $750, buffer 0, guard 10:30",NASDAQ_ORB_15m_p0_short_switch_tp2r_p0_st5_20_bearish_sr350_lr750_buf0_tg1030_2022-03-31,2022-03-31,15,2.0,2.0,st5_20_bearish,350.0,750.0,0,10:30,SHORT,False,1,2022-03-31 14:01:00+00:00,2022-03-31 14:02:00+00:00,2022-03-31 19:00:00+00:00,TIME_EXIT,SHORT,0.0,-89.24,0.0,-89.24,-89.24,0,1,15090.0,14987.25,102.75
p0_st5_20_bearish_sr350_lr750_buf0_tg1030,"P0 st5_20_bearish, short $350, switch long $750, buffer 0, guard 10:30",NASDAQ_ORB_15m_p0_short_switch_tp2r_p0_st5_20_bearish_sr350_lr750_buf0_tg1030_2022-04-01,2022-04-01,15,2.0,2.0,st5_20_bearish,350.0,750.0,0,10:30,SHORT,False,1,2022-04-01 13:52:00+00:00,2022-04-01 13:53:00+00:00,2022-04-01 19:00:00+00:00,TIME_EXIT,SHORT,0.0,37.76,0.0,37.76,37.76,1,1,14932.0,14856.5,75.5
p0_st5_20_bearish_sr350_lr750_buf0_tg1030,"P0 st5_20_bearish, short $350, switch long $750, buffer 0, guard 10:30",NASDAQ_ORB_15m_p0_short_switch_tp2r_p0_st5_20_bearish_sr350_lr750_buf0_tg1030_2022-04-04,2022-04-04,15,2.0,2.0,st5_20_bearish,350.0,750.0,0,10:30,LONG,False,1,2022-04-04 13:50:00+00:00,2022-04-04 13:51:00+00:00,2022-04-04 19:00:00+00:00,TIME_EXIT,LONG,488.52,0.0,0.0,488.52,488.52,1,2,14995.25,14884.0,111.25
p0_st5_20_bearish_sr350_lr750_buf0_tg1030,"P0 st5_20_bearish, short $350, switch long $750, buffer 0, guard 10:30",NASDAQ_ORB_15m_p0_short_switch_tp2r_p0_st5_20_bearish_sr350_lr750_buf0_tg1030_2022-04-05,2022-04-05,15,2.0,2.0,st5_20_bearish,350.0,750.0,0,10:30,SHORT,False,1,2022-04-05 13:52:00+00:00,2022-04-05 13:53:00+00:00,2022-04-05 14:18:00+00:00,TP_2R,SHORT,0.0,522.52,0.0,522.52,522.52,1,2,15135.5,15079.5,56.0
p0_st5_20_bearish_sr350_lr750_buf0_tg1030,"P0 st5_20_bearish, short $350, switch long $750, buffer 0, guard 10:30",NASDAQ_ORB_15m_p0_short_switch_tp2r_p0_st5_20_bearish_sr350_lr750_buf0_tg1030_2022-04-06,2022-04-06,15,2.0,2.0,st5_20_bearish,350.0,750.0,0,10:30,SHORT,False,1,2022-04-06 13:47:00+00:00,2022-04-06 13:48:00+00:00,2022-04-06 19:00:00+00:00,TIME_EXIT,SHORT,0.0,-135.24,0.0,-135.24,-135.24,0,1,14643.5,14534.0,109.5
p0_st5_20_bearish_sr350_lr750_buf0_tg1030,"P0 st5_20_bearish, short $350, switch long $750, buffer 0, guard 10:30",NASDAQ_ORB_15m_p0_short_switch_tp2r_p0_st5_20_bearish_sr350_lr750_buf0_tg1030_2022-04-07,2022-04-07,15,2.0,2.0,st5_20_bearish,350.0,750.0,0,10:30,LONG,False,1,2022-04-07 14:01:00+00:00,2022-04-07 14:02:00+00:00,2022-04-07 19:00:00+00:00,TIME_EXIT,LONG,-61.48,0.0,0.0,-61.48,-61.48,0,2,14577.75,14459.5,118.25
p0_st5_20_bearish_sr350_lr750_buf0_tg1030,"P0 st5_20_bearish, short $350, switch long $750, buffer 0, guard 10:30",NASDAQ_ORB_15m_p0_short_switch_tp2r_p0_st5_20_bearish_sr350_lr750_buf0_tg1030_2022-04-08,2022-04-08,15,2.0,2.0,st5_20_bearish,350.0,750.0,0,10:30,SHORT,True,2,2022-04-08 13:52:00+00:00,2022-04-08 13:53:00+00:00,2022-04-08 19:00:00+00:00,SWITCH_TO_LONG+TIME_EXIT,SHORT,-600.72,-252.24,-600.72,-852.96,-852.96,0,4,14476.75,14363.75,113.0
p0_st5_20_bearish_sr350_lr750_buf0_tg1030,"P0 st5_20_bearish, short $350, switch long $750, buffer 0, guard 10:30",NASDAQ_ORB_15m_p0_short_switch_tp2r_p0_st5_20_bearish_sr350_lr750_buf0_tg1030_2022-04-11,2022-04-11,15,2.0,2.0,st5_20_bearish,350.0,750.0,0,10:30,LONG,False,1,2022-04-11 13:48:00+00:00,2022-04-11 13:49:00+00:00,2022-04-11 19:00:00+00:00,TIME_EXIT,LONG,-513.72,0.0,0.0,-513.72,-513.72,0,3,14178.0,14099.5,78.5
p0_st5_20_bearish_sr350_lr750_buf0_tg1030,"P0 st5_20_bearish, short $350, switch long $750, buffer 0, guard 10:30",NASDAQ_ORB_15m_p0_short_switch_tp2r_p0_st5_20_bearish_sr350_lr750_buf0_tg1030_2022-04-12,2022-04-12,15,2.0,2.0,st5_20_bearish,350.0,750.0,0,10:30,LONG,False,1,2022-04-12 13:48:00+00:00,2022-04-12 13:49:00+00:00,2022-04-12 19:00:00+00:00,TIME_EXIT,LONG,-1027.48,0.0,0.0,-1027.48,-1027.48,0,2,14202.25,14113.0,89.25
p0_st5_20_bearish_sr350_lr750_buf0_tg1030,"P0 st5_20_bearish, short $350, switch long $750, buffer 0, guard 10:30",NASDAQ_ORB_15m_p0_short_switch_tp2r_p0_st5_20_bearish_sr350_lr750_buf0_tg1030_2022-04-13,2022-04-13,15,2.0,2.0,st5_20_bearish,350.0,750.0,0,10:30,LONG,False,1,2022-04-13 13:46:00+00:00,2022-04-13 13:47:00+00:00,2022-04-13 19:00:00+00:00,TIME_EXIT,LONG,682.52,0.0,0.0,682.52,682.52,1,2,14029.75,13921.5,108.25
p0_st5_20_bearish_sr350_lr750_buf0_tg1030,"P0 st5_20_bearish, short $350, switch long $750, buffer 0, guard 10:30",NASDAQ_ORB_15m_p0_short_switch_tp2r_p0_st5_20_bearish_sr350_lr750_buf0_tg1030_2022-04-14,2022-04-14,15,2.0,2.0,st5_20_bearish,350.0,750.0,0,10:30,SHORT,False,1,2022-04-14 13:49:00+00:00,2022-04-14 13:50:00+00:00,2022-04-14 19:00:00+00:00,TIME_EXIT,SHORT,0.0,376.26,0.0,376.26,376.26,1,1,14246.75,14133.75,113.0
p0_st5_20_bearish_sr350_lr750_buf0_tg1030,"P0 st5_20_bearish, short $350, switch long $750, buffer 0, guard 10:30",NASDAQ_ORB_15m_p0_short_switch_tp2r_p0_st5_20_bearish_sr350_lr750_buf0_tg1030_2022-04-18,2022-04-18,15,2.0,2.0,st5_20_bearish,350.0,750.0,0,10:30,LONG,False,1,2022-04-18 14:13:00+00:00,2022-04-18 14:14:00+00:00,2022-04-18 19:00:00+00:00,TIME_EXIT,LONG,-43.48,0.0,0.0,-43.48,-43.48,0,2,13932.75,13849.0,83.75
p0_st5_20_bearish_sr350_lr750_buf0_tg1030,"P0 st5_20_bearish, short $350, switch long $750, buffer 0, guard 10:30",NASDAQ_ORB_15m_p0_short_switch_tp2r_p0_st5_20_bearish_sr350_lr750_buf0_tg1030_2022-04-19,2022-04-19,15,2.0,2.0,st5_20_bearish,350.0,750.0,0,10:30,LONG,False,1,2022-04-19 13:48:00+00:00,2022-04-19 13:49:00+00:00,2022-04-19 15:16:00+00:00,TP_2R,LONG,858.52,0.0,0.0,858.52,858.52,1,2,13928.5,13833.75,94.75
p0_st5_20_bearish_sr350_lr750_buf0_tg1030,"P0 st5_20_bearish, short $350, switch long $750, buffer 0, guard 10:30",NASDAQ_ORB_15m_p0_short_switch_tp2r_p0_st5_20_bearish_sr350_lr750_buf0_tg1030_2022-04-20,2022-04-20,15,2.0,2.0,st5_20_bearish,350.0,750.0,0,10:30,SHORT,False,1,2022-04-20 13:49:00+00:00,2022-04-20 13:50:00+00:00,2022-04-20 19:00:00+00:00,TIME_EXIT,SHORT,0.0,242.26,0.0,242.26,242.26,1,1,14269.75,14123.75,146.0
p0_st5_20_bearish_sr350_lr750_buf0_tg1030,"P0 st5_20_bearish, short $350, switch long $750, buffer 0, guard 10:30",NASDAQ_ORB_15m_p0_short_switch_tp2r_p0_st5_20_bearish_sr350_lr750_buf0_tg1030_2022-04-21,2022-04-21,15,2.0,2.0,st5_20_bearish,350.0,750.0,0,10:30,SHORT,False,1,2022-04-21 14:14:00+00:00,2022-04-21 14:15:00+00:00,2022-04-21 18:00:00+00:00,TP_2R,SHORT,0.0,569.26,0.0,569.26,569.26,1,1,14283.0,14163.5,119.5
p0_st5_20_bearish_sr350_lr750_buf0_tg1030,"P0 st5_20_bearish, short $350, switch long $750, buffer 0, guard 10:30",NASDAQ_ORB_15m_p0_short_switch_tp2r_p0_st5_20_bearish_sr350_lr750_buf0_tg1030_2022-04-22,2022-04-22,15,2.0,2.0,st5_20_bearish,350.0,750.0,0,10:30,SHORT,False,1,2022-04-22 14:21:00+00:00,2022-04-22 14:22:00+00:00,2022-04-22 19:00:00+00:00,TIME_EXIT,SHORT,0.0,421.76,0.0,421.76,421.76,1,1,13777.5,13615.5,162.0
p0_st5_20_bearish_sr350_lr750_buf0_tg1030,"P0 st5_20_bearish, short $350, switch long $750, buffer 0, guard 10:30",NASDAQ_ORB_15m_p0_short_switch_tp2r_p0_st5_20_bearish_sr350_lr750_buf0_tg1030_2022-04-25,2022-04-25,15,2.0,2.0,st5_20_bearish,350.0,750.0,0,10:30,LONG,False,1,2022-04-25 14:26:00+00:00,2022-04-25 14:27:00+00:00,2022-04-25 19:00:00+00:00,TIME_EXIT,LONG,96.76,0.0,0.0,96.76,96.76,1,1,13366.0,13261.75,104.25
p0_st5_20_bearish_sr350_lr750_buf0_tg1030,"P0 st5_20_bearish, short $350, switch long $750, buffer 0, guard 10:30",NASDAQ_ORB_15m_p0_short_switch_tp2r_p0_st5_20_bearish_sr350_lr750_buf0_tg1030_2022-04-26,2022-04-26,15,2.0,2.0,st5_20_bearish,350.0,750.0,0,10:30,SHORT,False,1,2022-04-26 13:50:00+00:00,2022-04-26 13:51:00+00:00,2022-04-26 19:00:00+00:00,TIME_EXIT,SHORT,0.0,231.26,0.0,231.26,231.26,1,1,13450.75,13317.75,133.0
p0_st5_20_bearish_sr350_lr750_buf0_tg1030,"P0 st5_20_bearish, short $350, switch long $750, buffer 0, guard 10:30",NASDAQ_ORB_15m_p0_short_switch_tp2r_p0_st5_20_bearish_sr350_lr750_buf0_tg1030_2022-04-27,2022-04-27,15,2.0,2.0,st5_20_bearish,350.0,750.0,0,10:30,LONG,False,1,2022-04-27 13:48:00+00:00,2022-04-27 13:49:00+00:00,2022-04-27 19:00:00+00:00,TIME_EXIT,LONG,-330.24,0.0,0.0,-330.24,-330.24,0,1,13204.5,13009.25,195.25
p0_st5_20_bearish_sr350_lr750_buf0_tg1030,"P0 st5_20_bearish, short $350, switch long $750, buffer 0, guard 10:30",NASDAQ_ORB_15m_p0_short_switch_tp2r_p0_st5_20_bearish_sr350_lr750_buf0_tg1030_2022-04-28,2022-04-28,15,2.0,2.0,st5_20_bearish,350.0,750.0,0,10:30,SHORT,True,2,2022-04-28 13:51:00+00:00,2022-04-28 13:52:00+00:00,2022-04-28 19:00:00+00:00,SWITCH_TO_LONG+TIME_EXIT,SHORT,832.52,-352.24,832.52,480.28,480.28,1,3,13280.5,13116.75,163.75
p0_st5_20_bearish_sr350_lr750_buf0_tg1030,"P0 st5_20_bearish, short $350, switch long $750, buffer 0, guard 10:30",NASDAQ_ORB_15m_p0_short_switch_tp2r_p0_st5_20_bearish_sr350_lr750_buf0_tg1030_2022-04-29,2022-04-29,15,2.0,2.0,st5_20_bearish,350.0,750.0,0,10:30,LONG,False,1,2022-04-29 13:56:00+00:00,2022-04-29 13:57:00+00:00,2022-04-29 19:00:00+00:00,TIME_EXIT,LONG,-776.24,0.0,0.0,-776.24,-776.24,0,1,13374.25,13226.0,148.25
p0_st5_20_bearish_sr350_lr750_buf0_tg1030,"P0 st5_20_bearish, short $350, switch long $750, buffer 0, guard 10:30",NASDAQ_ORB_15m_p0_short_switch_tp2r_p0_st5_20_bearish_sr350_lr750_buf0_tg1030_2022-05-02,2022-05-02,15,2.0,2.0,st5_20_bearish,350.0,750.0,0,10:30,LONG,False,1,2022-05-02 13:57:00+00:00,2022-05-02 13:58:00+00:00,2022-05-02 19:00:00+00:00,TIME_EXIT,LONG,-354.24,0.0,0.0,-354.24,-354.24,0,1,12936.0,12742.5,193.5
p0_st5_20_bearish_sr350_lr750_buf0_tg1030,"P0 st5_20_bearish, short $350, switch long $750, buffer 0, guard 10:30",NASDAQ_ORB_15m_p0_short_switch_tp2r_p0_st5_20_bearish_sr350_lr750_buf0_tg1030_2022-05-03,2022-05-03,15,2.0,2.0,st5_20_bearish,350.0,750.0,0,10:30,SHORT,True,2,2022-05-03 13:46:00+00:00,2022-05-03 13:47:00+00:00,2022-05-03 19:00:00+00:00,SWITCH_TO_LONG+TIME_EXIT,SHORT,20.28,-285.74,20.28,-265.46000000000004,-265.46000000000004,0,4,13080.5,12989.5,91.0
p0_st5_20_bearish_sr350_lr750_buf0_tg1030,"P0 st5_20_bearish, short $350, switch long $750, buffer 0, guard 10:30",NASDAQ_ORB_15m_p0_short_switch_tp2r_p0_st5_20_bearish_sr350_lr750_buf0_tg1030_2022-05-04,2022-05-04,15,2.0,2.0,st5_20_bearish,350.0,750.0,0,10:30,SHORT,False,1,2022-05-04 13:55:00+00:00,2022-05-04 13:56:00+00:00,2022-05-04 15:06:00+00:00,TP_2R,SHORT,0.0,568.52,0.0,568.52,568.52,1,2,13114.25,13057.5,56.75
p0_st5_20_bearish_sr350_lr750_buf0_tg1030,"P0 st5_20_bearish, short $350, switch long $750, buffer 0, guard 10:30",NASDAQ_ORB_15m_p0_short_switch_tp2r_p0_st5_20_bearish_sr350_lr750_buf0_tg1030_2022-05-05,2022-05-05,15,2.0,2.0,st5_20_bearish,350.0,750.0,0,10:30,SHORT,False,1,2022-05-05 13:46:00+00:00,2022-05-05 13:47:00+00:00,2022-05-05 14:24:00+00:00,TP_2R,SHORT,0.0,425.26,0.0,425.26,425.26,1,1,13346.5,13247.25,99.25
p0_st5_20_bearish_sr350_lr750_buf0_tg1030,"P0 st5_20_bearish, short $350, switch long $750, buffer 0, guard 10:30",NASDAQ_ORB_15m_p0_short_switch_tp2r_p0_st5_20_bearish_sr350_lr750_buf0_tg1030_2022-05-11,2022-05-11,15,2.0,2.0,st5_20_bearish,350.0,750.0,0,10:30,LONG,False,1,2022-05-11 13:48:00+00:00,2022-05-11 13:49:00+00:00,2022-05-11 19:00:00+00:00,TIME_EXIT,LONG,-608.24,0.0,0.0,-608.24,-608.24,0,1,12345.75,12146.25,199.5
p0_st5_20_bearish_sr350_lr750_buf0_tg1030,"P0 st5_20_bearish, short $350, switch long $750, buffer 0, guard 10:30",NASDAQ_ORB_15m_p0_short_switch_tp2r_p0_st5_20_bearish_sr350_lr750_buf0_tg1030_2022-05-12,2022-05-12,15,2.0,2.0,st5_20_bearish,350.0,750.0,0,10:30,LONG,False,1,2022-05-12 13:49:00+00:00,2022-05-12 13:50:00+00:00,2022-05-12 19:00:00+00:00,TIME_EXIT,LONG,-333.24,0.0,0.0,-333.24,-333.24,0,1,11874.75,11692.75,182.0
p0_st5_20_bearish_sr350_lr750_buf0_tg1030,"P0 st5_20_bearish, short $350, switch long $750, buffer 0, guard 10:30",NASDAQ_ORB_15m_p0_short_switch_tp2r_p0_st5_20_bearish_sr350_lr750_buf0_tg1030_2022-05-13,2022-05-13,15,2.0,2.0,st5_20_bearish,350.0,750.0,0,10:30,LONG,False,1,2022-05-13 13:47:00+00:00,2022-05-13 13:48:00+00:00,2022-05-13 19:00:00+00:00,TIME_EXIT,LONG,282.26,0.0,0.0,282.26,282.26,1,1,12197.75,12064.75,133.0
p0_st5_20_bearish_sr350_lr750_buf0_tg1030,"P0 st5_20_bearish, short $350, switch long $750, buffer 0, guard 10:30",NASDAQ_ORB_15m_p0_short_switch_tp2r_p0_st5_20_bearish_sr350_lr750_buf0_tg1030_2022-05-16,2022-05-16,15,2.0,2.0,st5_20_bearish,350.0,750.0,0,10:30,SHORT,True,2,2022-05-16 13:47:00+00:00,2022-05-16 13:48:00+00:00,2022-05-16 19:00:00+00:00,SWITCH_TO_LONG+TIME_EXIT,SHORT,-22.48,-278.24,-22.48,-300.72,-300.72,0,3,12358.5,12237.0,121.5
p0_st5_20_bearish_sr350_lr750_buf0_tg1030,"P0 st5_20_bearish, short $350, switch long $750, buffer 0, guard 10:30",NASDAQ_ORB_15m_p0_short_switch_tp2r_p0_st5_20_bearish_sr350_lr750_buf0_tg1030_2022-05-17,2022-05-17,15,2.0,2.0,st5_20_bearish,350.0,750.0,0,10:30,SHORT,True,2,2022-05-17 13:55:00+00:00,2022-05-17 13:56:00+00:00,2022-05-17 19:00:00+00:00,SWITCH_TO_LONG+TIME_EXIT,SHORT,-174.96,-355.48,-174.96,-530.44,-530.44,0,6,12535.25,12457.0,78.25
p0_st5_20_bearish_sr350_lr750_buf0_tg1030,"P0 st5_20_bearish, short $350, switch long $750, buffer 0, guard 10:30",NASDAQ_ORB_15m_p0_short_switch_tp2r_p0_st5_20_bearish_sr350_lr750_buf0_tg1030_2022-05-18,2022-05-18,15,2.0,2.0,st5_20_bearish,350.0,750.0,0,10:30,SHORT,False,1,2022-05-18 13:51:00+00:00,2022-05-18 13:52:00+00:00,2022-05-18 15:55:00+00:00,TP_2R,SHORT,0.0,370.26,0.0,370.26,370.26,1,1,12399.75,12308.0,91.75
p0_st5_20_bearish_sr350_lr750_buf0_tg1030,"P0 st5_20_bearish, short $350, switch long $750, buffer 0, guard 10:30",NASDAQ_ORB_15m_p0_short_switch_tp2r_p0_st5_20_bearish_sr350_lr750_buf0_tg1030_2022-05-19,2022-05-19,15,2.0,2.0,st5_20_bearish,350.0,750.0,0,10:30,SHORT,True,2,2022-05-19 13:50:00+00:00,2022-05-19 13:51:00+00:00,2022-05-19 19:00:00+00:00,SWITCH_TO_LONG+TIME_EXIT,SHORT,147.78,-347.24,147.78,-199.46,-199.46,0,4,11978.75,11864.5,114.25
p0_st5_20_bearish_sr350_lr750_buf0_tg1030,"P0 st5_20_bearish, short $350, switch long $750, buffer 0, guard 10:30",NASDAQ_ORB_15m_p0_short_switch_tp2r_p0_st5_20_bearish_sr350_lr750_buf0_tg1030_2022-05-20,2022-05-20,15,2.0,2.0,st5_20_bearish,350.0,750.0,0,10:30,SHORT,False,1,2022-05-20 14:08:00+00:00,2022-05-20 14:09:00+00:00,2022-05-20 16:10:00+00:00,TP_2R,SHORT,0.0,521.26,0.0,521.26,521.26,1,1,12053.25,11945.5,107.75
p0_st5_20_bearish_sr350_lr750_buf0_tg1030,"P0 st5_20_bearish, short $350, switch long $750, buffer 0, guard 10:30",NASDAQ_ORB_15m_p0_short_switch_tp2r_p0_st5_20_bearish_sr350_lr750_buf0_tg1030_2022-05-23,2022-05-23,15,2.0,2.0,st5_20_bearish,350.0,750.0,0,10:30,LONG,False,1,2022-05-23 13:46:00+00:00,2022-05-23 13:47:00+00:00,2022-05-23 19:00:00+00:00,TIME_EXIT,LONG,231.52,0.0,0.0,231.52,231.52,1,2,11929.25,11818.25,111.0
p0_st5_20_bearish_sr350_lr750_buf0_tg1030,"P0 st5_20_bearish, short $350, switch long $750, buffer 0, guard 10:30",NASDAQ_ORB_15m_p0_short_switch_tp2r_p0_st5_20_bearish_sr350_lr750_buf0_tg1030_2022-05-24,2022-05-24,15,2.0,2.0,st5_20_bearish,350.0,750.0,0,10:30,SHORT,False,1,2022-05-24 13:46:00+00:00,2022-05-24 13:47:00+00:00,2022-05-24 19:00:00+00:00,TIME_EXIT,SHORT,0.0,122.76,0.0,122.76,122.76,1,1,11847.75,11742.25,105.5
p0_st5_20_bearish_sr350_lr750_buf0_tg1030,"P0 st5_20_bearish, short $350, switch long $750, buffer 0, guard 10:30",NASDAQ_ORB_15m_p0_short_switch_tp2r_p0_st5_20_bearish_sr350_lr750_buf0_tg1030_2022-05-25,2022-05-25,15,2.0,2.0,st5_20_bearish,350.0,750.0,0,10:30,LONG,False,1,2022-05-25 14:19:00+00:00,2022-05-25 14:20:00+00:00,2022-05-25 19:00:00+00:00,TIME_EXIT,LONG,223.76,0.0,0.0,223.76,223.76,1,1,11844.75,11708.0,136.75
p0_st5_20_bearish_sr350_lr750_buf0_tg1030,"P0 st5_20_bearish, short $350, switch long $750, buffer 0, guard 10:30",NASDAQ_ORB_15m_p0_short_switch_tp2r_p0_st5_20_bearish_sr350_lr750_buf0_tg1030_2022-05-26,2022-05-26,15,2.0,2.0,st5_20_bearish,350.0,750.0,0,10:30,LONG,False,1,2022-05-26 13:49:00+00:00,2022-05-26 13:50:00+00:00,2022-05-26 19:00:00+00:00,TIME_EXIT,LONG,461.26,0.0,0.0,461.26,461.26,1,1,12059.25,11899.0,160.25
p0_st5_20_bearish_sr350_lr750_buf0_tg1030,"P0 st5_20_bearish, short $350, switch long $750, buffer 0, guard 10:30",NASDAQ_ORB_15m_p0_short_switch_tp2r_p0_st5_20_bearish_sr350_lr750_buf0_tg1030_2022-05-27,2022-05-27,15,2.0,2.0,st5_20_bearish,350.0,750.0,0,10:30,LONG,False,1,2022-05-27 13:56:00+00:00,2022-05-27 13:57:00+00:00,2022-05-27 19:00:00+00:00,TIME_EXIT,LONG,382.52,0.0,0.0,382.52,382.52,1,2,12514.0,12401.75,112.25
p0_st5_20_bearish_sr350_lr750_buf0_tg1030,"P0 st5_20_bearish, short $350, switch long $750, buffer 0, guard 10:30",NASDAQ_ORB_15m_p0_short_switch_tp2r_p0_st5_20_bearish_sr350_lr750_buf0_tg1030_2022-05-30,2022-05-30,15,2.0,2.0,st5_20_bearish,350.0,750.0,0,10:30,LONG,False,1,2022-05-30 13:59:00+00:00,2022-05-30 14:00:00+00:00,2022-05-30 16:33:00+00:00,TP_2R,LONG,954.08,0.0,0.0,954.08,954.08,1,8,12774.75,12746.0,28.75
p0_st5_20_bearish_sr350_lr750_buf0_tg1030,"P0 st5_20_bearish, short $350, switch long $750, buffer 0, guard 10:30",NASDAQ_ORB_15m_p0_short_switch_tp2r_p0_st5_20_bearish_sr350_lr750_buf0_tg1030_2022-06-01,2022-06-01,15,2.0,2.0,st5_20_bearish,350.0,750.0,0,10:30,LONG,False,1,2022-06-01 13:55:00+00:00,2022-06-01 13:56:00+00:00,2022-06-01 19:00:00+00:00,TIME_EXIT,LONG,-825.48,0.0,0.0,-825.48,-825.48,0,2,12814.25,12731.0,83.25
p0_st5_20_bearish_sr350_lr750_buf0_tg1030,"P0 st5_20_bearish, short $350, switch long $750, buffer 0, guard 10:30",NASDAQ_ORB_15m_p0_short_switch_tp2r_p0_st5_20_bearish_sr350_lr750_buf0_tg1030_2022-06-02,2022-06-02,15,2.0,2.0,st5_20_bearish,350.0,750.0,0,10:30,LONG,False,1,2022-06-02 13:50:00+00:00,2022-06-02 13:51:00+00:00,2022-06-02 17:45:00+00:00,TP_2R,LONG,505.26,0.0,0.0,505.26,505.26,1,1,12547.75,12442.25,105.5
p0_st5_20_bearish_sr350_lr750_buf0_tg1030,"P0 st5_20_bearish, short $350, switch long $750, buffer 0, guard 10:30",NASDAQ_ORB_15m_p0_short_switch_tp2r_p0_st5_20_bearish_sr350_lr750_buf0_tg1030_2022-06-03,2022-06-03,15,2.0,2.0,st5_20_bearish,350.0,750.0,0,10:30,SHORT,True,2,2022-06-03 13:46:00+00:00,2022-06-03 13:47:00+00:00,2022-06-03 19:00:00+00:00,SWITCH_TO_LONG+TIME_EXIT,SHORT,-870.72,-217.74,-870.72,-1088.46,-1088.46,0,4,12716.75,12619.5,97.25
p0_st5_20_bearish_sr350_lr750_buf0_tg1030,"P0 st5_20_bearish, short $350, switch long $750, buffer 0, guard 10:30",NASDAQ_ORB_15m_p0_short_switch_tp2r_p0_st5_20_bearish_sr350_lr750_buf0_tg1030_2022-06-06,2022-06-06,15,2.0,2.0,st5_20_bearish,350.0,750.0,0,10:30,SHORT,True,2,2022-06-06 13:51:00+00:00,2022-06-06 13:52:00+00:00,2022-06-06 19:00:00+00:00,SWITCH_TO_LONG+TIME_EXIT,SHORT,-1233.72,-221.74,-1233.72,-1455.46,-1455.46,0,4,12785.25,12692.5,92.75
p0_st5_20_bearish_sr350_lr750_buf0_tg1030,"P0 st5_20_bearish, short $350, switch long $750, buffer 0, guard 10:30",NASDAQ_ORB_15m_p0_short_switch_tp2r_p0_st5_20_bearish_sr350_lr750_buf0_tg1030_2022-06-07,2022-06-07,15,2.0,2.0,st5_20_bearish,350.0,750.0,0,10:30,LONG,False,1,2022-06-07 13:46:00+00:00,2022-06-07 13:47:00+00:00,2022-06-07 19:00:00+00:00,TIME_EXIT,LONG,537.52,0.0,0.0,537.52,537.52,1,2,12526.5,12412.0,114.5
p0_st5_20_bearish_sr350_lr750_buf0_tg1030,"P0 st5_20_bearish, short $350, switch long $750, buffer 0, guard 10:30",NASDAQ_ORB_15m_p0_short_switch_tp2r_p0_st5_20_bearish_sr350_lr750_buf0_tg1030_2022-06-08,2022-06-08,15,2.0,2.0,st5_20_bearish,350.0,750.0,0,10:30,LONG,False,1,2022-06-08 13:49:00+00:00,2022-06-08 13:50:00+00:00,2022-06-08 19:00:00+00:00,TIME_EXIT,LONG,-451.48,0.0,0.0,-451.48,-451.48,0,2,12723.25,12627.5,95.75
p0_st5_20_bearish_sr350_lr750_buf0_tg1030,"P0 st5_20_bearish, short $350, switch long $750, buffer 0, guard 10:30",NASDAQ_ORB_15m_p0_short_switch_tp2r_p0_st5_20_bearish_sr350_lr750_buf0_tg1030_2022-06-09,2022-06-09,15,2.0,2.0,st5_20_bearish,350.0,750.0,0,10:30,LONG,False,1,2022-06-09 13:52:00+00:00,2022-06-09 13:53:00+00:00,2022-06-09 19:00:00+00:00,TIME_EXIT,LONG,-771.48,0.0,0.0,-771.48,-771.48,0,2,12598.5,12506.25,92.25
p0_st5_20_bearish_sr350_lr750_buf0_tg1030,"P0 st5_20_bearish, short $350, switch long $750, buffer 0, guard 10:30",NASDAQ_ORB_15m_p0_short_switch_tp2r_p0_st5_20_bearish_sr350_lr750_buf0_tg1030_2022-06-10,2022-06-10,15,2.0,2.0,st5_20_bearish,350.0,750.0,0,10:30,SHORT,False,1,2022-06-10 13:54:00+00:00,2022-06-10 13:55:00+00:00,2022-06-10 19:00:00+00:00,TIME_EXIT,SHORT,0.0,64.76,0.0,64.76,64.76,1,1,12108.5,11971.25,137.25
p0_st5_20_bearish_sr350_lr750_buf0_tg1030,"P0 st5_20_bearish, short $350, switch long $750, buffer 0, guard 10:30",NASDAQ_ORB_15m_p0_short_switch_tp2r_p0_st5_20_bearish_sr350_lr750_buf0_tg1030_2022-06-13,2022-06-13,15,2.0,2.0,st5_20_bearish,350.0,750.0,0,10:30,SHORT,False,1,2022-06-13 14:11:00+00:00,2022-06-13 14:12:00+00:00,2022-06-13 19:00:00+00:00,TIME_EXIT,SHORT,0.0,193.26,0.0,193.26,193.26,1,1,11604.0,11491.25,112.75
p0_st5_20_bearish_sr350_lr750_buf0_tg1030,"P0 st5_20_bearish, short $350, switch long $750, buffer 0, guard 10:30",NASDAQ_ORB_15m_p0_short_switch_tp2r_p0_st5_20_bearish_sr350_lr750_buf0_tg1030_2022-06-14,2022-06-14,15,2.0,2.0,st5_20_bearish,350.0,750.0,0,10:30,SHORT,True,2,2022-06-14 14:21:00+00:00,2022-06-14 14:22:00+00:00,2022-06-14 19:00:00+00:00,SWITCH_TO_LONG+TIME_EXIT,SHORT,-593.48,-313.74,-593.48,-907.22,-907.22,0,3,11442.5,11295.25,147.25
p0_st5_20_bearish_sr350_lr750_buf0_tg1030,"P0 st5_20_bearish, short $350, switch long $750, buffer 0, guard 10:30",NASDAQ_ORB_15m_p0_short_switch_tp2r_p0_st5_20_bearish_sr350_lr750_buf0_tg1030_2022-06-15,2022-06-15,15,2.0,2.0,st5_20_bearish,350.0,750.0,0,10:30,LONG,False,1,2022-06-15 14:05:00+00:00,2022-06-15 14:06:00+00:00,2022-06-15 18:45:00+00:00,TP_2R,LONG,704.52,0.0,0.0,704.52,704.52,1,2,11546.75,11459.5,87.25
p0_st5_20_bearish_sr350_lr750_buf0_tg1030,"P0 st5_20_bearish, short $350, switch long $750, buffer 0, guard 10:30",NASDAQ_ORB_15m_p0_short_switch_tp2r_p0_st5_20_bearish_sr350_lr750_buf0_tg1030_2022-06-16,2022-06-16,15,2.0,2.0,st5_20_bearish,350.0,750.0,0,10:30,SHORT,False,1,2022-06-16 13:56:00+00:00,2022-06-16 13:57:00+00:00,2022-06-16 18:50:00+00:00,TP_2R,SHORT,0.0,357.26,0.0,357.26,357.26,1,1,11350.0,11261.5,88.5
p0_st5_20_bearish_sr350_lr750_buf0_tg1030,"P0 st5_20_bearish, short $350, switch long $750, buffer 0, guard 10:30",NASDAQ_ORB_15m_p0_short_switch_tp2r_p0_st5_20_bearish_sr350_lr750_buf0_tg1030_2022-06-17,2022-06-17,15,2.0,2.0,st5_20_bearish,350.0,750.0,0,10:30,LONG,False,1,2022-06-17 13:52:00+00:00,2022-06-17 13:53:00+00:00,2022-06-17 19:00:00+00:00,TIME_EXIT,LONG,-12.24,0.0,0.0,-12.24,-12.24,0,1,11326.0,11184.75,141.25
p0_st5_20_bearish_sr350_lr750_buf0_tg1030,"P0 st5_20_bearish, short $350, switch long $750, buffer 0, guard 10:30",NASDAQ_ORB_15m_p0_short_switch_tp2r_p0_st5_20_bearish_sr350_lr750_buf0_tg1030_2022-06-20,2022-06-20,15,2.0,2.0,st5_20_bearish,350.0,750.0,0,10:30,SHORT,True,2,2022-06-20 13:48:00+00:00,2022-06-20 13:49:00+00:00,2022-06-20 22:02:00+00:00,SWITCH_TO_LONG+TIME_EXIT,SHORT,787.6,-304.96,787.6,482.64000000000004,482.64000000000004,1,14,11376.0,11339.75,36.25
p0_st5_20_bearish_sr350_lr750_buf0_tg1030,"P0 st5_20_bearish, short $350, switch long $750, buffer 0, guard 10:30",NASDAQ_ORB_15m_p0_short_switch_tp2r_p0_st5_20_bearish_sr350_lr750_buf0_tg1030_2022-06-21,2022-06-21,15,2.0,2.0,st5_20_bearish,350.0,750.0,0,10:30,LONG,False,1,2022-06-21 13:59:00+00:00,2022-06-21 14:00:00+00:00,2022-06-21 19:00:00+00:00,TIME_EXIT,LONG,-3.74,0.0,0.0,-3.74,-3.74,0,1,11602.5,11475.75,126.75
p0_st5_20_bearish_sr350_lr750_buf0_tg1030,"P0 st5_20_bearish, short $350, switch long $750, buffer 0, guard 10:30",NASDAQ_ORB_15m_p0_short_switch_tp2r_p0_st5_20_bearish_sr350_lr750_buf0_tg1030_2022-06-22,2022-06-22,15,2.0,2.0,st5_20_bearish,350.0,750.0,0,10:30,LONG,False,1,2022-06-22 13:46:00+00:00,2022-06-22 13:47:00+00:00,2022-06-22 14:25:00+00:00,TP_2R,LONG,672.52,0.0,0.0,672.52,672.52,1,2,11527.0,11446.5,80.5
p0_st5_20_bearish_sr350_lr750_buf0_tg1030,"P0 st5_20_bearish, short $350, switch long $750, buffer 0, guard 10:30",NASDAQ_ORB_15m_p0_short_switch_tp2r_p0_st5_20_bearish_sr350_lr750_buf0_tg1030_2022-06-23,2022-06-23,15,2.0,2.0,st5_20_bearish,350.0,750.0,0,10:30,SHORT,True,2,2022-06-23 13:53:00+00:00,2022-06-23 13:54:00+00:00,2022-06-23 19:00:00+00:00,SWITCH_TO_LONG+TIME_EXIT,SHORT,-182.48,-332.24,-182.48,-514.72,-514.72,0,3,11683.75,11560.75,123.0
p0_st5_20_bearish_sr350_lr750_buf0_tg1030,"P0 st5_20_bearish, short $350, switch long $750, buffer 0, guard 10:30",NASDAQ_ORB_15m_p0_short_switch_tp2r_p0_st5_20_bearish_sr350_lr750_buf0_tg1030_2022-06-24,2022-06-24,15,2.0,2.0,st5_20_bearish,350.0,750.0,0,10:30,LONG,False,1,2022-06-24 13:46:00+00:00,2022-06-24 13:47:00+00:00,2022-06-24 19:00:00+00:00,TIME_EXIT,LONG,367.52,0.0,0.0,367.52,367.52,1,2,11959.5,11838.5,121.0
p0_st5_20_bearish_sr350_lr750_buf0_tg1030,"P0 st5_20_bearish, short $350, switch long $750, buffer 0, guard 10:30",NASDAQ_ORB_15m_p0_short_switch_tp2r_p0_st5_20_bearish_sr350_lr750_buf0_tg1030_2022-06-27,2022-06-27,15,2.0,2.0,st5_20_bearish,350.0,750.0,0,10:30,SHORT,False,1,2022-06-27 13:47:00+00:00,2022-06-27 13:48:00+00:00,2022-06-27 19:00:00+00:00,TIME_EXIT,SHORT,0.0,-14.24,0.0,-14.24,-14.24,0,1,12213.5,12047.75,165.75
p0_st5_20_bearish_sr350_lr750_buf0_tg1030,"P0 st5_20_bearish, short $350, switch long $750, buffer 0, guard 10:30",NASDAQ_ORB_15m_p0_short_switch_tp2r_p0_st5_20_bearish_sr350_lr750_buf0_tg1030_2022-06-28,2022-06-28,15,2.0,2.0,st5_20_bearish,350.0,750.0,0,10:30,SHORT,False,1,2022-06-28 14:07:00+00:00,2022-06-28 14:08:00+00:00,2022-06-28 17:14:00+00:00,TP_2R,SHORT,0.0,563.26,0.0,563.26,563.26,1,1,12174.25,12047.25,127.0
p0_st5_20_bearish_sr350_lr750_buf0_tg1030,"P0 st5_20_bearish, short $350, switch long $750, buffer 0, guard 10:30",NASDAQ_ORB_15m_p0_short_switch_tp2r_p0_st5_20_bearish_sr350_lr750_buf0_tg1030_2022-06-29,2022-06-29,15,2.0,2.0,st5_20_bearish,350.0,750.0,0,10:30,LONG,False,1,2022-06-29 13:52:00+00:00,2022-06-29 13:53:00+00:00,2022-06-29 19:00:00+00:00,TIME_EXIT,LONG,-154.48,0.0,0.0,-154.48,-154.48,0,2,11690.5,11573.5,117.0
p0_st5_20_bearish_sr350_lr750_buf0_tg1030,"P0 st5_20_bearish, short $350, switch long $750, buffer 0, guard 10:30",NASDAQ_ORB_15m_p0_short_switch_tp2r_p0_st5_20_bearish_sr350_lr750_buf0_tg1030_2022-07-01,2022-07-01,15,2.0,2.0,st5_20_bearish,350.0,750.0,0,10:30,LONG,False,1,2022-07-01 13:47:00+00:00,2022-07-01 13:48:00+00:00,2022-07-01 19:00:00+00:00,TIME_EXIT,LONG,70.26,0.0,0.0,70.26,70.26,1,1,11535.5,11417.25,118.25
p0_st5_20_bearish_sr350_lr750_buf0_tg1030,"P0 st5_20_bearish, short $350, switch long $750, buffer 0, guard 10:30",NASDAQ_ORB_15m_p0_short_switch_tp2r_p0_st5_20_bearish_sr350_lr750_buf0_tg1030_2022-07-04,2022-07-04,15,2.0,2.0,st5_20_bearish,350.0,750.0,0,10:30,SHORT,False,1,2022-07-04 14:10:00+00:00,2022-07-04 14:11:00+00:00,2022-07-04 22:02:00+00:00,TIME_EXIT,SHORT,0.0,-491.2,0.0,-491.2,-491.2,0,5,11571.0,11544.25,26.75
p0_st5_20_bearish_sr350_lr750_buf0_tg1030,"P0 st5_20_bearish, short $350, switch long $750, buffer 0, guard 10:30",NASDAQ_ORB_15m_p0_short_switch_tp2r_p0_st5_20_bearish_sr350_lr750_buf0_tg1030_2022-07-05,2022-07-05,15,2.0,2.0,st5_20_bearish,350.0,750.0,0,10:30,LONG,False,1,2022-07-05 13:49:00+00:00,2022-07-05 13:50:00+00:00,2022-07-05 16:25:00+00:00,TP_2R,LONG,990.78,0.0,0.0,990.78,990.78,1,3,11466.0,11388.75,77.25
p0_st5_20_bearish_sr350_lr750_buf0_tg1030,"P0 st5_20_bearish, short $350, switch long $750, buffer 0, guard 10:30",NASDAQ_ORB_15m_p0_short_switch_tp2r_p0_st5_20_bearish_sr350_lr750_buf0_tg1030_2022-07-06,2022-07-06,15,2.0,2.0,st5_20_bearish,350.0,750.0,0,10:30,LONG,False,1,2022-07-06 18:07:00+00:00,2022-07-06 18:08:00+00:00,2022-07-06 19:00:00+00:00,TIME_EXIT,LONG,203.52,0.0,0.0,203.52,203.52,1,2,11883.75,11766.5,117.25
p0_st5_20_bearish_sr350_lr750_buf0_tg1030,"P0 st5_20_bearish, short $350, switch long $750, buffer 0, guard 10:30",NASDAQ_ORB_15m_p0_short_switch_tp2r_p0_st5_20_bearish_sr350_lr750_buf0_tg1030_2022-07-07,2022-07-07,15,2.0,2.0,st5_20_bearish,350.0,750.0,0,10:30,LONG,False,1,2022-07-07 13:49:00+00:00,2022-07-07 13:50:00+00:00,2022-07-07 19:00:00+00:00,TIME_EXIT,LONG,434.52,0.0,0.0,434.52,434.52,1,2,12023.0,11918.25,104.75
p0_st5_20_bearish_sr350_lr750_buf0_tg1030,"P0 st5_20_bearish, short $350, switch long $750, buffer 0, guard 10:30",NASDAQ_ORB_15m_p0_short_switch_tp2r_p0_st5_20_bearish_sr350_lr750_buf0_tg1030_2022-07-08,2022-07-08,15,2.0,2.0,st5_20_bearish,350.0,750.0,0,10:30,LONG,False,1,2022-07-08 14:26:00+00:00,2022-07-08 14:27:00+00:00,2022-07-08 19:00:00+00:00,TIME_EXIT,LONG,339.52,0.0,0.0,339.52,339.52,1,2,12090.75,11987.75,103.0
p0_st5_20_bearish_sr350_lr750_buf0_tg1030,"P0 st5_20_bearish, short $350, switch long $750, buffer 0, guard 10:30",NASDAQ_ORB_15m_p0_short_switch_tp2r_p0_st5_20_bearish_sr350_lr750_buf0_tg1030_2022-07-12,2022-07-12,15,2.0,2.0,st5_20_bearish,350.0,750.0,0,10:30,SHORT,False,1,2022-07-12 14:00:00+00:00,2022-07-12 14:01:00+00:00,2022-07-12 19:00:00+00:00,TIME_EXIT,SHORT,0.0,52.26,0.0,52.26,52.26,1,1,12025.5,11928.5,97.0
p0_st5_20_bearish_sr350_lr750_buf0_tg1030,"P0 st5_20_bearish, short $350, switch long $750, buffer 0, guard 10:30",NASDAQ_ORB_15m_p0_short_switch_tp2r_p0_st5_20_bearish_sr350_lr750_buf0_tg1030_2022-07-13,2022-07-13,15,2.0,2.0,st5_20_bearish,350.0,750.0,0,10:30,LONG,False,1,2022-07-13 13:49:00+00:00,2022-07-13 13:50:00+00:00,2022-07-13 19:00:00+00:00,TIME_EXIT,LONG,316.26,0.0,0.0,316.26,316.26,1,1,11660.5,11522.5,138.0
p0_st5_20_bearish_sr350_lr750_buf0_tg1030,"P0 st5_20_bearish, short $350, switch long $750, buffer 0, guard 10:30",NASDAQ_ORB_15m_p0_short_switch_tp2r_p0_st5_20_bearish_sr350_lr750_buf0_tg1030_2022-07-14,2022-07-14,15,2.0,2.0,st5_20_bearish,350.0,750.0,0,10:30,SHORT,True,2,2022-07-14 14:02:00+00:00,2022-07-14 14:03:00+00:00,2022-07-14 19:00:00+00:00,SWITCH_TO_LONG+TIME_EXIT,SHORT,470.52,-308.24,470.52,162.27999999999997,162.27999999999997,1,3,11684.25,11547.75,136.5
p0_st5_20_bearish_sr350_lr750_buf0_tg1030,"P0 st5_20_bearish, short $350, switch long $750, buffer 0, guard 10:30",NASDAQ_ORB_15m_p0_short_switch_tp2r_p0_st5_20_bearish_sr350_lr750_buf0_tg1030_2022-07-15,2022-07-15,15,2.0,2.0,st5_20_bearish,350.0,750.0,0,10:30,LONG,False,1,2022-07-15 15:12:00+00:00,2022-07-15 15:13:00+00:00,2022-07-15 19:00:00+00:00,TIME_EXIT,LONG,-30.72,0.0,0.0,-30.72,-30.72,0,3,11985.0,11915.25,69.75
p0_st5_20_bearish_sr350_lr750_buf0_tg1030,"P0 st5_20_bearish, short $350, switch long $750, buffer 0, guard 10:30",NASDAQ_ORB_15m_p0_short_switch_tp2r_p0_st5_20_bearish_sr350_lr750_buf0_tg1030_2022-07-18,2022-07-18,15,2.0,2.0,st5_20_bearish,350.0,750.0,0,10:30,LONG,False,1,2022-07-18 13:47:00+00:00,2022-07-18 13:48:00+00:00,2022-07-18 19:00:00+00:00,TIME_EXIT,LONG,-1419.72,0.0,0.0,-1419.72,-1419.72,0,3,12158.0,12090.0,68.0
p0_st5_20_bearish_sr350_lr750_buf0_tg1030,"P0 st5_20_bearish, short $350, switch long $750, buffer 0, guard 10:30",NASDAQ_ORB_15m_p0_short_switch_tp2r_p0_st5_20_bearish_sr350_lr750_buf0_tg1030_2022-07-19,2022-07-19,15,2.0,2.0,st5_20_bearish,350.0,750.0,0,10:30,LONG,False,1,2022-07-19 14:28:00+00:00,2022-07-19 14:29:00+00:00,2022-07-19 17:49:00+00:00,TP_2R,LONG,984.78,0.0,0.0,984.78,984.78,1,3,12080.75,12000.5,80.25
p0_st5_20_bearish_sr350_lr750_buf0_tg1030,"P0 st5_20_bearish, short $350, switch long $750, buffer 0, guard 10:30",NASDAQ_ORB_15m_p0_short_switch_tp2r_p0_st5_20_bearish_sr350_lr750_buf0_tg1030_2022-07-20,2022-07-20,15,2.0,2.0,st5_20_bearish,350.0,750.0,0,10:30,LONG,False,1,2022-07-20 13:46:00+00:00,2022-07-20 13:47:00+00:00,2022-07-20 15:36:00+00:00,TP_2R,LONG,927.78,0.0,0.0,927.78,927.78,1,3,12332.75,12256.0,76.75
p0_st5_20_bearish_sr350_lr750_buf0_tg1030,"P0 st5_20_bearish, short $350, switch long $750, buffer 0, guard 10:30",NASDAQ_ORB_15m_p0_short_switch_tp2r_p0_st5_20_bearish_sr350_lr750_buf0_tg1030_2022-07-21,2022-07-21,15,2.0,2.0,st5_20_bearish,350.0,750.0,0,10:30,LONG,False,1,2022-07-21 14:01:00+00:00,2022-07-21 14:02:00+00:00,2022-07-21 19:00:00+00:00,TIME_EXIT,LONG,124.26,0.0,0.0,124.26,124.26,1,1,12513.25,12410.75,102.5
p0_st5_20_bearish_sr350_lr750_buf0_tg1030,"P0 st5_20_bearish, short $350, switch long $750, buffer 0, guard 10:30",NASDAQ_ORB_15m_p0_short_switch_tp2r_p0_st5_20_bearish_sr350_lr750_buf0_tg1030_2022-07-22,2022-07-22,15,2.0,2.0,st5_20_bearish,350.0,750.0,0,10:30,LONG,False,1,2022-07-22 13:50:00+00:00,2022-07-22 13:51:00+00:00,2022-07-22 19:00:00+00:00,TIME_EXIT,LONG,-1089.48,0.0,0.0,-1089.48,-1089.48,0,2,12649.0,12565.75,83.25
p0_st5_20_bearish_sr350_lr750_buf0_tg1030,"P0 st5_20_bearish, short $350, switch long $750, buffer 0, guard 10:30",NASDAQ_ORB_15m_p0_short_switch_tp2r_p0_st5_20_bearish_sr350_lr750_buf0_tg1030_2022-07-25,2022-07-25,15,2.0,2.0,st5_20_bearish,350.0,750.0,0,10:30,SHORT,False,1,2022-07-25 14:07:00+00:00,2022-07-25 14:08:00+00:00,2022-07-25 19:00:00+00:00,TIME_EXIT,SHORT,0.0,116.26,0.0,116.26,116.26,1,1,12444.25,12357.0,87.25
p0_st5_20_bearish_sr350_lr750_buf0_tg1030,"P0 st5_20_bearish, short $350, switch long $750, buffer 0, guard 10:30",NASDAQ_ORB_15m_p0_short_switch_tp2r_p0_st5_20_bearish_sr350_lr750_buf0_tg1030_2022-07-26,2022-07-26,15,2.0,2.0,st5_20_bearish,350.0,750.0,0,10:30,SHORT,False,1,2022-07-26 13:46:00+00:00,2022-07-26 13:47:00+00:00,2022-07-26 19:00:00+00:00,TIME_EXIT,SHORT,0.0,409.52,0.0,409.52,409.52,1,2,12291.25,12216.5,74.75
p0_st5_20_bearish_sr350_lr750_buf0_tg1030,"P0 st5_20_bearish, short $350, switch long $750, buffer 0, guard 10:30",NASDAQ_ORB_15m_p0_short_switch_tp2r_p0_st5_20_bearish_sr350_lr750_buf0_tg1030_2022-07-27,2022-07-27,15,2.0,2.0,st5_20_bearish,350.0,750.0,0,10:30,LONG,False,1,2022-07-27 13:46:00+00:00,2022-07-27 13:47:00+00:00,2022-07-27 18:45:00+00:00,TP_2R,LONG,796.52,0.0,0.0,796.52,796.52,1,2,12375.0,12276.25,98.75
p0_st5_20_bearish_sr350_lr750_buf0_tg1030,"P0 st5_20_bearish, short $350, switch long $750, buffer 0, guard 10:30",NASDAQ_ORB_15m_p0_short_switch_tp2r_p0_st5_20_bearish_sr350_lr750_buf0_tg1030_2022-07-28,2022-07-28,15,2.0,2.0,st5_20_bearish,350.0,750.0,0,10:30,SHORT,True,2,2022-07-28 13:46:00+00:00,2022-07-28 13:47:00+00:00,2022-07-28 19:00:00+00:00,SWITCH_TO_LONG+TIME_EXIT,SHORT,299.52,-333.24,299.52,-33.72000000000003,-33.72000000000003,0,3,12654.25,12514.75,139.5
p0_st5_20_bearish_sr350_lr750_buf0_tg1030,"P0 st5_20_bearish, short $350, switch long $750, buffer 0, guard 10:30",NASDAQ_ORB_15m_p0_short_switch_tp2r_p0_st5_20_bearish_sr350_lr750_buf0_tg1030_2022-07-29,2022-07-29,15,2.0,2.0,st5_20_bearish,350.0,750.0,0,10:30,LONG,False,1,2022-07-29 13:49:00+00:00,2022-07-29 13:50:00+00:00,2022-07-29 19:00:00+00:00,TIME_EXIT,LONG,362.52,0.0,0.0,362.52,362.52,1,2,12864.75,12744.25,120.5
p0_st5_20_bearish_sr350_lr750_buf0_tg1030,"P0 st5_20_bearish, short $350, switch long $750, buffer 0, guard 10:30",NASDAQ_ORB_15m_p0_short_switch_tp2r_p0_st5_20_bearish_sr350_lr750_buf0_tg1030_2022-08-01,2022-08-01,15,2.0,2.0,st5_20_bearish,350.0,750.0,0,10:30,LONG,False,1,2022-08-01 13:53:00+00:00,2022-08-01 13:54:00+00:00,2022-08-01 19:00:00+00:00,TIME_EXIT,LONG,-1.24,0.0,0.0,-1.24,-1.24,0,1,12963.75,12851.25,112.5
p0_st5_20_bearish_sr350_lr750_buf0_tg1030,"P0 st5_20_bearish, short $350, switch long $750, buffer 0, guard 10:30",NASDAQ_ORB_15m_p0_short_switch_tp2r_p0_st5_20_bearish_sr350_lr750_buf0_tg1030_2022-08-02,2022-08-02,15,2.0,2.0,st5_20_bearish,350.0,750.0,0,10:30,LONG,False,1,2022-08-02 13:47:00+00:00,2022-08-02 13:48:00+00:00,2022-08-02 19:00:00+00:00,TIME_EXIT,LONG,9.52,0.0,0.0,9.52,9.52,1,2,12943.0,12853.0,90.0
p0_st5_20_bearish_sr350_lr750_buf0_tg1030,"P0 st5_20_bearish, short $350, switch long $750, buffer 0, guard 10:30",NASDAQ_ORB_15m_p0_short_switch_tp2r_p0_st5_20_bearish_sr350_lr750_buf0_tg1030_2022-08-03,2022-08-03,15,2.0,2.0,st5_20_bearish,350.0,750.0,0,10:30,LONG,False,1,2022-08-03 13:55:00+00:00,2022-08-03 13:56:00+00:00,2022-08-03 19:00:00+00:00,TIME_EXIT,LONG,707.52,0.0,0.0,707.52,707.52,1,2,13090.0,12989.25,100.75
p0_st5_20_bearish_sr350_lr750_buf0_tg1030,"P0 st5_20_bearish, short $350, switch long $750, buffer 0, guard 10:30",NASDAQ_ORB_15m_p0_short_switch_tp2r_p0_st5_20_bearish_sr350_lr750_buf0_tg1030_2022-08-04,2022-08-04,15,2.0,2.0,st5_20_bearish,350.0,750.0,0,10:30,LONG,False,1,2022-08-04 13:47:00+00:00,2022-08-04 13:48:00+00:00,2022-08-04 19:00:00+00:00,TIME_EXIT,LONG,-79.48,0.0,0.0,-79.48,-79.48,0,2,13328.5,13245.0,83.5
p0_st5_20_bearish_sr350_lr750_buf0_tg1030,"P0 st5_20_bearish, short $350, switch long $750, buffer 0, guard 10:30",NASDAQ_ORB_15m_p0_short_switch_tp2r_p0_st5_20_bearish_sr350_lr750_buf0_tg1030_2022-08-05,2022-08-05,15,2.0,2.0,st5_20_bearish,350.0,750.0,0,10:30,LONG,False,1,2022-08-05 14:03:00+00:00,2022-08-05 14:04:00+00:00,2022-08-05 19:00:00+00:00,TIME_EXIT,LONG,-234.48,0.0,0.0,-234.48,-234.48,0,2,13211.25,13114.25,97.0
p0_st5_20_bearish_sr350_lr750_buf0_tg1030,"P0 st5_20_bearish, short $350, switch long $750, buffer 0, guard 10:30",NASDAQ_ORB_15m_p0_short_switch_tp2r_p0_st5_20_bearish_sr350_lr750_buf0_tg1030_2022-08-08,2022-08-08,15,2.0,2.0,st5_20_bearish,350.0,750.0,0,10:30,LONG,False,1,2022-08-08 13:51:00+00:00,2022-08-08 13:52:00+00:00,2022-08-08 19:00:00+00:00,TIME_EXIT,LONG,-499.24,0.0,0.0,-499.24,-499.24,0,1,13376.0,13231.75,144.25
p0_st5_20_bearish_sr350_lr750_buf0_tg1030,"P0 st5_20_bearish, short $350, switch long $750, buffer 0, guard 10:30",NASDAQ_ORB_15m_p0_short_switch_tp2r_p0_st5_20_bearish_sr350_lr750_buf0_tg1030_2022-08-09,2022-08-09,15,2.0,2.0,st5_20_bearish,350.0,750.0,0,10:30,SHORT,False,1,2022-08-09 13:54:00+00:00,2022-08-09 13:55:00+00:00,2022-08-09 19:00:00+00:00,TIME_EXIT,SHORT,0.0,-16.74,0.0,-16.74,-16.74,0,1,13112.25,13037.0,75.25
p0_st5_20_bearish_sr350_lr750_buf0_tg1030,"P0 st5_20_bearish, short $350, switch long $750, buffer 0, guard 10:30",NASDAQ_ORB_15m_p0_short_switch_tp2r_p0_st5_20_bearish_sr350_lr750_buf0_tg1030_2022-08-10,2022-08-10,15,2.0,2.0,st5_20_bearish,350.0,750.0,0,10:30,LONG,False,1,2022-08-10 15:03:00+00:00,2022-08-10 15:04:00+00:00,2022-08-10 19:00:00+00:00,TIME_EXIT,LONG,-82.48,0.0,0.0,-82.48,-82.48,0,2,13355.0,13268.25,86.75
p0_st5_20_bearish_sr350_lr750_buf0_tg1030,"P0 st5_20_bearish, short $350, switch long $750, buffer 0, guard 10:30",NASDAQ_ORB_15m_p0_short_switch_tp2r_p0_st5_20_bearish_sr350_lr750_buf0_tg1030_2022-08-11,2022-08-11,15,2.0,2.0,st5_20_bearish,350.0,750.0,0,10:30,LONG,False,1,2022-08-11 14:01:00+00:00,2022-08-11 14:02:00+00:00,2022-08-11 19:00:00+00:00,TIME_EXIT,LONG,-1200.72,0.0,0.0,-1200.72,-1200.72,0,3,13513.5,13456.0,57.5
p0_st5_20_bearish_sr350_lr750_buf0_tg1030,"P0 st5_20_bearish, short $350, switch long $750, buffer 0, guard 10:30",NASDAQ_ORB_15m_p0_short_switch_tp2r_p0_st5_20_bearish_sr350_lr750_buf0_tg1030_2022-08-12,2022-08-12,15,2.0,2.0,st5_20_bearish,350.0,750.0,0,10:30,LONG,False,1,2022-08-12 14:11:00+00:00,2022-08-12 14:12:00+00:00,2022-08-12 19:00:00+00:00,TIME_EXIT,LONG,392.52,0.0,0.0,392.52,392.52,1,2,13432.25,13359.0,73.25
p0_st5_20_bearish_sr350_lr750_buf0_tg1030,"P0 st5_20_bearish, short $350, switch long $750, buffer 0, guard 10:30",NASDAQ_ORB_15m_p0_short_switch_tp2r_p0_st5_20_bearish_sr350_lr750_buf0_tg1030_2022-08-15,2022-08-15,15,2.0,2.0,st5_20_bearish,350.0,750.0,0,10:30,LONG,False,1,2022-08-15 13:55:00+00:00,2022-08-15 13:56:00+00:00,2022-08-15 19:00:00+00:00,TIME_EXIT,LONG,375.78000000000003,0.0,0.0,375.78000000000003,375.78000000000003,1,3,13606.5,13534.75,71.75
p0_st5_20_bearish_sr350_lr750_buf0_tg1030,"P0 st5_20_bearish, short $350, switch long $750, buffer 0, guard 10:30",NASDAQ_ORB_15m_p0_short_switch_tp2r_p0_st5_20_bearish_sr350_lr750_buf0_tg1030_2022-08-16,2022-08-16,15,2.0,2.0,st5_20_bearish,350.0,750.0,0,10:30,SHORT,True,2,2022-08-16 13:50:00+00:00,2022-08-16 13:51:00+00:00,2022-08-16 19:00:00+00:00,SWITCH_TO_LONG+TIME_EXIT,SHORT,-505.43999999999994,-257.48,-505.43999999999994,-762.92,-762.92,0,8,13659.75,13608.0,51.75
p0_st5_20_bearish_sr350_lr750_buf0_tg1030,"P0 st5_20_bearish, short $350, switch long $750, buffer 0, guard 10:30",NASDAQ_ORB_15m_p0_short_switch_tp2r_p0_st5_20_bearish_sr350_lr750_buf0_tg1030_2022-08-17,2022-08-17,15,2.0,2.0,st5_20_bearish,350.0,750.0,0,10:30,SHORT,True,2,2022-08-17 14:15:00+00:00,2022-08-17 14:16:00+00:00,2022-08-17 19:00:00+00:00,SWITCH_TO_LONG+TIME_EXIT,SHORT,-212.21999999999997,-392.48,-212.21999999999997,-604.7,-604.7,0,5,13566.25,13484.5,81.75
p0_st5_20_bearish_sr350_lr750_buf0_tg1030,"P0 st5_20_bearish, short $350, switch long $750, buffer 0, guard 10:30",NASDAQ_ORB_15m_p0_short_switch_tp2r_p0_st5_20_bearish_sr350_lr750_buf0_tg1030_2022-08-18,2022-08-18,15,2.0,2.0,st5_20_bearish,350.0,750.0,0,10:30,SHORT,True,2,2022-08-18 14:01:00+00:00,2022-08-18 14:02:00+00:00,2022-08-18 19:00:00+00:00,SWITCH_TO_LONG+TIME_EXIT,SHORT,205.04,-346.48,205.04,-141.44000000000003,-141.44000000000003,0,6,13498.0,13436.0,62.0
p0_st5_20_bearish_sr350_lr750_buf0_tg1030,"P0 st5_20_bearish, short $350, switch long $750, buffer 0, guard 10:30",NASDAQ_ORB_15m_p0_short_switch_tp2r_p0_st5_20_bearish_sr350_lr750_buf0_tg1030_2022-08-19,2022-08-19,15,2.0,2.0,st5_20_bearish,350.0,750.0,0,10:30,SHORT,False,1,2022-08-19 13:47:00+00:00,2022-08-19 13:48:00+00:00,2022-08-19 19:00:00+00:00,TIME_EXIT,SHORT,0.0,164.26,0.0,164.26,164.26,1,1,13425.25,13340.75,84.5
p0_st5_20_bearish_sr350_lr750_buf0_tg1030,"P0 st5_20_bearish, short $350, switch long $750, buffer 0, guard 10:30",NASDAQ_ORB_15m_p0_short_switch_tp2r_p0_st5_20_bearish_sr350_lr750_buf0_tg1030_2022-08-22,2022-08-22,15,2.0,2.0,st5_20_bearish,350.0,750.0,0,10:30,SHORT,False,1,2022-08-22 13:50:00+00:00,2022-08-22 13:51:00+00:00,2022-08-22 19:00:00+00:00,TIME_EXIT,SHORT,0.0,449.52,0.0,449.52,449.52,1,2,13092.0,13021.5,70.5
p0_st5_20_bearish_sr350_lr750_buf0_tg1030,"P0 st5_20_bearish, short $350, switch long $750, buffer 0, guard 10:30",NASDAQ_ORB_15m_p0_short_switch_tp2r_p0_st5_20_bearish_sr350_lr750_buf0_tg1030_2022-08-23,2022-08-23,15,2.0,2.0,st5_20_bearish,350.0,750.0,0,10:30,LONG,False,1,2022-08-23 13:51:00+00:00,2022-08-23 13:52:00+00:00,2022-08-23 19:00:00+00:00,TIME_EXIT,LONG,-162.48,0.0,0.0,-162.48,-162.48,0,2,12952.0,12866.0,86.0
p0_st5_20_bearish_sr350_lr750_buf0_tg1030,"P0 st5_20_bearish, short $350, switch long $750, buffer 0, guard 10:30",NASDAQ_ORB_15m_p0_short_switch_tp2r_p0_st5_20_bearish_sr350_lr750_buf0_tg1030_2022-08-24,2022-08-24,15,2.0,2.0,st5_20_bearish,350.0,750.0,0,10:30,LONG,False,1,2022-08-24 13:52:00+00:00,2022-08-24 13:53:00+00:00,2022-08-24 19:00:00+00:00,TIME_EXIT,LONG,197.04,0.0,0.0,197.04,197.04,1,4,12907.0,12852.25,54.75
p0_st5_20_bearish_sr350_lr750_buf0_tg1030,"P0 st5_20_bearish, short $350, switch long $750, buffer 0, guard 10:30",NASDAQ_ORB_15m_p0_short_switch_tp2r_p0_st5_20_bearish_sr350_lr750_buf0_tg1030_2022-08-25,2022-08-25,15,2.0,2.0,st5_20_bearish,350.0,750.0,0,10:30,SHORT,True,2,2022-08-25 13:51:00+00:00,2022-08-25 13:52:00+00:00,2022-08-25 14:42:00+00:00,SWITCH_TO_LONG+TP_2R,SHORT,1366.82,-314.21999999999997,1366.82,1052.6,1052.6,1,10,13014.25,12966.5,47.75
p0_st5_20_bearish_sr350_lr750_buf0_tg1030,"P0 st5_20_bearish, short $350, switch long $750, buffer 0, guard 10:30",NASDAQ_ORB_15m_p0_short_switch_tp2r_p0_st5_20_bearish_sr350_lr750_buf0_tg1030_2022-08-26,2022-08-26,15,2.0,2.0,st5_20_bearish,350.0,750.0,0,10:30,SHORT,False,1,2022-08-26 13:50:00+00:00,2022-08-26 13:51:00+00:00,2022-08-26 14:03:00+00:00,TP_2R,SHORT,0.0,582.78,0.0,582.78,582.78,1,3,13161.25,13116.25,45.0
p0_st5_20_bearish_sr350_lr750_buf0_tg1030,"P0 st5_20_bearish, short $350, switch long $750, buffer 0, guard 10:30",NASDAQ_ORB_15m_p0_short_switch_tp2r_p0_st5_20_bearish_sr350_lr750_buf0_tg1030_2022-08-30,2022-08-30,15,2.0,2.0,st5_20_bearish,350.0,750.0,0,10:30,SHORT,False,1,2022-08-30 13:47:00+00:00,2022-08-30 13:48:00+00:00,2022-08-30 14:48:00+00:00,TP_2R,SHORT,0.0,414.26,0.0,414.26,414.26,1,1,12587.25,12500.75,86.5
p0_st5_20_bearish_sr350_lr750_buf0_tg1030,"P0 st5_20_bearish, short $350, switch long $750, buffer 0, guard 10:30",NASDAQ_ORB_15m_p0_short_switch_tp2r_p0_st5_20_bearish_sr350_lr750_buf0_tg1030_2022-08-31,2022-08-31,15,2.0,2.0,st5_20_bearish,350.0,750.0,0,10:30,LONG,False,1,2022-08-31 13:48:00+00:00,2022-08-31 13:49:00+00:00,2022-08-31 19:00:00+00:00,TIME_EXIT,LONG,-787.48,0.0,0.0,-787.48,-787.48,0,2,12491.75,12390.5,101.25
p0_st5_20_bearish_sr350_lr750_buf0_tg1030,"P0 st5_20_bearish, short $350, switch long $750, buffer 0, guard 10:30",NASDAQ_ORB_15m_p0_short_switch_tp2r_p0_st5_20_bearish_sr350_lr750_buf0_tg1030_2022-09-01,2022-09-01,15,2.0,2.0,st5_20_bearish,350.0,750.0,0,10:30,SHORT,False,1,2022-09-01 14:03:00+00:00,2022-09-01 14:04:00+00:00,2022-09-01 19:00:00+00:00,TIME_EXIT,SHORT,0.0,-139.74,0.0,-139.74,-139.74,0,1,12224.0,12140.25,83.75
p0_st5_20_bearish_sr350_lr750_buf0_tg1030,"P0 st5_20_bearish, short $350, switch long $750, buffer 0, guard 10:30",NASDAQ_ORB_15m_p0_short_switch_tp2r_p0_st5_20_bearish_sr350_lr750_buf0_tg1030_2022-09-02,2022-09-02,15,2.0,2.0,st5_20_bearish,350.0,750.0,0,10:30,SHORT,True,2,2022-09-02 14:01:00+00:00,2022-09-02 14:02:00+00:00,2022-09-02 19:00:00+00:00,SWITCH_TO_LONG+TIME_EXIT,SHORT,-1252.48,-259.74,-1252.48,-1512.22,-1512.22,0,3,12415.5,12291.25,124.25
p0_st5_20_bearish_sr350_lr750_buf0_tg1030,"P0 st5_20_bearish, short $350, switch long $750, buffer 0, guard 10:30",NASDAQ_ORB_15m_p0_short_switch_tp2r_p0_st5_20_bearish_sr350_lr750_buf0_tg1030_2022-09-05,2022-09-05,15,2.0,2.0,st5_20_bearish,350.0,750.0,0,10:30,LONG,False,1,2022-09-05 14:11:00+00:00,2022-09-05 14:12:00+00:00,2022-09-05 22:02:00+00:00,TIME_EXIT,LONG,-231.20000000000002,0.0,0.0,-231.20000000000002,-231.20000000000002,0,5,12144.0,12104.75,39.25
p0_st5_20_bearish_sr350_lr750_buf0_tg1030,"P0 st5_20_bearish, short $350, switch long $750, buffer 0, guard 10:30",NASDAQ_ORB_15m_p0_short_switch_tp2r_p0_st5_20_bearish_sr350_lr750_buf0_tg1030_2022-09-06,2022-09-06,15,2.0,2.0,st5_20_bearish,350.0,750.0,0,10:30,SHORT,False,1,2022-09-06 13:48:00+00:00,2022-09-06 13:49:00+00:00,2022-09-06 19:00:00+00:00,TIME_EXIT,SHORT,0.0,94.26,0.0,94.26,94.26,1,1,12169.0,12076.75,92.25
p0_st5_20_bearish_sr350_lr750_buf0_tg1030,"P0 st5_20_bearish, short $350, switch long $750, buffer 0, guard 10:30",NASDAQ_ORB_15m_p0_short_switch_tp2r_p0_st5_20_bearish_sr350_lr750_buf0_tg1030_2022-09-07,2022-09-07,15,2.0,2.0,st5_20_bearish,350.0,750.0,0,10:30,LONG,False,1,2022-09-07 13:49:00+00:00,2022-09-07 13:50:00+00:00,2022-09-07 19:00:00+00:00,TIME_EXIT,LONG,577.52,0.0,0.0,577.52,577.52,1,2,12125.5,12035.75,89.75
p0_st5_20_bearish_sr350_lr750_buf0_tg1030,"P0 st5_20_bearish, short $350, switch long $750, buffer 0, guard 10:30",NASDAQ_ORB_15m_p0_short_switch_tp2r_p0_st5_20_bearish_sr350_lr750_buf0_tg1030_2022-09-08,2022-09-08,15,2.0,2.0,st5_20_bearish,350.0,750.0,0,10:30,LONG,False,1,2022-09-08 13:52:00+00:00,2022-09-08 13:53:00+00:00,2022-09-08 19:00:00+00:00,TIME_EXIT,LONG,60.52,0.0,0.0,60.52,60.52,1,2,12223.0,12117.0,106.0
p0_st5_20_bearish_sr350_lr750_buf0_tg1030,"P0 st5_20_bearish, short $350, switch long $750, buffer 0, guard 10:30",NASDAQ_ORB_15m_p0_short_switch_tp2r_p0_st5_20_bearish_sr350_lr750_buf0_tg1030_2022-09-09,2022-09-09,15,2.0,2.0,st5_20_bearish,350.0,750.0,0,10:30,LONG,False,1,2022-09-09 13:49:00+00:00,2022-09-09 13:50:00+00:00,2022-09-09 19:00:00+00:00,TIME_EXIT,LONG,91.52,0.0,0.0,91.52,91.52,1,2,12549.0,12442.75,106.25
p0_st5_20_bearish_sr350_lr750_buf0_tg1030,"P0 st5_20_bearish, short $350, switch long $750, buffer 0, guard 10:30",NASDAQ_ORB_15m_p0_short_switch_tp2r_p0_st5_20_bearish_sr350_lr750_buf0_tg1030_2022-09-12,2022-09-12,15,2.0,2.0,st5_20_bearish,350.0,750.0,0,10:30,LONG,False,1,2022-09-12 13:53:00+00:00,2022-09-12 13:54:00+00:00,2022-09-12 19:00:00+00:00,TIME_EXIT,LONG,53.28,0.0,0.0,53.28,53.28,1,3,12779.25,12719.75,59.5
p0_st5_20_bearish_sr350_lr750_buf0_tg1030,"P0 st5_20_bearish, short $350, switch long $750, buffer 0, guard 10:30",NASDAQ_ORB_15m_p0_short_switch_tp2r_p0_st5_20_bearish_sr350_lr750_buf0_tg1030_2022-09-13,2022-09-13,15,2.0,2.0,st5_20_bearish,350.0,750.0,0,10:30,SHORT,False,1,2022-09-13 13:57:00+00:00,2022-09-13 13:58:00+00:00,2022-09-13 19:00:00+00:00,TIME_EXIT,SHORT,0.0,375.76,0.0,375.76,375.76,1,1,12508.25,12403.5,104.75
p0_st5_20_bearish_sr350_lr750_buf0_tg1030,"P0 st5_20_bearish, short $350, switch long $750, buffer 0, guard 10:30",NASDAQ_ORB_15m_p0_short_switch_tp2r_p0_st5_20_bearish_sr350_lr750_buf0_tg1030_2022-09-14,2022-09-14,15,2.0,2.0,st5_20_bearish,350.0,750.0,0,10:30,LONG,False,1,2022-09-14 13:46:00+00:00,2022-09-14 13:47:00+00:00,2022-09-14 19:00:00+00:00,TIME_EXIT,LONG,-235.48,0.0,0.0,-235.48,-235.48,0,2,12185.5,12098.25,87.25
p0_st5_20_bearish_sr350_lr750_buf0_tg1030,"P0 st5_20_bearish, short $350, switch long $750, buffer 0, guard 10:30",NASDAQ_ORB_15m_p0_short_switch_tp2r_p0_st5_20_bearish_sr350_lr750_buf0_tg1030_2022-09-15,2022-09-15,15,2.0,2.0,st5_20_bearish,350.0,750.0,0,10:30,LONG,False,1,2022-09-15 13:50:00+00:00,2022-09-15 13:51:00+00:00,2022-09-15 19:00:00+00:00,TIME_EXIT,LONG,-724.48,0.0,0.0,-724.48,-724.48,0,2,12178.75,12110.5,68.25
p0_st5_20_bearish_sr350_lr750_buf0_tg1030,"P0 st5_20_bearish, short $350, switch long $750, buffer 0, guard 10:30",NASDAQ_ORB_15m_p0_short_switch_tp2r_p0_st5_20_bearish_sr350_lr750_buf0_tg1030_2022-09-16,2022-09-16,15,2.0,2.0,st5_20_bearish,350.0,750.0,0,10:30,SHORT,True,2,2022-09-16 13:54:00+00:00,2022-09-16 13:55:00+00:00,2022-09-16 19:00:00+00:00,SWITCH_TO_LONG+TIME_EXIT,SHORT,57.04,-329.48,57.04,-272.44,-272.44,0,6,11871.5,11802.25,69.25
p0_st5_20_bearish_sr350_lr750_buf0_tg1030,"P0 st5_20_bearish, short $350, switch long $750, buffer 0, guard 10:30",NASDAQ_ORB_15m_p0_short_switch_tp2r_p0_st5_20_bearish_sr350_lr750_buf0_tg1030_2022-09-19,2022-09-19,15,2.0,2.0,st5_20_bearish,350.0,750.0,0,10:30,LONG,False,1,2022-09-19 13:46:00+00:00,2022-09-19 13:47:00+00:00,2022-09-19 19:00:00+00:00,TIME_EXIT,LONG,118.52,0.0,0.0,118.52,118.52,1,2,11905.25,11815.5,89.75
p0_st5_20_bearish_sr350_lr750_buf0_tg1030,"P0 st5_20_bearish, short $350, switch long $750, buffer 0, guard 10:30",NASDAQ_ORB_15m_p0_short_switch_tp2r_p0_st5_20_bearish_sr350_lr750_buf0_tg1030_2022-09-20,2022-09-20,15,2.0,2.0,st5_20_bearish,350.0,750.0,0,10:30,LONG,False,1,2022-09-20 14:51:00+00:00,2022-09-20 14:52:00+00:00,2022-09-20 19:00:00+00:00,TIME_EXIT,LONG,-336.96,0.0,0.0,-336.96,-336.96,0,4,11947.25,11886.5,60.75
p0_st5_20_bearish_sr350_lr750_buf0_tg1030,"P0 st5_20_bearish, short $350, switch long $750, buffer 0, guard 10:30",NASDAQ_ORB_15m_p0_short_switch_tp2r_p0_st5_20_bearish_sr350_lr750_buf0_tg1030_2022-09-21,2022-09-21,15,2.0,2.0,st5_20_bearish,350.0,750.0,0,10:30,LONG,False,1,2022-09-21 13:48:00+00:00,2022-09-21 13:49:00+00:00,2022-09-21 18:00:00+00:00,TP_2R,LONG,967.56,0.0,0.0,967.56,967.56,1,6,11977.0,11938.25,38.75
p0_st5_20_bearish_sr350_lr750_buf0_tg1030,"P0 st5_20_bearish, short $350, switch long $750, buffer 0, guard 10:30",NASDAQ_ORB_15m_p0_short_switch_tp2r_p0_st5_20_bearish_sr350_lr750_buf0_tg1030_2022-09-22,2022-09-22,15,2.0,2.0,st5_20_bearish,350.0,750.0,0,10:30,SHORT,False,1,2022-09-22 13:54:00+00:00,2022-09-22 13:55:00+00:00,2022-09-22 19:00:00+00:00,TIME_EXIT,SHORT,0.0,-3.74,0.0,-3.74,-3.74,0,1,11682.25,11583.75,98.5
p0_st5_20_bearish_sr350_lr750_buf0_tg1030,"P0 st5_20_bearish, short $350, switch long $750, buffer 0, guard 10:30",NASDAQ_ORB_15m_p0_short_switch_tp2r_p0_st5_20_bearish_sr350_lr750_buf0_tg1030_2022-09-23,2022-09-23,15,2.0,2.0,st5_20_bearish,350.0,750.0,0,10:30,SHORT,False,1,2022-09-23 13:51:00+00:00,2022-09-23 13:52:00+00:00,2022-09-23 19:00:00+00:00,TIME_EXIT,SHORT,0.0,267.76,0.0,267.76,267.76,1,1,11471.25,11384.5,86.75
p0_st5_20_bearish_sr350_lr750_buf0_tg1030,"P0 st5_20_bearish, short $350, switch long $750, buffer 0, guard 10:30",NASDAQ_ORB_15m_p0_short_switch_tp2r_p0_st5_20_bearish_sr350_lr750_buf0_tg1030_2022-09-26,2022-09-26,15,2.0,2.0,st5_20_bearish,350.0,750.0,0,10:30,LONG,False,1,2022-09-26 13:51:00+00:00,2022-09-26 13:52:00+00:00,2022-09-26 19:00:00+00:00,TIME_EXIT,LONG,-177.24,0.0,0.0,-177.24,-177.24,0,1,11461.5,11342.5,119.0
p0_st5_20_bearish_sr350_lr750_buf0_tg1030,"P0 st5_20_bearish, short $350, switch long $750, buffer 0, guard 10:30",NASDAQ_ORB_15m_p0_short_switch_tp2r_p0_st5_20_bearish_sr350_lr750_buf0_tg1030_2022-09-27,2022-09-27,15,2.0,2.0,st5_20_bearish,350.0,750.0,0,10:30,SHORT,False,1,2022-09-27 14:05:00+00:00,2022-09-27 14:06:00+00:00,2022-09-27 19:00:00+00:00,TIME_EXIT,SHORT,0.0,179.76,0.0,179.76,179.76,1,1,11568.0,11461.0,107.0
p0_st5_20_bearish_sr350_lr750_buf0_tg1030,"P0 st5_20_bearish, short $350, switch long $750, buffer 0, guard 10:30",NASDAQ_ORB_15m_p0_short_switch_tp2r_p0_st5_20_bearish_sr350_lr750_buf0_tg1030_2022-09-28,2022-09-28,15,2.0,2.0,st5_20_bearish,350.0,750.0,0,10:30,LONG,False,1,2022-09-28 13:52:00+00:00,2022-09-28 13:53:00+00:00,2022-09-28 16:19:00+00:00,TP_2R,LONG,957.78,0.0,0.0,957.78,957.78,1,3,11343.75,11266.0,77.75
p0_st5_20_bearish_sr350_lr750_buf0_tg1030,"P0 st5_20_bearish, short $350, switch long $750, buffer 0, guard 10:30",NASDAQ_ORB_15m_p0_short_switch_tp2r_p0_st5_20_bearish_sr350_lr750_buf0_tg1030_2022-09-29,2022-09-29,15,2.0,2.0,st5_20_bearish,350.0,750.0,0,10:30,SHORT,False,1,2022-09-29 13:48:00+00:00,2022-09-29 13:49:00+00:00,2022-09-29 19:00:00+00:00,TIME_EXIT,SHORT,0.0,310.26,0.0,310.26,310.26,1,1,11401.75,11263.75,138.0
p0_st5_20_bearish_sr350_lr750_buf0_tg1030,"P0 st5_20_bearish, short $350, switch long $750, buffer 0, guard 10:30",NASDAQ_ORB_15m_p0_short_switch_tp2r_p0_st5_20_bearish_sr350_lr750_buf0_tg1030_2022-09-30,2022-09-30,15,2.0,2.0,st5_20_bearish,350.0,750.0,0,10:30,LONG,False,1,2022-09-30 13:56:00+00:00,2022-09-30 13:57:00+00:00,2022-09-30 19:00:00+00:00,TIME_EXIT,LONG,-565.48,0.0,0.0,-565.48,-565.48,0,2,11245.5,11143.0,102.5
p0_st5_20_bearish_sr350_lr750_buf0_tg1030,"P0 st5_20_bearish, short $350, switch long $750, buffer 0, guard 10:30",NASDAQ_ORB_15m_p0_short_switch_tp2r_p0_st5_20_bearish_sr350_lr750_buf0_tg1030_2022-10-03,2022-10-03,15,2.0,2.0,st5_20_bearish,350.0,750.0,0,10:30,LONG,False,1,2022-10-03 14:01:00+00:00,2022-10-03 14:02:00+00:00,2022-10-03 18:29:00+00:00,TP_2R,LONG,756.52,0.0,0.0,756.52,756.52,1,2,11127.5,11040.0,87.5
p0_st5_20_bearish_sr350_lr750_buf0_tg1030,"P0 st5_20_bearish, short $350, switch long $750, buffer 0, guard 10:30",NASDAQ_ORB_15m_p0_short_switch_tp2r_p0_st5_20_bearish_sr350_lr750_buf0_tg1030_2022-10-04,2022-10-04,15,2.0,2.0,st5_20_bearish,350.0,750.0,0,10:30,LONG,False,1,2022-10-04 13:49:00+00:00,2022-10-04 13:50:00+00:00,2022-10-04 19:00:00+00:00,TIME_EXIT,LONG,323.28000000000003,0.0,0.0,323.28000000000003,323.28000000000003,1,3,11574.5,11514.25,60.25
p0_st5_20_bearish_sr350_lr750_buf0_tg1030,"P0 st5_20_bearish, short $350, switch long $750, buffer 0, guard 10:30",NASDAQ_ORB_15m_p0_short_switch_tp2r_p0_st5_20_bearish_sr350_lr750_buf0_tg1030_2022-10-05,2022-10-05,15,2.0,2.0,st5_20_bearish,350.0,750.0,0,10:30,SHORT,True,2,2022-10-05 14:01:00+00:00,2022-10-05 14:02:00+00:00,2022-10-05 19:00:00+00:00,SWITCH_TO_LONG+TIME_EXIT,SHORT,771.04,-367.48,771.04,403.55999999999995,403.55999999999995,1,6,11539.0,11464.25,74.75
p0_st5_20_bearish_sr350_lr750_buf0_tg1030,"P0 st5_20_bearish, short $350, switch long $750, buffer 0, guard 10:30",NASDAQ_ORB_15m_p0_short_switch_tp2r_p0_st5_20_bearish_sr350_lr750_buf0_tg1030_2022-10-06,2022-10-06,15,2.0,2.0,st5_20_bearish,350.0,750.0,0,10:30,SHORT,False,1,2022-10-06 14:05:00+00:00,2022-10-06 14:06:00+00:00,2022-10-06 19:00:00+00:00,TIME_EXIT,SHORT,0.0,46.76,0.0,46.76,46.76,1,1,11721.75,11589.25,132.5
p0_st5_20_bearish_sr350_lr750_buf0_tg1030,"P0 st5_20_bearish, short $350, switch long $750, buffer 0, guard 10:30",NASDAQ_ORB_15m_p0_short_switch_tp2r_p0_st5_20_bearish_sr350_lr750_buf0_tg1030_2022-10-07,2022-10-07,15,2.0,2.0,st5_20_bearish,350.0,750.0,0,10:30,SHORT,False,1,2022-10-07 13:50:00+00:00,2022-10-07 13:51:00+00:00,2022-10-07 19:00:00+00:00,TIME_EXIT,SHORT,0.0,299.76,0.0,299.76,299.76,1,1,11350.5,11265.75,84.75
p0_st5_20_bearish_sr350_lr750_buf0_tg1030,"P0 st5_20_bearish, short $350, switch long $750, buffer 0, guard 10:30",NASDAQ_ORB_15m_p0_short_switch_tp2r_p0_st5_20_bearish_sr350_lr750_buf0_tg1030_2022-10-10,2022-10-10,15,2.0,2.0,st5_20_bearish,350.0,750.0,0,10:30,SHORT,False,1,2022-10-10 13:54:00+00:00,2022-10-10 13:55:00+00:00,2022-10-10 19:00:00+00:00,TIME_EXIT,SHORT,0.0,12.26,0.0,12.26,12.26,1,1,11125.75,11021.0,104.75
p0_st5_20_bearish_sr350_lr750_buf0_tg1030,"P0 st5_20_bearish, short $350, switch long $750, buffer 0, guard 10:30",NASDAQ_ORB_15m_p0_short_switch_tp2r_p0_st5_20_bearish_sr350_lr750_buf0_tg1030_2022-10-11,2022-10-11,15,2.0,2.0,st5_20_bearish,350.0,750.0,0,10:30,SHORT,True,2,2022-10-11 13:48:00+00:00,2022-10-11 13:49:00+00:00,2022-10-11 19:00:00+00:00,SWITCH_TO_LONG+TIME_EXIT,SHORT,-1054.96,-363.48,-1054.96,-1418.44,-1418.44,0,6,10944.5,10859.5,85.0
p0_st5_20_bearish_sr350_lr750_buf0_tg1030,"P0 st5_20_bearish, short $350, switch long $750, buffer 0, guard 10:30",NASDAQ_ORB_15m_p0_short_switch_tp2r_p0_st5_20_bearish_sr350_lr750_buf0_tg1030_2022-10-13,2022-10-13,15,2.0,2.0,st5_20_bearish,350.0,750.0,0,10:30,LONG,False,1,2022-10-13 13:47:00+00:00,2022-10-13 13:48:00+00:00,2022-10-13 15:07:00+00:00,TP_2R,LONG,918.78,0.0,0.0,918.78,918.78,1,3,10554.25,10484.5,69.75
p0_st5_20_bearish_sr350_lr750_buf0_tg1030,"P0 st5_20_bearish, short $350, switch long $750, buffer 0, guard 10:30",NASDAQ_ORB_15m_p0_short_switch_tp2r_p0_st5_20_bearish_sr350_lr750_buf0_tg1030_2022-10-14,2022-10-14,15,2.0,2.0,st5_20_bearish,350.0,750.0,0,10:30,SHORT,False,1,2022-10-14 13:46:00+00:00,2022-10-14 13:47:00+00:00,2022-10-14 16:13:00+00:00,TP_2R,SHORT,0.0,553.26,0.0,553.26,553.26,1,1,11207.75,11099.25,108.5
p0_st5_20_bearish_sr350_lr750_buf0_tg1030,"P0 st5_20_bearish, short $350, switch long $750, buffer 0, guard 10:30",NASDAQ_ORB_15m_p0_short_switch_tp2r_p0_st5_20_bearish_sr350_lr750_buf0_tg1030_2022-10-17,2022-10-17,15,2.0,2.0,st5_20_bearish,350.0,750.0,0,10:30,LONG,False,1,2022-10-17 14:15:00+00:00,2022-10-17 14:16:00+00:00,2022-10-17 19:00:00+00:00,TIME_EXIT,LONG,-29.74,0.0,0.0,-29.74,-29.74,0,1,11114.25,10999.0,115.25
p0_st5_20_bearish_sr350_lr750_buf0_tg1030,"P0 st5_20_bearish, short $350, switch long $750, buffer 0, guard 10:30",NASDAQ_ORB_15m_p0_short_switch_tp2r_p0_st5_20_bearish_sr350_lr750_buf0_tg1030_2022-10-18,2022-10-18,15,2.0,2.0,st5_20_bearish,350.0,750.0,0,10:30,SHORT,False,1,2022-10-18 13:55:00+00:00,2022-10-18 13:56:00+00:00,2022-10-18 19:00:00+00:00,TIME_EXIT,SHORT,0.0,318.26,0.0,318.26,318.26,1,1,11431.75,11346.75,85.0
p0_st5_20_bearish_sr350_lr750_buf0_tg1030,"P0 st5_20_bearish, short $350, switch long $750, buffer 0, guard 10:30",NASDAQ_ORB_15m_p0_short_switch_tp2r_p0_st5_20_bearish_sr350_lr750_buf0_tg1030_2022-10-19,2022-10-19,15,2.0,2.0,st5_20_bearish,350.0,750.0,0,10:30,LONG,False,1,2022-10-19 14:16:00+00:00,2022-10-19 14:17:00+00:00,2022-10-19 19:00:00+00:00,TIME_EXIT,LONG,-497.48,0.0,0.0,-497.48,-497.48,0,2,11213.25,11110.25,103.0
p0_st5_20_bearish_sr350_lr750_buf0_tg1030,"P0 st5_20_bearish, short $350, switch long $750, buffer 0, guard 10:30",NASDAQ_ORB_15m_p0_short_switch_tp2r_p0_st5_20_bearish_sr350_lr750_buf0_tg1030_2022-10-20,2022-10-20,15,2.0,2.0,st5_20_bearish,350.0,750.0,0,10:30,LONG,False,1,2022-10-20 13:46:00+00:00,2022-10-20 13:47:00+00:00,2022-10-20 19:00:00+00:00,TIME_EXIT,LONG,-390.48,0.0,0.0,-390.48,-390.48,0,2,11165.0,11091.5,73.5
p0_st5_20_bearish_sr350_lr750_buf0_tg1030,"P0 st5_20_bearish, short $350, switch long $750, buffer 0, guard 10:30",NASDAQ_ORB_15m_p0_short_switch_tp2r_p0_st5_20_bearish_sr350_lr750_buf0_tg1030_2022-10-21,2022-10-21,15,2.0,2.0,st5_20_bearish,350.0,750.0,0,10:30,LONG,False,1,2022-10-21 13:46:00+00:00,2022-10-21 13:47:00+00:00,2022-10-21 19:00:00+00:00,TIME_EXIT,LONG,760.52,0.0,0.0,760.52,760.52,1,2,11088.25,10994.75,93.5
p0_st5_20_bearish_sr350_lr750_buf0_tg1030,"P0 st5_20_bearish, short $350, switch long $750, buffer 0, guard 10:30",NASDAQ_ORB_15m_p0_short_switch_tp2r_p0_st5_20_bearish_sr350_lr750_buf0_tg1030_2022-10-24,2022-10-24,15,2.0,2.0,st5_20_bearish,350.0,750.0,0,10:30,LONG,False,1,2022-10-24 13:46:00+00:00,2022-10-24 13:47:00+00:00,2022-10-24 19:00:00+00:00,TIME_EXIT,LONG,267.52,0.0,0.0,267.52,267.52,1,2,11398.5,11300.25,98.25
p0_st5_20_bearish_sr350_lr750_buf0_tg1030,"P0 st5_20_bearish, short $350, switch long $750, buffer 0, guard 10:30",NASDAQ_ORB_15m_p0_short_switch_tp2r_p0_st5_20_bearish_sr350_lr750_buf0_tg1030_2022-10-25,2022-10-25,15,2.0,2.0,st5_20_bearish,350.0,750.0,0,10:30,LONG,False,1,2022-10-25 13:46:00+00:00,2022-10-25 13:47:00+00:00,2022-10-25 19:00:00+00:00,TIME_EXIT,LONG,524.28,0.0,0.0,524.28,524.28,1,3,11571.75,11514.75,57.0
p0_st5_20_bearish_sr350_lr750_buf0_tg1030,"P0 st5_20_bearish, short $350, switch long $750, buffer 0, guard 10:30",NASDAQ_ORB_15m_p0_short_switch_tp2r_p0_st5_20_bearish_sr350_lr750_buf0_tg1030_2022-10-26,2022-10-26,15,2.0,2.0,st5_20_bearish,350.0,750.0,0,10:30,LONG,False,1,2022-10-26 13:49:00+00:00,2022-10-26 13:50:00+00:00,2022-10-26 19:00:00+00:00,TIME_EXIT,LONG,-197.48,0.0,0.0,-197.48,-197.48,0,2,11509.25,11433.0,76.25
p0_st5_20_bearish_sr350_lr750_buf0_tg1030,"P0 st5_20_bearish, short $350, switch long $750, buffer 0, guard 10:30",NASDAQ_ORB_15m_p0_short_switch_tp2r_p0_st5_20_bearish_sr350_lr750_buf0_tg1030_2022-10-27,2022-10-27,15,2.0,2.0,st5_20_bearish,350.0,750.0,0,10:30,SHORT,False,1,2022-10-27 13:50:00+00:00,2022-10-27 13:51:00+00:00,2022-10-27 19:00:00+00:00,TIME_EXIT,SHORT,0.0,160.76,0.0,160.76,160.76,1,1,11464.5,11368.25,96.25
p0_st5_20_bearish_sr350_lr750_buf0_tg1030,"P0 st5_20_bearish, short $350, switch long $750, buffer 0, guard 10:30",NASDAQ_ORB_15m_p0_short_switch_tp2r_p0_st5_20_bearish_sr350_lr750_buf0_tg1030_2022-10-28,2022-10-28,15,2.0,2.0,st5_20_bearish,350.0,750.0,0,10:30,LONG,False,1,2022-10-28 14:26:00+00:00,2022-10-28 14:27:00+00:00,2022-10-28 19:00:00+00:00,TIME_EXIT,LONG,407.26,0.0,0.0,407.26,407.26,1,1,11364.25,11206.25,158.0
p0_st5_20_bearish_sr350_lr750_buf0_tg1030,"P0 st5_20_bearish, short $350, switch long $750, buffer 0, guard 10:30",NASDAQ_ORB_15m_p0_short_switch_tp2r_p0_st5_20_bearish_sr350_lr750_buf0_tg1030_2022-10-31,2022-10-31,15,2.0,2.0,st5_20_bearish,350.0,750.0,0,10:30,SHORT,False,1,2022-10-31 13:47:00+00:00,2022-10-31 13:48:00+00:00,2022-10-31 19:00:00+00:00,TIME_EXIT,SHORT,0.0,-124.48,0.0,-124.48,-124.48,0,2,11522.75,11450.0,72.75
p0_st5_20_bearish_sr350_lr750_buf0_tg1030,"P0 st5_20_bearish, short $350, switch long $750, buffer 0, guard 10:30",NASDAQ_ORB_15m_p0_short_switch_tp2r_p0_st5_20_bearish_sr350_lr750_buf0_tg1030_2022-11-01,2022-11-01,15,2.0,2.0,st5_20_bearish,350.0,750.0,0,10:30,SHORT,False,1,2022-11-01 13:50:00+00:00,2022-11-01 13:51:00+00:00,2022-11-01 14:59:00+00:00,TP_2R,SHORT,0.0,354.26,0.0,354.26,354.26,1,1,11619.0,11565.5,53.5
p0_st5_20_bearish_sr350_lr750_buf0_tg1030,"P0 st5_20_bearish, short $350, switch long $750, buffer 0, guard 10:30",NASDAQ_ORB_15m_p0_short_switch_tp2r_p0_st5_20_bearish_sr350_lr750_buf0_tg1030_2022-11-02,2022-11-02,15,2.0,2.0,st5_20_bearish,350.0,750.0,0,10:30,SHORT,True,2,2022-11-02 14:15:00+00:00,2022-11-02 14:16:00+00:00,2022-11-02 19:00:00+00:00,SWITCH_TO_LONG+TIME_EXIT,SHORT,-1570.96,-357.48,-1570.96,-1928.44,-1928.44,0,6,11340.75,11271.25,69.5
p0_st5_20_bearish_sr350_lr750_buf0_tg1030,"P0 st5_20_bearish, short $350, switch long $750, buffer 0, guard 10:30",NASDAQ_ORB_15m_p0_short_switch_tp2r_p0_st5_20_bearish_sr350_lr750_buf0_tg1030_2022-11-03,2022-11-03,15,2.0,2.0,st5_20_bearish,350.0,750.0,0,10:30,SHORT,True,2,2022-11-03 13:46:00+00:00,2022-11-03 13:47:00+00:00,2022-11-03 19:00:00+00:00,SWITCH_TO_LONG+TIME_EXIT,SHORT,-442.96,-392.48,-442.96,-835.44,-835.44,0,6,10848.25,10783.0,65.25
p0_st5_20_bearish_sr350_lr750_buf0_tg1030,"P0 st5_20_bearish, short $350, switch long $750, buffer 0, guard 10:30",NASDAQ_ORB_15m_p0_short_switch_tp2r_p0_st5_20_bearish_sr350_lr750_buf0_tg1030_2022-11-07,2022-11-07,15,2.0,2.0,st5_20_bearish,350.0,750.0,0,10:30,SHORT,True,2,2022-11-07 14:49:00+00:00,2022-11-07 14:50:00+00:00,2022-11-07 20:00:00+00:00,SWITCH_TO_LONG+TIME_EXIT,SHORT,95.28,-237.24,95.28,-141.96,-141.96,0,4,10969.0,10864.75,104.25
p0_st5_20_bearish_sr350_lr750_buf0_tg1030,"P0 st5_20_bearish, short $350, switch long $750, buffer 0, guard 10:30",NASDAQ_ORB_15m_p0_short_switch_tp2r_p0_st5_20_bearish_sr350_lr750_buf0_tg1030_2022-11-08,2022-11-08,15,2.0,2.0,st5_20_bearish,350.0,750.0,0,10:30,SHORT,True,2,2022-11-08 14:46:00+00:00,2022-11-08 14:47:00+00:00,2022-11-08 16:41:00+00:00,SWITCH_TO_LONG+TP_2R,SHORT,1436.3,-306.48,1436.3,1129.82,1129.82,1,7,11083.0,11014.5,68.5
p0_st5_20_bearish_sr350_lr750_buf0_tg1030,"P0 st5_20_bearish, short $350, switch long $750, buffer 0, guard 10:30",NASDAQ_ORB_15m_p0_short_switch_tp2r_p0_st5_20_bearish_sr350_lr750_buf0_tg1030_2022-11-09,2022-11-09,15,2.0,2.0,st5_20_bearish,350.0,750.0,0,10:30,LONG,False,1,2022-11-09 14:46:00+00:00,2022-11-09 14:47:00+00:00,2022-11-09 20:00:00+00:00,TIME_EXIT,LONG,-1163.22,0.0,0.0,-1163.22,-1163.22,0,3,11018.75,10969.0,49.75
p0_st5_20_bearish_sr350_lr750_buf0_tg1030,"P0 st5_20_bearish, short $350, switch long $750, buffer 0, guard 10:30",NASDAQ_ORB_15m_p0_short_switch_tp2r_p0_st5_20_bearish_sr350_lr750_buf0_tg1030_2022-11-10,2022-11-10,15,2.0,2.0,st5_20_bearish,350.0,750.0,0,10:30,LONG,False,1,2022-11-10 14:54:00+00:00,2022-11-10 14:55:00+00:00,2022-11-10 20:00:00+00:00,TIME_EXIT,LONG,251.26,0.0,0.0,251.26,251.26,1,1,11394.5,11269.0,125.5
p0_st5_20_bearish_sr350_lr750_buf0_tg1030,"P0 st5_20_bearish, short $350, switch long $750, buffer 0, guard 10:30",NASDAQ_ORB_15m_p0_short_switch_tp2r_p0_st5_20_bearish_sr350_lr750_buf0_tg1030_2022-11-11,2022-11-11,15,2.0,2.0,st5_20_bearish,350.0,750.0,0,10:30,LONG,False,1,2022-11-11 14:46:00+00:00,2022-11-11 14:47:00+00:00,2022-11-11 18:11:00+00:00,TP_2R,LONG,915.78,0.0,0.0,915.78,915.78,1,3,11644.75,11569.5,75.25
p0_st5_20_bearish_sr350_lr750_buf0_tg1030,"P0 st5_20_bearish, short $350, switch long $750, buffer 0, guard 10:30",NASDAQ_ORB_15m_p0_short_switch_tp2r_p0_st5_20_bearish_sr350_lr750_buf0_tg1030_2022-11-14,2022-11-14,15,2.0,2.0,st5_20_bearish,350.0,750.0,0,10:30,SHORT,True,2,2022-11-14 14:46:00+00:00,2022-11-14 14:47:00+00:00,2022-11-14 20:00:00+00:00,SWITCH_TO_LONG+TIME_EXIT,SHORT,651.3,-302.48,651.3,348.81999999999994,348.81999999999994,1,7,11785.5,11719.0,66.5
p0_st5_20_bearish_sr350_lr750_buf0_tg1030,"P0 st5_20_bearish, short $350, switch long $750, buffer 0, guard 10:30",NASDAQ_ORB_15m_p0_short_switch_tp2r_p0_st5_20_bearish_sr350_lr750_buf0_tg1030_2022-11-15,2022-11-15,15,2.0,2.0,st5_20_bearish,350.0,750.0,0,10:30,SHORT,False,1,2022-11-15 14:50:00+00:00,2022-11-15 14:51:00+00:00,2022-11-15 18:33:00+00:00,TP_2R,SHORT,0.0,644.52,0.0,644.52,644.52,1,2,12063.0,12003.25,59.75
p0_st5_20_bearish_sr350_lr750_buf0_tg1030,"P0 st5_20_bearish, short $350, switch long $750, buffer 0, guard 10:30",NASDAQ_ORB_15m_p0_short_switch_tp2r_p0_st5_20_bearish_sr350_lr750_buf0_tg1030_2022-11-16,2022-11-16,15,2.0,2.0,st5_20_bearish,350.0,750.0,0,10:30,SHORT,False,1,2022-11-16 14:47:00+00:00,2022-11-16 14:48:00+00:00,2022-11-16 20:00:00+00:00,TIME_EXIT,SHORT,0.0,33.52,0.0,33.52,33.52,1,2,11836.75,11794.5,42.25
p0_st5_20_bearish_sr350_lr750_buf0_tg1030,"P0 st5_20_bearish, short $350, switch long $750, buffer 0, guard 10:30",NASDAQ_ORB_15m_p0_short_switch_tp2r_p0_st5_20_bearish_sr350_lr750_buf0_tg1030_2022-11-17,2022-11-17,15,2.0,2.0,st5_20_bearish,350.0,750.0,0,10:30,LONG,False,1,2022-11-17 14:46:00+00:00,2022-11-17 14:47:00+00:00,2022-11-17 20:00:00+00:00,TIME_EXIT,LONG,356.28000000000003,0.0,0.0,356.28000000000003,356.28000000000003,1,3,11614.0,11543.5,70.5
p0_st5_20_bearish_sr350_lr750_buf0_tg1030,"P0 st5_20_bearish, short $350, switch long $750, buffer 0, guard 10:30",NASDAQ_ORB_15m_p0_short_switch_tp2r_p0_st5_20_bearish_sr350_lr750_buf0_tg1030_2022-11-18,2022-11-18,15,2.0,2.0,st5_20_bearish,350.0,750.0,0,10:30,SHORT,False,1,2022-11-18 14:49:00+00:00,2022-11-18 14:50:00+00:00,2022-11-18 20:00:00+00:00,TIME_EXIT,SHORT,0.0,144.26,0.0,144.26,144.26,1,1,11842.75,11747.5,95.25
p0_st5_20_bearish_sr350_lr750_buf0_tg1030,"P0 st5_20_bearish, short $350, switch long $750, buffer 0, guard 10:30",NASDAQ_ORB_15m_p0_short_switch_tp2r_p0_st5_20_bearish_sr350_lr750_buf0_tg1030_2022-11-21,2022-11-21,15,2.0,2.0,st5_20_bearish,350.0,750.0,0,10:30,LONG,False,1,2022-11-21 14:52:00+00:00,2022-11-21 14:53:00+00:00,2022-11-21 20:00:00+00:00,TIME_EXIT,LONG,-644.22,0.0,0.0,-644.22,-644.22,0,3,11694.25,11628.25,66.0
p0_st5_20_bearish_sr350_lr750_buf0_tg1030,"P0 st5_20_bearish, short $350, switch long $750, buffer 0, guard 10:30",NASDAQ_ORB_15m_p0_short_switch_tp2r_p0_st5_20_bearish_sr350_lr750_buf0_tg1030_2022-11-22,2022-11-22,15,2.0,2.0,st5_20_bearish,350.0,750.0,0,10:30,LONG,False,1,2022-11-22 15:49:00+00:00,2022-11-22 15:50:00+00:00,2022-11-22 20:00:00+00:00,TIME_EXIT,LONG,249.52,0.0,0.0,249.52,249.52,1,2,11628.75,11527.5,101.25
p0_st5_20_bearish_sr350_lr750_buf0_tg1030,"P0 st5_20_bearish, short $350, switch long $750, buffer 0, guard 10:30",NASDAQ_ORB_15m_p0_short_switch_tp2r_p0_st5_20_bearish_sr350_lr750_buf0_tg1030_2022-11-23,2022-11-23,15,2.0,2.0,st5_20_bearish,350.0,750.0,0,10:30,LONG,False,1,2022-11-23 14:46:00+00:00,2022-11-23 14:47:00+00:00,2022-11-23 20:00:00+00:00,TIME_EXIT,LONG,495.04,0.0,0.0,495.04,495.04,1,4,11802.0,11744.75,57.25
p0_st5_20_bearish_sr350_lr750_buf0_tg1030,"P0 st5_20_bearish, short $350, switch long $750, buffer 0, guard 10:30",NASDAQ_ORB_15m_p0_short_switch_tp2r_p0_st5_20_bearish_sr350_lr750_buf0_tg1030_2022-11-24,2022-11-24,15,2.0,2.0,st5_20_bearish,350.0,750.0,0,10:30,SHORT,True,2,2022-11-24 14:53:00+00:00,2022-11-24 14:54:00+00:00,2022-11-24 23:02:00+00:00,SWITCH_TO_LONG+TIME_EXIT,SHORT,42.94,-375.66,42.94,-332.72,-332.72,0,28,11918.75,11901.0,17.75
p0_st5_20_bearish_sr350_lr750_buf0_tg1030,"P0 st5_20_bearish, short $350, switch long $750, buffer 0, guard 10:30",NASDAQ_ORB_15m_p0_short_switch_tp2r_p0_st5_20_bearish_sr350_lr750_buf0_tg1030_2022-11-28,2022-11-28,15,2.0,2.0,st5_20_bearish,350.0,750.0,0,10:30,LONG,False,1,2022-11-28 14:46:00+00:00,2022-11-28 14:47:00+00:00,2022-11-28 20:00:00+00:00,TIME_EXIT,LONG,-684.48,0.0,0.0,-684.48,-684.48,0,2,11780.75,11693.75,87.0
p0_st5_20_bearish_sr350_lr750_buf0_tg1030,"P0 st5_20_bearish, short $350, switch long $750, buffer 0, guard 10:30",NASDAQ_ORB_15m_p0_short_switch_tp2r_p0_st5_20_bearish_sr350_lr750_buf0_tg1030_2022-11-29,2022-11-29,15,2.0,2.0,st5_20_bearish,350.0,750.0,0,10:30,SHORT,True,2,2022-11-29 14:48:00+00:00,2022-11-29 14:49:00+00:00,2022-11-29 20:00:00+00:00,SWITCH_TO_LONG+TIME_EXIT,SHORT,-1671.18,-324.71999999999997,-1671.18,-1995.9,-1995.9,0,10,11628.0,11579.0,49.0
p0_st5_20_bearish_sr350_lr750_buf0_tg1030,"P0 st5_20_bearish, short $350, switch long $750, buffer 0, guard 10:30",NASDAQ_ORB_15m_p0_short_switch_tp2r_p0_st5_20_bearish_sr350_lr750_buf0_tg1030_2022-11-30,2022-11-30,15,2.0,2.0,st5_20_bearish,350.0,750.0,0,10:30,LONG,False,1,2022-11-30 18:31:00+00:00,2022-11-30 18:32:00+00:00,2022-11-30 19:12:00+00:00,TP_2R,LONG,840.52,0.0,0.0,840.52,840.52,1,2,11581.75,11518.75,63.0
p0_st5_20_bearish_sr350_lr750_buf0_tg1030,"P0 st5_20_bearish, short $350, switch long $750, buffer 0, guard 10:30",NASDAQ_ORB_15m_p0_short_switch_tp2r_p0_st5_20_bearish_sr350_lr750_buf0_tg1030_2022-12-01,2022-12-01,15,2.0,2.0,st5_20_bearish,350.0,750.0,0,10:30,LONG,False,1,2022-12-01 14:46:00+00:00,2022-12-01 14:47:00+00:00,2022-12-01 20:00:00+00:00,TIME_EXIT,LONG,-173.22,0.0,0.0,-173.22,-173.22,0,3,12103.5,12031.5,72.0
p0_st5_20_bearish_sr350_lr750_buf0_tg1030,"P0 st5_20_bearish, short $350, switch long $750, buffer 0, guard 10:30",NASDAQ_ORB_15m_p0_short_switch_tp2r_p0_st5_20_bearish_sr350_lr750_buf0_tg1030_2022-12-02,2022-12-02,15,2.0,2.0,st5_20_bearish,350.0,750.0,0,10:30,LONG,False,1,2022-12-02 15:13:00+00:00,2022-12-02 15:14:00+00:00,2022-12-02 20:00:00+00:00,TIME_EXIT,LONG,387.78,0.0,0.0,387.78,387.78,1,3,11915.75,11844.25,71.5
p0_st5_20_bearish_sr350_lr750_buf0_tg1030,"P0 st5_20_bearish, short $350, switch long $750, buffer 0, guard 10:30",NASDAQ_ORB_15m_p0_short_switch_tp2r_p0_st5_20_bearish_sr350_lr750_buf0_tg1030_2022-12-05,2022-12-05,15,2.0,2.0,st5_20_bearish,350.0,750.0,0,10:30,SHORT,False,1,2022-12-05 15:01:00+00:00,2022-12-05 15:02:00+00:00,2022-12-05 19:49:00+00:00,TP_2R,SHORT,0.0,588.52,0.0,588.52,588.52,1,2,11972.25,11911.5,60.75
p0_st5_20_bearish_sr350_lr750_buf0_tg1030,"P0 st5_20_bearish, short $350, switch long $750, buffer 0, guard 10:30",NASDAQ_ORB_15m_p0_short_switch_tp2r_p0_st5_20_bearish_sr350_lr750_buf0_tg1030_2022-12-06,2022-12-06,15,2.0,2.0,st5_20_bearish,350.0,750.0,0,10:30,SHORT,False,1,2022-12-06 14:46:00+00:00,2022-12-06 14:47:00+00:00,2022-12-06 19:28:00+00:00,TP_2R,SHORT,0.0,373.26,0.0,373.26,373.26,1,1,11805.75,11722.5,83.25
p0_st5_20_bearish_sr350_lr750_buf0_tg1030,"P0 st5_20_bearish, short $350, switch long $750, buffer 0, guard 10:30",NASDAQ_ORB_15m_p0_short_switch_tp2r_p0_st5_20_bearish_sr350_lr750_buf0_tg1030_2022-12-07,2022-12-07,15,2.0,2.0,st5_20_bearish,350.0,750.0,0,10:30,SHORT,False,1,2022-12-07 14:50:00+00:00,2022-12-07 14:51:00+00:00,2022-12-07 20:00:00+00:00,TIME_EXIT,SHORT,0.0,-46.74,0.0,-46.74,-46.74,0,1,11596.0,11495.5,100.5
p0_st5_20_bearish_sr350_lr750_buf0_tg1030,"P0 st5_20_bearish, short $350, switch long $750, buffer 0, guard 10:30",NASDAQ_ORB_15m_p0_short_switch_tp2r_p0_st5_20_bearish_sr350_lr750_buf0_tg1030_2022-12-08,2022-12-08,15,2.0,2.0,st5_20_bearish,350.0,750.0,0,10:30,LONG,False,1,2022-12-08 14:57:00+00:00,2022-12-08 14:58:00+00:00,2022-12-08 20:00:00+00:00,TIME_EXIT,LONG,196.52,0.0,0.0,196.52,196.52,1,2,11572.75,11488.75,84.0
p0_st5_20_bearish_sr350_lr750_buf0_tg1030,"P0 st5_20_bearish, short $350, switch long $750, buffer 0, guard 10:30",NASDAQ_ORB_15m_p0_short_switch_tp2r_p0_st5_20_bearish_sr350_lr750_buf0_tg1030_2022-12-09,2022-12-09,15,2.0,2.0,st5_20_bearish,350.0,750.0,0,10:30,LONG,False,1,2022-12-09 14:46:00+00:00,2022-12-09 14:47:00+00:00,2022-12-09 20:00:00+00:00,TIME_EXIT,LONG,43.52,0.0,0.0,43.52,43.52,1,2,11642.75,11550.0,92.75
p0_st5_20_bearish_sr350_lr750_buf0_tg1030,"P0 st5_20_bearish, short $350, switch long $750, buffer 0, guard 10:30",NASDAQ_ORB_15m_p0_short_switch_tp2r_p0_st5_20_bearish_sr350_lr750_buf0_tg1030_2022-12-12,2022-12-12,15,2.0,2.0,st5_20_bearish,350.0,750.0,0,10:30,LONG,False,1,2022-12-12 17:41:00+00:00,2022-12-12 17:42:00+00:00,2022-12-12 20:00:00+00:00,TIME_EXIT,LONG,87.76,0.0,0.0,87.76,87.76,1,1,11714.25,11543.75,170.5
p0_st5_20_bearish_sr350_lr750_buf0_tg1030,"P0 st5_20_bearish, short $350, switch long $750, buffer 0, guard 10:30",NASDAQ_ORB_15m_p0_short_switch_tp2r_p0_st5_20_bearish_sr350_lr750_buf0_tg1030_2022-12-13,2022-12-13,15,2.0,2.0,st5_20_bearish,350.0,750.0,0,10:30,SHORT,False,1,2022-12-13 15:25:00+00:00,2022-12-13 15:26:00+00:00,2022-12-13 20:00:00+00:00,TIME_EXIT,SHORT,0.0,391.76,0.0,391.76,391.76,1,1,12296.75,12183.25,113.5
p0_st5_20_bearish_sr350_lr750_buf0_tg1030,"P0 st5_20_bearish, short $350, switch long $750, buffer 0, guard 10:30",NASDAQ_ORB_15m_p0_short_switch_tp2r_p0_st5_20_bearish_sr350_lr750_buf0_tg1030_2022-12-14,2022-12-14,15,2.0,2.0,st5_20_bearish,350.0,750.0,0,10:30,LONG,False,1,2022-12-14 14:58:00+00:00,2022-12-14 14:59:00+00:00,2022-12-14 20:00:00+00:00,TIME_EXIT,LONG,-1026.72,0.0,0.0,-1026.72,-1026.72,0,3,12003.0,11930.0,73.0
p0_st5_20_bearish_sr350_lr750_buf0_tg1030,"P0 st5_20_bearish, short $350, switch long $750, buffer 0, guard 10:30",NASDAQ_ORB_15m_p0_short_switch_tp2r_p0_st5_20_bearish_sr350_lr750_buf0_tg1030_2022-12-15,2022-12-15,15,2.0,2.0,st5_20_bearish,350.0,750.0,0,10:30,SHORT,False,1,2022-12-15 14:47:00+00:00,2022-12-15 14:48:00+00:00,2022-12-15 18:07:00+00:00,TP_2R,SHORT,0.0,388.26,0.0,388.26,388.26,1,1,11715.5,11619.25,96.25
p0_st5_20_bearish_sr350_lr750_buf0_tg1030,"P0 st5_20_bearish, short $350, switch long $750, buffer 0, guard 10:30",NASDAQ_ORB_15m_p0_short_switch_tp2r_p0_st5_20_bearish_sr350_lr750_buf0_tg1030_2022-12-16,2022-12-16,15,2.0,2.0,st5_20_bearish,350.0,750.0,0,10:30,LONG,False,1,2022-12-16 14:50:00+00:00,2022-12-16 14:51:00+00:00,2022-12-16 20:00:00+00:00,TIME_EXIT,LONG,-947.22,0.0,0.0,-947.22,-947.22,0,3,11457.75,11406.5,51.25
p0_st5_20_bearish_sr350_lr750_buf0_tg1030,"P0 st5_20_bearish, short $350, switch long $750, buffer 0, guard 10:30",NASDAQ_ORB_15m_p0_short_switch_tp2r_p0_st5_20_bearish_sr350_lr750_buf0_tg1030_2022-12-19,2022-12-19,15,2.0,2.0,st5_20_bearish,350.0,750.0,0,10:30,SHORT,False,1,2022-12-19 14:48:00+00:00,2022-12-19 14:49:00+00:00,2022-12-19 20:00:00+00:00,TIME_EXIT,SHORT,0.0,459.52,0.0,459.52,459.52,1,2,11359.25,11285.25,74.0
p0_st5_20_bearish_sr350_lr750_buf0_tg1030,"P0 st5_20_bearish, short $350, switch long $750, buffer 0, guard 10:30",NASDAQ_ORB_15m_p0_short_switch_tp2r_p0_st5_20_bearish_sr350_lr750_buf0_tg1030_2022-12-20,2022-12-20,15,2.0,2.0,st5_20_bearish,350.0,750.0,0,10:30,SHORT,True,2,2022-12-20 14:46:00+00:00,2022-12-20 14:47:00+00:00,2022-12-20 20:00:00+00:00,SWITCH_TO_LONG+TIME_EXIT,SHORT,135.04,-321.48,135.04,-186.44000000000003,-186.44000000000003,0,6,11151.5,11083.25,68.25
p0_st5_20_bearish_sr350_lr750_buf0_tg1030,"P0 st5_20_bearish, short $350, switch long $750, buffer 0, guard 10:30",NASDAQ_ORB_15m_p0_short_switch_tp2r_p0_st5_20_bearish_sr350_lr750_buf0_tg1030_2022-12-21,2022-12-21,15,2.0,2.0,st5_20_bearish,350.0,750.0,0,10:30,LONG,False,1,2022-12-21 14:48:00+00:00,2022-12-21 14:49:00+00:00,2022-12-21 16:11:00+00:00,TP_2R,LONG,771.78,0.0,0.0,771.78,771.78,1,3,11238.75,11181.0,57.75
p0_st5_20_bearish_sr350_lr750_buf0_tg1030,"P0 st5_20_bearish, short $350, switch long $750, buffer 0, guard 10:30",NASDAQ_ORB_15m_p0_short_switch_tp2r_p0_st5_20_bearish_sr350_lr750_buf0_tg1030_2022-12-22,2022-12-22,15,2.0,2.0,st5_20_bearish,350.0,750.0,0,10:30,SHORT,False,1,2022-12-22 14:46:00+00:00,2022-12-22 14:47:00+00:00,2022-12-22 20:00:00+00:00,TIME_EXIT,SHORT,0.0,212.26,0.0,212.26,212.26,1,1,11208.0,11104.25,103.75
p0_st5_20_bearish_sr350_lr750_buf0_tg1030,"P0 st5_20_bearish, short $350, switch long $750, buffer 0, guard 10:30",NASDAQ_ORB_15m_p0_short_switch_tp2r_p0_st5_20_bearish_sr350_lr750_buf0_tg1030_2022-12-23,2022-12-23,15,2.0,2.0,st5_20_bearish,350.0,750.0,0,10:30,SHORT,True,2,2022-12-23 14:56:00+00:00,2022-12-23 14:57:00+00:00,2022-12-23 20:00:00+00:00,SWITCH_TO_LONG+TIME_EXIT,SHORT,39.52,-274.24,39.52,-234.72,-234.72,0,3,11050.75,10925.75,125.0
p0_st5_20_bearish_sr350_lr750_buf0_tg1030,"P0 st5_20_bearish, short $350, switch long $750, buffer 0, guard 10:30",NASDAQ_ORB_15m_p0_short_switch_tp2r_p0_st5_20_bearish_sr350_lr750_buf0_tg1030_2022-12-27,2022-12-27,15,2.0,2.0,st5_20_bearish,350.0,750.0,0,10:30,SHORT,False,1,2022-12-27 14:46:00+00:00,2022-12-27 14:47:00+00:00,2022-12-27 20:00:00+00:00,TIME_EXIT,SHORT,0.0,-10.74,0.0,-10.74,-10.74,0,1,11056.0,10939.0,117.0
p0_st5_20_bearish_sr350_lr750_buf0_tg1030,"P0 st5_20_bearish, short $350, switch long $750, buffer 0, guard 10:30",NASDAQ_ORB_15m_p0_short_switch_tp2r_p0_st5_20_bearish_sr350_lr750_buf0_tg1030_2022-12-29,2022-12-29,15,2.0,2.0,st5_20_bearish,350.0,750.0,0,10:30,LONG,False,1,2022-12-29 14:59:00+00:00,2022-12-29 15:00:00+00:00,2022-12-29 20:00:00+00:00,TIME_EXIT,LONG,235.52,0.0,0.0,235.52,235.52,1,2,10968.5,10856.5,112.0
p0_st5_20_bearish_sr350_lr750_buf0_tg1030,"P0 st5_20_bearish, short $350, switch long $750, buffer 0, guard 10:30",NASDAQ_ORB_15m_p0_short_switch_tp2r_p0_st5_20_bearish_sr350_lr750_buf0_tg1030_2022-12-30,2022-12-30,15,2.0,2.0,st5_20_bearish,350.0,750.0,0,10:30,SHORT,True,2,2022-12-30 14:49:00+00:00,2022-12-30 14:50:00+00:00,2022-12-30 20:00:00+00:00,SWITCH_TO_LONG+TIME_EXIT,SHORT,-498.7,-361.48,-498.7,-860.1800000000001,-860.1800000000001,0,7,10947.75,10884.5,63.25
p0_st5_20_bearish_sr350_lr750_buf0_tg1030,"P0 st5_20_bearish, short $350, switch long $750, buffer 0, guard 10:30",NASDAQ_ORB_15m_p0_short_switch_tp2r_p0_st5_20_bearish_sr350_lr750_buf0_tg1030_2023-01-03,2023-01-03,15,2.0,2.0,st5_20_bearish,350.0,750.0,0,10:30,SHORT,False,1,2023-01-03 14:50:00+00:00,2023-01-03 14:51:00+00:00,2023-01-03 17:48:00+00:00,TP_2R,SHORT,0.0,447.26,0.0,447.26,447.26,1,1,11181.75,11072.5,109.25
p0_st5_20_bearish_sr350_lr750_buf0_tg1030,"P0 st5_20_bearish, short $350, switch long $750, buffer 0, guard 10:30",NASDAQ_ORB_15m_p0_short_switch_tp2r_p0_st5_20_bearish_sr350_lr750_buf0_tg1030_2023-01-04,2023-01-04,15,2.0,2.0,st5_20_bearish,350.0,750.0,0,10:30,SHORT,True,2,2023-01-04 15:01:00+00:00,2023-01-04 15:02:00+00:00,2023-01-04 20:00:00+00:00,SWITCH_TO_LONG+TIME_EXIT,SHORT,-456.96,-206.24,-456.96,-663.2,-663.2,0,5,11046.75,10961.75,85.0
p0_st5_20_bearish_sr350_lr750_buf0_tg1030,"P0 st5_20_bearish, short $350, switch long $750, buffer 0, guard 10:30",NASDAQ_ORB_15m_p0_short_switch_tp2r_p0_st5_20_bearish_sr350_lr750_buf0_tg1030_2023-01-06,2023-01-06,15,2.0,2.0,st5_20_bearish,350.0,750.0,0,10:30,LONG,False,1,2023-01-06 15:38:00+00:00,2023-01-06 15:39:00+00:00,2023-01-06 20:00:00+00:00,TIME_EXIT,LONG,359.76,0.0,0.0,359.76,359.76,1,1,10945.0,10777.75,167.25
p0_st5_20_bearish_sr350_lr750_buf0_tg1030,"P0 st5_20_bearish, short $350, switch long $750, buffer 0, guard 10:30",NASDAQ_ORB_15m_p0_short_switch_tp2r_p0_st5_20_bearish_sr350_lr750_buf0_tg1030_2023-01-09,2023-01-09,15,2.0,2.0,st5_20_bearish,350.0,750.0,0,10:30,LONG,False,1,2023-01-09 14:46:00+00:00,2023-01-09 14:47:00+00:00,2023-01-09 16:15:00+00:00,TP_2R,LONG,961.04,0.0,0.0,961.04,961.04,1,4,11246.25,11194.5,51.75
p0_st5_20_bearish_sr350_lr750_buf0_tg1030,"P0 st5_20_bearish, short $350, switch long $750, buffer 0, guard 10:30",NASDAQ_ORB_15m_p0_short_switch_tp2r_p0_st5_20_bearish_sr350_lr750_buf0_tg1030_2023-01-10,2023-01-10,15,2.0,2.0,st5_20_bearish,350.0,750.0,0,10:30,LONG,False,1,2023-01-10 15:13:00+00:00,2023-01-10 15:14:00+00:00,2023-01-10 20:00:00+00:00,TIME_EXIT,LONG,-53.48,0.0,0.0,-53.48,-53.48,0,2,11246.25,11137.75,108.5
p0_st5_20_bearish_sr350_lr750_buf0_tg1030,"P0 st5_20_bearish, short $350, switch long $750, buffer 0, guard 10:30",NASDAQ_ORB_15m_p0_short_switch_tp2r_p0_st5_20_bearish_sr350_lr750_buf0_tg1030_2023-01-11,2023-01-11,15,2.0,2.0,st5_20_bearish,350.0,750.0,0,10:30,LONG,False,1,2023-01-11 15:10:00+00:00,2023-01-11 15:11:00+00:00,2023-01-11 20:00:00+00:00,TIME_EXIT,LONG,363.78000000000003,0.0,0.0,363.78000000000003,363.78000000000003,1,3,11358.25,11290.75,67.5
p0_st5_20_bearish_sr350_lr750_buf0_tg1030,"P0 st5_20_bearish, short $350, switch long $750, buffer 0, guard 10:30",NASDAQ_ORB_15m_p0_short_switch_tp2r_p0_st5_20_bearish_sr350_lr750_buf0_tg1030_2023-01-12,2023-01-12,15,2.0,2.0,st5_20_bearish,350.0,750.0,0,10:30,SHORT,True,2,2023-01-12 14:46:00+00:00,2023-01-12 14:47:00+00:00,2023-01-12 20:00:00+00:00,SWITCH_TO_LONG+TIME_EXIT,SHORT,42.52,-345.24,42.52,-302.72,-302.72,0,3,11518.5,11356.25,162.25
p0_st5_20_bearish_sr350_lr750_buf0_tg1030,"P0 st5_20_bearish, short $350, switch long $750, buffer 0, guard 10:30",NASDAQ_ORB_15m_p0_short_switch_tp2r_p0_st5_20_bearish_sr350_lr750_buf0_tg1030_2023-01-13,2023-01-13,15,2.0,2.0,st5_20_bearish,350.0,750.0,0,10:30,LONG,False,1,2023-01-13 15:01:00+00:00,2023-01-13 15:02:00+00:00,2023-01-13 20:00:00+00:00,TIME_EXIT,LONG,695.04,0.0,0.0,695.04,695.04,1,4,11466.5,11415.75,50.75
p0_st5_20_bearish_sr350_lr750_buf0_tg1030,"P0 st5_20_bearish, short $350, switch long $750, buffer 0, guard 10:30",NASDAQ_ORB_15m_p0_short_switch_tp2r_p0_st5_20_bearish_sr350_lr750_buf0_tg1030_2023-01-17,2023-01-17,15,2.0,2.0,st5_20_bearish,350.0,750.0,0,10:30,LONG,False,1,2023-01-17 15:01:00+00:00,2023-01-17 15:02:00+00:00,2023-01-17 20:00:00+00:00,TIME_EXIT,LONG,-41.48,0.0,0.0,-41.48,-41.48,0,2,11620.5,11549.25,71.25
p0_st5_20_bearish_sr350_lr750_buf0_tg1030,"P0 st5_20_bearish, short $350, switch long $750, buffer 0, guard 10:30",NASDAQ_ORB_15m_p0_short_switch_tp2r_p0_st5_20_bearish_sr350_lr750_buf0_tg1030_2023-01-18,2023-01-18,15,2.0,2.0,st5_20_bearish,350.0,750.0,0,10:30,LONG,False,1,2023-01-18 15:01:00+00:00,2023-01-18 15:02:00+00:00,2023-01-18 20:00:00+00:00,TIME_EXIT,LONG,-1280.22,0.0,0.0,-1280.22,-1280.22,0,3,11727.0,11672.25,54.75
p0_st5_20_bearish_sr350_lr750_buf0_tg1030,"P0 st5_20_bearish, short $350, switch long $750, buffer 0, guard 10:30",NASDAQ_ORB_15m_p0_short_switch_tp2r_p0_st5_20_bearish_sr350_lr750_buf0_tg1030_2023-01-19,2023-01-19,15,2.0,2.0,st5_20_bearish,350.0,750.0,0,10:30,SHORT,True,2,2023-01-19 14:50:00+00:00,2023-01-19 14:51:00+00:00,2023-01-19 20:00:00+00:00,SWITCH_TO_LONG+TIME_EXIT,SHORT,-271.44,-355.48,-271.44,-626.9200000000001,-626.9200000000001,0,8,11446.75,11386.5,60.25
p0_st5_20_bearish_sr350_lr750_buf0_tg1030,"P0 st5_20_bearish, short $350, switch long $750, buffer 0, guard 10:30",NASDAQ_ORB_15m_p0_short_switch_tp2r_p0_st5_20_bearish_sr350_lr750_buf0_tg1030_2023-01-20,2023-01-20,15,2.0,2.0,st5_20_bearish,350.0,750.0,0,10:30,LONG,False,1,2023-01-20 14:52:00+00:00,2023-01-20 14:53:00+00:00,2023-01-20 18:51:00+00:00,TP_2R,LONG,843.78,0.0,0.0,843.78,843.78,1,3,11445.5,11383.0,62.5
p0_st5_20_bearish_sr350_lr750_buf0_tg1030,"P0 st5_20_bearish, short $350, switch long $750, buffer 0, guard 10:30",NASDAQ_ORB_15m_p0_short_switch_tp2r_p0_st5_20_bearish_sr350_lr750_buf0_tg1030_2023-01-23,2023-01-23,15,2.0,2.0,st5_20_bearish,350.0,750.0,0,10:30,LONG,False,1,2023-01-23 14:46:00+00:00,2023-01-23 14:47:00+00:00,2023-01-23 16:05:00+00:00,TP_2R,LONG,972.78,0.0,0.0,972.78,972.78,1,3,11752.0,11671.75,80.25
p0_st5_20_bearish_sr350_lr750_buf0_tg1030,"P0 st5_20_bearish, short $350, switch long $750, buffer 0, guard 10:30",NASDAQ_ORB_15m_p0_short_switch_tp2r_p0_st5_20_bearish_sr350_lr750_buf0_tg1030_2023-01-24,2023-01-24,15,2.0,2.0,st5_20_bearish,350.0,750.0,0,10:30,LONG,False,1,2023-01-24 14:47:00+00:00,2023-01-24 14:48:00+00:00,2023-01-24 20:00:00+00:00,TIME_EXIT,LONG,23.28,0.0,0.0,23.28,23.28,1,3,11902.25,11840.0,62.25
p0_st5_20_bearish_sr350_lr750_buf0_tg1030,"P0 st5_20_bearish, short $350, switch long $750, buffer 0, guard 10:30",NASDAQ_ORB_15m_p0_short_switch_tp2r_p0_st5_20_bearish_sr350_lr750_buf0_tg1030_2023-01-25,2023-01-25,15,2.0,2.0,st5_20_bearish,350.0,750.0,0,10:30,SHORT,True,2,2023-01-25 14:54:00+00:00,2023-01-25 14:55:00+00:00,2023-01-25 19:18:00+00:00,SWITCH_TO_LONG+TP_2R,SHORT,1411.3,-291.48,1411.3,1119.82,1119.82,1,7,11723.75,11658.75,65.0
p0_st5_20_bearish_sr350_lr750_buf0_tg1030,"P0 st5_20_bearish, short $350, switch long $750, buffer 0, guard 10:30",NASDAQ_ORB_15m_p0_short_switch_tp2r_p0_st5_20_bearish_sr350_lr750_buf0_tg1030_2023-01-26,2023-01-26,15,2.0,2.0,st5_20_bearish,350.0,750.0,0,10:30,SHORT,False,1,2023-01-26 14:55:00+00:00,2023-01-26 14:56:00+00:00,2023-01-26 20:00:00+00:00,TIME_EXIT,SHORT,0.0,-168.74,0.0,-168.74,-168.74,0,1,12075.0,12002.25,72.75
p0_st5_20_bearish_sr350_lr750_buf0_tg1030,"P0 st5_20_bearish, short $350, switch long $750, buffer 0, guard 10:30",NASDAQ_ORB_15m_p0_short_switch_tp2r_p0_st5_20_bearish_sr350_lr750_buf0_tg1030_2023-01-27,2023-01-27,15,2.0,2.0,st5_20_bearish,350.0,750.0,0,10:30,LONG,False,1,2023-01-27 14:46:00+00:00,2023-01-27 14:47:00+00:00,2023-01-27 18:39:00+00:00,TP_2R,LONG,819.78,0.0,0.0,819.78,819.78,1,3,12104.25,12041.75,62.5
p0_st5_20_bearish_sr350_lr750_buf0_tg1030,"P0 st5_20_bearish, short $350, switch long $750, buffer 0, guard 10:30",NASDAQ_ORB_15m_p0_short_switch_tp2r_p0_st5_20_bearish_sr350_lr750_buf0_tg1030_2023-01-30,2023-01-30,15,2.0,2.0,st5_20_bearish,350.0,750.0,0,10:30,LONG,False,1,2023-01-30 14:48:00+00:00,2023-01-30 14:49:00+00:00,2023-01-30 20:00:00+00:00,TIME_EXIT,LONG,-980.96,0.0,0.0,-980.96,-980.96,0,4,12110.5,12059.25,51.25
p0_st5_20_bearish_sr350_lr750_buf0_tg1030,"P0 st5_20_bearish, short $350, switch long $750, buffer 0, guard 10:30",NASDAQ_ORB_15m_p0_short_switch_tp2r_p0_st5_20_bearish_sr350_lr750_buf0_tg1030_2023-01-31,2023-01-31,15,2.0,2.0,st5_20_bearish,350.0,750.0,0,10:30,LONG,False,1,2023-01-31 14:49:00+00:00,2023-01-31 14:50:00+00:00,2023-01-31 20:00:00+00:00,TIME_EXIT,LONG,414.78,0.0,0.0,414.78,414.78,1,3,12038.0,11969.25,68.75
p0_st5_20_bearish_sr350_lr750_buf0_tg1030,"P0 st5_20_bearish, short $350, switch long $750, buffer 0, guard 10:30",NASDAQ_ORB_15m_p0_short_switch_tp2r_p0_st5_20_bearish_sr350_lr750_buf0_tg1030_2023-02-01,2023-02-01,15,2.0,2.0,st5_20_bearish,350.0,750.0,0,10:30,LONG,False,1,2023-02-01 19:08:00+00:00,2023-02-01 19:09:00+00:00,2023-02-01 19:45:00+00:00,TP_2R,LONG,858.78,0.0,0.0,858.78,858.78,1,3,12156.0,12101.5,54.5
p0_st5_20_bearish_sr350_lr750_buf0_tg1030,"P0 st5_20_bearish, short $350, switch long $750, buffer 0, guard 10:30",NASDAQ_ORB_15m_p0_short_switch_tp2r_p0_st5_20_bearish_sr350_lr750_buf0_tg1030_2023-02-02,2023-02-02,15,2.0,2.0,st5_20_bearish,350.0,750.0,0,10:30,LONG,False,1,2023-02-02 15:28:00+00:00,2023-02-02 15:29:00+00:00,2023-02-02 18:35:00+00:00,TP_2R,LONG,822.78,0.0,0.0,822.78,822.78,1,3,12736.5,12671.0,65.5
p0_st5_20_bearish_sr350_lr750_buf0_tg1030,"P0 st5_20_bearish, short $350, switch long $750, buffer 0, guard 10:30",NASDAQ_ORB_15m_p0_short_switch_tp2r_p0_st5_20_bearish_sr350_lr750_buf0_tg1030_2023-02-03,2023-02-03,15,2.0,2.0,st5_20_bearish,350.0,750.0,0,10:30,LONG,False,1,2023-02-03 14:47:00+00:00,2023-02-03 14:48:00+00:00,2023-02-03 20:00:00+00:00,TIME_EXIT,LONG,-203.74,0.0,0.0,-203.74,-203.74,0,1,12693.5,12558.25,135.25
p0_st5_20_bearish_sr350_lr750_buf0_tg1030,"P0 st5_20_bearish, short $350, switch long $750, buffer 0, guard 10:30",NASDAQ_ORB_15m_p0_short_switch_tp2r_p0_st5_20_bearish_sr350_lr750_buf0_tg1030_2023-02-06,2023-02-06,15,2.0,2.0,st5_20_bearish,350.0,750.0,0,10:30,LONG,False,1,2023-02-06 15:03:00+00:00,2023-02-06 15:04:00+00:00,2023-02-06 20:00:00+00:00,TIME_EXIT,LONG,-246.71999999999997,0.0,0.0,-246.71999999999997,-246.71999999999997,0,3,12565.25,12502.0,63.25
p0_st5_20_bearish_sr350_lr750_buf0_tg1030,"P0 st5_20_bearish, short $350, switch long $750, buffer 0, guard 10:30",NASDAQ_ORB_15m_p0_short_switch_tp2r_p0_st5_20_bearish_sr350_lr750_buf0_tg1030_2023-02-07,2023-02-07,15,2.0,2.0,st5_20_bearish,350.0,750.0,0,10:30,LONG,False,1,2023-02-07 14:51:00+00:00,2023-02-07 14:52:00+00:00,2023-02-07 17:46:00+00:00,TP_2R,LONG,829.04,0.0,0.0,829.04,829.04,1,4,12540.75,12488.5,52.25
p0_st5_20_bearish_sr350_lr750_buf0_tg1030,"P0 st5_20_bearish, short $350, switch long $750, buffer 0, guard 10:30",NASDAQ_ORB_15m_p0_short_switch_tp2r_p0_st5_20_bearish_sr350_lr750_buf0_tg1030_2023-02-08,2023-02-08,15,2.0,2.0,st5_20_bearish,350.0,750.0,0,10:30,SHORT,False,1,2023-02-08 14:54:00+00:00,2023-02-08 14:55:00+00:00,2023-02-08 16:27:00+00:00,TP_2R,SHORT,0.0,604.52,0.0,604.52,604.52,1,2,12752.25,12683.75,68.5
p0_st5_20_bearish_sr350_lr750_buf0_tg1030,"P0 st5_20_bearish, short $350, switch long $750, buffer 0, guard 10:30",NASDAQ_ORB_15m_p0_short_switch_tp2r_p0_st5_20_bearish_sr350_lr750_buf0_tg1030_2023-02-09,2023-02-09,15,2.0,2.0,st5_20_bearish,350.0,750.0,0,10:30,SHORT,False,1,2023-02-09 15:28:00+00:00,2023-02-09 15:29:00+00:00,2023-02-09 20:00:00+00:00,TIME_EXIT,SHORT,0.0,317.76,0.0,317.76,317.76,1,1,12729.5,12638.0,91.5
p0_st5_20_bearish_sr350_lr750_buf0_tg1030,"P0 st5_20_bearish, short $350, switch long $750, buffer 0, guard 10:30",NASDAQ_ORB_15m_p0_short_switch_tp2r_p0_st5_20_bearish_sr350_lr750_buf0_tg1030_2023-02-10,2023-02-10,15,2.0,2.0,st5_20_bearish,350.0,750.0,0,10:30,LONG,False,1,2023-02-10 15:19:00+00:00,2023-02-10 15:20:00+00:00,2023-02-10 20:00:00+00:00,TIME_EXIT,LONG,-308.48,0.0,0.0,-308.48,-308.48,0,2,12394.0,12311.75,82.25
p0_st5_20_bearish_sr350_lr750_buf0_tg1030,"P0 st5_20_bearish, short $350, switch long $750, buffer 0, guard 10:30",NASDAQ_ORB_15m_p0_short_switch_tp2r_p0_st5_20_bearish_sr350_lr750_buf0_tg1030_2023-02-13,2023-02-13,15,2.0,2.0,st5_20_bearish,350.0,750.0,0,10:30,LONG,False,1,2023-02-13 14:51:00+00:00,2023-02-13 14:52:00+00:00,2023-02-13 20:00:00+00:00,TIME_EXIT,LONG,450.78,0.0,0.0,450.78,450.78,1,3,12428.75,12352.0,76.75
p0_st5_20_bearish_sr350_lr750_buf0_tg1030,"P0 st5_20_bearish, short $350, switch long $750, buffer 0, guard 10:30",NASDAQ_ORB_15m_p0_short_switch_tp2r_p0_st5_20_bearish_sr350_lr750_buf0_tg1030_2023-02-14,2023-02-14,15,2.0,2.0,st5_20_bearish,350.0,750.0,0,10:30,LONG,False,1,2023-02-14 14:46:00+00:00,2023-02-14 14:47:00+00:00,2023-02-14 20:00:00+00:00,TIME_EXIT,LONG,168.26,0.0,0.0,168.26,168.26,1,1,12511.5,12390.5,121.0
p0_st5_20_bearish_sr350_lr750_buf0_tg1030,"P0 st5_20_bearish, short $350, switch long $750, buffer 0, guard 10:30",NASDAQ_ORB_15m_p0_short_switch_tp2r_p0_st5_20_bearish_sr350_lr750_buf0_tg1030_2023-02-15,2023-02-15,15,2.0,2.0,st5_20_bearish,350.0,750.0,0,10:30,LONG,False,1,2023-02-15 14:50:00+00:00,2023-02-15 14:51:00+00:00,2023-02-15 20:00:00+00:00,TIME_EXIT,LONG,287.28000000000003,0.0,0.0,287.28000000000003,287.28000000000003,1,3,12617.25,12552.5,64.75
p0_st5_20_bearish_sr350_lr750_buf0_tg1030,"P0 st5_20_bearish, short $350, switch long $750, buffer 0, guard 10:30",NASDAQ_ORB_15m_p0_short_switch_tp2r_p0_st5_20_bearish_sr350_lr750_buf0_tg1030_2023-02-16,2023-02-16,15,2.0,2.0,st5_20_bearish,350.0,750.0,0,10:30,LONG,False,1,2023-02-16 14:48:00+00:00,2023-02-16 14:49:00+00:00,2023-02-16 20:00:00+00:00,TIME_EXIT,LONG,495.78,0.0,0.0,495.78,495.78,1,3,12567.75,12496.5,71.25
p0_st5_20_bearish_sr350_lr750_buf0_tg1030,"P0 st5_20_bearish, short $350, switch long $750, buffer 0, guard 10:30",NASDAQ_ORB_15m_p0_short_switch_tp2r_p0_st5_20_bearish_sr350_lr750_buf0_tg1030_2023-02-17,2023-02-17,15,2.0,2.0,st5_20_bearish,350.0,750.0,0,10:30,SHORT,False,1,2023-02-17 14:46:00+00:00,2023-02-17 14:47:00+00:00,2023-02-17 20:00:00+00:00,TIME_EXIT,SHORT,0.0,-129.74,0.0,-129.74,-129.74,0,1,12423.5,12346.5,77.0
p0_st5_20_bearish_sr350_lr750_buf0_tg1030,"P0 st5_20_bearish, short $350, switch long $750, buffer 0, guard 10:30",NASDAQ_ORB_15m_p0_short_switch_tp2r_p0_st5_20_bearish_sr350_lr750_buf0_tg1030_2023-02-20,2023-02-20,15,2.0,2.0,st5_20_bearish,350.0,750.0,0,10:30,SHORT,False,1,2023-02-20 15:10:00+00:00,2023-02-20 15:11:00+00:00,2023-02-20 23:02:00+00:00,TIME_EXIT,SHORT,0.0,209.34,0.0,209.34,209.34,1,9,12396.5,12383.0,13.5
p0_st5_20_bearish_sr350_lr750_buf0_tg1030,"P0 st5_20_bearish, short $350, switch long $750, buffer 0, guard 10:30",NASDAQ_ORB_15m_p0_short_switch_tp2r_p0_st5_20_bearish_sr350_lr750_buf0_tg1030_2023-02-21,2023-02-21,15,2.0,2.0,st5_20_bearish,350.0,750.0,0,10:30,SHORT,False,1,2023-02-21 14:59:00+00:00,2023-02-21 15:00:00+00:00,2023-02-21 20:00:00+00:00,TIME_EXIT,SHORT,0.0,376.52,0.0,376.52,376.52,1,2,12288.75,12220.25,68.5
p0_st5_20_bearish_sr350_lr750_buf0_tg1030,"P0 st5_20_bearish, short $350, switch long $750, buffer 0, guard 10:30",NASDAQ_ORB_15m_p0_short_switch_tp2r_p0_st5_20_bearish_sr350_lr750_buf0_tg1030_2023-02-22,2023-02-22,15,2.0,2.0,st5_20_bearish,350.0,750.0,0,10:30,LONG,False,1,2023-02-22 14:46:00+00:00,2023-02-22 14:47:00+00:00,2023-02-22 20:00:00+00:00,TIME_EXIT,LONG,-852.96,0.0,0.0,-852.96,-852.96,0,4,12163.0,12114.25,48.75
p0_st5_20_bearish_sr350_lr750_buf0_tg1030,"P0 st5_20_bearish, short $350, switch long $750, buffer 0, guard 10:30",NASDAQ_ORB_15m_p0_short_switch_tp2r_p0_st5_20_bearish_sr350_lr750_buf0_tg1030_2023-02-23,2023-02-23,15,2.0,2.0,st5_20_bearish,350.0,750.0,0,10:30,SHORT,False,1,2023-02-23 15:10:00+00:00,2023-02-23 15:11:00+00:00,2023-02-23 16:44:00+00:00,TP_2R,SHORT,0.0,574.52,0.0,574.52,574.52,1,2,12260.25,12197.25,63.0
p0_st5_20_bearish_sr350_lr750_buf0_tg1030,"P0 st5_20_bearish, short $350, switch long $750, buffer 0, guard 10:30",NASDAQ_ORB_15m_p0_short_switch_tp2r_p0_st5_20_bearish_sr350_lr750_buf0_tg1030_2023-02-24,2023-02-24,15,2.0,2.0,st5_20_bearish,350.0,750.0,0,10:30,SHORT,False,1,2023-02-24 14:47:00+00:00,2023-02-24 14:48:00+00:00,2023-02-24 20:00:00+00:00,TIME_EXIT,SHORT,0.0,-195.48,0.0,-195.48,-195.48,0,2,12043.0,11980.75,62.25
p0_st5_20_bearish_sr350_lr750_buf0_tg1030,"P0 st5_20_bearish, short $350, switch long $750, buffer 0, guard 10:30",NASDAQ_ORB_15m_p0_short_switch_tp2r_p0_st5_20_bearish_sr350_lr750_buf0_tg1030_2023-02-27,2023-02-27,15,2.0,2.0,st5_20_bearish,350.0,750.0,0,10:30,LONG,False,1,2023-02-27 14:59:00+00:00,2023-02-27 15:00:00+00:00,2023-02-27 20:00:00+00:00,TIME_EXIT,LONG,-706.4399999999999,0.0,0.0,-706.4399999999999,-706.4399999999999,0,6,12143.5,12109.5,34.0
p0_st5_20_bearish_sr350_lr750_buf0_tg1030,"P0 st5_20_bearish, short $350, switch long $750, buffer 0, guard 10:30",NASDAQ_ORB_15m_p0_short_switch_tp2r_p0_st5_20_bearish_sr350_lr750_buf0_tg1030_2023-02-28,2023-02-28,15,2.0,2.0,st5_20_bearish,350.0,750.0,0,10:30,LONG,False,1,2023-02-28 14:47:00+00:00,2023-02-28 14:48:00+00:00,2023-02-28 20:00:00+00:00,TIME_EXIT,LONG,92.28,0.0,0.0,92.28,92.28,1,3,12099.0,12041.25,57.75
p0_st5_20_bearish_sr350_lr750_buf0_tg1030,"P0 st5_20_bearish, short $350, switch long $750, buffer 0, guard 10:30",NASDAQ_ORB_15m_p0_short_switch_tp2r_p0_st5_20_bearish_sr350_lr750_buf0_tg1030_2023-03-01,2023-03-01,15,2.0,2.0,st5_20_bearish,350.0,750.0,0,10:30,LONG,False,1,2023-03-01 14:50:00+00:00,2023-03-01 14:51:00+00:00,2023-03-01 20:00:00+00:00,TIME_EXIT,LONG,-750.72,0.0,0.0,-750.72,-750.72,0,3,12060.0,12004.0,56.0
p0_st5_20_bearish_sr350_lr750_buf0_tg1030,"P0 st5_20_bearish, short $350, switch long $750, buffer 0, guard 10:30",NASDAQ_ORB_15m_p0_short_switch_tp2r_p0_st5_20_bearish_sr350_lr750_buf0_tg1030_2023-03-02,2023-03-02,15,2.0,2.0,st5_20_bearish,350.0,750.0,0,10:30,LONG,False,1,2023-03-02 14:49:00+00:00,2023-03-02 14:50:00+00:00,2023-03-02 18:37:00+00:00,TP_2R,LONG,883.56,0.0,0.0,883.56,883.56,1,6,11882.75,11846.25,36.5
p0_st5_20_bearish_sr350_lr750_buf0_tg1030,"P0 st5_20_bearish, short $350, switch long $750, buffer 0, guard 10:30",NASDAQ_ORB_15m_p0_short_switch_tp2r_p0_st5_20_bearish_sr350_lr750_buf0_tg1030_2023-03-03,2023-03-03,15,2.0,2.0,st5_20_bearish,350.0,750.0,0,10:30,LONG,False,1,2023-03-03 14:46:00+00:00,2023-03-03 14:47:00+00:00,2023-03-03 17:56:00+00:00,TP_2R,LONG,946.3,0.0,0.0,946.3,946.3,1,5,12146.25,12111.0,35.25
p0_st5_20_bearish_sr350_lr750_buf0_tg1030,"P0 st5_20_bearish, short $350, switch long $750, buffer 0, guard 10:30",NASDAQ_ORB_15m_p0_short_switch_tp2r_p0_st5_20_bearish_sr350_lr750_buf0_tg1030_2023-03-06,2023-03-06,15,2.0,2.0,st5_20_bearish,350.0,750.0,0,10:30,LONG,False,1,2023-03-06 15:09:00+00:00,2023-03-06 15:10:00+00:00,2023-03-06 20:00:00+00:00,TIME_EXIT,LONG,-548.6999999999999,0.0,0.0,-548.6999999999999,-548.6999999999999,0,5,12397.0,12352.25,44.75
p0_st5_20_bearish_sr350_lr750_buf0_tg1030,"P0 st5_20_bearish, short $350, switch long $750, buffer 0, guard 10:30",NASDAQ_ORB_15m_p0_short_switch_tp2r_p0_st5_20_bearish_sr350_lr750_buf0_tg1030_2023-03-07,2023-03-07,15,2.0,2.0,st5_20_bearish,350.0,750.0,0,10:30,SHORT,False,1,2023-03-07 15:01:00+00:00,2023-03-07 15:02:00+00:00,2023-03-07 20:00:00+00:00,TIME_EXIT,SHORT,0.0,538.52,0.0,538.52,538.52,1,2,12361.0,12313.0,48.0
p0_st5_20_bearish_sr350_lr750_buf0_tg1030,"P0 st5_20_bearish, short $350, switch long $750, buffer 0, guard 10:30",NASDAQ_ORB_15m_p0_short_switch_tp2r_p0_st5_20_bearish_sr350_lr750_buf0_tg1030_2023-03-08,2023-03-08,15,2.0,2.0,st5_20_bearish,350.0,750.0,0,10:30,SHORT,True,2,2023-03-08 15:01:00+00:00,2023-03-08 15:02:00+00:00,2023-03-08 20:00:00+00:00,SWITCH_TO_LONG+TIME_EXIT,SHORT,-481.43999999999994,-330.48,-481.43999999999994,-811.92,-811.92,0,8,12216.0,12156.5,59.5
p0_st5_20_bearish_sr350_lr750_buf0_tg1030,"P0 st5_20_bearish, short $350, switch long $750, buffer 0, guard 10:30",NASDAQ_ORB_15m_p0_short_switch_tp2r_p0_st5_20_bearish_sr350_lr750_buf0_tg1030_2023-03-09,2023-03-09,15,2.0,2.0,st5_20_bearish,350.0,750.0,0,10:30,LONG,False,1,2023-03-09 14:47:00+00:00,2023-03-09 14:48:00+00:00,2023-03-09 20:00:00+00:00,TIME_EXIT,LONG,-1382.22,0.0,0.0,-1382.22,-1382.22,0,3,12291.25,12230.25,61.0
p0_st5_20_bearish_sr350_lr750_buf0_tg1030,"P0 st5_20_bearish, short $350, switch long $750, buffer 0, guard 10:30",NASDAQ_ORB_15m_p0_short_switch_tp2r_p0_st5_20_bearish_sr350_lr750_buf0_tg1030_2023-03-10,2023-03-10,15,2.0,2.0,st5_20_bearish,350.0,750.0,0,10:30,SHORT,True,2,2023-03-10 14:46:00+00:00,2023-03-10 14:47:00+00:00,2023-03-10 20:00:00+00:00,SWITCH_TO_LONG+TIME_EXIT,SHORT,-647.48,-311.24,-647.48,-958.72,-958.72,0,3,12027.5,11895.5,132.0
p0_st5_20_bearish_sr350_lr750_buf0_tg1030,"P0 st5_20_bearish, short $350, switch long $750, buffer 0, guard 10:30",NASDAQ_ORB_15m_p0_short_switch_tp2r_p0_st5_20_bearish_sr350_lr750_buf0_tg1030_2023-03-13,2023-03-13,15,2.0,2.0,st5_20_bearish,350.0,750.0,0,10:30,LONG,False,1,2023-03-13 13:49:00+00:00,2023-03-13 13:50:00+00:00,2023-03-13 19:00:00+00:00,TIME_EXIT,LONG,429.26,0.0,0.0,429.26,429.26,1,1,11933.5,11821.25,112.25
p0_st5_20_bearish_sr350_lr750_buf0_tg1030,"P0 st5_20_bearish, short $350, switch long $750, buffer 0, guard 10:30",NASDAQ_ORB_15m_p0_short_switch_tp2r_p0_st5_20_bearish_sr350_lr750_buf0_tg1030_2023-03-14,2023-03-14,15,2.0,2.0,st5_20_bearish,350.0,750.0,0,10:30,LONG,False,1,2023-03-14 14:23:00+00:00,2023-03-14 14:24:00+00:00,2023-03-14 19:00:00+00:00,TIME_EXIT,LONG,-235.48,0.0,0.0,-235.48,-235.48,0,2,12282.25,12202.0,80.25
p0_st5_20_bearish_sr350_lr750_buf0_tg1030,"P0 st5_20_bearish, short $350, switch long $750, buffer 0, guard 10:30",NASDAQ_ORB_15m_p0_short_switch_tp2r_p0_st5_20_bearish_sr350_lr750_buf0_tg1030_2023-03-15,2023-03-15,15,2.0,2.0,st5_20_bearish,350.0,750.0,0,10:30,LONG,False,1,2023-03-15 15:46:00+00:00,2023-03-15 15:47:00+00:00,2023-03-15 19:00:00+00:00,TIME_EXIT,LONG,364.52,0.0,0.0,364.52,364.52,1,2,12274.5,12193.75,80.75
p0_st5_20_bearish_sr350_lr750_buf0_tg1030,"P0 st5_20_bearish, short $350, switch long $750, buffer 0, guard 10:30",NASDAQ_ORB_15m_p0_short_switch_tp2r_p0_st5_20_bearish_sr350_lr750_buf0_tg1030_2023-03-16,2023-03-16,15,2.0,2.0,st5_20_bearish,350.0,750.0,0,10:30,LONG,False,1,2023-03-16 13:54:00+00:00,2023-03-16 13:55:00+00:00,2023-03-16 14:56:00+00:00,TP_2R,LONG,831.78,0.0,0.0,831.78,831.78,1,3,12381.0,12314.0,67.0
p0_st5_20_bearish_sr350_lr750_buf0_tg1030,"P0 st5_20_bearish, short $350, switch long $750, buffer 0, guard 10:30",NASDAQ_ORB_15m_p0_short_switch_tp2r_p0_st5_20_bearish_sr350_lr750_buf0_tg1030_2023-03-17,2023-03-17,15,2.0,2.0,st5_20_bearish,350.0,750.0,0,10:30,LONG,False,1,2023-03-17 14:01:00+00:00,2023-03-17 14:02:00+00:00,2023-03-17 19:00:00+00:00,TIME_EXIT,LONG,-915.72,0.0,0.0,-915.72,-915.72,0,3,12763.75,12691.0,72.75
p0_st5_20_bearish_sr350_lr750_buf0_tg1030,"P0 st5_20_bearish, short $350, switch long $750, buffer 0, guard 10:30",NASDAQ_ORB_15m_p0_short_switch_tp2r_p0_st5_20_bearish_sr350_lr750_buf0_tg1030_2023-03-20,2023-03-20,15,2.0,2.0,st5_20_bearish,350.0,750.0,0,10:30,SHORT,True,2,2023-03-20 13:49:00+00:00,2023-03-20 13:50:00+00:00,2023-03-20 19:00:00+00:00,SWITCH_TO_LONG+TIME_EXIT,SHORT,207.04,-184.74,207.04,22.299999999999983,22.299999999999983,1,5,12633.0,12552.0,81.0
p0_st5_20_bearish_sr350_lr750_buf0_tg1030,"P0 st5_20_bearish, short $350, switch long $750, buffer 0, guard 10:30",NASDAQ_ORB_15m_p0_short_switch_tp2r_p0_st5_20_bearish_sr350_lr750_buf0_tg1030_2023-03-21,2023-03-21,15,2.0,2.0,st5_20_bearish,350.0,750.0,0,10:30,LONG,False,1,2023-03-21 14:01:00+00:00,2023-03-21 14:02:00+00:00,2023-03-21 19:00:00+00:00,TIME_EXIT,LONG,156.3,0.0,0.0,156.3,156.3,1,5,12814.75,12774.25,40.5
p0_st5_20_bearish_sr350_lr750_buf0_tg1030,"P0 st5_20_bearish, short $350, switch long $750, buffer 0, guard 10:30",NASDAQ_ORB_15m_p0_short_switch_tp2r_p0_st5_20_bearish_sr350_lr750_buf0_tg1030_2023-03-22,2023-03-22,15,2.0,2.0,st5_20_bearish,350.0,750.0,0,10:30,LONG,False,1,2023-03-22 13:51:00+00:00,2023-03-22 13:52:00+00:00,2023-03-22 18:01:00+00:00,TP_2R,LONG,981.8199999999999,0.0,0.0,981.8199999999999,981.8199999999999,1,7,12880.5,12851.0,29.5
p0_st5_20_bearish_sr350_lr750_buf0_tg1030,"P0 st5_20_bearish, short $350, switch long $750, buffer 0, guard 10:30",NASDAQ_ORB_15m_p0_short_switch_tp2r_p0_st5_20_bearish_sr350_lr750_buf0_tg1030_2023-03-23,2023-03-23,15,2.0,2.0,st5_20_bearish,350.0,750.0,0,10:30,LONG,False,1,2023-03-23 14:01:00+00:00,2023-03-23 14:02:00+00:00,2023-03-23 15:09:00+00:00,TP_2R,LONG,977.04,0.0,0.0,977.04,977.04,1,4,12892.5,12847.0,45.5
p0_st5_20_bearish_sr350_lr750_buf0_tg1030,"P0 st5_20_bearish, short $350, switch long $750, buffer 0, guard 10:30",NASDAQ_ORB_15m_p0_short_switch_tp2r_p0_st5_20_bearish_sr350_lr750_buf0_tg1030_2023-03-24,2023-03-24,15,2.0,2.0,st5_20_bearish,350.0,750.0,0,10:30,LONG,False,1,2023-03-24 16:02:00+00:00,2023-03-24 16:03:00+00:00,2023-03-24 19:00:00+00:00,TIME_EXIT,LONG,9.52,0.0,0.0,9.52,9.52,1,2,12844.75,12743.5,101.25
p0_st5_20_bearish_sr350_lr750_buf0_tg1030,"P0 st5_20_bearish, short $350, switch long $750, buffer 0, guard 10:30",NASDAQ_ORB_15m_p0_short_switch_tp2r_p0_st5_20_bearish_sr350_lr750_buf0_tg1030_2023-03-27,2023-03-27,15,2.0,2.0,st5_20_bearish,350.0,750.0,0,10:30,LONG,False,1,2023-03-27 13:47:00+00:00,2023-03-27 13:48:00+00:00,2023-03-27 19:00:00+00:00,TIME_EXIT,LONG,-545.22,0.0,0.0,-545.22,-545.22,0,3,12940.75,12881.75,59.0
p0_st5_20_bearish_sr350_lr750_buf0_tg1030,"P0 st5_20_bearish, short $350, switch long $750, buffer 0, guard 10:30",NASDAQ_ORB_15m_p0_short_switch_tp2r_p0_st5_20_bearish_sr350_lr750_buf0_tg1030_2023-03-29,2023-03-29,15,2.0,2.0,st5_20_bearish,350.0,750.0,0,10:30,LONG,False,1,2023-03-29 13:49:00+00:00,2023-03-29 13:50:00+00:00,2023-03-29 19:00:00+00:00,TIME_EXIT,LONG,304.56,0.0,0.0,304.56,304.56,1,6,12919.5,12881.25,38.25
p0_st5_20_bearish_sr350_lr750_buf0_tg1030,"P0 st5_20_bearish, short $350, switch long $750, buffer 0, guard 10:30",NASDAQ_ORB_15m_p0_short_switch_tp2r_p0_st5_20_bearish_sr350_lr750_buf0_tg1030_2023-03-30,2023-03-30,15,2.0,2.0,st5_20_bearish,350.0,750.0,0,10:30,LONG,False,1,2023-03-30 14:00:00+00:00,2023-03-30 14:01:00+00:00,2023-03-30 19:00:00+00:00,TIME_EXIT,LONG,-146.2,0.0,0.0,-146.2,-146.2,0,5,13078.0,13037.0,41.0
p0_st5_20_bearish_sr350_lr750_buf0_tg1030,"P0 st5_20_bearish, short $350, switch long $750, buffer 0, guard 10:30",NASDAQ_ORB_15m_p0_short_switch_tp2r_p0_st5_20_bearish_sr350_lr750_buf0_tg1030_2023-03-31,2023-03-31,15,2.0,2.0,st5_20_bearish,350.0,750.0,0,10:30,LONG,False,1,2023-03-31 13:48:00+00:00,2023-03-31 13:49:00+00:00,2023-03-31 19:00:00+00:00,TIME_EXIT,LONG,627.78,0.0,0.0,627.78,627.78,1,3,13140.5,13078.0,62.5
p0_st5_20_bearish_sr350_lr750_buf0_tg1030,"P0 st5_20_bearish, short $350, switch long $750, buffer 0, guard 10:30",NASDAQ_ORB_15m_p0_short_switch_tp2r_p0_st5_20_bearish_sr350_lr750_buf0_tg1030_2023-04-03,2023-04-03,15,2.0,2.0,st5_20_bearish,350.0,750.0,0,10:30,LONG,False,1,2023-04-03 13:49:00+00:00,2023-04-03 13:50:00+00:00,2023-04-03 19:00:00+00:00,TIME_EXIT,LONG,-266.96,0.0,0.0,-266.96,-266.96,0,4,13248.0,13197.75,50.25
p0_st5_20_bearish_sr350_lr750_buf0_tg1030,"P0 st5_20_bearish, short $350, switch long $750, buffer 0, guard 10:30",NASDAQ_ORB_15m_p0_short_switch_tp2r_p0_st5_20_bearish_sr350_lr750_buf0_tg1030_2023-04-04,2023-04-04,15,2.0,2.0,st5_20_bearish,350.0,750.0,0,10:30,LONG,False,1,2023-04-04 14:01:00+00:00,2023-04-04 14:02:00+00:00,2023-04-04 19:00:00+00:00,TIME_EXIT,LONG,-756.72,0.0,0.0,-756.72,-756.72,0,3,13296.25,13232.0,64.25
p0_st5_20_bearish_sr350_lr750_buf0_tg1030,"P0 st5_20_bearish, short $350, switch long $750, buffer 0, guard 10:30",NASDAQ_ORB_15m_p0_short_switch_tp2r_p0_st5_20_bearish_sr350_lr750_buf0_tg1030_2023-04-05,2023-04-05,15,2.0,2.0,st5_20_bearish,350.0,750.0,0,10:30,SHORT,False,1,2023-04-05 13:47:00+00:00,2023-04-05 13:48:00+00:00,2023-04-05 14:52:00+00:00,TP_2R,SHORT,0.0,555.78,0.0,555.78,555.78,1,3,13182.5,13140.25,42.25
p0_st5_20_bearish_sr350_lr750_buf0_tg1030,"P0 st5_20_bearish, short $350, switch long $750, buffer 0, guard 10:30",NASDAQ_ORB_15m_p0_short_switch_tp2r_p0_st5_20_bearish_sr350_lr750_buf0_tg1030_2023-04-06,2023-04-06,15,2.0,2.0,st5_20_bearish,350.0,750.0,0,10:30,LONG,False,1,2023-04-06 14:03:00+00:00,2023-04-06 14:04:00+00:00,2023-04-06 16:01:00+00:00,TP_2R,LONG,933.04,0.0,0.0,933.04,933.04,1,4,13013.5,12957.5,56.0
p0_st5_20_bearish_sr350_lr750_buf0_tg1030,"P0 st5_20_bearish, short $350, switch long $750, buffer 0, guard 10:30",NASDAQ_ORB_15m_p0_short_switch_tp2r_p0_st5_20_bearish_sr350_lr750_buf0_tg1030_2023-04-10,2023-04-10,15,2.0,2.0,st5_20_bearish,350.0,750.0,0,10:30,SHORT,True,2,2023-04-10 13:47:00+00:00,2023-04-10 13:48:00+00:00,2023-04-10 19:00:00+00:00,SWITCH_TO_LONG+TIME_EXIT,SHORT,1255.56,-279.48,1255.56,976.0799999999999,976.0799999999999,1,8,13050.5,12992.25,58.25
p0_st5_20_bearish_sr350_lr750_buf0_tg1030,"P0 st5_20_bearish, short $350, switch long $750, buffer 0, guard 10:30",NASDAQ_ORB_15m_p0_short_switch_tp2r_p0_st5_20_bearish_sr350_lr750_buf0_tg1030_2023-04-11,2023-04-11,15,2.0,2.0,st5_20_bearish,350.0,750.0,0,10:30,SHORT,False,1,2023-04-11 14:06:00+00:00,2023-04-11 14:07:00+00:00,2023-04-11 19:00:00+00:00,TIME_EXIT,SHORT,0.0,-118.48,0.0,-118.48,-118.48,0,2,13160.75,13099.5,61.25
p0_st5_20_bearish_sr350_lr750_buf0_tg1030,"P0 st5_20_bearish, short $350, switch long $750, buffer 0, guard 10:30",NASDAQ_ORB_15m_p0_short_switch_tp2r_p0_st5_20_bearish_sr350_lr750_buf0_tg1030_2023-04-12,2023-04-12,15,2.0,2.0,st5_20_bearish,350.0,750.0,0,10:30,SHORT,False,1,2023-04-12 13:46:00+00:00,2023-04-12 13:47:00+00:00,2023-04-12 19:00:00+00:00,TIME_EXIT,SHORT,0.0,149.26,0.0,149.26,149.26,1,1,13181.0,13083.75,97.25
p0_st5_20_bearish_sr350_lr750_buf0_tg1030,"P0 st5_20_bearish, short $350, switch long $750, buffer 0, guard 10:30",NASDAQ_ORB_15m_p0_short_switch_tp2r_p0_st5_20_bearish_sr350_lr750_buf0_tg1030_2023-04-13,2023-04-13,15,2.0,2.0,st5_20_bearish,350.0,750.0,0,10:30,LONG,False,1,2023-04-13 14:06:00+00:00,2023-04-13 14:07:00+00:00,2023-04-13 18:15:00+00:00,TP_2R,LONG,981.04,0.0,0.0,981.04,981.04,1,4,13080.5,13019.75,60.75
p0_st5_20_bearish_sr350_lr750_buf0_tg1030,"P0 st5_20_bearish, short $350, switch long $750, buffer 0, guard 10:30",NASDAQ_ORB_15m_p0_short_switch_tp2r_p0_st5_20_bearish_sr350_lr750_buf0_tg1030_2023-04-14,2023-04-14,15,2.0,2.0,st5_20_bearish,350.0,750.0,0,10:30,LONG,False,1,2023-04-14 13:47:00+00:00,2023-04-14 13:48:00+00:00,2023-04-14 19:00:00+00:00,TIME_EXIT,LONG,-223.48,0.0,0.0,-223.48,-223.48,0,2,13216.0,13133.25,82.75
p0_st5_20_bearish_sr350_lr750_buf0_tg1030,"P0 st5_20_bearish, short $350, switch long $750, buffer 0, guard 10:30",NASDAQ_ORB_15m_p0_short_switch_tp2r_p0_st5_20_bearish_sr350_lr750_buf0_tg1030_2023-04-17,2023-04-17,15,2.0,2.0,st5_20_bearish,350.0,750.0,0,10:30,SHORT,False,1,2023-04-17 14:07:00+00:00,2023-04-17 14:08:00+00:00,2023-04-17 19:00:00+00:00,TIME_EXIT,SHORT,0.0,3.52,0.0,3.52,3.52,1,2,13206.0,13145.5,60.5
p0_st5_20_bearish_sr350_lr750_buf0_tg1030,"P0 st5_20_bearish, short $350, switch long $750, buffer 0, guard 10:30",NASDAQ_ORB_15m_p0_short_switch_tp2r_p0_st5_20_bearish_sr350_lr750_buf0_tg1030_2023-04-18,2023-04-18,15,2.0,2.0,st5_20_bearish,350.0,750.0,0,10:30,LONG,False,1,2023-04-18 13:48:00+00:00,2023-04-18 13:49:00+00:00,2023-04-18 19:00:00+00:00,TIME_EXIT,LONG,-2077.92,0.0,0.0,-2077.92,-2077.92,0,8,13284.5,13259.0,25.5
p0_st5_20_bearish_sr350_lr750_buf0_tg1030,"P0 st5_20_bearish, short $350, switch long $750, buffer 0, guard 10:30",NASDAQ_ORB_15m_p0_short_switch_tp2r_p0_st5_20_bearish_sr350_lr750_buf0_tg1030_2023-04-19,2023-04-19,15,2.0,2.0,st5_20_bearish,350.0,750.0,0,10:30,LONG,False,1,2023-04-19 14:40:00+00:00,2023-04-19 14:41:00+00:00,2023-04-19 19:00:00+00:00,TIME_EXIT,LONG,563.04,0.0,0.0,563.04,563.04,1,4,13132.5,13078.25,54.25
p0_st5_20_bearish_sr350_lr750_buf0_tg1030,"P0 st5_20_bearish, short $350, switch long $750, buffer 0, guard 10:30",NASDAQ_ORB_15m_p0_short_switch_tp2r_p0_st5_20_bearish_sr350_lr750_buf0_tg1030_2023-04-20,2023-04-20,15,2.0,2.0,st5_20_bearish,350.0,750.0,0,10:30,LONG,False,1,2023-04-20 13:46:00+00:00,2023-04-20 13:47:00+00:00,2023-04-20 19:00:00+00:00,TIME_EXIT,LONG,-146.22,0.0,0.0,-146.22,-146.22,0,3,13111.5,13045.75,65.75
p0_st5_20_bearish_sr350_lr750_buf0_tg1030,"P0 st5_20_bearish, short $350, switch long $750, buffer 0, guard 10:30",NASDAQ_ORB_15m_p0_short_switch_tp2r_p0_st5_20_bearish_sr350_lr750_buf0_tg1030_2023-04-21,2023-04-21,15,2.0,2.0,st5_20_bearish,350.0,750.0,0,10:30,SHORT,True,2,2023-04-21 13:55:00+00:00,2023-04-21 13:56:00+00:00,2023-04-21 19:00:00+00:00,SWITCH_TO_LONG+TIME_EXIT,SHORT,173.34,-326.21999999999997,173.34,-152.87999999999997,-152.87999999999997,0,12,13074.0,13038.25,35.75
p0_st5_20_bearish_sr350_lr750_buf0_tg1030,"P0 st5_20_bearish, short $350, switch long $750, buffer 0, guard 10:30",NASDAQ_ORB_15m_p0_short_switch_tp2r_p0_st5_20_bearish_sr350_lr750_buf0_tg1030_2023-04-25,2023-04-25,15,2.0,2.0,st5_20_bearish,350.0,750.0,0,10:30,SHORT,False,1,2023-04-25 13:47:00+00:00,2023-04-25 13:48:00+00:00,2023-04-25 17:16:00+00:00,TP_2R,SHORT,0.0,677.04,0.0,677.04,677.04,1,4,13015.0,12978.75,36.25
p0_st5_20_bearish_sr350_lr750_buf0_tg1030,"P0 st5_20_bearish, short $350, switch long $750, buffer 0, guard 10:30",NASDAQ_ORB_15m_p0_short_switch_tp2r_p0_st5_20_bearish_sr350_lr750_buf0_tg1030_2023-04-26,2023-04-26,15,2.0,2.0,st5_20_bearish,350.0,750.0,0,10:30,LONG,False,1,2023-04-26 13:59:00+00:00,2023-04-26 14:00:00+00:00,2023-04-26 19:00:00+00:00,TIME_EXIT,LONG,-450.72,0.0,0.0,-450.72,-450.72,0,3,12958.25,12899.0,59.25
p0_st5_20_bearish_sr350_lr750_buf0_tg1030,"P0 st5_20_bearish, short $350, switch long $750, buffer 0, guard 10:30",NASDAQ_ORB_15m_p0_short_switch_tp2r_p0_st5_20_bearish_sr350_lr750_buf0_tg1030_2023-04-27,2023-04-27,15,2.0,2.0,st5_20_bearish,350.0,750.0,0,10:30,LONG,False,1,2023-04-27 14:10:00+00:00,2023-04-27 14:11:00+00:00,2023-04-27 15:25:00+00:00,TP_2R,LONG,961.56,0.0,0.0,961.56,961.56,1,6,13052.75,13013.25,39.5
p0_st5_20_bearish_sr350_lr750_buf0_tg1030,"P0 st5_20_bearish, short $350, switch long $750, buffer 0, guard 10:30",NASDAQ_ORB_15m_p0_short_switch_tp2r_p0_st5_20_bearish_sr350_lr750_buf0_tg1030_2023-04-28,2023-04-28,15,2.0,2.0,st5_20_bearish,350.0,750.0,0,10:30,LONG,False,1,2023-04-28 14:11:00+00:00,2023-04-28 14:12:00+00:00,2023-04-28 19:00:00+00:00,TIME_EXIT,LONG,192.78000000000003,0.0,0.0,192.78000000000003,192.78000000000003,1,3,13244.0,13172.5,71.5
p0_st5_20_bearish_sr350_lr750_buf0_tg1030,"P0 st5_20_bearish, short $350, switch long $750, buffer 0, guard 10:30",NASDAQ_ORB_15m_p0_short_switch_tp2r_p0_st5_20_bearish_sr350_lr750_buf0_tg1030_2023-05-01,2023-05-01,15,2.0,2.0,st5_20_bearish,350.0,750.0,0,10:30,LONG,False,1,2023-05-01 13:51:00+00:00,2023-05-01 13:52:00+00:00,2023-05-01 19:00:00+00:00,TIME_EXIT,LONG,-57.68,0.0,0.0,-57.68,-57.68,0,7,13316.25,13286.0,30.25
p0_st5_20_bearish_sr350_lr750_buf0_tg1030,"P0 st5_20_bearish, short $350, switch long $750, buffer 0, guard 10:30",NASDAQ_ORB_15m_p0_short_switch_tp2r_p0_st5_20_bearish_sr350_lr750_buf0_tg1030_2023-05-02,2023-05-02,15,2.0,2.0,st5_20_bearish,350.0,750.0,0,10:30,SHORT,False,1,2023-05-02 14:10:00+00:00,2023-05-02 14:11:00+00:00,2023-05-02 14:38:00+00:00,TP_2R,SHORT,0.0,579.78,0.0,579.78,579.78,1,3,13313.25,13265.75,47.5
p0_st5_20_bearish_sr350_lr750_buf0_tg1030,"P0 st5_20_bearish, short $350, switch long $750, buffer 0, guard 10:30",NASDAQ_ORB_15m_p0_short_switch_tp2r_p0_st5_20_bearish_sr350_lr750_buf0_tg1030_2023-05-03,2023-05-03,15,2.0,2.0,st5_20_bearish,350.0,750.0,0,10:30,LONG,False,1,2023-05-03 13:46:00+00:00,2023-05-03 13:47:00+00:00,2023-05-03 19:00:00+00:00,TIME_EXIT,LONG,158.8,0.0,0.0,158.8,158.8,1,5,13222.0,13187.5,34.5
p0_st5_20_bearish_sr350_lr750_buf0_tg1030,"P0 st5_20_bearish, short $350, switch long $750, buffer 0, guard 10:30",NASDAQ_ORB_15m_p0_short_switch_tp2r_p0_st5_20_bearish_sr350_lr750_buf0_tg1030_2023-05-04,2023-05-04,15,2.0,2.0,st5_20_bearish,350.0,750.0,0,10:30,SHORT,True,2,2023-05-04 13:46:00+00:00,2023-05-04 13:47:00+00:00,2023-05-04 19:00:00+00:00,SWITCH_TO_LONG+TIME_EXIT,SHORT,-367.44,-351.71999999999997,-367.44,-719.16,-719.16,0,9,13086.5,13034.5,52.0
p0_st5_20_bearish_sr350_lr750_buf0_tg1030,"P0 st5_20_bearish, short $350, switch long $750, buffer 0, guard 10:30",NASDAQ_ORB_15m_p0_short_switch_tp2r_p0_st5_20_bearish_sr350_lr750_buf0_tg1030_2023-05-05,2023-05-05,15,2.0,2.0,st5_20_bearish,350.0,750.0,0,10:30,LONG,False,1,2023-05-05 13:50:00+00:00,2023-05-05 13:51:00+00:00,2023-05-05 17:21:00+00:00,TP_2R,LONG,849.04,0.0,0.0,849.04,849.04,1,4,13170.75,13124.25,46.5
p0_st5_20_bearish_sr350_lr750_buf0_tg1030,"P0 st5_20_bearish, short $350, switch long $750, buffer 0, guard 10:30",NASDAQ_ORB_15m_p0_short_switch_tp2r_p0_st5_20_bearish_sr350_lr750_buf0_tg1030_2023-05-08,2023-05-08,15,2.0,2.0,st5_20_bearish,350.0,750.0,0,10:30,SHORT,True,2,2023-05-08 13:48:00+00:00,2023-05-08 13:49:00+00:00,2023-05-08 19:00:00+00:00,SWITCH_TO_LONG+TIME_EXIT,SHORT,893.34,-334.96,893.34,558.3800000000001,558.3800000000001,1,13,13310.25,13271.0,39.25
p0_st5_20_bearish_sr350_lr750_buf0_tg1030,"P0 st5_20_bearish, short $350, switch long $750, buffer 0, guard 10:30",NASDAQ_ORB_15m_p0_short_switch_tp2r_p0_st5_20_bearish_sr350_lr750_buf0_tg1030_2023-05-09,2023-05-09,15,2.0,2.0,st5_20_bearish,350.0,750.0,0,10:30,LONG,False,1,2023-05-09 13:57:00+00:00,2023-05-09 13:58:00+00:00,2023-05-09 19:00:00+00:00,TIME_EXIT,LONG,-482.40000000000003,0.0,0.0,-482.40000000000003,-482.40000000000003,0,10,13296.5,13274.0,22.5
p0_st5_20_bearish_sr350_lr750_buf0_tg1030,"P0 st5_20_bearish, short $350, switch long $750, buffer 0, guard 10:30",NASDAQ_ORB_15m_p0_short_switch_tp2r_p0_st5_20_bearish_sr350_lr750_buf0_tg1030_2023-05-10,2023-05-10,15,2.0,2.0,st5_20_bearish,350.0,750.0,0,10:30,LONG,False,1,2023-05-10 14:07:00+00:00,2023-05-10 14:08:00+00:00,2023-05-10 19:00:00+00:00,TIME_EXIT,LONG,-112.48,0.0,0.0,-112.48,-112.48,0,2,13417.75,13321.5,96.25
p0_st5_20_bearish_sr350_lr750_buf0_tg1030,"P0 st5_20_bearish, short $350, switch long $750, buffer 0, guard 10:30",NASDAQ_ORB_15m_p0_short_switch_tp2r_p0_st5_20_bearish_sr350_lr750_buf0_tg1030_2023-05-11,2023-05-11,15,2.0,2.0,st5_20_bearish,350.0,750.0,0,10:30,LONG,False,1,2023-05-11 15:29:00+00:00,2023-05-11 15:30:00+00:00,2023-05-11 19:00:00+00:00,TIME_EXIT,LONG,231.04,0.0,0.0,231.04,231.04,1,4,13433.5,13378.0,55.5
p0_st5_20_bearish_sr350_lr750_buf0_tg1030,"P0 st5_20_bearish, short $350, switch long $750, buffer 0, guard 10:30",NASDAQ_ORB_15m_p0_short_switch_tp2r_p0_st5_20_bearish_sr350_lr750_buf0_tg1030_2023-05-12,2023-05-12,15,2.0,2.0,st5_20_bearish,350.0,750.0,0,10:30,SHORT,False,1,2023-05-12 13:49:00+00:00,2023-05-12 13:50:00+00:00,2023-05-12 15:17:00+00:00,TP_2R,SHORT,0.0,691.3,0.0,691.3,691.3,1,5,13487.25,13460.75,26.5
p0_st5_20_bearish_sr350_lr750_buf0_tg1030,"P0 st5_20_bearish, short $350, switch long $750, buffer 0, guard 10:30",NASDAQ_ORB_15m_p0_short_switch_tp2r_p0_st5_20_bearish_sr350_lr750_buf0_tg1030_2023-05-15,2023-05-15,15,2.0,2.0,st5_20_bearish,350.0,750.0,0,10:30,LONG,False,1,2023-05-15 13:46:00+00:00,2023-05-15 13:47:00+00:00,2023-05-15 19:00:00+00:00,TIME_EXIT,LONG,334.32,0.0,0.0,334.32,334.32,1,7,13419.5,13391.0,28.5
p0_st5_20_bearish_sr350_lr750_buf0_tg1030,"P0 st5_20_bearish, short $350, switch long $750, buffer 0, guard 10:30",NASDAQ_ORB_15m_p0_short_switch_tp2r_p0_st5_20_bearish_sr350_lr750_buf0_tg1030_2023-05-16,2023-05-16,15,2.0,2.0,st5_20_bearish,350.0,750.0,0,10:30,LONG,False,1,2023-05-16 13:46:00+00:00,2023-05-16 13:47:00+00:00,2023-05-16 19:00:00+00:00,TIME_EXIT,LONG,164.28,0.0,0.0,164.28,164.28,1,3,13503.25,13434.5,68.75
p0_st5_20_bearish_sr350_lr750_buf0_tg1030,"P0 st5_20_bearish, short $350, switch long $750, buffer 0, guard 10:30",NASDAQ_ORB_15m_p0_short_switch_tp2r_p0_st5_20_bearish_sr350_lr750_buf0_tg1030_2023-05-17,2023-05-17,15,2.0,2.0,st5_20_bearish,350.0,750.0,0,10:30,SHORT,True,2,2023-05-17 13:55:00+00:00,2023-05-17 13:56:00+00:00,2023-05-17 16:53:00+00:00,SWITCH_TO_LONG+TP_2R,SHORT,1459.38,-312.71999999999997,1459.38,1146.66,1146.66,1,16,13540.0,13512.25,27.75
p0_st5_20_bearish_sr350_lr750_buf0_tg1030,"P0 st5_20_bearish, short $350, switch long $750, buffer 0, guard 10:30",NASDAQ_ORB_15m_p0_short_switch_tp2r_p0_st5_20_bearish_sr350_lr750_buf0_tg1030_2023-05-18,2023-05-18,15,2.0,2.0,st5_20_bearish,350.0,750.0,0,10:30,LONG,False,1,2023-05-18 13:58:00+00:00,2023-05-18 13:59:00+00:00,2023-05-18 15:47:00+00:00,TP_2R,LONG,750.78,0.0,0.0,750.78,750.78,1,3,13712.0,13652.75,59.25
p0_st5_20_bearish_sr350_lr750_buf0_tg1030,"P0 st5_20_bearish, short $350, switch long $750, buffer 0, guard 10:30",NASDAQ_ORB_15m_p0_short_switch_tp2r_p0_st5_20_bearish_sr350_lr750_buf0_tg1030_2023-05-19,2023-05-19,15,2.0,2.0,st5_20_bearish,350.0,750.0,0,10:30,SHORT,False,1,2023-05-19 13:50:00+00:00,2023-05-19 13:51:00+00:00,2023-05-19 19:00:00+00:00,TIME_EXIT,SHORT,0.0,297.04,0.0,297.04,297.04,1,4,13929.0,13888.75,40.25
p0_st5_20_bearish_sr350_lr750_buf0_tg1030,"P0 st5_20_bearish, short $350, switch long $750, buffer 0, guard 10:30",NASDAQ_ORB_15m_p0_short_switch_tp2r_p0_st5_20_bearish_sr350_lr750_buf0_tg1030_2023-05-22,2023-05-22,15,2.0,2.0,st5_20_bearish,350.0,750.0,0,10:30,LONG,False,1,2023-05-22 13:50:00+00:00,2023-05-22 13:51:00+00:00,2023-05-22 19:00:00+00:00,TIME_EXIT,LONG,-39.72,0.0,0.0,-39.72,-39.72,0,3,13923.75,13847.0,76.75
p0_st5_20_bearish_sr350_lr750_buf0_tg1030,"P0 st5_20_bearish, short $350, switch long $750, buffer 0, guard 10:30",NASDAQ_ORB_15m_p0_short_switch_tp2r_p0_st5_20_bearish_sr350_lr750_buf0_tg1030_2023-05-23,2023-05-23,15,2.0,2.0,st5_20_bearish,350.0,750.0,0,10:30,LONG,False,1,2023-05-23 13:55:00+00:00,2023-05-23 13:56:00+00:00,2023-05-23 19:00:00+00:00,TIME_EXIT,LONG,-1303.7,0.0,0.0,-1303.7,-1303.7,0,5,13867.0,13821.75,45.25
p0_st5_20_bearish_sr350_lr750_buf0_tg1030,"P0 st5_20_bearish, short $350, switch long $750, buffer 0, guard 10:30",NASDAQ_ORB_15m_p0_short_switch_tp2r_p0_st5_20_bearish_sr350_lr750_buf0_tg1030_2023-05-24,2023-05-24,15,2.0,2.0,st5_20_bearish,350.0,750.0,0,10:30,SHORT,False,1,2023-05-24 14:05:00+00:00,2023-05-24 14:06:00+00:00,2023-05-24 19:00:00+00:00,TIME_EXIT,SHORT,0.0,17.28,0.0,17.28,17.28,1,3,13675.0,13620.75,54.25
p0_st5_20_bearish_sr350_lr750_buf0_tg1030,"P0 st5_20_bearish, short $350, switch long $750, buffer 0, guard 10:30",NASDAQ_ORB_15m_p0_short_switch_tp2r_p0_st5_20_bearish_sr350_lr750_buf0_tg1030_2023-05-25,2023-05-25,15,2.0,2.0,st5_20_bearish,350.0,750.0,0,10:30,SHORT,True,2,2023-05-25 13:51:00+00:00,2023-05-25 13:52:00+00:00,2023-05-25 19:00:00+00:00,SWITCH_TO_LONG+TIME_EXIT,SHORT,-123.72,-228.24,-123.72,-351.96000000000004,-351.96000000000004,0,4,13966.0,13863.5,102.5
p0_st5_20_bearish_sr350_lr750_buf0_tg1030,"P0 st5_20_bearish, short $350, switch long $750, buffer 0, guard 10:30",NASDAQ_ORB_15m_p0_short_switch_tp2r_p0_st5_20_bearish_sr350_lr750_buf0_tg1030_2023-05-26,2023-05-26,15,2.0,2.0,st5_20_bearish,350.0,750.0,0,10:30,LONG,False,1,2023-05-26 13:49:00+00:00,2023-05-26 13:50:00+00:00,2023-05-26 14:44:00+00:00,TP_2R,LONG,933.78,0.0,0.0,933.78,933.78,1,3,14089.75,14014.75,75.0
p0_st5_20_bearish_sr350_lr750_buf0_tg1030,"P0 st5_20_bearish, short $350, switch long $750, buffer 0, guard 10:30",NASDAQ_ORB_15m_p0_short_switch_tp2r_p0_st5_20_bearish_sr350_lr750_buf0_tg1030_2023-05-29,2023-05-29,15,2.0,2.0,st5_20_bearish,350.0,750.0,0,10:30,LONG,False,1,2023-05-29 14:11:00+00:00,2023-05-29 14:12:00+00:00,2023-05-29 16:59:00+00:00,TP_2R,LONG,905.1999999999999,0.0,0.0,905.1999999999999,905.1999999999999,1,20,14378.75,14368.0,10.75
p0_st5_20_bearish_sr350_lr750_buf0_tg1030,"P0 st5_20_bearish, short $350, switch long $750, buffer 0, guard 10:30",NASDAQ_ORB_15m_p0_short_switch_tp2r_p0_st5_20_bearish_sr350_lr750_buf0_tg1030_2023-05-30,2023-05-30,15,2.0,2.0,st5_20_bearish,350.0,750.0,0,10:30,SHORT,False,1,2023-05-30 13:53:00+00:00,2023-05-30 13:54:00+00:00,2023-05-30 19:00:00+00:00,TIME_EXIT,SHORT,0.0,195.52,0.0,195.52,195.52,1,2,14559.75,14476.0,83.75
p0_st5_20_bearish_sr350_lr750_buf0_tg1030,"P0 st5_20_bearish, short $350, switch long $750, buffer 0, guard 10:30",NASDAQ_ORB_15m_p0_short_switch_tp2r_p0_st5_20_bearish_sr350_lr750_buf0_tg1030_2023-05-31,2023-05-31,15,2.0,2.0,st5_20_bearish,350.0,750.0,0,10:30,LONG,False,1,2023-05-31 13:47:00+00:00,2023-05-31 13:48:00+00:00,2023-05-31 19:00:00+00:00,TIME_EXIT,LONG,-437.22,0.0,0.0,-437.22,-437.22,0,3,14394.0,14324.0,70.0
p0_st5_20_bearish_sr350_lr750_buf0_tg1030,"P0 st5_20_bearish, short $350, switch long $750, buffer 0, guard 10:30",NASDAQ_ORB_15m_p0_short_switch_tp2r_p0_st5_20_bearish_sr350_lr750_buf0_tg1030_2023-06-01,2023-06-01,15,2.0,2.0,st5_20_bearish,350.0,750.0,0,10:30,LONG,False,1,2023-06-01 13:58:00+00:00,2023-06-01 13:59:00+00:00,2023-06-01 16:19:00+00:00,TP_2R,LONG,792.78,0.0,0.0,792.78,792.78,1,3,14313.75,14252.0,61.75
p0_st5_20_bearish_sr350_lr750_buf0_tg1030,"P0 st5_20_bearish, short $350, switch long $750, buffer 0, guard 10:30",NASDAQ_ORB_15m_p0_short_switch_tp2r_p0_st5_20_bearish_sr350_lr750_buf0_tg1030_2023-06-02,2023-06-02,15,2.0,2.0,st5_20_bearish,350.0,750.0,0,10:30,SHORT,False,1,2023-06-02 13:50:00+00:00,2023-06-02 13:51:00+00:00,2023-06-02 19:00:00+00:00,TIME_EXIT,SHORT,0.0,-179.48,0.0,-179.48,-179.48,0,2,14627.75,14542.5,85.25
p0_st5_20_bearish_sr350_lr750_buf0_tg1030,"P0 st5_20_bearish, short $350, switch long $750, buffer 0, guard 10:30",NASDAQ_ORB_15m_p0_short_switch_tp2r_p0_st5_20_bearish_sr350_lr750_buf0_tg1030_2023-06-05,2023-06-05,15,2.0,2.0,st5_20_bearish,350.0,750.0,0,10:30,LONG,False,1,2023-06-05 14:53:00+00:00,2023-06-05 14:54:00+00:00,2023-06-05 19:00:00+00:00,TIME_EXIT,LONG,-181.48,0.0,0.0,-181.48,-181.48,0,2,14651.75,14567.75,84.0
p0_st5_20_bearish_sr350_lr750_buf0_tg1030,"P0 st5_20_bearish, short $350, switch long $750, buffer 0, guard 10:30",NASDAQ_ORB_15m_p0_short_switch_tp2r_p0_st5_20_bearish_sr350_lr750_buf0_tg1030_2023-06-06,2023-06-06,15,2.0,2.0,st5_20_bearish,350.0,750.0,0,10:30,LONG,False,1,2023-06-06 14:11:00+00:00,2023-06-06 14:12:00+00:00,2023-06-06 19:00:00+00:00,TIME_EXIT,LONG,93.78,0.0,0.0,93.78,93.78,1,3,14561.25,14505.0,56.25
p0_st5_20_bearish_sr350_lr750_buf0_tg1030,"P0 st5_20_bearish, short $350, switch long $750, buffer 0, guard 10:30",NASDAQ_ORB_15m_p0_short_switch_tp2r_p0_st5_20_bearish_sr350_lr750_buf0_tg1030_2023-06-07,2023-06-07,15,2.0,2.0,st5_20_bearish,350.0,750.0,0,10:30,SHORT,False,1,2023-06-07 14:16:00+00:00,2023-06-07 14:17:00+00:00,2023-06-07 17:16:00+00:00,TP_2R,SHORT,0.0,407.26,0.0,407.26,407.26,1,1,14675.5,14592.0,83.5
p0_st5_20_bearish_sr350_lr750_buf0_tg1030,"P0 st5_20_bearish, short $350, switch long $750, buffer 0, guard 10:30",NASDAQ_ORB_15m_p0_short_switch_tp2r_p0_st5_20_bearish_sr350_lr750_buf0_tg1030_2023-06-08,2023-06-08,15,2.0,2.0,st5_20_bearish,350.0,750.0,0,10:30,LONG,False,1,2023-06-08 14:06:00+00:00,2023-06-08 14:07:00+00:00,2023-06-08 19:00:00+00:00,TIME_EXIT,LONG,471.78,0.0,0.0,471.78,471.78,1,3,14397.0,14328.0,69.0
p0_st5_20_bearish_sr350_lr750_buf0_tg1030,"P0 st5_20_bearish, short $350, switch long $750, buffer 0, guard 10:30",NASDAQ_ORB_15m_p0_short_switch_tp2r_p0_st5_20_bearish_sr350_lr750_buf0_tg1030_2023-06-09,2023-06-09,15,2.0,2.0,st5_20_bearish,350.0,750.0,0,10:30,LONG,False,1,2023-06-09 13:46:00+00:00,2023-06-09 13:47:00+00:00,2023-06-09 19:00:00+00:00,TIME_EXIT,LONG,-306.71999999999997,0.0,0.0,-306.71999999999997,-306.71999999999997,0,3,14628.5,14556.5,72.0
p0_st5_20_bearish_sr350_lr750_buf0_tg1030,"P0 st5_20_bearish, short $350, switch long $750, buffer 0, guard 10:30",NASDAQ_ORB_15m_p0_short_switch_tp2r_p0_st5_20_bearish_sr350_lr750_buf0_tg1030_2023-06-12,2023-06-12,15,2.0,2.0,st5_20_bearish,350.0,750.0,0,10:30,LONG,False,1,2023-06-12 14:47:00+00:00,2023-06-12 14:48:00+00:00,2023-06-12 18:33:00+00:00,TP_2R,LONG,913.56,0.0,0.0,913.56,913.56,1,6,14819.0,14782.0,37.0
p0_st5_20_bearish_sr350_lr750_buf0_tg1030,"P0 st5_20_bearish, short $350, switch long $750, buffer 0, guard 10:30",NASDAQ_ORB_15m_p0_short_switch_tp2r_p0_st5_20_bearish_sr350_lr750_buf0_tg1030_2023-06-13,2023-06-13,15,2.0,2.0,st5_20_bearish,350.0,750.0,0,10:30,SHORT,False,1,2023-06-13 13:50:00+00:00,2023-06-13 13:51:00+00:00,2023-06-13 19:00:00+00:00,TIME_EXIT,SHORT,0.0,-90.48,0.0,-90.48,-90.48,0,2,15130.0,15063.0,67.0
p0_st5_20_bearish_sr350_lr750_buf0_tg1030,"P0 st5_20_bearish, short $350, switch long $750, buffer 0, guard 10:30",NASDAQ_ORB_15m_p0_short_switch_tp2r_p0_st5_20_bearish_sr350_lr750_buf0_tg1030_2023-06-14,2023-06-14,15,2.0,2.0,st5_20_bearish,350.0,750.0,0,10:30,LONG,False,1,2023-06-14 13:46:00+00:00,2023-06-14 13:47:00+00:00,2023-06-14 15:27:00+00:00,TP_2R,LONG,841.04,0.0,0.0,841.04,841.04,1,4,15103.0,15053.0,50.0
p0_st5_20_bearish_sr350_lr750_buf0_tg1030,"P0 st5_20_bearish, short $350, switch long $750, buffer 0, guard 10:30",NASDAQ_ORB_15m_p0_short_switch_tp2r_p0_st5_20_bearish_sr350_lr750_buf0_tg1030_2023-06-15,2023-06-15,15,2.0,2.0,st5_20_bearish,350.0,750.0,0,10:30,LONG,False,1,2023-06-15 13:49:00+00:00,2023-06-15 13:50:00+00:00,2023-06-15 18:33:00+00:00,TP_2R,LONG,674.52,0.0,0.0,674.52,674.52,1,2,15189.0,15114.25,74.75
p0_st5_20_bearish_sr350_lr750_buf0_tg1030,"P0 st5_20_bearish, short $350, switch long $750, buffer 0, guard 10:30",NASDAQ_ORB_15m_p0_short_switch_tp2r_p0_st5_20_bearish_sr350_lr750_buf0_tg1030_2023-06-16,2023-06-16,15,2.0,2.0,st5_20_bearish,350.0,750.0,0,10:30,SHORT,False,1,2023-06-16 13:47:00+00:00,2023-06-16 13:48:00+00:00,2023-06-16 19:00:00+00:00,TIME_EXIT,SHORT,0.0,73.26,0.0,73.26,73.26,1,1,15475.5,15351.0,124.5
p0_st5_20_bearish_sr350_lr750_buf0_tg1030,"P0 st5_20_bearish, short $350, switch long $750, buffer 0, guard 10:30",NASDAQ_ORB_15m_p0_short_switch_tp2r_p0_st5_20_bearish_sr350_lr750_buf0_tg1030_2023-06-19,2023-06-19,15,2.0,2.0,st5_20_bearish,350.0,750.0,0,10:30,SHORT,False,1,2023-06-19 14:11:00+00:00,2023-06-19 14:12:00+00:00,2023-06-19 22:02:00+00:00,TIME_EXIT,SHORT,0.0,-258.65999999999997,0.0,-258.65999999999997,-258.65999999999997,0,9,15253.25,15236.75,16.5
p0_st5_20_bearish_sr350_lr750_buf0_tg1030,"P0 st5_20_bearish, short $350, switch long $750, buffer 0, guard 10:30",NASDAQ_ORB_15m_p0_short_switch_tp2r_p0_st5_20_bearish_sr350_lr750_buf0_tg1030_2023-06-20,2023-06-20,15,2.0,2.0,st5_20_bearish,350.0,750.0,0,10:30,LONG,False,1,2023-06-20 13:49:00+00:00,2023-06-20 13:50:00+00:00,2023-06-20 19:00:00+00:00,TIME_EXIT,LONG,-236.48,0.0,0.0,-236.48,-236.48,0,2,15291.25,15204.0,87.25
p0_st5_20_bearish_sr350_lr750_buf0_tg1030,"P0 st5_20_bearish, short $350, switch long $750, buffer 0, guard 10:30",NASDAQ_ORB_15m_p0_short_switch_tp2r_p0_st5_20_bearish_sr350_lr750_buf0_tg1030_2023-06-21,2023-06-21,15,2.0,2.0,st5_20_bearish,350.0,750.0,0,10:30,SHORT,False,1,2023-06-21 13:46:00+00:00,2023-06-21 13:47:00+00:00,2023-06-21 14:51:00+00:00,TP_2R,SHORT,0.0,684.78,0.0,684.78,684.78,1,3,15219.25,15175.25,44.0
p0_st5_20_bearish_sr350_lr750_buf0_tg1030,"P0 st5_20_bearish, short $350, switch long $750, buffer 0, guard 10:30",NASDAQ_ORB_15m_p0_short_switch_tp2r_p0_st5_20_bearish_sr350_lr750_buf0_tg1030_2023-06-22,2023-06-22,15,2.0,2.0,st5_20_bearish,350.0,750.0,0,10:30,LONG,False,1,2023-06-22 13:46:00+00:00,2023-06-22 13:47:00+00:00,2023-06-22 19:00:00+00:00,TIME_EXIT,LONG,546.52,0.0,0.0,546.52,546.52,1,2,15049.75,14964.0,85.75
p0_st5_20_bearish_sr350_lr750_buf0_tg1030,"P0 st5_20_bearish, short $350, switch long $750, buffer 0, guard 10:30",NASDAQ_ORB_15m_p0_short_switch_tp2r_p0_st5_20_bearish_sr350_lr750_buf0_tg1030_2023-06-23,2023-06-23,15,2.0,2.0,st5_20_bearish,350.0,750.0,0,10:30,SHORT,True,2,2023-06-23 13:46:00+00:00,2023-06-23 13:47:00+00:00,2023-06-23 19:00:00+00:00,SWITCH_TO_LONG+TIME_EXIT,SHORT,-346.96,-205.74,-346.96,-552.7,-552.7,0,5,15087.75,15012.75,75.0
p0_st5_20_bearish_sr350_lr750_buf0_tg1030,"P0 st5_20_bearish, short $350, switch long $750, buffer 0, guard 10:30",NASDAQ_ORB_15m_p0_short_switch_tp2r_p0_st5_20_bearish_sr350_lr750_buf0_tg1030_2023-06-26,2023-06-26,15,2.0,2.0,st5_20_bearish,350.0,750.0,0,10:30,LONG,False,1,2023-06-26 13:47:00+00:00,2023-06-26 13:48:00+00:00,2023-06-26 19:00:00+00:00,TIME_EXIT,LONG,-974.22,0.0,0.0,-974.22,-974.22,0,3,15090.75,15024.25,66.5
p0_st5_20_bearish_sr350_lr750_buf0_tg1030,"P0 st5_20_bearish, short $350, switch long $750, buffer 0, guard 10:30",NASDAQ_ORB_15m_p0_short_switch_tp2r_p0_st5_20_bearish_sr350_lr750_buf0_tg1030_2023-06-27,2023-06-27,15,2.0,2.0,st5_20_bearish,350.0,750.0,0,10:30,LONG,False,1,2023-06-27 15:29:00+00:00,2023-06-27 15:30:00+00:00,2023-06-27 19:00:00+00:00,TIME_EXIT,LONG,752.28,0.0,0.0,752.28,752.28,1,3,14970.75,14898.0,72.75
p0_st5_20_bearish_sr350_lr750_buf0_tg1030,"P0 st5_20_bearish, short $350, switch long $750, buffer 0, guard 10:30",NASDAQ_ORB_15m_p0_short_switch_tp2r_p0_st5_20_bearish_sr350_lr750_buf0_tg1030_2023-06-28,2023-06-28,15,2.0,2.0,st5_20_bearish,350.0,750.0,0,10:30,LONG,False,1,2023-06-28 13:58:00+00:00,2023-06-28 13:59:00+00:00,2023-06-28 19:00:00+00:00,TIME_EXIT,LONG,119.28,0.0,0.0,119.28,119.28,1,3,15101.25,15025.5,75.75
p0_st5_20_bearish_sr350_lr750_buf0_tg1030,"P0 st5_20_bearish, short $350, switch long $750, buffer 0, guard 10:30",NASDAQ_ORB_15m_p0_short_switch_tp2r_p0_st5_20_bearish_sr350_lr750_buf0_tg1030_2023-06-29,2023-06-29,15,2.0,2.0,st5_20_bearish,350.0,750.0,0,10:30,SHORT,False,1,2023-06-29 13:46:00+00:00,2023-06-29 13:47:00+00:00,2023-06-29 19:00:00+00:00,TIME_EXIT,SHORT,0.0,6.52,0.0,6.52,6.52,1,2,15144.75,15082.75,62.0
p0_st5_20_bearish_sr350_lr750_buf0_tg1030,"P0 st5_20_bearish, short $350, switch long $750, buffer 0, guard 10:30",NASDAQ_ORB_15m_p0_short_switch_tp2r_p0_st5_20_bearish_sr350_lr750_buf0_tg1030_2023-06-30,2023-06-30,15,2.0,2.0,st5_20_bearish,350.0,750.0,0,10:30,LONG,False,1,2023-06-30 13:46:00+00:00,2023-06-30 13:47:00+00:00,2023-06-30 19:00:00+00:00,TIME_EXIT,LONG,207.78000000000003,0.0,0.0,207.78000000000003,207.78000000000003,1,3,15300.0,15238.25,61.75
p0_st5_20_bearish_sr350_lr750_buf0_tg1030,"P0 st5_20_bearish, short $350, switch long $750, buffer 0, guard 10:30",NASDAQ_ORB_15m_p0_short_switch_tp2r_p0_st5_20_bearish_sr350_lr750_buf0_tg1030_2023-07-03,2023-07-03,15,2.0,2.0,st5_20_bearish,350.0,750.0,0,10:30,LONG,False,1,2023-07-03 13:48:00+00:00,2023-07-03 13:49:00+00:00,2023-07-03 22:02:00+00:00,TIME_EXIT,LONG,-385.43999999999994,0.0,0.0,-385.43999999999994,-385.43999999999994,0,6,15374.75,15337.5,37.25
p0_st5_20_bearish_sr350_lr750_buf0_tg1030,"P0 st5_20_bearish, short $350, switch long $750, buffer 0, guard 10:30",NASDAQ_ORB_15m_p0_short_switch_tp2r_p0_st5_20_bearish_sr350_lr750_buf0_tg1030_2023-07-05,2023-07-05,15,2.0,2.0,st5_20_bearish,350.0,750.0,0,10:30,LONG,False,1,2023-07-05 13:46:00+00:00,2023-07-05 13:47:00+00:00,2023-07-05 19:00:00+00:00,TIME_EXIT,LONG,-49.48,0.0,0.0,-49.48,-49.48,0,2,15382.0,15292.5,89.5
p0_st5_20_bearish_sr350_lr750_buf0_tg1030,"P0 st5_20_bearish, short $350, switch long $750, buffer 0, guard 10:30",NASDAQ_ORB_15m_p0_short_switch_tp2r_p0_st5_20_bearish_sr350_lr750_buf0_tg1030_2023-07-06,2023-07-06,15,2.0,2.0,st5_20_bearish,350.0,750.0,0,10:30,SHORT,True,2,2023-07-06 13:55:00+00:00,2023-07-06 13:56:00+00:00,2023-07-06 19:00:00+00:00,SWITCH_TO_LONG+TIME_EXIT,SHORT,286.3,-330.48,286.3,-44.18000000000001,-44.18000000000001,0,7,15214.0,15150.25,63.75
p0_st5_20_bearish_sr350_lr750_buf0_tg1030,"P0 st5_20_bearish, short $350, switch long $750, buffer 0, guard 10:30",NASDAQ_ORB_15m_p0_short_switch_tp2r_p0_st5_20_bearish_sr350_lr750_buf0_tg1030_2023-07-07,2023-07-07,15,2.0,2.0,st5_20_bearish,350.0,750.0,0,10:30,LONG,False,1,2023-07-07 13:47:00+00:00,2023-07-07 13:48:00+00:00,2023-07-07 19:00:00+00:00,TIME_EXIT,LONG,407.04,0.0,0.0,407.04,407.04,1,4,15243.0,15188.5,54.5
p0_st5_20_bearish_sr350_lr750_buf0_tg1030,"P0 st5_20_bearish, short $350, switch long $750, buffer 0, guard 10:30",NASDAQ_ORB_15m_p0_short_switch_tp2r_p0_st5_20_bearish_sr350_lr750_buf0_tg1030_2023-07-10,2023-07-10,15,2.0,2.0,st5_20_bearish,350.0,750.0,0,10:30,SHORT,False,1,2023-07-10 13:50:00+00:00,2023-07-10 13:51:00+00:00,2023-07-10 19:00:00+00:00,TIME_EXIT,SHORT,0.0,-165.48,0.0,-165.48,-165.48,0,2,15214.5,15153.5,61.0
p0_st5_20_bearish_sr350_lr750_buf0_tg1030,"P0 st5_20_bearish, short $350, switch long $750, buffer 0, guard 10:30",NASDAQ_ORB_15m_p0_short_switch_tp2r_p0_st5_20_bearish_sr350_lr750_buf0_tg1030_2023-07-11,2023-07-11,15,2.0,2.0,st5_20_bearish,350.0,750.0,0,10:30,SHORT,True,2,2023-07-11 13:57:00+00:00,2023-07-11 13:58:00+00:00,2023-07-11 19:00:00+00:00,SWITCH_TO_LONG+TIME_EXIT,SHORT,-212.96,-181.24,-212.96,-394.20000000000005,-394.20000000000005,0,5,15233.75,15150.25,83.5
p0_st5_20_bearish_sr350_lr750_buf0_tg1030,"P0 st5_20_bearish, short $350, switch long $750, buffer 0, guard 10:30",NASDAQ_ORB_15m_p0_short_switch_tp2r_p0_st5_20_bearish_sr350_lr750_buf0_tg1030_2023-07-12,2023-07-12,15,2.0,2.0,st5_20_bearish,350.0,750.0,0,10:30,LONG,False,1,2023-07-12 13:49:00+00:00,2023-07-12 13:50:00+00:00,2023-07-12 19:00:00+00:00,TIME_EXIT,LONG,-66.96,0.0,0.0,-66.96,-66.96,0,4,15448.5,15408.0,40.5
p0_st5_20_bearish_sr350_lr750_buf0_tg1030,"P0 st5_20_bearish, short $350, switch long $750, buffer 0, guard 10:30",NASDAQ_ORB_15m_p0_short_switch_tp2r_p0_st5_20_bearish_sr350_lr750_buf0_tg1030_2023-07-13,2023-07-13,15,2.0,2.0,st5_20_bearish,350.0,750.0,0,10:30,LONG,False,1,2023-07-13 13:55:00+00:00,2023-07-13 13:56:00+00:00,2023-07-13 19:00:00+00:00,TIME_EXIT,LONG,368.28000000000003,0.0,0.0,368.28000000000003,368.28000000000003,1,3,15615.25,15552.25,63.0
p0_st5_20_bearish_sr350_lr750_buf0_tg1030,"P0 st5_20_bearish, short $350, switch long $750, buffer 0, guard 10:30",NASDAQ_ORB_15m_p0_short_switch_tp2r_p0_st5_20_bearish_sr350_lr750_buf0_tg1030_2023-07-14,2023-07-14,15,2.0,2.0,st5_20_bearish,350.0,750.0,0,10:30,LONG,False,1,2023-07-14 13:52:00+00:00,2023-07-14 13:53:00+00:00,2023-07-14 19:00:00+00:00,TIME_EXIT,LONG,-440.48,0.0,0.0,-440.48,-440.48,0,2,15803.5,15721.0,82.5
p0_st5_20_bearish_sr350_lr750_buf0_tg1030,"P0 st5_20_bearish, short $350, switch long $750, buffer 0, guard 10:30",NASDAQ_ORB_15m_p0_short_switch_tp2r_p0_st5_20_bearish_sr350_lr750_buf0_tg1030_2023-07-17,2023-07-17,15,2.0,2.0,st5_20_bearish,350.0,750.0,0,10:30,LONG,False,1,2023-07-17 15:29:00+00:00,2023-07-17 15:30:00+00:00,2023-07-17 19:00:00+00:00,TIME_EXIT,LONG,331.04,0.0,0.0,331.04,331.04,1,4,15781.5,15726.25,55.25
p0_st5_20_bearish_sr350_lr750_buf0_tg1030,"P0 st5_20_bearish, short $350, switch long $750, buffer 0, guard 10:30",NASDAQ_ORB_15m_p0_short_switch_tp2r_p0_st5_20_bearish_sr350_lr750_buf0_tg1030_2023-07-18,2023-07-18,15,2.0,2.0,st5_20_bearish,350.0,750.0,0,10:30,SHORT,True,2,2023-07-18 13:52:00+00:00,2023-07-18 13:53:00+00:00,2023-07-18 17:42:00+00:00,SWITCH_TO_LONG+TP_2R,SHORT,1311.3,-301.48,1311.3,1009.8199999999999,1009.8199999999999,1,7,15816.0,15752.5,63.5
p0_st5_20_bearish_sr350_lr750_buf0_tg1030,"P0 st5_20_bearish, short $350, switch long $750, buffer 0, guard 10:30",NASDAQ_ORB_15m_p0_short_switch_tp2r_p0_st5_20_bearish_sr350_lr750_buf0_tg1030_2023-07-19,2023-07-19,15,2.0,2.0,st5_20_bearish,350.0,750.0,0,10:30,SHORT,True,2,2023-07-19 14:16:00+00:00,2023-07-19 14:17:00+00:00,2023-07-19 19:00:00+00:00,SWITCH_TO_LONG+TIME_EXIT,SHORT,-1066.44,-269.48,-1066.44,-1335.92,-1335.92,0,8,16038.25,15978.0,60.25
p0_st5_20_bearish_sr350_lr750_buf0_tg1030,"P0 st5_20_bearish, short $350, switch long $750, buffer 0, guard 10:30",NASDAQ_ORB_15m_p0_short_switch_tp2r_p0_st5_20_bearish_sr350_lr750_buf0_tg1030_2023-07-20,2023-07-20,15,2.0,2.0,st5_20_bearish,350.0,750.0,0,10:30,SHORT,False,1,2023-07-20 14:05:00+00:00,2023-07-20 14:06:00+00:00,2023-07-20 17:19:00+00:00,TP_2R,SHORT,0.0,556.52,0.0,556.52,556.52,1,2,15892.0,15831.5,60.5
p0_st5_20_bearish_sr350_lr750_buf0_tg1030,"P0 st5_20_bearish, short $350, switch long $750, buffer 0, guard 10:30",NASDAQ_ORB_15m_p0_short_switch_tp2r_p0_st5_20_bearish_sr350_lr750_buf0_tg1030_2023-07-21,2023-07-21,15,2.0,2.0,st5_20_bearish,350.0,750.0,0,10:30,SHORT,False,1,2023-07-21 13:49:00+00:00,2023-07-21 13:50:00+00:00,2023-07-21 19:00:00+00:00,TIME_EXIT,SHORT,0.0,278.52,0.0,278.52,278.52,1,2,15719.5,15651.25,68.25
p0_st5_20_bearish_sr350_lr750_buf0_tg1030,"P0 st5_20_bearish, short $350, switch long $750, buffer 0, guard 10:30",NASDAQ_ORB_15m_p0_short_switch_tp2r_p0_st5_20_bearish_sr350_lr750_buf0_tg1030_2023-07-24,2023-07-24,15,2.0,2.0,st5_20_bearish,350.0,750.0,0,10:30,SHORT,False,1,2023-07-24 13:50:00+00:00,2023-07-24 13:51:00+00:00,2023-07-24 19:00:00+00:00,TIME_EXIT,SHORT,0.0,-28.48,0.0,-28.48,-28.48,0,2,15618.25,15573.75,44.5
p0_st5_20_bearish_sr350_lr750_buf0_tg1030,"P0 st5_20_bearish, short $350, switch long $750, buffer 0, guard 10:30",NASDAQ_ORB_15m_p0_short_switch_tp2r_p0_st5_20_bearish_sr350_lr750_buf0_tg1030_2023-07-25,2023-07-25,15,2.0,2.0,st5_20_bearish,350.0,750.0,0,10:30,LONG,False,1,2023-07-25 13:46:00+00:00,2023-07-25 13:47:00+00:00,2023-07-25 19:00:00+00:00,TIME_EXIT,LONG,323.04,0.0,0.0,323.04,323.04,1,4,15635.75,15588.25,47.5
p0_st5_20_bearish_sr350_lr750_buf0_tg1030,"P0 st5_20_bearish, short $350, switch long $750, buffer 0, guard 10:30",NASDAQ_ORB_15m_p0_short_switch_tp2r_p0_st5_20_bearish_sr350_lr750_buf0_tg1030_2023-07-26,2023-07-26,15,2.0,2.0,st5_20_bearish,350.0,750.0,0,10:30,LONG,False,1,2023-07-26 18:40:00+00:00,2023-07-26 18:41:00+00:00,2023-07-26 19:00:00+00:00,TIME_EXIT,LONG,-114.48,0.0,0.0,-114.48,-114.48,0,2,15639.0,15565.75,73.25
p0_st5_20_bearish_sr350_lr750_buf0_tg1030,"P0 st5_20_bearish, short $350, switch long $750, buffer 0, guard 10:30",NASDAQ_ORB_15m_p0_short_switch_tp2r_p0_st5_20_bearish_sr350_lr750_buf0_tg1030_2023-07-27,2023-07-27,15,2.0,2.0,st5_20_bearish,350.0,750.0,0,10:30,LONG,False,1,2023-07-27 13:46:00+00:00,2023-07-27 13:47:00+00:00,2023-07-27 19:00:00+00:00,TIME_EXIT,LONG,-2118.7200000000003,0.0,0.0,-2118.7200000000003,-2118.7200000000003,0,3,15894.5,15822.75,71.75
p0_st5_20_bearish_sr350_lr750_buf0_tg1030,"P0 st5_20_bearish, short $350, switch long $750, buffer 0, guard 10:30",NASDAQ_ORB_15m_p0_short_switch_tp2r_p0_st5_20_bearish_sr350_lr750_buf0_tg1030_2023-07-28,2023-07-28,15,2.0,2.0,st5_20_bearish,350.0,750.0,0,10:30,LONG,False,1,2023-07-28 13:49:00+00:00,2023-07-28 13:50:00+00:00,2023-07-28 19:00:00+00:00,TIME_EXIT,LONG,261.52,0.0,0.0,261.52,261.52,1,2,15795.5,15715.5,80.0
p0_st5_20_bearish_sr350_lr750_buf0_tg1030,"P0 st5_20_bearish, short $350, switch long $750, buffer 0, guard 10:30",NASDAQ_ORB_15m_p0_short_switch_tp2r_p0_st5_20_bearish_sr350_lr750_buf0_tg1030_2023-07-31,2023-07-31,15,2.0,2.0,st5_20_bearish,350.0,750.0,0,10:30,LONG,False,1,2023-07-31 13:46:00+00:00,2023-07-31 13:47:00+00:00,2023-07-31 19:00:00+00:00,TIME_EXIT,LONG,-430.96,0.0,0.0,-430.96,-430.96,0,4,15897.0,15845.25,51.75
p0_st5_20_bearish_sr350_lr750_buf0_tg1030,"P0 st5_20_bearish, short $350, switch long $750, buffer 0, guard 10:30",NASDAQ_ORB_15m_p0_short_switch_tp2r_p0_st5_20_bearish_sr350_lr750_buf0_tg1030_2023-08-01,2023-08-01,15,2.0,2.0,st5_20_bearish,350.0,750.0,0,10:30,LONG,False,1,2023-08-01 14:06:00+00:00,2023-08-01 14:07:00+00:00,2023-08-01 19:00:00+00:00,TIME_EXIT,LONG,238.79999999999998,0.0,0.0,238.79999999999998,238.79999999999998,1,5,15806.0,15765.0,41.0
p0_st5_20_bearish_sr350_lr750_buf0_tg1030,"P0 st5_20_bearish, short $350, switch long $750, buffer 0, guard 10:30",NASDAQ_ORB_15m_p0_short_switch_tp2r_p0_st5_20_bearish_sr350_lr750_buf0_tg1030_2023-08-02,2023-08-02,15,2.0,2.0,st5_20_bearish,350.0,750.0,0,10:30,SHORT,False,1,2023-08-02 14:07:00+00:00,2023-08-02 14:08:00+00:00,2023-08-02 19:00:00+00:00,TIME_EXIT,SHORT,0.0,171.26,0.0,171.26,171.26,1,1,15668.75,15586.25,82.5
p0_st5_20_bearish_sr350_lr750_buf0_tg1030,"P0 st5_20_bearish, short $350, switch long $750, buffer 0, guard 10:30",NASDAQ_ORB_15m_p0_short_switch_tp2r_p0_st5_20_bearish_sr350_lr750_buf0_tg1030_2023-08-03,2023-08-03,15,2.0,2.0,st5_20_bearish,350.0,750.0,0,10:30,LONG,False,1,2023-08-03 13:48:00+00:00,2023-08-03 13:49:00+00:00,2023-08-03 19:00:00+00:00,TIME_EXIT,LONG,150.52,0.0,0.0,150.52,150.52,1,2,15413.5,15351.0,62.5
p0_st5_20_bearish_sr350_lr750_buf0_tg1030,"P0 st5_20_bearish, short $350, switch long $750, buffer 0, guard 10:30",NASDAQ_ORB_15m_p0_short_switch_tp2r_p0_st5_20_bearish_sr350_lr750_buf0_tg1030_2023-08-04,2023-08-04,15,2.0,2.0,st5_20_bearish,350.0,750.0,0,10:30,SHORT,True,2,2023-08-04 13:55:00+00:00,2023-08-04 13:56:00+00:00,2023-08-04 19:00:00+00:00,SWITCH_TO_LONG+TIME_EXIT,SHORT,-1702.96,-229.24,-1702.96,-1932.2,-1932.2,0,5,15584.0,15494.5,89.5
p0_st5_20_bearish_sr350_lr750_buf0_tg1030,"P0 st5_20_bearish, short $350, switch long $750, buffer 0, guard 10:30",NASDAQ_ORB_15m_p0_short_switch_tp2r_p0_st5_20_bearish_sr350_lr750_buf0_tg1030_2023-08-07,2023-08-07,15,2.0,2.0,st5_20_bearish,350.0,750.0,0,10:30,SHORT,False,1,2023-08-07 13:49:00+00:00,2023-08-07 13:50:00+00:00,2023-08-07 19:00:00+00:00,TIME_EXIT,SHORT,0.0,-138.74,0.0,-138.74,-138.74,0,1,15473.25,15386.0,87.25
p0_st5_20_bearish_sr350_lr750_buf0_tg1030,"P0 st5_20_bearish, short $350, switch long $750, buffer 0, guard 10:30",NASDAQ_ORB_15m_p0_short_switch_tp2r_p0_st5_20_bearish_sr350_lr750_buf0_tg1030_2023-08-08,2023-08-08,15,2.0,2.0,st5_20_bearish,350.0,750.0,0,10:30,SHORT,False,1,2023-08-08 13:46:00+00:00,2023-08-08 13:47:00+00:00,2023-08-08 19:00:00+00:00,TIME_EXIT,SHORT,0.0,-91.48,0.0,-91.48,-91.48,0,2,15379.5,15317.25,62.25
p0_st5_20_bearish_sr350_lr750_buf0_tg1030,"P0 st5_20_bearish, short $350, switch long $750, buffer 0, guard 10:30",NASDAQ_ORB_15m_p0_short_switch_tp2r_p0_st5_20_bearish_sr350_lr750_buf0_tg1030_2023-08-09,2023-08-09,15,2.0,2.0,st5_20_bearish,350.0,750.0,0,10:30,SHORT,False,1,2023-08-09 13:51:00+00:00,2023-08-09 13:52:00+00:00,2023-08-09 19:00:00+00:00,TIME_EXIT,SHORT,0.0,-1.74,0.0,-1.74,-1.74,0,1,15369.0,15281.25,87.75
p0_st5_20_bearish_sr350_lr750_buf0_tg1030,"P0 st5_20_bearish, short $350, switch long $750, buffer 0, guard 10:30",NASDAQ_ORB_15m_p0_short_switch_tp2r_p0_st5_20_bearish_sr350_lr750_buf0_tg1030_2023-08-10,2023-08-10,15,2.0,2.0,st5_20_bearish,350.0,750.0,0,10:30,LONG,False,1,2023-08-10 13:47:00+00:00,2023-08-10 13:48:00+00:00,2023-08-10 19:00:00+00:00,TIME_EXIT,LONG,-512.48,0.0,0.0,-512.48,-512.48,0,2,15356.25,15273.25,83.0
p0_st5_20_bearish_sr350_lr750_buf0_tg1030,"P0 st5_20_bearish, short $350, switch long $750, buffer 0, guard 10:30",NASDAQ_ORB_15m_p0_short_switch_tp2r_p0_st5_20_bearish_sr350_lr750_buf0_tg1030_2023-08-11,2023-08-11,15,2.0,2.0,st5_20_bearish,350.0,750.0,0,10:30,LONG,False,1,2023-08-11 14:03:00+00:00,2023-08-11 14:04:00+00:00,2023-08-11 19:00:00+00:00,TIME_EXIT,LONG,71.04,0.0,0.0,71.04,71.04,1,4,15116.75,15057.25,59.5
p0_st5_20_bearish_sr350_lr750_buf0_tg1030,"P0 st5_20_bearish, short $350, switch long $750, buffer 0, guard 10:30",NASDAQ_ORB_15m_p0_short_switch_tp2r_p0_st5_20_bearish_sr350_lr750_buf0_tg1030_2023-08-14,2023-08-14,15,2.0,2.0,st5_20_bearish,350.0,750.0,0,10:30,LONG,False,1,2023-08-14 13:46:00+00:00,2023-08-14 13:47:00+00:00,2023-08-14 19:00:00+00:00,TIME_EXIT,LONG,605.28,0.0,0.0,605.28,605.28,1,3,15108.5,15036.25,72.25
p0_st5_20_bearish_sr350_lr750_buf0_tg1030,"P0 st5_20_bearish, short $350, switch long $750, buffer 0, guard 10:30",NASDAQ_ORB_15m_p0_short_switch_tp2r_p0_st5_20_bearish_sr350_lr750_buf0_tg1030_2023-08-15,2023-08-15,15,2.0,2.0,st5_20_bearish,350.0,750.0,0,10:30,SHORT,False,1,2023-08-15 14:05:00+00:00,2023-08-15 14:06:00+00:00,2023-08-15 19:00:00+00:00,TIME_EXIT,SHORT,0.0,-4.24,0.0,-4.24,-4.24,0,1,15259.25,15200.75,58.5
p0_st5_20_bearish_sr350_lr750_buf0_tg1030,"P0 st5_20_bearish, short $350, switch long $750, buffer 0, guard 10:30",NASDAQ_ORB_15m_p0_short_switch_tp2r_p0_st5_20_bearish_sr350_lr750_buf0_tg1030_2023-08-16,2023-08-16,15,2.0,2.0,st5_20_bearish,350.0,750.0,0,10:30,LONG,False,1,2023-08-16 13:48:00+00:00,2023-08-16 13:49:00+00:00,2023-08-16 19:00:00+00:00,TIME_EXIT,LONG,-640.96,0.0,0.0,-640.96,-640.96,0,4,15109.0,15050.75,58.25
p0_st5_20_bearish_sr350_lr750_buf0_tg1030,"P0 st5_20_bearish, short $350, switch long $750, buffer 0, guard 10:30",NASDAQ_ORB_15m_p0_short_switch_tp2r_p0_st5_20_bearish_sr350_lr750_buf0_tg1030_2023-08-17,2023-08-17,15,2.0,2.0,st5_20_bearish,350.0,750.0,0,10:30,SHORT,False,1,2023-08-17 13:47:00+00:00,2023-08-17 13:48:00+00:00,2023-08-17 18:57:00+00:00,TP_2R,SHORT,0.0,550.52,0.0,550.52,550.52,1,2,15008.0,14940.75,67.25
p0_st5_20_bearish_sr350_lr750_buf0_tg1030,"P0 st5_20_bearish, short $350, switch long $750, buffer 0, guard 10:30",NASDAQ_ORB_15m_p0_short_switch_tp2r_p0_st5_20_bearish_sr350_lr750_buf0_tg1030_2023-08-18,2023-08-18,15,2.0,2.0,st5_20_bearish,350.0,750.0,0,10:30,LONG,False,1,2023-08-18 13:49:00+00:00,2023-08-18 13:50:00+00:00,2023-08-18 19:00:00+00:00,TIME_EXIT,LONG,561.04,0.0,0.0,561.04,561.04,1,4,14674.0,14622.75,51.25
p0_st5_20_bearish_sr350_lr750_buf0_tg1030,"P0 st5_20_bearish, short $350, switch long $750, buffer 0, guard 10:30",NASDAQ_ORB_15m_p0_short_switch_tp2r_p0_st5_20_bearish_sr350_lr750_buf0_tg1030_2023-08-21,2023-08-21,15,2.0,2.0,st5_20_bearish,350.0,750.0,0,10:30,LONG,False,1,2023-08-21 13:57:00+00:00,2023-08-21 13:58:00+00:00,2023-08-21 19:00:00+00:00,TIME_EXIT,LONG,333.52,0.0,0.0,333.52,333.52,1,2,14888.75,14805.5,83.25
p0_st5_20_bearish_sr350_lr750_buf0_tg1030,"P0 st5_20_bearish, short $350, switch long $750, buffer 0, guard 10:30",NASDAQ_ORB_15m_p0_short_switch_tp2r_p0_st5_20_bearish_sr350_lr750_buf0_tg1030_2023-08-22,2023-08-22,15,2.0,2.0,st5_20_bearish,350.0,750.0,0,10:30,SHORT,False,1,2023-08-22 13:55:00+00:00,2023-08-22 13:56:00+00:00,2023-08-22 19:00:00+00:00,TIME_EXIT,SHORT,0.0,161.52,0.0,161.52,161.52,1,2,15092.25,15017.5,74.75
p0_st5_20_bearish_sr350_lr750_buf0_tg1030,"P0 st5_20_bearish, short $350, switch long $750, buffer 0, guard 10:30",NASDAQ_ORB_15m_p0_short_switch_tp2r_p0_st5_20_bearish_sr350_lr750_buf0_tg1030_2023-08-23,2023-08-23,15,2.0,2.0,st5_20_bearish,350.0,750.0,0,10:30,LONG,False,1,2023-08-23 13:46:00+00:00,2023-08-23 13:47:00+00:00,2023-08-23 14:24:00+00:00,TP_2R,LONG,911.3,0.0,0.0,911.3,911.3,1,5,15039.0,14999.25,39.75
p0_st5_20_bearish_sr350_lr750_buf0_tg1030,"P0 st5_20_bearish, short $350, switch long $750, buffer 0, guard 10:30",NASDAQ_ORB_15m_p0_short_switch_tp2r_p0_st5_20_bearish_sr350_lr750_buf0_tg1030_2023-08-24,2023-08-24,15,2.0,2.0,st5_20_bearish,350.0,750.0,0,10:30,SHORT,False,1,2023-08-24 13:46:00+00:00,2023-08-24 13:47:00+00:00,2023-08-24 18:45:00+00:00,TP_2R,SHORT,0.0,534.26,0.0,534.26,534.26,1,1,15339.5,15212.25,127.25
p0_st5_20_bearish_sr350_lr750_buf0_tg1030,"P0 st5_20_bearish, short $350, switch long $750, buffer 0, guard 10:30",NASDAQ_ORB_15m_p0_short_switch_tp2r_p0_st5_20_bearish_sr350_lr750_buf0_tg1030_2023-08-25,2023-08-25,15,2.0,2.0,st5_20_bearish,350.0,750.0,0,10:30,LONG,False,1,2023-08-25 13:54:00+00:00,2023-08-25 13:55:00+00:00,2023-08-25 19:00:00+00:00,TIME_EXIT,LONG,323.04,0.0,0.0,323.04,323.04,1,4,14948.0,14892.0,56.0
p0_st5_20_bearish_sr350_lr750_buf0_tg1030,"P0 st5_20_bearish, short $350, switch long $750, buffer 0, guard 10:30",NASDAQ_ORB_15m_p0_short_switch_tp2r_p0_st5_20_bearish_sr350_lr750_buf0_tg1030_2023-08-29,2023-08-29,15,2.0,2.0,st5_20_bearish,350.0,750.0,0,10:30,LONG,False,1,2023-08-29 13:46:00+00:00,2023-08-29 13:47:00+00:00,2023-08-29 15:19:00+00:00,TP_2R,LONG,744.52,0.0,0.0,744.52,744.52,1,2,15134.5,15062.25,72.25
p0_st5_20_bearish_sr350_lr750_buf0_tg1030,"P0 st5_20_bearish, short $350, switch long $750, buffer 0, guard 10:30",NASDAQ_ORB_15m_p0_short_switch_tp2r_p0_st5_20_bearish_sr350_lr750_buf0_tg1030_2023-08-30,2023-08-30,15,2.0,2.0,st5_20_bearish,350.0,750.0,0,10:30,LONG,False,1,2023-08-30 13:55:00+00:00,2023-08-30 13:56:00+00:00,2023-08-30 19:00:00+00:00,TIME_EXIT,LONG,252.78000000000003,0.0,0.0,252.78000000000003,252.78000000000003,1,3,15447.75,15386.5,61.25
p0_st5_20_bearish_sr350_lr750_buf0_tg1030,"P0 st5_20_bearish, short $350, switch long $750, buffer 0, guard 10:30",NASDAQ_ORB_15m_p0_short_switch_tp2r_p0_st5_20_bearish_sr350_lr750_buf0_tg1030_2023-08-31,2023-08-31,15,2.0,2.0,st5_20_bearish,350.0,750.0,0,10:30,LONG,False,1,2023-08-31 13:46:00+00:00,2023-08-31 13:47:00+00:00,2023-08-31 19:00:00+00:00,TIME_EXIT,LONG,-9.72,0.0,0.0,-9.72,-9.72,0,3,15553.75,15488.75,65.0
p0_st5_20_bearish_sr350_lr750_buf0_tg1030,"P0 st5_20_bearish, short $350, switch long $750, buffer 0, guard 10:30",NASDAQ_ORB_15m_p0_short_switch_tp2r_p0_st5_20_bearish_sr350_lr750_buf0_tg1030_2023-09-01,2023-09-01,15,2.0,2.0,st5_20_bearish,350.0,750.0,0,10:30,SHORT,False,1,2023-09-01 13:46:00+00:00,2023-09-01 13:47:00+00:00,2023-09-01 19:00:00+00:00,TIME_EXIT,SHORT,0.0,67.26,0.0,67.26,67.26,1,1,15652.0,15534.0,118.0
p0_st5_20_bearish_sr350_lr750_buf0_tg1030,"P0 st5_20_bearish, short $350, switch long $750, buffer 0, guard 10:30",NASDAQ_ORB_15m_p0_short_switch_tp2r_p0_st5_20_bearish_sr350_lr750_buf0_tg1030_2023-09-04,2023-09-04,15,2.0,2.0,st5_20_bearish,350.0,750.0,0,10:30,LONG,False,1,2023-09-04 13:53:00+00:00,2023-09-04 13:54:00+00:00,2023-09-04 22:02:00+00:00,TIME_EXIT,LONG,-1017.4,0.0,0.0,-1017.4,-1017.4,0,10,15575.25,15554.25,21.0
p0_st5_20_bearish_sr350_lr750_buf0_tg1030,"P0 st5_20_bearish, short $350, switch long $750, buffer 0, guard 10:30",NASDAQ_ORB_15m_p0_short_switch_tp2r_p0_st5_20_bearish_sr350_lr750_buf0_tg1030_2023-09-05,2023-09-05,15,2.0,2.0,st5_20_bearish,350.0,750.0,0,10:30,LONG,False,1,2023-09-05 14:25:00+00:00,2023-09-05 14:26:00+00:00,2023-09-05 19:00:00+00:00,TIME_EXIT,LONG,587.04,0.0,0.0,587.04,587.04,1,4,15506.5,15449.75,56.75
p0_st5_20_bearish_sr350_lr750_buf0_tg1030,"P0 st5_20_bearish, short $350, switch long $750, buffer 0, guard 10:30",NASDAQ_ORB_15m_p0_short_switch_tp2r_p0_st5_20_bearish_sr350_lr750_buf0_tg1030_2023-09-06,2023-09-06,15,2.0,2.0,st5_20_bearish,350.0,750.0,0,10:30,LONG,False,1,2023-09-06 13:53:00+00:00,2023-09-06 13:54:00+00:00,2023-09-06 19:00:00+00:00,TIME_EXIT,LONG,-1356.2,0.0,0.0,-1356.2,-1356.2,0,5,15507.25,15460.25,47.0
p0_st5_20_bearish_sr350_lr750_buf0_tg1030,"P0 st5_20_bearish, short $350, switch long $750, buffer 0, guard 10:30",NASDAQ_ORB_15m_p0_short_switch_tp2r_p0_st5_20_bearish_sr350_lr750_buf0_tg1030_2023-09-07,2023-09-07,15,2.0,2.0,st5_20_bearish,350.0,750.0,0,10:30,LONG,False,1,2023-09-07 14:41:00+00:00,2023-09-07 14:42:00+00:00,2023-09-07 19:00:00+00:00,TIME_EXIT,LONG,145.52,0.0,0.0,145.52,145.52,1,2,15240.75,15157.5,83.25
p0_st5_20_bearish_sr350_lr750_buf0_tg1030,"P0 st5_20_bearish, short $350, switch long $750, buffer 0, guard 10:30",NASDAQ_ORB_15m_p0_short_switch_tp2r_p0_st5_20_bearish_sr350_lr750_buf0_tg1030_2023-09-08,2023-09-08,15,2.0,2.0,st5_20_bearish,350.0,750.0,0,10:30,LONG,False,1,2023-09-08 13:49:00+00:00,2023-09-08 13:50:00+00:00,2023-09-08 19:00:00+00:00,TIME_EXIT,LONG,-371.48,0.0,0.0,-371.48,-371.48,0,2,15359.0,15270.5,88.5
p0_st5_20_bearish_sr350_lr750_buf0_tg1030,"P0 st5_20_bearish, short $350, switch long $750, buffer 0, guard 10:30",NASDAQ_ORB_15m_p0_short_switch_tp2r_p0_st5_20_bearish_sr350_lr750_buf0_tg1030_2023-09-11,2023-09-11,15,2.0,2.0,st5_20_bearish,350.0,750.0,0,10:30,LONG,False,1,2023-09-11 17:35:00+00:00,2023-09-11 17:36:00+00:00,2023-09-11 19:00:00+00:00,TIME_EXIT,LONG,158.28,0.0,0.0,158.28,158.28,1,3,15647.0,15573.0,74.0
p0_st5_20_bearish_sr350_lr750_buf0_tg1030,"P0 st5_20_bearish, short $350, switch long $750, buffer 0, guard 10:30",NASDAQ_ORB_15m_p0_short_switch_tp2r_p0_st5_20_bearish_sr350_lr750_buf0_tg1030_2023-09-12,2023-09-12,15,2.0,2.0,st5_20_bearish,350.0,750.0,0,10:30,LONG,False,1,2023-09-12 13:57:00+00:00,2023-09-12 13:58:00+00:00,2023-09-12 19:00:00+00:00,TIME_EXIT,LONG,-882.72,0.0,0.0,-882.72,-882.72,0,3,15644.75,15583.75,61.0
p0_st5_20_bearish_sr350_lr750_buf0_tg1030,"P0 st5_20_bearish, short $350, switch long $750, buffer 0, guard 10:30",NASDAQ_ORB_15m_p0_short_switch_tp2r_p0_st5_20_bearish_sr350_lr750_buf0_tg1030_2023-09-13,2023-09-13,15,2.0,2.0,st5_20_bearish,350.0,750.0,0,10:30,LONG,False,1,2023-09-13 14:41:00+00:00,2023-09-13 14:42:00+00:00,2023-09-13 19:00:00+00:00,TIME_EXIT,LONG,-66.72,0.0,0.0,-66.72,-66.72,0,3,15561.75,15493.5,68.25
p0_st5_20_bearish_sr350_lr750_buf0_tg1030,"P0 st5_20_bearish, short $350, switch long $750, buffer 0, guard 10:30",NASDAQ_ORB_15m_p0_short_switch_tp2r_p0_st5_20_bearish_sr350_lr750_buf0_tg1030_2023-09-14,2023-09-14,15,2.0,2.0,st5_20_bearish,350.0,750.0,0,10:30,SHORT,True,2,2023-09-14 13:51:00+00:00,2023-09-14 13:52:00+00:00,2023-09-14 19:00:00+00:00,SWITCH_TO_LONG+TIME_EXIT,SHORT,403.8,-273.48,403.8,130.32,130.32,1,7,15638.75,15582.5,56.25
p0_st5_20_bearish_sr350_lr750_buf0_tg1030,"P0 st5_20_bearish, short $350, switch long $750, buffer 0, guard 10:30",NASDAQ_ORB_15m_p0_short_switch_tp2r_p0_st5_20_bearish_sr350_lr750_buf0_tg1030_2023-09-15,2023-09-15,15,2.0,2.0,st5_20_bearish,350.0,750.0,0,10:30,SHORT,False,1,2023-09-15 13:47:00+00:00,2023-09-15 13:48:00+00:00,2023-09-15 19:00:00+00:00,TIME_EXIT,SHORT,0.0,284.26,0.0,284.26,284.26,1,1,15627.75,15520.25,107.5
p0_st5_20_bearish_sr350_lr750_buf0_tg1030,"P0 st5_20_bearish, short $350, switch long $750, buffer 0, guard 10:30",NASDAQ_ORB_15m_p0_short_switch_tp2r_p0_st5_20_bearish_sr350_lr750_buf0_tg1030_2023-09-18,2023-09-18,15,2.0,2.0,st5_20_bearish,350.0,750.0,0,10:30,LONG,False,1,2023-09-18 14:18:00+00:00,2023-09-18 14:19:00+00:00,2023-09-18 19:00:00+00:00,TIME_EXIT,LONG,-167.48,0.0,0.0,-167.48,-167.48,0,2,15435.0,15343.25,91.75
p0_st5_20_bearish_sr350_lr750_buf0_tg1030,"P0 st5_20_bearish, short $350, switch long $750, buffer 0, guard 10:30",NASDAQ_ORB_15m_p0_short_switch_tp2r_p0_st5_20_bearish_sr350_lr750_buf0_tg1030_2023-09-19,2023-09-19,15,2.0,2.0,st5_20_bearish,350.0,750.0,0,10:30,SHORT,True,2,2023-09-19 13:51:00+00:00,2023-09-19 13:52:00+00:00,2023-09-19 19:00:00+00:00,SWITCH_TO_LONG+TIME_EXIT,SHORT,-393.68,-336.71999999999997,-393.68,-730.4,-730.4,0,10,15373.25,15324.0,49.25
p0_st5_20_bearish_sr350_lr750_buf0_tg1030,"P0 st5_20_bearish, short $350, switch long $750, buffer 0, guard 10:30",NASDAQ_ORB_15m_p0_short_switch_tp2r_p0_st5_20_bearish_sr350_lr750_buf0_tg1030_2023-09-20,2023-09-20,15,2.0,2.0,st5_20_bearish,350.0,750.0,0,10:30,LONG,False,1,2023-09-20 13:57:00+00:00,2023-09-20 13:58:00+00:00,2023-09-20 19:00:00+00:00,TIME_EXIT,LONG,-1056.96,0.0,0.0,-1056.96,-1056.96,0,4,15430.25,15375.0,55.25
p0_st5_20_bearish_sr350_lr750_buf0_tg1030,"P0 st5_20_bearish, short $350, switch long $750, buffer 0, guard 10:30",NASDAQ_ORB_15m_p0_short_switch_tp2r_p0_st5_20_bearish_sr350_lr750_buf0_tg1030_2023-09-21,2023-09-21,15,2.0,2.0,st5_20_bearish,350.0,750.0,0,10:30,SHORT,False,1,2023-09-21 13:47:00+00:00,2023-09-21 13:48:00+00:00,2023-09-21 19:00:00+00:00,TIME_EXIT,SHORT,0.0,275.28000000000003,0.0,275.28000000000003,275.28000000000003,1,3,15020.0,14974.5,45.5
p0_st5_20_bearish_sr350_lr750_buf0_tg1030,"P0 st5_20_bearish, short $350, switch long $750, buffer 0, guard 10:30",NASDAQ_ORB_15m_p0_short_switch_tp2r_p0_st5_20_bearish_sr350_lr750_buf0_tg1030_2023-09-22,2023-09-22,15,2.0,2.0,st5_20_bearish,350.0,750.0,0,10:30,LONG,False,1,2023-09-22 13:48:00+00:00,2023-09-22 13:49:00+00:00,2023-09-22 19:00:00+00:00,TIME_EXIT,LONG,-418.96,0.0,0.0,-418.96,-418.96,0,4,14941.5,14888.0,53.5
p0_st5_20_bearish_sr350_lr750_buf0_tg1030,"P0 st5_20_bearish, short $350, switch long $750, buffer 0, guard 10:30",NASDAQ_ORB_15m_p0_short_switch_tp2r_p0_st5_20_bearish_sr350_lr750_buf0_tg1030_2023-09-25,2023-09-25,15,2.0,2.0,st5_20_bearish,350.0,750.0,0,10:30,LONG,False,1,2023-09-25 13:47:00+00:00,2023-09-25 13:48:00+00:00,2023-09-25 19:00:00+00:00,TIME_EXIT,LONG,18.52,0.0,0.0,18.52,18.52,1,2,14867.25,14782.5,84.75
p0_st5_20_bearish_sr350_lr750_buf0_tg1030,"P0 st5_20_bearish, short $350, switch long $750, buffer 0, guard 10:30",NASDAQ_ORB_15m_p0_short_switch_tp2r_p0_st5_20_bearish_sr350_lr750_buf0_tg1030_2023-09-26,2023-09-26,15,2.0,2.0,st5_20_bearish,350.0,750.0,0,10:30,SHORT,False,1,2023-09-26 13:50:00+00:00,2023-09-26 13:51:00+00:00,2023-09-26 17:50:00+00:00,TP_2R,SHORT,0.0,558.78,0.0,558.78,558.78,1,3,14846.0,14802.75,43.25
p0_st5_20_bearish_sr350_lr750_buf0_tg1030,"P0 st5_20_bearish, short $350, switch long $750, buffer 0, guard 10:30",NASDAQ_ORB_15m_p0_short_switch_tp2r_p0_st5_20_bearish_sr350_lr750_buf0_tg1030_2023-09-27,2023-09-27,15,2.0,2.0,st5_20_bearish,350.0,750.0,0,10:30,LONG,False,1,2023-09-27 13:47:00+00:00,2023-09-27 13:48:00+00:00,2023-09-27 19:00:00+00:00,TIME_EXIT,LONG,-578.6999999999999,0.0,0.0,-578.6999999999999,-578.6999999999999,0,5,14793.25,14749.25,44.0
p0_st5_20_bearish_sr350_lr750_buf0_tg1030,"P0 st5_20_bearish, short $350, switch long $750, buffer 0, guard 10:30",NASDAQ_ORB_15m_p0_short_switch_tp2r_p0_st5_20_bearish_sr350_lr750_buf0_tg1030_2023-09-28,2023-09-28,15,2.0,2.0,st5_20_bearish,350.0,750.0,0,10:30,LONG,False,1,2023-09-28 13:53:00+00:00,2023-09-28 13:54:00+00:00,2023-09-28 15:30:00+00:00,TP_2R,LONG,893.04,0.0,0.0,893.04,893.04,1,4,14711.75,14656.25,55.5
p0_st5_20_bearish_sr350_lr750_buf0_tg1030,"P0 st5_20_bearish, short $350, switch long $750, buffer 0, guard 10:30",NASDAQ_ORB_15m_p0_short_switch_tp2r_p0_st5_20_bearish_sr350_lr750_buf0_tg1030_2023-09-29,2023-09-29,15,2.0,2.0,st5_20_bearish,350.0,750.0,0,10:30,LONG,False,1,2023-09-29 13:49:00+00:00,2023-09-29 13:50:00+00:00,2023-09-29 19:00:00+00:00,TIME_EXIT,LONG,-1014.96,0.0,0.0,-1014.96,-1014.96,0,4,15015.0,14976.75,38.25
p0_st5_20_bearish_sr350_lr750_buf0_tg1030,"P0 st5_20_bearish, short $350, switch long $750, buffer 0, guard 10:30",NASDAQ_ORB_15m_p0_short_switch_tp2r_p0_st5_20_bearish_sr350_lr750_buf0_tg1030_2023-10-02,2023-10-02,15,2.0,2.0,st5_20_bearish,350.0,750.0,0,10:30,LONG,False,1,2023-10-02 14:03:00+00:00,2023-10-02 14:04:00+00:00,2023-10-02 19:00:00+00:00,TIME_EXIT,LONG,-170.24,0.0,0.0,-170.24,-170.24,0,1,14961.0,14847.25,113.75
p0_st5_20_bearish_sr350_lr750_buf0_tg1030,"P0 st5_20_bearish, short $350, switch long $750, buffer 0, guard 10:30",NASDAQ_ORB_15m_p0_short_switch_tp2r_p0_st5_20_bearish_sr350_lr750_buf0_tg1030_2023-10-03,2023-10-03,15,2.0,2.0,st5_20_bearish,350.0,750.0,0,10:30,LONG,False,1,2023-10-03 13:50:00+00:00,2023-10-03 13:51:00+00:00,2023-10-03 19:00:00+00:00,TIME_EXIT,LONG,-1868.96,0.0,0.0,-1868.96,-1868.96,0,4,14925.5,14873.75,51.75
p0_st5_20_bearish_sr350_lr750_buf0_tg1030,"P0 st5_20_bearish, short $350, switch long $750, buffer 0, guard 10:30",NASDAQ_ORB_15m_p0_short_switch_tp2r_p0_st5_20_bearish_sr350_lr750_buf0_tg1030_2023-10-04,2023-10-04,15,2.0,2.0,st5_20_bearish,350.0,750.0,0,10:30,SHORT,True,2,2023-10-04 14:30:00+00:00,2023-10-04 14:31:00+00:00,2023-10-04 19:00:00+00:00,SWITCH_TO_LONG+TIME_EXIT,SHORT,153.78,-211.24,153.78,-57.46000000000001,-57.46000000000001,0,4,14834.5,14748.0,86.5
p0_st5_20_bearish_sr350_lr750_buf0_tg1030,"P0 st5_20_bearish, short $350, switch long $750, buffer 0, guard 10:30",NASDAQ_ORB_15m_p0_short_switch_tp2r_p0_st5_20_bearish_sr350_lr750_buf0_tg1030_2023-10-05,2023-10-05,15,2.0,2.0,st5_20_bearish,350.0,750.0,0,10:30,SHORT,False,1,2023-10-05 13:49:00+00:00,2023-10-05 13:50:00+00:00,2023-10-05 19:00:00+00:00,TIME_EXIT,SHORT,0.0,-186.48,0.0,-186.48,-186.48,0,2,14926.5,14855.5,71.0
p0_st5_20_bearish_sr350_lr750_buf0_tg1030,"P0 st5_20_bearish, short $350, switch long $750, buffer 0, guard 10:30",NASDAQ_ORB_15m_p0_short_switch_tp2r_p0_st5_20_bearish_sr350_lr750_buf0_tg1030_2023-10-06,2023-10-06,15,2.0,2.0,st5_20_bearish,350.0,750.0,0,10:30,LONG,False,1,2023-10-06 14:24:00+00:00,2023-10-06 14:25:00+00:00,2023-10-06 15:44:00+00:00,TP_2R,LONG,832.52,0.0,0.0,832.52,832.52,1,2,14800.75,14702.0,98.75
p0_st5_20_bearish_sr350_lr750_buf0_tg1030,"P0 st5_20_bearish, short $350, switch long $750, buffer 0, guard 10:30",NASDAQ_ORB_15m_p0_short_switch_tp2r_p0_st5_20_bearish_sr350_lr750_buf0_tg1030_2023-10-09,2023-10-09,15,2.0,2.0,st5_20_bearish,350.0,750.0,0,10:30,LONG,False,1,2023-10-09 13:46:00+00:00,2023-10-09 13:47:00+00:00,2023-10-09 19:00:00+00:00,TIME_EXIT,LONG,640.52,0.0,0.0,640.52,640.52,1,2,15036.75,14949.25,87.5
p0_st5_20_bearish_sr350_lr750_buf0_tg1030,"P0 st5_20_bearish, short $350, switch long $750, buffer 0, guard 10:30",NASDAQ_ORB_15m_p0_short_switch_tp2r_p0_st5_20_bearish_sr350_lr750_buf0_tg1030_2023-10-10,2023-10-10,15,2.0,2.0,st5_20_bearish,350.0,750.0,0,10:30,LONG,False,1,2023-10-10 13:59:00+00:00,2023-10-10 14:00:00+00:00,2023-10-10 15:08:00+00:00,TP_2R,LONG,797.04,0.0,0.0,797.04,797.04,1,4,15225.75,15180.0,45.75
p0_st5_20_bearish_sr350_lr750_buf0_tg1030,"P0 st5_20_bearish, short $350, switch long $750, buffer 0, guard 10:30",NASDAQ_ORB_15m_p0_short_switch_tp2r_p0_st5_20_bearish_sr350_lr750_buf0_tg1030_2023-10-11,2023-10-11,15,2.0,2.0,st5_20_bearish,350.0,750.0,0,10:30,SHORT,False,1,2023-10-11 14:15:00+00:00,2023-10-11 14:16:00+00:00,2023-10-11 19:00:00+00:00,TIME_EXIT,SHORT,0.0,-80.48,0.0,-80.48,-80.48,0,2,15387.5,15323.5,64.0
p0_st5_20_bearish_sr350_lr750_buf0_tg1030,"P0 st5_20_bearish, short $350, switch long $750, buffer 0, guard 10:30",NASDAQ_ORB_15m_p0_short_switch_tp2r_p0_st5_20_bearish_sr350_lr750_buf0_tg1030_2023-10-12,2023-10-12,15,2.0,2.0,st5_20_bearish,350.0,750.0,0,10:30,LONG,False,1,2023-10-12 14:07:00+00:00,2023-10-12 14:08:00+00:00,2023-10-12 19:00:00+00:00,TIME_EXIT,LONG,-1168.96,0.0,0.0,-1168.96,-1168.96,0,4,15416.5,15366.0,50.5
p0_st5_20_bearish_sr350_lr750_buf0_tg1030,"P0 st5_20_bearish, short $350, switch long $750, buffer 0, guard 10:30",NASDAQ_ORB_15m_p0_short_switch_tp2r_p0_st5_20_bearish_sr350_lr750_buf0_tg1030_2023-10-13,2023-10-13,15,2.0,2.0,st5_20_bearish,350.0,750.0,0,10:30,SHORT,False,1,2023-10-13 14:15:00+00:00,2023-10-13 14:16:00+00:00,2023-10-13 15:53:00+00:00,TP_2R,SHORT,0.0,622.52,0.0,622.52,622.52,1,2,15367.0,15302.5,64.5
p0_st5_20_bearish_sr350_lr750_buf0_tg1030,"P0 st5_20_bearish, short $350, switch long $750, buffer 0, guard 10:30",NASDAQ_ORB_15m_p0_short_switch_tp2r_p0_st5_20_bearish_sr350_lr750_buf0_tg1030_2023-10-16,2023-10-16,15,2.0,2.0,st5_20_bearish,350.0,750.0,0,10:30,LONG,False,1,2023-10-16 14:13:00+00:00,2023-10-16 14:14:00+00:00,2023-10-16 19:00:00+00:00,TIME_EXIT,LONG,212.52,0.0,0.0,212.52,212.52,1,2,15260.0,15168.75,91.25
p0_st5_20_bearish_sr350_lr750_buf0_tg1030,"P0 st5_20_bearish, short $350, switch long $750, buffer 0, guard 10:30",NASDAQ_ORB_15m_p0_short_switch_tp2r_p0_st5_20_bearish_sr350_lr750_buf0_tg1030_2023-10-17,2023-10-17,15,2.0,2.0,st5_20_bearish,350.0,750.0,0,10:30,SHORT,True,2,2023-10-17 13:46:00+00:00,2023-10-17 13:47:00+00:00,2023-10-17 15:36:00+00:00,SWITCH_TO_LONG+TP_2R,SHORT,1291.56,-296.48,1291.56,995.0799999999999,995.0799999999999,1,8,15142.0,15102.25,39.75
p0_st5_20_bearish_sr350_lr750_buf0_tg1030,"P0 st5_20_bearish, short $350, switch long $750, buffer 0, guard 10:30",NASDAQ_ORB_15m_p0_short_switch_tp2r_p0_st5_20_bearish_sr350_lr750_buf0_tg1030_2023-10-18,2023-10-18,15,2.0,2.0,st5_20_bearish,350.0,750.0,0,10:30,LONG,False,1,2023-10-18 14:20:00+00:00,2023-10-18 14:21:00+00:00,2023-10-18 19:00:00+00:00,TIME_EXIT,LONG,-837.72,0.0,0.0,-837.72,-837.72,0,3,15199.0,15125.5,73.5
p0_st5_20_bearish_sr350_lr750_buf0_tg1030,"P0 st5_20_bearish, short $350, switch long $750, buffer 0, guard 10:30",NASDAQ_ORB_15m_p0_short_switch_tp2r_p0_st5_20_bearish_sr350_lr750_buf0_tg1030_2023-10-19,2023-10-19,15,2.0,2.0,st5_20_bearish,350.0,750.0,0,10:30,SHORT,True,2,2023-10-19 14:30:00+00:00,2023-10-19 14:31:00+00:00,2023-10-19 19:00:00+00:00,SWITCH_TO_LONG+TIME_EXIT,SHORT,-1774.96,-221.74,-1774.96,-1996.7,-1996.7,0,5,15109.25,15021.0,88.25
p0_st5_20_bearish_sr350_lr750_buf0_tg1030,"P0 st5_20_bearish, short $350, switch long $750, buffer 0, guard 10:30",NASDAQ_ORB_15m_p0_short_switch_tp2r_p0_st5_20_bearish_sr350_lr750_buf0_tg1030_2023-10-20,2023-10-20,15,2.0,2.0,st5_20_bearish,350.0,750.0,0,10:30,SHORT,False,1,2023-10-20 14:15:00+00:00,2023-10-20 14:16:00+00:00,2023-10-20 19:00:00+00:00,TIME_EXIT,SHORT,0.0,150.26,0.0,150.26,150.26,1,1,14885.5,14810.5,75.0
p0_st5_20_bearish_sr350_lr750_buf0_tg1030,"P0 st5_20_bearish, short $350, switch long $750, buffer 0, guard 10:30",NASDAQ_ORB_15m_p0_short_switch_tp2r_p0_st5_20_bearish_sr350_lr750_buf0_tg1030_2023-10-23,2023-10-23,15,2.0,2.0,st5_20_bearish,350.0,750.0,0,10:30,LONG,False,1,2023-10-23 13:56:00+00:00,2023-10-23 13:57:00+00:00,2023-10-23 19:00:00+00:00,TIME_EXIT,LONG,588.52,0.0,0.0,588.52,588.52,1,2,14630.0,14514.25,115.75
p0_st5_20_bearish_sr350_lr750_buf0_tg1030,"P0 st5_20_bearish, short $350, switch long $750, buffer 0, guard 10:30",NASDAQ_ORB_15m_p0_short_switch_tp2r_p0_st5_20_bearish_sr350_lr750_buf0_tg1030_2023-10-24,2023-10-24,15,2.0,2.0,st5_20_bearish,350.0,750.0,0,10:30,LONG,False,1,2023-10-24 14:29:00+00:00,2023-10-24 14:30:00+00:00,2023-10-24 19:00:00+00:00,TIME_EXIT,LONG,-74.22,0.0,0.0,-74.22,-74.22,0,3,14837.25,14762.5,74.75
p0_st5_20_bearish_sr350_lr750_buf0_tg1030,"P0 st5_20_bearish, short $350, switch long $750, buffer 0, guard 10:30",NASDAQ_ORB_15m_p0_short_switch_tp2r_p0_st5_20_bearish_sr350_lr750_buf0_tg1030_2023-10-25,2023-10-25,15,2.0,2.0,st5_20_bearish,350.0,750.0,0,10:30,SHORT,False,1,2023-10-25 13:46:00+00:00,2023-10-25 13:47:00+00:00,2023-10-25 19:00:00+00:00,TIME_EXIT,SHORT,0.0,277.76,0.0,277.76,277.76,1,1,14749.0,14626.5,122.5
p0_st5_20_bearish_sr350_lr750_buf0_tg1030,"P0 st5_20_bearish, short $350, switch long $750, buffer 0, guard 10:30",NASDAQ_ORB_15m_p0_short_switch_tp2r_p0_st5_20_bearish_sr350_lr750_buf0_tg1030_2023-10-26,2023-10-26,15,2.0,2.0,st5_20_bearish,350.0,750.0,0,10:30,SHORT,False,1,2023-10-26 13:55:00+00:00,2023-10-26 13:56:00+00:00,2023-10-26 19:00:00+00:00,TIME_EXIT,SHORT,0.0,50.76,0.0,50.76,50.76,1,1,14459.25,14368.75,90.5
p0_st5_20_bearish_sr350_lr750_buf0_tg1030,"P0 st5_20_bearish, short $350, switch long $750, buffer 0, guard 10:30",NASDAQ_ORB_15m_p0_short_switch_tp2r_p0_st5_20_bearish_sr350_lr750_buf0_tg1030_2023-10-27,2023-10-27,15,2.0,2.0,st5_20_bearish,350.0,750.0,0,10:30,LONG,False,1,2023-10-27 14:07:00+00:00,2023-10-27 14:08:00+00:00,2023-10-27 19:00:00+00:00,TIME_EXIT,LONG,-1268.7,0.0,0.0,-1268.7,-1268.7,0,5,14349.5,14302.25,47.25
p0_st5_20_bearish_sr350_lr750_buf0_tg1030,"P0 st5_20_bearish, short $350, switch long $750, buffer 0, guard 10:30",NASDAQ_ORB_15m_p0_short_switch_tp2r_p0_st5_20_bearish_sr350_lr750_buf0_tg1030_2023-10-30,2023-10-30,15,2.0,2.0,st5_20_bearish,350.0,750.0,0,10:30,LONG,False,1,2023-10-30 13:46:00+00:00,2023-10-30 13:47:00+00:00,2023-10-30 19:00:00+00:00,TIME_EXIT,LONG,-46.48,0.0,0.0,-46.48,-46.48,0,2,14437.25,14334.75,102.5
p0_st5_20_bearish_sr350_lr750_buf0_tg1030,"P0 st5_20_bearish, short $350, switch long $750, buffer 0, guard 10:30",NASDAQ_ORB_15m_p0_short_switch_tp2r_p0_st5_20_bearish_sr350_lr750_buf0_tg1030_2023-10-31,2023-10-31,15,2.0,2.0,st5_20_bearish,350.0,750.0,0,10:30,SHORT,True,2,2023-10-31 13:53:00+00:00,2023-10-31 13:54:00+00:00,2023-10-31 19:00:00+00:00,SWITCH_TO_LONG+TIME_EXIT,SHORT,300.78000000000003,-236.74,300.78000000000003,64.04000000000002,64.04000000000002,1,4,14429.0,14327.0,102.0
p0_st5_20_bearish_sr350_lr750_buf0_tg1030,"P0 st5_20_bearish, short $350, switch long $750, buffer 0, guard 10:30",NASDAQ_ORB_15m_p0_short_switch_tp2r_p0_st5_20_bearish_sr350_lr750_buf0_tg1030_2023-11-01,2023-11-01,15,2.0,2.0,st5_20_bearish,350.0,750.0,0,10:30,LONG,False,1,2023-11-01 13:47:00+00:00,2023-11-01 13:48:00+00:00,2023-11-01 19:00:00+00:00,TIME_EXIT,LONG,681.04,0.0,0.0,681.04,681.04,1,4,14568.75,14515.25,53.5
p0_st5_20_bearish_sr350_lr750_buf0_tg1030,"P0 st5_20_bearish, short $350, switch long $750, buffer 0, guard 10:30",NASDAQ_ORB_15m_p0_short_switch_tp2r_p0_st5_20_bearish_sr350_lr750_buf0_tg1030_2023-11-02,2023-11-02,15,2.0,2.0,st5_20_bearish,350.0,750.0,0,10:30,SHORT,True,2,2023-11-02 14:10:00+00:00,2023-11-02 14:11:00+00:00,2023-11-02 19:00:00+00:00,SWITCH_TO_LONG+TIME_EXIT,SHORT,565.32,-262.48,565.32,302.84000000000003,302.84000000000003,1,9,14952.5,14904.0,48.5
p0_st5_20_bearish_sr350_lr750_buf0_tg1030,"P0 st5_20_bearish, short $350, switch long $750, buffer 0, guard 10:30",NASDAQ_ORB_15m_p0_short_switch_tp2r_p0_st5_20_bearish_sr350_lr750_buf0_tg1030_2023-11-03,2023-11-03,15,2.0,2.0,st5_20_bearish,350.0,750.0,0,10:30,LONG,False,1,2023-11-03 13:46:00+00:00,2023-11-03 13:47:00+00:00,2023-11-03 19:00:00+00:00,TIME_EXIT,LONG,636.78,0.0,0.0,636.78,636.78,1,3,15094.25,15040.25,54.0
p0_st5_20_bearish_sr350_lr750_buf0_tg1030,"P0 st5_20_bearish, short $350, switch long $750, buffer 0, guard 10:30",NASDAQ_ORB_15m_p0_short_switch_tp2r_p0_st5_20_bearish_sr350_lr750_buf0_tg1030_2023-11-06,2023-11-06,15,2.0,2.0,st5_20_bearish,350.0,750.0,0,10:30,SHORT,False,1,2023-11-06 15:15:00+00:00,2023-11-06 15:16:00+00:00,2023-11-06 20:00:00+00:00,TIME_EXIT,SHORT,0.0,-85.48,0.0,-85.48,-85.48,0,2,15257.5,15203.25,54.25
p0_st5_20_bearish_sr350_lr750_buf0_tg1030,"P0 st5_20_bearish, short $350, switch long $750, buffer 0, guard 10:30",NASDAQ_ORB_15m_p0_short_switch_tp2r_p0_st5_20_bearish_sr350_lr750_buf0_tg1030_2023-11-07,2023-11-07,15,2.0,2.0,st5_20_bearish,350.0,750.0,0,10:30,LONG,False,1,2023-11-07 14:56:00+00:00,2023-11-07 14:57:00+00:00,2023-11-07 20:00:00+00:00,TIME_EXIT,LONG,567.78,0.0,0.0,567.78,567.78,1,3,15287.0,15224.5,62.5
p0_st5_20_bearish_sr350_lr750_buf0_tg1030,"P0 st5_20_bearish, short $350, switch long $750, buffer 0, guard 10:30",NASDAQ_ORB_15m_p0_short_switch_tp2r_p0_st5_20_bearish_sr350_lr750_buf0_tg1030_2023-11-08,2023-11-08,15,2.0,2.0,st5_20_bearish,350.0,750.0,0,10:30,SHORT,False,1,2023-11-08 15:05:00+00:00,2023-11-08 15:06:00+00:00,2023-11-08 20:00:00+00:00,TIME_EXIT,SHORT,0.0,3.52,0.0,3.52,3.52,1,2,15416.0,15373.75,42.25
p0_st5_20_bearish_sr350_lr750_buf0_tg1030,"P0 st5_20_bearish, short $350, switch long $750, buffer 0, guard 10:30",NASDAQ_ORB_15m_p0_short_switch_tp2r_p0_st5_20_bearish_sr350_lr750_buf0_tg1030_2023-11-09,2023-11-09,15,2.0,2.0,st5_20_bearish,350.0,750.0,0,10:30,LONG,False,1,2023-11-09 15:00:00+00:00,2023-11-09 15:01:00+00:00,2023-11-09 20:00:00+00:00,TIME_EXIT,LONG,-1300.96,0.0,0.0,-1300.96,-1300.96,0,4,15419.25,15365.75,53.5
p0_st5_20_bearish_sr350_lr750_buf0_tg1030,"P0 st5_20_bearish, short $350, switch long $750, buffer 0, guard 10:30",NASDAQ_ORB_15m_p0_short_switch_tp2r_p0_st5_20_bearish_sr350_lr750_buf0_tg1030_2023-11-10,2023-11-10,15,2.0,2.0,st5_20_bearish,350.0,750.0,0,10:30,LONG,False,1,2023-11-10 14:53:00+00:00,2023-11-10 14:54:00+00:00,2023-11-10 17:56:00+00:00,TP_2R,LONG,927.78,0.0,0.0,927.78,927.78,1,3,15380.75,15305.5,75.25
p0_st5_20_bearish_sr350_lr750_buf0_tg1030,"P0 st5_20_bearish, short $350, switch long $750, buffer 0, guard 10:30",NASDAQ_ORB_15m_p0_short_switch_tp2r_p0_st5_20_bearish_sr350_lr750_buf0_tg1030_2023-11-13,2023-11-13,15,2.0,2.0,st5_20_bearish,350.0,750.0,0,10:30,SHORT,True,2,2023-11-13 14:53:00+00:00,2023-11-13 14:54:00+00:00,2023-11-13 20:00:00+00:00,SWITCH_TO_LONG+TIME_EXIT,SHORT,334.56,-354.71999999999997,334.56,-20.159999999999968,-20.159999999999968,0,9,15539.0,15484.0,55.0
p0_st5_20_bearish_sr350_lr750_buf0_tg1030,"P0 st5_20_bearish, short $350, switch long $750, buffer 0, guard 10:30",NASDAQ_ORB_15m_p0_short_switch_tp2r_p0_st5_20_bearish_sr350_lr750_buf0_tg1030_2023-11-14,2023-11-14,15,2.0,2.0,st5_20_bearish,350.0,750.0,0,10:30,LONG,False,1,2023-11-14 14:46:00+00:00,2023-11-14 14:47:00+00:00,2023-11-14 20:00:00+00:00,TIME_EXIT,LONG,182.28,0.0,0.0,182.28,182.28,1,3,15856.75,15790.0,66.75
p0_st5_20_bearish_sr350_lr750_buf0_tg1030,"P0 st5_20_bearish, short $350, switch long $750, buffer 0, guard 10:30",NASDAQ_ORB_15m_p0_short_switch_tp2r_p0_st5_20_bearish_sr350_lr750_buf0_tg1030_2023-11-15,2023-11-15,15,2.0,2.0,st5_20_bearish,350.0,750.0,0,10:30,SHORT,False,1,2023-11-15 14:47:00+00:00,2023-11-15 14:48:00+00:00,2023-11-15 18:13:00+00:00,TP_2R,SHORT,0.0,645.04,0.0,645.04,645.04,1,4,15974.0,15934.0,40.0
p0_st5_20_bearish_sr350_lr750_buf0_tg1030,"P0 st5_20_bearish, short $350, switch long $750, buffer 0, guard 10:30",NASDAQ_ORB_15m_p0_short_switch_tp2r_p0_st5_20_bearish_sr350_lr750_buf0_tg1030_2023-11-16,2023-11-16,15,2.0,2.0,st5_20_bearish,350.0,750.0,0,10:30,LONG,False,1,2023-11-16 14:46:00+00:00,2023-11-16 14:47:00+00:00,2023-11-16 20:00:00+00:00,TIME_EXIT,LONG,285.32,0.0,0.0,285.32,285.32,1,7,15855.25,15825.0,30.25
p0_st5_20_bearish_sr350_lr750_buf0_tg1030,"P0 st5_20_bearish, short $350, switch long $750, buffer 0, guard 10:30",NASDAQ_ORB_15m_p0_short_switch_tp2r_p0_st5_20_bearish_sr350_lr750_buf0_tg1030_2023-11-17,2023-11-17,15,2.0,2.0,st5_20_bearish,350.0,750.0,0,10:30,LONG,False,1,2023-11-17 14:53:00+00:00,2023-11-17 14:54:00+00:00,2023-11-17 20:00:00+00:00,TIME_EXIT,LONG,353.8,0.0,0.0,353.8,353.8,1,5,15873.25,15831.5,41.75
p0_st5_20_bearish_sr350_lr750_buf0_tg1030,"P0 st5_20_bearish, short $350, switch long $750, buffer 0, guard 10:30",NASDAQ_ORB_15m_p0_short_switch_tp2r_p0_st5_20_bearish_sr350_lr750_buf0_tg1030_2023-11-20,2023-11-20,15,2.0,2.0,st5_20_bearish,350.0,750.0,0,10:30,LONG,False,1,2023-11-20 14:52:00+00:00,2023-11-20 14:53:00+00:00,2023-11-20 20:00:00+00:00,TIME_EXIT,LONG,426.52,0.0,0.0,426.52,426.52,1,2,15983.0,15894.75,88.25
p0_st5_20_bearish_sr350_lr750_buf0_tg1030,"P0 st5_20_bearish, short $350, switch long $750, buffer 0, guard 10:30",NASDAQ_ORB_15m_p0_short_switch_tp2r_p0_st5_20_bearish_sr350_lr750_buf0_tg1030_2023-11-21,2023-11-21,15,2.0,2.0,st5_20_bearish,350.0,750.0,0,10:30,SHORT,False,1,2023-11-21 15:18:00+00:00,2023-11-21 15:19:00+00:00,2023-11-21 20:00:00+00:00,TIME_EXIT,SHORT,0.0,-72.96,0.0,-72.96,-72.96,0,4,16021.25,15980.5,40.75
p0_st5_20_bearish_sr350_lr750_buf0_tg1030,"P0 st5_20_bearish, short $350, switch long $750, buffer 0, guard 10:30",NASDAQ_ORB_15m_p0_short_switch_tp2r_p0_st5_20_bearish_sr350_lr750_buf0_tg1030_2023-11-22,2023-11-22,15,2.0,2.0,st5_20_bearish,350.0,750.0,0,10:30,SHORT,False,1,2023-11-22 14:55:00+00:00,2023-11-22 14:56:00+00:00,2023-11-22 20:00:00+00:00,TIME_EXIT,SHORT,0.0,4.76,0.0,4.76,4.76,1,1,16173.25,16069.5,103.75
p0_st5_20_bearish_sr350_lr750_buf0_tg1030,"P0 st5_20_bearish, short $350, switch long $750, buffer 0, guard 10:30",NASDAQ_ORB_15m_p0_short_switch_tp2r_p0_st5_20_bearish_sr350_lr750_buf0_tg1030_2023-11-23,2023-11-23,15,2.0,2.0,st5_20_bearish,350.0,750.0,0,10:30,SHORT,True,2,2023-11-23 15:05:00+00:00,2023-11-23 15:06:00+00:00,2023-11-23 23:02:00+00:00,SWITCH_TO_LONG+TIME_EXIT,SHORT,-204.8,-404.14000000000004,-204.8,-608.94,-608.94,0,31,16069.5,16055.0,14.5
p0_st5_20_bearish_sr350_lr750_buf0_tg1030,"P0 st5_20_bearish, short $350, switch long $750, buffer 0, guard 10:30",NASDAQ_ORB_15m_p0_short_switch_tp2r_p0_st5_20_bearish_sr350_lr750_buf0_tg1030_2023-11-27,2023-11-27,15,2.0,2.0,st5_20_bearish,350.0,750.0,0,10:30,LONG,False,1,2023-11-27 15:10:00+00:00,2023-11-27 15:11:00+00:00,2023-11-27 20:00:00+00:00,TIME_EXIT,LONG,-119.22,0.0,0.0,-119.22,-119.22,0,3,16037.25,15970.25,67.0
p0_st5_20_bearish_sr350_lr750_buf0_tg1030,"P0 st5_20_bearish, short $350, switch long $750, buffer 0, guard 10:30",NASDAQ_ORB_15m_p0_short_switch_tp2r_p0_st5_20_bearish_sr350_lr750_buf0_tg1030_2023-11-28,2023-11-28,15,2.0,2.0,st5_20_bearish,350.0,750.0,0,10:30,LONG,False,1,2023-11-28 15:40:00+00:00,2023-11-28 15:41:00+00:00,2023-11-28 20:00:00+00:00,TIME_EXIT,LONG,96.30000000000001,0.0,0.0,96.30000000000001,96.30000000000001,1,5,16007.25,15963.25,44.0
p0_st5_20_bearish_sr350_lr750_buf0_tg1030,"P0 st5_20_bearish, short $350, switch long $750, buffer 0, guard 10:30",NASDAQ_ORB_15m_p0_short_switch_tp2r_p0_st5_20_bearish_sr350_lr750_buf0_tg1030_2023-11-29,2023-11-29,15,2.0,2.0,st5_20_bearish,350.0,750.0,0,10:30,SHORT,False,1,2023-11-29 15:10:00+00:00,2023-11-29 15:11:00+00:00,2023-11-29 20:00:00+00:00,TIME_EXIT,SHORT,0.0,233.52,0.0,233.52,233.52,1,2,16207.75,16146.5,61.25
p0_st5_20_bearish_sr350_lr750_buf0_tg1030,"P0 st5_20_bearish, short $350, switch long $750, buffer 0, guard 10:30",NASDAQ_ORB_15m_p0_short_switch_tp2r_p0_st5_20_bearish_sr350_lr750_buf0_tg1030_2023-11-30,2023-11-30,15,2.0,2.0,st5_20_bearish,350.0,750.0,0,10:30,SHORT,False,1,2023-11-30 14:46:00+00:00,2023-11-30 14:47:00+00:00,2023-11-30 20:00:00+00:00,TIME_EXIT,SHORT,0.0,68.76,0.0,68.76,68.76,1,1,16051.5,15961.0,90.5
p0_st5_20_bearish_sr350_lr750_buf0_tg1030,"P0 st5_20_bearish, short $350, switch long $750, buffer 0, guard 10:30",NASDAQ_ORB_15m_p0_short_switch_tp2r_p0_st5_20_bearish_sr350_lr750_buf0_tg1030_2023-12-01,2023-12-01,15,2.0,2.0,st5_20_bearish,350.0,750.0,0,10:30,LONG,False,1,2023-12-01 14:46:00+00:00,2023-12-01 14:47:00+00:00,2023-12-01 20:00:00+00:00,TIME_EXIT,LONG,551.28,0.0,0.0,551.28,551.28,1,3,15936.75,15875.5,61.25
p0_st5_20_bearish_sr350_lr750_buf0_tg1030,"P0 st5_20_bearish, short $350, switch long $750, buffer 0, guard 10:30",NASDAQ_ORB_15m_p0_short_switch_tp2r_p0_st5_20_bearish_sr350_lr750_buf0_tg1030_2023-12-04,2023-12-04,15,2.0,2.0,st5_20_bearish,350.0,750.0,0,10:30,SHORT,False,1,2023-12-04 14:51:00+00:00,2023-12-04 14:52:00+00:00,2023-12-04 15:54:00+00:00,TP_2R,SHORT,0.0,585.78,0.0,585.78,585.78,1,3,15876.25,15831.75,44.5
p0_st5_20_bearish_sr350_lr750_buf0_tg1030,"P0 st5_20_bearish, short $350, switch long $750, buffer 0, guard 10:30",NASDAQ_ORB_15m_p0_short_switch_tp2r_p0_st5_20_bearish_sr350_lr750_buf0_tg1030_2023-12-05,2023-12-05,15,2.0,2.0,st5_20_bearish,350.0,750.0,0,10:30,LONG,False,1,2023-12-05 14:54:00+00:00,2023-12-05 14:55:00+00:00,2023-12-05 20:00:00+00:00,TIME_EXIT,LONG,231.78000000000003,0.0,0.0,231.78000000000003,231.78000000000003,1,3,15848.25,15783.25,65.0
p0_st5_20_bearish_sr350_lr750_buf0_tg1030,"P0 st5_20_bearish, short $350, switch long $750, buffer 0, guard 10:30",NASDAQ_ORB_15m_p0_short_switch_tp2r_p0_st5_20_bearish_sr350_lr750_buf0_tg1030_2023-12-06,2023-12-06,15,2.0,2.0,st5_20_bearish,350.0,750.0,0,10:30,SHORT,False,1,2023-12-06 15:01:00+00:00,2023-12-06 15:02:00+00:00,2023-12-06 20:00:00+00:00,TIME_EXIT,SHORT,0.0,129.26,0.0,129.26,129.26,1,1,16039.0,15936.5,102.5
p0_st5_20_bearish_sr350_lr750_buf0_tg1030,"P0 st5_20_bearish, short $350, switch long $750, buffer 0, guard 10:30",NASDAQ_ORB_15m_p0_short_switch_tp2r_p0_st5_20_bearish_sr350_lr750_buf0_tg1030_2023-12-07,2023-12-07,15,2.0,2.0,st5_20_bearish,350.0,750.0,0,10:30,LONG,False,1,2023-12-07 15:22:00+00:00,2023-12-07 15:23:00+00:00,2023-12-07 20:00:00+00:00,TIME_EXIT,LONG,125.52,0.0,0.0,125.52,125.52,1,2,15982.0,15907.0,75.0
p0_st5_20_bearish_sr350_lr750_buf0_tg1030,"P0 st5_20_bearish, short $350, switch long $750, buffer 0, guard 10:30",NASDAQ_ORB_15m_p0_short_switch_tp2r_p0_st5_20_bearish_sr350_lr750_buf0_tg1030_2023-12-08,2023-12-08,15,2.0,2.0,st5_20_bearish,350.0,750.0,0,10:30,LONG,False,1,2023-12-08 15:01:00+00:00,2023-12-08 15:02:00+00:00,2023-12-08 20:00:00+00:00,TIME_EXIT,LONG,323.52,0.0,0.0,323.52,323.52,1,2,16024.0,15946.75,77.25
p0_st5_20_bearish_sr350_lr750_buf0_tg1030,"P0 st5_20_bearish, short $350, switch long $750, buffer 0, guard 10:30",NASDAQ_ORB_15m_p0_short_switch_tp2r_p0_st5_20_bearish_sr350_lr750_buf0_tg1030_2023-12-12,2023-12-12,15,2.0,2.0,st5_20_bearish,350.0,750.0,0,10:30,LONG,False,1,2023-12-12 14:57:00+00:00,2023-12-12 14:58:00+00:00,2023-12-12 20:00:00+00:00,TIME_EXIT,LONG,749.04,0.0,0.0,749.04,749.04,1,4,16449.0,16396.5,52.5
p0_st5_20_bearish_sr350_lr750_buf0_tg1030,"P0 st5_20_bearish, short $350, switch long $750, buffer 0, guard 10:30",NASDAQ_ORB_15m_p0_short_switch_tp2r_p0_st5_20_bearish_sr350_lr750_buf0_tg1030_2023-12-13,2023-12-13,15,2.0,2.0,st5_20_bearish,350.0,750.0,0,10:30,LONG,False,1,2023-12-13 19:03:00+00:00,2023-12-13 19:04:00+00:00,2023-12-13 19:43:00+00:00,TP_2R,LONG,833.04,0.0,0.0,833.04,833.04,1,4,16657.25,16606.0,51.25
p0_st5_20_bearish_sr350_lr750_buf0_tg1030,"P0 st5_20_bearish, short $350, switch long $750, buffer 0, guard 10:30",NASDAQ_ORB_15m_p0_short_switch_tp2r_p0_st5_20_bearish_sr350_lr750_buf0_tg1030_2023-12-14,2023-12-14,15,2.0,2.0,st5_20_bearish,350.0,750.0,0,10:30,LONG,False,1,2023-12-14 14:47:00+00:00,2023-12-14 14:48:00+00:00,2023-12-14 20:00:00+00:00,TIME_EXIT,LONG,-1012.96,0.0,0.0,-1012.96,-1012.96,0,4,16863.25,16811.5,51.75
p0_st5_20_bearish_sr350_lr750_buf0_tg1030,"P0 st5_20_bearish, short $350, switch long $750, buffer 0, guard 10:30",NASDAQ_ORB_15m_p0_short_switch_tp2r_p0_st5_20_bearish_sr350_lr750_buf0_tg1030_2023-12-15,2023-12-15,15,2.0,2.0,st5_20_bearish,350.0,750.0,0,10:30,LONG,False,1,2023-12-15 15:16:00+00:00,2023-12-15 15:17:00+00:00,2023-12-15 20:00:00+00:00,TIME_EXIT,LONG,-201.71999999999997,0.0,0.0,-201.71999999999997,-201.71999999999997,0,3,16844.25,16780.25,64.0
p0_st5_20_bearish_sr350_lr750_buf0_tg1030,"P0 st5_20_bearish, short $350, switch long $750, buffer 0, guard 10:30",NASDAQ_ORB_15m_p0_short_switch_tp2r_p0_st5_20_bearish_sr350_lr750_buf0_tg1030_2023-12-18,2023-12-18,15,2.0,2.0,st5_20_bearish,350.0,750.0,0,10:30,LONG,False,1,2023-12-18 14:58:00+00:00,2023-12-18 14:59:00+00:00,2023-12-18 20:00:00+00:00,TIME_EXIT,LONG,803.8,0.0,0.0,803.8,803.8,1,5,16878.25,16832.0,46.25
p0_st5_20_bearish_sr350_lr750_buf0_tg1030,"P0 st5_20_bearish, short $350, switch long $750, buffer 0, guard 10:30",NASDAQ_ORB_15m_p0_short_switch_tp2r_p0_st5_20_bearish_sr350_lr750_buf0_tg1030_2023-12-19,2023-12-19,15,2.0,2.0,st5_20_bearish,350.0,750.0,0,10:30,LONG,False,1,2023-12-19 15:33:00+00:00,2023-12-19 15:34:00+00:00,2023-12-19 20:00:00+00:00,TIME_EXIT,LONG,15.04,0.0,0.0,15.04,15.04,1,4,16995.25,16944.5,50.75
p0_st5_20_bearish_sr350_lr750_buf0_tg1030,"P0 st5_20_bearish, short $350, switch long $750, buffer 0, guard 10:30",NASDAQ_ORB_15m_p0_short_switch_tp2r_p0_st5_20_bearish_sr350_lr750_buf0_tg1030_2023-12-20,2023-12-20,15,2.0,2.0,st5_20_bearish,350.0,750.0,0,10:30,LONG,False,1,2023-12-20 14:56:00+00:00,2023-12-20 14:57:00+00:00,2023-12-20 20:00:00+00:00,TIME_EXIT,LONG,-1444.96,0.0,0.0,-1444.96,-1444.96,0,4,17020.5,16970.75,49.75
p0_st5_20_bearish_sr350_lr750_buf0_tg1030,"P0 st5_20_bearish, short $350, switch long $750, buffer 0, guard 10:30",NASDAQ_ORB_15m_p0_short_switch_tp2r_p0_st5_20_bearish_sr350_lr750_buf0_tg1030_2023-12-21,2023-12-21,15,2.0,2.0,st5_20_bearish,350.0,750.0,0,10:30,SHORT,False,1,2023-12-21 15:00:00+00:00,2023-12-21 15:01:00+00:00,2023-12-21 20:00:00+00:00,TIME_EXIT,SHORT,0.0,28.52,0.0,28.52,28.52,1,2,16958.75,16900.75,58.0
p0_st5_20_bearish_sr350_lr750_buf0_tg1030,"P0 st5_20_bearish, short $350, switch long $750, buffer 0, guard 10:30",NASDAQ_ORB_15m_p0_short_switch_tp2r_p0_st5_20_bearish_sr350_lr750_buf0_tg1030_2023-12-22,2023-12-22,15,2.0,2.0,st5_20_bearish,350.0,750.0,0,10:30,LONG,False,1,2023-12-22 14:51:00+00:00,2023-12-22 14:52:00+00:00,2023-12-22 20:00:00+00:00,TIME_EXIT,LONG,-434.96,0.0,0.0,-434.96,-434.96,0,4,17035.0,16989.25,45.75
p0_st5_20_bearish_sr350_lr750_buf0_tg1030,"P0 st5_20_bearish, short $350, switch long $750, buffer 0, guard 10:30",NASDAQ_ORB_15m_p0_short_switch_tp2r_p0_st5_20_bearish_sr350_lr750_buf0_tg1030_2023-12-26,2023-12-26,15,2.0,2.0,st5_20_bearish,350.0,750.0,0,10:30,LONG,False,1,2023-12-26 15:27:00+00:00,2023-12-26 15:28:00+00:00,2023-12-26 20:00:00+00:00,TIME_EXIT,LONG,188.79999999999998,0.0,0.0,188.79999999999998,188.79999999999998,1,5,17052.0,17005.25,46.75
p0_st5_20_bearish_sr350_lr750_buf0_tg1030,"P0 st5_20_bearish, short $350, switch long $750, buffer 0, guard 10:30",NASDAQ_ORB_15m_p0_short_switch_tp2r_p0_st5_20_bearish_sr350_lr750_buf0_tg1030_2023-12-27,2023-12-27,15,2.0,2.0,st5_20_bearish,350.0,750.0,0,10:30,LONG,False,1,2023-12-27 15:01:00+00:00,2023-12-27 15:02:00+00:00,2023-12-27 20:00:00+00:00,TIME_EXIT,LONG,-709.92,0.0,0.0,-709.92,-709.92,0,8,17121.75,17091.75,30.0
p0_st5_20_bearish_sr350_lr750_buf0_tg1030,"P0 st5_20_bearish, short $350, switch long $750, buffer 0, guard 10:30",NASDAQ_ORB_15m_p0_short_switch_tp2r_p0_st5_20_bearish_sr350_lr750_buf0_tg1030_2023-12-28,2023-12-28,15,2.0,2.0,st5_20_bearish,350.0,750.0,0,10:30,SHORT,False,1,2023-12-28 14:52:00+00:00,2023-12-28 14:53:00+00:00,2023-12-28 20:00:00+00:00,TIME_EXIT,SHORT,0.0,3.04,0.0,3.04,3.04,1,4,17159.0,17116.75,42.25
p0_st5_20_bearish_sr350_lr750_buf0_tg1030,"P0 st5_20_bearish, short $350, switch long $750, buffer 0, guard 10:30",NASDAQ_ORB_15m_p0_short_switch_tp2r_p0_st5_20_bearish_sr350_lr750_buf0_tg1030_2023-12-29,2023-12-29,15,2.0,2.0,st5_20_bearish,350.0,750.0,0,10:30,LONG,False,1,2023-12-29 14:51:00+00:00,2023-12-29 14:52:00+00:00,2023-12-29 20:00:00+00:00,TIME_EXIT,LONG,-890.68,0.0,0.0,-890.68,-890.68,0,7,17100.0,17072.0,28.0
p0_st5_20_bearish_sr350_lr750_buf0_tg1030,"P0 st5_20_bearish, short $350, switch long $750, buffer 0, guard 10:30",NASDAQ_ORB_15m_p0_short_switch_tp2r_p0_st5_20_bearish_sr350_lr750_buf0_tg1030_2024-01-02,2024-01-02,15,2.0,2.0,st5_20_bearish,350.0,750.0,0,10:30,SHORT,False,1,2024-01-02 14:46:00+00:00,2024-01-02 14:47:00+00:00,2024-01-02 20:00:00+00:00,TIME_EXIT,SHORT,0.0,221.76,0.0,221.76,221.76,1,1,16873.5,16768.0,105.5
p0_st5_20_bearish_sr350_lr750_buf0_tg1030,"P0 st5_20_bearish, short $350, switch long $750, buffer 0, guard 10:30",NASDAQ_ORB_15m_p0_short_switch_tp2r_p0_st5_20_bearish_sr350_lr750_buf0_tg1030_2024-01-03,2024-01-03,15,2.0,2.0,st5_20_bearish,350.0,750.0,0,10:30,SHORT,False,1,2024-01-03 15:13:00+00:00,2024-01-03 15:14:00+00:00,2024-01-03 20:00:00+00:00,TIME_EXIT,SHORT,0.0,-73.48,0.0,-73.48,-73.48,0,2,16642.0,16581.5,60.5
p0_st5_20_bearish_sr350_lr750_buf0_tg1030,"P0 st5_20_bearish, short $350, switch long $750, buffer 0, guard 10:30",NASDAQ_ORB_15m_p0_short_switch_tp2r_p0_st5_20_bearish_sr350_lr750_buf0_tg1030_2024-01-04,2024-01-04,15,2.0,2.0,st5_20_bearish,350.0,750.0,0,10:30,LONG,False,1,2024-01-04 15:09:00+00:00,2024-01-04 15:10:00+00:00,2024-01-04 20:00:00+00:00,TIME_EXIT,LONG,-126.72,0.0,0.0,-126.72,-126.72,0,3,16500.0,16443.0,57.0
p0_st5_20_bearish_sr350_lr750_buf0_tg1030,"P0 st5_20_bearish, short $350, switch long $750, buffer 0, guard 10:30",NASDAQ_ORB_15m_p0_short_switch_tp2r_p0_st5_20_bearish_sr350_lr750_buf0_tg1030_2024-01-05,2024-01-05,15,2.0,2.0,st5_20_bearish,350.0,750.0,0,10:30,LONG,False,1,2024-01-05 15:01:00+00:00,2024-01-05 15:02:00+00:00,2024-01-05 20:00:00+00:00,TIME_EXIT,LONG,-596.96,0.0,0.0,-596.96,-596.96,0,4,16494.25,16437.25,57.0
p0_st5_20_bearish_sr350_lr750_buf0_tg1030,"P0 st5_20_bearish, short $350, switch long $750, buffer 0, guard 10:30",NASDAQ_ORB_15m_p0_short_switch_tp2r_p0_st5_20_bearish_sr350_lr750_buf0_tg1030_2024-01-08,2024-01-08,15,2.0,2.0,st5_20_bearish,350.0,750.0,0,10:30,LONG,False,1,2024-01-08 14:46:00+00:00,2024-01-08 14:47:00+00:00,2024-01-08 19:11:00+00:00,TP_2R,LONG,972.78,0.0,0.0,972.78,972.78,1,3,16578.25,16505.25,73.0
p0_st5_20_bearish_sr350_lr750_buf0_tg1030,"P0 st5_20_bearish, short $350, switch long $750, buffer 0, guard 10:30",NASDAQ_ORB_15m_p0_short_switch_tp2r_p0_st5_20_bearish_sr350_lr750_buf0_tg1030_2024-01-09,2024-01-09,15,2.0,2.0,st5_20_bearish,350.0,750.0,0,10:30,LONG,False,1,2024-01-09 15:10:00+00:00,2024-01-09 15:11:00+00:00,2024-01-09 17:54:00+00:00,TP_2R,LONG,953.04,0.0,0.0,953.04,953.04,1,4,16714.5,16660.75,53.75
p0_st5_20_bearish_sr350_lr750_buf0_tg1030,"P0 st5_20_bearish, short $350, switch long $750, buffer 0, guard 10:30",NASDAQ_ORB_15m_p0_short_switch_tp2r_p0_st5_20_bearish_sr350_lr750_buf0_tg1030_2024-01-10,2024-01-10,15,2.0,2.0,st5_20_bearish,350.0,750.0,0,10:30,SHORT,True,2,2024-01-10 15:05:00+00:00,2024-01-10 15:06:00+00:00,2024-01-10 19:14:00+00:00,SWITCH_TO_LONG+TP_2R,SHORT,1482.6,-252.48,1482.6,1230.12,1230.12,1,12,16874.0,16839.5,34.5
p0_st5_20_bearish_sr350_lr750_buf0_tg1030,"P0 st5_20_bearish, short $350, switch long $750, buffer 0, guard 10:30",NASDAQ_ORB_15m_p0_short_switch_tp2r_p0_st5_20_bearish_sr350_lr750_buf0_tg1030_2024-01-11,2024-01-11,15,2.0,2.0,st5_20_bearish,350.0,750.0,0,10:30,SHORT,False,1,2024-01-11 15:05:00+00:00,2024-01-11 15:06:00+00:00,2024-01-11 20:00:00+00:00,TIME_EXIT,SHORT,0.0,-170.74,0.0,-170.74,-170.74,0,1,17043.0,16974.75,68.25
p0_st5_20_bearish_sr350_lr750_buf0_tg1030,"P0 st5_20_bearish, short $350, switch long $750, buffer 0, guard 10:30",NASDAQ_ORB_15m_p0_short_switch_tp2r_p0_st5_20_bearish_sr350_lr750_buf0_tg1030_2024-01-12,2024-01-12,15,2.0,2.0,st5_20_bearish,350.0,750.0,0,10:30,LONG,False,1,2024-01-12 14:46:00+00:00,2024-01-12 14:47:00+00:00,2024-01-12 20:00:00+00:00,TIME_EXIT,LONG,-540.72,0.0,0.0,-540.72,-540.72,0,3,17039.0,16974.0,65.0
p0_st5_20_bearish_sr350_lr750_buf0_tg1030,"P0 st5_20_bearish, short $350, switch long $750, buffer 0, guard 10:30",NASDAQ_ORB_15m_p0_short_switch_tp2r_p0_st5_20_bearish_sr350_lr750_buf0_tg1030_2024-01-15,2024-01-15,15,2.0,2.0,st5_20_bearish,350.0,750.0,0,10:30,SHORT,True,2,2024-01-15 14:47:00+00:00,2024-01-15 14:48:00+00:00,2024-01-15 23:02:00+00:00,SWITCH_TO_LONG+TIME_EXIT,SHORT,-234.8,-357.40000000000003,-234.8,-592.2,-592.2,0,30,16967.5,16952.0,15.5
p0_st5_20_bearish_sr350_lr750_buf0_tg1030,"P0 st5_20_bearish, short $350, switch long $750, buffer 0, guard 10:30",NASDAQ_ORB_15m_p0_short_switch_tp2r_p0_st5_20_bearish_sr350_lr750_buf0_tg1030_2024-01-16,2024-01-16,15,2.0,2.0,st5_20_bearish,350.0,750.0,0,10:30,LONG,False,1,2024-01-16 15:17:00+00:00,2024-01-16 15:18:00+00:00,2024-01-16 20:00:00+00:00,TIME_EXIT,LONG,-123.72,0.0,0.0,-123.72,-123.72,0,3,16946.0,16870.25,75.75
p0_st5_20_bearish_sr350_lr750_buf0_tg1030,"P0 st5_20_bearish, short $350, switch long $750, buffer 0, guard 10:30",NASDAQ_ORB_15m_p0_short_switch_tp2r_p0_st5_20_bearish_sr350_lr750_buf0_tg1030_2024-01-17,2024-01-17,15,2.0,2.0,st5_20_bearish,350.0,750.0,0,10:30,SHORT,False,1,2024-01-17 14:47:00+00:00,2024-01-17 14:48:00+00:00,2024-01-17 20:00:00+00:00,TIME_EXIT,SHORT,0.0,-197.74,0.0,-197.74,-197.74,0,1,16842.75,16733.0,109.75
p0_st5_20_bearish_sr350_lr750_buf0_tg1030,"P0 st5_20_bearish, short $350, switch long $750, buffer 0, guard 10:30",NASDAQ_ORB_15m_p0_short_switch_tp2r_p0_st5_20_bearish_sr350_lr750_buf0_tg1030_2024-01-18,2024-01-18,15,2.0,2.0,st5_20_bearish,350.0,750.0,0,10:30,LONG,False,1,2024-01-18 15:38:00+00:00,2024-01-18 15:39:00+00:00,2024-01-18 20:00:00+00:00,TIME_EXIT,LONG,233.28000000000003,0.0,0.0,233.28000000000003,233.28000000000003,1,3,17054.75,16995.5,59.25
p0_st5_20_bearish_sr350_lr750_buf0_tg1030,"P0 st5_20_bearish, short $350, switch long $750, buffer 0, guard 10:30",NASDAQ_ORB_15m_p0_short_switch_tp2r_p0_st5_20_bearish_sr350_lr750_buf0_tg1030_2024-01-19,2024-01-19,15,2.0,2.0,st5_20_bearish,350.0,750.0,0,10:30,LONG,False,1,2024-01-19 14:55:00+00:00,2024-01-19 14:56:00+00:00,2024-01-19 17:32:00+00:00,TP_2R,LONG,871.3,0.0,0.0,871.3,871.3,1,5,17208.5,17166.25,42.25
p0_st5_20_bearish_sr350_lr750_buf0_tg1030,"P0 st5_20_bearish, short $350, switch long $750, buffer 0, guard 10:30",NASDAQ_ORB_15m_p0_short_switch_tp2r_p0_st5_20_bearish_sr350_lr750_buf0_tg1030_2024-01-22,2024-01-22,15,2.0,2.0,st5_20_bearish,350.0,750.0,0,10:30,SHORT,False,1,2024-01-22 15:29:00+00:00,2024-01-22 15:30:00+00:00,2024-01-22 20:00:00+00:00,TIME_EXIT,SHORT,0.0,41.76,0.0,41.76,41.76,1,1,17584.75,17491.75,93.0
p0_st5_20_bearish_sr350_lr750_buf0_tg1030,"P0 st5_20_bearish, short $350, switch long $750, buffer 0, guard 10:30",NASDAQ_ORB_15m_p0_short_switch_tp2r_p0_st5_20_bearish_sr350_lr750_buf0_tg1030_2024-01-23,2024-01-23,15,2.0,2.0,st5_20_bearish,350.0,750.0,0,10:30,LONG,False,1,2024-01-23 18:00:00+00:00,2024-01-23 18:01:00+00:00,2024-01-23 20:00:00+00:00,TIME_EXIT,LONG,18.78,0.0,0.0,18.78,18.78,1,3,17488.25,17409.25,79.0
p0_st5_20_bearish_sr350_lr750_buf0_tg1030,"P0 st5_20_bearish, short $350, switch long $750, buffer 0, guard 10:30",NASDAQ_ORB_15m_p0_short_switch_tp2r_p0_st5_20_bearish_sr350_lr750_buf0_tg1030_2024-01-24,2024-01-24,15,2.0,2.0,st5_20_bearish,350.0,750.0,0,10:30,LONG,False,1,2024-01-24 15:16:00+00:00,2024-01-24 15:17:00+00:00,2024-01-24 20:00:00+00:00,TIME_EXIT,LONG,-240.71999999999997,0.0,0.0,-240.71999999999997,-240.71999999999997,0,3,17695.5,17637.25,58.25
p0_st5_20_bearish_sr350_lr750_buf0_tg1030,"P0 st5_20_bearish, short $350, switch long $750, buffer 0, guard 10:30",NASDAQ_ORB_15m_p0_short_switch_tp2r_p0_st5_20_bearish_sr350_lr750_buf0_tg1030_2024-01-25,2024-01-25,15,2.0,2.0,st5_20_bearish,350.0,750.0,0,10:30,LONG,False,1,2024-01-25 15:29:00+00:00,2024-01-25 15:30:00+00:00,2024-01-25 20:00:00+00:00,TIME_EXIT,LONG,-968.96,0.0,0.0,-968.96,-968.96,0,4,17728.0,17674.75,53.25
p0_st5_20_bearish_sr350_lr750_buf0_tg1030,"P0 st5_20_bearish, short $350, switch long $750, buffer 0, guard 10:30",NASDAQ_ORB_15m_p0_short_switch_tp2r_p0_st5_20_bearish_sr350_lr750_buf0_tg1030_2024-01-26,2024-01-26,15,2.0,2.0,st5_20_bearish,350.0,750.0,0,10:30,SHORT,True,2,2024-01-26 14:53:00+00:00,2024-01-26 14:54:00+00:00,2024-01-26 20:00:00+00:00,SWITCH_TO_LONG+TIME_EXIT,SHORT,-236.18,-332.21999999999997,-236.18,-568.4,-568.4,0,10,17571.5,17528.0,43.5
p0_st5_20_bearish_sr350_lr750_buf0_tg1030,"P0 st5_20_bearish, short $350, switch long $750, buffer 0, guard 10:30",NASDAQ_ORB_15m_p0_short_switch_tp2r_p0_st5_20_bearish_sr350_lr750_buf0_tg1030_2024-01-29,2024-01-29,15,2.0,2.0,st5_20_bearish,350.0,750.0,0,10:30,LONG,False,1,2024-01-29 17:13:00+00:00,2024-01-29 17:14:00+00:00,2024-01-29 20:00:00+00:00,TIME_EXIT,LONG,297.04,0.0,0.0,297.04,297.04,1,4,17584.75,17529.75,55.0
p0_st5_20_bearish_sr350_lr750_buf0_tg1030,"P0 st5_20_bearish, short $350, switch long $750, buffer 0, guard 10:30",NASDAQ_ORB_15m_p0_short_switch_tp2r_p0_st5_20_bearish_sr350_lr750_buf0_tg1030_2024-01-30,2024-01-30,15,2.0,2.0,st5_20_bearish,350.0,750.0,0,10:30,SHORT,False,1,2024-01-30 15:01:00+00:00,2024-01-30 15:02:00+00:00,2024-01-30 17:34:00+00:00,TP_2R,SHORT,0.0,637.04,0.0,637.04,637.04,1,4,17685.0,17654.0,31.0
p0_st5_20_bearish_sr350_lr750_buf0_tg1030,"P0 st5_20_bearish, short $350, switch long $750, buffer 0, guard 10:30",NASDAQ_ORB_15m_p0_short_switch_tp2r_p0_st5_20_bearish_sr350_lr750_buf0_tg1030_2024-01-31,2024-01-31,15,2.0,2.0,st5_20_bearish,350.0,750.0,0,10:30,SHORT,True,2,2024-01-31 14:48:00+00:00,2024-01-31 14:49:00+00:00,2024-01-31 20:00:00+00:00,SWITCH_TO_LONG+TIME_EXIT,SHORT,-416.96,-308.48,-416.96,-725.44,-725.44,0,6,17426.25,17355.0,71.25
p0_st5_20_bearish_sr350_lr750_buf0_tg1030,"P0 st5_20_bearish, short $350, switch long $750, buffer 0, guard 10:30",NASDAQ_ORB_15m_p0_short_switch_tp2r_p0_st5_20_bearish_sr350_lr750_buf0_tg1030_2024-02-01,2024-02-01,15,2.0,2.0,st5_20_bearish,350.0,750.0,0,10:30,SHORT,True,2,2024-02-01 14:59:00+00:00,2024-02-01 15:00:00+00:00,2024-02-01 20:00:00+00:00,SWITCH_TO_LONG+TIME_EXIT,SHORT,1254.82,-311.21999999999997,1254.82,943.5999999999999,943.5999999999999,1,10,17337.5,17294.0,43.5
p0_st5_20_bearish_sr350_lr750_buf0_tg1030,"P0 st5_20_bearish, short $350, switch long $750, buffer 0, guard 10:30",NASDAQ_ORB_15m_p0_short_switch_tp2r_p0_st5_20_bearish_sr350_lr750_buf0_tg1030_2024-02-02,2024-02-02,15,2.0,2.0,st5_20_bearish,350.0,750.0,0,10:30,LONG,False,1,2024-02-02 14:46:00+00:00,2024-02-02 14:47:00+00:00,2024-02-02 20:00:00+00:00,TIME_EXIT,LONG,324.76,0.0,0.0,324.76,324.76,1,1,17578.25,17465.75,112.5
p0_st5_20_bearish_sr350_lr750_buf0_tg1030,"P0 st5_20_bearish, short $350, switch long $750, buffer 0, guard 10:30",NASDAQ_ORB_15m_p0_short_switch_tp2r_p0_st5_20_bearish_sr350_lr750_buf0_tg1030_2024-02-05,2024-02-05,15,2.0,2.0,st5_20_bearish,350.0,750.0,0,10:30,SHORT,False,1,2024-02-05 14:51:00+00:00,2024-02-05 14:52:00+00:00,2024-02-05 15:43:00+00:00,TP_2R,SHORT,0.0,464.52,0.0,464.52,464.52,1,2,17737.25,17691.25,46.0
p0_st5_20_bearish_sr350_lr750_buf0_tg1030,"P0 st5_20_bearish, short $350, switch long $750, buffer 0, guard 10:30",NASDAQ_ORB_15m_p0_short_switch_tp2r_p0_st5_20_bearish_sr350_lr750_buf0_tg1030_2024-02-06,2024-02-06,15,2.0,2.0,st5_20_bearish,350.0,750.0,0,10:30,SHORT,False,1,2024-02-06 14:50:00+00:00,2024-02-06 14:51:00+00:00,2024-02-06 20:00:00+00:00,TIME_EXIT,SHORT,0.0,245.52,0.0,245.52,245.52,1,2,17767.5,17702.25,65.25
p0_st5_20_bearish_sr350_lr750_buf0_tg1030,"P0 st5_20_bearish, short $350, switch long $750, buffer 0, guard 10:30",NASDAQ_ORB_15m_p0_short_switch_tp2r_p0_st5_20_bearish_sr350_lr750_buf0_tg1030_2024-02-07,2024-02-07,15,2.0,2.0,st5_20_bearish,350.0,750.0,0,10:30,SHORT,True,2,2024-02-07 14:46:00+00:00,2024-02-07 14:47:00+00:00,2024-02-07 20:00:00+00:00,SWITCH_TO_LONG+TIME_EXIT,SHORT,381.04,-509.22,381.04,-128.18,-128.18,0,7,17778.0,17722.75,55.25
p0_st5_20_bearish_sr350_lr750_buf0_tg1030,"P0 st5_20_bearish, short $350, switch long $750, buffer 0, guard 10:30",NASDAQ_ORB_15m_p0_short_switch_tp2r_p0_st5_20_bearish_sr350_lr750_buf0_tg1030_2024-02-08,2024-02-08,15,2.0,2.0,st5_20_bearish,350.0,750.0,0,10:30,LONG,False,1,2024-02-08 15:02:00+00:00,2024-02-08 15:03:00+00:00,2024-02-08 20:00:00+00:00,TIME_EXIT,LONG,91.30000000000001,0.0,0.0,91.30000000000001,91.30000000000001,1,5,17852.5,17807.5,45.0
p0_st5_20_bearish_sr350_lr750_buf0_tg1030,"P0 st5_20_bearish, short $350, switch long $750, buffer 0, guard 10:30",NASDAQ_ORB_15m_p0_short_switch_tp2r_p0_st5_20_bearish_sr350_lr750_buf0_tg1030_2024-02-09,2024-02-09,15,2.0,2.0,st5_20_bearish,350.0,750.0,0,10:30,LONG,False,1,2024-02-09 14:55:00+00:00,2024-02-09 14:56:00+00:00,2024-02-09 15:36:00+00:00,TP_2R,LONG,877.56,0.0,0.0,877.56,877.56,1,6,17911.25,17875.25,36.0
p0_st5_20_bearish_sr350_lr750_buf0_tg1030,"P0 st5_20_bearish, short $350, switch long $750, buffer 0, guard 10:30",NASDAQ_ORB_15m_p0_short_switch_tp2r_p0_st5_20_bearish_sr350_lr750_buf0_tg1030_2024-02-12,2024-02-12,15,2.0,2.0,st5_20_bearish,350.0,750.0,0,10:30,LONG,False,1,2024-02-12 15:41:00+00:00,2024-02-12 15:42:00+00:00,2024-02-12 20:00:00+00:00,TIME_EXIT,LONG,-1018.7,0.0,0.0,-1018.7,-1018.7,0,5,18051.0,18007.25,43.75
p0_st5_20_bearish_sr350_lr750_buf0_tg1030,"P0 st5_20_bearish, short $350, switch long $750, buffer 0, guard 10:30",NASDAQ_ORB_15m_p0_short_switch_tp2r_p0_st5_20_bearish_sr350_lr750_buf0_tg1030_2024-02-13,2024-02-13,15,2.0,2.0,st5_20_bearish,350.0,750.0,0,10:30,LONG,False,1,2024-02-13 14:55:00+00:00,2024-02-13 14:56:00+00:00,2024-02-13 20:00:00+00:00,TIME_EXIT,LONG,-401.48,0.0,0.0,-401.48,-401.48,0,2,17665.5,17586.5,79.0
p0_st5_20_bearish_sr350_lr750_buf0_tg1030,"P0 st5_20_bearish, short $350, switch long $750, buffer 0, guard 10:30",NASDAQ_ORB_15m_p0_short_switch_tp2r_p0_st5_20_bearish_sr350_lr750_buf0_tg1030_2024-02-14,2024-02-14,15,2.0,2.0,st5_20_bearish,350.0,750.0,0,10:30,LONG,False,1,2024-02-14 15:20:00+00:00,2024-02-14 15:21:00+00:00,2024-02-14 20:00:00+00:00,TIME_EXIT,LONG,-180.72,0.0,0.0,-180.72,-180.72,0,3,17818.75,17743.0,75.75
p0_st5_20_bearish_sr350_lr750_buf0_tg1030,"P0 st5_20_bearish, short $350, switch long $750, buffer 0, guard 10:30",NASDAQ_ORB_15m_p0_short_switch_tp2r_p0_st5_20_bearish_sr350_lr750_buf0_tg1030_2024-02-15,2024-02-15,15,2.0,2.0,st5_20_bearish,350.0,750.0,0,10:30,SHORT,True,2,2024-02-15 14:55:00+00:00,2024-02-15 14:56:00+00:00,2024-02-15 20:00:00+00:00,SWITCH_TO_LONG+TIME_EXIT,SHORT,-41.2,-341.48,-41.2,-382.68,-382.68,0,7,17903.0,17838.5,64.5
p0_st5_20_bearish_sr350_lr750_buf0_tg1030,"P0 st5_20_bearish, short $350, switch long $750, buffer 0, guard 10:30",NASDAQ_ORB_15m_p0_short_switch_tp2r_p0_st5_20_bearish_sr350_lr750_buf0_tg1030_2024-02-16,2024-02-16,15,2.0,2.0,st5_20_bearish,350.0,750.0,0,10:30,SHORT,False,1,2024-02-16 14:49:00+00:00,2024-02-16 14:50:00+00:00,2024-02-16 14:59:00+00:00,TP_2R,SHORT,0.0,466.52,0.0,466.52,466.52,1,2,17930.5,17877.5,53.0
p0_st5_20_bearish_sr350_lr750_buf0_tg1030,"P0 st5_20_bearish, short $350, switch long $750, buffer 0, guard 10:30",NASDAQ_ORB_15m_p0_short_switch_tp2r_p0_st5_20_bearish_sr350_lr750_buf0_tg1030_2024-02-20,2024-02-20,15,2.0,2.0,st5_20_bearish,350.0,750.0,0,10:30,SHORT,False,1,2024-02-20 14:52:00+00:00,2024-02-20 14:53:00+00:00,2024-02-20 20:00:00+00:00,TIME_EXIT,SHORT,0.0,-32.74,0.0,-32.74,-32.74,0,1,17724.0,17559.5,164.5
p0_st5_20_bearish_sr350_lr750_buf0_tg1030,"P0 st5_20_bearish, short $350, switch long $750, buffer 0, guard 10:30",NASDAQ_ORB_15m_p0_short_switch_tp2r_p0_st5_20_bearish_sr350_lr750_buf0_tg1030_2024-02-21,2024-02-21,15,2.0,2.0,st5_20_bearish,350.0,750.0,0,10:30,SHORT,True,2,2024-02-21 14:51:00+00:00,2024-02-21 14:52:00+00:00,2024-02-21 20:00:00+00:00,SWITCH_TO_LONG+TIME_EXIT,SHORT,-1178.7,-413.22,-1178.7,-1591.92,-1591.92,0,8,17511.5,17455.5,56.0
p0_st5_20_bearish_sr350_lr750_buf0_tg1030,"P0 st5_20_bearish, short $350, switch long $750, buffer 0, guard 10:30",NASDAQ_ORB_15m_p0_short_switch_tp2r_p0_st5_20_bearish_sr350_lr750_buf0_tg1030_2024-02-22,2024-02-22,15,2.0,2.0,st5_20_bearish,350.0,750.0,0,10:30,LONG,False,1,2024-02-22 14:46:00+00:00,2024-02-22 14:47:00+00:00,2024-02-22 19:15:00+00:00,TP_2R,LONG,804.78,0.0,0.0,804.78,804.78,1,3,17919.5,17864.0,55.5
p0_st5_20_bearish_sr350_lr750_buf0_tg1030,"P0 st5_20_bearish, short $350, switch long $750, buffer 0, guard 10:30",NASDAQ_ORB_15m_p0_short_switch_tp2r_p0_st5_20_bearish_sr350_lr750_buf0_tg1030_2024-02-23,2024-02-23,15,2.0,2.0,st5_20_bearish,350.0,750.0,0,10:30,SHORT,False,1,2024-02-23 15:00:00+00:00,2024-02-23 15:01:00+00:00,2024-02-23 16:14:00+00:00,TP_2R,SHORT,0.0,518.52,0.0,518.52,518.52,1,2,18145.0,18097.0,48.0
p0_st5_20_bearish_sr350_lr750_buf0_tg1030,"P0 st5_20_bearish, short $350, switch long $750, buffer 0, guard 10:30",NASDAQ_ORB_15m_p0_short_switch_tp2r_p0_st5_20_bearish_sr350_lr750_buf0_tg1030_2024-02-26,2024-02-26,15,2.0,2.0,st5_20_bearish,350.0,750.0,0,10:30,SHORT,True,2,2024-02-26 15:00:00+00:00,2024-02-26 15:01:00+00:00,2024-02-26 20:00:00+00:00,SWITCH_TO_LONG+TIME_EXIT,SHORT,-454.43999999999994,-276.48,-454.43999999999994,-730.92,-730.92,0,8,18050.75,17990.75,60.0
p0_st5_20_bearish_sr350_lr750_buf0_tg1030,"P0 st5_20_bearish, short $350, switch long $750, buffer 0, guard 10:30",NASDAQ_ORB_15m_p0_short_switch_tp2r_p0_st5_20_bearish_sr350_lr750_buf0_tg1030_2024-02-27,2024-02-27,15,2.0,2.0,st5_20_bearish,350.0,750.0,0,10:30,LONG,False,1,2024-02-27 15:20:00+00:00,2024-02-27 15:21:00+00:00,2024-02-27 20:00:00+00:00,TIME_EXIT,LONG,-10.48,0.0,0.0,-10.48,-10.48,0,2,18026.75,17938.0,88.75
p0_st5_20_bearish_sr350_lr750_buf0_tg1030,"P0 st5_20_bearish, short $350, switch long $750, buffer 0, guard 10:30",NASDAQ_ORB_15m_p0_short_switch_tp2r_p0_st5_20_bearish_sr350_lr750_buf0_tg1030_2024-02-28,2024-02-28,15,2.0,2.0,st5_20_bearish,350.0,750.0,0,10:30,SHORT,True,2,2024-02-28 14:51:00+00:00,2024-02-28 14:52:00+00:00,2024-02-28 20:00:00+00:00,SWITCH_TO_LONG+TIME_EXIT,SHORT,-547.68,-263.48,-547.68,-811.16,-811.16,0,9,17946.5,17901.5,45.0
p0_st5_20_bearish_sr350_lr750_buf0_tg1030,"P0 st5_20_bearish, short $350, switch long $750, buffer 0, guard 10:30",NASDAQ_ORB_15m_p0_short_switch_tp2r_p0_st5_20_bearish_sr350_lr750_buf0_tg1030_2024-03-01,2024-03-01,15,2.0,2.0,st5_20_bearish,350.0,750.0,0,10:30,LONG,False,1,2024-03-01 15:01:00+00:00,2024-03-01 15:02:00+00:00,2024-03-01 17:20:00+00:00,TP_2R,LONG,865.04,0.0,0.0,865.04,865.04,1,4,18144.5,18093.5,51.0
p0_st5_20_bearish_sr350_lr750_buf0_tg1030,"P0 st5_20_bearish, short $350, switch long $750, buffer 0, guard 10:30",NASDAQ_ORB_15m_p0_short_switch_tp2r_p0_st5_20_bearish_sr350_lr750_buf0_tg1030_2024-03-04,2024-03-04,15,2.0,2.0,st5_20_bearish,350.0,750.0,0,10:30,SHORT,True,2,2024-03-04 15:06:00+00:00,2024-03-04 15:07:00+00:00,2024-03-04 20:00:00+00:00,SWITCH_TO_LONG+TIME_EXIT,SHORT,-139.44,-345.71999999999997,-139.44,-485.15999999999997,-485.15999999999997,0,9,18335.0,18287.75,47.25
p0_st5_20_bearish_sr350_lr750_buf0_tg1030,"P0 st5_20_bearish, short $350, switch long $750, buffer 0, guard 10:30",NASDAQ_ORB_15m_p0_short_switch_tp2r_p0_st5_20_bearish_sr350_lr750_buf0_tg1030_2024-03-05,2024-03-05,15,2.0,2.0,st5_20_bearish,350.0,750.0,0,10:30,SHORT,False,1,2024-03-05 14:47:00+00:00,2024-03-05 14:48:00+00:00,2024-03-05 19:39:00+00:00,TP_2R,SHORT,0.0,357.26,0.0,357.26,357.26,1,1,18135.0,18054.0,81.0
p0_st5_20_bearish_sr350_lr750_buf0_tg1030,"P0 st5_20_bearish, short $350, switch long $750, buffer 0, guard 10:30",NASDAQ_ORB_15m_p0_short_switch_tp2r_p0_st5_20_bearish_sr350_lr750_buf0_tg1030_2024-03-06,2024-03-06,15,2.0,2.0,st5_20_bearish,350.0,750.0,0,10:30,SHORT,True,2,2024-03-06 15:00:00+00:00,2024-03-06 15:01:00+00:00,2024-03-06 20:00:00+00:00,SWITCH_TO_LONG+TIME_EXIT,SHORT,-1207.44,-325.48,-1207.44,-1532.92,-1532.92,0,8,18126.25,18069.5,56.75
p0_st5_20_bearish_sr350_lr750_buf0_tg1030,"P0 st5_20_bearish, short $350, switch long $750, buffer 0, guard 10:30",NASDAQ_ORB_15m_p0_short_switch_tp2r_p0_st5_20_bearish_sr350_lr750_buf0_tg1030_2024-03-07,2024-03-07,15,2.0,2.0,st5_20_bearish,350.0,750.0,0,10:30,LONG,False,1,2024-03-07 15:16:00+00:00,2024-03-07 15:17:00+00:00,2024-03-07 20:00:00+00:00,TIME_EXIT,LONG,581.28,0.0,0.0,581.28,581.28,1,3,18225.25,18162.0,63.25
p0_st5_20_bearish_sr350_lr750_buf0_tg1030,"P0 st5_20_bearish, short $350, switch long $750, buffer 0, guard 10:30",NASDAQ_ORB_15m_p0_short_switch_tp2r_p0_st5_20_bearish_sr350_lr750_buf0_tg1030_2024-03-08,2024-03-08,15,2.0,2.0,st5_20_bearish,350.0,750.0,0,10:30,LONG,False,1,2024-03-08 14:49:00+00:00,2024-03-08 14:50:00+00:00,2024-03-08 20:00:00+00:00,TIME_EXIT,LONG,-1274.22,0.0,0.0,-1274.22,-1274.22,0,3,18353.0,18288.0,65.0
p0_st5_20_bearish_sr350_lr750_buf0_tg1030,"P0 st5_20_bearish, short $350, switch long $750, buffer 0, guard 10:30",NASDAQ_ORB_15m_p0_short_switch_tp2r_p0_st5_20_bearish_sr350_lr750_buf0_tg1030_2024-03-11,2024-03-11,15,2.0,2.0,st5_20_bearish,350.0,750.0,0,10:30,SHORT,False,1,2024-03-11 14:00:00+00:00,2024-03-11 14:01:00+00:00,2024-03-11 14:30:00+00:00,TP_2R,SHORT,0.0,399.26,0.0,399.26,399.26,1,1,18247.5,18154.5,93.0
p0_st5_20_bearish_sr350_lr750_buf0_tg1030,"P0 st5_20_bearish, short $350, switch long $750, buffer 0, guard 10:30",NASDAQ_ORB_15m_p0_short_switch_tp2r_p0_st5_20_bearish_sr350_lr750_buf0_tg1030_2024-03-12,2024-03-12,15,2.0,2.0,st5_20_bearish,350.0,750.0,0,10:30,SHORT,True,2,2024-03-12 13:46:00+00:00,2024-03-12 13:47:00+00:00,2024-03-12 19:00:00+00:00,SWITCH_TO_LONG+TIME_EXIT,SHORT,436.52,-311.74,436.52,124.77999999999997,124.77999999999997,1,3,18339.0,18201.25,137.75
p0_st5_20_bearish_sr350_lr750_buf0_tg1030,"P0 st5_20_bearish, short $350, switch long $750, buffer 0, guard 10:30",NASDAQ_ORB_15m_p0_short_switch_tp2r_p0_st5_20_bearish_sr350_lr750_buf0_tg1030_2024-03-13,2024-03-13,15,2.0,2.0,st5_20_bearish,350.0,750.0,0,10:30,SHORT,False,1,2024-03-13 13:46:00+00:00,2024-03-13 13:47:00+00:00,2024-03-13 19:00:00+00:00,TIME_EXIT,SHORT,0.0,-91.48,0.0,-91.48,-91.48,0,2,18429.5,18366.5,63.0
p0_st5_20_bearish_sr350_lr750_buf0_tg1030,"P0 st5_20_bearish, short $350, switch long $750, buffer 0, guard 10:30",NASDAQ_ORB_15m_p0_short_switch_tp2r_p0_st5_20_bearish_sr350_lr750_buf0_tg1030_2024-03-14,2024-03-14,15,2.0,2.0,st5_20_bearish,350.0,750.0,0,10:30,SHORT,False,1,2024-03-14 13:48:00+00:00,2024-03-14 13:49:00+00:00,2024-03-14 19:00:00+00:00,TIME_EXIT,SHORT,0.0,249.52,0.0,249.52,249.52,1,2,18398.0,18335.75,62.25
p0_st5_20_bearish_sr350_lr750_buf0_tg1030,"P0 st5_20_bearish, short $350, switch long $750, buffer 0, guard 10:30",NASDAQ_ORB_15m_p0_short_switch_tp2r_p0_st5_20_bearish_sr350_lr750_buf0_tg1030_2024-03-15,2024-03-15,15,2.0,2.0,st5_20_bearish,350.0,750.0,0,10:30,SHORT,False,1,2024-03-15 13:47:00+00:00,2024-03-15 13:48:00+00:00,2024-03-15 19:00:00+00:00,TIME_EXIT,SHORT,0.0,-11.74,0.0,-11.74,-11.74,0,1,18174.75,18081.25,93.5
p0_st5_20_bearish_sr350_lr750_buf0_tg1030,"P0 st5_20_bearish, short $350, switch long $750, buffer 0, guard 10:30",NASDAQ_ORB_15m_p0_short_switch_tp2r_p0_st5_20_bearish_sr350_lr750_buf0_tg1030_2024-03-18,2024-03-18,15,2.0,2.0,st5_20_bearish,350.0,750.0,0,10:30,LONG,False,1,2024-03-18 13:47:00+00:00,2024-03-18 13:48:00+00:00,2024-03-18 19:00:00+00:00,TIME_EXIT,LONG,-453.72,0.0,0.0,-453.72,-453.72,0,3,18346.75,18277.5,69.25
p0_st5_20_bearish_sr350_lr750_buf0_tg1030,"P0 st5_20_bearish, short $350, switch long $750, buffer 0, guard 10:30",NASDAQ_ORB_15m_p0_short_switch_tp2r_p0_st5_20_bearish_sr350_lr750_buf0_tg1030_2024-03-19,2024-03-19,15,2.0,2.0,st5_20_bearish,350.0,750.0,0,10:30,LONG,False,1,2024-03-19 15:33:00+00:00,2024-03-19 15:34:00+00:00,2024-03-19 19:00:00+00:00,TIME_EXIT,LONG,448.52,0.0,0.0,448.52,448.52,1,2,18152.75,18053.25,99.5
p0_st5_20_bearish_sr350_lr750_buf0_tg1030,"P0 st5_20_bearish, short $350, switch long $750, buffer 0, guard 10:30",NASDAQ_ORB_15m_p0_short_switch_tp2r_p0_st5_20_bearish_sr350_lr750_buf0_tg1030_2024-03-20,2024-03-20,15,2.0,2.0,st5_20_bearish,350.0,750.0,0,10:30,LONG,False,1,2024-03-20 18:02:00+00:00,2024-03-20 18:03:00+00:00,2024-03-20 19:00:00+00:00,TIME_EXIT,LONG,253.52,0.0,0.0,253.52,253.52,1,2,18334.75,18249.0,85.75
p0_st5_20_bearish_sr350_lr750_buf0_tg1030,"P0 st5_20_bearish, short $350, switch long $750, buffer 0, guard 10:30",NASDAQ_ORB_15m_p0_short_switch_tp2r_p0_st5_20_bearish_sr350_lr750_buf0_tg1030_2024-03-22,2024-03-22,15,2.0,2.0,st5_20_bearish,350.0,750.0,0,10:30,SHORT,True,2,2024-03-22 13:50:00+00:00,2024-03-22 13:51:00+00:00,2024-03-22 19:00:00+00:00,SWITCH_TO_LONG+TIME_EXIT,SHORT,714.08,-370.96,714.08,343.12000000000006,343.12000000000006,1,12,18547.5,18505.25,42.25
p0_st5_20_bearish_sr350_lr750_buf0_tg1030,"P0 st5_20_bearish, short $350, switch long $750, buffer 0, guard 10:30",NASDAQ_ORB_15m_p0_short_switch_tp2r_p0_st5_20_bearish_sr350_lr750_buf0_tg1030_2024-03-25,2024-03-25,15,2.0,2.0,st5_20_bearish,350.0,750.0,0,10:30,LONG,False,1,2024-03-25 13:54:00+00:00,2024-03-25 13:55:00+00:00,2024-03-25 19:00:00+00:00,TIME_EXIT,LONG,512.28,0.0,0.0,512.28,512.28,1,3,18480.5,18415.0,65.5
p0_st5_20_bearish_sr350_lr750_buf0_tg1030,"P0 st5_20_bearish, short $350, switch long $750, buffer 0, guard 10:30",NASDAQ_ORB_15m_p0_short_switch_tp2r_p0_st5_20_bearish_sr350_lr750_buf0_tg1030_2024-03-26,2024-03-26,15,2.0,2.0,st5_20_bearish,350.0,750.0,0,10:30,LONG,False,1,2024-03-26 14:01:00+00:00,2024-03-26 14:02:00+00:00,2024-03-26 19:00:00+00:00,TIME_EXIT,LONG,-398.96,0.0,0.0,-398.96,-398.96,0,4,18594.75,18550.0,44.75
p0_st5_20_bearish_sr350_lr750_buf0_tg1030,"P0 st5_20_bearish, short $350, switch long $750, buffer 0, guard 10:30",NASDAQ_ORB_15m_p0_short_switch_tp2r_p0_st5_20_bearish_sr350_lr750_buf0_tg1030_2024-03-27,2024-03-27,15,2.0,2.0,st5_20_bearish,350.0,750.0,0,10:30,SHORT,False,1,2024-03-27 13:55:00+00:00,2024-03-27 13:56:00+00:00,2024-03-27 19:00:00+00:00,TIME_EXIT,SHORT,0.0,94.76,0.0,94.76,94.76,1,1,18572.0,18485.0,87.0
p0_st5_20_bearish_sr350_lr750_buf0_tg1030,"P0 st5_20_bearish, short $350, switch long $750, buffer 0, guard 10:30",NASDAQ_ORB_15m_p0_short_switch_tp2r_p0_st5_20_bearish_sr350_lr750_buf0_tg1030_2024-03-28,2024-03-28,15,2.0,2.0,st5_20_bearish,350.0,750.0,0,10:30,LONG,False,1,2024-03-28 13:46:00+00:00,2024-03-28 13:47:00+00:00,2024-03-28 19:00:00+00:00,TIME_EXIT,LONG,-140.96,0.0,0.0,-140.96,-140.96,0,4,18509.5,18457.0,52.5
p0_st5_20_bearish_sr350_lr750_buf0_tg1030,"P0 st5_20_bearish, short $350, switch long $750, buffer 0, guard 10:30",NASDAQ_ORB_15m_p0_short_switch_tp2r_p0_st5_20_bearish_sr350_lr750_buf0_tg1030_2024-04-02,2024-04-02,15,2.0,2.0,st5_20_bearish,350.0,750.0,0,10:30,SHORT,True,2,2024-04-02 14:13:00+00:00,2024-04-02 14:14:00+00:00,2024-04-02 19:00:00+00:00,SWITCH_TO_LONG+TIME_EXIT,SHORT,-161.20000000000002,-301.48,-161.20000000000002,-462.68000000000006,-462.68000000000006,0,7,18292.25,18223.5,68.75
p0_st5_20_bearish_sr350_lr750_buf0_tg1030,"P0 st5_20_bearish, short $350, switch long $750, buffer 0, guard 10:30",NASDAQ_ORB_15m_p0_short_switch_tp2r_p0_st5_20_bearish_sr350_lr750_buf0_tg1030_2024-04-03,2024-04-03,15,2.0,2.0,st5_20_bearish,350.0,750.0,0,10:30,LONG,False,1,2024-04-03 14:01:00+00:00,2024-04-03 14:02:00+00:00,2024-04-03 19:00:00+00:00,TIME_EXIT,LONG,461.28,0.0,0.0,461.28,461.28,1,3,18283.5,18239.0,44.5
p0_st5_20_bearish_sr350_lr750_buf0_tg1030,"P0 st5_20_bearish, short $350, switch long $750, buffer 0, guard 10:30",NASDAQ_ORB_15m_p0_short_switch_tp2r_p0_st5_20_bearish_sr350_lr750_buf0_tg1030_2024-04-04,2024-04-04,15,2.0,2.0,st5_20_bearish,350.0,750.0,0,10:30,SHORT,False,1,2024-04-04 14:25:00+00:00,2024-04-04 14:26:00+00:00,2024-04-04 18:28:00+00:00,TP_2R,SHORT,0.0,560.52,0.0,560.52,560.52,1,2,18568.25,18528.0,40.25
p0_st5_20_bearish_sr350_lr750_buf0_tg1030,"P0 st5_20_bearish, short $350, switch long $750, buffer 0, guard 10:30",NASDAQ_ORB_15m_p0_short_switch_tp2r_p0_st5_20_bearish_sr350_lr750_buf0_tg1030_2024-04-05,2024-04-05,15,2.0,2.0,st5_20_bearish,350.0,750.0,0,10:30,LONG,False,1,2024-04-05 13:48:00+00:00,2024-04-05 13:49:00+00:00,2024-04-05 15:46:00+00:00,TP_2R,LONG,954.78,0.0,0.0,954.78,954.78,1,3,18182.25,18102.5,79.75
p0_st5_20_bearish_sr350_lr750_buf0_tg1030,"P0 st5_20_bearish, short $350, switch long $750, buffer 0, guard 10:30",NASDAQ_ORB_15m_p0_short_switch_tp2r_p0_st5_20_bearish_sr350_lr750_buf0_tg1030_2024-04-08,2024-04-08,15,2.0,2.0,st5_20_bearish,350.0,750.0,0,10:30,LONG,False,1,2024-04-08 14:30:00+00:00,2024-04-08 14:31:00+00:00,2024-04-08 19:00:00+00:00,TIME_EXIT,LONG,-93.48,0.0,0.0,-93.48,-93.48,0,2,18337.0,18237.75,99.25
p0_st5_20_bearish_sr350_lr750_buf0_tg1030,"P0 st5_20_bearish, short $350, switch long $750, buffer 0, guard 10:30",NASDAQ_ORB_15m_p0_short_switch_tp2r_p0_st5_20_bearish_sr350_lr750_buf0_tg1030_2024-04-09,2024-04-09,15,2.0,2.0,st5_20_bearish,350.0,750.0,0,10:30,SHORT,False,1,2024-04-09 14:30:00+00:00,2024-04-09 14:31:00+00:00,2024-04-09 19:00:00+00:00,TIME_EXIT,SHORT,0.0,58.26,0.0,58.26,58.26,1,1,18405.0,18342.75,62.25
p0_st5_20_bearish_sr350_lr750_buf0_tg1030,"P0 st5_20_bearish, short $350, switch long $750, buffer 0, guard 10:30",NASDAQ_ORB_15m_p0_short_switch_tp2r_p0_st5_20_bearish_sr350_lr750_buf0_tg1030_2024-04-10,2024-04-10,15,2.0,2.0,st5_20_bearish,350.0,750.0,0,10:30,SHORT,True,2,2024-04-10 13:47:00+00:00,2024-04-10 13:48:00+00:00,2024-04-10 19:00:00+00:00,SWITCH_TO_LONG+TIME_EXIT,SHORT,-594.96,-343.48,-594.96,-938.44,-938.44,0,6,18196.25,18119.0,77.25
p0_st5_20_bearish_sr350_lr750_buf0_tg1030,"P0 st5_20_bearish, short $350, switch long $750, buffer 0, guard 10:30",NASDAQ_ORB_15m_p0_short_switch_tp2r_p0_st5_20_bearish_sr350_lr750_buf0_tg1030_2024-04-11,2024-04-11,15,2.0,2.0,st5_20_bearish,350.0,750.0,0,10:30,LONG,False,1,2024-04-11 15:42:00+00:00,2024-04-11 15:43:00+00:00,2024-04-11 17:20:00+00:00,TP_2R,LONG,753.78,0.0,0.0,753.78,753.78,1,3,18274.25,18222.5,51.75
p0_st5_20_bearish_sr350_lr750_buf0_tg1030,"P0 st5_20_bearish, short $350, switch long $750, buffer 0, guard 10:30",NASDAQ_ORB_15m_p0_short_switch_tp2r_p0_st5_20_bearish_sr350_lr750_buf0_tg1030_2024-04-12,2024-04-12,15,2.0,2.0,st5_20_bearish,350.0,750.0,0,10:30,LONG,False,1,2024-04-12 13:47:00+00:00,2024-04-12 13:48:00+00:00,2024-04-12 19:00:00+00:00,TIME_EXIT,LONG,-1968.7,0.0,0.0,-1968.7,-1968.7,0,5,18327.0,18280.75,46.25
p0_st5_20_bearish_sr350_lr750_buf0_tg1030,"P0 st5_20_bearish, short $350, switch long $750, buffer 0, guard 10:30",NASDAQ_ORB_15m_p0_short_switch_tp2r_p0_st5_20_bearish_sr350_lr750_buf0_tg1030_2024-04-15,2024-04-15,15,2.0,2.0,st5_20_bearish,350.0,750.0,0,10:30,SHORT,False,1,2024-04-15 14:09:00+00:00,2024-04-15 14:10:00+00:00,2024-04-15 17:19:00+00:00,TP_2R,SHORT,0.0,352.26,0.0,352.26,352.26,1,1,18339.0,18261.0,78.0
p0_st5_20_bearish_sr350_lr750_buf0_tg1030,"P0 st5_20_bearish, short $350, switch long $750, buffer 0, guard 10:30",NASDAQ_ORB_15m_p0_short_switch_tp2r_p0_st5_20_bearish_sr350_lr750_buf0_tg1030_2024-04-16,2024-04-16,15,2.0,2.0,st5_20_bearish,350.0,750.0,0,10:30,LONG,False,1,2024-04-16 13:58:00+00:00,2024-04-16 13:59:00+00:00,2024-04-16 19:00:00+00:00,TIME_EXIT,LONG,419.04,0.0,0.0,419.04,419.04,1,4,17888.0,17835.0,53.0
p0_st5_20_bearish_sr350_lr750_buf0_tg1030,"P0 st5_20_bearish, short $350, switch long $750, buffer 0, guard 10:30",NASDAQ_ORB_15m_p0_short_switch_tp2r_p0_st5_20_bearish_sr350_lr750_buf0_tg1030_2024-04-17,2024-04-17,15,2.0,2.0,st5_20_bearish,350.0,750.0,0,10:30,SHORT,False,1,2024-04-17 13:55:00+00:00,2024-04-17 13:56:00+00:00,2024-04-17 14:55:00+00:00,TP_2R,SHORT,0.0,510.52,0.0,510.52,510.52,1,2,17959.5,17912.75,46.75
p0_st5_20_bearish_sr350_lr750_buf0_tg1030,"P0 st5_20_bearish, short $350, switch long $750, buffer 0, guard 10:30",NASDAQ_ORB_15m_p0_short_switch_tp2r_p0_st5_20_bearish_sr350_lr750_buf0_tg1030_2024-04-18,2024-04-18,15,2.0,2.0,st5_20_bearish,350.0,750.0,0,10:30,LONG,False,1,2024-04-18 14:36:00+00:00,2024-04-18 14:37:00+00:00,2024-04-18 19:00:00+00:00,TIME_EXIT,LONG,-305.24,0.0,0.0,-305.24,-305.24,0,1,17678.75,17551.0,127.75
p0_st5_20_bearish_sr350_lr750_buf0_tg1030,"P0 st5_20_bearish, short $350, switch long $750, buffer 0, guard 10:30",NASDAQ_ORB_15m_p0_short_switch_tp2r_p0_st5_20_bearish_sr350_lr750_buf0_tg1030_2024-04-19,2024-04-19,15,2.0,2.0,st5_20_bearish,350.0,750.0,0,10:30,LONG,False,1,2024-04-19 13:47:00+00:00,2024-04-19 13:48:00+00:00,2024-04-19 19:00:00+00:00,TIME_EXIT,LONG,-2105.2200000000003,0.0,0.0,-2105.2200000000003,-2105.2200000000003,0,3,17501.5,17432.75,68.75
p0_st5_20_bearish_sr350_lr750_buf0_tg1030,"P0 st5_20_bearish, short $350, switch long $750, buffer 0, guard 10:30",NASDAQ_ORB_15m_p0_short_switch_tp2r_p0_st5_20_bearish_sr350_lr750_buf0_tg1030_2024-04-22,2024-04-22,15,2.0,2.0,st5_20_bearish,350.0,750.0,0,10:30,LONG,False,1,2024-04-22 13:49:00+00:00,2024-04-22 13:50:00+00:00,2024-04-22 18:33:00+00:00,TP_2R,LONG,941.04,0.0,0.0,941.04,941.04,1,4,17307.5,17264.0,43.5
p0_st5_20_bearish_sr350_lr750_buf0_tg1030,"P0 st5_20_bearish, short $350, switch long $750, buffer 0, guard 10:30",NASDAQ_ORB_15m_p0_short_switch_tp2r_p0_st5_20_bearish_sr350_lr750_buf0_tg1030_2024-04-23,2024-04-23,15,2.0,2.0,st5_20_bearish,350.0,750.0,0,10:30,LONG,False,1,2024-04-23 13:46:00+00:00,2024-04-23 13:47:00+00:00,2024-04-23 19:00:00+00:00,TIME_EXIT,LONG,519.52,0.0,0.0,519.52,519.52,1,2,17478.0,17413.5,64.5
p0_st5_20_bearish_sr350_lr750_buf0_tg1030,"P0 st5_20_bearish, short $350, switch long $750, buffer 0, guard 10:30",NASDAQ_ORB_15m_p0_short_switch_tp2r_p0_st5_20_bearish_sr350_lr750_buf0_tg1030_2024-04-24,2024-04-24,15,2.0,2.0,st5_20_bearish,350.0,750.0,0,10:30,LONG,False,1,2024-04-24 13:51:00+00:00,2024-04-24 13:52:00+00:00,2024-04-24 19:00:00+00:00,TIME_EXIT,LONG,-1055.22,0.0,0.0,-1055.22,-1055.22,0,3,17787.0,17713.0,74.0
p0_st5_20_bearish_sr350_lr750_buf0_tg1030,"P0 st5_20_bearish, short $350, switch long $750, buffer 0, guard 10:30",NASDAQ_ORB_15m_p0_short_switch_tp2r_p0_st5_20_bearish_sr350_lr750_buf0_tg1030_2024-04-25,2024-04-25,15,2.0,2.0,st5_20_bearish,350.0,750.0,0,10:30,LONG,False,1,2024-04-25 13:47:00+00:00,2024-04-25 13:48:00+00:00,2024-04-25 17:05:00+00:00,TP_2R,LONG,831.78,0.0,0.0,831.78,831.78,1,3,17375.75,17308.0,67.75
p0_st5_20_bearish_sr350_lr750_buf0_tg1030,"P0 st5_20_bearish, short $350, switch long $750, buffer 0, guard 10:30",NASDAQ_ORB_15m_p0_short_switch_tp2r_p0_st5_20_bearish_sr350_lr750_buf0_tg1030_2024-04-26,2024-04-26,15,2.0,2.0,st5_20_bearish,350.0,750.0,0,10:30,LONG,False,1,2024-04-26 13:51:00+00:00,2024-04-26 13:52:00+00:00,2024-04-26 19:00:00+00:00,TIME_EXIT,LONG,334.52,0.0,0.0,334.52,334.52,1,2,17764.5,17668.25,96.25
p0_st5_20_bearish_sr350_lr750_buf0_tg1030,"P0 st5_20_bearish, short $350, switch long $750, buffer 0, guard 10:30",NASDAQ_ORB_15m_p0_short_switch_tp2r_p0_st5_20_bearish_sr350_lr750_buf0_tg1030_2024-05-01,2024-05-01,15,2.0,2.0,st5_20_bearish,350.0,750.0,0,10:30,SHORT,True,2,2024-05-01 14:05:00+00:00,2024-05-01 14:06:00+00:00,2024-05-01 18:42:00+00:00,SWITCH_TO_LONG+TP_2R,SHORT,1465.56,-328.48,1465.56,1137.08,1137.08,1,8,17517.5,17468.25,49.25
p0_st5_20_bearish_sr350_lr750_buf0_tg1030,"P0 st5_20_bearish, short $350, switch long $750, buffer 0, guard 10:30",NASDAQ_ORB_15m_p0_short_switch_tp2r_p0_st5_20_bearish_sr350_lr750_buf0_tg1030_2024-05-02,2024-05-02,15,2.0,2.0,st5_20_bearish,350.0,750.0,0,10:30,SHORT,True,2,2024-05-02 13:49:00+00:00,2024-05-02 13:50:00+00:00,2024-05-02 19:00:00+00:00,SWITCH_TO_LONG+TIME_EXIT,SHORT,473.04,-202.74,473.04,270.3,270.3,1,5,17602.5,17515.25,87.25
p0_st5_20_bearish_sr350_lr750_buf0_tg1030,"P0 st5_20_bearish, short $350, switch long $750, buffer 0, guard 10:30",NASDAQ_ORB_15m_p0_short_switch_tp2r_p0_st5_20_bearish_sr350_lr750_buf0_tg1030_2024-05-03,2024-05-03,15,2.0,2.0,st5_20_bearish,350.0,750.0,0,10:30,LONG,False,1,2024-05-03 13:46:00+00:00,2024-05-03 13:47:00+00:00,2024-05-03 19:00:00+00:00,TIME_EXIT,LONG,104.28,0.0,0.0,104.28,104.28,1,3,17977.75,17919.25,58.5
p0_st5_20_bearish_sr350_lr750_buf0_tg1030,"P0 st5_20_bearish, short $350, switch long $750, buffer 0, guard 10:30",NASDAQ_ORB_15m_p0_short_switch_tp2r_p0_st5_20_bearish_sr350_lr750_buf0_tg1030_2024-05-06,2024-05-06,15,2.0,2.0,st5_20_bearish,350.0,750.0,0,10:30,LONG,False,1,2024-05-06 13:52:00+00:00,2024-05-06 13:53:00+00:00,2024-05-06 19:00:00+00:00,TIME_EXIT,LONG,343.04,0.0,0.0,343.04,343.04,1,4,18101.0,18042.5,58.5
p0_st5_20_bearish_sr350_lr750_buf0_tg1030,"P0 st5_20_bearish, short $350, switch long $750, buffer 0, guard 10:30",NASDAQ_ORB_15m_p0_short_switch_tp2r_p0_st5_20_bearish_sr350_lr750_buf0_tg1030_2024-05-07,2024-05-07,15,2.0,2.0,st5_20_bearish,350.0,750.0,0,10:30,LONG,False,1,2024-05-07 14:56:00+00:00,2024-05-07 14:57:00+00:00,2024-05-07 19:00:00+00:00,TIME_EXIT,LONG,-523.4399999999999,0.0,0.0,-523.4399999999999,-523.4399999999999,0,6,18236.25,18197.25,39.0
p0_st5_20_bearish_sr350_lr750_buf0_tg1030,"P0 st5_20_bearish, short $350, switch long $750, buffer 0, guard 10:30",NASDAQ_ORB_15m_p0_short_switch_tp2r_p0_st5_20_bearish_sr350_lr750_buf0_tg1030_2024-05-08,2024-05-08,15,2.0,2.0,st5_20_bearish,350.0,750.0,0,10:30,LONG,False,1,2024-05-08 13:46:00+00:00,2024-05-08 13:47:00+00:00,2024-05-08 14:48:00+00:00,TP_2R,LONG,971.3,0.0,0.0,971.3,971.3,1,5,18126.5,18079.0,47.5
p0_st5_20_bearish_sr350_lr750_buf0_tg1030,"P0 st5_20_bearish, short $350, switch long $750, buffer 0, guard 10:30",NASDAQ_ORB_15m_p0_short_switch_tp2r_p0_st5_20_bearish_sr350_lr750_buf0_tg1030_2024-05-09,2024-05-09,15,2.0,2.0,st5_20_bearish,350.0,750.0,0,10:30,SHORT,True,2,2024-05-09 13:48:00+00:00,2024-05-09 13:49:00+00:00,2024-05-09 19:00:00+00:00,SWITCH_TO_LONG+TIME_EXIT,SHORT,191.04,-348.48,191.04,-157.44000000000003,-157.44000000000003,0,6,18204.0,18122.75,81.25
p0_st5_20_bearish_sr350_lr750_buf0_tg1030,"P0 st5_20_bearish, short $350, switch long $750, buffer 0, guard 10:30",NASDAQ_ORB_15m_p0_short_switch_tp2r_p0_st5_20_bearish_sr350_lr750_buf0_tg1030_2024-05-10,2024-05-10,15,2.0,2.0,st5_20_bearish,350.0,750.0,0,10:30,LONG,False,1,2024-05-10 13:49:00+00:00,2024-05-10 13:50:00+00:00,2024-05-10 19:00:00+00:00,TIME_EXIT,LONG,-501.72,0.0,0.0,-501.72,-501.72,0,3,18331.5,18256.5,75.0
p0_st5_20_bearish_sr350_lr750_buf0_tg1030,"P0 st5_20_bearish, short $350, switch long $750, buffer 0, guard 10:30",NASDAQ_ORB_15m_p0_short_switch_tp2r_p0_st5_20_bearish_sr350_lr750_buf0_tg1030_2024-05-13,2024-05-13,15,2.0,2.0,st5_20_bearish,350.0,750.0,0,10:30,SHORT,False,1,2024-05-13 13:46:00+00:00,2024-05-13 13:47:00+00:00,2024-05-13 19:00:00+00:00,TIME_EXIT,SHORT,0.0,-95.48,0.0,-95.48,-95.48,0,2,18336.75,18266.25,70.5
p0_st5_20_bearish_sr350_lr750_buf0_tg1030,"P0 st5_20_bearish, short $350, switch long $750, buffer 0, guard 10:30",NASDAQ_ORB_15m_p0_short_switch_tp2r_p0_st5_20_bearish_sr350_lr750_buf0_tg1030_2024-05-14,2024-05-14,15,2.0,2.0,st5_20_bearish,350.0,750.0,0,10:30,LONG,False,1,2024-05-14 13:46:00+00:00,2024-05-14 13:47:00+00:00,2024-05-14 19:00:00+00:00,TIME_EXIT,LONG,703.04,0.0,0.0,703.04,703.04,1,4,18318.0,18265.25,52.75
p0_st5_20_bearish_sr350_lr750_buf0_tg1030,"P0 st5_20_bearish, short $350, switch long $750, buffer 0, guard 10:30",NASDAQ_ORB_15m_p0_short_switch_tp2r_p0_st5_20_bearish_sr350_lr750_buf0_tg1030_2024-05-15,2024-05-15,15,2.0,2.0,st5_20_bearish,350.0,750.0,0,10:30,LONG,False,1,2024-05-15 14:21:00+00:00,2024-05-15 14:22:00+00:00,2024-05-15 16:31:00+00:00,TP_2R,LONG,985.56,0.0,0.0,985.56,985.56,1,6,18531.75,18491.25,40.5
p0_st5_20_bearish_sr350_lr750_buf0_tg1030,"P0 st5_20_bearish, short $350, switch long $750, buffer 0, guard 10:30",NASDAQ_ORB_15m_p0_short_switch_tp2r_p0_st5_20_bearish_sr350_lr750_buf0_tg1030_2024-05-16,2024-05-16,15,2.0,2.0,st5_20_bearish,350.0,750.0,0,10:30,LONG,False,1,2024-05-16 13:48:00+00:00,2024-05-16 13:49:00+00:00,2024-05-16 15:05:00+00:00,TP_2R,LONG,906.08,0.0,0.0,906.08,906.08,1,8,18700.0,18672.0,28.0
p0_st5_20_bearish_sr350_lr750_buf0_tg1030,"P0 st5_20_bearish, short $350, switch long $750, buffer 0, guard 10:30",NASDAQ_ORB_15m_p0_short_switch_tp2r_p0_st5_20_bearish_sr350_lr750_buf0_tg1030_2024-05-17,2024-05-17,15,2.0,2.0,st5_20_bearish,350.0,750.0,0,10:30,SHORT,True,2,2024-05-17 13:51:00+00:00,2024-05-17 13:52:00+00:00,2024-05-17 19:00:00+00:00,SWITCH_TO_LONG+TIME_EXIT,SHORT,-1190.6399999999999,-346.2,-1190.6399999999999,-1536.84,-1536.84,0,16,18667.5,18638.25,29.25
p0_st5_20_bearish_sr350_lr750_buf0_tg1030,"P0 st5_20_bearish, short $350, switch long $750, buffer 0, guard 10:30",NASDAQ_ORB_15m_p0_short_switch_tp2r_p0_st5_20_bearish_sr350_lr750_buf0_tg1030_2024-05-20,2024-05-20,15,2.0,2.0,st5_20_bearish,350.0,750.0,0,10:30,LONG,False,1,2024-05-20 13:46:00+00:00,2024-05-20 13:47:00+00:00,2024-05-20 19:00:00+00:00,TIME_EXIT,LONG,218.28000000000003,0.0,0.0,218.28000000000003,218.28000000000003,1,3,18710.75,18635.25,75.5
p0_st5_20_bearish_sr350_lr750_buf0_tg1030,"P0 st5_20_bearish, short $350, switch long $750, buffer 0, guard 10:30",NASDAQ_ORB_15m_p0_short_switch_tp2r_p0_st5_20_bearish_sr350_lr750_buf0_tg1030_2024-05-21,2024-05-21,15,2.0,2.0,st5_20_bearish,350.0,750.0,0,10:30,LONG,False,1,2024-05-21 13:54:00+00:00,2024-05-21 13:55:00+00:00,2024-05-21 19:00:00+00:00,TIME_EXIT,LONG,631.5600000000001,0.0,0.0,631.5600000000001,631.5600000000001,1,6,18714.0,18678.0,36.0
p0_st5_20_bearish_sr350_lr750_buf0_tg1030,"P0 st5_20_bearish, short $350, switch long $750, buffer 0, guard 10:30",NASDAQ_ORB_15m_p0_short_switch_tp2r_p0_st5_20_bearish_sr350_lr750_buf0_tg1030_2024-05-22,2024-05-22,15,2.0,2.0,st5_20_bearish,350.0,750.0,0,10:30,LONG,False,1,2024-05-22 13:53:00+00:00,2024-05-22 13:54:00+00:00,2024-05-22 19:00:00+00:00,TIME_EXIT,LONG,-1192.44,0.0,0.0,-1192.44,-1192.44,0,6,18826.5,18789.0,37.5
p0_st5_20_bearish_sr350_lr750_buf0_tg1030,"P0 st5_20_bearish, short $350, switch long $750, buffer 0, guard 10:30",NASDAQ_ORB_15m_p0_short_switch_tp2r_p0_st5_20_bearish_sr350_lr750_buf0_tg1030_2024-05-23,2024-05-23,15,2.0,2.0,st5_20_bearish,350.0,750.0,0,10:30,SHORT,False,1,2024-05-23 13:49:00+00:00,2024-05-23 13:50:00+00:00,2024-05-23 17:57:00+00:00,TP_2R,SHORT,0.0,662.52,0.0,662.52,662.52,1,2,18982.5,18911.5,71.0
p0_st5_20_bearish_sr350_lr750_buf0_tg1030,"P0 st5_20_bearish, short $350, switch long $750, buffer 0, guard 10:30",NASDAQ_ORB_15m_p0_short_switch_tp2r_p0_st5_20_bearish_sr350_lr750_buf0_tg1030_2024-05-24,2024-05-24,15,2.0,2.0,st5_20_bearish,350.0,750.0,0,10:30,LONG,False,1,2024-05-24 13:46:00+00:00,2024-05-24 13:47:00+00:00,2024-05-24 15:04:00+00:00,TP_2R,LONG,941.3,0.0,0.0,941.3,941.3,1,5,18777.25,18733.25,44.0
p0_st5_20_bearish_sr350_lr750_buf0_tg1030,"P0 st5_20_bearish, short $350, switch long $750, buffer 0, guard 10:30",NASDAQ_ORB_15m_p0_short_switch_tp2r_p0_st5_20_bearish_sr350_lr750_buf0_tg1030_2024-05-27,2024-05-27,15,2.0,2.0,st5_20_bearish,350.0,750.0,0,10:30,LONG,False,1,2024-05-27 14:59:00+00:00,2024-05-27 15:00:00+00:00,2024-05-27 22:02:00+00:00,TIME_EXIT,LONG,323.82,0.0,0.0,323.82,323.82,1,7,18911.25,18877.25,34.0
p0_st5_20_bearish_sr350_lr750_buf0_tg1030,"P0 st5_20_bearish, short $350, switch long $750, buffer 0, guard 10:30",NASDAQ_ORB_15m_p0_short_switch_tp2r_p0_st5_20_bearish_sr350_lr750_buf0_tg1030_2024-05-28,2024-05-28,15,2.0,2.0,st5_20_bearish,350.0,750.0,0,10:30,SHORT,True,2,2024-05-28 13:46:00+00:00,2024-05-28 13:47:00+00:00,2024-05-28 19:00:00+00:00,SWITCH_TO_LONG+TIME_EXIT,SHORT,-716.2,-329.48,-716.2,-1045.68,-1045.68,0,7,18937.0,18869.5,67.5
p0_st5_20_bearish_sr350_lr750_buf0_tg1030,"P0 st5_20_bearish, short $350, switch long $750, buffer 0, guard 10:30",NASDAQ_ORB_15m_p0_short_switch_tp2r_p0_st5_20_bearish_sr350_lr750_buf0_tg1030_2024-05-29,2024-05-29,15,2.0,2.0,st5_20_bearish,350.0,750.0,0,10:30,LONG,False,1,2024-05-29 13:51:00+00:00,2024-05-29 13:52:00+00:00,2024-05-29 19:00:00+00:00,TIME_EXIT,LONG,-53.22,0.0,0.0,-53.22,-53.22,0,3,18817.75,18761.0,56.75
p0_st5_20_bearish_sr350_lr750_buf0_tg1030,"P0 st5_20_bearish, short $350, switch long $750, buffer 0, guard 10:30",NASDAQ_ORB_15m_p0_short_switch_tp2r_p0_st5_20_bearish_sr350_lr750_buf0_tg1030_2024-05-30,2024-05-30,15,2.0,2.0,st5_20_bearish,350.0,750.0,0,10:30,SHORT,False,1,2024-05-30 14:14:00+00:00,2024-05-30 14:15:00+00:00,2024-05-30 19:00:00+00:00,TIME_EXIT,SHORT,0.0,96.52,0.0,96.52,96.52,1,2,18769.25,18696.5,72.75
p0_st5_20_bearish_sr350_lr750_buf0_tg1030,"P0 st5_20_bearish, short $350, switch long $750, buffer 0, guard 10:30",NASDAQ_ORB_15m_p0_short_switch_tp2r_p0_st5_20_bearish_sr350_lr750_buf0_tg1030_2024-05-31,2024-05-31,15,2.0,2.0,st5_20_bearish,350.0,750.0,0,10:30,SHORT,False,1,2024-05-31 13:47:00+00:00,2024-05-31 13:48:00+00:00,2024-05-31 14:19:00+00:00,TP_2R,SHORT,0.0,672.78,0.0,672.78,672.78,1,3,18630.75,18575.0,55.75
p0_st5_20_bearish_sr350_lr750_buf0_tg1030,"P0 st5_20_bearish, short $350, switch long $750, buffer 0, guard 10:30",NASDAQ_ORB_15m_p0_short_switch_tp2r_p0_st5_20_bearish_sr350_lr750_buf0_tg1030_2024-06-03,2024-06-03,15,2.0,2.0,st5_20_bearish,350.0,750.0,0,10:30,SHORT,False,1,2024-06-03 14:00:00+00:00,2024-06-03 14:01:00+00:00,2024-06-03 16:13:00+00:00,TP_2R,SHORT,0.0,550.52,0.0,550.52,550.52,1,2,18749.75,18698.25,51.5
p0_st5_20_bearish_sr350_lr750_buf0_tg1030,"P0 st5_20_bearish, short $350, switch long $750, buffer 0, guard 10:30",NASDAQ_ORB_15m_p0_short_switch_tp2r_p0_st5_20_bearish_sr350_lr750_buf0_tg1030_2024-06-04,2024-06-04,15,2.0,2.0,st5_20_bearish,350.0,750.0,0,10:30,LONG,False,1,2024-06-04 14:02:00+00:00,2024-06-04 14:03:00+00:00,2024-06-04 19:00:00+00:00,TIME_EXIT,LONG,302.28000000000003,0.0,0.0,302.28000000000003,302.28000000000003,1,3,18650.75,18581.5,69.25
p0_st5_20_bearish_sr350_lr750_buf0_tg1030,"P0 st5_20_bearish, short $350, switch long $750, buffer 0, guard 10:30",NASDAQ_ORB_15m_p0_short_switch_tp2r_p0_st5_20_bearish_sr350_lr750_buf0_tg1030_2024-06-05,2024-06-05,15,2.0,2.0,st5_20_bearish,350.0,750.0,0,10:30,LONG,False,1,2024-06-05 13:53:00+00:00,2024-06-05 13:54:00+00:00,2024-06-05 15:05:00+00:00,TP_2R,LONG,861.3,0.0,0.0,861.3,861.3,1,5,18852.5,18813.5,39.0
p0_st5_20_bearish_sr350_lr750_buf0_tg1030,"P0 st5_20_bearish, short $350, switch long $750, buffer 0, guard 10:30",NASDAQ_ORB_15m_p0_short_switch_tp2r_p0_st5_20_bearish_sr350_lr750_buf0_tg1030_2024-06-06,2024-06-06,15,2.0,2.0,st5_20_bearish,350.0,750.0,0,10:30,SHORT,False,1,2024-06-06 13:47:00+00:00,2024-06-06 13:48:00+00:00,2024-06-06 19:00:00+00:00,TIME_EXIT,SHORT,0.0,45.04,0.0,45.04,45.04,1,4,19115.75,19085.25,30.5
p0_st5_20_bearish_sr350_lr750_buf0_tg1030,"P0 st5_20_bearish, short $350, switch long $750, buffer 0, guard 10:30",NASDAQ_ORB_15m_p0_short_switch_tp2r_p0_st5_20_bearish_sr350_lr750_buf0_tg1030_2024-06-07,2024-06-07,15,2.0,2.0,st5_20_bearish,350.0,750.0,0,10:30,LONG,False,1,2024-06-07 13:52:00+00:00,2024-06-07 13:53:00+00:00,2024-06-07 19:00:00+00:00,TIME_EXIT,LONG,-45.72,0.0,0.0,-45.72,-45.72,0,3,19040.75,18992.25,48.5
p0_st5_20_bearish_sr350_lr750_buf0_tg1030,"P0 st5_20_bearish, short $350, switch long $750, buffer 0, guard 10:30",NASDAQ_ORB_15m_p0_short_switch_tp2r_p0_st5_20_bearish_sr350_lr750_buf0_tg1030_2024-06-10,2024-06-10,15,2.0,2.0,st5_20_bearish,350.0,750.0,0,10:30,LONG,False,1,2024-06-10 14:23:00+00:00,2024-06-10 14:24:00+00:00,2024-06-10 19:00:00+00:00,TIME_EXIT,LONG,377.04,0.0,0.0,377.04,377.04,1,4,19023.5,18977.5,46.0
p0_st5_20_bearish_sr350_lr750_buf0_tg1030,"P0 st5_20_bearish, short $350, switch long $750, buffer 0, guard 10:30",NASDAQ_ORB_15m_p0_short_switch_tp2r_p0_st5_20_bearish_sr350_lr750_buf0_tg1030_2024-06-11,2024-06-11,15,2.0,2.0,st5_20_bearish,350.0,750.0,0,10:30,SHORT,True,2,2024-06-11 13:48:00+00:00,2024-06-11 13:49:00+00:00,2024-06-11 18:05:00+00:00,SWITCH_TO_LONG+TP_2R,SHORT,1346.08,-302.48,1346.08,1043.6,1043.6,1,10,19087.5,19046.0,41.5
p0_st5_20_bearish_sr350_lr750_buf0_tg1030,"P0 st5_20_bearish, short $350, switch long $750, buffer 0, guard 10:30",NASDAQ_ORB_15m_p0_short_switch_tp2r_p0_st5_20_bearish_sr350_lr750_buf0_tg1030_2024-06-12,2024-06-12,15,2.0,2.0,st5_20_bearish,350.0,750.0,0,10:30,LONG,False,1,2024-06-12 13:46:00+00:00,2024-06-12 13:47:00+00:00,2024-06-12 19:00:00+00:00,TIME_EXIT,LONG,128.52,0.0,0.0,128.52,128.52,1,2,19481.75,19374.5,107.25
p0_st5_20_bearish_sr350_lr750_buf0_tg1030,"P0 st5_20_bearish, short $350, switch long $750, buffer 0, guard 10:30",NASDAQ_ORB_15m_p0_short_switch_tp2r_p0_st5_20_bearish_sr350_lr750_buf0_tg1030_2024-06-13,2024-06-13,15,2.0,2.0,st5_20_bearish,350.0,750.0,0,10:30,SHORT,False,1,2024-06-13 14:15:00+00:00,2024-06-13 14:16:00+00:00,2024-06-13 19:00:00+00:00,TIME_EXIT,SHORT,0.0,-54.48,0.0,-54.48,-54.48,0,2,19663.75,19618.25,45.5
p0_st5_20_bearish_sr350_lr750_buf0_tg1030,"P0 st5_20_bearish, short $350, switch long $750, buffer 0, guard 10:30",NASDAQ_ORB_15m_p0_short_switch_tp2r_p0_st5_20_bearish_sr350_lr750_buf0_tg1030_2024-06-14,2024-06-14,15,2.0,2.0,st5_20_bearish,350.0,750.0,0,10:30,LONG,False,1,2024-06-14 13:46:00+00:00,2024-06-14 13:47:00+00:00,2024-06-14 19:00:00+00:00,TIME_EXIT,LONG,447.04,0.0,0.0,447.04,447.04,1,4,19603.5,19557.0,46.5
p0_st5_20_bearish_sr350_lr750_buf0_tg1030,"P0 st5_20_bearish, short $350, switch long $750, buffer 0, guard 10:30",NASDAQ_ORB_15m_p0_short_switch_tp2r_p0_st5_20_bearish_sr350_lr750_buf0_tg1030_2024-06-17,2024-06-17,15,2.0,2.0,st5_20_bearish,350.0,750.0,0,10:30,SHORT,True,2,2024-06-17 13:48:00+00:00,2024-06-17 13:49:00+00:00,2024-06-17 16:30:00+00:00,SWITCH_TO_LONG+TP_2R,SHORT,1324.82,-314.21999999999997,1324.82,1010.5999999999999,1010.5999999999999,1,10,19973.75,19928.25,45.5
p0_st5_20_bearish_sr350_lr750_buf0_tg1030,"P0 st5_20_bearish, short $350, switch long $750, buffer 0, guard 10:30",NASDAQ_ORB_15m_p0_short_switch_tp2r_p0_st5_20_bearish_sr350_lr750_buf0_tg1030_2024-06-18,2024-06-18,15,2.0,2.0,st5_20_bearish,350.0,750.0,0,10:30,LONG,False,1,2024-06-18 17:48:00+00:00,2024-06-18 17:49:00+00:00,2024-06-18 19:00:00+00:00,TIME_EXIT,LONG,-243.70000000000002,0.0,0.0,-243.70000000000002,-243.70000000000002,0,5,20219.25,20179.75,39.5
p0_st5_20_bearish_sr350_lr750_buf0_tg1030,"P0 st5_20_bearish, short $350, switch long $750, buffer 0, guard 10:30",NASDAQ_ORB_15m_p0_short_switch_tp2r_p0_st5_20_bearish_sr350_lr750_buf0_tg1030_2024-06-20,2024-06-20,15,2.0,2.0,st5_20_bearish,350.0,750.0,0,10:30,SHORT,False,1,2024-06-20 14:10:00+00:00,2024-06-20 14:11:00+00:00,2024-06-20 16:31:00+00:00,TP_2R,SHORT,0.0,562.52,0.0,562.52,562.52,1,2,20262.0,20200.0,62.0
p0_st5_20_bearish_sr350_lr750_buf0_tg1030,"P0 st5_20_bearish, short $350, switch long $750, buffer 0, guard 10:30",NASDAQ_ORB_15m_p0_short_switch_tp2r_p0_st5_20_bearish_sr350_lr750_buf0_tg1030_2024-06-21,2024-06-21,15,2.0,2.0,st5_20_bearish,350.0,750.0,0,10:30,SHORT,True,2,2024-06-21 13:50:00+00:00,2024-06-21 13:51:00+00:00,2024-06-21 19:00:00+00:00,SWITCH_TO_LONG+TIME_EXIT,SHORT,-619.4399999999999,-306.48,-619.4399999999999,-925.92,-925.92,0,8,20027.75,19973.5,54.25
p0_st5_20_bearish_sr350_lr750_buf0_tg1030,"P0 st5_20_bearish, short $350, switch long $750, buffer 0, guard 10:30",NASDAQ_ORB_15m_p0_short_switch_tp2r_p0_st5_20_bearish_sr350_lr750_buf0_tg1030_2024-06-24,2024-06-24,15,2.0,2.0,st5_20_bearish,350.0,750.0,0,10:30,SHORT,True,2,2024-06-24 13:49:00+00:00,2024-06-24 13:50:00+00:00,2024-06-24 19:00:00+00:00,SWITCH_TO_LONG+TIME_EXIT,SHORT,-996.72,-414.48,-996.72,-1411.2,-1411.2,0,5,19965.25,19886.75,78.5
p0_st5_20_bearish_sr350_lr750_buf0_tg1030,"P0 st5_20_bearish, short $350, switch long $750, buffer 0, guard 10:30",NASDAQ_ORB_15m_p0_short_switch_tp2r_p0_st5_20_bearish_sr350_lr750_buf0_tg1030_2024-06-25,2024-06-25,15,2.0,2.0,st5_20_bearish,350.0,750.0,0,10:30,LONG,False,1,2024-06-25 13:48:00+00:00,2024-06-25 13:49:00+00:00,2024-06-25 15:55:00+00:00,TP_2R,LONG,869.04,0.0,0.0,869.04,869.04,1,4,19841.5,19792.25,49.25
p0_st5_20_bearish_sr350_lr750_buf0_tg1030,"P0 st5_20_bearish, short $350, switch long $750, buffer 0, guard 10:30",NASDAQ_ORB_15m_p0_short_switch_tp2r_p0_st5_20_bearish_sr350_lr750_buf0_tg1030_2024-06-26,2024-06-26,15,2.0,2.0,st5_20_bearish,350.0,750.0,0,10:30,LONG,False,1,2024-06-26 13:46:00+00:00,2024-06-26 13:47:00+00:00,2024-06-26 19:00:00+00:00,TIME_EXIT,LONG,-94.44,0.0,0.0,-94.44,-94.44,0,6,19954.5,19918.5,36.0
p0_st5_20_bearish_sr350_lr750_buf0_tg1030,"P0 st5_20_bearish, short $350, switch long $750, buffer 0, guard 10:30",NASDAQ_ORB_15m_p0_short_switch_tp2r_p0_st5_20_bearish_sr350_lr750_buf0_tg1030_2024-06-27,2024-06-27,15,2.0,2.0,st5_20_bearish,350.0,750.0,0,10:30,LONG,False,1,2024-06-27 14:15:00+00:00,2024-06-27 14:16:00+00:00,2024-06-27 19:00:00+00:00,TIME_EXIT,LONG,-273.48,0.0,0.0,-273.48,-273.48,0,2,20101.25,19989.75,111.5
p0_st5_20_bearish_sr350_lr750_buf0_tg1030,"P0 st5_20_bearish, short $350, switch long $750, buffer 0, guard 10:30",NASDAQ_ORB_15m_p0_short_switch_tp2r_p0_st5_20_bearish_sr350_lr750_buf0_tg1030_2024-06-28,2024-06-28,15,2.0,2.0,st5_20_bearish,350.0,750.0,0,10:30,LONG,False,1,2024-06-28 13:46:00+00:00,2024-06-28 13:47:00+00:00,2024-06-28 14:15:00+00:00,TP_2R,LONG,861.78,0.0,0.0,861.78,861.78,1,3,20105.5,20039.0,66.5
p0_st5_20_bearish_sr350_lr750_buf0_tg1030,"P0 st5_20_bearish, short $350, switch long $750, buffer 0, guard 10:30",NASDAQ_ORB_15m_p0_short_switch_tp2r_p0_st5_20_bearish_sr350_lr750_buf0_tg1030_2024-07-01,2024-07-01,15,2.0,2.0,st5_20_bearish,350.0,750.0,0,10:30,SHORT,True,2,2024-07-01 13:46:00+00:00,2024-07-01 13:47:00+00:00,2024-07-01 19:00:00+00:00,SWITCH_TO_LONG+TIME_EXIT,SHORT,181.04,-321.48,181.04,-140.44000000000003,-140.44000000000003,0,6,19985.75,19912.75,73.0
p0_st5_20_bearish_sr350_lr750_buf0_tg1030,"P0 st5_20_bearish, short $350, switch long $750, buffer 0, guard 10:30",NASDAQ_ORB_15m_p0_short_switch_tp2r_p0_st5_20_bearish_sr350_lr750_buf0_tg1030_2024-07-02,2024-07-02,15,2.0,2.0,st5_20_bearish,350.0,750.0,0,10:30,LONG,False,1,2024-07-02 13:47:00+00:00,2024-07-02 13:48:00+00:00,2024-07-02 19:00:00+00:00,TIME_EXIT,LONG,516.52,0.0,0.0,516.52,516.52,1,2,20083.0,19976.5,106.5
p0_st5_20_bearish_sr350_lr750_buf0_tg1030,"P0 st5_20_bearish, short $350, switch long $750, buffer 0, guard 10:30",NASDAQ_ORB_15m_p0_short_switch_tp2r_p0_st5_20_bearish_sr350_lr750_buf0_tg1030_2024-07-03,2024-07-03,15,2.0,2.0,st5_20_bearish,350.0,750.0,0,10:30,LONG,False,1,2024-07-03 13:50:00+00:00,2024-07-03 13:51:00+00:00,2024-07-03 15:56:00+00:00,TP_2R,LONG,825.04,0.0,0.0,825.04,825.04,1,4,20267.5,20216.0,51.5
p0_st5_20_bearish_sr350_lr750_buf0_tg1030,"P0 st5_20_bearish, short $350, switch long $750, buffer 0, guard 10:30",NASDAQ_ORB_15m_p0_short_switch_tp2r_p0_st5_20_bearish_sr350_lr750_buf0_tg1030_2024-07-04,2024-07-04,15,2.0,2.0,st5_20_bearish,350.0,750.0,0,10:30,SHORT,False,1,2024-07-04 13:51:00+00:00,2024-07-04 13:52:00+00:00,2024-07-04 22:02:00+00:00,TIME_EXIT,SHORT,0.0,102.08,0.0,102.08,102.08,1,8,20406.25,20387.5,18.75
p0_st5_20_bearish_sr350_lr750_buf0_tg1030,"P0 st5_20_bearish, short $350, switch long $750, buffer 0, guard 10:30",NASDAQ_ORB_15m_p0_short_switch_tp2r_p0_st5_20_bearish_sr350_lr750_buf0_tg1030_2024-07-05,2024-07-05,15,2.0,2.0,st5_20_bearish,350.0,750.0,0,10:30,LONG,False,1,2024-07-05 13:56:00+00:00,2024-07-05 13:57:00+00:00,2024-07-05 17:37:00+00:00,TP_2R,LONG,989.04,0.0,0.0,989.04,989.04,1,4,20494.75,20440.0,54.75
p0_st5_20_bearish_sr350_lr750_buf0_tg1030,"P0 st5_20_bearish, short $350, switch long $750, buffer 0, guard 10:30",NASDAQ_ORB_15m_p0_short_switch_tp2r_p0_st5_20_bearish_sr350_lr750_buf0_tg1030_2024-07-08,2024-07-08,15,2.0,2.0,st5_20_bearish,350.0,750.0,0,10:30,LONG,False,1,2024-07-08 13:51:00+00:00,2024-07-08 13:52:00+00:00,2024-07-08 19:00:00+00:00,TIME_EXIT,LONG,-16.200000000000003,0.0,0.0,-16.200000000000003,-16.200000000000003,0,5,20645.0,20600.75,44.25
p0_st5_20_bearish_sr350_lr750_buf0_tg1030,"P0 st5_20_bearish, short $350, switch long $750, buffer 0, guard 10:30",NASDAQ_ORB_15m_p0_short_switch_tp2r_p0_st5_20_bearish_sr350_lr750_buf0_tg1030_2024-07-09,2024-07-09,15,2.0,2.0,st5_20_bearish,350.0,750.0,0,10:30,SHORT,False,1,2024-07-09 14:30:00+00:00,2024-07-09 14:31:00+00:00,2024-07-09 19:00:00+00:00,TIME_EXIT,SHORT,0.0,127.52,0.0,127.52,127.52,1,2,20764.5,20719.25,45.25
p0_st5_20_bearish_sr350_lr750_buf0_tg1030,"P0 st5_20_bearish, short $350, switch long $750, buffer 0, guard 10:30",NASDAQ_ORB_15m_p0_short_switch_tp2r_p0_st5_20_bearish_sr350_lr750_buf0_tg1030_2024-07-10,2024-07-10,15,2.0,2.0,st5_20_bearish,350.0,750.0,0,10:30,LONG,False,1,2024-07-10 13:50:00+00:00,2024-07-10 13:51:00+00:00,2024-07-10 17:54:00+00:00,TP_2R,LONG,841.04,0.0,0.0,841.04,841.04,1,4,20768.25,20721.5,46.75
p0_st5_20_bearish_sr350_lr750_buf0_tg1030,"P0 st5_20_bearish, short $350, switch long $750, buffer 0, guard 10:30",NASDAQ_ORB_15m_p0_short_switch_tp2r_p0_st5_20_bearish_sr350_lr750_buf0_tg1030_2024-07-11,2024-07-11,15,2.0,2.0,st5_20_bearish,350.0,750.0,0,10:30,SHORT,False,1,2024-07-11 13:53:00+00:00,2024-07-11 13:54:00+00:00,2024-07-11 14:19:00+00:00,TP_2R,SHORT,0.0,542.52,0.0,542.52,542.52,1,2,20902.25,20852.25,50.0
p0_st5_20_bearish_sr350_lr750_buf0_tg1030,"P0 st5_20_bearish, short $350, switch long $750, buffer 0, guard 10:30",NASDAQ_ORB_15m_p0_short_switch_tp2r_p0_st5_20_bearish_sr350_lr750_buf0_tg1030_2024-07-12,2024-07-12,15,2.0,2.0,st5_20_bearish,350.0,750.0,0,10:30,LONG,False,1,2024-07-12 13:49:00+00:00,2024-07-12 13:50:00+00:00,2024-07-12 14:36:00+00:00,TP_2R,LONG,921.04,0.0,0.0,921.04,921.04,1,4,20477.75,20425.25,52.5
p0_st5_20_bearish_sr350_lr750_buf0_tg1030,"P0 st5_20_bearish, short $350, switch long $750, buffer 0, guard 10:30",NASDAQ_ORB_15m_p0_short_switch_tp2r_p0_st5_20_bearish_sr350_lr750_buf0_tg1030_2024-07-15,2024-07-15,15,2.0,2.0,st5_20_bearish,350.0,750.0,0,10:30,SHORT,True,2,2024-07-15 13:47:00+00:00,2024-07-15 13:48:00+00:00,2024-07-15 19:00:00+00:00,SWITCH_TO_LONG+TIME_EXIT,SHORT,-518.6999999999999,-312.48,-518.6999999999999,-831.18,-831.18,0,7,20665.5,20595.5,70.0
p0_st5_20_bearish_sr350_lr750_buf0_tg1030,"P0 st5_20_bearish, short $350, switch long $750, buffer 0, guard 10:30",NASDAQ_ORB_15m_p0_short_switch_tp2r_p0_st5_20_bearish_sr350_lr750_buf0_tg1030_2024-07-16,2024-07-16,15,2.0,2.0,st5_20_bearish,350.0,750.0,0,10:30,SHORT,False,1,2024-07-16 14:00:00+00:00,2024-07-16 14:01:00+00:00,2024-07-16 19:00:00+00:00,TIME_EXIT,SHORT,0.0,-22.24,0.0,-22.24,-22.24,0,1,20684.0,20630.0,54.0
p0_st5_20_bearish_sr350_lr750_buf0_tg1030,"P0 st5_20_bearish, short $350, switch long $750, buffer 0, guard 10:30",NASDAQ_ORB_15m_p0_short_switch_tp2r_p0_st5_20_bearish_sr350_lr750_buf0_tg1030_2024-07-17,2024-07-17,15,2.0,2.0,st5_20_bearish,350.0,750.0,0,10:30,SHORT,False,1,2024-07-17 14:00:00+00:00,2024-07-17 14:01:00+00:00,2024-07-17 15:51:00+00:00,TP_2R,SHORT,0.0,578.52,0.0,578.52,578.52,1,2,20281.5,20210.5,71.0
p0_st5_20_bearish_sr350_lr750_buf0_tg1030,"P0 st5_20_bearish, short $350, switch long $750, buffer 0, guard 10:30",NASDAQ_ORB_15m_p0_short_switch_tp2r_p0_st5_20_bearish_sr350_lr750_buf0_tg1030_2024-07-18,2024-07-18,15,2.0,2.0,st5_20_bearish,350.0,750.0,0,10:30,SHORT,False,1,2024-07-18 13:46:00+00:00,2024-07-18 13:47:00+00:00,2024-07-18 15:33:00+00:00,TP_2R,SHORT,0.0,448.26,0.0,448.26,448.26,1,1,20149.25,20038.5,110.75
p0_st5_20_bearish_sr350_lr750_buf0_tg1030,"P0 st5_20_bearish, short $350, switch long $750, buffer 0, guard 10:30",NASDAQ_ORB_15m_p0_short_switch_tp2r_p0_st5_20_bearish_sr350_lr750_buf0_tg1030_2024-07-19,2024-07-19,15,2.0,2.0,st5_20_bearish,350.0,750.0,0,10:30,SHORT,False,1,2024-07-19 14:30:00+00:00,2024-07-19 14:31:00+00:00,2024-07-19 19:00:00+00:00,TIME_EXIT,SHORT,0.0,159.76,0.0,159.76,159.76,1,1,19976.75,19836.0,140.75
p0_st5_20_bearish_sr350_lr750_buf0_tg1030,"P0 st5_20_bearish, short $350, switch long $750, buffer 0, guard 10:30",NASDAQ_ORB_15m_p0_short_switch_tp2r_p0_st5_20_bearish_sr350_lr750_buf0_tg1030_2024-07-22,2024-07-22,15,2.0,2.0,st5_20_bearish,350.0,750.0,0,10:30,LONG,False,1,2024-07-22 13:47:00+00:00,2024-07-22 13:48:00+00:00,2024-07-22 19:00:00+00:00,TIME_EXIT,LONG,49.52,0.0,0.0,49.52,49.52,1,2,19979.25,19882.25,97.0
p0_st5_20_bearish_sr350_lr750_buf0_tg1030,"P0 st5_20_bearish, short $350, switch long $750, buffer 0, guard 10:30",NASDAQ_ORB_15m_p0_short_switch_tp2r_p0_st5_20_bearish_sr350_lr750_buf0_tg1030_2024-07-23,2024-07-23,15,2.0,2.0,st5_20_bearish,350.0,750.0,0,10:30,LONG,False,1,2024-07-23 14:22:00+00:00,2024-07-23 14:23:00+00:00,2024-07-23 19:00:00+00:00,TIME_EXIT,LONG,-268.48,0.0,0.0,-268.48,-268.48,0,2,20033.75,19933.25,100.5
p0_st5_20_bearish_sr350_lr750_buf0_tg1030,"P0 st5_20_bearish, short $350, switch long $750, buffer 0, guard 10:30",NASDAQ_ORB_15m_p0_short_switch_tp2r_p0_st5_20_bearish_sr350_lr750_buf0_tg1030_2024-07-24,2024-07-24,15,2.0,2.0,st5_20_bearish,350.0,750.0,0,10:30,SHORT,False,1,2024-07-24 13:57:00+00:00,2024-07-24 13:58:00+00:00,2024-07-24 19:00:00+00:00,TIME_EXIT,SHORT,0.0,523.76,0.0,523.76,523.76,1,1,19655.0,19527.0,128.0
p0_st5_20_bearish_sr350_lr750_buf0_tg1030,"P0 st5_20_bearish, short $350, switch long $750, buffer 0, guard 10:30",NASDAQ_ORB_15m_p0_short_switch_tp2r_p0_st5_20_bearish_sr350_lr750_buf0_tg1030_2024-07-25,2024-07-25,15,2.0,2.0,st5_20_bearish,350.0,750.0,0,10:30,SHORT,True,2,2024-07-25 13:55:00+00:00,2024-07-25 13:56:00+00:00,2024-07-25 19:00:00+00:00,SWITCH_TO_LONG+TIME_EXIT,SHORT,-444.48,-275.74,-444.48,-720.22,-720.22,0,3,19226.5,19107.5,119.0
p0_st5_20_bearish_sr350_lr750_buf0_tg1030,"P0 st5_20_bearish, short $350, switch long $750, buffer 0, guard 10:30",NASDAQ_ORB_15m_p0_short_switch_tp2r_p0_st5_20_bearish_sr350_lr750_buf0_tg1030_2024-07-26,2024-07-26,15,2.0,2.0,st5_20_bearish,350.0,750.0,0,10:30,SHORT,True,2,2024-07-26 13:50:00+00:00,2024-07-26 13:51:00+00:00,2024-07-26 19:00:00+00:00,SWITCH_TO_LONG+TIME_EXIT,SHORT,-293.21999999999997,-230.74,-293.21999999999997,-523.96,-523.96,0,4,19166.0,19078.75,87.25
p0_st5_20_bearish_sr350_lr750_buf0_tg1030,"P0 st5_20_bearish, short $350, switch long $750, buffer 0, guard 10:30",NASDAQ_ORB_15m_p0_short_switch_tp2r_p0_st5_20_bearish_sr350_lr750_buf0_tg1030_2024-07-29,2024-07-29,15,2.0,2.0,st5_20_bearish,350.0,750.0,0,10:30,LONG,False,1,2024-07-29 13:46:00+00:00,2024-07-29 13:47:00+00:00,2024-07-29 19:00:00+00:00,TIME_EXIT,LONG,-277.74,0.0,0.0,-277.74,-277.74,0,1,19342.75,19222.5,120.25
p0_st5_20_bearish_sr350_lr750_buf0_tg1030,"P0 st5_20_bearish, short $350, switch long $750, buffer 0, guard 10:30",NASDAQ_ORB_15m_p0_short_switch_tp2r_p0_st5_20_bearish_sr350_lr750_buf0_tg1030_2024-07-30,2024-07-30,15,2.0,2.0,st5_20_bearish,350.0,750.0,0,10:30,SHORT,False,1,2024-07-30 13:55:00+00:00,2024-07-30 13:56:00+00:00,2024-07-30 15:03:00+00:00,TP_2R,SHORT,0.0,356.26,0.0,356.26,356.26,1,1,19319.25,19255.25,64.0
p0_st5_20_bearish_sr350_lr750_buf0_tg1030,"P0 st5_20_bearish, short $350, switch long $750, buffer 0, guard 10:30",NASDAQ_ORB_15m_p0_short_switch_tp2r_p0_st5_20_bearish_sr350_lr750_buf0_tg1030_2024-07-31,2024-07-31,15,2.0,2.0,st5_20_bearish,350.0,750.0,0,10:30,LONG,False,1,2024-07-31 14:02:00+00:00,2024-07-31 14:03:00+00:00,2024-07-31 19:00:00+00:00,TIME_EXIT,LONG,532.52,0.0,0.0,532.52,532.52,1,2,19412.0,19310.5,101.5
p0_st5_20_bearish_sr350_lr750_buf0_tg1030,"P0 st5_20_bearish, short $350, switch long $750, buffer 0, guard 10:30",NASDAQ_ORB_15m_p0_short_switch_tp2r_p0_st5_20_bearish_sr350_lr750_buf0_tg1030_2024-08-01,2024-08-01,15,2.0,2.0,st5_20_bearish,350.0,750.0,0,10:30,LONG,False,1,2024-08-01 13:48:00+00:00,2024-08-01 13:49:00+00:00,2024-08-01 19:00:00+00:00,TIME_EXIT,LONG,-1506.24,0.0,0.0,-1506.24,-1506.24,0,1,19636.5,19505.0,131.5
p0_st5_20_bearish_sr350_lr750_buf0_tg1030,"P0 st5_20_bearish, short $350, switch long $750, buffer 0, guard 10:30",NASDAQ_ORB_15m_p0_short_switch_tp2r_p0_st5_20_bearish_sr350_lr750_buf0_tg1030_2024-08-06,2024-08-06,15,2.0,2.0,st5_20_bearish,350.0,750.0,0,10:30,LONG,False,1,2024-08-06 14:03:00+00:00,2024-08-06 14:04:00+00:00,2024-08-06 19:00:00+00:00,TIME_EXIT,LONG,412.76,0.0,0.0,412.76,412.76,1,1,18173.75,17970.75,203.0
p0_st5_20_bearish_sr350_lr750_buf0_tg1030,"P0 st5_20_bearish, short $350, switch long $750, buffer 0, guard 10:30",NASDAQ_ORB_15m_p0_short_switch_tp2r_p0_st5_20_bearish_sr350_lr750_buf0_tg1030_2024-08-07,2024-08-07,15,2.0,2.0,st5_20_bearish,350.0,750.0,0,10:30,LONG,False,1,2024-08-07 13:51:00+00:00,2024-08-07 13:52:00+00:00,2024-08-07 19:00:00+00:00,TIME_EXIT,LONG,-2070.48,0.0,0.0,-2070.48,-2070.48,0,2,18540.75,18438.75,102.0
p0_st5_20_bearish_sr350_lr750_buf0_tg1030,"P0 st5_20_bearish, short $350, switch long $750, buffer 0, guard 10:30",NASDAQ_ORB_15m_p0_short_switch_tp2r_p0_st5_20_bearish_sr350_lr750_buf0_tg1030_2024-08-08,2024-08-08,15,2.0,2.0,st5_20_bearish,350.0,750.0,0,10:30,LONG,False,1,2024-08-08 14:03:00+00:00,2024-08-08 14:04:00+00:00,2024-08-08 17:47:00+00:00,TP_2R,LONG,518.26,0.0,0.0,518.26,518.26,1,1,18244.0,18130.25,113.75
p0_st5_20_bearish_sr350_lr750_buf0_tg1030,"P0 st5_20_bearish, short $350, switch long $750, buffer 0, guard 10:30",NASDAQ_ORB_15m_p0_short_switch_tp2r_p0_st5_20_bearish_sr350_lr750_buf0_tg1030_2024-08-09,2024-08-09,15,2.0,2.0,st5_20_bearish,350.0,750.0,0,10:30,LONG,False,1,2024-08-09 14:13:00+00:00,2024-08-09 14:14:00+00:00,2024-08-09 19:00:00+00:00,TIME_EXIT,LONG,184.52,0.0,0.0,184.52,184.52,1,2,18528.75,18445.5,83.25
p0_st5_20_bearish_sr350_lr750_buf0_tg1030,"P0 st5_20_bearish, short $350, switch long $750, buffer 0, guard 10:30",NASDAQ_ORB_15m_p0_short_switch_tp2r_p0_st5_20_bearish_sr350_lr750_buf0_tg1030_2024-08-12,2024-08-12,15,2.0,2.0,st5_20_bearish,350.0,750.0,0,10:30,SHORT,True,2,2024-08-12 13:47:00+00:00,2024-08-12 13:48:00+00:00,2024-08-12 19:00:00+00:00,SWITCH_TO_LONG+TIME_EXIT,SHORT,-167.22,-244.24,-167.22,-411.46000000000004,-411.46000000000004,0,4,18672.75,18557.25,115.5
p0_st5_20_bearish_sr350_lr750_buf0_tg1030,"P0 st5_20_bearish, short $350, switch long $750, buffer 0, guard 10:30",NASDAQ_ORB_15m_p0_short_switch_tp2r_p0_st5_20_bearish_sr350_lr750_buf0_tg1030_2024-08-13,2024-08-13,15,2.0,2.0,st5_20_bearish,350.0,750.0,0,10:30,LONG,False,1,2024-08-13 13:50:00+00:00,2024-08-13 13:51:00+00:00,2024-08-13 17:02:00+00:00,TP_2R,LONG,694.52,0.0,0.0,694.52,694.52,1,2,18891.25,18815.75,75.5
p0_st5_20_bearish_sr350_lr750_buf0_tg1030,"P0 st5_20_bearish, short $350, switch long $750, buffer 0, guard 10:30",NASDAQ_ORB_15m_p0_short_switch_tp2r_p0_st5_20_bearish_sr350_lr750_buf0_tg1030_2024-08-14,2024-08-14,15,2.0,2.0,st5_20_bearish,350.0,750.0,0,10:30,SHORT,True,2,2024-08-14 13:55:00+00:00,2024-08-14 13:56:00+00:00,2024-08-14 19:00:00+00:00,SWITCH_TO_LONG+TIME_EXIT,SHORT,-268.48,-295.24,-268.48,-563.72,-563.72,0,3,19175.0,19043.5,131.5
p0_st5_20_bearish_sr350_lr750_buf0_tg1030,"P0 st5_20_bearish, short $350, switch long $750, buffer 0, guard 10:30",NASDAQ_ORB_15m_p0_short_switch_tp2r_p0_st5_20_bearish_sr350_lr750_buf0_tg1030_2024-08-15,2024-08-15,15,2.0,2.0,st5_20_bearish,350.0,750.0,0,10:30,LONG,False,1,2024-08-15 13:50:00+00:00,2024-08-15 13:51:00+00:00,2024-08-15 16:18:00+00:00,TP_2R,LONG,873.78,0.0,0.0,873.78,873.78,1,3,19395.75,19336.25,59.5
p0_st5_20_bearish_sr350_lr750_buf0_tg1030,"P0 st5_20_bearish, short $350, switch long $750, buffer 0, guard 10:30",NASDAQ_ORB_15m_p0_short_switch_tp2r_p0_st5_20_bearish_sr350_lr750_buf0_tg1030_2024-08-16,2024-08-16,15,2.0,2.0,st5_20_bearish,350.0,750.0,0,10:30,LONG,False,1,2024-08-16 14:04:00+00:00,2024-08-16 14:05:00+00:00,2024-08-16 19:00:00+00:00,TIME_EXIT,LONG,504.78,0.0,0.0,504.78,504.78,1,3,19534.75,19462.5,72.25
p0_st5_20_bearish_sr350_lr750_buf0_tg1030,"P0 st5_20_bearish, short $350, switch long $750, buffer 0, guard 10:30",NASDAQ_ORB_15m_p0_short_switch_tp2r_p0_st5_20_bearish_sr350_lr750_buf0_tg1030_2024-08-19,2024-08-19,15,2.0,2.0,st5_20_bearish,350.0,750.0,0,10:30,LONG,False,1,2024-08-19 13:49:00+00:00,2024-08-19 13:50:00+00:00,2024-08-19 18:45:00+00:00,TP_2R,LONG,933.78,0.0,0.0,933.78,933.78,1,3,19616.75,19545.0,71.75
p0_st5_20_bearish_sr350_lr750_buf0_tg1030,"P0 st5_20_bearish, short $350, switch long $750, buffer 0, guard 10:30",NASDAQ_ORB_15m_p0_short_switch_tp2r_p0_st5_20_bearish_sr350_lr750_buf0_tg1030_2024-08-20,2024-08-20,15,2.0,2.0,st5_20_bearish,350.0,750.0,0,10:30,LONG,False,1,2024-08-20 13:49:00+00:00,2024-08-20 13:50:00+00:00,2024-08-20 19:00:00+00:00,TIME_EXIT,LONG,-189.72,0.0,0.0,-189.72,-189.72,0,3,19878.5,19816.75,61.75
p0_st5_20_bearish_sr350_lr750_buf0_tg1030,"P0 st5_20_bearish, short $350, switch long $750, buffer 0, guard 10:30",NASDAQ_ORB_15m_p0_short_switch_tp2r_p0_st5_20_bearish_sr350_lr750_buf0_tg1030_2024-08-21,2024-08-21,15,2.0,2.0,st5_20_bearish,350.0,750.0,0,10:30,LONG,False,1,2024-08-21 13:46:00+00:00,2024-08-21 13:47:00+00:00,2024-08-21 14:42:00+00:00,TP_2R,LONG,951.3,0.0,0.0,951.3,951.3,1,5,19860.5,19813.25,47.25
p0_st5_20_bearish_sr350_lr750_buf0_tg1030,"P0 st5_20_bearish, short $350, switch long $750, buffer 0, guard 10:30",NASDAQ_ORB_15m_p0_short_switch_tp2r_p0_st5_20_bearish_sr350_lr750_buf0_tg1030_2024-08-22,2024-08-22,15,2.0,2.0,st5_20_bearish,350.0,750.0,0,10:30,SHORT,False,1,2024-08-22 14:10:00+00:00,2024-08-22 14:11:00+00:00,2024-08-22 15:51:00+00:00,TP_2R,SHORT,0.0,470.26,0.0,470.26,470.26,1,1,20025.75,19970.0,55.75
p0_st5_20_bearish_sr350_lr750_buf0_tg1030,"P0 st5_20_bearish, short $350, switch long $750, buffer 0, guard 10:30",NASDAQ_ORB_15m_p0_short_switch_tp2r_p0_st5_20_bearish_sr350_lr750_buf0_tg1030_2024-08-23,2024-08-23,15,2.0,2.0,st5_20_bearish,350.0,750.0,0,10:30,LONG,False,1,2024-08-23 14:01:00+00:00,2024-08-23 14:02:00+00:00,2024-08-23 19:00:00+00:00,TIME_EXIT,LONG,-322.48,0.0,0.0,-322.48,-322.48,0,2,19764.5,19706.5,58.0
p0_st5_20_bearish_sr350_lr750_buf0_tg1030,"P0 st5_20_bearish, short $350, switch long $750, buffer 0, guard 10:30",NASDAQ_ORB_15m_p0_short_switch_tp2r_p0_st5_20_bearish_sr350_lr750_buf0_tg1030_2024-08-26,2024-08-26,15,2.0,2.0,st5_20_bearish,350.0,750.0,0,10:30,SHORT,False,1,2024-08-26 13:46:00+00:00,2024-08-26 13:47:00+00:00,2024-08-26 14:20:00+00:00,TP_2R,SHORT,0.0,482.52,0.0,482.52,482.52,1,2,19801.5,19742.75,58.75
p0_st5_20_bearish_sr350_lr750_buf0_tg1030,"P0 st5_20_bearish, short $350, switch long $750, buffer 0, guard 10:30",NASDAQ_ORB_15m_p0_short_switch_tp2r_p0_st5_20_bearish_sr350_lr750_buf0_tg1030_2024-08-27,2024-08-27,15,2.0,2.0,st5_20_bearish,350.0,750.0,0,10:30,SHORT,True,2,2024-08-27 13:46:00+00:00,2024-08-27 13:47:00+00:00,2024-08-27 19:00:00+00:00,SWITCH_TO_LONG+TIME_EXIT,SHORT,608.28,-209.74,608.28,398.53999999999996,398.53999999999996,1,4,19539.25,19454.5,84.75
p0_st5_20_bearish_sr350_lr750_buf0_tg1030,"P0 st5_20_bearish, short $350, switch long $750, buffer 0, guard 10:30",NASDAQ_ORB_15m_p0_short_switch_tp2r_p0_st5_20_bearish_sr350_lr750_buf0_tg1030_2024-08-28,2024-08-28,15,2.0,2.0,st5_20_bearish,350.0,750.0,0,10:30,SHORT,False,1,2024-08-28 13:46:00+00:00,2024-08-28 13:47:00+00:00,2024-08-28 15:04:00+00:00,TP_2R,SHORT,0.0,644.52,0.0,644.52,644.52,1,2,19656.75,19584.0,72.75
p0_st5_20_bearish_sr350_lr750_buf0_tg1030,"P0 st5_20_bearish, short $350, switch long $750, buffer 0, guard 10:30",NASDAQ_ORB_15m_p0_short_switch_tp2r_p0_st5_20_bearish_sr350_lr750_buf0_tg1030_2024-08-29,2024-08-29,15,2.0,2.0,st5_20_bearish,350.0,750.0,0,10:30,LONG,False,1,2024-08-29 13:50:00+00:00,2024-08-29 13:51:00+00:00,2024-08-29 19:00:00+00:00,TIME_EXIT,LONG,-433.24,0.0,0.0,-433.24,-433.24,0,1,19610.0,19478.0,132.0
p0_st5_20_bearish_sr350_lr750_buf0_tg1030,"P0 st5_20_bearish, short $350, switch long $750, buffer 0, guard 10:30",NASDAQ_ORB_15m_p0_short_switch_tp2r_p0_st5_20_bearish_sr350_lr750_buf0_tg1030_2024-08-30,2024-08-30,15,2.0,2.0,st5_20_bearish,350.0,750.0,0,10:30,LONG,False,1,2024-08-30 13:46:00+00:00,2024-08-30 13:47:00+00:00,2024-08-30 19:00:00+00:00,TIME_EXIT,LONG,-351.71999999999997,0.0,0.0,-351.71999999999997,-351.71999999999997,0,3,19577.0,19513.0,64.0
p0_st5_20_bearish_sr350_lr750_buf0_tg1030,"P0 st5_20_bearish, short $350, switch long $750, buffer 0, guard 10:30",NASDAQ_ORB_15m_p0_short_switch_tp2r_p0_st5_20_bearish_sr350_lr750_buf0_tg1030_2024-09-02,2024-09-02,15,2.0,2.0,st5_20_bearish,350.0,750.0,0,10:30,LONG,False,1,2024-09-02 13:46:00+00:00,2024-09-02 13:47:00+00:00,2024-09-02 22:02:00+00:00,TIME_EXIT,LONG,222.08,0.0,0.0,222.08,222.08,1,8,19644.0,19614.0,30.0
p0_st5_20_bearish_sr350_lr750_buf0_tg1030,"P0 st5_20_bearish, short $350, switch long $750, buffer 0, guard 10:30",NASDAQ_ORB_15m_p0_short_switch_tp2r_p0_st5_20_bearish_sr350_lr750_buf0_tg1030_2024-09-03,2024-09-03,15,2.0,2.0,st5_20_bearish,350.0,750.0,0,10:30,SHORT,False,1,2024-09-03 13:55:00+00:00,2024-09-03 13:56:00+00:00,2024-09-03 18:09:00+00:00,TP_2R,SHORT,0.0,568.26,0.0,568.26,568.26,1,1,19483.25,19357.5,125.75
p0_st5_20_bearish_sr350_lr750_buf0_tg1030,"P0 st5_20_bearish, short $350, switch long $750, buffer 0, guard 10:30",NASDAQ_ORB_15m_p0_short_switch_tp2r_p0_st5_20_bearish_sr350_lr750_buf0_tg1030_2024-09-04,2024-09-04,15,2.0,2.0,st5_20_bearish,350.0,750.0,0,10:30,LONG,False,1,2024-09-04 13:46:00+00:00,2024-09-04 13:47:00+00:00,2024-09-04 19:00:00+00:00,TIME_EXIT,LONG,-123.48,0.0,0.0,-123.48,-123.48,0,2,18965.75,18860.0,105.75
p0_st5_20_bearish_sr350_lr750_buf0_tg1030,"P0 st5_20_bearish, short $350, switch long $750, buffer 0, guard 10:30",NASDAQ_ORB_15m_p0_short_switch_tp2r_p0_st5_20_bearish_sr350_lr750_buf0_tg1030_2024-09-05,2024-09-05,15,2.0,2.0,st5_20_bearish,350.0,750.0,0,10:30,LONG,False,1,2024-09-05 13:55:00+00:00,2024-09-05 13:56:00+00:00,2024-09-05 19:00:00+00:00,TIME_EXIT,LONG,-92.24,0.0,0.0,-92.24,-92.24,0,1,19033.0,18884.75,148.25
p0_st5_20_bearish_sr350_lr750_buf0_tg1030,"P0 st5_20_bearish, short $350, switch long $750, buffer 0, guard 10:30",NASDAQ_ORB_15m_p0_short_switch_tp2r_p0_st5_20_bearish_sr350_lr750_buf0_tg1030_2024-09-09,2024-09-09,15,2.0,2.0,st5_20_bearish,350.0,750.0,0,10:30,LONG,False,1,2024-09-09 13:59:00+00:00,2024-09-09 14:00:00+00:00,2024-09-09 19:00:00+00:00,TIME_EXIT,LONG,-360.48,0.0,0.0,-360.48,-360.48,0,2,18675.0,18605.0,70.0
p0_st5_20_bearish_sr350_lr750_buf0_tg1030,"P0 st5_20_bearish, short $350, switch long $750, buffer 0, guard 10:30",NASDAQ_ORB_15m_p0_short_switch_tp2r_p0_st5_20_bearish_sr350_lr750_buf0_tg1030_2024-09-10,2024-09-10,15,2.0,2.0,st5_20_bearish,350.0,750.0,0,10:30,SHORT,True,2,2024-09-10 14:25:00+00:00,2024-09-10 14:26:00+00:00,2024-09-10 19:00:00+00:00,SWITCH_TO_LONG+TIME_EXIT,SHORT,-32.22,-238.24,-32.22,-270.46000000000004,-270.46000000000004,0,4,18821.75,18721.5,100.25
p0_st5_20_bearish_sr350_lr750_buf0_tg1030,"P0 st5_20_bearish, short $350, switch long $750, buffer 0, guard 10:30",NASDAQ_ORB_15m_p0_short_switch_tp2r_p0_st5_20_bearish_sr350_lr750_buf0_tg1030_2024-09-11,2024-09-11,15,2.0,2.0,st5_20_bearish,350.0,750.0,0,10:30,SHORT,False,1,2024-09-11 13:53:00+00:00,2024-09-11 13:54:00+00:00,2024-09-11 14:35:00+00:00,TP_2R,SHORT,0.0,390.26,0.0,390.26,390.26,1,1,18906.5,18808.75,97.75
p0_st5_20_bearish_sr350_lr750_buf0_tg1030,"P0 st5_20_bearish, short $350, switch long $750, buffer 0, guard 10:30",NASDAQ_ORB_15m_p0_short_switch_tp2r_p0_st5_20_bearish_sr350_lr750_buf0_tg1030_2024-09-12,2024-09-12,15,2.0,2.0,st5_20_bearish,350.0,750.0,0,10:30,SHORT,True,2,2024-09-12 13:50:00+00:00,2024-09-12 13:51:00+00:00,2024-09-12 17:57:00+00:00,SWITCH_TO_LONG+TP_2R,SHORT,1369.04,-351.48,1369.04,1017.56,1017.56,1,6,19289.5,19210.0,79.5
p0_st5_20_bearish_sr350_lr750_buf0_tg1030,"P0 st5_20_bearish, short $350, switch long $750, buffer 0, guard 10:30",NASDAQ_ORB_15m_p0_short_switch_tp2r_p0_st5_20_bearish_sr350_lr750_buf0_tg1030_2024-09-13,2024-09-13,15,2.0,2.0,st5_20_bearish,350.0,750.0,0,10:30,LONG,False,1,2024-09-13 14:08:00+00:00,2024-09-13 14:09:00+00:00,2024-09-13 19:00:00+00:00,TIME_EXIT,LONG,31.52,0.0,0.0,31.52,31.52,1,2,19503.0,19396.0,107.0
p0_st5_20_bearish_sr350_lr750_buf0_tg1030,"P0 st5_20_bearish, short $350, switch long $750, buffer 0, guard 10:30",NASDAQ_ORB_15m_p0_short_switch_tp2r_p0_st5_20_bearish_sr350_lr750_buf0_tg1030_2024-09-17,2024-09-17,15,2.0,2.0,st5_20_bearish,350.0,750.0,0,10:30,SHORT,True,2,2024-09-17 13:50:00+00:00,2024-09-17 13:51:00+00:00,2024-09-17 19:00:00+00:00,SWITCH_TO_LONG+TIME_EXIT,SHORT,-1604.96,-367.48,-1604.96,-1972.44,-1972.44,0,6,19828.75,19756.5,72.25
p0_st5_20_bearish_sr350_lr750_buf0_tg1030,"P0 st5_20_bearish, short $350, switch long $750, buffer 0, guard 10:30",NASDAQ_ORB_15m_p0_short_switch_tp2r_p0_st5_20_bearish_sr350_lr750_buf0_tg1030_2024-09-18,2024-09-18,15,2.0,2.0,st5_20_bearish,350.0,750.0,0,10:30,SHORT,True,2,2024-09-18 14:12:00+00:00,2024-09-18 14:13:00+00:00,2024-09-18 19:00:00+00:00,SWITCH_TO_LONG+TIME_EXIT,SHORT,-511.48,-765.48,-511.48,-1276.96,-1276.96,0,4,19736.75,19669.25,67.5
p0_st5_20_bearish_sr350_lr750_buf0_tg1030,"P0 st5_20_bearish, short $350, switch long $750, buffer 0, guard 10:30",NASDAQ_ORB_15m_p0_short_switch_tp2r_p0_st5_20_bearish_sr350_lr750_buf0_tg1030_2024-09-19,2024-09-19,15,2.0,2.0,st5_20_bearish,350.0,750.0,0,10:30,LONG,False,1,2024-09-19 14:19:00+00:00,2024-09-19 14:20:00+00:00,2024-09-19 19:00:00+00:00,TIME_EXIT,LONG,396.78,0.0,0.0,396.78,396.78,1,3,20073.25,20003.75,69.5
p0_st5_20_bearish_sr350_lr750_buf0_tg1030,"P0 st5_20_bearish, short $350, switch long $750, buffer 0, guard 10:30",NASDAQ_ORB_15m_p0_short_switch_tp2r_p0_st5_20_bearish_sr350_lr750_buf0_tg1030_2024-09-20,2024-09-20,15,2.0,2.0,st5_20_bearish,350.0,750.0,0,10:30,SHORT,False,1,2024-09-20 14:00:00+00:00,2024-09-20 14:01:00+00:00,2024-09-20 19:00:00+00:00,TIME_EXIT,SHORT,0.0,8.52,0.0,8.52,8.52,1,2,20082.5,20030.25,52.25
p0_st5_20_bearish_sr350_lr750_buf0_tg1030,"P0 st5_20_bearish, short $350, switch long $750, buffer 0, guard 10:30",NASDAQ_ORB_15m_p0_short_switch_tp2r_p0_st5_20_bearish_sr350_lr750_buf0_tg1030_2024-09-23,2024-09-23,15,2.0,2.0,st5_20_bearish,350.0,750.0,0,10:30,LONG,False,1,2024-09-23 13:50:00+00:00,2024-09-23 13:51:00+00:00,2024-09-23 19:00:00+00:00,TIME_EXIT,LONG,-120.72,0.0,0.0,-120.72,-120.72,0,3,20086.5,20031.75,54.75
p0_st5_20_bearish_sr350_lr750_buf0_tg1030,"P0 st5_20_bearish, short $350, switch long $750, buffer 0, guard 10:30",NASDAQ_ORB_15m_p0_short_switch_tp2r_p0_st5_20_bearish_sr350_lr750_buf0_tg1030_2024-09-24,2024-09-24,15,2.0,2.0,st5_20_bearish,350.0,750.0,0,10:30,SHORT,True,2,2024-09-24 14:05:00+00:00,2024-09-24 14:06:00+00:00,2024-09-24 19:00:00+00:00,SWITCH_TO_LONG+TIME_EXIT,SHORT,-118.44,-307.74,-118.44,-426.18,-426.18,0,7,20154.0,20094.25,59.75
p0_st5_20_bearish_sr350_lr750_buf0_tg1030,"P0 st5_20_bearish, short $350, switch long $750, buffer 0, guard 10:30",NASDAQ_ORB_15m_p0_short_switch_tp2r_p0_st5_20_bearish_sr350_lr750_buf0_tg1030_2024-09-25,2024-09-25,15,2.0,2.0,st5_20_bearish,350.0,750.0,0,10:30,LONG,False,1,2024-09-25 13:57:00+00:00,2024-09-25 13:58:00+00:00,2024-09-25 19:00:00+00:00,TIME_EXIT,LONG,-191.22,0.0,0.0,-191.22,-191.22,0,3,20205.75,20138.25,67.5
p0_st5_20_bearish_sr350_lr750_buf0_tg1030,"P0 st5_20_bearish, short $350, switch long $750, buffer 0, guard 10:30",NASDAQ_ORB_15m_p0_short_switch_tp2r_p0_st5_20_bearish_sr350_lr750_buf0_tg1030_2024-09-26,2024-09-26,15,2.0,2.0,st5_20_bearish,350.0,750.0,0,10:30,SHORT,False,1,2024-09-26 13:49:00+00:00,2024-09-26 13:50:00+00:00,2024-09-26 15:01:00+00:00,TP_2R,SHORT,0.0,423.26,0.0,423.26,423.26,1,1,20518.0,20419.25,98.75
p0_st5_20_bearish_sr350_lr750_buf0_tg1030,"P0 st5_20_bearish, short $350, switch long $750, buffer 0, guard 10:30",NASDAQ_ORB_15m_p0_short_switch_tp2r_p0_st5_20_bearish_sr350_lr750_buf0_tg1030_2024-09-27,2024-09-27,15,2.0,2.0,st5_20_bearish,350.0,750.0,0,10:30,SHORT,False,1,2024-09-27 14:17:00+00:00,2024-09-27 14:18:00+00:00,2024-09-27 19:00:00+00:00,TIME_EXIT,SHORT,0.0,230.52,0.0,230.52,230.52,1,2,20383.0,20310.25,72.75
p0_st5_20_bearish_sr350_lr750_buf0_tg1030,"P0 st5_20_bearish, short $350, switch long $750, buffer 0, guard 10:30",NASDAQ_ORB_15m_p0_short_switch_tp2r_p0_st5_20_bearish_sr350_lr750_buf0_tg1030_2024-09-30,2024-09-30,15,2.0,2.0,st5_20_bearish,350.0,750.0,0,10:30,SHORT,False,1,2024-09-30 14:15:00+00:00,2024-09-30 14:16:00+00:00,2024-09-30 19:00:00+00:00,TIME_EXIT,SHORT,0.0,40.26,0.0,40.26,40.26,1,1,20260.0,20168.5,91.5
p0_st5_20_bearish_sr350_lr750_buf0_tg1030,"P0 st5_20_bearish, short $350, switch long $750, buffer 0, guard 10:30",NASDAQ_ORB_15m_p0_short_switch_tp2r_p0_st5_20_bearish_sr350_lr750_buf0_tg1030_2024-10-02,2024-10-02,15,2.0,2.0,st5_20_bearish,350.0,750.0,0,10:30,LONG,False,1,2024-10-02 14:12:00+00:00,2024-10-02 14:13:00+00:00,2024-10-02 19:00:00+00:00,TIME_EXIT,LONG,104.26,0.0,0.0,104.26,104.26,1,1,19967.0,19836.0,131.0
p0_st5_20_bearish_sr350_lr750_buf0_tg1030,"P0 st5_20_bearish, short $350, switch long $750, buffer 0, guard 10:30",NASDAQ_ORB_15m_p0_short_switch_tp2r_p0_st5_20_bearish_sr350_lr750_buf0_tg1030_2024-10-03,2024-10-03,15,2.0,2.0,st5_20_bearish,350.0,750.0,0,10:30,LONG,False,1,2024-10-03 13:55:00+00:00,2024-10-03 13:56:00+00:00,2024-10-03 19:00:00+00:00,TIME_EXIT,LONG,-279.48,0.0,0.0,-279.48,-279.48,0,2,20006.25,19894.5,111.75
p0_st5_20_bearish_sr350_lr750_buf0_tg1030,"P0 st5_20_bearish, short $350, switch long $750, buffer 0, guard 10:30",NASDAQ_ORB_15m_p0_short_switch_tp2r_p0_st5_20_bearish_sr350_lr750_buf0_tg1030_2024-10-04,2024-10-04,15,2.0,2.0,st5_20_bearish,350.0,750.0,0,10:30,SHORT,False,1,2024-10-04 13:55:00+00:00,2024-10-04 13:56:00+00:00,2024-10-04 19:00:00+00:00,TIME_EXIT,SHORT,0.0,-46.24,0.0,-46.24,-46.24,0,1,20239.75,20186.25,53.5
p0_st5_20_bearish_sr350_lr750_buf0_tg1030,"P0 st5_20_bearish, short $350, switch long $750, buffer 0, guard 10:30",NASDAQ_ORB_15m_p0_short_switch_tp2r_p0_st5_20_bearish_sr350_lr750_buf0_tg1030_2024-10-07,2024-10-07,15,2.0,2.0,st5_20_bearish,350.0,750.0,0,10:30,LONG,False,1,2024-10-07 14:20:00+00:00,2024-10-07 14:21:00+00:00,2024-10-07 19:00:00+00:00,TIME_EXIT,LONG,-1602.96,0.0,0.0,-1602.96,-1602.96,0,4,20163.75,20107.25,56.5
p0_st5_20_bearish_sr350_lr750_buf0_tg1030,"P0 st5_20_bearish, short $350, switch long $750, buffer 0, guard 10:30",NASDAQ_ORB_15m_p0_short_switch_tp2r_p0_st5_20_bearish_sr350_lr750_buf0_tg1030_2024-10-08,2024-10-08,15,2.0,2.0,st5_20_bearish,350.0,750.0,0,10:30,LONG,False,1,2024-10-08 13:53:00+00:00,2024-10-08 13:54:00+00:00,2024-10-08 14:36:00+00:00,TP_2R,LONG,956.3,0.0,0.0,956.3,956.3,1,5,20115.75,20069.5,46.25
p0_st5_20_bearish_sr350_lr750_buf0_tg1030,"P0 st5_20_bearish, short $350, switch long $750, buffer 0, guard 10:30",NASDAQ_ORB_15m_p0_short_switch_tp2r_p0_st5_20_bearish_sr350_lr750_buf0_tg1030_2024-10-09,2024-10-09,15,2.0,2.0,st5_20_bearish,350.0,750.0,0,10:30,LONG,False,1,2024-10-09 14:12:00+00:00,2024-10-09 14:13:00+00:00,2024-10-09 15:51:00+00:00,TP_2R,LONG,759.78,0.0,0.0,759.78,759.78,1,3,20299.25,20238.25,61.0
p0_st5_20_bearish_sr350_lr750_buf0_tg1030,"P0 st5_20_bearish, short $350, switch long $750, buffer 0, guard 10:30",NASDAQ_ORB_15m_p0_short_switch_tp2r_p0_st5_20_bearish_sr350_lr750_buf0_tg1030_2024-10-10,2024-10-10,15,2.0,2.0,st5_20_bearish,350.0,750.0,0,10:30,SHORT,True,2,2024-10-10 13:48:00+00:00,2024-10-10 13:49:00+00:00,2024-10-10 19:00:00+00:00,SWITCH_TO_LONG+TIME_EXIT,SHORT,250.56,-268.48,250.56,-17.920000000000016,-17.920000000000016,0,8,20390.0,20340.0,50.0
p0_st5_20_bearish_sr350_lr750_buf0_tg1030,"P0 st5_20_bearish, short $350, switch long $750, buffer 0, guard 10:30",NASDAQ_ORB_15m_p0_short_switch_tp2r_p0_st5_20_bearish_sr350_lr750_buf0_tg1030_2024-10-11,2024-10-11,15,2.0,2.0,st5_20_bearish,350.0,750.0,0,10:30,LONG,False,1,2024-10-11 13:47:00+00:00,2024-10-11 13:48:00+00:00,2024-10-11 14:16:00+00:00,TP_2R,LONG,866.3,0.0,0.0,866.3,866.3,1,5,20352.25,20313.25,39.0
p0_st5_20_bearish_sr350_lr750_buf0_tg1030,"P0 st5_20_bearish, short $350, switch long $750, buffer 0, guard 10:30",NASDAQ_ORB_15m_p0_short_switch_tp2r_p0_st5_20_bearish_sr350_lr750_buf0_tg1030_2024-10-14,2024-10-14,15,2.0,2.0,st5_20_bearish,350.0,750.0,0,10:30,LONG,False,1,2024-10-14 13:47:00+00:00,2024-10-14 13:48:00+00:00,2024-10-14 19:00:00+00:00,TIME_EXIT,LONG,56.28,0.0,0.0,56.28,56.28,1,3,20609.0,20540.75,68.25
p0_st5_20_bearish_sr350_lr750_buf0_tg1030,"P0 st5_20_bearish, short $350, switch long $750, buffer 0, guard 10:30",NASDAQ_ORB_15m_p0_short_switch_tp2r_p0_st5_20_bearish_sr350_lr750_buf0_tg1030_2024-10-15,2024-10-15,15,2.0,2.0,st5_20_bearish,350.0,750.0,0,10:30,SHORT,False,1,2024-10-15 14:15:00+00:00,2024-10-15 14:16:00+00:00,2024-10-15 14:35:00+00:00,TP_2R,SHORT,0.0,614.52,0.0,614.52,614.52,1,2,20659.25,20605.75,53.5
p0_st5_20_bearish_sr350_lr750_buf0_tg1030,"P0 st5_20_bearish, short $350, switch long $750, buffer 0, guard 10:30",NASDAQ_ORB_15m_p0_short_switch_tp2r_p0_st5_20_bearish_sr350_lr750_buf0_tg1030_2024-10-16,2024-10-16,15,2.0,2.0,st5_20_bearish,350.0,750.0,0,10:30,SHORT,True,2,2024-10-16 13:51:00+00:00,2024-10-16 13:52:00+00:00,2024-10-16 19:00:00+00:00,SWITCH_TO_LONG+TIME_EXIT,SHORT,-17.22,-266.24,-17.22,-283.46000000000004,-283.46000000000004,0,4,20357.5,20241.75,115.75
p0_st5_20_bearish_sr350_lr750_buf0_tg1030,"P0 st5_20_bearish, short $350, switch long $750, buffer 0, guard 10:30",NASDAQ_ORB_15m_p0_short_switch_tp2r_p0_st5_20_bearish_sr350_lr750_buf0_tg1030_2024-10-18,2024-10-18,15,2.0,2.0,st5_20_bearish,350.0,750.0,0,10:30,LONG,False,1,2024-10-18 14:08:00+00:00,2024-10-18 14:09:00+00:00,2024-10-18 19:00:00+00:00,TIME_EXIT,LONG,-89.22,0.0,0.0,-89.22,-89.22,0,3,20502.25,20433.0,69.25
p0_st5_20_bearish_sr350_lr750_buf0_tg1030,"P0 st5_20_bearish, short $350, switch long $750, buffer 0, guard 10:30",NASDAQ_ORB_15m_p0_short_switch_tp2r_p0_st5_20_bearish_sr350_lr750_buf0_tg1030_2024-10-21,2024-10-21,15,2.0,2.0,st5_20_bearish,350.0,750.0,0,10:30,LONG,False,1,2024-10-21 13:50:00+00:00,2024-10-21 13:51:00+00:00,2024-10-21 19:00:00+00:00,TIME_EXIT,LONG,-201.71999999999997,0.0,0.0,-201.71999999999997,-201.71999999999997,0,3,20488.25,20423.0,65.25
p0_st5_20_bearish_sr350_lr750_buf0_tg1030,"P0 st5_20_bearish, short $350, switch long $750, buffer 0, guard 10:30",NASDAQ_ORB_15m_p0_short_switch_tp2r_p0_st5_20_bearish_sr350_lr750_buf0_tg1030_2024-10-22,2024-10-22,15,2.0,2.0,st5_20_bearish,350.0,750.0,0,10:30,LONG,False,1,2024-10-22 13:46:00+00:00,2024-10-22 13:47:00+00:00,2024-10-22 19:00:00+00:00,TIME_EXIT,LONG,204.52,0.0,0.0,204.52,204.52,1,2,20458.25,20368.75,89.5
p0_st5_20_bearish_sr350_lr750_buf0_tg1030,"P0 st5_20_bearish, short $350, switch long $750, buffer 0, guard 10:30",NASDAQ_ORB_15m_p0_short_switch_tp2r_p0_st5_20_bearish_sr350_lr750_buf0_tg1030_2024-10-23,2024-10-23,15,2.0,2.0,st5_20_bearish,350.0,750.0,0,10:30,SHORT,False,1,2024-10-23 14:03:00+00:00,2024-10-23 14:04:00+00:00,2024-10-23 16:09:00+00:00,TP_2R,SHORT,0.0,472.52,0.0,472.52,472.52,1,2,20462.75,20407.0,55.75
p0_st5_20_bearish_sr350_lr750_buf0_tg1030,"P0 st5_20_bearish, short $350, switch long $750, buffer 0, guard 10:30",NASDAQ_ORB_15m_p0_short_switch_tp2r_p0_st5_20_bearish_sr350_lr750_buf0_tg1030_2024-10-24,2024-10-24,15,2.0,2.0,st5_20_bearish,350.0,750.0,0,10:30,SHORT,True,2,2024-10-24 13:49:00+00:00,2024-10-24 13:50:00+00:00,2024-10-24 19:00:00+00:00,SWITCH_TO_LONG+TIME_EXIT,SHORT,-126.19999999999999,-303.48,-126.19999999999999,-429.68,-429.68,0,7,20376.75,20312.0,64.75
p0_st5_20_bearish_sr350_lr750_buf0_tg1030,"P0 st5_20_bearish, short $350, switch long $750, buffer 0, guard 10:30",NASDAQ_ORB_15m_p0_short_switch_tp2r_p0_st5_20_bearish_sr350_lr750_buf0_tg1030_2024-10-25,2024-10-25,15,2.0,2.0,st5_20_bearish,350.0,750.0,0,10:30,LONG,False,1,2024-10-25 13:46:00+00:00,2024-10-25 13:47:00+00:00,2024-10-25 19:00:00+00:00,TIME_EXIT,LONG,-202.48,0.0,0.0,-202.48,-202.48,0,2,20588.75,20490.0,98.75
p0_st5_20_bearish_sr350_lr750_buf0_tg1030,"P0 st5_20_bearish, short $350, switch long $750, buffer 0, guard 10:30",NASDAQ_ORB_15m_p0_short_switch_tp2r_p0_st5_20_bearish_sr350_lr750_buf0_tg1030_2024-10-28,2024-10-28,15,2.0,2.0,st5_20_bearish,350.0,750.0,0,10:30,SHORT,False,1,2024-10-28 13:51:00+00:00,2024-10-28 13:52:00+00:00,2024-10-28 19:00:00+00:00,TIME_EXIT,SHORT,0.0,71.52,0.0,71.52,71.52,1,2,20627.0,20556.5,70.5
p0_st5_20_bearish_sr350_lr750_buf0_tg1030,"P0 st5_20_bearish, short $350, switch long $750, buffer 0, guard 10:30",NASDAQ_ORB_15m_p0_short_switch_tp2r_p0_st5_20_bearish_sr350_lr750_buf0_tg1030_2024-10-29,2024-10-29,15,2.0,2.0,st5_20_bearish,350.0,750.0,0,10:30,LONG,False,1,2024-10-29 14:04:00+00:00,2024-10-29 14:05:00+00:00,2024-10-29 19:00:00+00:00,TIME_EXIT,LONG,649.52,0.0,0.0,649.52,649.52,1,2,20526.75,20432.0,94.75
p0_st5_20_bearish_sr350_lr750_buf0_tg1030,"P0 st5_20_bearish, short $350, switch long $750, buffer 0, guard 10:30",NASDAQ_ORB_15m_p0_short_switch_tp2r_p0_st5_20_bearish_sr350_lr750_buf0_tg1030_2024-10-30,2024-10-30,15,2.0,2.0,st5_20_bearish,350.0,750.0,0,10:30,LONG,False,1,2024-10-30 14:20:00+00:00,2024-10-30 14:21:00+00:00,2024-10-30 19:00:00+00:00,TIME_EXIT,LONG,-151.74,0.0,0.0,-151.74,-151.74,0,1,20669.5,20543.0,126.5
p0_st5_20_bearish_sr350_lr750_buf0_tg1030,"P0 st5_20_bearish, short $350, switch long $750, buffer 0, guard 10:30",NASDAQ_ORB_15m_p0_short_switch_tp2r_p0_st5_20_bearish_sr350_lr750_buf0_tg1030_2024-10-31,2024-10-31,15,2.0,2.0,st5_20_bearish,350.0,750.0,0,10:30,SHORT,False,1,2024-10-31 13:46:00+00:00,2024-10-31 13:47:00+00:00,2024-10-31 19:00:00+00:00,TIME_EXIT,SHORT,0.0,381.26,0.0,381.26,381.26,1,1,20369.0,20252.5,116.5
p0_st5_20_bearish_sr350_lr750_buf0_tg1030,"P0 st5_20_bearish, short $350, switch long $750, buffer 0, guard 10:30",NASDAQ_ORB_15m_p0_short_switch_tp2r_p0_st5_20_bearish_sr350_lr750_buf0_tg1030_2024-11-01,2024-11-01,15,2.0,2.0,st5_20_bearish,350.0,750.0,0,10:30,LONG,False,1,2024-11-01 13:56:00+00:00,2024-11-01 13:57:00+00:00,2024-11-01 19:00:00+00:00,TIME_EXIT,LONG,-16.48,0.0,0.0,-16.48,-16.48,0,2,20164.75,20057.25,107.5
p0_st5_20_bearish_sr350_lr750_buf0_tg1030,"P0 st5_20_bearish, short $350, switch long $750, buffer 0, guard 10:30",NASDAQ_ORB_15m_p0_short_switch_tp2r_p0_st5_20_bearish_sr350_lr750_buf0_tg1030_2024-11-04,2024-11-04,15,2.0,2.0,st5_20_bearish,350.0,750.0,0,10:30,LONG,False,1,2024-11-04 15:02:00+00:00,2024-11-04 15:03:00+00:00,2024-11-04 20:00:00+00:00,TIME_EXIT,LONG,-19.24,0.0,0.0,-19.24,-19.24,0,1,20142.0,20013.25,128.75
p0_st5_20_bearish_sr350_lr750_buf0_tg1030,"P0 st5_20_bearish, short $350, switch long $750, buffer 0, guard 10:30",NASDAQ_ORB_15m_p0_short_switch_tp2r_p0_st5_20_bearish_sr350_lr750_buf0_tg1030_2024-11-05,2024-11-05,15,2.0,2.0,st5_20_bearish,350.0,750.0,0,10:30,LONG,False,1,2024-11-05 14:50:00+00:00,2024-11-05 14:51:00+00:00,2024-11-05 20:00:00+00:00,TIME_EXIT,LONG,172.52,0.0,0.0,172.52,172.52,1,2,20243.0,20147.0,96.0
p0_st5_20_bearish_sr350_lr750_buf0_tg1030,"P0 st5_20_bearish, short $350, switch long $750, buffer 0, guard 10:30",NASDAQ_ORB_15m_p0_short_switch_tp2r_p0_st5_20_bearish_sr350_lr750_buf0_tg1030_2024-11-06,2024-11-06,15,2.0,2.0,st5_20_bearish,350.0,750.0,0,10:30,LONG,False,1,2024-11-06 15:32:00+00:00,2024-11-06 15:33:00+00:00,2024-11-06 20:00:00+00:00,TIME_EXIT,LONG,140.26,0.0,0.0,140.26,140.26,1,1,20806.75,20668.25,138.5
p0_st5_20_bearish_sr350_lr750_buf0_tg1030,"P0 st5_20_bearish, short $350, switch long $750, buffer 0, guard 10:30",NASDAQ_ORB_15m_p0_short_switch_tp2r_p0_st5_20_bearish_sr350_lr750_buf0_tg1030_2024-11-07,2024-11-07,15,2.0,2.0,st5_20_bearish,350.0,750.0,0,10:30,LONG,False,1,2024-11-07 14:57:00+00:00,2024-11-07 14:58:00+00:00,2024-11-07 20:00:00+00:00,TIME_EXIT,LONG,536.52,0.0,0.0,536.52,536.52,1,2,21091.5,21003.75,87.75
p0_st5_20_bearish_sr350_lr750_buf0_tg1030,"P0 st5_20_bearish, short $350, switch long $750, buffer 0, guard 10:30",NASDAQ_ORB_15m_p0_short_switch_tp2r_p0_st5_20_bearish_sr350_lr750_buf0_tg1030_2024-11-08,2024-11-08,15,2.0,2.0,st5_20_bearish,350.0,750.0,0,10:30,LONG,False,1,2024-11-08 16:56:00+00:00,2024-11-08 16:57:00+00:00,2024-11-08 20:00:00+00:00,TIME_EXIT,LONG,11.299999999999999,0.0,0.0,11.299999999999999,11.299999999999999,1,5,21232.0,21186.25,45.75
p0_st5_20_bearish_sr350_lr750_buf0_tg1030,"P0 st5_20_bearish, short $350, switch long $750, buffer 0, guard 10:30",NASDAQ_ORB_15m_p0_short_switch_tp2r_p0_st5_20_bearish_sr350_lr750_buf0_tg1030_2024-11-11,2024-11-11,15,2.0,2.0,st5_20_bearish,350.0,750.0,0,10:30,SHORT,False,1,2024-11-11 14:46:00+00:00,2024-11-11 14:47:00+00:00,2024-11-11 20:00:00+00:00,TIME_EXIT,SHORT,0.0,37.26,0.0,37.26,37.26,1,1,21292.5,21206.25,86.25
p0_st5_20_bearish_sr350_lr750_buf0_tg1030,"P0 st5_20_bearish, short $350, switch long $750, buffer 0, guard 10:30",NASDAQ_ORB_15m_p0_short_switch_tp2r_p0_st5_20_bearish_sr350_lr750_buf0_tg1030_2024-11-12,2024-11-12,15,2.0,2.0,st5_20_bearish,350.0,750.0,0,10:30,LONG,False,1,2024-11-12 14:58:00+00:00,2024-11-12 14:59:00+00:00,2024-11-12 20:00:00+00:00,TIME_EXIT,LONG,-351.71999999999997,0.0,0.0,-351.71999999999997,-351.71999999999997,0,3,21241.25,21181.5,59.75
p0_st5_20_bearish_sr350_lr750_buf0_tg1030,"P0 st5_20_bearish, short $350, switch long $750, buffer 0, guard 10:30",NASDAQ_ORB_15m_p0_short_switch_tp2r_p0_st5_20_bearish_sr350_lr750_buf0_tg1030_2024-11-13,2024-11-13,15,2.0,2.0,st5_20_bearish,350.0,750.0,0,10:30,SHORT,True,2,2024-11-13 14:50:00+00:00,2024-11-13 14:51:00+00:00,2024-11-13 20:00:00+00:00,SWITCH_TO_LONG+TIME_EXIT,SHORT,-68.18,-341.21999999999997,-68.18,-409.4,-409.4,0,10,21184.75,21139.0,45.75
p0_st5_20_bearish_sr350_lr750_buf0_tg1030,"P0 st5_20_bearish, short $350, switch long $750, buffer 0, guard 10:30",NASDAQ_ORB_15m_p0_short_switch_tp2r_p0_st5_20_bearish_sr350_lr750_buf0_tg1030_2024-11-14,2024-11-14,15,2.0,2.0,st5_20_bearish,350.0,750.0,0,10:30,SHORT,False,1,2024-11-14 14:47:00+00:00,2024-11-14 14:48:00+00:00,2024-11-14 20:00:00+00:00,TIME_EXIT,SHORT,0.0,11.76,0.0,11.76,11.76,1,1,21174.5,21078.75,95.75
p0_st5_20_bearish_sr350_lr750_buf0_tg1030,"P0 st5_20_bearish, short $350, switch long $750, buffer 0, guard 10:30",NASDAQ_ORB_15m_p0_short_switch_tp2r_p0_st5_20_bearish_sr350_lr750_buf0_tg1030_2024-11-15,2024-11-15,15,2.0,2.0,st5_20_bearish,350.0,750.0,0,10:30,SHORT,False,1,2024-11-15 14:59:00+00:00,2024-11-15 15:00:00+00:00,2024-11-15 16:56:00+00:00,TP_2R,SHORT,0.0,694.52,0.0,694.52,694.52,1,2,20774.0,20687.0,87.0
p0_st5_20_bearish_sr350_lr750_buf0_tg1030,"P0 st5_20_bearish, short $350, switch long $750, buffer 0, guard 10:30",NASDAQ_ORB_15m_p0_short_switch_tp2r_p0_st5_20_bearish_sr350_lr750_buf0_tg1030_2024-11-18,2024-11-18,15,2.0,2.0,st5_20_bearish,350.0,750.0,0,10:30,SHORT,True,2,2024-11-18 14:55:00+00:00,2024-11-18 14:56:00+00:00,2024-11-18 16:39:00+00:00,SWITCH_TO_LONG+TP_2R,SHORT,1331.3,-437.22,1331.3,894.0799999999999,894.0799999999999,1,8,20571.5,20520.25,51.25
p0_st5_20_bearish_sr350_lr750_buf0_tg1030,"P0 st5_20_bearish, short $350, switch long $750, buffer 0, guard 10:30",NASDAQ_ORB_15m_p0_short_switch_tp2r_p0_st5_20_bearish_sr350_lr750_buf0_tg1030_2024-11-19,2024-11-19,15,2.0,2.0,st5_20_bearish,350.0,750.0,0,10:30,LONG,False,1,2024-11-19 15:30:00+00:00,2024-11-19 15:31:00+00:00,2024-11-19 18:54:00+00:00,TP_2R,LONG,752.52,0.0,0.0,752.52,752.52,1,2,20587.5,20508.0,79.5
p0_st5_20_bearish_sr350_lr750_buf0_tg1030,"P0 st5_20_bearish, short $350, switch long $750, buffer 0, guard 10:30",NASDAQ_ORB_15m_p0_short_switch_tp2r_p0_st5_20_bearish_sr350_lr750_buf0_tg1030_2024-11-20,2024-11-20,15,2.0,2.0,st5_20_bearish,350.0,750.0,0,10:30,SHORT,False,1,2024-11-20 14:59:00+00:00,2024-11-20 15:00:00+00:00,2024-11-20 20:00:00+00:00,TIME_EXIT,SHORT,0.0,31.26,0.0,31.26,31.26,1,1,20756.0,20636.25,119.75
p0_st5_20_bearish_sr350_lr750_buf0_tg1030,"P0 st5_20_bearish, short $350, switch long $750, buffer 0, guard 10:30",NASDAQ_ORB_15m_p0_short_switch_tp2r_p0_st5_20_bearish_sr350_lr750_buf0_tg1030_2024-11-22,2024-11-22,15,2.0,2.0,st5_20_bearish,350.0,750.0,0,10:30,LONG,False,1,2024-11-22 14:49:00+00:00,2024-11-22 14:50:00+00:00,2024-11-22 20:00:00+00:00,TIME_EXIT,LONG,-84.48,0.0,0.0,-84.48,-84.48,0,2,20857.0,20773.25,83.75
p0_st5_20_bearish_sr350_lr750_buf0_tg1030,"P0 st5_20_bearish, short $350, switch long $750, buffer 0, guard 10:30",NASDAQ_ORB_15m_p0_short_switch_tp2r_p0_st5_20_bearish_sr350_lr750_buf0_tg1030_2024-11-25,2024-11-25,15,2.0,2.0,st5_20_bearish,350.0,750.0,0,10:30,SHORT,False,1,2024-11-25 14:55:00+00:00,2024-11-25 14:56:00+00:00,2024-11-25 20:00:00+00:00,TIME_EXIT,SHORT,0.0,134.76,0.0,134.76,134.76,1,1,21081.25,20956.25,125.0
p0_st5_20_bearish_sr350_lr750_buf0_tg1030,"P0 st5_20_bearish, short $350, switch long $750, buffer 0, guard 10:30",NASDAQ_ORB_15m_p0_short_switch_tp2r_p0_st5_20_bearish_sr350_lr750_buf0_tg1030_2024-11-26,2024-11-26,15,2.0,2.0,st5_20_bearish,350.0,750.0,0,10:30,LONG,False,1,2024-11-26 14:46:00+00:00,2024-11-26 14:47:00+00:00,2024-11-26 20:00:00+00:00,TIME_EXIT,LONG,-447.72,0.0,0.0,-447.72,-447.72,0,3,21003.0,20938.5,64.5
p0_st5_20_bearish_sr350_lr750_buf0_tg1030,"P0 st5_20_bearish, short $350, switch long $750, buffer 0, guard 10:30",NASDAQ_ORB_15m_p0_short_switch_tp2r_p0_st5_20_bearish_sr350_lr750_buf0_tg1030_2024-11-27,2024-11-27,15,2.0,2.0,st5_20_bearish,350.0,750.0,0,10:30,SHORT,False,1,2024-11-27 14:55:00+00:00,2024-11-27 14:56:00+00:00,2024-11-27 20:00:00+00:00,TIME_EXIT,SHORT,0.0,74.26,0.0,74.26,74.26,1,1,20939.75,20852.75,87.0
p0_st5_20_bearish_sr350_lr750_buf0_tg1030,"P0 st5_20_bearish, short $350, switch long $750, buffer 0, guard 10:30",NASDAQ_ORB_15m_p0_short_switch_tp2r_p0_st5_20_bearish_sr350_lr750_buf0_tg1030_2024-11-28,2024-11-28,15,2.0,2.0,st5_20_bearish,350.0,750.0,0,10:30,LONG,False,1,2024-11-28 14:56:00+00:00,2024-11-28 14:57:00+00:00,2024-11-28 23:02:00+00:00,TIME_EXIT,LONG,-332.64,0.0,0.0,-332.64,-332.64,0,11,20892.5,20873.75,18.75
p0_st5_20_bearish_sr350_lr750_buf0_tg1030,"P0 st5_20_bearish, short $350, switch long $750, buffer 0, guard 10:30",NASDAQ_ORB_15m_p0_short_switch_tp2r_p0_st5_20_bearish_sr350_lr750_buf0_tg1030_2024-12-02,2024-12-02,15,2.0,2.0,st5_20_bearish,350.0,750.0,0,10:30,LONG,False,1,2024-12-02 14:50:00+00:00,2024-12-02 14:51:00+00:00,2024-12-02 20:00:00+00:00,TIME_EXIT,LONG,279.52,0.0,0.0,279.52,279.52,1,2,21139.5,21026.5,113.0
p0_st5_20_bearish_sr350_lr750_buf0_tg1030,"P0 st5_20_bearish, short $350, switch long $750, buffer 0, guard 10:30",NASDAQ_ORB_15m_p0_short_switch_tp2r_p0_st5_20_bearish_sr350_lr750_buf0_tg1030_2024-12-03,2024-12-03,15,2.0,2.0,st5_20_bearish,350.0,750.0,0,10:30,LONG,False,1,2024-12-03 15:00:00+00:00,2024-12-03 15:01:00+00:00,2024-12-03 20:00:00+00:00,TIME_EXIT,LONG,309.78000000000003,0.0,0.0,309.78000000000003,309.78000000000003,1,3,21203.25,21134.75,68.5
p0_st5_20_bearish_sr350_lr750_buf0_tg1030,"P0 st5_20_bearish, short $350, switch long $750, buffer 0, guard 10:30",NASDAQ_ORB_15m_p0_short_switch_tp2r_p0_st5_20_bearish_sr350_lr750_buf0_tg1030_2024-12-04,2024-12-04,15,2.0,2.0,st5_20_bearish,350.0,750.0,0,10:30,LONG,False,1,2024-12-04 15:08:00+00:00,2024-12-04 15:09:00+00:00,2024-12-04 20:00:00+00:00,TIME_EXIT,LONG,565.04,0.0,0.0,565.04,565.04,1,4,21437.0,21388.25,48.75
p0_st5_20_bearish_sr350_lr750_buf0_tg1030,"P0 st5_20_bearish, short $350, switch long $750, buffer 0, guard 10:30",NASDAQ_ORB_15m_p0_short_switch_tp2r_p0_st5_20_bearish_sr350_lr750_buf0_tg1030_2024-12-05,2024-12-05,15,2.0,2.0,st5_20_bearish,350.0,750.0,0,10:30,SHORT,True,2,2024-12-05 15:25:00+00:00,2024-12-05 15:26:00+00:00,2024-12-05 20:00:00+00:00,SWITCH_TO_LONG+TIME_EXIT,SHORT,-1242.3999999999999,-296.21999999999997,-1242.3999999999999,-1538.62,-1538.62,0,13,21552.0,21518.5,33.5
p0_st5_20_bearish_sr350_lr750_buf0_tg1030,"P0 st5_20_bearish, short $350, switch long $750, buffer 0, guard 10:30",NASDAQ_ORB_15m_p0_short_switch_tp2r_p0_st5_20_bearish_sr350_lr750_buf0_tg1030_2024-12-06,2024-12-06,15,2.0,2.0,st5_20_bearish,350.0,750.0,0,10:30,LONG,False,1,2024-12-06 14:46:00+00:00,2024-12-06 14:47:00+00:00,2024-12-06 20:00:00+00:00,TIME_EXIT,LONG,411.78,0.0,0.0,411.78,411.78,1,3,21555.0,21485.0,70.0
p0_st5_20_bearish_sr350_lr750_buf0_tg1030,"P0 st5_20_bearish, short $350, switch long $750, buffer 0, guard 10:30",NASDAQ_ORB_15m_p0_short_switch_tp2r_p0_st5_20_bearish_sr350_lr750_buf0_tg1030_2024-12-09,2024-12-09,15,2.0,2.0,st5_20_bearish,350.0,750.0,0,10:30,LONG,False,1,2024-12-09 14:50:00+00:00,2024-12-09 14:51:00+00:00,2024-12-09 20:00:00+00:00,TIME_EXIT,LONG,-1352.96,0.0,0.0,-1352.96,-1352.96,0,4,21642.25,21582.75,59.5
p0_st5_20_bearish_sr350_lr750_buf0_tg1030,"P0 st5_20_bearish, short $350, switch long $750, buffer 0, guard 10:30",NASDAQ_ORB_15m_p0_short_switch_tp2r_p0_st5_20_bearish_sr350_lr750_buf0_tg1030_2024-12-10,2024-12-10,15,2.0,2.0,st5_20_bearish,350.0,750.0,0,10:30,LONG,False,1,2024-12-10 14:46:00+00:00,2024-12-10 14:47:00+00:00,2024-12-10 20:00:00+00:00,TIME_EXIT,LONG,-1059.72,0.0,0.0,-1059.72,-1059.72,0,3,21576.5,21505.25,71.25
p0_st5_20_bearish_sr350_lr750_buf0_tg1030,"P0 st5_20_bearish, short $350, switch long $750, buffer 0, guard 10:30",NASDAQ_ORB_15m_p0_short_switch_tp2r_p0_st5_20_bearish_sr350_lr750_buf0_tg1030_2024-12-11,2024-12-11,15,2.0,2.0,st5_20_bearish,350.0,750.0,0,10:30,LONG,False,1,2024-12-11 14:46:00+00:00,2024-12-11 14:47:00+00:00,2024-12-11 20:00:00+00:00,TIME_EXIT,LONG,870.78,0.0,0.0,870.78,870.78,1,3,21639.5,21573.0,66.5
p0_st5_20_bearish_sr350_lr750_buf0_tg1030,"P0 st5_20_bearish, short $350, switch long $750, buffer 0, guard 10:30",NASDAQ_ORB_15m_p0_short_switch_tp2r_p0_st5_20_bearish_sr350_lr750_buf0_tg1030_2024-12-12,2024-12-12,15,2.0,2.0,st5_20_bearish,350.0,750.0,0,10:30,SHORT,True,2,2024-12-12 15:10:00+00:00,2024-12-12 15:11:00+00:00,2024-12-12 20:00:00+00:00,SWITCH_TO_LONG+TIME_EXIT,SHORT,-245.92,-294.71999999999997,-245.92,-540.64,-540.64,0,11,21696.5,21655.75,40.75
p0_st5_20_bearish_sr350_lr750_buf0_tg1030,"P0 st5_20_bearish, short $350, switch long $750, buffer 0, guard 10:30",NASDAQ_ORB_15m_p0_short_switch_tp2r_p0_st5_20_bearish_sr350_lr750_buf0_tg1030_2024-12-13,2024-12-13,15,2.0,2.0,st5_20_bearish,350.0,750.0,0,10:30,LONG,False,1,2024-12-13 14:46:00+00:00,2024-12-13 14:47:00+00:00,2024-12-13 20:00:00+00:00,TIME_EXIT,LONG,-406.48,0.0,0.0,-406.48,-406.48,0,2,21895.0,21790.25,104.75
p0_st5_20_bearish_sr350_lr750_buf0_tg1030,"P0 st5_20_bearish, short $350, switch long $750, buffer 0, guard 10:30",NASDAQ_ORB_15m_p0_short_switch_tp2r_p0_st5_20_bearish_sr350_lr750_buf0_tg1030_2024-12-17,2024-12-17,15,2.0,2.0,st5_20_bearish,350.0,750.0,0,10:30,LONG,False,1,2024-12-17 16:36:00+00:00,2024-12-17 16:37:00+00:00,2024-12-17 20:00:00+00:00,TIME_EXIT,LONG,-347.48,0.0,0.0,-347.48,-347.48,0,2,22366.25,22279.5,86.75
p0_st5_20_bearish_sr350_lr750_buf0_tg1030,"P0 st5_20_bearish, short $350, switch long $750, buffer 0, guard 10:30",NASDAQ_ORB_15m_p0_short_switch_tp2r_p0_st5_20_bearish_sr350_lr750_buf0_tg1030_2024-12-18,2024-12-18,15,2.0,2.0,st5_20_bearish,350.0,750.0,0,10:30,LONG,False,1,2024-12-18 15:06:00+00:00,2024-12-18 15:07:00+00:00,2024-12-18 20:00:00+00:00,TIME_EXIT,LONG,-1569.48,0.0,0.0,-1569.48,-1569.48,0,2,22302.75,22211.25,91.5
p0_st5_20_bearish_sr350_lr750_buf0_tg1030,"P0 st5_20_bearish, short $350, switch long $750, buffer 0, guard 10:30",NASDAQ_ORB_15m_p0_short_switch_tp2r_p0_st5_20_bearish_sr350_lr750_buf0_tg1030_2024-12-19,2024-12-19,15,2.0,2.0,st5_20_bearish,350.0,750.0,0,10:30,SHORT,False,1,2024-12-19 14:55:00+00:00,2024-12-19 14:56:00+00:00,2024-12-19 20:00:00+00:00,TIME_EXIT,SHORT,0.0,198.26,0.0,198.26,198.26,1,1,21698.0,21568.0,130.0
p0_st5_20_bearish_sr350_lr750_buf0_tg1030,"P0 st5_20_bearish, short $350, switch long $750, buffer 0, guard 10:30",NASDAQ_ORB_15m_p0_short_switch_tp2r_p0_st5_20_bearish_sr350_lr750_buf0_tg1030_2024-12-20,2024-12-20,15,2.0,2.0,st5_20_bearish,350.0,750.0,0,10:30,LONG,False,1,2024-12-20 15:06:00+00:00,2024-12-20 15:07:00+00:00,2024-12-20 16:05:00+00:00,TP_2R,LONG,532.26,0.0,0.0,532.26,532.26,1,1,21309.25,21184.25,125.0
p0_st5_20_bearish_sr350_lr750_buf0_tg1030,"P0 st5_20_bearish, short $350, switch long $750, buffer 0, guard 10:30",NASDAQ_ORB_15m_p0_short_switch_tp2r_p0_st5_20_bearish_sr350_lr750_buf0_tg1030_2024-12-23,2024-12-23,15,2.0,2.0,st5_20_bearish,350.0,750.0,0,10:30,SHORT,True,2,2024-12-23 15:10:00+00:00,2024-12-23 15:11:00+00:00,2024-12-23 20:00:00+00:00,SWITCH_TO_LONG+TIME_EXIT,SHORT,273.8,-332.24,273.8,-58.44,-58.44,0,6,21675.5,21605.5,70.0
p0_st5_20_bearish_sr350_lr750_buf0_tg1030,"P0 st5_20_bearish, short $350, switch long $750, buffer 0, guard 10:30",NASDAQ_ORB_15m_p0_short_switch_tp2r_p0_st5_20_bearish_sr350_lr750_buf0_tg1030_2024-12-26,2024-12-26,15,2.0,2.0,st5_20_bearish,350.0,750.0,0,10:30,SHORT,True,2,2024-12-26 14:55:00+00:00,2024-12-26 14:56:00+00:00,2024-12-26 20:00:00+00:00,SWITCH_TO_LONG+TIME_EXIT,SHORT,403.56000000000006,-256.74,403.56000000000006,146.82000000000005,146.82000000000005,1,7,22008.5,21955.25,53.25
p0_st5_20_bearish_sr350_lr750_buf0_tg1030,"P0 st5_20_bearish, short $350, switch long $750, buffer 0, guard 10:30",NASDAQ_ORB_15m_p0_short_switch_tp2r_p0_st5_20_bearish_sr350_lr750_buf0_tg1030_2024-12-30,2024-12-30,15,2.0,2.0,st5_20_bearish,350.0,750.0,0,10:30,SHORT,True,2,2024-12-30 14:58:00+00:00,2024-12-30 14:59:00+00:00,2024-12-30 20:00:00+00:00,SWITCH_TO_LONG+TIME_EXIT,SHORT,644.28,-249.24,644.28,395.03999999999996,395.03999999999996,1,4,21417.0,21309.5,107.5
p0_st5_20_bearish_sr350_lr750_buf0_tg1030,"P0 st5_20_bearish, short $350, switch long $750, buffer 0, guard 10:30",NASDAQ_ORB_15m_p0_short_switch_tp2r_p0_st5_20_bearish_sr350_lr750_buf0_tg1030_2024-12-31,2024-12-31,15,2.0,2.0,st5_20_bearish,350.0,750.0,0,10:30,SHORT,False,1,2024-12-31 15:09:00+00:00,2024-12-31 15:10:00+00:00,2024-12-31 20:00:00+00:00,TIME_EXIT,SHORT,0.0,180.76,0.0,180.76,180.76,1,1,21489.5,21367.75,121.75
p0_st5_20_bearish_sr350_lr750_buf0_tg1030,"P0 st5_20_bearish, short $350, switch long $750, buffer 0, guard 10:30",NASDAQ_ORB_15m_p0_short_switch_tp2r_p0_st5_20_bearish_sr350_lr750_buf0_tg1030_2025-01-02,2025-01-02,15,2.0,2.0,st5_20_bearish,350.0,750.0,0,10:30,LONG,False,1,2025-01-02 14:55:00+00:00,2025-01-02 14:56:00+00:00,2025-01-02 20:00:00+00:00,TIME_EXIT,LONG,-634.24,0.0,0.0,-634.24,-634.24,0,1,21373.0,21166.5,206.5
p0_st5_20_bearish_sr350_lr750_buf0_tg1030,"P0 st5_20_bearish, short $350, switch long $750, buffer 0, guard 10:30",NASDAQ_ORB_15m_p0_short_switch_tp2r_p0_st5_20_bearish_sr350_lr750_buf0_tg1030_2025-01-03,2025-01-03,15,2.0,2.0,st5_20_bearish,350.0,750.0,0,10:30,LONG,False,1,2025-01-03 16:31:00+00:00,2025-01-03 16:32:00+00:00,2025-01-03 20:00:00+00:00,TIME_EXIT,LONG,191.76,0.0,0.0,191.76,191.76,1,1,21431.5,21276.75,154.75
p0_st5_20_bearish_sr350_lr750_buf0_tg1030,"P0 st5_20_bearish, short $350, switch long $750, buffer 0, guard 10:30",NASDAQ_ORB_15m_p0_short_switch_tp2r_p0_st5_20_bearish_sr350_lr750_buf0_tg1030_2025-01-06,2025-01-06,15,2.0,2.0,st5_20_bearish,350.0,750.0,0,10:30,LONG,False,1,2025-01-06 14:50:00+00:00,2025-01-06 14:51:00+00:00,2025-01-06 20:00:00+00:00,TIME_EXIT,LONG,-687.48,0.0,0.0,-687.48,-687.48,0,2,21828.75,21723.75,105.0
p0_st5_20_bearish_sr350_lr750_buf0_tg1030,"P0 st5_20_bearish, short $350, switch long $750, buffer 0, guard 10:30",NASDAQ_ORB_15m_p0_short_switch_tp2r_p0_st5_20_bearish_sr350_lr750_buf0_tg1030_2025-01-07,2025-01-07,15,2.0,2.0,st5_20_bearish,350.0,750.0,0,10:30,SHORT,False,1,2025-01-07 15:01:00+00:00,2025-01-07 15:02:00+00:00,2025-01-07 20:00:00+00:00,TIME_EXIT,SHORT,0.0,470.76,0.0,470.76,470.76,1,1,21806.25,21695.0,111.25
p0_st5_20_bearish_sr350_lr750_buf0_tg1030,"P0 st5_20_bearish, short $350, switch long $750, buffer 0, guard 10:30",NASDAQ_ORB_15m_p0_short_switch_tp2r_p0_st5_20_bearish_sr350_lr750_buf0_tg1030_2025-01-08,2025-01-08,15,2.0,2.0,st5_20_bearish,350.0,750.0,0,10:30,LONG,False,1,2025-01-08 15:03:00+00:00,2025-01-08 15:04:00+00:00,2025-01-08 20:00:00+00:00,TIME_EXIT,LONG,-228.48,0.0,0.0,-228.48,-228.48,0,2,21384.75,21289.75,95.0
p0_st5_20_bearish_sr350_lr750_buf0_tg1030,"P0 st5_20_bearish, short $350, switch long $750, buffer 0, guard 10:30",NASDAQ_ORB_15m_p0_short_switch_tp2r_p0_st5_20_bearish_sr350_lr750_buf0_tg1030_2025-01-10,2025-01-10,15,2.0,2.0,st5_20_bearish,350.0,750.0,0,10:30,SHORT,False,1,2025-01-10 14:47:00+00:00,2025-01-10 14:48:00+00:00,2025-01-10 20:00:00+00:00,TIME_EXIT,SHORT,0.0,-49.74,0.0,-49.74,-49.74,0,1,21197.25,21067.75,129.5
p0_st5_20_bearish_sr350_lr750_buf0_tg1030,"P0 st5_20_bearish, short $350, switch long $750, buffer 0, guard 10:30",NASDAQ_ORB_15m_p0_short_switch_tp2r_p0_st5_20_bearish_sr350_lr750_buf0_tg1030_2025-01-13,2025-01-13,15,2.0,2.0,st5_20_bearish,350.0,750.0,0,10:30,LONG,False,1,2025-01-13 14:54:00+00:00,2025-01-13 14:55:00+00:00,2025-01-13 20:00:00+00:00,TIME_EXIT,LONG,448.52,0.0,0.0,448.52,448.52,1,2,20786.0,20701.5,84.5
p0_st5_20_bearish_sr350_lr750_buf0_tg1030,"P0 st5_20_bearish, short $350, switch long $750, buffer 0, guard 10:30",NASDAQ_ORB_15m_p0_short_switch_tp2r_p0_st5_20_bearish_sr350_lr750_buf0_tg1030_2025-01-15,2025-01-15,15,2.0,2.0,st5_20_bearish,350.0,750.0,0,10:30,LONG,False,1,2025-01-15 14:48:00+00:00,2025-01-15 14:49:00+00:00,2025-01-15 20:00:00+00:00,TIME_EXIT,LONG,187.26,0.0,0.0,187.26,187.26,1,1,21307.5,21186.5,121.0
p0_st5_20_bearish_sr350_lr750_buf0_tg1030,"P0 st5_20_bearish, short $350, switch long $750, buffer 0, guard 10:30",NASDAQ_ORB_15m_p0_short_switch_tp2r_p0_st5_20_bearish_sr350_lr750_buf0_tg1030_2025-01-16,2025-01-16,15,2.0,2.0,st5_20_bearish,350.0,750.0,0,10:30,SHORT,False,1,2025-01-16 14:50:00+00:00,2025-01-16 14:51:00+00:00,2025-01-16 20:00:00+00:00,TIME_EXIT,SHORT,0.0,20.76,0.0,20.76,20.76,1,1,21498.0,21404.5,93.5
p0_st5_20_bearish_sr350_lr750_buf0_tg1030,"P0 st5_20_bearish, short $350, switch long $750, buffer 0, guard 10:30",NASDAQ_ORB_15m_p0_short_switch_tp2r_p0_st5_20_bearish_sr350_lr750_buf0_tg1030_2025-01-17,2025-01-17,15,2.0,2.0,st5_20_bearish,350.0,750.0,0,10:30,SHORT,True,2,2025-01-17 15:28:00+00:00,2025-01-17 15:29:00+00:00,2025-01-17 20:00:00+00:00,SWITCH_TO_LONG+TIME_EXIT,SHORT,-138.48,-338.24,-138.48,-476.72,-476.72,0,3,21653.5,21492.25,161.25
p0_st5_20_bearish_sr350_lr750_buf0_tg1030,"P0 st5_20_bearish, short $350, switch long $750, buffer 0, guard 10:30",NASDAQ_ORB_15m_p0_short_switch_tp2r_p0_st5_20_bearish_sr350_lr750_buf0_tg1030_2025-01-21,2025-01-21,15,2.0,2.0,st5_20_bearish,350.0,750.0,0,10:30,SHORT,True,2,2025-01-21 14:55:00+00:00,2025-01-21 14:56:00+00:00,2025-01-21 20:00:00+00:00,SWITCH_TO_LONG+TIME_EXIT,SHORT,12.52,-276.24,12.52,-263.72,-263.72,0,3,21718.5,21589.5,129.0
p0_st5_20_bearish_sr350_lr750_buf0_tg1030,"P0 st5_20_bearish, short $350, switch long $750, buffer 0, guard 10:30",NASDAQ_ORB_15m_p0_short_switch_tp2r_p0_st5_20_bearish_sr350_lr750_buf0_tg1030_2025-01-22,2025-01-22,15,2.0,2.0,st5_20_bearish,350.0,750.0,0,10:30,LONG,False,1,2025-01-22 14:50:00+00:00,2025-01-22 14:51:00+00:00,2025-01-22 20:00:00+00:00,TIME_EXIT,LONG,208.52,0.0,0.0,208.52,208.52,1,2,21982.0,21902.5,79.5
p0_st5_20_bearish_sr350_lr750_buf0_tg1030,"P0 st5_20_bearish, short $350, switch long $750, buffer 0, guard 10:30",NASDAQ_ORB_15m_p0_short_switch_tp2r_p0_st5_20_bearish_sr350_lr750_buf0_tg1030_2025-01-23,2025-01-23,15,2.0,2.0,st5_20_bearish,350.0,750.0,0,10:30,LONG,False,1,2025-01-23 15:35:00+00:00,2025-01-23 15:36:00+00:00,2025-01-23 20:00:00+00:00,TIME_EXIT,LONG,259.04,0.0,0.0,259.04,259.04,1,4,21915.75,21866.0,49.75
p0_st5_20_bearish_sr350_lr750_buf0_tg1030,"P0 st5_20_bearish, short $350, switch long $750, buffer 0, guard 10:30",NASDAQ_ORB_15m_p0_short_switch_tp2r_p0_st5_20_bearish_sr350_lr750_buf0_tg1030_2025-01-24,2025-01-24,15,2.0,2.0,st5_20_bearish,350.0,750.0,0,10:30,LONG,False,1,2025-01-24 14:47:00+00:00,2025-01-24 14:48:00+00:00,2025-01-24 20:00:00+00:00,TIME_EXIT,LONG,-1494.96,0.0,0.0,-1494.96,-1494.96,0,4,22052.75,22000.0,52.75
p0_st5_20_bearish_sr350_lr750_buf0_tg1030,"P0 st5_20_bearish, short $350, switch long $750, buffer 0, guard 10:30",NASDAQ_ORB_15m_p0_short_switch_tp2r_p0_st5_20_bearish_sr350_lr750_buf0_tg1030_2025-01-27,2025-01-27,15,2.0,2.0,st5_20_bearish,350.0,750.0,0,10:30,LONG,False,1,2025-01-27 14:48:00+00:00,2025-01-27 14:49:00+00:00,2025-01-27 20:00:00+00:00,TIME_EXIT,LONG,-352.24,0.0,0.0,-352.24,-352.24,0,1,21303.0,21108.25,194.75
p0_st5_20_bearish_sr350_lr750_buf0_tg1030,"P0 st5_20_bearish, short $350, switch long $750, buffer 0, guard 10:30",NASDAQ_ORB_15m_p0_short_switch_tp2r_p0_st5_20_bearish_sr350_lr750_buf0_tg1030_2025-01-28,2025-01-28,15,2.0,2.0,st5_20_bearish,350.0,750.0,0,10:30,SHORT,True,2,2025-01-28 14:48:00+00:00,2025-01-28 14:49:00+00:00,2025-01-28 20:00:00+00:00,SWITCH_TO_LONG+TIME_EXIT,SHORT,1101.52,-349.24,1101.52,752.28,752.28,1,3,21319.75,21172.5,147.25
p0_st5_20_bearish_sr350_lr750_buf0_tg1030,"P0 st5_20_bearish, short $350, switch long $750, buffer 0, guard 10:30",NASDAQ_ORB_15m_p0_short_switch_tp2r_p0_st5_20_bearish_sr350_lr750_buf0_tg1030_2025-01-29,2025-01-29,15,2.0,2.0,st5_20_bearish,350.0,750.0,0,10:30,SHORT,False,1,2025-01-29 15:27:00+00:00,2025-01-29 15:28:00+00:00,2025-01-29 20:00:00+00:00,TIME_EXIT,SHORT,0.0,-84.24,0.0,-84.24,-84.24,0,1,21606.25,21498.5,107.75
p0_st5_20_bearish_sr350_lr750_buf0_tg1030,"P0 st5_20_bearish, short $350, switch long $750, buffer 0, guard 10:30",NASDAQ_ORB_15m_p0_short_switch_tp2r_p0_st5_20_bearish_sr350_lr750_buf0_tg1030_2025-01-30,2025-01-30,15,2.0,2.0,st5_20_bearish,350.0,750.0,0,10:30,LONG,False,1,2025-01-30 14:47:00+00:00,2025-01-30 14:48:00+00:00,2025-01-30 20:00:00+00:00,TIME_EXIT,LONG,-81.72,0.0,0.0,-81.72,-81.72,0,3,21668.75,21597.25,71.5
p0_st5_20_bearish_sr350_lr750_buf0_tg1030,"P0 st5_20_bearish, short $350, switch long $750, buffer 0, guard 10:30",NASDAQ_ORB_15m_p0_short_switch_tp2r_p0_st5_20_bearish_sr350_lr750_buf0_tg1030_2025-01-31,2025-01-31,15,2.0,2.0,st5_20_bearish,350.0,750.0,0,10:30,LONG,False,1,2025-01-31 14:53:00+00:00,2025-01-31 14:54:00+00:00,2025-01-31 20:00:00+00:00,TIME_EXIT,LONG,-1074.72,0.0,0.0,-1074.72,-1074.72,0,3,21838.25,21764.0,74.25
p0_st5_20_bearish_sr350_lr750_buf0_tg1030,"P0 st5_20_bearish, short $350, switch long $750, buffer 0, guard 10:30",NASDAQ_ORB_15m_p0_short_switch_tp2r_p0_st5_20_bearish_sr350_lr750_buf0_tg1030_2025-02-04,2025-02-04,15,2.0,2.0,st5_20_bearish,350.0,750.0,0,10:30,LONG,False,1,2025-02-04 14:51:00+00:00,2025-02-04 14:52:00+00:00,2025-02-04 20:00:00+00:00,TIME_EXIT,LONG,456.52,0.0,0.0,456.52,456.52,1,2,21523.5,21405.0,118.5
p0_st5_20_bearish_sr350_lr750_buf0_tg1030,"P0 st5_20_bearish, short $350, switch long $750, buffer 0, guard 10:30",NASDAQ_ORB_15m_p0_short_switch_tp2r_p0_st5_20_bearish_sr350_lr750_buf0_tg1030_2025-02-05,2025-02-05,15,2.0,2.0,st5_20_bearish,350.0,750.0,0,10:30,LONG,False,1,2025-02-05 15:01:00+00:00,2025-02-05 15:02:00+00:00,2025-02-05 17:01:00+00:00,TP_2R,LONG,840.78,0.0,0.0,840.78,840.78,1,3,21587.75,21519.0,68.75
p0_st5_20_bearish_sr350_lr750_buf0_tg1030,"P0 st5_20_bearish, short $350, switch long $750, buffer 0, guard 10:30",NASDAQ_ORB_15m_p0_short_switch_tp2r_p0_st5_20_bearish_sr350_lr750_buf0_tg1030_2025-02-06,2025-02-06,15,2.0,2.0,st5_20_bearish,350.0,750.0,0,10:30,LONG,False,1,2025-02-06 14:46:00+00:00,2025-02-06 14:47:00+00:00,2025-02-06 20:00:00+00:00,TIME_EXIT,LONG,-371.21999999999997,0.0,0.0,-371.21999999999997,-371.21999999999997,0,3,21790.0,21738.0,52.0
p0_st5_20_bearish_sr350_lr750_buf0_tg1030,"P0 st5_20_bearish, short $350, switch long $750, buffer 0, guard 10:30",NASDAQ_ORB_15m_p0_short_switch_tp2r_p0_st5_20_bearish_sr350_lr750_buf0_tg1030_2025-02-10,2025-02-10,15,2.0,2.0,st5_20_bearish,350.0,750.0,0,10:30,LONG,False,1,2025-02-10 14:47:00+00:00,2025-02-10 14:48:00+00:00,2025-02-10 20:00:00+00:00,TIME_EXIT,LONG,459.04,0.0,0.0,459.04,459.04,1,4,21803.0,21742.25,60.75
p0_st5_20_bearish_sr350_lr750_buf0_tg1030,"P0 st5_20_bearish, short $350, switch long $750, buffer 0, guard 10:30",NASDAQ_ORB_15m_p0_short_switch_tp2r_p0_st5_20_bearish_sr350_lr750_buf0_tg1030_2025-02-11,2025-02-11,15,2.0,2.0,st5_20_bearish,350.0,750.0,0,10:30,LONG,False,1,2025-02-11 15:02:00+00:00,2025-02-11 15:03:00+00:00,2025-02-11 20:00:00+00:00,TIME_EXIT,LONG,47.52,0.0,0.0,47.52,47.52,1,2,21797.0,21700.25,96.75
p0_st5_20_bearish_sr350_lr750_buf0_tg1030,"P0 st5_20_bearish, short $350, switch long $750, buffer 0, guard 10:30",NASDAQ_ORB_15m_p0_short_switch_tp2r_p0_st5_20_bearish_sr350_lr750_buf0_tg1030_2025-02-12,2025-02-12,15,2.0,2.0,st5_20_bearish,350.0,750.0,0,10:30,LONG,False,1,2025-02-12 14:47:00+00:00,2025-02-12 14:48:00+00:00,2025-02-12 20:00:00+00:00,TIME_EXIT,LONG,305.76,0.0,0.0,305.76,305.76,1,1,21667.75,21535.75,132.0
p0_st5_20_bearish_sr350_lr750_buf0_tg1030,"P0 st5_20_bearish, short $350, switch long $750, buffer 0, guard 10:30",NASDAQ_ORB_15m_p0_short_switch_tp2r_p0_st5_20_bearish_sr350_lr750_buf0_tg1030_2025-02-13,2025-02-13,15,2.0,2.0,st5_20_bearish,350.0,750.0,0,10:30,LONG,False,1,2025-02-13 15:03:00+00:00,2025-02-13 15:04:00+00:00,2025-02-13 20:00:00+00:00,TIME_EXIT,LONG,422.52,0.0,0.0,422.52,422.52,1,2,21951.0,21835.0,116.0
p0_st5_20_bearish_sr350_lr750_buf0_tg1030,"P0 st5_20_bearish, short $350, switch long $750, buffer 0, guard 10:30",NASDAQ_ORB_15m_p0_short_switch_tp2r_p0_st5_20_bearish_sr350_lr750_buf0_tg1030_2025-02-14,2025-02-14,15,2.0,2.0,st5_20_bearish,350.0,750.0,0,10:30,LONG,False,1,2025-02-14 14:52:00+00:00,2025-02-14 14:53:00+00:00,2025-02-14 20:00:00+00:00,TIME_EXIT,LONG,317.04,0.0,0.0,317.04,317.04,1,4,22138.0,22088.0,50.0
p0_st5_20_bearish_sr350_lr750_buf0_tg1030,"P0 st5_20_bearish, short $350, switch long $750, buffer 0, guard 10:30",NASDAQ_ORB_15m_p0_short_switch_tp2r_p0_st5_20_bearish_sr350_lr750_buf0_tg1030_2025-02-17,2025-02-17,15,2.0,2.0,st5_20_bearish,350.0,750.0,0,10:30,LONG,False,1,2025-02-17 16:03:00+00:00,2025-02-17 16:04:00+00:00,2025-02-17 23:02:00+00:00,TIME_EXIT,LONG,-178.96,0.0,0.0,-178.96,-178.96,0,4,22242.0,22192.0,50.0
p0_st5_20_bearish_sr350_lr750_buf0_tg1030,"P0 st5_20_bearish, short $350, switch long $750, buffer 0, guard 10:30",NASDAQ_ORB_15m_p0_short_switch_tp2r_p0_st5_20_bearish_sr350_lr750_buf0_tg1030_2025-02-18,2025-02-18,15,2.0,2.0,st5_20_bearish,350.0,750.0,0,10:30,SHORT,False,1,2025-02-18 14:46:00+00:00,2025-02-18 14:47:00+00:00,2025-02-18 20:00:00+00:00,TIME_EXIT,SHORT,0.0,91.52,0.0,91.52,91.52,1,2,22268.0,22211.0,57.0
p0_st5_20_bearish_sr350_lr750_buf0_tg1030,"P0 st5_20_bearish, short $350, switch long $750, buffer 0, guard 10:30",NASDAQ_ORB_15m_p0_short_switch_tp2r_p0_st5_20_bearish_sr350_lr750_buf0_tg1030_2025-02-19,2025-02-19,15,2.0,2.0,st5_20_bearish,350.0,750.0,0,10:30,SHORT,True,2,2025-02-19 14:50:00+00:00,2025-02-19 14:51:00+00:00,2025-02-19 20:00:00+00:00,SWITCH_TO_LONG+TIME_EXIT,SHORT,1002.8199999999999,-344.21999999999997,1002.8199999999999,658.5999999999999,658.5999999999999,1,10,22221.5,22172.75,48.75
p0_st5_20_bearish_sr350_lr750_buf0_tg1030,"P0 st5_20_bearish, short $350, switch long $750, buffer 0, guard 10:30",NASDAQ_ORB_15m_p0_short_switch_tp2r_p0_st5_20_bearish_sr350_lr750_buf0_tg1030_2025-02-20,2025-02-20,15,2.0,2.0,st5_20_bearish,350.0,750.0,0,10:30,SHORT,False,1,2025-02-20 14:47:00+00:00,2025-02-20 14:48:00+00:00,2025-02-20 14:58:00+00:00,TP_2R,SHORT,0.0,532.52,0.0,532.52,532.52,1,2,22227.0,22166.0,61.0
p0_st5_20_bearish_sr350_lr750_buf0_tg1030,"P0 st5_20_bearish, short $350, switch long $750, buffer 0, guard 10:30",NASDAQ_ORB_15m_p0_short_switch_tp2r_p0_st5_20_bearish_sr350_lr750_buf0_tg1030_2025-02-21,2025-02-21,15,2.0,2.0,st5_20_bearish,350.0,750.0,0,10:30,SHORT,False,1,2025-02-21 14:57:00+00:00,2025-02-21 14:58:00+00:00,2025-02-21 17:21:00+00:00,TP_2R,SHORT,0.0,375.26,0.0,375.26,375.26,1,1,22188.0,22096.75,91.25
p0_st5_20_bearish_sr350_lr750_buf0_tg1030,"P0 st5_20_bearish, short $350, switch long $750, buffer 0, guard 10:30",NASDAQ_ORB_15m_p0_short_switch_tp2r_p0_st5_20_bearish_sr350_lr750_buf0_tg1030_2025-02-24,2025-02-24,15,2.0,2.0,st5_20_bearish,350.0,750.0,0,10:30,SHORT,False,1,2025-02-24 14:51:00+00:00,2025-02-24 14:52:00+00:00,2025-02-24 20:00:00+00:00,TIME_EXIT,SHORT,0.0,239.76,0.0,239.76,239.76,1,1,21801.75,21684.0,117.75
p0_st5_20_bearish_sr350_lr750_buf0_tg1030,"P0 st5_20_bearish, short $350, switch long $750, buffer 0, guard 10:30",NASDAQ_ORB_15m_p0_short_switch_tp2r_p0_st5_20_bearish_sr350_lr750_buf0_tg1030_2025-02-25,2025-02-25,15,2.0,2.0,st5_20_bearish,350.0,750.0,0,10:30,SHORT,False,1,2025-02-25 14:48:00+00:00,2025-02-25 14:49:00+00:00,2025-02-25 15:21:00+00:00,TP_2R,SHORT,0.0,442.26,0.0,442.26,442.26,1,1,21397.5,21311.0,86.5
p0_st5_20_bearish_sr350_lr750_buf0_tg1030,"P0 st5_20_bearish, short $350, switch long $750, buffer 0, guard 10:30",NASDAQ_ORB_15m_p0_short_switch_tp2r_p0_st5_20_bearish_sr350_lr750_buf0_tg1030_2025-02-26,2025-02-26,15,2.0,2.0,st5_20_bearish,350.0,750.0,0,10:30,LONG,False,1,2025-02-26 14:50:00+00:00,2025-02-26 14:51:00+00:00,2025-02-26 20:00:00+00:00,TIME_EXIT,LONG,-738.48,0.0,0.0,-738.48,-738.48,0,2,21274.25,21188.5,85.75
p0_st5_20_bearish_sr350_lr750_buf0_tg1030,"P0 st5_20_bearish, short $350, switch long $750, buffer 0, guard 10:30",NASDAQ_ORB_15m_p0_short_switch_tp2r_p0_st5_20_bearish_sr350_lr750_buf0_tg1030_2025-02-28,2025-02-28,15,2.0,2.0,st5_20_bearish,350.0,750.0,0,10:30,LONG,False,1,2025-02-28 15:11:00+00:00,2025-02-28 15:12:00+00:00,2025-02-28 20:00:00+00:00,TIME_EXIT,LONG,95.76,0.0,0.0,95.76,95.76,1,1,20644.75,20460.25,184.5
p0_st5_20_bearish_sr350_lr750_buf0_tg1030,"P0 st5_20_bearish, short $350, switch long $750, buffer 0, guard 10:30",NASDAQ_ORB_15m_p0_short_switch_tp2r_p0_st5_20_bearish_sr350_lr750_buf0_tg1030_2025-03-05,2025-03-05,15,2.0,2.0,st5_20_bearish,350.0,750.0,0,10:30,SHORT,True,2,2025-03-05 14:57:00+00:00,2025-03-05 14:58:00+00:00,2025-03-05 20:00:00+00:00,SWITCH_TO_LONG+TIME_EXIT,SHORT,776.52,-328.74,776.52,447.78,447.78,1,3,20455.75,20313.0,142.75
p0_st5_20_bearish_sr350_lr750_buf0_tg1030,"P0 st5_20_bearish, short $350, switch long $750, buffer 0, guard 10:30",NASDAQ_ORB_15m_p0_short_switch_tp2r_p0_st5_20_bearish_sr350_lr750_buf0_tg1030_2025-03-06,2025-03-06,15,2.0,2.0,st5_20_bearish,350.0,750.0,0,10:30,LONG,False,1,2025-03-06 14:51:00+00:00,2025-03-06 14:52:00+00:00,2025-03-06 15:41:00+00:00,TP_2R,LONG,754.52,0.0,0.0,754.52,754.52,1,2,20319.75,20228.25,91.5
p0_st5_20_bearish_sr350_lr750_buf0_tg1030,"P0 st5_20_bearish, short $350, switch long $750, buffer 0, guard 10:30",NASDAQ_ORB_15m_p0_short_switch_tp2r_p0_st5_20_bearish_sr350_lr750_buf0_tg1030_2025-03-07,2025-03-07,15,2.0,2.0,st5_20_bearish,350.0,750.0,0,10:30,LONG,False,1,2025-03-07 14:49:00+00:00,2025-03-07 14:50:00+00:00,2025-03-07 20:00:00+00:00,TIME_EXIT,LONG,-7.74,0.0,0.0,-7.74,-7.74,0,1,20190.75,20024.25,166.5
p0_st5_20_bearish_sr350_lr750_buf0_tg1030,"P0 st5_20_bearish, short $350, switch long $750, buffer 0, guard 10:30",NASDAQ_ORB_15m_p0_short_switch_tp2r_p0_st5_20_bearish_sr350_lr750_buf0_tg1030_2025-03-10,2025-03-10,15,2.0,2.0,st5_20_bearish,350.0,750.0,0,10:30,SHORT,False,1,2025-03-10 13:54:00+00:00,2025-03-10 13:55:00+00:00,2025-03-10 14:57:00+00:00,TP_2R,SHORT,0.0,490.26,0.0,490.26,490.26,1,1,19902.0,19787.75,114.25
p0_st5_20_bearish_sr350_lr750_buf0_tg1030,"P0 st5_20_bearish, short $350, switch long $750, buffer 0, guard 10:30",NASDAQ_ORB_15m_p0_short_switch_tp2r_p0_st5_20_bearish_sr350_lr750_buf0_tg1030_2025-03-11,2025-03-11,15,2.0,2.0,st5_20_bearish,350.0,750.0,0,10:30,LONG,False,1,2025-03-11 13:49:00+00:00,2025-03-11 13:50:00+00:00,2025-03-11 19:00:00+00:00,TIME_EXIT,LONG,134.26,0.0,0.0,134.26,134.26,1,1,19553.0,19386.5,166.5
p0_st5_20_bearish_sr350_lr750_buf0_tg1030,"P0 st5_20_bearish, short $350, switch long $750, buffer 0, guard 10:30",NASDAQ_ORB_15m_p0_short_switch_tp2r_p0_st5_20_bearish_sr350_lr750_buf0_tg1030_2025-03-13,2025-03-13,15,2.0,2.0,st5_20_bearish,350.0,750.0,0,10:30,SHORT,False,1,2025-03-13 13:51:00+00:00,2025-03-13 13:52:00+00:00,2025-03-13 17:13:00+00:00,TP_2R,SHORT,0.0,464.26,0.0,464.26,464.26,1,1,19577.0,19470.25,106.75
p0_st5_20_bearish_sr350_lr750_buf0_tg1030,"P0 st5_20_bearish, short $350, switch long $750, buffer 0, guard 10:30",NASDAQ_ORB_15m_p0_short_switch_tp2r_p0_st5_20_bearish_sr350_lr750_buf0_tg1030_2025-03-14,2025-03-14,15,2.0,2.0,st5_20_bearish,350.0,750.0,0,10:30,LONG,False,1,2025-03-14 13:51:00+00:00,2025-03-14 13:52:00+00:00,2025-03-14 19:00:00+00:00,TIME_EXIT,LONG,113.26,0.0,0.0,113.26,113.26,1,1,19600.5,19450.0,150.5
p0_st5_20_bearish_sr350_lr750_buf0_tg1030,"P0 st5_20_bearish, short $350, switch long $750, buffer 0, guard 10:30",NASDAQ_ORB_15m_p0_short_switch_tp2r_p0_st5_20_bearish_sr350_lr750_buf0_tg1030_2025-03-19,2025-03-19,15,2.0,2.0,st5_20_bearish,350.0,750.0,0,10:30,LONG,False,1,2025-03-19 13:55:00+00:00,2025-03-19 13:56:00+00:00,2025-03-19 19:00:00+00:00,TIME_EXIT,LONG,379.26,0.0,0.0,379.26,379.26,1,1,19815.0,19706.5,108.5
p0_st5_20_bearish_sr350_lr750_buf0_tg1030,"P0 st5_20_bearish, short $350, switch long $750, buffer 0, guard 10:30",NASDAQ_ORB_15m_p0_short_switch_tp2r_p0_st5_20_bearish_sr350_lr750_buf0_tg1030_2025-03-20,2025-03-20,15,2.0,2.0,st5_20_bearish,350.0,750.0,0,10:30,LONG,False,1,2025-03-20 13:46:00+00:00,2025-03-20 13:47:00+00:00,2025-03-20 19:00:00+00:00,TIME_EXIT,LONG,-191.74,0.0,0.0,-191.74,-191.74,0,1,19907.25,19756.75,150.5
p0_st5_20_bearish_sr350_lr750_buf0_tg1030,"P0 st5_20_bearish, short $350, switch long $750, buffer 0, guard 10:30",NASDAQ_ORB_15m_p0_short_switch_tp2r_p0_st5_20_bearish_sr350_lr750_buf0_tg1030_2025-03-21,2025-03-21,15,2.0,2.0,st5_20_bearish,350.0,750.0,0,10:30,LONG,False,1,2025-03-21 13:51:00+00:00,2025-03-21 13:52:00+00:00,2025-03-21 19:00:00+00:00,TIME_EXIT,LONG,550.52,0.0,0.0,550.52,550.52,1,2,19711.75,19607.0,104.75
p0_st5_20_bearish_sr350_lr750_buf0_tg1030,"P0 st5_20_bearish, short $350, switch long $750, buffer 0, guard 10:30",NASDAQ_ORB_15m_p0_short_switch_tp2r_p0_st5_20_bearish_sr350_lr750_buf0_tg1030_2025-03-24,2025-03-24,15,2.0,2.0,st5_20_bearish,350.0,750.0,0,10:30,LONG,False,1,2025-03-24 13:47:00+00:00,2025-03-24 13:48:00+00:00,2025-03-24 19:00:00+00:00,TIME_EXIT,LONG,401.28,0.0,0.0,401.28,401.28,1,3,20293.0,20228.75,64.25
p0_st5_20_bearish_sr350_lr750_buf0_tg1030,"P0 st5_20_bearish, short $350, switch long $750, buffer 0, guard 10:30",NASDAQ_ORB_15m_p0_short_switch_tp2r_p0_st5_20_bearish_sr350_lr750_buf0_tg1030_2025-03-25,2025-03-25,15,2.0,2.0,st5_20_bearish,350.0,750.0,0,10:30,LONG,False,1,2025-03-25 14:16:00+00:00,2025-03-25 14:17:00+00:00,2025-03-25 19:00:00+00:00,TIME_EXIT,LONG,-53.22,0.0,0.0,-53.22,-53.22,0,3,20429.0,20368.5,60.5
p0_st5_20_bearish_sr350_lr750_buf0_tg1030,"P0 st5_20_bearish, short $350, switch long $750, buffer 0, guard 10:30",NASDAQ_ORB_15m_p0_short_switch_tp2r_p0_st5_20_bearish_sr350_lr750_buf0_tg1030_2025-03-26,2025-03-26,15,2.0,2.0,st5_20_bearish,350.0,750.0,0,10:30,SHORT,False,1,2025-03-26 13:49:00+00:00,2025-03-26 13:50:00+00:00,2025-03-26 14:20:00+00:00,TP_2R,SHORT,0.0,518.52,0.0,518.52,518.52,1,2,20475.0,20412.75,62.25
p0_st5_20_bearish_sr350_lr750_buf0_tg1030,"P0 st5_20_bearish, short $350, switch long $750, buffer 0, guard 10:30",NASDAQ_ORB_15m_p0_short_switch_tp2r_p0_st5_20_bearish_sr350_lr750_buf0_tg1030_2025-03-27,2025-03-27,15,2.0,2.0,st5_20_bearish,350.0,750.0,0,10:30,LONG,False,1,2025-03-27 13:56:00+00:00,2025-03-27 13:57:00+00:00,2025-03-27 19:00:00+00:00,TIME_EXIT,LONG,-66.24,0.0,0.0,-66.24,-66.24,0,1,20069.75,19937.75,132.0
p0_st5_20_bearish_sr350_lr750_buf0_tg1030,"P0 st5_20_bearish, short $350, switch long $750, buffer 0, guard 10:30",NASDAQ_ORB_15m_p0_short_switch_tp2r_p0_st5_20_bearish_sr350_lr750_buf0_tg1030_2025-03-28,2025-03-28,15,2.0,2.0,st5_20_bearish,350.0,750.0,0,10:30,SHORT,False,1,2025-03-28 14:04:00+00:00,2025-03-28 14:05:00+00:00,2025-03-28 14:30:00+00:00,TP_2R,SHORT,0.0,409.26,0.0,409.26,409.26,1,1,19941.25,19839.5,101.75
p0_st5_20_bearish_sr350_lr750_buf0_tg1030,"P0 st5_20_bearish, short $350, switch long $750, buffer 0, guard 10:30",NASDAQ_ORB_15m_p0_short_switch_tp2r_p0_st5_20_bearish_sr350_lr750_buf0_tg1030_2025-04-01,2025-04-01,15,2.0,2.0,st5_20_bearish,350.0,750.0,0,10:30,LONG,False,1,2025-04-01 13:48:00+00:00,2025-04-01 13:49:00+00:00,2025-04-01 16:18:00+00:00,TP_2R,LONG,778.52,0.0,0.0,778.52,778.52,1,2,19433.0,19338.25,94.75
p0_st5_20_bearish_sr350_lr750_buf0_tg1030,"P0 st5_20_bearish, short $350, switch long $750, buffer 0, guard 10:30",NASDAQ_ORB_15m_p0_short_switch_tp2r_p0_st5_20_bearish_sr350_lr750_buf0_tg1030_2025-04-02,2025-04-02,15,2.0,2.0,st5_20_bearish,350.0,750.0,0,10:30,LONG,False,1,2025-04-02 13:46:00+00:00,2025-04-02 13:47:00+00:00,2025-04-02 19:00:00+00:00,TIME_EXIT,LONG,114.76,0.0,0.0,114.76,114.76,1,1,19533.75,19317.0,216.75
p0_st5_20_bearish_sr350_lr750_buf0_tg1030,"P0 st5_20_bearish, short $350, switch long $750, buffer 0, guard 10:30",NASDAQ_ORB_15m_p0_short_switch_tp2r_p0_st5_20_bearish_sr350_lr750_buf0_tg1030_2025-04-08,2025-04-08,15,2.0,2.0,st5_20_bearish,350.0,750.0,0,10:30,LONG,False,1,2025-04-08 13:47:00+00:00,2025-04-08 13:48:00+00:00,2025-04-08 19:00:00+00:00,TIME_EXIT,LONG,-1530.74,0.0,0.0,-1530.74,-1530.74,0,1,18202.0,18062.25,139.75
p0_st5_20_bearish_sr350_lr750_buf0_tg1030,"P0 st5_20_bearish, short $350, switch long $750, buffer 0, guard 10:30",NASDAQ_ORB_15m_p0_short_switch_tp2r_p0_st5_20_bearish_sr350_lr750_buf0_tg1030_2025-04-11,2025-04-11,15,2.0,2.0,st5_20_bearish,350.0,750.0,0,10:30,LONG,False,1,2025-04-11 13:47:00+00:00,2025-04-11 13:48:00+00:00,2025-04-11 19:00:00+00:00,TIME_EXIT,LONG,293.26,0.0,0.0,293.26,293.26,1,1,18571.25,18353.5,217.75
p0_st5_20_bearish_sr350_lr750_buf0_tg1030,"P0 st5_20_bearish, short $350, switch long $750, buffer 0, guard 10:30",NASDAQ_ORB_15m_p0_short_switch_tp2r_p0_st5_20_bearish_sr350_lr750_buf0_tg1030_2025-04-15,2025-04-15,15,2.0,2.0,st5_20_bearish,350.0,750.0,0,10:30,LONG,False,1,2025-04-15 13:49:00+00:00,2025-04-15 13:50:00+00:00,2025-04-15 19:00:00+00:00,TIME_EXIT,LONG,-248.24,0.0,0.0,-248.24,-248.24,0,1,19086.75,18968.0,118.75
p0_st5_20_bearish_sr350_lr750_buf0_tg1030,"P0 st5_20_bearish, short $350, switch long $750, buffer 0, guard 10:30",NASDAQ_ORB_15m_p0_short_switch_tp2r_p0_st5_20_bearish_sr350_lr750_buf0_tg1030_2025-04-16,2025-04-16,15,2.0,2.0,st5_20_bearish,350.0,750.0,0,10:30,SHORT,True,2,2025-04-16 13:53:00+00:00,2025-04-16 13:54:00+00:00,2025-04-16 19:00:00+00:00,SWITCH_TO_LONG+TIME_EXIT,SHORT,-1972.48,-297.24,-1972.48,-2269.7200000000003,-2269.7200000000003,0,3,18679.0,18572.5,106.5
p0_st5_20_bearish_sr350_lr750_buf0_tg1030,"P0 st5_20_bearish, short $350, switch long $750, buffer 0, guard 10:30",NASDAQ_ORB_15m_p0_short_switch_tp2r_p0_st5_20_bearish_sr350_lr750_buf0_tg1030_2025-04-17,2025-04-17,15,2.0,2.0,st5_20_bearish,350.0,750.0,0,10:30,SHORT,True,2,2025-04-17 14:19:00+00:00,2025-04-17 14:20:00+00:00,2025-04-17 19:00:00+00:00,SWITCH_TO_LONG+TIME_EXIT,SHORT,-368.48,-263.24,-368.48,-631.72,-631.72,0,3,18509.5,18382.25,127.25
p0_st5_20_bearish_sr350_lr750_buf0_tg1030,"P0 st5_20_bearish, short $350, switch long $750, buffer 0, guard 10:30",NASDAQ_ORB_15m_p0_short_switch_tp2r_p0_st5_20_bearish_sr350_lr750_buf0_tg1030_2025-04-21,2025-04-21,15,2.0,2.0,st5_20_bearish,350.0,750.0,0,10:30,SHORT,False,1,2025-04-21 13:54:00+00:00,2025-04-21 13:55:00+00:00,2025-04-21 15:35:00+00:00,TP_2R,SHORT,0.0,439.26,0.0,439.26,439.26,1,1,18165.75,18060.75,105.0
p0_st5_20_bearish_sr350_lr750_buf0_tg1030,"P0 st5_20_bearish, short $350, switch long $750, buffer 0, guard 10:30",NASDAQ_ORB_15m_p0_short_switch_tp2r_p0_st5_20_bearish_sr350_lr750_buf0_tg1030_2025-04-22,2025-04-22,15,2.0,2.0,st5_20_bearish,350.0,750.0,0,10:30,LONG,False,1,2025-04-22 13:46:00+00:00,2025-04-22 13:47:00+00:00,2025-04-22 19:00:00+00:00,TIME_EXIT,LONG,277.76,0.0,0.0,277.76,277.76,1,1,18211.0,18100.25,110.75
p0_st5_20_bearish_sr350_lr750_buf0_tg1030,"P0 st5_20_bearish, short $350, switch long $750, buffer 0, guard 10:30",NASDAQ_ORB_15m_p0_short_switch_tp2r_p0_st5_20_bearish_sr350_lr750_buf0_tg1030_2025-04-23,2025-04-23,15,2.0,2.0,st5_20_bearish,350.0,750.0,0,10:30,LONG,False,1,2025-04-23 13:52:00+00:00,2025-04-23 13:53:00+00:00,2025-04-23 19:00:00+00:00,TIME_EXIT,LONG,-495.24,0.0,0.0,-495.24,-495.24,0,1,19113.0,18917.0,196.0
p0_st5_20_bearish_sr350_lr750_buf0_tg1030,"P0 st5_20_bearish, short $350, switch long $750, buffer 0, guard 10:30",NASDAQ_ORB_15m_p0_short_switch_tp2r_p0_st5_20_bearish_sr350_lr750_buf0_tg1030_2025-04-24,2025-04-24,15,2.0,2.0,st5_20_bearish,350.0,750.0,0,10:30,LONG,False,1,2025-04-24 13:46:00+00:00,2025-04-24 13:47:00+00:00,2025-04-24 15:12:00+00:00,TP_2R,LONG,946.52,0.0,0.0,946.52,946.52,1,2,18961.25,18846.5,114.75
p0_st5_20_bearish_sr350_lr750_buf0_tg1030,"P0 st5_20_bearish, short $350, switch long $750, buffer 0, guard 10:30",NASDAQ_ORB_15m_p0_short_switch_tp2r_p0_st5_20_bearish_sr350_lr750_buf0_tg1030_2025-04-25,2025-04-25,15,2.0,2.0,st5_20_bearish,350.0,750.0,0,10:30,SHORT,True,2,2025-04-25 13:53:00+00:00,2025-04-25 13:54:00+00:00,2025-04-25 19:00:00+00:00,SWITCH_TO_LONG+TIME_EXIT,SHORT,737.28,-247.74,737.28,489.53999999999996,489.53999999999996,1,4,19363.25,19256.25,107.0
p0_st5_20_bearish_sr350_lr750_buf0_tg1030,"P0 st5_20_bearish, short $350, switch long $750, buffer 0, guard 10:30",NASDAQ_ORB_15m_p0_short_switch_tp2r_p0_st5_20_bearish_sr350_lr750_buf0_tg1030_2025-04-28,2025-04-28,15,2.0,2.0,st5_20_bearish,350.0,750.0,0,10:30,LONG,False,1,2025-04-28 13:46:00+00:00,2025-04-28 13:47:00+00:00,2025-04-28 19:00:00+00:00,TIME_EXIT,LONG,-699.48,0.0,0.0,-699.48,-699.48,0,2,19599.0,19482.75,116.25
p0_st5_20_bearish_sr350_lr750_buf0_tg1030,"P0 st5_20_bearish, short $350, switch long $750, buffer 0, guard 10:30",NASDAQ_ORB_15m_p0_short_switch_tp2r_p0_st5_20_bearish_sr350_lr750_buf0_tg1030_2025-04-29,2025-04-29,15,2.0,2.0,st5_20_bearish,350.0,750.0,0,10:30,LONG,False,1,2025-04-29 13:46:00+00:00,2025-04-29 13:47:00+00:00,2025-04-29 18:05:00+00:00,TP_2R,LONG,718.52,0.0,0.0,718.52,718.52,1,2,19477.5,19404.0,73.5
p0_st5_20_bearish_sr350_lr750_buf0_tg1030,"P0 st5_20_bearish, short $350, switch long $750, buffer 0, guard 10:30",NASDAQ_ORB_15m_p0_short_switch_tp2r_p0_st5_20_bearish_sr350_lr750_buf0_tg1030_2025-05-01,2025-05-01,15,2.0,2.0,st5_20_bearish,350.0,750.0,0,10:30,SHORT,True,2,2025-05-01 14:00:00+00:00,2025-05-01 14:01:00+00:00,2025-05-01 19:00:00+00:00,SWITCH_TO_LONG+TIME_EXIT,SHORT,83.28,-356.48,83.28,-273.20000000000005,-273.20000000000005,0,5,19990.5,19888.5,102.0
p0_st5_20_bearish_sr350_lr750_buf0_tg1030,"P0 st5_20_bearish, short $350, switch long $750, buffer 0, guard 10:30",NASDAQ_ORB_15m_p0_short_switch_tp2r_p0_st5_20_bearish_sr350_lr750_buf0_tg1030_2025-05-02,2025-05-02,15,2.0,2.0,st5_20_bearish,350.0,750.0,0,10:30,LONG,False,1,2025-05-02 14:06:00+00:00,2025-05-02 14:07:00+00:00,2025-05-02 19:00:00+00:00,TIME_EXIT,LONG,367.52,0.0,0.0,367.52,367.52,1,2,20125.0,20033.0,92.0
p0_st5_20_bearish_sr350_lr750_buf0_tg1030,"P0 st5_20_bearish, short $350, switch long $750, buffer 0, guard 10:30",NASDAQ_ORB_15m_p0_short_switch_tp2r_p0_st5_20_bearish_sr350_lr750_buf0_tg1030_2025-05-05,2025-05-05,15,2.0,2.0,st5_20_bearish,350.0,750.0,0,10:30,LONG,False,1,2025-05-05 13:57:00+00:00,2025-05-05 13:58:00+00:00,2025-05-05 19:00:00+00:00,TIME_EXIT,LONG,576.78,0.0,0.0,576.78,576.78,1,3,20053.75,19985.25,68.5
p0_st5_20_bearish_sr350_lr750_buf0_tg1030,"P0 st5_20_bearish, short $350, switch long $750, buffer 0, guard 10:30",NASDAQ_ORB_15m_p0_short_switch_tp2r_p0_st5_20_bearish_sr350_lr750_buf0_tg1030_2025-05-06,2025-05-06,15,2.0,2.0,st5_20_bearish,350.0,750.0,0,10:30,SHORT,True,2,2025-05-06 13:52:00+00:00,2025-05-06 13:53:00+00:00,2025-05-06 19:00:00+00:00,SWITCH_TO_LONG+TIME_EXIT,SHORT,681.04,-195.74,681.04,485.29999999999995,485.29999999999995,1,5,19864.5,19779.25,85.25
p0_st5_20_bearish_sr350_lr750_buf0_tg1030,"P0 st5_20_bearish, short $350, switch long $750, buffer 0, guard 10:30",NASDAQ_ORB_15m_p0_short_switch_tp2r_p0_st5_20_bearish_sr350_lr750_buf0_tg1030_2025-05-07,2025-05-07,15,2.0,2.0,st5_20_bearish,350.0,750.0,0,10:30,LONG,False,1,2025-05-07 13:58:00+00:00,2025-05-07 13:59:00+00:00,2025-05-07 19:00:00+00:00,TIME_EXIT,LONG,-302.21999999999997,0.0,0.0,-302.21999999999997,-302.21999999999997,0,3,19934.25,19866.0,68.25
p0_st5_20_bearish_sr350_lr750_buf0_tg1030,"P0 st5_20_bearish, short $350, switch long $750, buffer 0, guard 10:30",NASDAQ_ORB_15m_p0_short_switch_tp2r_p0_st5_20_bearish_sr350_lr750_buf0_tg1030_2025-05-08,2025-05-08,15,2.0,2.0,st5_20_bearish,350.0,750.0,0,10:30,SHORT,True,2,2025-05-08 13:49:00+00:00,2025-05-08 13:50:00+00:00,2025-05-08 19:00:00+00:00,SWITCH_TO_LONG+TIME_EXIT,SHORT,533.28,-230.74,533.28,302.53999999999996,302.53999999999996,1,4,20174.5,20097.75,76.75
p0_st5_20_bearish_sr350_lr750_buf0_tg1030,"P0 st5_20_bearish, short $350, switch long $750, buffer 0, guard 10:30",NASDAQ_ORB_15m_p0_short_switch_tp2r_p0_st5_20_bearish_sr350_lr750_buf0_tg1030_2025-05-09,2025-05-09,15,2.0,2.0,st5_20_bearish,350.0,750.0,0,10:30,SHORT,False,1,2025-05-09 14:25:00+00:00,2025-05-09 14:26:00+00:00,2025-05-09 19:00:00+00:00,TIME_EXIT,SHORT,0.0,73.26,0.0,73.26,73.26,1,1,20279.75,20220.0,59.75
p0_st5_20_bearish_sr350_lr750_buf0_tg1030,"P0 st5_20_bearish, short $350, switch long $750, buffer 0, guard 10:30",NASDAQ_ORB_15m_p0_short_switch_tp2r_p0_st5_20_bearish_sr350_lr750_buf0_tg1030_2025-05-13,2025-05-13,15,2.0,2.0,st5_20_bearish,350.0,750.0,0,10:30,LONG,False,1,2025-05-13 13:51:00+00:00,2025-05-13 13:52:00+00:00,2025-05-13 16:36:00+00:00,TP_2R,LONG,906.52,0.0,0.0,906.52,906.52,1,2,21080.5,20973.25,107.25
p0_st5_20_bearish_sr350_lr750_buf0_tg1030,"P0 st5_20_bearish, short $350, switch long $750, buffer 0, guard 10:30",NASDAQ_ORB_15m_p0_short_switch_tp2r_p0_st5_20_bearish_sr350_lr750_buf0_tg1030_2025-05-14,2025-05-14,15,2.0,2.0,st5_20_bearish,350.0,750.0,0,10:30,SHORT,True,2,2025-05-14 13:55:00+00:00,2025-05-14 13:56:00+00:00,2025-05-14 19:00:00+00:00,SWITCH_TO_LONG+TIME_EXIT,SHORT,-246.71999999999997,-217.74,-246.71999999999997,-464.46,-464.46,0,4,21404.75,21314.0,90.75
p0_st5_20_bearish_sr350_lr750_buf0_tg1030,"P0 st5_20_bearish, short $350, switch long $750, buffer 0, guard 10:30",NASDAQ_ORB_15m_p0_short_switch_tp2r_p0_st5_20_bearish_sr350_lr750_buf0_tg1030_2025-05-15,2025-05-15,15,2.0,2.0,st5_20_bearish,350.0,750.0,0,10:30,LONG,False,1,2025-05-15 15:04:00+00:00,2025-05-15 15:05:00+00:00,2025-05-15 17:19:00+00:00,TP_2R,LONG,930.78,0.0,0.0,930.78,930.78,1,3,21339.5,21276.75,62.75
p0_st5_20_bearish_sr350_lr750_buf0_tg1030,"P0 st5_20_bearish, short $350, switch long $750, buffer 0, guard 10:30",NASDAQ_ORB_15m_p0_short_switch_tp2r_p0_st5_20_bearish_sr350_lr750_buf0_tg1030_2025-05-16,2025-05-16,15,2.0,2.0,st5_20_bearish,350.0,750.0,0,10:30,LONG,False,1,2025-05-16 17:34:00+00:00,2025-05-16 17:35:00+00:00,2025-05-16 19:00:00+00:00,TIME_EXIT,LONG,29.28,0.0,0.0,29.28,29.28,1,3,21470.25,21388.75,81.5
p0_st5_20_bearish_sr350_lr750_buf0_tg1030,"P0 st5_20_bearish, short $350, switch long $750, buffer 0, guard 10:30",NASDAQ_ORB_15m_p0_short_switch_tp2r_p0_st5_20_bearish_sr350_lr750_buf0_tg1030_2025-05-19,2025-05-19,15,2.0,2.0,st5_20_bearish,350.0,750.0,0,10:30,LONG,False,1,2025-05-19 13:46:00+00:00,2025-05-19 13:47:00+00:00,2025-05-19 19:00:00+00:00,TIME_EXIT,LONG,315.26,0.0,0.0,315.26,315.26,1,1,21335.0,21201.5,133.5
p0_st5_20_bearish_sr350_lr750_buf0_tg1030,"P0 st5_20_bearish, short $350, switch long $750, buffer 0, guard 10:30",NASDAQ_ORB_15m_p0_short_switch_tp2r_p0_st5_20_bearish_sr350_lr750_buf0_tg1030_2025-05-20,2025-05-20,15,2.0,2.0,st5_20_bearish,350.0,750.0,0,10:30,SHORT,True,2,2025-05-20 13:48:00+00:00,2025-05-20 13:49:00+00:00,2025-05-20 19:00:00+00:00,SWITCH_TO_LONG+TIME_EXIT,SHORT,-1314.18,-309.48,-1314.18,-1623.66,-1623.66,0,9,21439.75,21390.5,49.25
p0_st5_20_bearish_sr350_lr750_buf0_tg1030,"P0 st5_20_bearish, short $350, switch long $750, buffer 0, guard 10:30",NASDAQ_ORB_15m_p0_short_switch_tp2r_p0_st5_20_bearish_sr350_lr750_buf0_tg1030_2025-05-21,2025-05-21,15,2.0,2.0,st5_20_bearish,350.0,750.0,0,10:30,LONG,False,1,2025-05-21 13:49:00+00:00,2025-05-21 13:50:00+00:00,2025-05-21 19:00:00+00:00,TIME_EXIT,LONG,-789.48,0.0,0.0,-789.48,-789.48,0,2,21372.25,21277.0,95.25
p0_st5_20_bearish_sr350_lr750_buf0_tg1030,"P0 st5_20_bearish, short $350, switch long $750, buffer 0, guard 10:30",NASDAQ_ORB_15m_p0_short_switch_tp2r_p0_st5_20_bearish_sr350_lr750_buf0_tg1030_2025-05-22,2025-05-22,15,2.0,2.0,st5_20_bearish,350.0,750.0,0,10:30,LONG,False,1,2025-05-22 13:53:00+00:00,2025-05-22 13:54:00+00:00,2025-05-22 19:00:00+00:00,TIME_EXIT,LONG,262.52,0.0,0.0,262.52,262.52,1,2,21219.5,21113.75,105.75
p0_st5_20_bearish_sr350_lr750_buf0_tg1030,"P0 st5_20_bearish, short $350, switch long $750, buffer 0, guard 10:30",NASDAQ_ORB_15m_p0_short_switch_tp2r_p0_st5_20_bearish_sr350_lr750_buf0_tg1030_2025-05-23,2025-05-23,15,2.0,2.0,st5_20_bearish,350.0,750.0,0,10:30,LONG,False,1,2025-05-23 14:13:00+00:00,2025-05-23 14:14:00+00:00,2025-05-23 19:00:00+00:00,TIME_EXIT,LONG,120.26,0.0,0.0,120.26,120.26,1,1,20953.5,20821.5,132.0
p0_st5_20_bearish_sr350_lr750_buf0_tg1030,"P0 st5_20_bearish, short $350, switch long $750, buffer 0, guard 10:30",NASDAQ_ORB_15m_p0_short_switch_tp2r_p0_st5_20_bearish_sr350_lr750_buf0_tg1030_2025-05-27,2025-05-27,15,2.0,2.0,st5_20_bearish,350.0,750.0,0,10:30,LONG,False,1,2025-05-27 13:56:00+00:00,2025-05-27 13:57:00+00:00,2025-05-27 17:49:00+00:00,TP_2R,LONG,732.52,0.0,0.0,732.52,732.52,1,2,21284.5,21193.25,91.25
p0_st5_20_bearish_sr350_lr750_buf0_tg1030,"P0 st5_20_bearish, short $350, switch long $750, buffer 0, guard 10:30",NASDAQ_ORB_15m_p0_short_switch_tp2r_p0_st5_20_bearish_sr350_lr750_buf0_tg1030_2025-05-28,2025-05-28,15,2.0,2.0,st5_20_bearish,350.0,750.0,0,10:30,SHORT,False,1,2025-05-28 14:00:00+00:00,2025-05-28 14:01:00+00:00,2025-05-28 19:00:00+00:00,TIME_EXIT,SHORT,0.0,-6.24,0.0,-6.24,-6.24,0,1,21564.75,21490.25,74.5
p0_st5_20_bearish_sr350_lr750_buf0_tg1030,"P0 st5_20_bearish, short $350, switch long $750, buffer 0, guard 10:30",NASDAQ_ORB_15m_p0_short_switch_tp2r_p0_st5_20_bearish_sr350_lr750_buf0_tg1030_2025-05-29,2025-05-29,15,2.0,2.0,st5_20_bearish,350.0,750.0,0,10:30,SHORT,False,1,2025-05-29 13:47:00+00:00,2025-05-29 13:48:00+00:00,2025-05-29 19:00:00+00:00,TIME_EXIT,SHORT,0.0,307.76,0.0,307.76,307.76,1,1,21679.25,21522.5,156.75
p0_st5_20_bearish_sr350_lr750_buf0_tg1030,"P0 st5_20_bearish, short $350, switch long $750, buffer 0, guard 10:30",NASDAQ_ORB_15m_p0_short_switch_tp2r_p0_st5_20_bearish_sr350_lr750_buf0_tg1030_2025-05-30,2025-05-30,15,2.0,2.0,st5_20_bearish,350.0,750.0,0,10:30,SHORT,True,2,2025-05-30 13:50:00+00:00,2025-05-30 13:51:00+00:00,2025-05-30 19:00:00+00:00,SWITCH_TO_LONG+TIME_EXIT,SHORT,-575.22,-214.24,-575.22,-789.46,-789.46,0,4,21390.75,21295.25,95.5
p0_st5_20_bearish_sr350_lr750_buf0_tg1030,"P0 st5_20_bearish, short $350, switch long $750, buffer 0, guard 10:30",NASDAQ_ORB_15m_p0_short_switch_tp2r_p0_st5_20_bearish_sr350_lr750_buf0_tg1030_2025-06-03,2025-06-03,15,2.0,2.0,st5_20_bearish,350.0,750.0,0,10:30,LONG,False,1,2025-06-03 13:58:00+00:00,2025-06-03 13:59:00+00:00,2025-06-03 19:00:00+00:00,TIME_EXIT,LONG,427.52,0.0,0.0,427.52,427.52,1,2,21595.75,21510.0,85.75
p0_st5_20_bearish_sr350_lr750_buf0_tg1030,"P0 st5_20_bearish, short $350, switch long $750, buffer 0, guard 10:30",NASDAQ_ORB_15m_p0_short_switch_tp2r_p0_st5_20_bearish_sr350_lr750_buf0_tg1030_2025-06-04,2025-06-04,15,2.0,2.0,st5_20_bearish,350.0,750.0,0,10:30,SHORT,True,2,2025-06-04 14:10:00+00:00,2025-06-04 14:11:00+00:00,2025-06-04 19:00:00+00:00,SWITCH_TO_LONG+TIME_EXIT,SHORT,-130.96,-226.74,-130.96,-357.70000000000005,-357.70000000000005,0,5,21793.5,21716.75,76.75
p0_st5_20_bearish_sr350_lr750_buf0_tg1030,"P0 st5_20_bearish, short $350, switch long $750, buffer 0, guard 10:30",NASDAQ_ORB_15m_p0_short_switch_tp2r_p0_st5_20_bearish_sr350_lr750_buf0_tg1030_2025-06-05,2025-06-05,15,2.0,2.0,st5_20_bearish,350.0,750.0,0,10:30,SHORT,True,2,2025-06-05 13:52:00+00:00,2025-06-05 13:53:00+00:00,2025-06-05 19:00:00+00:00,SWITCH_TO_LONG+TIME_EXIT,SHORT,-1020.72,-261.74,-1020.72,-1282.46,-1282.46,0,4,21840.0,21735.0,105.0
p0_st5_20_bearish_sr350_lr750_buf0_tg1030,"P0 st5_20_bearish, short $350, switch long $750, buffer 0, guard 10:30",NASDAQ_ORB_15m_p0_short_switch_tp2r_p0_st5_20_bearish_sr350_lr750_buf0_tg1030_2025-06-06,2025-06-06,15,2.0,2.0,st5_20_bearish,350.0,750.0,0,10:30,LONG,False,1,2025-06-06 13:47:00+00:00,2025-06-06 13:48:00+00:00,2025-06-06 19:00:00+00:00,TIME_EXIT,LONG,-96.48,0.0,0.0,-96.48,-96.48,0,2,21852.25,21768.0,84.25
p0_st5_20_bearish_sr350_lr750_buf0_tg1030,"P0 st5_20_bearish, short $350, switch long $750, buffer 0, guard 10:30",NASDAQ_ORB_15m_p0_short_switch_tp2r_p0_st5_20_bearish_sr350_lr750_buf0_tg1030_2025-06-09,2025-06-09,15,2.0,2.0,st5_20_bearish,350.0,750.0,0,10:30,LONG,False,1,2025-06-09 13:55:00+00:00,2025-06-09 13:56:00+00:00,2025-06-09 19:00:00+00:00,TIME_EXIT,LONG,312.78000000000003,0.0,0.0,312.78000000000003,312.78000000000003,1,3,21815.0,21750.25,64.75
p0_st5_20_bearish_sr350_lr750_buf0_tg1030,"P0 st5_20_bearish, short $350, switch long $750, buffer 0, guard 10:30",NASDAQ_ORB_15m_p0_short_switch_tp2r_p0_st5_20_bearish_sr350_lr750_buf0_tg1030_2025-06-10,2025-06-10,15,2.0,2.0,st5_20_bearish,350.0,750.0,0,10:30,LONG,False,1,2025-06-10 13:53:00+00:00,2025-06-10 13:54:00+00:00,2025-06-10 19:00:00+00:00,TIME_EXIT,LONG,354.78000000000003,0.0,0.0,354.78000000000003,354.78000000000003,1,3,21886.5,21818.0,68.5
p0_st5_20_bearish_sr350_lr750_buf0_tg1030,"P0 st5_20_bearish, short $350, switch long $750, buffer 0, guard 10:30",NASDAQ_ORB_15m_p0_short_switch_tp2r_p0_st5_20_bearish_sr350_lr750_buf0_tg1030_2025-06-11,2025-06-11,15,2.0,2.0,st5_20_bearish,350.0,750.0,0,10:30,SHORT,True,2,2025-06-11 13:50:00+00:00,2025-06-11 13:51:00+00:00,2025-06-11 19:00:00+00:00,SWITCH_TO_LONG+TIME_EXIT,SHORT,-1658.7,-292.48,-1658.7,-1951.18,-1951.18,0,7,22024.75,21960.0,64.75
p0_st5_20_bearish_sr350_lr750_buf0_tg1030,"P0 st5_20_bearish, short $350, switch long $750, buffer 0, guard 10:30",NASDAQ_ORB_15m_p0_short_switch_tp2r_p0_st5_20_bearish_sr350_lr750_buf0_tg1030_2025-06-12,2025-06-12,15,2.0,2.0,st5_20_bearish,350.0,750.0,0,10:30,LONG,False,1,2025-06-12 13:50:00+00:00,2025-06-12 13:51:00+00:00,2025-06-12 19:00:00+00:00,TIME_EXIT,LONG,299.28000000000003,0.0,0.0,299.28000000000003,299.28000000000003,1,3,21884.75,21816.0,68.75
p0_st5_20_bearish_sr350_lr750_buf0_tg1030,"P0 st5_20_bearish, short $350, switch long $750, buffer 0, guard 10:30",NASDAQ_ORB_15m_p0_short_switch_tp2r_p0_st5_20_bearish_sr350_lr750_buf0_tg1030_2025-06-13,2025-06-13,15,2.0,2.0,st5_20_bearish,350.0,750.0,0,10:30,SHORT,True,2,2025-06-13 14:30:00+00:00,2025-06-13 14:31:00+00:00,2025-06-13 19:00:00+00:00,SWITCH_TO_LONG+TIME_EXIT,SHORT,-543.48,-354.24,-543.48,-897.72,-897.72,0,3,21788.25,21663.5,124.75
p0_st5_20_bearish_sr350_lr750_buf0_tg1030,"P0 st5_20_bearish, short $350, switch long $750, buffer 0, guard 10:30",NASDAQ_ORB_15m_p0_short_switch_tp2r_p0_st5_20_bearish_sr350_lr750_buf0_tg1030_2025-06-16,2025-06-16,15,2.0,2.0,st5_20_bearish,350.0,750.0,0,10:30,LONG,False,1,2025-06-16 13:46:00+00:00,2025-06-16 13:47:00+00:00,2025-06-16 19:00:00+00:00,TIME_EXIT,LONG,258.52,0.0,0.0,258.52,258.52,1,2,22098.75,22013.5,85.25
p0_st5_20_bearish_sr350_lr750_buf0_tg1030,"P0 st5_20_bearish, short $350, switch long $750, buffer 0, guard 10:30",NASDAQ_ORB_15m_p0_short_switch_tp2r_p0_st5_20_bearish_sr350_lr750_buf0_tg1030_2025-06-17,2025-06-17,15,2.0,2.0,st5_20_bearish,350.0,750.0,0,10:30,LONG,False,1,2025-06-17 14:12:00+00:00,2025-06-17 14:13:00+00:00,2025-06-17 19:00:00+00:00,TIME_EXIT,LONG,-555.48,0.0,0.0,-555.48,-555.48,0,2,22110.0,22029.0,81.0
p0_st5_20_bearish_sr350_lr750_buf0_tg1030,"P0 st5_20_bearish, short $350, switch long $750, buffer 0, guard 10:30",NASDAQ_ORB_15m_p0_short_switch_tp2r_p0_st5_20_bearish_sr350_lr750_buf0_tg1030_2025-06-18,2025-06-18,15,2.0,2.0,st5_20_bearish,350.0,750.0,0,10:30,LONG,False,1,2025-06-18 13:50:00+00:00,2025-06-18 13:51:00+00:00,2025-06-18 19:00:00+00:00,TIME_EXIT,LONG,-516.72,0.0,0.0,-516.72,-516.72,0,3,21995.75,21926.5,69.25
p0_st5_20_bearish_sr350_lr750_buf0_tg1030,"P0 st5_20_bearish, short $350, switch long $750, buffer 0, guard 10:30",NASDAQ_ORB_15m_p0_short_switch_tp2r_p0_st5_20_bearish_sr350_lr750_buf0_tg1030_2025-06-19,2025-06-19,15,2.0,2.0,st5_20_bearish,350.0,750.0,0,10:30,SHORT,False,1,2025-06-19 13:47:00+00:00,2025-06-19 13:48:00+00:00,2025-06-19 22:02:00+00:00,TIME_EXIT,SHORT,0.0,-458.48,0.0,-458.48,-458.48,0,2,21786.75,21716.0,70.75
p0_st5_20_bearish_sr350_lr750_buf0_tg1030,"P0 st5_20_bearish, short $350, switch long $750, buffer 0, guard 10:30",NASDAQ_ORB_15m_p0_short_switch_tp2r_p0_st5_20_bearish_sr350_lr750_buf0_tg1030_2025-06-20,2025-06-20,15,2.0,2.0,st5_20_bearish,350.0,750.0,0,10:30,SHORT,False,1,2025-06-20 14:00:00+00:00,2025-06-20 14:01:00+00:00,2025-06-20 15:01:00+00:00,TP_2R,SHORT,0.0,449.26,0.0,449.26,449.26,1,1,22130.75,22040.0,90.75
p0_st5_20_bearish_sr350_lr750_buf0_tg1030,"P0 st5_20_bearish, short $350, switch long $750, buffer 0, guard 10:30",NASDAQ_ORB_15m_p0_short_switch_tp2r_p0_st5_20_bearish_sr350_lr750_buf0_tg1030_2025-06-23,2025-06-23,15,2.0,2.0,st5_20_bearish,350.0,750.0,0,10:30,LONG,False,1,2025-06-23 13:48:00+00:00,2025-06-23 13:49:00+00:00,2025-06-23 19:00:00+00:00,TIME_EXIT,LONG,276.76,0.0,0.0,276.76,276.76,1,1,21885.5,21758.5,127.0
p0_st5_20_bearish_sr350_lr750_buf0_tg1030,"P0 st5_20_bearish, short $350, switch long $750, buffer 0, guard 10:30",NASDAQ_ORB_15m_p0_short_switch_tp2r_p0_st5_20_bearish_sr350_lr750_buf0_tg1030_2025-06-24,2025-06-24,15,2.0,2.0,st5_20_bearish,350.0,750.0,0,10:30,LONG,False,1,2025-06-24 13:48:00+00:00,2025-06-24 13:49:00+00:00,2025-06-24 19:00:00+00:00,TIME_EXIT,LONG,569.28,0.0,0.0,569.28,569.28,1,3,22327.75,22260.0,67.75
p0_st5_20_bearish_sr350_lr750_buf0_tg1030,"P0 st5_20_bearish, short $350, switch long $750, buffer 0, guard 10:30",NASDAQ_ORB_15m_p0_short_switch_tp2r_p0_st5_20_bearish_sr350_lr750_buf0_tg1030_2025-06-25,2025-06-25,15,2.0,2.0,st5_20_bearish,350.0,750.0,0,10:30,SHORT,False,1,2025-06-25 14:15:00+00:00,2025-06-25 14:16:00+00:00,2025-06-25 19:00:00+00:00,TIME_EXIT,SHORT,0.0,212.52,0.0,212.52,212.52,1,2,22548.25,22490.25,58.0
p0_st5_20_bearish_sr350_lr750_buf0_tg1030,"P0 st5_20_bearish, short $350, switch long $750, buffer 0, guard 10:30",NASDAQ_ORB_15m_p0_short_switch_tp2r_p0_st5_20_bearish_sr350_lr750_buf0_tg1030_2025-06-26,2025-06-26,15,2.0,2.0,st5_20_bearish,350.0,750.0,0,10:30,SHORT,True,2,2025-06-26 13:51:00+00:00,2025-06-26 13:52:00+00:00,2025-06-26 19:00:00+00:00,SWITCH_TO_LONG+TIME_EXIT,SHORT,761.04,-336.48,761.04,424.55999999999995,424.55999999999995,1,6,22566.5,22495.0,71.5
p0_st5_20_bearish_sr350_lr750_buf0_tg1030,"P0 st5_20_bearish, short $350, switch long $750, buffer 0, guard 10:30",NASDAQ_ORB_15m_p0_short_switch_tp2r_p0_st5_20_bearish_sr350_lr750_buf0_tg1030_2025-06-27,2025-06-27,15,2.0,2.0,st5_20_bearish,350.0,750.0,0,10:30,LONG,False,1,2025-06-27 13:55:00+00:00,2025-06-27 13:56:00+00:00,2025-06-27 19:00:00+00:00,TIME_EXIT,LONG,-1074.96,0.0,0.0,-1074.96,-1074.96,0,4,22743.0,22682.0,61.0
p0_st5_20_bearish_sr350_lr750_buf0_tg1030,"P0 st5_20_bearish, short $350, switch long $750, buffer 0, guard 10:30",NASDAQ_ORB_15m_p0_short_switch_tp2r_p0_st5_20_bearish_sr350_lr750_buf0_tg1030_2025-06-30,2025-06-30,15,2.0,2.0,st5_20_bearish,350.0,750.0,0,10:30,SHORT,False,1,2025-06-30 13:50:00+00:00,2025-06-30 13:51:00+00:00,2025-06-30 19:00:00+00:00,TIME_EXIT,SHORT,0.0,-200.48,0.0,-200.48,-200.48,0,2,22875.5,22801.25,74.25
p0_st5_20_bearish_sr350_lr750_buf0_tg1030,"P0 st5_20_bearish, short $350, switch long $750, buffer 0, guard 10:30",NASDAQ_ORB_15m_p0_short_switch_tp2r_p0_st5_20_bearish_sr350_lr750_buf0_tg1030_2025-07-01,2025-07-01,15,2.0,2.0,st5_20_bearish,350.0,750.0,0,10:30,LONG,False,1,2025-07-01 13:51:00+00:00,2025-07-01 13:52:00+00:00,2025-07-01 19:00:00+00:00,TIME_EXIT,LONG,-1278.7,0.0,0.0,-1278.7,-1278.7,0,5,22821.25,22779.75,41.5
p0_st5_20_bearish_sr350_lr750_buf0_tg1030,"P0 st5_20_bearish, short $350, switch long $750, buffer 0, guard 10:30",NASDAQ_ORB_15m_p0_short_switch_tp2r_p0_st5_20_bearish_sr350_lr750_buf0_tg1030_2025-07-02,2025-07-02,15,2.0,2.0,st5_20_bearish,350.0,750.0,0,10:30,LONG,False,1,2025-07-02 13:46:00+00:00,2025-07-02 13:47:00+00:00,2025-07-02 19:00:00+00:00,TIME_EXIT,LONG,636.78,0.0,0.0,636.78,636.78,1,3,22707.25,22650.75,56.5
p0_st5_20_bearish_sr350_lr750_buf0_tg1030,"P0 st5_20_bearish, short $350, switch long $750, buffer 0, guard 10:30",NASDAQ_ORB_15m_p0_short_switch_tp2r_p0_st5_20_bearish_sr350_lr750_buf0_tg1030_2025-07-03,2025-07-03,15,2.0,2.0,st5_20_bearish,350.0,750.0,0,10:30,LONG,False,1,2025-07-03 13:52:00+00:00,2025-07-03 13:53:00+00:00,2025-07-03 22:02:00+00:00,TIME_EXIT,LONG,242.28000000000003,0.0,0.0,242.28000000000003,242.28000000000003,1,3,22986.0,22929.75,56.25
p0_st5_20_bearish_sr350_lr750_buf0_tg1030,"P0 st5_20_bearish, short $350, switch long $750, buffer 0, guard 10:30",NASDAQ_ORB_15m_p0_short_switch_tp2r_p0_st5_20_bearish_sr350_lr750_buf0_tg1030_2025-07-08,2025-07-08,15,2.0,2.0,st5_20_bearish,350.0,750.0,0,10:30,SHORT,True,2,2025-07-08 14:00:00+00:00,2025-07-08 14:01:00+00:00,2025-07-08 19:00:00+00:00,SWITCH_TO_LONG+TIME_EXIT,SHORT,-586.4399999999999,-264.48,-586.4399999999999,-850.92,-850.92,0,8,22944.0,22889.0,55.0
p0_st5_20_bearish_sr350_lr750_buf0_tg1030,"P0 st5_20_bearish, short $350, switch long $750, buffer 0, guard 10:30",NASDAQ_ORB_15m_p0_short_switch_tp2r_p0_st5_20_bearish_sr350_lr750_buf0_tg1030_2025-07-09,2025-07-09,15,2.0,2.0,st5_20_bearish,350.0,750.0,0,10:30,LONG,False,1,2025-07-09 13:46:00+00:00,2025-07-09 13:47:00+00:00,2025-07-09 19:00:00+00:00,TIME_EXIT,LONG,-173.48,0.0,0.0,-173.48,-173.48,0,2,23064.75,22977.75,87.0
p0_st5_20_bearish_sr350_lr750_buf0_tg1030,"P0 st5_20_bearish, short $350, switch long $750, buffer 0, guard 10:30",NASDAQ_ORB_15m_p0_short_switch_tp2r_p0_st5_20_bearish_sr350_lr750_buf0_tg1030_2025-07-10,2025-07-10,15,2.0,2.0,st5_20_bearish,350.0,750.0,0,10:30,SHORT,False,1,2025-07-10 13:46:00+00:00,2025-07-10 13:47:00+00:00,2025-07-10 19:00:00+00:00,TIME_EXIT,SHORT,0.0,-68.48,0.0,-68.48,-68.48,0,2,23089.75,23022.0,67.75
p0_st5_20_bearish_sr350_lr750_buf0_tg1030,"P0 st5_20_bearish, short $350, switch long $750, buffer 0, guard 10:30",NASDAQ_ORB_15m_p0_short_switch_tp2r_p0_st5_20_bearish_sr350_lr750_buf0_tg1030_2025-07-11,2025-07-11,15,2.0,2.0,st5_20_bearish,350.0,750.0,0,10:30,LONG,False,1,2025-07-11 13:59:00+00:00,2025-07-11 14:00:00+00:00,2025-07-11 19:00:00+00:00,TIME_EXIT,LONG,59.52,0.0,0.0,59.52,59.52,1,2,22958.25,22870.0,88.25
p0_st5_20_bearish_sr350_lr750_buf0_tg1030,"P0 st5_20_bearish, short $350, switch long $750, buffer 0, guard 10:30",NASDAQ_ORB_15m_p0_short_switch_tp2r_p0_st5_20_bearish_sr350_lr750_buf0_tg1030_2025-07-14,2025-07-14,15,2.0,2.0,st5_20_bearish,350.0,750.0,0,10:30,LONG,False,1,2025-07-14 14:22:00+00:00,2025-07-14 14:23:00+00:00,2025-07-14 19:00:00+00:00,TIME_EXIT,LONG,140.76,0.0,0.0,140.76,140.76,1,1,22979.0,22852.0,127.0
p0_st5_20_bearish_sr350_lr750_buf0_tg1030,"P0 st5_20_bearish, short $350, switch long $750, buffer 0, guard 10:30",NASDAQ_ORB_15m_p0_short_switch_tp2r_p0_st5_20_bearish_sr350_lr750_buf0_tg1030_2025-07-16,2025-07-16,15,2.0,2.0,st5_20_bearish,350.0,750.0,0,10:30,SHORT,False,1,2025-07-16 13:50:00+00:00,2025-07-16 13:51:00+00:00,2025-07-16 19:00:00+00:00,TIME_EXIT,SHORT,0.0,-153.24,0.0,-153.24,-153.24,0,1,23090.0,23004.25,85.75
p0_st5_20_bearish_sr350_lr750_buf0_tg1030,"P0 st5_20_bearish, short $350, switch long $750, buffer 0, guard 10:30",NASDAQ_ORB_15m_p0_short_switch_tp2r_p0_st5_20_bearish_sr350_lr750_buf0_tg1030_2025-07-17,2025-07-17,15,2.0,2.0,st5_20_bearish,350.0,750.0,0,10:30,LONG,False,1,2025-07-17 13:49:00+00:00,2025-07-17 13:50:00+00:00,2025-07-17 15:59:00+00:00,TP_2R,LONG,753.78,0.0,0.0,753.78,753.78,1,3,23128.25,23065.75,62.5
p0_st5_20_bearish_sr350_lr750_buf0_tg1030,"P0 st5_20_bearish, short $350, switch long $750, buffer 0, guard 10:30",NASDAQ_ORB_15m_p0_short_switch_tp2r_p0_st5_20_bearish_sr350_lr750_buf0_tg1030_2025-07-18,2025-07-18,15,2.0,2.0,st5_20_bearish,350.0,750.0,0,10:30,SHORT,False,1,2025-07-18 14:05:00+00:00,2025-07-18 14:06:00+00:00,2025-07-18 19:00:00+00:00,TIME_EXIT,SHORT,0.0,170.52,0.0,170.52,170.52,1,2,23310.0,23257.25,52.75
p0_st5_20_bearish_sr350_lr750_buf0_tg1030,"P0 st5_20_bearish, short $350, switch long $750, buffer 0, guard 10:30",NASDAQ_ORB_15m_p0_short_switch_tp2r_p0_st5_20_bearish_sr350_lr750_buf0_tg1030_2025-07-21,2025-07-21,15,2.0,2.0,st5_20_bearish,350.0,750.0,0,10:30,LONG,False,1,2025-07-21 13:46:00+00:00,2025-07-21 13:47:00+00:00,2025-07-21 19:00:00+00:00,TIME_EXIT,LONG,83.52,0.0,0.0,83.52,83.52,1,2,23348.75,23255.0,93.75
p0_st5_20_bearish_sr350_lr750_buf0_tg1030,"P0 st5_20_bearish, short $350, switch long $750, buffer 0, guard 10:30",NASDAQ_ORB_15m_p0_short_switch_tp2r_p0_st5_20_bearish_sr350_lr750_buf0_tg1030_2025-07-22,2025-07-22,15,2.0,2.0,st5_20_bearish,350.0,750.0,0,10:30,SHORT,False,1,2025-07-22 13:46:00+00:00,2025-07-22 13:47:00+00:00,2025-07-22 19:00:00+00:00,TIME_EXIT,SHORT,0.0,2.26,0.0,2.26,2.26,1,1,23349.75,23258.75,91.0
p0_st5_20_bearish_sr350_lr750_buf0_tg1030,"P0 st5_20_bearish, short $350, switch long $750, buffer 0, guard 10:30",NASDAQ_ORB_15m_p0_short_switch_tp2r_p0_st5_20_bearish_sr350_lr750_buf0_tg1030_2025-07-23,2025-07-23,15,2.0,2.0,st5_20_bearish,350.0,750.0,0,10:30,SHORT,True,2,2025-07-23 13:46:00+00:00,2025-07-23 13:47:00+00:00,2025-07-23 19:00:00+00:00,SWITCH_TO_LONG+TIME_EXIT,SHORT,273.04,-201.24,273.04,71.80000000000001,71.80000000000001,1,5,23264.25,23183.0,81.25
p0_st5_20_bearish_sr350_lr750_buf0_tg1030,"P0 st5_20_bearish, short $350, switch long $750, buffer 0, guard 10:30",NASDAQ_ORB_15m_p0_short_switch_tp2r_p0_st5_20_bearish_sr350_lr750_buf0_tg1030_2025-07-24,2025-07-24,15,2.0,2.0,st5_20_bearish,350.0,750.0,0,10:30,SHORT,True,2,2025-07-24 14:10:00+00:00,2025-07-24 14:11:00+00:00,2025-07-24 19:00:00+00:00,SWITCH_TO_LONG+TIME_EXIT,SHORT,-23.700000000000003,-294.48,-23.700000000000003,-318.18,-318.18,0,7,23399.5,23333.5,66.0
p0_st5_20_bearish_sr350_lr750_buf0_tg1030,"P0 st5_20_bearish, short $350, switch long $750, buffer 0, guard 10:30",NASDAQ_ORB_15m_p0_short_switch_tp2r_p0_st5_20_bearish_sr350_lr750_buf0_tg1030_2025-07-25,2025-07-25,15,2.0,2.0,st5_20_bearish,350.0,750.0,0,10:30,LONG,False,1,2025-07-25 13:50:00+00:00,2025-07-25 13:51:00+00:00,2025-07-25 19:00:00+00:00,TIME_EXIT,LONG,461.04,0.0,0.0,461.04,461.04,1,4,23378.5,23330.25,48.25
p0_st5_20_bearish_sr350_lr750_buf0_tg1030,"P0 st5_20_bearish, short $350, switch long $750, buffer 0, guard 10:30",NASDAQ_ORB_15m_p0_short_switch_tp2r_p0_st5_20_bearish_sr350_lr750_buf0_tg1030_2025-07-28,2025-07-28,15,2.0,2.0,st5_20_bearish,350.0,750.0,0,10:30,LONG,False,1,2025-07-28 13:46:00+00:00,2025-07-28 13:47:00+00:00,2025-07-28 19:00:00+00:00,TIME_EXIT,LONG,-406.96,0.0,0.0,-406.96,-406.96,0,4,23505.0,23462.5,42.5
p0_st5_20_bearish_sr350_lr750_buf0_tg1030,"P0 st5_20_bearish, short $350, switch long $750, buffer 0, guard 10:30",NASDAQ_ORB_15m_p0_short_switch_tp2r_p0_st5_20_bearish_sr350_lr750_buf0_tg1030_2025-07-29,2025-07-29,15,2.0,2.0,st5_20_bearish,350.0,750.0,0,10:30,SHORT,False,1,2025-07-29 13:50:00+00:00,2025-07-29 13:51:00+00:00,2025-07-29 15:29:00+00:00,TP_2R,SHORT,0.0,494.52,0.0,494.52,494.52,1,2,23652.25,23592.75,59.5
p0_st5_20_bearish_sr350_lr750_buf0_tg1030,"P0 st5_20_bearish, short $350, switch long $750, buffer 0, guard 10:30",NASDAQ_ORB_15m_p0_short_switch_tp2r_p0_st5_20_bearish_sr350_lr750_buf0_tg1030_2025-07-30,2025-07-30,15,2.0,2.0,st5_20_bearish,350.0,750.0,0,10:30,LONG,False,1,2025-07-30 13:46:00+00:00,2025-07-30 13:47:00+00:00,2025-07-30 19:00:00+00:00,TIME_EXIT,LONG,-653.22,0.0,0.0,-653.22,-653.22,0,3,23509.75,23450.25,59.5
p0_st5_20_bearish_sr350_lr750_buf0_tg1030,"P0 st5_20_bearish, short $350, switch long $750, buffer 0, guard 10:30",NASDAQ_ORB_15m_p0_short_switch_tp2r_p0_st5_20_bearish_sr350_lr750_buf0_tg1030_2025-07-31,2025-07-31,15,2.0,2.0,st5_20_bearish,350.0,750.0,0,10:30,SHORT,False,1,2025-07-31 13:46:00+00:00,2025-07-31 13:47:00+00:00,2025-07-31 18:16:00+00:00,TP_2R,SHORT,0.0,534.26,0.0,534.26,534.26,1,1,23752.25,23620.5,131.75
p0_st5_20_bearish_sr350_lr750_buf0_tg1030,"P0 st5_20_bearish, short $350, switch long $750, buffer 0, guard 10:30",NASDAQ_ORB_15m_p0_short_switch_tp2r_p0_st5_20_bearish_sr350_lr750_buf0_tg1030_2025-08-04,2025-08-04,15,2.0,2.0,st5_20_bearish,350.0,750.0,0,10:30,LONG,False,1,2025-08-04 13:46:00+00:00,2025-08-04 13:47:00+00:00,2025-08-04 19:00:00+00:00,TIME_EXIT,LONG,186.52,0.0,0.0,186.52,186.52,1,2,23197.0,23088.75,108.25
p0_st5_20_bearish_sr350_lr750_buf0_tg1030,"P0 st5_20_bearish, short $350, switch long $750, buffer 0, guard 10:30",NASDAQ_ORB_15m_p0_short_switch_tp2r_p0_st5_20_bearish_sr350_lr750_buf0_tg1030_2025-08-05,2025-08-05,15,2.0,2.0,st5_20_bearish,350.0,750.0,0,10:30,LONG,False,1,2025-08-05 13:46:00+00:00,2025-08-05 13:47:00+00:00,2025-08-05 19:00:00+00:00,TIME_EXIT,LONG,-1398.72,0.0,0.0,-1398.72,-1398.72,0,3,23366.75,23303.5,63.25
p0_st5_20_bearish_sr350_lr750_buf0_tg1030,"P0 st5_20_bearish, short $350, switch long $750, buffer 0, guard 10:30",NASDAQ_ORB_15m_p0_short_switch_tp2r_p0_st5_20_bearish_sr350_lr750_buf0_tg1030_2025-08-06,2025-08-06,15,2.0,2.0,st5_20_bearish,350.0,750.0,0,10:30,LONG,False,1,2025-08-06 13:49:00+00:00,2025-08-06 13:50:00+00:00,2025-08-06 18:09:00+00:00,TP_2R,LONG,692.52,0.0,0.0,692.52,692.52,1,2,23228.0,23148.75,79.25
p0_st5_20_bearish_sr350_lr750_buf0_tg1030,"P0 st5_20_bearish, short $350, switch long $750, buffer 0, guard 10:30",NASDAQ_ORB_15m_p0_short_switch_tp2r_p0_st5_20_bearish_sr350_lr750_buf0_tg1030_2025-08-07,2025-08-07,15,2.0,2.0,st5_20_bearish,350.0,750.0,0,10:30,LONG,False,1,2025-08-07 13:57:00+00:00,2025-08-07 13:58:00+00:00,2025-08-07 19:00:00+00:00,TIME_EXIT,LONG,-1467.72,0.0,0.0,-1467.72,-1467.72,0,3,23648.0,23582.75,65.25
p0_st5_20_bearish_sr350_lr750_buf0_tg1030,"P0 st5_20_bearish, short $350, switch long $750, buffer 0, guard 10:30",NASDAQ_ORB_15m_p0_short_switch_tp2r_p0_st5_20_bearish_sr350_lr750_buf0_tg1030_2025-08-08,2025-08-08,15,2.0,2.0,st5_20_bearish,350.0,750.0,0,10:30,LONG,False,1,2025-08-08 13:46:00+00:00,2025-08-08 13:47:00+00:00,2025-08-08 19:00:00+00:00,TIME_EXIT,LONG,328.52,0.0,0.0,328.52,328.52,1,2,23614.25,23530.0,84.25
p0_st5_20_bearish_sr350_lr750_buf0_tg1030,"P0 st5_20_bearish, short $350, switch long $750, buffer 0, guard 10:30",NASDAQ_ORB_15m_p0_short_switch_tp2r_p0_st5_20_bearish_sr350_lr750_buf0_tg1030_2025-08-11,2025-08-11,15,2.0,2.0,st5_20_bearish,350.0,750.0,0,10:30,LONG,False,1,2025-08-11 13:58:00+00:00,2025-08-11 13:59:00+00:00,2025-08-11 19:00:00+00:00,TIME_EXIT,LONG,-434.96,0.0,0.0,-434.96,-434.96,0,4,23738.5,23681.0,57.5
p0_st5_20_bearish_sr350_lr750_buf0_tg1030,"P0 st5_20_bearish, short $350, switch long $750, buffer 0, guard 10:30",NASDAQ_ORB_15m_p0_short_switch_tp2r_p0_st5_20_bearish_sr350_lr750_buf0_tg1030_2025-08-12,2025-08-12,15,2.0,2.0,st5_20_bearish,350.0,750.0,0,10:30,SHORT,True,2,2025-08-12 13:50:00+00:00,2025-08-12 13:51:00+00:00,2025-08-12 19:00:00+00:00,SWITCH_TO_LONG+TIME_EXIT,SHORT,578.28,-223.74,578.28,354.53999999999996,354.53999999999996,1,4,23808.5,23710.0,98.5
p0_st5_20_bearish_sr350_lr750_buf0_tg1030,"P0 st5_20_bearish, short $350, switch long $750, buffer 0, guard 10:30",NASDAQ_ORB_15m_p0_short_switch_tp2r_p0_st5_20_bearish_sr350_lr750_buf0_tg1030_2025-08-13,2025-08-13,15,2.0,2.0,st5_20_bearish,350.0,750.0,0,10:30,SHORT,False,1,2025-08-13 14:05:00+00:00,2025-08-13 14:06:00+00:00,2025-08-13 19:00:00+00:00,TIME_EXIT,SHORT,0.0,232.52,0.0,232.52,232.52,1,2,24069.0,24028.75,40.25
p0_st5_20_bearish_sr350_lr750_buf0_tg1030,"P0 st5_20_bearish, short $350, switch long $750, buffer 0, guard 10:30",NASDAQ_ORB_15m_p0_short_switch_tp2r_p0_st5_20_bearish_sr350_lr750_buf0_tg1030_2025-08-14,2025-08-14,15,2.0,2.0,st5_20_bearish,350.0,750.0,0,10:30,LONG,False,1,2025-08-14 13:48:00+00:00,2025-08-14 13:49:00+00:00,2025-08-14 19:00:00+00:00,TIME_EXIT,LONG,-24.48,0.0,0.0,-24.48,-24.48,0,2,23924.0,23841.25,82.75
p0_st5_20_bearish_sr350_lr750_buf0_tg1030,"P0 st5_20_bearish, short $350, switch long $750, buffer 0, guard 10:30",NASDAQ_ORB_15m_p0_short_switch_tp2r_p0_st5_20_bearish_sr350_lr750_buf0_tg1030_2025-08-15,2025-08-15,15,2.0,2.0,st5_20_bearish,350.0,750.0,0,10:30,SHORT,False,1,2025-08-15 13:46:00+00:00,2025-08-15 13:47:00+00:00,2025-08-15 19:00:00+00:00,TIME_EXIT,SHORT,0.0,4.76,0.0,4.76,4.76,1,1,23910.75,23834.75,76.0
p0_st5_20_bearish_sr350_lr750_buf0_tg1030,"P0 st5_20_bearish, short $350, switch long $750, buffer 0, guard 10:30",NASDAQ_ORB_15m_p0_short_switch_tp2r_p0_st5_20_bearish_sr350_lr750_buf0_tg1030_2025-08-18,2025-08-18,15,2.0,2.0,st5_20_bearish,350.0,750.0,0,10:30,LONG,False,1,2025-08-18 14:26:00+00:00,2025-08-18 14:27:00+00:00,2025-08-18 19:00:00+00:00,TIME_EXIT,LONG,-198.96,0.0,0.0,-198.96,-198.96,0,4,23818.25,23767.75,50.5
p0_st5_20_bearish_sr350_lr750_buf0_tg1030,"P0 st5_20_bearish, short $350, switch long $750, buffer 0, guard 10:30",NASDAQ_ORB_15m_p0_short_switch_tp2r_p0_st5_20_bearish_sr350_lr750_buf0_tg1030_2025-08-19,2025-08-19,15,2.0,2.0,st5_20_bearish,350.0,750.0,0,10:30,SHORT,False,1,2025-08-19 13:47:00+00:00,2025-08-19 13:48:00+00:00,2025-08-19 19:00:00+00:00,TIME_EXIT,SHORT,0.0,384.26,0.0,384.26,384.26,1,1,23770.75,23660.0,110.75
p0_st5_20_bearish_sr350_lr750_buf0_tg1030,"P0 st5_20_bearish, short $350, switch long $750, buffer 0, guard 10:30",NASDAQ_ORB_15m_p0_short_switch_tp2r_p0_st5_20_bearish_sr350_lr750_buf0_tg1030_2025-08-20,2025-08-20,15,2.0,2.0,st5_20_bearish,350.0,750.0,0,10:30,SHORT,False,1,2025-08-20 13:46:00+00:00,2025-08-20 13:47:00+00:00,2025-08-20 14:47:00+00:00,TP_2R,SHORT,0.0,510.26,0.0,510.26,510.26,1,1,23432.0,23322.5,109.5
p0_st5_20_bearish_sr350_lr750_buf0_tg1030,"P0 st5_20_bearish, short $350, switch long $750, buffer 0, guard 10:30",NASDAQ_ORB_15m_p0_short_switch_tp2r_p0_st5_20_bearish_sr350_lr750_buf0_tg1030_2025-08-21,2025-08-21,15,2.0,2.0,st5_20_bearish,350.0,750.0,0,10:30,SHORT,True,2,2025-08-21 13:47:00+00:00,2025-08-21 13:48:00+00:00,2025-08-21 19:00:00+00:00,SWITCH_TO_LONG+TIME_EXIT,SHORT,-428.22,-231.24,-428.22,-659.46,-659.46,0,4,23290.5,23199.5,91.0
p0_st5_20_bearish_sr350_lr750_buf0_tg1030,"P0 st5_20_bearish, short $350, switch long $750, buffer 0, guard 10:30",NASDAQ_ORB_15m_p0_short_switch_tp2r_p0_st5_20_bearish_sr350_lr750_buf0_tg1030_2025-08-22,2025-08-22,15,2.0,2.0,st5_20_bearish,350.0,750.0,0,10:30,LONG,False,1,2025-08-22 13:46:00+00:00,2025-08-22 13:47:00+00:00,2025-08-22 14:15:00+00:00,TP_2R,LONG,506.26,0.0,0.0,506.26,506.26,1,1,23324.0,23206.25,117.75
p0_st5_20_bearish_sr350_lr750_buf0_tg1030,"P0 st5_20_bearish, short $350, switch long $750, buffer 0, guard 10:30",NASDAQ_ORB_15m_p0_short_switch_tp2r_p0_st5_20_bearish_sr350_lr750_buf0_tg1030_2025-08-25,2025-08-25,15,2.0,2.0,st5_20_bearish,350.0,750.0,0,10:30,LONG,False,1,2025-08-25 14:00:00+00:00,2025-08-25 14:01:00+00:00,2025-08-25 19:00:00+00:00,TIME_EXIT,LONG,192.78000000000003,0.0,0.0,192.78000000000003,192.78000000000003,1,3,23518.5,23445.0,73.5
p0_st5_20_bearish_sr350_lr750_buf0_tg1030,"P0 st5_20_bearish, short $350, switch long $750, buffer 0, guard 10:30",NASDAQ_ORB_15m_p0_short_switch_tp2r_p0_st5_20_bearish_sr350_lr750_buf0_tg1030_2025-08-26,2025-08-26,15,2.0,2.0,st5_20_bearish,350.0,750.0,0,10:30,LONG,False,1,2025-08-26 14:11:00+00:00,2025-08-26 14:12:00+00:00,2025-08-26 19:00:00+00:00,TIME_EXIT,LONG,239.04,0.0,0.0,239.04,239.04,1,4,23518.5,23463.25,55.25
p0_st5_20_bearish_sr350_lr750_buf0_tg1030,"P0 st5_20_bearish, short $350, switch long $750, buffer 0, guard 10:30",NASDAQ_ORB_15m_p0_short_switch_tp2r_p0_st5_20_bearish_sr350_lr750_buf0_tg1030_2025-08-27,2025-08-27,15,2.0,2.0,st5_20_bearish,350.0,750.0,0,10:30,SHORT,True,2,2025-08-27 13:46:00+00:00,2025-08-27 13:47:00+00:00,2025-08-27 19:00:00+00:00,SWITCH_TO_LONG+TIME_EXIT,SHORT,827.82,-265.48,827.82,562.34,562.34,1,9,23565.25,23513.75,51.5
p0_st5_20_bearish_sr350_lr750_buf0_tg1030,"P0 st5_20_bearish, short $350, switch long $750, buffer 0, guard 10:30",NASDAQ_ORB_15m_p0_short_switch_tp2r_p0_st5_20_bearish_sr350_lr750_buf0_tg1030_2025-08-28,2025-08-28,15,2.0,2.0,st5_20_bearish,350.0,750.0,0,10:30,SHORT,True,2,2025-08-28 13:55:00+00:00,2025-08-28 13:56:00+00:00,2025-08-28 19:00:00+00:00,SWITCH_TO_LONG+TIME_EXIT,SHORT,233.28000000000003,-268.24,233.28000000000003,-34.95999999999998,-34.95999999999998,0,4,23743.25,23629.25,114.0
p0_st5_20_bearish_sr350_lr750_buf0_tg1030,"P0 st5_20_bearish, short $350, switch long $750, buffer 0, guard 10:30",NASDAQ_ORB_15m_p0_short_switch_tp2r_p0_st5_20_bearish_sr350_lr750_buf0_tg1030_2025-08-29,2025-08-29,15,2.0,2.0,st5_20_bearish,350.0,750.0,0,10:30,SHORT,False,1,2025-08-29 13:46:00+00:00,2025-08-29 13:47:00+00:00,2025-08-29 19:00:00+00:00,TIME_EXIT,SHORT,0.0,210.76,0.0,210.76,210.76,1,1,23668.0,23585.25,82.75
p0_st5_20_bearish_sr350_lr750_buf0_tg1030,"P0 st5_20_bearish, short $350, switch long $750, buffer 0, guard 10:30",NASDAQ_ORB_15m_p0_short_switch_tp2r_p0_st5_20_bearish_sr350_lr750_buf0_tg1030_2025-09-01,2025-09-01,15,2.0,2.0,st5_20_bearish,350.0,750.0,0,10:30,LONG,False,1,2025-09-01 13:50:00+00:00,2025-09-01 13:51:00+00:00,2025-09-01 22:02:00+00:00,TIME_EXIT,LONG,88.80000000000001,0.0,0.0,88.80000000000001,88.80000000000001,1,5,23484.0,23443.25,40.75
p0_st5_20_bearish_sr350_lr750_buf0_tg1030,"P0 st5_20_bearish, short $350, switch long $750, buffer 0, guard 10:30",NASDAQ_ORB_15m_p0_short_switch_tp2r_p0_st5_20_bearish_sr350_lr750_buf0_tg1030_2025-09-02,2025-09-02,15,2.0,2.0,st5_20_bearish,350.0,750.0,0,10:30,LONG,False,1,2025-09-02 13:47:00+00:00,2025-09-02 13:48:00+00:00,2025-09-02 19:00:00+00:00,TIME_EXIT,LONG,13.76,0.0,0.0,13.76,13.76,1,1,23177.5,23025.0,152.5
p0_st5_20_bearish_sr350_lr750_buf0_tg1030,"P0 st5_20_bearish, short $350, switch long $750, buffer 0, guard 10:30",NASDAQ_ORB_15m_p0_short_switch_tp2r_p0_st5_20_bearish_sr350_lr750_buf0_tg1030_2025-09-03,2025-09-03,15,2.0,2.0,st5_20_bearish,350.0,750.0,0,10:30,LONG,False,1,2025-09-03 14:08:00+00:00,2025-09-03 14:09:00+00:00,2025-09-03 19:00:00+00:00,TIME_EXIT,LONG,-471.48,0.0,0.0,-471.48,-471.48,0,2,23438.0,23372.0,66.0
p0_st5_20_bearish_sr350_lr750_buf0_tg1030,"P0 st5_20_bearish, short $350, switch long $750, buffer 0, guard 10:30",NASDAQ_ORB_15m_p0_short_switch_tp2r_p0_st5_20_bearish_sr350_lr750_buf0_tg1030_2025-09-04,2025-09-04,15,2.0,2.0,st5_20_bearish,350.0,750.0,0,10:30,SHORT,True,2,2025-09-04 14:05:00+00:00,2025-09-04 14:06:00+00:00,2025-09-04 19:00:00+00:00,SWITCH_TO_LONG+TIME_EXIT,SHORT,402.78,-241.24,402.78,161.53999999999996,161.53999999999996,1,4,23548.25,23457.25,91.0
p0_st5_20_bearish_sr350_lr750_buf0_tg1030,"P0 st5_20_bearish, short $350, switch long $750, buffer 0, guard 10:30",NASDAQ_ORB_15m_p0_short_switch_tp2r_p0_st5_20_bearish_sr350_lr750_buf0_tg1030_2025-09-05,2025-09-05,15,2.0,2.0,st5_20_bearish,350.0,750.0,0,10:30,SHORT,False,1,2025-09-05 14:10:00+00:00,2025-09-05 14:11:00+00:00,2025-09-05 14:46:00+00:00,TP_2R,SHORT,0.0,423.26,0.0,423.26,423.26,1,1,23902.5,23821.5,81.0
p0_st5_20_bearish_sr350_lr750_buf0_tg1030,"P0 st5_20_bearish, short $350, switch long $750, buffer 0, guard 10:30",NASDAQ_ORB_15m_p0_short_switch_tp2r_p0_st5_20_bearish_sr350_lr750_buf0_tg1030_2025-09-08,2025-09-08,15,2.0,2.0,st5_20_bearish,350.0,750.0,0,10:30,LONG,False,1,2025-09-08 13:50:00+00:00,2025-09-08 13:51:00+00:00,2025-09-08 19:00:00+00:00,TIME_EXIT,LONG,-341.21999999999997,0.0,0.0,-341.21999999999997,-341.21999999999997,0,3,23846.75,23771.25,75.5
p0_st5_20_bearish_sr350_lr750_buf0_tg1030,"P0 st5_20_bearish, short $350, switch long $750, buffer 0, guard 10:30",NASDAQ_ORB_15m_p0_short_switch_tp2r_p0_st5_20_bearish_sr350_lr750_buf0_tg1030_2025-09-09,2025-09-09,15,2.0,2.0,st5_20_bearish,350.0,750.0,0,10:30,SHORT,False,1,2025-09-09 13:52:00+00:00,2025-09-09 13:53:00+00:00,2025-09-09 19:00:00+00:00,TIME_EXIT,SHORT,0.0,-212.21999999999997,0.0,-212.21999999999997,-212.21999999999997,0,3,23857.75,23815.0,42.75
p0_st5_20_bearish_sr350_lr750_buf0_tg1030,"P0 st5_20_bearish, short $350, switch long $750, buffer 0, guard 10:30",NASDAQ_ORB_15m_p0_short_switch_tp2r_p0_st5_20_bearish_sr350_lr750_buf0_tg1030_2025-09-10,2025-09-10,15,2.0,2.0,st5_20_bearish,350.0,750.0,0,10:30,SHORT,False,1,2025-09-10 13:52:00+00:00,2025-09-10 13:53:00+00:00,2025-09-10 19:00:00+00:00,TIME_EXIT,SHORT,0.0,206.52,0.0,206.52,206.52,1,2,24000.75,23918.0,82.75
p0_st5_20_bearish_sr350_lr750_buf0_tg1030,"P0 st5_20_bearish, short $350, switch long $750, buffer 0, guard 10:30",NASDAQ_ORB_15m_p0_short_switch_tp2r_p0_st5_20_bearish_sr350_lr750_buf0_tg1030_2025-09-11,2025-09-11,15,2.0,2.0,st5_20_bearish,350.0,750.0,0,10:30,LONG,False,1,2025-09-11 14:08:00+00:00,2025-09-11 14:09:00+00:00,2025-09-11 19:00:00+00:00,TIME_EXIT,LONG,136.52,0.0,0.0,136.52,136.52,1,2,23997.75,23911.5,86.25
p0_st5_20_bearish_sr350_lr750_buf0_tg1030,"P0 st5_20_bearish, short $350, switch long $750, buffer 0, guard 10:30",NASDAQ_ORB_15m_p0_short_switch_tp2r_p0_st5_20_bearish_sr350_lr750_buf0_tg1030_2025-09-12,2025-09-12,15,2.0,2.0,st5_20_bearish,350.0,750.0,0,10:30,LONG,False,1,2025-09-12 14:22:00+00:00,2025-09-12 14:23:00+00:00,2025-09-12 19:00:00+00:00,TIME_EXIT,LONG,501.78,0.0,0.0,501.78,501.78,1,3,24063.5,24002.0,61.5
p0_st5_20_bearish_sr350_lr750_buf0_tg1030,"P0 st5_20_bearish, short $350, switch long $750, buffer 0, guard 10:30",NASDAQ_ORB_15m_p0_short_switch_tp2r_p0_st5_20_bearish_sr350_lr750_buf0_tg1030_2025-09-17,2025-09-17,15,2.0,2.0,st5_20_bearish,350.0,750.0,0,10:30,SHORT,False,1,2025-09-17 14:02:00+00:00,2025-09-17 14:03:00+00:00,2025-09-17 18:16:00+00:00,TP_2R,SHORT,0.0,648.52,0.0,648.52,648.52,1,2,24540.75,24462.0,78.75
p0_st5_20_bearish_sr350_lr750_buf0_tg1030,"P0 st5_20_bearish, short $350, switch long $750, buffer 0, guard 10:30",NASDAQ_ORB_15m_p0_short_switch_tp2r_p0_st5_20_bearish_sr350_lr750_buf0_tg1030_2025-09-18,2025-09-18,15,2.0,2.0,st5_20_bearish,350.0,750.0,0,10:30,SHORT,True,2,2025-09-18 13:46:00+00:00,2025-09-18 13:47:00+00:00,2025-09-18 19:00:00+00:00,SWITCH_TO_LONG+TIME_EXIT,SHORT,311.04,-208.74,311.04,102.30000000000001,102.30000000000001,1,5,24713.5,24624.5,89.0
p0_st5_20_bearish_sr350_lr750_buf0_tg1030,"P0 st5_20_bearish, short $350, switch long $750, buffer 0, guard 10:30",NASDAQ_ORB_15m_p0_short_switch_tp2r_p0_st5_20_bearish_sr350_lr750_buf0_tg1030_2025-09-19,2025-09-19,15,2.0,2.0,st5_20_bearish,350.0,750.0,0,10:30,LONG,False,1,2025-09-19 13:50:00+00:00,2025-09-19 13:51:00+00:00,2025-09-19 19:00:00+00:00,TIME_EXIT,LONG,249.04,0.0,0.0,249.04,249.04,1,4,24783.75,24737.25,46.5
p0_st5_20_bearish_sr350_lr750_buf0_tg1030,"P0 st5_20_bearish, short $350, switch long $750, buffer 0, guard 10:30",NASDAQ_ORB_15m_p0_short_switch_tp2r_p0_st5_20_bearish_sr350_lr750_buf0_tg1030_2025-09-22,2025-09-22,15,2.0,2.0,st5_20_bearish,350.0,750.0,0,10:30,LONG,False,1,2025-09-22 13:49:00+00:00,2025-09-22 13:50:00+00:00,2025-09-22 16:12:00+00:00,TP_2R,LONG,891.3,0.0,0.0,891.3,891.3,1,5,24858.25,24814.25,44.0
p0_st5_20_bearish_sr350_lr750_buf0_tg1030,"P0 st5_20_bearish, short $350, switch long $750, buffer 0, guard 10:30",NASDAQ_ORB_15m_p0_short_switch_tp2r_p0_st5_20_bearish_sr350_lr750_buf0_tg1030_2025-09-23,2025-09-23,15,2.0,2.0,st5_20_bearish,350.0,750.0,0,10:30,SHORT,False,1,2025-09-23 13:59:00+00:00,2025-09-23 14:00:00+00:00,2025-09-23 17:42:00+00:00,TP_2R,SHORT,0.0,542.52,0.0,542.52,542.52,1,2,25009.75,24942.75,67.0
p0_st5_20_bearish_sr350_lr750_buf0_tg1030,"P0 st5_20_bearish, short $350, switch long $750, buffer 0, guard 10:30",NASDAQ_ORB_15m_p0_short_switch_tp2r_p0_st5_20_bearish_sr350_lr750_buf0_tg1030_2025-09-24,2025-09-24,15,2.0,2.0,st5_20_bearish,350.0,750.0,0,10:30,SHORT,False,1,2025-09-24 13:49:00+00:00,2025-09-24 13:50:00+00:00,2025-09-24 16:03:00+00:00,TP_2R,SHORT,0.0,610.52,0.0,610.52,610.52,1,2,24899.25,24823.5,75.75
p0_st5_20_bearish_sr350_lr750_buf0_tg1030,"P0 st5_20_bearish, short $350, switch long $750, buffer 0, guard 10:30",NASDAQ_ORB_15m_p0_short_switch_tp2r_p0_st5_20_bearish_sr350_lr750_buf0_tg1030_2025-09-25,2025-09-25,15,2.0,2.0,st5_20_bearish,350.0,750.0,0,10:30,LONG,False,1,2025-09-25 14:11:00+00:00,2025-09-25 14:12:00+00:00,2025-09-25 19:00:00+00:00,TIME_EXIT,LONG,93.26,0.0,0.0,93.26,93.26,1,1,24578.75,24422.0,156.75
p0_st5_20_bearish_sr350_lr750_buf0_tg1030,"P0 st5_20_bearish, short $350, switch long $750, buffer 0, guard 10:30",NASDAQ_ORB_15m_p0_short_switch_tp2r_p0_st5_20_bearish_sr350_lr750_buf0_tg1030_2025-09-26,2025-09-26,15,2.0,2.0,st5_20_bearish,350.0,750.0,0,10:30,LONG,False,1,2025-09-26 14:01:00+00:00,2025-09-26 14:02:00+00:00,2025-09-26 19:00:00+00:00,TIME_EXIT,LONG,4.76,0.0,0.0,4.76,4.76,1,1,24712.5,24596.75,115.75
p0_st5_20_bearish_sr350_lr750_buf0_tg1030,"P0 st5_20_bearish, short $350, switch long $750, buffer 0, guard 10:30",NASDAQ_ORB_15m_p0_short_switch_tp2r_p0_st5_20_bearish_sr350_lr750_buf0_tg1030_2025-09-29,2025-09-29,15,2.0,2.0,st5_20_bearish,350.0,750.0,0,10:30,LONG,False,1,2025-09-29 13:46:00+00:00,2025-09-29 13:47:00+00:00,2025-09-29 19:00:00+00:00,TIME_EXIT,LONG,-525.72,0.0,0.0,-525.72,-525.72,0,3,24916.0,24848.25,67.75
p0_st5_20_bearish_sr350_lr750_buf0_tg1030,"P0 st5_20_bearish, short $350, switch long $750, buffer 0, guard 10:30",NASDAQ_ORB_15m_p0_short_switch_tp2r_p0_st5_20_bearish_sr350_lr750_buf0_tg1030_2025-09-30,2025-09-30,15,2.0,2.0,st5_20_bearish,350.0,750.0,0,10:30,SHORT,True,2,2025-09-30 13:55:00+00:00,2025-09-30 13:56:00+00:00,2025-09-30 19:00:00+00:00,SWITCH_TO_LONG+TIME_EXIT,SHORT,33.04,-198.74,33.04,-165.70000000000002,-165.70000000000002,0,5,24830.75,24741.25,89.5
p0_st5_20_bearish_sr350_lr750_buf0_tg1030,"P0 st5_20_bearish, short $350, switch long $750, buffer 0, guard 10:30",NASDAQ_ORB_15m_p0_short_switch_tp2r_p0_st5_20_bearish_sr350_lr750_buf0_tg1030_2025-10-01,2025-10-01,15,2.0,2.0,st5_20_bearish,350.0,750.0,0,10:30,SHORT,True,2,2025-10-01 13:50:00+00:00,2025-10-01 13:51:00+00:00,2025-10-01 19:00:00+00:00,SWITCH_TO_LONG+TIME_EXIT,SHORT,1064.28,-220.24,1064.28,844.04,844.04,1,4,24841.5,24743.5,98.0
p0_st5_20_bearish_sr350_lr750_buf0_tg1030,"P0 st5_20_bearish, short $350, switch long $750, buffer 0, guard 10:30",NASDAQ_ORB_15m_p0_short_switch_tp2r_p0_st5_20_bearish_sr350_lr750_buf0_tg1030_2025-10-02,2025-10-02,15,2.0,2.0,st5_20_bearish,350.0,750.0,0,10:30,SHORT,False,1,2025-10-02 13:50:00+00:00,2025-10-02 13:51:00+00:00,2025-10-02 19:00:00+00:00,TIME_EXIT,SHORT,0.0,-167.74,0.0,-167.74,-167.74,0,1,25169.0,25036.25,132.75
p0_st5_20_bearish_sr350_lr750_buf0_tg1030,"P0 st5_20_bearish, short $350, switch long $750, buffer 0, guard 10:30",NASDAQ_ORB_15m_p0_short_switch_tp2r_p0_st5_20_bearish_sr350_lr750_buf0_tg1030_2025-10-03,2025-10-03,15,2.0,2.0,st5_20_bearish,350.0,750.0,0,10:30,SHORT,False,1,2025-10-03 14:05:00+00:00,2025-10-03 14:06:00+00:00,2025-10-03 19:00:00+00:00,TIME_EXIT,SHORT,0.0,301.52,0.0,301.52,301.52,1,2,25166.75,25113.75,53.0
p0_st5_20_bearish_sr350_lr750_buf0_tg1030,"P0 st5_20_bearish, short $350, switch long $750, buffer 0, guard 10:30",NASDAQ_ORB_15m_p0_short_switch_tp2r_p0_st5_20_bearish_sr350_lr750_buf0_tg1030_2025-10-06,2025-10-06,15,2.0,2.0,st5_20_bearish,350.0,750.0,0,10:30,LONG,False,1,2025-10-06 17:24:00+00:00,2025-10-06 17:25:00+00:00,2025-10-06 19:00:00+00:00,TIME_EXIT,LONG,52.52,0.0,0.0,52.52,52.52,1,2,25221.75,25117.0,104.75
p0_st5_20_bearish_sr350_lr750_buf0_tg1030,"P0 st5_20_bearish, short $350, switch long $750, buffer 0, guard 10:30",NASDAQ_ORB_15m_p0_short_switch_tp2r_p0_st5_20_bearish_sr350_lr750_buf0_tg1030_2025-10-07,2025-10-07,15,2.0,2.0,st5_20_bearish,350.0,750.0,0,10:30,SHORT,False,1,2025-10-07 14:28:00+00:00,2025-10-07 14:29:00+00:00,2025-10-07 15:07:00+00:00,TP_2R,SHORT,0.0,624.78,0.0,624.78,624.78,1,3,25263.0,25217.0,46.0
p0_st5_20_bearish_sr350_lr750_buf0_tg1030,"P0 st5_20_bearish, short $350, switch long $750, buffer 0, guard 10:30",NASDAQ_ORB_15m_p0_short_switch_tp2r_p0_st5_20_bearish_sr350_lr750_buf0_tg1030_2025-10-08,2025-10-08,15,2.0,2.0,st5_20_bearish,350.0,750.0,0,10:30,LONG,False,1,2025-10-08 13:48:00+00:00,2025-10-08 13:49:00+00:00,2025-10-08 19:00:00+00:00,TIME_EXIT,LONG,698.28,0.0,0.0,698.28,698.28,1,3,25152.75,25073.25,79.5
p0_st5_20_bearish_sr350_lr750_buf0_tg1030,"P0 st5_20_bearish, short $350, switch long $750, buffer 0, guard 10:30",NASDAQ_ORB_15m_p0_short_switch_tp2r_p0_st5_20_bearish_sr350_lr750_buf0_tg1030_2025-10-09,2025-10-09,15,2.0,2.0,st5_20_bearish,350.0,750.0,0,10:30,SHORT,False,1,2025-10-09 13:56:00+00:00,2025-10-09 13:57:00+00:00,2025-10-09 19:00:00+00:00,TIME_EXIT,SHORT,0.0,86.52,0.0,86.52,86.52,1,2,25334.75,25258.75,76.0
p0_st5_20_bearish_sr350_lr750_buf0_tg1030,"P0 st5_20_bearish, short $350, switch long $750, buffer 0, guard 10:30",NASDAQ_ORB_15m_p0_short_switch_tp2r_p0_st5_20_bearish_sr350_lr750_buf0_tg1030_2025-10-10,2025-10-10,15,2.0,2.0,st5_20_bearish,350.0,750.0,0,10:30,LONG,False,1,2025-10-10 13:46:00+00:00,2025-10-10 13:47:00+00:00,2025-10-10 19:00:00+00:00,TIME_EXIT,LONG,-3188.48,0.0,0.0,-3188.48,-3188.48,0,2,25376.75,25293.75,83.0
p0_st5_20_bearish_sr350_lr750_buf0_tg1030,"P0 st5_20_bearish, short $350, switch long $750, buffer 0, guard 10:30",NASDAQ_ORB_15m_p0_short_switch_tp2r_p0_st5_20_bearish_sr350_lr750_buf0_tg1030_2025-10-13,2025-10-13,15,2.0,2.0,st5_20_bearish,350.0,750.0,0,10:30,LONG,False,1,2025-10-13 13:51:00+00:00,2025-10-13 13:52:00+00:00,2025-10-13 19:00:00+00:00,TIME_EXIT,LONG,94.26,0.0,0.0,94.26,94.26,1,1,24842.75,24724.5,118.25
p0_st5_20_bearish_sr350_lr750_buf0_tg1030,"P0 st5_20_bearish, short $350, switch long $750, buffer 0, guard 10:30",NASDAQ_ORB_15m_p0_short_switch_tp2r_p0_st5_20_bearish_sr350_lr750_buf0_tg1030_2025-10-14,2025-10-14,15,2.0,2.0,st5_20_bearish,350.0,750.0,0,10:30,LONG,False,1,2025-10-14 14:21:00+00:00,2025-10-14 14:22:00+00:00,2025-10-14 19:00:00+00:00,TIME_EXIT,LONG,507.26,0.0,0.0,507.26,507.26,1,1,24642.0,24430.25,211.75
p0_st5_20_bearish_sr350_lr750_buf0_tg1030,"P0 st5_20_bearish, short $350, switch long $750, buffer 0, guard 10:30",NASDAQ_ORB_15m_p0_short_switch_tp2r_p0_st5_20_bearish_sr350_lr750_buf0_tg1030_2025-10-15,2025-10-15,15,2.0,2.0,st5_20_bearish,350.0,750.0,0,10:30,SHORT,True,2,2025-10-15 13:49:00+00:00,2025-10-15 13:50:00+00:00,2025-10-15 19:00:00+00:00,SWITCH_TO_LONG+TIME_EXIT,SHORT,-464.96,-205.74,-464.96,-670.7,-670.7,0,5,25004.25,24920.5,83.75
p0_st5_20_bearish_sr350_lr750_buf0_tg1030,"P0 st5_20_bearish, short $350, switch long $750, buffer 0, guard 10:30",NASDAQ_ORB_15m_p0_short_switch_tp2r_p0_st5_20_bearish_sr350_lr750_buf0_tg1030_2025-10-16,2025-10-16,15,2.0,2.0,st5_20_bearish,350.0,750.0,0,10:30,LONG,False,1,2025-10-16 13:46:00+00:00,2025-10-16 13:47:00+00:00,2025-10-16 19:00:00+00:00,TIME_EXIT,LONG,-1303.48,0.0,0.0,-1303.48,-1303.48,0,2,25106.0,25036.0,70.0
p0_st5_20_bearish_sr350_lr750_buf0_tg1030,"P0 st5_20_bearish, short $350, switch long $750, buffer 0, guard 10:30",NASDAQ_ORB_15m_p0_short_switch_tp2r_p0_st5_20_bearish_sr350_lr750_buf0_tg1030_2025-10-17,2025-10-17,15,2.0,2.0,st5_20_bearish,350.0,750.0,0,10:30,LONG,False,1,2025-10-17 13:54:00+00:00,2025-10-17 13:55:00+00:00,2025-10-17 19:00:00+00:00,TIME_EXIT,LONG,304.76,0.0,0.0,304.76,304.76,1,1,24817.75,24672.25,145.5
p0_st5_20_bearish_sr350_lr750_buf0_tg1030,"P0 st5_20_bearish, short $350, switch long $750, buffer 0, guard 10:30",NASDAQ_ORB_15m_p0_short_switch_tp2r_p0_st5_20_bearish_sr350_lr750_buf0_tg1030_2025-10-20,2025-10-20,15,2.0,2.0,st5_20_bearish,350.0,750.0,0,10:30,LONG,False,1,2025-10-20 13:52:00+00:00,2025-10-20 13:53:00+00:00,2025-10-20 19:00:00+00:00,TIME_EXIT,LONG,402.52,0.0,0.0,402.52,402.52,1,2,25224.75,25114.75,110.0
p0_st5_20_bearish_sr350_lr750_buf0_tg1030,"P0 st5_20_bearish, short $350, switch long $750, buffer 0, guard 10:30",NASDAQ_ORB_15m_p0_short_switch_tp2r_p0_st5_20_bearish_sr350_lr750_buf0_tg1030_2025-10-21,2025-10-21,15,2.0,2.0,st5_20_bearish,350.0,750.0,0,10:30,SHORT,True,2,2025-10-21 13:49:00+00:00,2025-10-21 13:50:00+00:00,2025-10-21 19:00:00+00:00,SWITCH_TO_LONG+TIME_EXIT,SHORT,-22.96,-347.48,-22.96,-370.44,-370.44,0,6,25304.5,25233.0,71.5
p0_st5_20_bearish_sr350_lr750_buf0_tg1030,"P0 st5_20_bearish, short $350, switch long $750, buffer 0, guard 10:30",NASDAQ_ORB_15m_p0_short_switch_tp2r_p0_st5_20_bearish_sr350_lr750_buf0_tg1030_2025-10-22,2025-10-22,15,2.0,2.0,st5_20_bearish,350.0,750.0,0,10:30,LONG,False,1,2025-10-22 13:52:00+00:00,2025-10-22 13:53:00+00:00,2025-10-22 19:00:00+00:00,TIME_EXIT,LONG,-1265.48,0.0,0.0,-1265.48,-1265.48,0,2,25271.5,25172.75,98.75
p0_st5_20_bearish_sr350_lr750_buf0_tg1030,"P0 st5_20_bearish, short $350, switch long $750, buffer 0, guard 10:30",NASDAQ_ORB_15m_p0_short_switch_tp2r_p0_st5_20_bearish_sr350_lr750_buf0_tg1030_2025-10-23,2025-10-23,15,2.0,2.0,st5_20_bearish,350.0,750.0,0,10:30,LONG,False,1,2025-10-23 13:46:00+00:00,2025-10-23 13:47:00+00:00,2025-10-23 19:00:00+00:00,TIME_EXIT,LONG,619.52,0.0,0.0,619.52,619.52,1,2,25092.75,24998.75,94.0
p0_st5_20_bearish_sr350_lr750_buf0_tg1030,"P0 st5_20_bearish, short $350, switch long $750, buffer 0, guard 10:30",NASDAQ_ORB_15m_p0_short_switch_tp2r_p0_st5_20_bearish_sr350_lr750_buf0_tg1030_2025-10-24,2025-10-24,15,2.0,2.0,st5_20_bearish,350.0,750.0,0,10:30,LONG,False,1,2025-10-24 14:08:00+00:00,2025-10-24 14:09:00+00:00,2025-10-24 19:00:00+00:00,TIME_EXIT,LONG,32.52,0.0,0.0,32.52,32.52,1,2,25530.75,25430.0,100.75
p0_st5_20_bearish_sr350_lr750_buf0_tg1030,"P0 st5_20_bearish, short $350, switch long $750, buffer 0, guard 10:30",NASDAQ_ORB_15m_p0_short_switch_tp2r_p0_st5_20_bearish_sr350_lr750_buf0_tg1030_2025-10-27,2025-10-27,15,2.0,2.0,st5_20_bearish,350.0,750.0,0,10:30,LONG,False,1,2025-10-27 14:02:00+00:00,2025-10-27 14:03:00+00:00,2025-10-27 19:00:00+00:00,TIME_EXIT,LONG,486.78,0.0,0.0,486.78,486.78,1,3,25859.75,25796.25,63.5
p0_st5_20_bearish_sr350_lr750_buf0_tg1030,"P0 st5_20_bearish, short $350, switch long $750, buffer 0, guard 10:30",NASDAQ_ORB_15m_p0_short_switch_tp2r_p0_st5_20_bearish_sr350_lr750_buf0_tg1030_2025-10-28,2025-10-28,15,2.0,2.0,st5_20_bearish,350.0,750.0,0,10:30,LONG,False,1,2025-10-28 16:31:00+00:00,2025-10-28 16:32:00+00:00,2025-10-28 19:00:00+00:00,TIME_EXIT,LONG,456.78,0.0,0.0,456.78,456.78,1,3,26094.0,26041.75,52.25
p0_st5_20_bearish_sr350_lr750_buf0_tg1030,"P0 st5_20_bearish, short $350, switch long $750, buffer 0, guard 10:30",NASDAQ_ORB_15m_p0_short_switch_tp2r_p0_st5_20_bearish_sr350_lr750_buf0_tg1030_2025-10-29,2025-10-29,15,2.0,2.0,st5_20_bearish,350.0,750.0,0,10:30,LONG,False,1,2025-10-29 13:53:00+00:00,2025-10-29 13:54:00+00:00,2025-10-29 19:00:00+00:00,TIME_EXIT,LONG,-1128.7,0.0,0.0,-1128.7,-1128.7,0,5,26292.5,26254.25,38.25
p0_st5_20_bearish_sr350_lr750_buf0_tg1030,"P0 st5_20_bearish, short $350, switch long $750, buffer 0, guard 10:30",NASDAQ_ORB_15m_p0_short_switch_tp2r_p0_st5_20_bearish_sr350_lr750_buf0_tg1030_2025-10-30,2025-10-30,15,2.0,2.0,st5_20_bearish,350.0,750.0,0,10:30,LONG,False,1,2025-10-30 13:55:00+00:00,2025-10-30 13:56:00+00:00,2025-10-30 19:00:00+00:00,TIME_EXIT,LONG,-290.24,0.0,0.0,-290.24,-290.24,0,1,26127.5,25941.5,186.0
p0_st5_20_bearish_sr350_lr750_buf0_tg1030,"P0 st5_20_bearish, short $350, switch long $750, buffer 0, guard 10:30",NASDAQ_ORB_15m_p0_short_switch_tp2r_p0_st5_20_bearish_sr350_lr750_buf0_tg1030_2025-10-31,2025-10-31,15,2.0,2.0,st5_20_bearish,350.0,750.0,0,10:30,SHORT,False,1,2025-10-31 13:46:00+00:00,2025-10-31 13:47:00+00:00,2025-10-31 17:37:00+00:00,TP_2R,SHORT,0.0,412.26,0.0,412.26,412.26,1,1,26199.5,26103.5,96.0
p0_st5_20_bearish_sr350_lr750_buf0_tg1030,"P0 st5_20_bearish, short $350, switch long $750, buffer 0, guard 10:30",NASDAQ_ORB_15m_p0_short_switch_tp2r_p0_st5_20_bearish_sr350_lr750_buf0_tg1030_2025-11-03,2025-11-03,15,2.0,2.0,st5_20_bearish,350.0,750.0,0,10:30,SHORT,False,1,2025-11-03 14:50:00+00:00,2025-11-03 14:51:00+00:00,2025-11-03 20:00:00+00:00,TIME_EXIT,SHORT,0.0,73.26,0.0,73.26,73.26,1,1,26265.75,26155.0,110.75
p0_st5_20_bearish_sr350_lr750_buf0_tg1030,"P0 st5_20_bearish, short $350, switch long $750, buffer 0, guard 10:30",NASDAQ_ORB_15m_p0_short_switch_tp2r_p0_st5_20_bearish_sr350_lr750_buf0_tg1030_2025-11-04,2025-11-04,15,2.0,2.0,st5_20_bearish,350.0,750.0,0,10:30,LONG,False,1,2025-11-04 14:51:00+00:00,2025-11-04 14:52:00+00:00,2025-11-04 20:00:00+00:00,TIME_EXIT,LONG,-377.74,0.0,0.0,-377.74,-377.74,0,1,25782.0,25663.0,119.0
p0_st5_20_bearish_sr350_lr750_buf0_tg1030,"P0 st5_20_bearish, short $350, switch long $750, buffer 0, guard 10:30",NASDAQ_ORB_15m_p0_short_switch_tp2r_p0_st5_20_bearish_sr350_lr750_buf0_tg1030_2025-11-05,2025-11-05,15,2.0,2.0,st5_20_bearish,350.0,750.0,0,10:30,LONG,False,1,2025-11-05 14:48:00+00:00,2025-11-05 14:49:00+00:00,2025-11-05 17:46:00+00:00,TP_2R,LONG,898.52,0.0,0.0,898.52,898.52,1,2,25577.25,25487.75,89.5
p0_st5_20_bearish_sr350_lr750_buf0_tg1030,"P0 st5_20_bearish, short $350, switch long $750, buffer 0, guard 10:30",NASDAQ_ORB_15m_p0_short_switch_tp2r_p0_st5_20_bearish_sr350_lr750_buf0_tg1030_2025-11-06,2025-11-06,15,2.0,2.0,st5_20_bearish,350.0,750.0,0,10:30,SHORT,False,1,2025-11-06 14:52:00+00:00,2025-11-06 14:53:00+00:00,2025-11-06 15:45:00+00:00,TP_2R,SHORT,0.0,464.26,0.0,464.26,464.26,1,1,25684.75,25585.75,99.0
p0_st5_20_bearish_sr350_lr750_buf0_tg1030,"P0 st5_20_bearish, short $350, switch long $750, buffer 0, guard 10:30",NASDAQ_ORB_15m_p0_short_switch_tp2r_p0_st5_20_bearish_sr350_lr750_buf0_tg1030_2025-11-10,2025-11-10,15,2.0,2.0,st5_20_bearish,350.0,750.0,0,10:30,LONG,False,1,2025-11-10 14:47:00+00:00,2025-11-10 14:48:00+00:00,2025-11-10 20:00:00+00:00,TIME_EXIT,LONG,240.52,0.0,0.0,240.52,240.52,1,2,25639.75,25524.0,115.75
p0_st5_20_bearish_sr350_lr750_buf0_tg1030,"P0 st5_20_bearish, short $350, switch long $750, buffer 0, guard 10:30",NASDAQ_ORB_15m_p0_short_switch_tp2r_p0_st5_20_bearish_sr350_lr750_buf0_tg1030_2025-11-11,2025-11-11,15,2.0,2.0,st5_20_bearish,350.0,750.0,0,10:30,SHORT,True,2,2025-11-11 14:50:00+00:00,2025-11-11 14:51:00+00:00,2025-11-11 20:00:00+00:00,SWITCH_TO_LONG+TIME_EXIT,SHORT,141.3,-267.48,141.3,-126.18,-126.18,0,7,25646.0,25583.75,62.25
p0_st5_20_bearish_sr350_lr750_buf0_tg1030,"P0 st5_20_bearish, short $350, switch long $750, buffer 0, guard 10:30",NASDAQ_ORB_15m_p0_short_switch_tp2r_p0_st5_20_bearish_sr350_lr750_buf0_tg1030_2025-11-14,2025-11-14,15,2.0,2.0,st5_20_bearish,350.0,750.0,0,10:30,LONG,False,1,2025-11-14 14:46:00+00:00,2025-11-14 14:47:00+00:00,2025-11-14 17:11:00+00:00,TP_2R,LONG,881.26,0.0,0.0,881.26,881.26,1,1,24844.75,24626.0,218.75
p0_st5_20_bearish_sr350_lr750_buf0_tg1030,"P0 st5_20_bearish, short $350, switch long $750, buffer 0, guard 10:30",NASDAQ_ORB_15m_p0_short_switch_tp2r_p0_st5_20_bearish_sr350_lr750_buf0_tg1030_2025-11-17,2025-11-17,15,2.0,2.0,st5_20_bearish,350.0,750.0,0,10:30,LONG,False,1,2025-11-17 14:47:00+00:00,2025-11-17 14:48:00+00:00,2025-11-17 20:00:00+00:00,TIME_EXIT,LONG,-890.24,0.0,0.0,-890.24,-890.24,0,1,25199.25,24955.25,244.0
p0_st5_20_bearish_sr350_lr750_buf0_tg1030,"P0 st5_20_bearish, short $350, switch long $750, buffer 0, guard 10:30",NASDAQ_ORB_15m_p0_short_switch_tp2r_p0_st5_20_bearish_sr350_lr750_buf0_tg1030_2025-11-19,2025-11-19,15,2.0,2.0,st5_20_bearish,350.0,750.0,0,10:30,LONG,False,1,2025-11-19 14:46:00+00:00,2025-11-19 14:47:00+00:00,2025-11-19 20:00:00+00:00,TIME_EXIT,LONG,-211.74,0.0,0.0,-211.74,-211.74,0,1,24758.5,24572.75,185.75
p0_st5_20_bearish_sr350_lr750_buf0_tg1030,"P0 st5_20_bearish, short $350, switch long $750, buffer 0, guard 10:30",NASDAQ_ORB_15m_p0_short_switch_tp2r_p0_st5_20_bearish_sr350_lr750_buf0_tg1030_2025-11-20,2025-11-20,15,2.0,2.0,st5_20_bearish,350.0,750.0,0,10:30,LONG,False,1,2025-11-20 14:48:00+00:00,2025-11-20 14:49:00+00:00,2025-11-20 20:00:00+00:00,TIME_EXIT,LONG,-3459.48,0.0,0.0,-3459.48,-3459.48,0,2,25242.25,25145.0,97.25
p0_st5_20_bearish_sr350_lr750_buf0_tg1030,"P0 st5_20_bearish, short $350, switch long $750, buffer 0, guard 10:30",NASDAQ_ORB_15m_p0_short_switch_tp2r_p0_st5_20_bearish_sr350_lr750_buf0_tg1030_2025-11-21,2025-11-21,15,2.0,2.0,st5_20_bearish,350.0,750.0,0,10:30,LONG,False,1,2025-11-21 14:55:00+00:00,2025-11-21 14:56:00+00:00,2025-11-21 18:51:00+00:00,TP_2R,LONG,513.26,0.0,0.0,513.26,513.26,1,1,24280.0,24152.75,127.25
p0_st5_20_bearish_sr350_lr750_buf0_tg1030,"P0 st5_20_bearish, short $350, switch long $750, buffer 0, guard 10:30",NASDAQ_ORB_15m_p0_short_switch_tp2r_p0_st5_20_bearish_sr350_lr750_buf0_tg1030_2025-11-24,2025-11-24,15,2.0,2.0,st5_20_bearish,350.0,750.0,0,10:30,LONG,False,1,2025-11-24 15:03:00+00:00,2025-11-24 15:04:00+00:00,2025-11-24 20:00:00+00:00,TIME_EXIT,LONG,362.26,0.0,0.0,362.26,362.26,1,1,24722.25,24513.5,208.75
p0_st5_20_bearish_sr350_lr750_buf0_tg1030,"P0 st5_20_bearish, short $350, switch long $750, buffer 0, guard 10:30",NASDAQ_ORB_15m_p0_short_switch_tp2r_p0_st5_20_bearish_sr350_lr750_buf0_tg1030_2025-11-26,2025-11-26,15,2.0,2.0,st5_20_bearish,350.0,750.0,0,10:30,LONG,False,1,2025-11-26 14:51:00+00:00,2025-11-26 14:52:00+00:00,2025-11-26 20:00:00+00:00,TIME_EXIT,LONG,356.28000000000003,0.0,0.0,356.28000000000003,356.28000000000003,1,3,25271.0,25189.25,81.75
p0_st5_20_bearish_sr350_lr750_buf0_tg1030,"P0 st5_20_bearish, short $350, switch long $750, buffer 0, guard 10:30",NASDAQ_ORB_15m_p0_short_switch_tp2r_p0_st5_20_bearish_sr350_lr750_buf0_tg1030_2025-12-01,2025-12-01,15,2.0,2.0,st5_20_bearish,350.0,750.0,0,10:30,LONG,False,1,2025-12-01 14:51:00+00:00,2025-12-01 14:52:00+00:00,2025-12-01 20:00:00+00:00,TIME_EXIT,LONG,205.52,0.0,0.0,205.52,205.52,1,2,25319.75,25209.0,110.75
p0_st5_20_bearish_sr350_lr750_buf0_tg1030,"P0 st5_20_bearish, short $350, switch long $750, buffer 0, guard 10:30",NASDAQ_ORB_15m_p0_short_switch_tp2r_p0_st5_20_bearish_sr350_lr750_buf0_tg1030_2025-12-02,2025-12-02,15,2.0,2.0,st5_20_bearish,350.0,750.0,0,10:30,LONG,False,1,2025-12-02 15:01:00+00:00,2025-12-02 15:02:00+00:00,2025-12-02 20:00:00+00:00,TIME_EXIT,LONG,27.76,0.0,0.0,27.76,27.76,1,1,25613.0,25471.25,141.75
p0_st5_20_bearish_sr350_lr750_buf0_tg1030,"P0 st5_20_bearish, short $350, switch long $750, buffer 0, guard 10:30",NASDAQ_ORB_15m_p0_short_switch_tp2r_p0_st5_20_bearish_sr350_lr750_buf0_tg1030_2025-12-03,2025-12-03,15,2.0,2.0,st5_20_bearish,350.0,750.0,0,10:30,SHORT,True,2,2025-12-03 14:54:00+00:00,2025-12-03 14:55:00+00:00,2025-12-03 20:00:00+00:00,SWITCH_TO_LONG+TIME_EXIT,SHORT,698.28,-213.24,698.28,485.03999999999996,485.03999999999996,1,4,25538.0,25451.5,86.5
p0_st5_20_bearish_sr350_lr750_buf0_tg1030,"P0 st5_20_bearish, short $350, switch long $750, buffer 0, guard 10:30",NASDAQ_ORB_15m_p0_short_switch_tp2r_p0_st5_20_bearish_sr350_lr750_buf0_tg1030_2025-12-05,2025-12-05,15,2.0,2.0,st5_20_bearish,350.0,750.0,0,10:30,LONG,False,1,2025-12-05 14:54:00+00:00,2025-12-05 14:55:00+00:00,2025-12-05 20:00:00+00:00,TIME_EXIT,LONG,-103.24,0.0,0.0,-103.24,-103.24,0,1,25777.75,25660.5,117.25
p0_st5_20_bearish_sr350_lr750_buf0_tg1030,"P0 st5_20_bearish, short $350, switch long $750, buffer 0, guard 10:30",NASDAQ_ORB_15m_p0_short_switch_tp2r_p0_st5_20_bearish_sr350_lr750_buf0_tg1030_2025-12-08,2025-12-08,15,2.0,2.0,st5_20_bearish,350.0,750.0,0,10:30,SHORT,False,1,2025-12-08 14:50:00+00:00,2025-12-08 14:51:00+00:00,2025-12-08 20:00:00+00:00,TIME_EXIT,SHORT,0.0,331.76,0.0,331.76,331.76,1,1,25860.75,25768.0,92.75
p0_st5_20_bearish_sr350_lr750_buf0_tg1030,"P0 st5_20_bearish, short $350, switch long $750, buffer 0, guard 10:30",NASDAQ_ORB_15m_p0_short_switch_tp2r_p0_st5_20_bearish_sr350_lr750_buf0_tg1030_2025-12-09,2025-12-09,15,2.0,2.0,st5_20_bearish,350.0,750.0,0,10:30,LONG,False,1,2025-12-09 15:03:00+00:00,2025-12-09 15:04:00+00:00,2025-12-09 20:00:00+00:00,TIME_EXIT,LONG,136.52,0.0,0.0,136.52,136.52,1,2,25653.25,25560.0,93.25
p0_st5_20_bearish_sr350_lr750_buf0_tg1030,"P0 st5_20_bearish, short $350, switch long $750, buffer 0, guard 10:30",NASDAQ_ORB_15m_p0_short_switch_tp2r_p0_st5_20_bearish_sr350_lr750_buf0_tg1030_2025-12-10,2025-12-10,15,2.0,2.0,st5_20_bearish,350.0,750.0,0,10:30,LONG,False,1,2025-12-10 14:48:00+00:00,2025-12-10 14:49:00+00:00,2025-12-10 20:00:00+00:00,TIME_EXIT,LONG,628.52,0.0,0.0,628.52,628.52,1,2,25663.25,25567.0,96.25
p0_st5_20_bearish_sr350_lr750_buf0_tg1030,"P0 st5_20_bearish, short $350, switch long $750, buffer 0, guard 10:30",NASDAQ_ORB_15m_p0_short_switch_tp2r_p0_st5_20_bearish_sr350_lr750_buf0_tg1030_2025-12-11,2025-12-11,15,2.0,2.0,st5_20_bearish,350.0,750.0,0,10:30,SHORT,True,2,2025-12-11 14:47:00+00:00,2025-12-11 14:48:00+00:00,2025-12-11 20:00:00+00:00,SWITCH_TO_LONG+TIME_EXIT,SHORT,207.78000000000003,-219.74,207.78000000000003,-11.95999999999998,-11.95999999999998,0,4,25649.75,25555.75,94.0
p0_st5_20_bearish_sr350_lr750_buf0_tg1030,"P0 st5_20_bearish, short $350, switch long $750, buffer 0, guard 10:30",NASDAQ_ORB_15m_p0_short_switch_tp2r_p0_st5_20_bearish_sr350_lr750_buf0_tg1030_2025-12-12,2025-12-12,15,2.0,2.0,st5_20_bearish,350.0,750.0,0,10:30,SHORT,False,1,2025-12-12 14:50:00+00:00,2025-12-12 14:51:00+00:00,2025-12-12 15:59:00+00:00,TP_2R,SHORT,0.0,451.26,0.0,451.26,451.26,1,1,25620.5,25522.0,98.5
p0_st5_20_bearish_sr350_lr750_buf0_tg1030,"P0 st5_20_bearish, short $350, switch long $750, buffer 0, guard 10:30",NASDAQ_ORB_15m_p0_short_switch_tp2r_p0_st5_20_bearish_sr350_lr750_buf0_tg1030_2025-12-16,2025-12-16,15,2.0,2.0,st5_20_bearish,350.0,750.0,0,10:30,LONG,False,1,2025-12-16 14:51:00+00:00,2025-12-16 14:52:00+00:00,2025-12-16 20:00:00+00:00,TIME_EXIT,LONG,-109.74,0.0,0.0,-109.74,-109.74,0,1,25351.0,25209.75,141.25
p0_st5_20_bearish_sr350_lr750_buf0_tg1030,"P0 st5_20_bearish, short $350, switch long $750, buffer 0, guard 10:30",NASDAQ_ORB_15m_p0_short_switch_tp2r_p0_st5_20_bearish_sr350_lr750_buf0_tg1030_2025-12-18,2025-12-18,15,2.0,2.0,st5_20_bearish,350.0,750.0,0,10:30,LONG,False,1,2025-12-18 15:29:00+00:00,2025-12-18 15:30:00+00:00,2025-12-18 20:00:00+00:00,TIME_EXIT,LONG,-254.74,0.0,0.0,-254.74,-254.74,0,1,25329.5,25173.0,156.5
p0_st5_20_bearish_sr350_lr750_buf0_tg1030,"P0 st5_20_bearish, short $350, switch long $750, buffer 0, guard 10:30",NASDAQ_ORB_15m_p0_short_switch_tp2r_p0_st5_20_bearish_sr350_lr750_buf0_tg1030_2025-12-19,2025-12-19,15,2.0,2.0,st5_20_bearish,350.0,750.0,0,10:30,LONG,False,1,2025-12-19 14:48:00+00:00,2025-12-19 14:49:00+00:00,2025-12-19 20:00:00+00:00,TIME_EXIT,LONG,1.76,0.0,0.0,1.76,1.76,1,1,25548.75,25356.25,192.5
p0_st5_20_bearish_sr350_lr750_buf0_tg1030,"P0 st5_20_bearish, short $350, switch long $750, buffer 0, guard 10:30",NASDAQ_ORB_15m_p0_short_switch_tp2r_p0_st5_20_bearish_sr350_lr750_buf0_tg1030_2025-12-23,2025-12-23,15,2.0,2.0,st5_20_bearish,350.0,750.0,0,10:30,LONG,False,1,2025-12-23 14:48:00+00:00,2025-12-23 14:49:00+00:00,2025-12-23 20:00:00+00:00,TIME_EXIT,LONG,227.52,0.0,0.0,227.52,227.52,1,2,25737.5,25638.0,99.5
p0_st5_20_bearish_sr350_lr750_buf0_tg1030,"P0 st5_20_bearish, short $350, switch long $750, buffer 0, guard 10:30",NASDAQ_ORB_15m_p0_short_switch_tp2r_p0_st5_20_bearish_sr350_lr750_buf0_tg1030_2025-12-26,2025-12-26,15,2.0,2.0,st5_20_bearish,350.0,750.0,0,10:30,SHORT,False,1,2025-12-26 15:02:00+00:00,2025-12-26 15:03:00+00:00,2025-12-26 20:00:00+00:00,TIME_EXIT,SHORT,0.0,-166.48,0.0,-166.48,-166.48,0,2,25932.5,25864.5,68.0
p0_st5_20_bearish_sr350_lr750_buf0_tg1030,"P0 st5_20_bearish, short $350, switch long $750, buffer 0, guard 10:30",NASDAQ_ORB_15m_p0_short_switch_tp2r_p0_st5_20_bearish_sr350_lr750_buf0_tg1030_2025-12-30,2025-12-30,15,2.0,2.0,st5_20_bearish,350.0,750.0,0,10:30,LONG,False,1,2025-12-30 14:50:00+00:00,2025-12-30 14:51:00+00:00,2025-12-30 20:00:00+00:00,TIME_EXIT,LONG,-206.96,0.0,0.0,-206.96,-206.96,0,4,25733.0,25675.5,57.5
p0_st5_20_bearish_sr350_lr750_buf0_tg1030,"P0 st5_20_bearish, short $350, switch long $750, buffer 0, guard 10:30",NASDAQ_ORB_15m_p0_short_switch_tp2r_p0_st5_20_bearish_sr350_lr750_buf0_tg1030_2025-12-31,2025-12-31,15,2.0,2.0,st5_20_bearish,350.0,750.0,0,10:30,SHORT,False,1,2025-12-31 14:46:00+00:00,2025-12-31 14:47:00+00:00,2025-12-31 20:00:00+00:00,TIME_EXIT,SHORT,0.0,114.26,0.0,114.26,114.26,1,1,25692.25,25608.75,83.5
p0_st5_20_bearish_sr350_lr750_buf0_tg1030,"P0 st5_20_bearish, short $350, switch long $750, buffer 0, guard 10:30",NASDAQ_ORB_15m_p0_short_switch_tp2r_p0_st5_20_bearish_sr350_lr750_buf0_tg1030_2026-01-02,2026-01-02,15,2.0,2.0,st5_20_bearish,350.0,750.0,0,10:30,LONG,False,1,2026-01-02 14:48:00+00:00,2026-01-02 14:49:00+00:00,2026-01-02 20:00:00+00:00,TIME_EXIT,LONG,-1435.48,0.0,0.0,-1435.48,-1435.48,0,2,25733.5,25638.0,95.5
p0_st5_20_bearish_sr350_lr750_buf0_tg1030,"P0 st5_20_bearish, short $350, switch long $750, buffer 0, guard 10:30",NASDAQ_ORB_15m_p0_short_switch_tp2r_p0_st5_20_bearish_sr350_lr750_buf0_tg1030_2026-01-05,2026-01-05,15,2.0,2.0,st5_20_bearish,350.0,750.0,0,10:30,LONG,False,1,2026-01-05 15:29:00+00:00,2026-01-05 15:30:00+00:00,2026-01-05 20:00:00+00:00,TIME_EXIT,LONG,-200.74,0.0,0.0,-200.74,-200.74,0,1,25673.25,25538.5,134.75
p0_st5_20_bearish_sr350_lr750_buf0_tg1030,"P0 st5_20_bearish, short $350, switch long $750, buffer 0, guard 10:30",NASDAQ_ORB_15m_p0_short_switch_tp2r_p0_st5_20_bearish_sr350_lr750_buf0_tg1030_2026-01-06,2026-01-06,15,2.0,2.0,st5_20_bearish,350.0,750.0,0,10:30,LONG,False,1,2026-01-06 14:46:00+00:00,2026-01-06 14:47:00+00:00,2026-01-06 20:00:00+00:00,TIME_EXIT,LONG,707.28,0.0,0.0,707.28,707.28,1,3,25679.0,25608.75,70.25
p0_st5_20_bearish_sr350_lr750_buf0_tg1030,"P0 st5_20_bearish, short $350, switch long $750, buffer 0, guard 10:30",NASDAQ_ORB_15m_p0_short_switch_tp2r_p0_st5_20_bearish_sr350_lr750_buf0_tg1030_2026-01-07,2026-01-07,15,2.0,2.0,st5_20_bearish,350.0,750.0,0,10:30,LONG,False,1,2026-01-07 14:47:00+00:00,2026-01-07 14:48:00+00:00,2026-01-07 20:00:00+00:00,TIME_EXIT,LONG,127.52,0.0,0.0,127.52,127.52,1,2,25864.25,25770.75,93.5
p0_st5_20_bearish_sr350_lr750_buf0_tg1030,"P0 st5_20_bearish, short $350, switch long $750, buffer 0, guard 10:30",NASDAQ_ORB_15m_p0_short_switch_tp2r_p0_st5_20_bearish_sr350_lr750_buf0_tg1030_2026-01-09,2026-01-09,15,2.0,2.0,st5_20_bearish,350.0,750.0,0,10:30,SHORT,True,2,2026-01-09 15:09:00+00:00,2026-01-09 15:10:00+00:00,2026-01-09 20:00:00+00:00,SWITCH_TO_LONG+TIME_EXIT,SHORT,594.52,-334.74,594.52,259.78,259.78,1,3,25791.0,25648.25,142.75
p0_st5_20_bearish_sr350_lr750_buf0_tg1030,"P0 st5_20_bearish, short $350, switch long $750, buffer 0, guard 10:30",NASDAQ_ORB_15m_p0_short_switch_tp2r_p0_st5_20_bearish_sr350_lr750_buf0_tg1030_2026-01-12,2026-01-12,15,2.0,2.0,st5_20_bearish,350.0,750.0,0,10:30,LONG,False,1,2026-01-12 14:51:00+00:00,2026-01-12 14:52:00+00:00,2026-01-12 20:00:00+00:00,TIME_EXIT,LONG,217.26,0.0,0.0,217.26,217.26,1,1,25892.5,25743.75,148.75
p0_st5_20_bearish_sr350_lr750_buf0_tg1030,"P0 st5_20_bearish, short $350, switch long $750, buffer 0, guard 10:30",NASDAQ_ORB_15m_p0_short_switch_tp2r_p0_st5_20_bearish_sr350_lr750_buf0_tg1030_2026-01-13,2026-01-13,15,2.0,2.0,st5_20_bearish,350.0,750.0,0,10:30,SHORT,False,1,2026-01-13 15:10:00+00:00,2026-01-13 15:11:00+00:00,2026-01-13 20:00:00+00:00,TIME_EXIT,SHORT,0.0,91.76,0.0,91.76,91.76,1,1,26043.0,25930.75,112.25
p0_st5_20_bearish_sr350_lr750_buf0_tg1030,"P0 st5_20_bearish, short $350, switch long $750, buffer 0, guard 10:30",NASDAQ_ORB_15m_p0_short_switch_tp2r_p0_st5_20_bearish_sr350_lr750_buf0_tg1030_2026-01-14,2026-01-14,15,2.0,2.0,st5_20_bearish,350.0,750.0,0,10:30,SHORT,False,1,2026-01-14 14:46:00+00:00,2026-01-14 14:47:00+00:00,2026-01-14 20:00:00+00:00,TIME_EXIT,SHORT,0.0,230.76,0.0,230.76,230.76,1,1,25791.25,25623.5,167.75
p0_st5_20_bearish_sr350_lr750_buf0_tg1030,"P0 st5_20_bearish, short $350, switch long $750, buffer 0, guard 10:30",NASDAQ_ORB_15m_p0_short_switch_tp2r_p0_st5_20_bearish_sr350_lr750_buf0_tg1030_2026-01-15,2026-01-15,15,2.0,2.0,st5_20_bearish,350.0,750.0,0,10:30,SHORT,False,1,2026-01-15 15:08:00+00:00,2026-01-15 15:09:00+00:00,2026-01-15 20:00:00+00:00,TIME_EXIT,SHORT,0.0,179.76,0.0,179.76,179.76,1,1,25946.75,25853.0,93.75
p0_st5_20_bearish_sr350_lr750_buf0_tg1030,"P0 st5_20_bearish, short $350, switch long $750, buffer 0, guard 10:30",NASDAQ_ORB_15m_p0_short_switch_tp2r_p0_st5_20_bearish_sr350_lr750_buf0_tg1030_2026-01-16,2026-01-16,15,2.0,2.0,st5_20_bearish,350.0,750.0,0,10:30,SHORT,False,1,2026-01-16 14:55:00+00:00,2026-01-16 14:56:00+00:00,2026-01-16 20:00:00+00:00,TIME_EXIT,SHORT,0.0,136.76,0.0,136.76,136.76,1,1,25891.25,25817.5,73.75
p0_st5_20_bearish_sr350_lr750_buf0_tg1030,"P0 st5_20_bearish, short $350, switch long $750, buffer 0, guard 10:30",NASDAQ_ORB_15m_p0_short_switch_tp2r_p0_st5_20_bearish_sr350_lr750_buf0_tg1030_2026-01-19,2026-01-19,15,2.0,2.0,st5_20_bearish,350.0,750.0,0,10:30,SHORT,True,2,2026-01-19 14:46:00+00:00,2026-01-19 14:47:00+00:00,2026-01-19 23:02:00+00:00,SWITCH_TO_LONG+TIME_EXIT,SHORT,903.8,-263.48,903.8,640.3199999999999,640.3199999999999,1,7,25298.0,25240.0,58.0
p0_st5_20_bearish_sr350_lr750_buf0_tg1030,"P0 st5_20_bearish, short $350, switch long $750, buffer 0, guard 10:30",NASDAQ_ORB_15m_p0_short_switch_tp2r_p0_st5_20_bearish_sr350_lr750_buf0_tg1030_2026-01-20,2026-01-20,15,2.0,2.0,st5_20_bearish,350.0,750.0,0,10:30,LONG,False,1,2026-01-20 14:52:00+00:00,2026-01-20 14:53:00+00:00,2026-01-20 20:00:00+00:00,TIME_EXIT,LONG,-381.74,0.0,0.0,-381.74,-381.74,0,1,25357.25,25232.5,124.75
p0_st5_20_bearish_sr350_lr750_buf0_tg1030,"P0 st5_20_bearish, short $350, switch long $750, buffer 0, guard 10:30",NASDAQ_ORB_15m_p0_short_switch_tp2r_p0_st5_20_bearish_sr350_lr750_buf0_tg1030_2026-01-21,2026-01-21,15,2.0,2.0,st5_20_bearish,350.0,750.0,0,10:30,LONG,False,1,2026-01-21 14:48:00+00:00,2026-01-21 14:49:00+00:00,2026-01-21 15:37:00+00:00,TP_2R,LONG,852.52,0.0,0.0,852.52,852.52,1,2,25223.0,25128.5,94.5
p0_st5_20_bearish_sr350_lr750_buf0_tg1030,"P0 st5_20_bearish, short $350, switch long $750, buffer 0, guard 10:30",NASDAQ_ORB_15m_p0_short_switch_tp2r_p0_st5_20_bearish_sr350_lr750_buf0_tg1030_2026-01-22,2026-01-22,15,2.0,2.0,st5_20_bearish,350.0,750.0,0,10:30,SHORT,False,1,2026-01-22 14:47:00+00:00,2026-01-22 14:48:00+00:00,2026-01-22 20:00:00+00:00,TIME_EXIT,SHORT,0.0,-57.74,0.0,-57.74,-57.74,0,1,25732.25,25612.25,120.0
p0_st5_20_bearish_sr350_lr750_buf0_tg1030,"P0 st5_20_bearish, short $350, switch long $750, buffer 0, guard 10:30",NASDAQ_ORB_15m_p0_short_switch_tp2r_p0_st5_20_bearish_sr350_lr750_buf0_tg1030_2026-01-23,2026-01-23,15,2.0,2.0,st5_20_bearish,350.0,750.0,0,10:30,LONG,False,1,2026-01-23 15:00:00+00:00,2026-01-23 15:01:00+00:00,2026-01-23 20:00:00+00:00,TIME_EXIT,LONG,294.52,0.0,0.0,294.52,294.52,1,2,25652.75,25562.5,90.25
p0_st5_20_bearish_sr350_lr750_buf0_tg1030,"P0 st5_20_bearish, short $350, switch long $750, buffer 0, guard 10:30",NASDAQ_ORB_15m_p0_short_switch_tp2r_p0_st5_20_bearish_sr350_lr750_buf0_tg1030_2026-01-26,2026-01-26,15,2.0,2.0,st5_20_bearish,350.0,750.0,0,10:30,LONG,False,1,2026-01-26 14:47:00+00:00,2026-01-26 14:48:00+00:00,2026-01-26 20:00:00+00:00,TIME_EXIT,LONG,193.52,0.0,0.0,193.52,193.52,1,2,25827.25,25704.25,123.0
p0_st5_20_bearish_sr350_lr750_buf0_tg1030,"P0 st5_20_bearish, short $350, switch long $750, buffer 0, guard 10:30",NASDAQ_ORB_15m_p0_short_switch_tp2r_p0_st5_20_bearish_sr350_lr750_buf0_tg1030_2026-01-27,2026-01-27,15,2.0,2.0,st5_20_bearish,350.0,750.0,0,10:30,LONG,False,1,2026-01-27 14:54:00+00:00,2026-01-27 14:55:00+00:00,2026-01-27 20:00:00+00:00,TIME_EXIT,LONG,252.52,0.0,0.0,252.52,252.52,1,2,26012.5,25917.25,95.25
p0_st5_20_bearish_sr350_lr750_buf0_tg1030,"P0 st5_20_bearish, short $350, switch long $750, buffer 0, guard 10:30",NASDAQ_ORB_15m_p0_short_switch_tp2r_p0_st5_20_bearish_sr350_lr750_buf0_tg1030_2026-02-02,2026-02-02,15,2.0,2.0,st5_20_bearish,350.0,750.0,0,10:30,LONG,False,1,2026-02-02 14:47:00+00:00,2026-02-02 14:48:00+00:00,2026-02-02 20:00:00+00:00,TIME_EXIT,LONG,220.76,0.0,0.0,220.76,220.76,1,1,25734.0,25540.25,193.75
p0_st5_20_bearish_sr350_lr750_buf0_tg1030,"P0 st5_20_bearish, short $350, switch long $750, buffer 0, guard 10:30",NASDAQ_ORB_15m_p0_short_switch_tp2r_p0_st5_20_bearish_sr350_lr750_buf0_tg1030_2026-02-06,2026-02-06,15,2.0,2.0,st5_20_bearish,350.0,750.0,0,10:30,LONG,False,1,2026-02-06 14:46:00+00:00,2026-02-06 14:47:00+00:00,2026-02-06 20:00:00+00:00,TIME_EXIT,LONG,273.26,0.0,0.0,273.26,273.26,1,1,24927.5,24700.5,227.0
p0_st5_20_bearish_sr350_lr750_buf0_tg1030,"P0 st5_20_bearish, short $350, switch long $750, buffer 0, guard 10:30",NASDAQ_ORB_15m_p0_short_switch_tp2r_p0_st5_20_bearish_sr350_lr750_buf0_tg1030_2026-02-09,2026-02-09,15,2.0,2.0,st5_20_bearish,350.0,750.0,0,10:30,LONG,False,1,2026-02-09 14:47:00+00:00,2026-02-09 14:48:00+00:00,2026-02-09 20:00:00+00:00,TIME_EXIT,LONG,439.76,0.0,0.0,439.76,439.76,1,1,25152.5,24955.5,197.0
p0_st5_20_bearish_sr350_lr750_buf0_tg1030,"P0 st5_20_bearish, short $350, switch long $750, buffer 0, guard 10:30",NASDAQ_ORB_15m_p0_short_switch_tp2r_p0_st5_20_bearish_sr350_lr750_buf0_tg1030_2026-02-10,2026-02-10,15,2.0,2.0,st5_20_bearish,350.0,750.0,0,10:30,SHORT,True,2,2026-02-10 14:49:00+00:00,2026-02-10 14:50:00+00:00,2026-02-10 20:00:00+00:00,SWITCH_TO_LONG+TIME_EXIT,SHORT,-573.48,-350.24,-573.48,-923.72,-923.72,0,3,25410.25,25265.25,145.0
p0_st5_20_bearish_sr350_lr750_buf0_tg1030,"P0 st5_20_bearish, short $350, switch long $750, buffer 0, guard 10:30",NASDAQ_ORB_15m_p0_short_switch_tp2r_p0_st5_20_bearish_sr350_lr750_buf0_tg1030_2026-02-11,2026-02-11,15,2.0,2.0,st5_20_bearish,350.0,750.0,0,10:30,SHORT,False,1,2026-02-11 15:00:00+00:00,2026-02-11 15:01:00+00:00,2026-02-11 20:00:00+00:00,TIME_EXIT,SHORT,0.0,-9.24,0.0,-9.24,-9.24,0,1,25465.5,25339.0,126.5
p0_st5_20_bearish_sr350_lr750_buf0_tg1030,"P0 st5_20_bearish, short $350, switch long $750, buffer 0, guard 10:30",NASDAQ_ORB_15m_p0_short_switch_tp2r_p0_st5_20_bearish_sr350_lr750_buf0_tg1030_2026-02-12,2026-02-12,15,2.0,2.0,st5_20_bearish,350.0,750.0,0,10:30,SHORT,False,1,2026-02-12 14:46:00+00:00,2026-02-12 14:47:00+00:00,2026-02-12 15:58:00+00:00,TP_2R,SHORT,0.0,481.26,0.0,481.26,481.26,1,1,25393.75,25303.75,90.0
p0_st5_20_bearish_sr350_lr750_buf0_tg1030,"P0 st5_20_bearish, short $350, switch long $750, buffer 0, guard 10:30",NASDAQ_ORB_15m_p0_short_switch_tp2r_p0_st5_20_bearish_sr350_lr750_buf0_tg1030_2026-02-13,2026-02-13,15,2.0,2.0,st5_20_bearish,350.0,750.0,0,10:30,LONG,False,1,2026-02-13 14:46:00+00:00,2026-02-13 14:47:00+00:00,2026-02-13 20:00:00+00:00,TIME_EXIT,LONG,99.76,0.0,0.0,99.76,99.76,1,1,24800.0,24578.75,221.25
p0_st5_20_bearish_sr350_lr750_buf0_tg1030,"P0 st5_20_bearish, short $350, switch long $750, buffer 0, guard 10:30",NASDAQ_ORB_15m_p0_short_switch_tp2r_p0_st5_20_bearish_sr350_lr750_buf0_tg1030_2026-02-16,2026-02-16,15,2.0,2.0,st5_20_bearish,350.0,750.0,0,10:30,SHORT,True,2,2026-02-16 14:46:00+00:00,2026-02-16 14:47:00+00:00,2026-02-16 23:02:00+00:00,SWITCH_TO_LONG+TIME_EXIT,SHORT,-253.70000000000002,-313.48,-253.70000000000002,-567.1800000000001,-567.1800000000001,0,7,24777.0,24710.25,66.75
p0_st5_20_bearish_sr350_lr750_buf0_tg1030,"P0 st5_20_bearish, short $350, switch long $750, buffer 0, guard 10:30",NASDAQ_ORB_15m_p0_short_switch_tp2r_p0_st5_20_bearish_sr350_lr750_buf0_tg1030_2026-02-18,2026-02-18,15,2.0,2.0,st5_20_bearish,350.0,750.0,0,10:30,LONG,False,1,2026-02-18 14:46:00+00:00,2026-02-18 14:47:00+00:00,2026-02-18 17:07:00+00:00,TP_2R,LONG,976.52,0.0,0.0,976.52,976.52,1,2,24868.75,24752.0,116.75
p0_st5_20_bearish_sr350_lr750_buf0_tg1030,"P0 st5_20_bearish, short $350, switch long $750, buffer 0, guard 10:30",NASDAQ_ORB_15m_p0_short_switch_tp2r_p0_st5_20_bearish_sr350_lr750_buf0_tg1030_2026-02-19,2026-02-19,15,2.0,2.0,st5_20_bearish,350.0,750.0,0,10:30,LONG,False,1,2026-02-19 14:54:00+00:00,2026-02-19 14:55:00+00:00,2026-02-19 20:00:00+00:00,TIME_EXIT,LONG,-421.48,0.0,0.0,-421.48,-421.48,0,2,24883.25,24762.5,120.75
p0_st5_20_bearish_sr350_lr750_buf0_tg1030,"P0 st5_20_bearish, short $350, switch long $750, buffer 0, guard 10:30",NASDAQ_ORB_15m_p0_short_switch_tp2r_p0_st5_20_bearish_sr350_lr750_buf0_tg1030_2026-02-23,2026-02-23,15,2.0,2.0,st5_20_bearish,350.0,750.0,0,10:30,SHORT,False,1,2026-02-23 14:46:00+00:00,2026-02-23 14:47:00+00:00,2026-02-23 20:00:00+00:00,TIME_EXIT,SHORT,0.0,350.26,0.0,350.26,350.26,1,1,25040.0,24880.25,159.75
p0_st5_20_bearish_sr350_lr750_buf0_tg1030,"P0 st5_20_bearish, short $350, switch long $750, buffer 0, guard 10:30",NASDAQ_ORB_15m_p0_short_switch_tp2r_p0_st5_20_bearish_sr350_lr750_buf0_tg1030_2026-02-24,2026-02-24,15,2.0,2.0,st5_20_bearish,350.0,750.0,0,10:30,LONG,False,1,2026-02-24 14:46:00+00:00,2026-02-24 14:47:00+00:00,2026-02-24 20:00:00+00:00,TIME_EXIT,LONG,196.76,0.0,0.0,196.76,196.76,1,1,24912.25,24694.0,218.25
p0_st5_20_bearish_sr350_lr750_buf0_tg1030,"P0 st5_20_bearish, short $350, switch long $750, buffer 0, guard 10:30",NASDAQ_ORB_15m_p0_short_switch_tp2r_p0_st5_20_bearish_sr350_lr750_buf0_tg1030_2026-02-25,2026-02-25,15,2.0,2.0,st5_20_bearish,350.0,750.0,0,10:30,LONG,False,1,2026-02-25 14:46:00+00:00,2026-02-25 14:47:00+00:00,2026-02-25 20:00:00+00:00,TIME_EXIT,LONG,137.76,0.0,0.0,137.76,137.76,1,1,25279.75,25156.75,123.0
p0_st5_20_bearish_sr350_lr750_buf0_tg1030,"P0 st5_20_bearish, short $350, switch long $750, buffer 0, guard 10:30",NASDAQ_ORB_15m_p0_short_switch_tp2r_p0_st5_20_bearish_sr350_lr750_buf0_tg1030_2026-02-26,2026-02-26,15,2.0,2.0,st5_20_bearish,350.0,750.0,0,10:30,SHORT,False,1,2026-02-26 14:49:00+00:00,2026-02-26 14:50:00+00:00,2026-02-26 15:19:00+00:00,TP_2R,SHORT,0.0,491.26,0.0,491.26,491.26,1,1,25342.0,25224.75,117.25
p0_st5_20_bearish_sr350_lr750_buf0_tg1030,"P0 st5_20_bearish, short $350, switch long $750, buffer 0, guard 10:30",NASDAQ_ORB_15m_p0_short_switch_tp2r_p0_st5_20_bearish_sr350_lr750_buf0_tg1030_2026-02-27,2026-02-27,15,2.0,2.0,st5_20_bearish,350.0,750.0,0,10:30,LONG,False,1,2026-02-27 14:49:00+00:00,2026-02-27 14:50:00+00:00,2026-02-27 20:00:00+00:00,TIME_EXIT,LONG,-61.24,0.0,0.0,-61.24,-61.24,0,1,24910.0,24780.0,130.0
p0_st5_20_bearish_sr350_lr750_buf0_tg1030,"P0 st5_20_bearish, short $350, switch long $750, buffer 0, guard 10:30",NASDAQ_ORB_15m_p0_short_switch_tp2r_p0_st5_20_bearish_sr350_lr750_buf0_tg1030_2026-03-04,2026-03-04,15,2.0,2.0,st5_20_bearish,350.0,750.0,0,10:30,LONG,False,1,2026-03-04 15:02:00+00:00,2026-03-04 15:03:00+00:00,2026-03-04 20:00:00+00:00,TIME_EXIT,LONG,430.76,0.0,0.0,430.76,430.76,1,1,24970.5,24837.25,133.25
p0_st5_20_bearish_sr350_lr750_buf0_tg1030,"P0 st5_20_bearish, short $350, switch long $750, buffer 0, guard 10:30",NASDAQ_ORB_15m_p0_short_switch_tp2r_p0_st5_20_bearish_sr350_lr750_buf0_tg1030_2026-03-05,2026-03-05,15,2.0,2.0,st5_20_bearish,350.0,750.0,0,10:30,LONG,False,1,2026-03-05 14:52:00+00:00,2026-03-05 14:53:00+00:00,2026-03-05 20:00:00+00:00,TIME_EXIT,LONG,-574.74,0.0,0.0,-574.74,-574.74,0,1,25125.25,24985.25,140.0
p0_st5_20_bearish_sr350_lr750_buf0_tg1030,"P0 st5_20_bearish, short $350, switch long $750, buffer 0, guard 10:30",NASDAQ_ORB_15m_p0_short_switch_tp2r_p0_st5_20_bearish_sr350_lr750_buf0_tg1030_2026-03-06,2026-03-06,15,2.0,2.0,st5_20_bearish,350.0,750.0,0,10:30,LONG,False,1,2026-03-06 15:01:00+00:00,2026-03-06 15:02:00+00:00,2026-03-06 20:00:00+00:00,TIME_EXIT,LONG,139.26,0.0,0.0,139.26,139.26,1,1,24732.25,24611.75,120.5
p0_st5_20_bearish_sr350_lr750_buf0_tg1030,"P0 st5_20_bearish, short $350, switch long $750, buffer 0, guard 10:30",NASDAQ_ORB_15m_p0_short_switch_tp2r_p0_st5_20_bearish_sr350_lr750_buf0_tg1030_2026-03-09,2026-03-09,15,2.0,2.0,st5_20_bearish,350.0,750.0,0,10:30,LONG,False,1,2026-03-09 14:45:00+00:00,2026-03-09 14:46:00+00:00,2026-03-09 19:00:00+00:00,TIME_EXIT,LONG,238.26,0.0,0.0,238.26,238.26,1,1,24526.0,24354.75,171.25
p0_st5_20_bearish_sr350_lr750_buf0_tg1030,"P0 st5_20_bearish, short $350, switch long $750, buffer 0, guard 10:30",NASDAQ_ORB_15m_p0_short_switch_tp2r_p0_st5_20_bearish_sr350_lr750_buf0_tg1030_2026-03-11,2026-03-11,15,2.0,2.0,st5_20_bearish,350.0,750.0,0,10:30,LONG,False,1,2026-03-11 14:01:00+00:00,2026-03-11 14:02:00+00:00,2026-03-11 19:00:00+00:00,TIME_EXIT,LONG,-432.74,0.0,0.0,-432.74,-432.74,0,1,25115.5,25035.0,80.5
p0_st5_20_bearish_sr350_lr750_buf0_tg1030,"P0 st5_20_bearish, short $350, switch long $750, buffer 0, guard 10:30",NASDAQ_ORB_15m_p0_short_switch_tp2r_p0_st5_20_bearish_sr350_lr750_buf0_tg1030_2026-03-12,2026-03-12,15,2.0,2.0,st5_20_bearish,350.0,750.0,0,10:30,SHORT,False,1,2026-03-12 13:46:00+00:00,2026-03-12 13:47:00+00:00,2026-03-12 19:00:00+00:00,TIME_EXIT,SHORT,0.0,256.26,0.0,256.26,256.26,1,1,24834.75,24742.0,92.75
p0_st5_20_bearish_sr350_lr750_buf0_tg1030,"P0 st5_20_bearish, short $350, switch long $750, buffer 0, guard 10:30",NASDAQ_ORB_15m_p0_short_switch_tp2r_p0_st5_20_bearish_sr350_lr750_buf0_tg1030_2026-03-13,2026-03-13,15,2.0,2.0,st5_20_bearish,350.0,750.0,0,10:30,LONG,False,1,2026-03-13 13:46:00+00:00,2026-03-13 13:47:00+00:00,2026-03-13 19:00:00+00:00,TIME_EXIT,LONG,-695.24,0.0,0.0,-695.24,-695.24,0,1,24772.75,24611.0,161.75
p0_st5_20_bearish_sr350_lr750_buf0_tg1030,"P0 st5_20_bearish, short $350, switch long $750, buffer 0, guard 10:30",NASDAQ_ORB_15m_p0_short_switch_tp2r_p0_st5_20_bearish_sr350_lr750_buf0_tg1030_2026-03-17,2026-03-17,15,2.0,2.0,st5_20_bearish,350.0,750.0,0,10:30,LONG,False,1,2026-03-17 13:46:00+00:00,2026-03-17 13:47:00+00:00,2026-03-17 19:00:00+00:00,TIME_EXIT,LONG,-333.48,0.0,0.0,-333.48,-333.48,0,2,25076.0,24964.25,111.75
p0_st5_20_bearish_sr350_lr750_buf0_tg1030,"P0 st5_20_bearish, short $350, switch long $750, buffer 0, guard 10:30",NASDAQ_ORB_15m_p0_short_switch_tp2r_p0_st5_20_bearish_sr350_lr750_buf0_tg1030_2026-03-18,2026-03-18,15,2.0,2.0,st5_20_bearish,350.0,750.0,0,10:30,LONG,False,1,2026-03-18 13:47:00+00:00,2026-03-18 13:48:00+00:00,2026-03-18 19:00:00+00:00,TIME_EXIT,LONG,-1016.48,0.0,0.0,-1016.48,-1016.48,0,2,24990.5,24903.75,86.75
p0_st5_20_bearish_sr350_lr750_buf0_tg1030,"P0 st5_20_bearish, short $350, switch long $750, buffer 0, guard 10:30",NASDAQ_ORB_15m_p0_short_switch_tp2r_p0_st5_20_bearish_sr350_lr750_buf0_tg1030_2026-03-19,2026-03-19,15,2.0,2.0,st5_20_bearish,350.0,750.0,0,10:30,LONG,False,1,2026-03-19 13:50:00+00:00,2026-03-19 13:51:00+00:00,2026-03-19 19:00:00+00:00,TIME_EXIT,LONG,98.76,0.0,0.0,98.76,98.76,1,1,24453.0,24324.25,128.75
p0_st5_20_bearish_sr350_lr750_buf0_tg1030,"P0 st5_20_bearish, short $350, switch long $750, buffer 0, guard 10:30",NASDAQ_ORB_15m_p0_short_switch_tp2r_p0_st5_20_bearish_sr350_lr750_buf0_tg1030_2026-03-20,2026-03-20,15,2.0,2.0,st5_20_bearish,350.0,750.0,0,10:30,SHORT,False,1,2026-03-20 13:51:00+00:00,2026-03-20 13:52:00+00:00,2026-03-20 18:38:00+00:00,TP_2R,SHORT,0.0,518.26,0.0,518.26,518.26,1,1,24491.0,24379.25,111.75
p0_st5_20_bearish_sr350_lr750_buf0_tg1030,"P0 st5_20_bearish, short $350, switch long $750, buffer 0, guard 10:30",NASDAQ_ORB_15m_p0_short_switch_tp2r_p0_st5_20_bearish_sr350_lr750_buf0_tg1030_2026-03-23,2026-03-23,15,2.0,2.0,st5_20_bearish,350.0,750.0,0,10:30,LONG,False,1,2026-03-23 13:50:00+00:00,2026-03-23 13:51:00+00:00,2026-03-23 19:00:00+00:00,TIME_EXIT,LONG,-125.74,0.0,0.0,-125.74,-125.74,0,1,24568.5,24432.5,136.0
p0_st5_20_bearish_sr350_lr750_buf0_tg1030,"P0 st5_20_bearish, short $350, switch long $750, buffer 0, guard 10:30",NASDAQ_ORB_15m_p0_short_switch_tp2r_p0_st5_20_bearish_sr350_lr750_buf0_tg1030_2026-03-24,2026-03-24,15,2.0,2.0,st5_20_bearish,350.0,750.0,0,10:30,LONG,False,1,2026-03-24 14:57:00+00:00,2026-03-24 14:58:00+00:00,2026-03-24 19:00:00+00:00,TIME_EXIT,LONG,-91.74,0.0,0.0,-91.74,-91.74,0,1,24317.0,24140.25,176.75
p0_st5_20_bearish_sr350_lr750_buf0_tg1030,"P0 st5_20_bearish, short $350, switch long $750, buffer 0, guard 10:30",NASDAQ_ORB_15m_p0_short_switch_tp2r_p0_st5_20_bearish_sr350_lr750_buf0_tg1030_2026-03-25,2026-03-25,15,2.0,2.0,st5_20_bearish,350.0,750.0,0,10:30,SHORT,False,1,2026-03-25 13:50:00+00:00,2026-03-25 13:51:00+00:00,2026-03-25 19:00:00+00:00,TIME_EXIT,SHORT,0.0,124.76,0.0,124.76,124.76,1,1,24526.0,24426.0,100.0
p0_st5_20_bearish_sr350_lr750_buf0_tg1030,"P0 st5_20_bearish, short $350, switch long $750, buffer 0, guard 10:30",NASDAQ_ORB_15m_p0_short_switch_tp2r_p0_st5_20_bearish_sr350_lr750_buf0_tg1030_2026-03-26,2026-03-26,15,2.0,2.0,st5_20_bearish,350.0,750.0,0,10:30,LONG,False,1,2026-03-26 13:46:00+00:00,2026-03-26 13:47:00+00:00,2026-03-26 19:00:00+00:00,TIME_EXIT,LONG,-1164.48,0.0,0.0,-1164.48,-1164.48,0,2,24158.5,24066.0,92.5
p0_st5_20_bearish_sr350_lr750_buf0_tg1030,"P0 st5_20_bearish, short $350, switch long $750, buffer 0, guard 10:30",NASDAQ_ORB_15m_p0_short_switch_tp2r_p0_st5_20_bearish_sr350_lr750_buf0_tg1030_2026-03-27,2026-03-27,15,2.0,2.0,st5_20_bearish,350.0,750.0,0,10:30,SHORT,False,1,2026-03-27 13:55:00+00:00,2026-03-27 13:56:00+00:00,2026-03-27 19:00:00+00:00,TIME_EXIT,SHORT,0.0,369.26,0.0,369.26,369.26,1,1,23664.25,23531.5,132.75
p0_st5_20_bearish_sr350_lr750_buf0_tg1030,"P0 st5_20_bearish, short $350, switch long $750, buffer 0, guard 10:30",NASDAQ_ORB_15m_p0_short_switch_tp2r_p0_st5_20_bearish_sr350_lr750_buf0_tg1030_2026-03-30,2026-03-30,15,2.0,2.0,st5_20_bearish,350.0,750.0,0,10:30,SHORT,False,1,2026-03-30 13:47:00+00:00,2026-03-30 13:48:00+00:00,2026-03-30 19:00:00+00:00,TIME_EXIT,SHORT,0.0,483.76,0.0,483.76,483.76,1,1,23538.0,23374.25,163.75
p0_st5_20_bearish_sr350_lr750_buf0_tg1030,"P0 st5_20_bearish, short $350, switch long $750, buffer 0, guard 10:30",NASDAQ_ORB_15m_p0_short_switch_tp2r_p0_st5_20_bearish_sr350_lr750_buf0_tg1030_2026-03-31,2026-03-31,15,2.0,2.0,st5_20_bearish,350.0,750.0,0,10:30,LONG,False,1,2026-03-31 13:47:00+00:00,2026-03-31 13:48:00+00:00,2026-03-31 16:41:00+00:00,TP_2R,LONG,800.52,0.0,0.0,800.52,800.52,1,2,23470.0,23378.75,91.25
p0_st5_20_bearish_sr350_lr750_buf0_tg1030,"P0 st5_20_bearish, short $350, switch long $750, buffer 0, guard 10:30",NASDAQ_ORB_15m_p0_short_switch_tp2r_p0_st5_20_bearish_sr350_lr750_buf0_tg1030_2026-04-01,2026-04-01,15,2.0,2.0,st5_20_bearish,350.0,750.0,0,10:30,LONG,False,1,2026-04-01 14:23:00+00:00,2026-04-01 14:24:00+00:00,2026-04-01 19:00:00+00:00,TIME_EXIT,LONG,-91.74,0.0,0.0,-91.74,-91.74,0,1,24194.5,24043.5,151.0
p0_st5_20_bearish_sr350_lr750_buf0_tg1030,"P0 st5_20_bearish, short $350, switch long $750, buffer 0, guard 10:30",NASDAQ_ORB_15m_p0_short_switch_tp2r_p0_st5_20_bearish_sr350_lr750_buf0_tg1030_2026-04-02,2026-04-02,15,2.0,2.0,st5_20_bearish,350.0,750.0,0,10:30,LONG,False,1,2026-04-02 13:54:00+00:00,2026-04-02 13:55:00+00:00,2026-04-02 14:37:00+00:00,TP_2R,LONG,617.26,0.0,0.0,617.26,617.26,1,1,23819.0,23678.0,141.0
p0_st5_20_bearish_sr350_lr750_buf0_tg1030,"P0 st5_20_bearish, short $350, switch long $750, buffer 0, guard 10:30",NASDAQ_ORB_15m_p0_short_switch_tp2r_p0_st5_20_bearish_sr350_lr750_buf0_tg1030_2026-04-06,2026-04-06,15,2.0,2.0,st5_20_bearish,350.0,750.0,0,10:30,LONG,False,1,2026-04-06 13:51:00+00:00,2026-04-06 13:52:00+00:00,2026-04-06 19:00:00+00:00,TIME_EXIT,LONG,-59.24,0.0,0.0,-59.24,-59.24,0,1,24373.75,24245.25,128.5
p0_st5_20_bearish_sr350_lr750_buf0_tg1030,"P0 st5_20_bearish, short $350, switch long $750, buffer 0, guard 10:30",NASDAQ_ORB_15m_p0_short_switch_tp2r_p0_st5_20_bearish_sr350_lr750_buf0_tg1030_2026-04-07,2026-04-07,15,2.0,2.0,st5_20_bearish,350.0,750.0,0,10:30,SHORT,False,1,2026-04-07 13:47:00+00:00,2026-04-07 13:48:00+00:00,2026-04-07 15:06:00+00:00,TP_2R,SHORT,0.0,474.26,0.0,474.26,474.26,1,1,24303.25,24187.75,115.5
p0_st5_20_bearish_sr350_lr750_buf0_tg1030,"P0 st5_20_bearish, short $350, switch long $750, buffer 0, guard 10:30",NASDAQ_ORB_15m_p0_short_switch_tp2r_p0_st5_20_bearish_sr350_lr750_buf0_tg1030_2026-04-08,2026-04-08,15,2.0,2.0,st5_20_bearish,350.0,750.0,0,10:30,SHORT,False,1,2026-04-08 13:52:00+00:00,2026-04-08 13:53:00+00:00,2026-04-08 19:00:00+00:00,TIME_EXIT,SHORT,0.0,261.76,0.0,261.76,261.76,1,1,25251.75,25089.5,162.25
p0_st5_20_bearish_sr350_lr750_buf0_tg1030,"P0 st5_20_bearish, short $350, switch long $750, buffer 0, guard 10:30",NASDAQ_ORB_15m_p0_short_switch_tp2r_p0_st5_20_bearish_sr350_lr750_buf0_tg1030_2026-04-09,2026-04-09,15,2.0,2.0,st5_20_bearish,350.0,750.0,0,10:30,SHORT,True,2,2026-04-09 14:30:00+00:00,2026-04-09 14:31:00+00:00,2026-04-09 19:00:00+00:00,SWITCH_TO_LONG+TIME_EXIT,SHORT,315.78000000000003,-290.74,315.78000000000003,25.04000000000002,25.04000000000002,1,4,25112.75,25019.0,93.75
p0_st5_20_bearish_sr350_lr750_buf0_tg1030,"P0 st5_20_bearish, short $350, switch long $750, buffer 0, guard 10:30",NASDAQ_ORB_15m_p0_short_switch_tp2r_p0_st5_20_bearish_sr350_lr750_buf0_tg1030_2026-04-10,2026-04-10,15,2.0,2.0,st5_20_bearish,350.0,750.0,0,10:30,LONG,False,1,2026-04-10 15:16:00+00:00,2026-04-10 15:17:00+00:00,2026-04-10 19:00:00+00:00,TIME_EXIT,LONG,-478.48,0.0,0.0,-478.48,-478.48,0,2,25372.0,25290.0,82.0
p0_st5_20_bearish_sr350_lr750_buf0_tg1030,"P0 st5_20_bearish, short $350, switch long $750, buffer 0, guard 10:30",NASDAQ_ORB_15m_p0_short_switch_tp2r_p0_st5_20_bearish_sr350_lr750_buf0_tg1030_2026-04-13,2026-04-13,15,2.0,2.0,st5_20_bearish,350.0,750.0,0,10:30,LONG,False,1,2026-04-13 13:50:00+00:00,2026-04-13 13:51:00+00:00,2026-04-13 19:00:00+00:00,TIME_EXIT,LONG,690.52,0.0,0.0,690.52,690.52,1,2,25239.25,25174.5,64.75
p0_st5_20_bearish_sr350_lr750_buf0_tg1030,"P0 st5_20_bearish, short $350, switch long $750, buffer 0, guard 10:30",NASDAQ_ORB_15m_p0_short_switch_tp2r_p0_st5_20_bearish_sr350_lr750_buf0_tg1030_2026-04-14,2026-04-14,15,2.0,2.0,st5_20_bearish,350.0,750.0,0,10:30,LONG,False,1,2026-04-14 13:46:00+00:00,2026-04-14 13:47:00+00:00,2026-04-14 17:43:00+00:00,TP_2R,LONG,820.52,0.0,0.0,820.52,820.52,1,2,25756.25,25655.75,100.5
p0_st5_20_bearish_sr350_lr750_buf0_tg1030,"P0 st5_20_bearish, short $350, switch long $750, buffer 0, guard 10:30",NASDAQ_ORB_15m_p0_short_switch_tp2r_p0_st5_20_bearish_sr350_lr750_buf0_tg1030_2026-04-15,2026-04-15,15,2.0,2.0,st5_20_bearish,350.0,750.0,0,10:30,LONG,False,1,2026-04-15 13:58:00+00:00,2026-04-15 13:59:00+00:00,2026-04-15 16:09:00+00:00,TP_2R,LONG,945.78,0.0,0.0,945.78,945.78,1,3,26059.5,25982.75,76.75
p0_st5_20_bearish_sr350_lr750_buf0_tg1030,"P0 st5_20_bearish, short $350, switch long $750, buffer 0, guard 10:30",NASDAQ_ORB_15m_p0_short_switch_tp2r_p0_st5_20_bearish_sr350_lr750_buf0_tg1030_2026-04-16,2026-04-16,15,2.0,2.0,st5_20_bearish,350.0,750.0,0,10:30,SHORT,True,2,2026-04-16 13:52:00+00:00,2026-04-16 13:53:00+00:00,2026-04-16 19:00:00+00:00,SWITCH_TO_LONG+TIME_EXIT,SHORT,-102.72,-243.24,-102.72,-345.96000000000004,-345.96000000000004,0,4,26453.5,26345.5,108.0
p0_st5_20_bearish_sr350_lr750_buf0_tg1030,"P0 st5_20_bearish, short $350, switch long $750, buffer 0, guard 10:30",NASDAQ_ORB_15m_p0_short_switch_tp2r_p0_st5_20_bearish_sr350_lr750_buf0_tg1030_2026-04-17,2026-04-17,15,2.0,2.0,st5_20_bearish,350.0,750.0,0,10:30,LONG,False,1,2026-04-17 13:52:00+00:00,2026-04-17 13:53:00+00:00,2026-04-17 19:00:00+00:00,TIME_EXIT,LONG,203.52,0.0,0.0,203.52,203.52,1,2,26720.75,26629.5,91.25
p0_st5_20_bearish_sr350_lr750_buf0_tg1030,"P0 st5_20_bearish, short $350, switch long $750, buffer 0, guard 10:30",NASDAQ_ORB_15m_p0_short_switch_tp2r_p0_st5_20_bearish_sr350_lr750_buf0_tg1030_2026-04-21,2026-04-21,15,2.0,2.0,st5_20_bearish,350.0,750.0,0,10:30,LONG,False,1,2026-04-21 14:00:00+00:00,2026-04-21 14:01:00+00:00,2026-04-21 19:00:00+00:00,TIME_EXIT,LONG,-462.48,0.0,0.0,-462.48,-462.48,0,2,26838.0,26726.25,111.75
p0_st5_20_bearish_sr350_lr750_buf0_tg1030,"P0 st5_20_bearish, short $350, switch long $750, buffer 0, guard 10:30",NASDAQ_ORB_15m_p0_short_switch_tp2r_p0_st5_20_bearish_sr350_lr750_buf0_tg1030_2026-04-22,2026-04-22,15,2.0,2.0,st5_20_bearish,350.0,750.0,0,10:30,LONG,False,1,2026-04-22 14:02:00+00:00,2026-04-22 14:03:00+00:00,2026-04-22 19:00:00+00:00,TIME_EXIT,LONG,466.52,0.0,0.0,466.52,466.52,1,2,26892.5,26813.0,79.5
p0_st5_20_bearish_sr350_lr750_buf0_tg1030,"P0 st5_20_bearish, short $350, switch long $750, buffer 0, guard 10:30",NASDAQ_ORB_15m_p0_short_switch_tp2r_p0_st5_20_bearish_sr350_lr750_buf0_tg1030_2026-04-23,2026-04-23,15,2.0,2.0,st5_20_bearish,350.0,750.0,0,10:30,LONG,False,1,2026-04-23 13:47:00+00:00,2026-04-23 13:48:00+00:00,2026-04-23 19:00:00+00:00,TIME_EXIT,LONG,-861.48,0.0,0.0,-861.48,-861.48,0,2,27067.75,26964.0,103.75
p0_st5_20_bearish_sr350_lr750_buf0_tg1030,"P0 st5_20_bearish, short $350, switch long $750, buffer 0, guard 10:30",NASDAQ_ORB_15m_p0_short_switch_tp2r_p0_st5_20_bearish_sr350_lr750_buf0_tg1030_2026-04-24,2026-04-24,15,2.0,2.0,st5_20_bearish,350.0,750.0,0,10:30,SHORT,True,2,2026-04-24 13:55:00+00:00,2026-04-24 13:56:00+00:00,2026-04-24 17:55:00+00:00,SWITCH_TO_LONG+TP_2R,SHORT,1357.04,-359.48,1357.04,997.56,997.56,1,6,27260.25,27177.0,83.25
p0_st5_20_bearish_sr350_lr750_buf0_tg1030,"P0 st5_20_bearish, short $350, switch long $750, buffer 0, guard 10:30",NASDAQ_ORB_15m_p0_short_switch_tp2r_p0_st5_20_bearish_sr350_lr750_buf0_tg1030_2026-04-27,2026-04-27,15,2.0,2.0,st5_20_bearish,350.0,750.0,0,10:30,SHORT,True,2,2026-04-27 13:48:00+00:00,2026-04-27 13:49:00+00:00,2026-04-27 19:00:00+00:00,SWITCH_TO_LONG+TIME_EXIT,SHORT,-292.96,-359.48,-292.96,-652.44,-652.44,0,6,27429.75,27354.25,75.5
p0_st5_20_bearish_sr350_lr750_buf0_tg1030,"P0 st5_20_bearish, short $350, switch long $750, buffer 0, guard 10:30",NASDAQ_ORB_15m_p0_short_switch_tp2r_p0_st5_20_bearish_sr350_lr750_buf0_tg1030_2026-04-28,2026-04-28,15,2.0,2.0,st5_20_bearish,350.0,750.0,0,10:30,LONG,False,1,2026-04-28 13:49:00+00:00,2026-04-28 13:50:00+00:00,2026-04-28 19:00:00+00:00,TIME_EXIT,LONG,-106.74,0.0,0.0,-106.74,-106.74,0,1,27240.0,27069.25,170.75
p0_st5_20_bearish_sr350_lr750_buf0_tg1030,"P0 st5_20_bearish, short $350, switch long $750, buffer 0, guard 10:30",NASDAQ_ORB_15m_p0_short_switch_tp2r_p0_st5_20_bearish_sr350_lr750_buf0_tg1030_2026-04-29,2026-04-29,15,2.0,2.0,st5_20_bearish,350.0,750.0,0,10:30,LONG,False,1,2026-04-29 13:55:00+00:00,2026-04-29 13:56:00+00:00,2026-04-29 19:00:00+00:00,TIME_EXIT,LONG,275.52,0.0,0.0,275.52,275.52,1,2,27218.5,27124.25,94.25
p0_st5_20_bearish_sr350_lr750_buf0_tg1030,"P0 st5_20_bearish, short $350, switch long $750, buffer 0, guard 10:30",NASDAQ_ORB_15m_p0_short_switch_tp2r_p0_st5_20_bearish_sr350_lr750_buf0_tg1030_2026-05-01,2026-05-01,15,2.0,2.0,st5_20_bearish,350.0,750.0,0,10:30,LONG,False,1,2026-05-01 13:51:00+00:00,2026-05-01 13:52:00+00:00,2026-05-01 19:00:00+00:00,TIME_EXIT,LONG,25.76,0.0,0.0,25.76,25.76,1,1,27795.0,27615.0,180.0
p0_st5_20_bearish_sr350_lr750_buf0_tg1030,"P0 st5_20_bearish, short $350, switch long $750, buffer 0, guard 10:30",NASDAQ_ORB_15m_p0_short_switch_tp2r_p0_st5_20_bearish_sr350_lr750_buf0_tg1030_2026-05-04,2026-05-04,15,2.0,2.0,st5_20_bearish,350.0,750.0,0,10:30,LONG,False,1,2026-05-04 14:00:00+00:00,2026-05-04 14:01:00+00:00,2026-05-04 19:00:00+00:00,TIME_EXIT,LONG,-551.48,0.0,0.0,-551.48,-551.48,0,2,27887.5,27808.25,79.25
p0_st5_20_bearish_sr350_lr750_buf0_tg1030,"P0 st5_20_bearish, short $350, switch long $750, buffer 0, guard 10:30",NASDAQ_ORB_15m_p0_short_switch_tp2r_p0_st5_20_bearish_sr350_lr750_buf0_tg1030_2026-05-05,2026-05-05,15,2.0,2.0,st5_20_bearish,350.0,750.0,0,10:30,LONG,False,1,2026-05-05 13:46:00+00:00,2026-05-05 13:47:00+00:00,2026-05-05 19:00:00+00:00,TIME_EXIT,LONG,288.52,0.0,0.0,288.52,288.52,1,2,28083.75,27970.5,113.25
p0_st5_20_bearish_sr350_lr750_buf0_tg1030,"P0 st5_20_bearish, short $350, switch long $750, buffer 0, guard 10:30",NASDAQ_ORB_15m_p0_short_switch_tp2r_p0_st5_20_bearish_sr350_lr750_buf0_tg1030_2026-05-06,2026-05-06,15,2.0,2.0,st5_20_bearish,350.0,750.0,0,10:30,LONG,False,1,2026-05-06 13:55:00+00:00,2026-05-06 13:56:00+00:00,2026-05-06 19:00:00+00:00,TIME_EXIT,LONG,287.76,0.0,0.0,287.76,287.76,1,1,28482.75,28336.5,146.25
p0_st5_20_bearish_sr350_lr750_buf0_tg1030,"P0 st5_20_bearish, short $350, switch long $750, buffer 0, guard 10:30",NASDAQ_ORB_15m_p0_short_switch_tp2r_p0_st5_20_bearish_sr350_lr750_buf0_tg1030_2026-05-07,2026-05-07,15,2.0,2.0,st5_20_bearish,350.0,750.0,0,10:30,SHORT,True,2,2026-05-07 13:46:00+00:00,2026-05-07 13:47:00+00:00,2026-05-07 14:55:00+00:00,SWITCH_TO_LONG+TP_2R,SHORT,1306.3,-305.48,1306.3,1000.8199999999999,1000.8199999999999,1,7,28782.5,28722.0,60.5
p0_st5_20_bearish_sr350_lr750_buf0_tg1030,"P0 st5_20_bearish, short $350, switch long $750, buffer 0, guard 10:30",NASDAQ_ORB_15m_p0_short_switch_tp2r_p0_st5_20_bearish_sr350_lr750_buf0_tg1030_2026-05-08,2026-05-08,15,2.0,2.0,st5_20_bearish,350.0,750.0,0,10:30,LONG,False,1,2026-05-08 13:46:00+00:00,2026-05-08 13:47:00+00:00,2026-05-08 19:00:00+00:00,TIME_EXIT,LONG,396.76,0.0,0.0,396.76,396.76,1,1,28998.25,28863.5,134.75
p0_st5_20_bearish_sr350_lr750_buf0_tg1030,"P0 st5_20_bearish, short $350, switch long $750, buffer 0, guard 10:30",NASDAQ_ORB_15m_p0_short_switch_tp2r_p0_st5_20_bearish_sr350_lr750_buf0_tg1030_2026-05-11,2026-05-11,15,2.0,2.0,st5_20_bearish,350.0,750.0,0,10:30,LONG,False,1,2026-05-11 15:44:00+00:00,2026-05-11 15:45:00+00:00,2026-05-11 19:00:00+00:00,TIME_EXIT,LONG,-102.24,0.0,0.0,-102.24,-102.24,0,1,29437.25,29280.25,157.0
p0_st5_20_bearish_sr350_lr750_buf0_tg1030,"P0 st5_20_bearish, short $350, switch long $750, buffer 0, guard 10:30",NASDAQ_ORB_15m_p0_short_switch_tp2r_p0_st5_20_bearish_sr350_lr750_buf0_tg1030_2026-05-12,2026-05-12,15,2.0,2.0,st5_20_bearish,350.0,750.0,0,10:30,SHORT,False,1,2026-05-12 14:05:00+00:00,2026-05-12 14:06:00+00:00,2026-05-12 16:49:00+00:00,TP_2R,SHORT,0.0,698.26,0.0,698.26,698.26,1,1,29285.75,29143.75,142.0
p0_st5_20_bearish_sr350_lr750_buf0_tg1030,"P0 st5_20_bearish, short $350, switch long $750, buffer 0, guard 10:30",NASDAQ_ORB_15m_p0_short_switch_tp2r_p0_st5_20_bearish_sr350_lr750_buf0_tg1030_2026-05-13,2026-05-13,15,2.0,2.0,st5_20_bearish,350.0,750.0,0,10:30,SHORT,True,2,2026-05-13 13:46:00+00:00,2026-05-13 13:47:00+00:00,2026-05-13 18:14:00+00:00,SWITCH_TO_LONG+TP_2R,SHORT,1326.78,-247.24,1326.78,1079.54,1079.54,1,4,29289.25,29180.25,109.0
p0_st5_20_bearish_sr350_lr750_buf0_tg1030,"P0 st5_20_bearish, short $350, switch long $750, buffer 0, guard 10:30",NASDAQ_ORB_15m_p0_short_switch_tp2r_p0_st5_20_bearish_sr350_lr750_buf0_tg1030_2026-05-14,2026-05-14,15,2.0,2.0,st5_20_bearish,350.0,750.0,0,10:30,LONG,False,1,2026-05-14 13:46:00+00:00,2026-05-14 13:47:00+00:00,2026-05-14 19:00:00+00:00,TIME_EXIT,LONG,98.26,0.0,0.0,98.26,98.26,1,1,29629.75,29454.0,175.75
p0_st5_20_bearish_sr350_lr750_buf0_tg1030,"P0 st5_20_bearish, short $350, switch long $750, buffer 0, guard 10:30",NASDAQ_ORB_15m_p0_short_switch_tp2r_p0_st5_20_bearish_sr350_lr750_buf0_tg1030_2026-05-15,2026-05-15,15,2.0,2.0,st5_20_bearish,350.0,750.0,0,10:30,SHORT,True,2,2026-05-15 13:46:00+00:00,2026-05-15 13:47:00+00:00,2026-05-15 19:00:00+00:00,SWITCH_TO_LONG+TIME_EXIT,SHORT,350.52,-337.24,350.52,13.279999999999973,13.279999999999973,1,3,29291.75,29150.25,141.5
p0_st5_20_bearish_sr350_lr750_buf0_tg1030,"P0 st5_20_bearish, short $350, switch long $750, buffer 0, guard 10:30",NASDAQ_ORB_15m_p0_short_switch_tp2r_p0_st5_20_bearish_sr350_lr750_buf0_tg1030_2026-05-20,2026-05-20,15,2.0,2.0,st5_20_bearish,350.0,750.0,0,10:30,LONG,False,1,2026-05-20 13:47:00+00:00,2026-05-20 13:48:00+00:00,2026-05-20 19:00:00+00:00,TIME_EXIT,LONG,212.76,0.0,0.0,212.76,212.76,1,1,29154.75,29022.75,132.0
p0_st5_20_bearish_sr350_lr750_buf0_tg1030,"P0 st5_20_bearish, short $350, switch long $750, buffer 0, guard 10:30",NASDAQ_ORB_15m_p0_short_switch_tp2r_p0_st5_20_bearish_sr350_lr750_buf0_tg1030_2026-05-21,2026-05-21,15,2.0,2.0,st5_20_bearish,350.0,750.0,0,10:30,LONG,False,1,2026-05-21 13:55:00+00:00,2026-05-21 13:56:00+00:00,2026-05-21 17:55:00+00:00,TP_2R,LONG,978.52,0.0,0.0,978.52,978.52,1,2,29268.5,29172.25,96.25
p0_st5_20_bearish_sr350_lr750_buf0_tg1030,"P0 st5_20_bearish, short $350, switch long $750, buffer 0, guard 10:30",NASDAQ_ORB_15m_p0_short_switch_tp2r_p0_st5_20_bearish_sr350_lr750_buf0_tg1030_2026-05-26,2026-05-26,15,2.0,2.0,st5_20_bearish,350.0,750.0,0,10:30,LONG,False,1,2026-05-26 13:46:00+00:00,2026-05-26 13:47:00+00:00,2026-05-26 19:00:00+00:00,TIME_EXIT,LONG,100.76,0.0,0.0,100.76,100.76,1,1,29939.0,29826.5,112.5
