variant_id,sequence_id,ny_date,leg_index,side,orb_minutes,orb_end,short_tp_r,signal_ts,entry_ts,exit_ts,signal_minutes_from_open,exit_reason,orb_high,orb_low,orb_range_pts,entry_price,exit_price,stop_reference,entry_risk_pts,risk_per_contract_usd,target_risk_usd,contracts_float,contracts_used,pnl_per_contract_usd,pnl_usd,label
p0_st5_20_bearish_sr350_lr750_buf0_tg1030,NASDAQ_ORB_15m_p0_short_switch_tp2r_p0_st5_20_bearish_sr350_lr750_buf0_tg1030_2019-05-06,2019-05-06,1,LONG,15,09:45,2.0,2019-05-06 13:46:00+00:00,2019-05-06 13:47:00+00:00,2019-05-06 19:00:00+00:00,16,TIME_EXIT,7745.75,7676.5,69.25,7745.75,7814.25,7676.5,69.25,138.5,500.0,3.6101083032490973,3,135.76,407.28,1
p0_st5_20_bearish_sr350_lr750_buf0_tg1030,NASDAQ_ORB_15m_p0_short_switch_tp2r_p0_st5_20_bearish_sr350_lr750_buf0_tg1030_2019-05-07,2019-05-07,1,SHORT,15,09:45,2.0,2019-05-07 14:05:00+00:00,2019-05-07 14:06:00+00:00,2019-05-07 19:00:00+00:00,35,TIME_EXIT,7752.75,7719.25,33.5,7687.5,7614.0,7752.75,65.25,130.5,350.0,2.681992337164751,2,145.76,291.52,1
p0_st5_20_bearish_sr350_lr750_buf0_tg1030,NASDAQ_ORB_15m_p0_short_switch_tp2r_p0_st5_20_bearish_sr350_lr750_buf0_tg1030_2019-05-08,2019-05-08,1,LONG,15,09:45,2.0,2019-05-08 13:49:00+00:00,2019-05-08 13:50:00+00:00,2019-05-08 19:00:00+00:00,19,TIME_EXIT,7651.0,7600.75,50.25,7654.25,7664.75,7600.75,53.5,107.0,500.0,4.672897196261682,4,19.76,79.04,1
p0_st5_20_bearish_sr350_lr750_buf0_tg1030,NASDAQ_ORB_15m_p0_short_switch_tp2r_p0_st5_20_bearish_sr350_lr750_buf0_tg1030_2019-05-09,2019-05-09,1,SHORT,15,09:45,2.0,2019-05-09 13:46:00+00:00,2019-05-09 13:47:00+00:00,2019-05-09 16:33:00+00:00,16,SWITCH_TO_LONG,7565.75,7528.0,37.75,7524.75,7568.5,7565.75,41.0,82.0,350.0,4.2682926829268295,4,-88.74,-354.96,0
p0_st5_20_bearish_sr350_lr750_buf0_tg1030,NASDAQ_ORB_15m_p0_short_switch_tp2r_p0_st5_20_bearish_sr350_lr750_buf0_tg1030_2019-05-09,2019-05-09,2,LONG,15,09:45,2.0,2019-05-09 16:32:00+00:00,2019-05-09 16:33:00+00:00,2019-05-09 19:00:00+00:00,182,TIME_EXIT,7565.75,7528.0,37.75,7568.5,7572.75,7528.0,40.5,81.0,750.0,9.25925925925926,9,7.26,65.34,1
p0_st5_20_bearish_sr350_lr750_buf0_tg1030,NASDAQ_ORB_15m_p0_short_switch_tp2r_p0_st5_20_bearish_sr350_lr750_buf0_tg1030_2019-05-10,2019-05-10,1,LONG,15,09:45,2.0,2019-05-10 13:47:00+00:00,2019-05-10 13:48:00+00:00,2019-05-10 19:00:00+00:00,17,TIME_EXIT,7580.5,7554.0,26.5,7584.0,7576.5,7554.0,30.0,60.0,500.0,8.333333333333334,8,-16.24,-129.92,0
p0_st5_20_bearish_sr350_lr750_buf0_tg1030,NASDAQ_ORB_15m_p0_short_switch_tp2r_p0_st5_20_bearish_sr350_lr750_buf0_tg1030_2019-05-13,2019-05-13,1,SHORT,15,09:45,2.0,2019-05-13 13:53:00+00:00,2019-05-13 13:54:00+00:00,2019-05-13 19:00:00+00:00,23,TIME_EXIT,7444.75,7395.25,49.5,7387.5,7372.75,7444.75,57.25,114.5,350.0,3.056768558951965,3,28.26,84.78,1
p0_st5_20_bearish_sr350_lr750_buf0_tg1030,NASDAQ_ORB_15m_p0_short_switch_tp2r_p0_st5_20_bearish_sr350_lr750_buf0_tg1030_2019-05-14,2019-05-14,1,SHORT,15,09:45,2.0,2019-05-14 13:49:00+00:00,2019-05-14 13:50:00+00:00,2019-05-14 14:19:00+00:00,19,SWITCH_TO_LONG,7395.0,7367.25,27.75,7361.5,7398.75,7395.0,33.5,67.0,350.0,5.223880597014926,5,-75.74,-378.7,0
p0_st5_20_bearish_sr350_lr750_buf0_tg1030,NASDAQ_ORB_15m_p0_short_switch_tp2r_p0_st5_20_bearish_sr350_lr750_buf0_tg1030_2019-05-14,2019-05-14,2,LONG,15,09:45,2.0,2019-05-14 14:18:00+00:00,2019-05-14 14:19:00+00:00,2019-05-14 19:00:00+00:00,48,TIME_EXIT,7395.0,7367.25,27.75,7398.75,7437.0,7367.25,31.5,63.0,750.0,11.904761904761905,11,75.26,827.86,1
p0_st5_20_bearish_sr350_lr750_buf0_tg1030,NASDAQ_ORB_15m_p0_short_switch_tp2r_p0_st5_20_bearish_sr350_lr750_buf0_tg1030_2019-05-15,2019-05-15,1,LONG,15,09:45,2.0,2019-05-15 13:46:00+00:00,2019-05-15 13:47:00+00:00,2019-05-15 14:30:00+00:00,16,TP_2R,7395.25,7363.0,32.25,7397.25,7465.5,7363.0,34.25,68.5,500.0,7.299270072992701,7,135.26,946.8199999999999,1
p0_st5_20_bearish_sr350_lr750_buf0_tg1030,NASDAQ_ORB_15m_p0_short_switch_tp2r_p0_st5_20_bearish_sr350_lr750_buf0_tg1030_2019-05-16,2019-05-16,1,LONG,15,09:45,2.0,2019-05-16 13:50:00+00:00,2019-05-16 13:51:00+00:00,2019-05-16 19:00:00+00:00,20,TIME_EXIT,7563.25,7511.5,51.75,7564.25,7610.75,7511.5,52.75,105.5,500.0,4.739336492890995,4,91.76,367.04,1
p0_st5_20_bearish_sr350_lr750_buf0_tg1030,NASDAQ_ORB_15m_p0_short_switch_tp2r_p0_st5_20_bearish_sr350_lr750_buf0_tg1030_2019-05-17,2019-05-17,1,LONG,15,09:45,2.0,2019-05-17 13:48:00+00:00,2019-05-17 13:49:00+00:00,2019-05-17 19:00:00+00:00,18,TIME_EXIT,7564.25,7516.25,48.0,7566.5,7569.5,7516.25,50.25,100.5,500.0,4.975124378109452,4,4.76,19.04,1
p0_st5_20_bearish_sr350_lr750_buf0_tg1030,NASDAQ_ORB_15m_p0_short_switch_tp2r_p0_st5_20_bearish_sr350_lr750_buf0_tg1030_2019-05-20,2019-05-20,1,LONG,15,09:45,2.0,2019-05-20 14:26:00+00:00,2019-05-20 14:27:00+00:00,2019-05-20 19:00:00+00:00,56,TIME_EXIT,7416.75,7361.5,55.25,7418.5,7380.75,7361.5,57.0,114.0,500.0,4.385964912280702,4,-76.74,-306.96,0
p0_st5_20_bearish_sr350_lr750_buf0_tg1030,NASDAQ_ORB_15m_p0_short_switch_tp2r_p0_st5_20_bearish_sr350_lr750_buf0_tg1030_2019-05-21,2019-05-21,1,SHORT,15,09:45,2.0,2019-05-21 13:51:00+00:00,2019-05-21 13:52:00+00:00,2019-05-21 14:47:00+00:00,21,SWITCH_TO_LONG,7465.0,7444.0,21.0,7442.75,7466.25,7465.0,22.25,44.5,350.0,7.865168539325842,7,-48.24,-337.68,0
p0_st5_20_bearish_sr350_lr750_buf0_tg1030,NASDAQ_ORB_15m_p0_short_switch_tp2r_p0_st5_20_bearish_sr350_lr750_buf0_tg1030_2019-05-21,2019-05-21,2,LONG,15,09:45,2.0,2019-05-21 14:46:00+00:00,2019-05-21 14:47:00+00:00,2019-05-21 19:00:00+00:00,76,TIME_EXIT,7465.0,7444.0,21.0,7466.25,7467.25,7444.0,22.25,44.5,750.0,16.853932584269664,16,0.76,12.16,1
p0_st5_20_bearish_sr350_lr750_buf0_tg1030,NASDAQ_ORB_15m_p0_short_switch_tp2r_p0_st5_20_bearish_sr350_lr750_buf0_tg1030_2019-05-22,2019-05-22,1,LONG,15,09:45,2.0,2019-05-22 13:55:00+00:00,2019-05-22 13:56:00+00:00,2019-05-22 19:00:00+00:00,25,TIME_EXIT,7447.5,7420.25,27.25,7450.5,7455.0,7420.25,30.25,60.5,500.0,8.264462809917354,8,7.76,62.08,1
p0_st5_20_bearish_sr350_lr750_buf0_tg1030,NASDAQ_ORB_15m_p0_short_switch_tp2r_p0_st5_20_bearish_sr350_lr750_buf0_tg1030_2019-05-23,2019-05-23,1,SHORT,15,09:45,2.0,2019-05-23 13:46:00+00:00,2019-05-23 13:47:00+00:00,2019-05-23 19:00:00+00:00,16,TIME_EXIT,7346.0,7316.75,29.25,7311.0,7284.0,7346.0,35.0,70.0,350.0,5.0,5,52.76,263.8,1
p0_st5_20_bearish_sr350_lr750_buf0_tg1030,NASDAQ_ORB_15m_p0_short_switch_tp2r_p0_st5_20_bearish_sr350_lr750_buf0_tg1030_2019-05-24,2019-05-24,1,SHORT,15,09:45,2.0,2019-05-24 14:30:00+00:00,2019-05-24 14:31:00+00:00,2019-05-24 19:00:00+00:00,60,TIME_EXIT,7379.5,7356.0,23.5,7341.0,7323.25,7379.5,38.5,77.0,350.0,4.545454545454546,4,34.26,137.04,1
p0_st5_20_bearish_sr350_lr750_buf0_tg1030,NASDAQ_ORB_15m_p0_short_switch_tp2r_p0_st5_20_bearish_sr350_lr750_buf0_tg1030_2019-05-29,2019-05-29,1,LONG,15,09:45,2.0,2019-05-29 14:16:00+00:00,2019-05-29 14:17:00+00:00,2019-05-29 19:00:00+00:00,46,TIME_EXIT,7245.75,7212.25,33.5,7247.0,7205.75,7212.25,34.75,69.5,500.0,7.194244604316546,7,-83.74,-586.18,0
p0_st5_20_bearish_sr350_lr750_buf0_tg1030,NASDAQ_ORB_15m_p0_short_switch_tp2r_p0_st5_20_bearish_sr350_lr750_buf0_tg1030_2019-05-30,2019-05-30,1,LONG,15,09:45,2.0,2019-05-30 13:48:00+00:00,2019-05-30 13:49:00+00:00,2019-05-30 19:00:00+00:00,18,TIME_EXIT,7261.5,7237.75,23.75,7262.75,7237.5,7237.75,25.0,50.0,500.0,10.0,10,-51.74,-517.4,0
p0_st5_20_bearish_sr350_lr750_buf0_tg1030,NASDAQ_ORB_15m_p0_short_switch_tp2r_p0_st5_20_bearish_sr350_lr750_buf0_tg1030_2019-05-31,2019-05-31,1,SHORT,15,09:45,2.0,2019-05-31 13:51:00+00:00,2019-05-31 13:52:00+00:00,2019-05-31 14:51:00+00:00,21,SWITCH_TO_LONG,7171.0,7140.0,31.0,7136.75,7176.0,7171.0,34.25,68.5,350.0,5.109489051094891,5,-79.74,-398.7,0
p0_st5_20_bearish_sr350_lr750_buf0_tg1030,NASDAQ_ORB_15m_p0_short_switch_tp2r_p0_st5_20_bearish_sr350_lr750_buf0_tg1030_2019-05-31,2019-05-31,2,LONG,15,09:45,2.0,2019-05-31 14:50:00+00:00,2019-05-31 14:51:00+00:00,2019-05-31 19:00:00+00:00,80,TIME_EXIT,7171.0,7140.0,31.0,7176.0,7153.75,7140.0,36.0,72.0,750.0,10.416666666666666,10,-45.74,-457.40000000000003,0
p0_st5_20_bearish_sr350_lr750_buf0_tg1030,NASDAQ_ORB_15m_p0_short_switch_tp2r_p0_st5_20_bearish_sr350_lr750_buf0_tg1030_2019-06-03,2019-06-03,1,SHORT,15,09:45,2.0,2019-06-03 13:50:00+00:00,2019-06-03 13:51:00+00:00,2019-06-03 19:00:00+00:00,20,TIME_EXIT,7132.5,7102.0,30.5,7073.75,6975.25,7132.5,58.75,117.5,350.0,2.978723404255319,2,195.76,391.52,1
p0_st5_20_bearish_sr350_lr750_buf0_tg1030,NASDAQ_ORB_15m_p0_short_switch_tp2r_p0_st5_20_bearish_sr350_lr750_buf0_tg1030_2019-06-04,2019-06-04,1,SHORT,15,09:45,2.0,2019-06-04 13:52:00+00:00,2019-06-04 13:53:00+00:00,2019-06-04 14:24:00+00:00,22,SWITCH_TO_LONG,7067.5,7032.0,35.5,7031.25,7069.5,7067.5,36.25,72.5,350.0,4.827586206896552,4,-77.74,-310.96,0
p0_st5_20_bearish_sr350_lr750_buf0_tg1030,NASDAQ_ORB_15m_p0_short_switch_tp2r_p0_st5_20_bearish_sr350_lr750_buf0_tg1030_2019-06-04,2019-06-04,2,LONG,15,09:45,2.0,2019-06-04 14:23:00+00:00,2019-06-04 14:24:00+00:00,2019-06-04 16:56:00+00:00,53,TP_2R,7067.5,7032.0,35.5,7069.5,7144.25,7032.0,37.5,75.0,750.0,10.0,10,148.26,1482.6,1
p0_st5_20_bearish_sr350_lr750_buf0_tg1030,NASDAQ_ORB_15m_p0_short_switch_tp2r_p0_st5_20_bearish_sr350_lr750_buf0_tg1030_2019-06-05,2019-06-05,1,SHORT,15,09:45,2.0,2019-06-05 13:55:00+00:00,2019-06-05 13:56:00+00:00,2019-06-05 19:00:00+00:00,25,TIME_EXIT,7242.0,7205.5,36.5,7194.5,7206.5,7242.0,47.5,95.0,350.0,3.6842105263157894,3,-25.24,-75.72,0
p0_st5_20_bearish_sr350_lr750_buf0_tg1030,NASDAQ_ORB_15m_p0_short_switch_tp2r_p0_st5_20_bearish_sr350_lr750_buf0_tg1030_2019-06-06,2019-06-06,1,SHORT,15,09:45,2.0,2019-06-06 13:54:00+00:00,2019-06-06 13:55:00+00:00,2019-06-06 15:31:00+00:00,24,SWITCH_TO_LONG,7247.25,7219.0,28.25,7217.75,7248.5,7247.25,29.5,59.0,350.0,5.932203389830509,5,-62.74,-313.7,0
p0_st5_20_bearish_sr350_lr750_buf0_tg1030,NASDAQ_ORB_15m_p0_short_switch_tp2r_p0_st5_20_bearish_sr350_lr750_buf0_tg1030_2019-06-06,2019-06-06,2,LONG,15,09:45,2.0,2019-06-06 15:30:00+00:00,2019-06-06 15:31:00+00:00,2019-06-06 19:00:00+00:00,120,TIME_EXIT,7247.25,7219.0,28.25,7248.5,7258.0,7219.0,29.5,59.0,750.0,12.711864406779661,12,17.76,213.12,1
p0_st5_20_bearish_sr350_lr750_buf0_tg1030,NASDAQ_ORB_15m_p0_short_switch_tp2r_p0_st5_20_bearish_sr350_lr750_buf0_tg1030_2019-06-07,2019-06-07,1,LONG,15,09:45,2.0,2019-06-07 13:58:00+00:00,2019-06-07 13:59:00+00:00,2019-06-07 19:00:00+00:00,28,TIME_EXIT,7367.0,7311.0,56.0,7368.25,7419.5,7311.0,57.25,114.5,500.0,4.366812227074236,4,101.26,405.04,1
p0_st5_20_bearish_sr350_lr750_buf0_tg1030,NASDAQ_ORB_15m_p0_short_switch_tp2r_p0_st5_20_bearish_sr350_lr750_buf0_tg1030_2019-06-10,2019-06-10,1,LONG,15,09:45,2.0,2019-06-10 14:06:00+00:00,2019-06-10 14:07:00+00:00,2019-06-10 19:00:00+00:00,36,TIME_EXIT,7516.75,7469.25,47.5,7520.75,7530.0,7469.25,51.5,103.0,500.0,4.854368932038835,4,17.26,69.04,1
p0_st5_20_bearish_sr350_lr750_buf0_tg1030,NASDAQ_ORB_15m_p0_short_switch_tp2r_p0_st5_20_bearish_sr350_lr750_buf0_tg1030_2019-06-12,2019-06-12,1,SHORT,15,09:45,2.0,2019-06-12 14:30:00+00:00,2019-06-12 14:31:00+00:00,2019-06-12 19:00:00+00:00,60,TIME_EXIT,7512.5,7479.75,32.75,7473.25,7478.75,7512.5,39.25,78.5,350.0,4.45859872611465,4,-12.24,-48.96,0
p0_st5_20_bearish_sr350_lr750_buf0_tg1030,NASDAQ_ORB_15m_p0_short_switch_tp2r_p0_st5_20_bearish_sr350_lr750_buf0_tg1030_2019-06-13,2019-06-13,1,LONG,15,09:45,2.0,2019-06-13 13:46:00+00:00,2019-06-13 13:47:00+00:00,2019-06-13 19:00:00+00:00,16,TIME_EXIT,7528.75,7496.75,32.0,7529.5,7504.0,7496.75,32.75,65.5,500.0,7.633587786259542,7,-52.24,-365.68,0
p0_st5_20_bearish_sr350_lr750_buf0_tg1030,NASDAQ_ORB_15m_p0_short_switch_tp2r_p0_st5_20_bearish_sr350_lr750_buf0_tg1030_2019-06-14,2019-06-14,1,LONG,15,09:45,2.0,2019-06-14 14:51:00+00:00,2019-06-14 14:52:00+00:00,2019-06-14 19:00:00+00:00,81,TIME_EXIT,7506.75,7456.25,50.5,7488.5,7513.0,7456.25,32.25,64.5,500.0,7.751937984496124,7,47.76,334.32,1
p0_st5_20_bearish_sr350_lr750_buf0_tg1030,NASDAQ_ORB_15m_p0_short_switch_tp2r_p0_st5_20_bearish_sr350_lr750_buf0_tg1030_2019-06-17,2019-06-17,1,LONG,15,09:45,2.0,2019-06-17 13:49:00+00:00,2019-06-17 13:50:00+00:00,2019-06-17 19:00:00+00:00,19,TIME_EXIT,7553.5,7517.75,35.75,7559.25,7560.75,7517.75,41.5,83.0,500.0,6.024096385542169,6,1.76,10.56,1
p0_st5_20_bearish_sr350_lr750_buf0_tg1030,NASDAQ_ORB_15m_p0_short_switch_tp2r_p0_st5_20_bearish_sr350_lr750_buf0_tg1030_2019-06-18,2019-06-18,1,LONG,15,09:45,2.0,2019-06-18 13:49:00+00:00,2019-06-18 13:50:00+00:00,2019-06-18 19:00:00+00:00,19,TIME_EXIT,7700.5,7625.25,75.25,7703.75,7678.75,7625.25,78.5,157.0,500.0,3.1847133757961785,3,-51.24,-153.72,0
p0_st5_20_bearish_sr350_lr750_buf0_tg1030,NASDAQ_ORB_15m_p0_short_switch_tp2r_p0_st5_20_bearish_sr350_lr750_buf0_tg1030_2019-06-19,2019-06-19,1,LONG,15,09:45,2.0,2019-06-19 18:02:00+00:00,2019-06-19 18:03:00+00:00,2019-06-19 19:00:00+00:00,272,TIME_EXIT,7685.25,7638.75,46.5,7686.25,7673.5,7638.75,47.5,95.0,500.0,5.2631578947368425,5,-26.74,-133.7,0
p0_st5_20_bearish_sr350_lr750_buf0_tg1030,NASDAQ_ORB_15m_p0_short_switch_tp2r_p0_st5_20_bearish_sr350_lr750_buf0_tg1030_2019-06-20,2019-06-20,1,SHORT,15,09:45,2.0,2019-06-20 14:20:00+00:00,2019-06-20 14:21:00+00:00,2019-06-20 16:19:00+00:00,50,TP_2R,7802.25,7774.5,27.75,7772.25,7712.5,7802.25,30.0,60.0,350.0,5.833333333333333,5,118.26,591.3000000000001,1
p0_st5_20_bearish_sr350_lr750_buf0_tg1030,NASDAQ_ORB_15m_p0_short_switch_tp2r_p0_st5_20_bearish_sr350_lr750_buf0_tg1030_2019-06-21,2019-06-21,1,LONG,15,09:45,2.0,2019-06-21 13:57:00+00:00,2019-06-21 13:58:00+00:00,2019-06-21 15:09:00+00:00,27,TP_2R,7757.75,7736.75,21.0,7758.75,7802.5,7736.75,22.0,44.0,500.0,11.363636363636363,11,86.26,948.86,1
p0_st5_20_bearish_sr350_lr750_buf0_tg1030,NASDAQ_ORB_15m_p0_short_switch_tp2r_p0_st5_20_bearish_sr350_lr750_buf0_tg1030_2019-06-24,2019-06-24,1,SHORT,15,09:45,2.0,2019-06-24 13:49:00+00:00,2019-06-24 13:50:00+00:00,2019-06-24 19:00:00+00:00,19,TIME_EXIT,7777.0,7762.0,15.0,7758.5,7760.0,7777.0,18.5,37.0,350.0,9.45945945945946,9,-4.24,-38.160000000000004,0
p0_st5_20_bearish_sr350_lr750_buf0_tg1030,NASDAQ_ORB_15m_p0_short_switch_tp2r_p0_st5_20_bearish_sr350_lr750_buf0_tg1030_2019-06-25,2019-06-25,1,SHORT,15,09:45,2.0,2019-06-25 13:49:00+00:00,2019-06-25 13:50:00+00:00,2019-06-25 17:02:00+00:00,19,TP_2R,7753.0,7723.25,29.75,7716.5,7643.75,7753.0,36.5,73.0,350.0,4.794520547945205,4,144.26,577.04,1
p0_st5_20_bearish_sr350_lr750_buf0_tg1030,NASDAQ_ORB_15m_p0_short_switch_tp2r_p0_st5_20_bearish_sr350_lr750_buf0_tg1030_2019-06-27,2019-06-27,1,LONG,15,09:45,2.0,2019-06-27 13:57:00+00:00,2019-06-27 13:58:00+00:00,2019-06-27 19:00:00+00:00,27,TIME_EXIT,7698.5,7674.25,24.25,7699.5,7687.75,7674.25,25.25,50.5,500.0,9.900990099009901,9,-24.74,-222.66,0
p0_st5_20_bearish_sr350_lr750_buf0_tg1030,NASDAQ_ORB_15m_p0_short_switch_tp2r_p0_st5_20_bearish_sr350_lr750_buf0_tg1030_2019-06-28,2019-06-28,1,SHORT,15,09:45,2.0,2019-06-28 13:49:00+00:00,2019-06-28 13:50:00+00:00,2019-06-28 19:00:00+00:00,19,TIME_EXIT,7710.25,7681.5,28.75,7674.75,7675.75,7710.25,35.5,71.0,350.0,4.929577464788732,4,-3.24,-12.96,0
p0_st5_20_bearish_sr350_lr750_buf0_tg1030,NASDAQ_ORB_15m_p0_short_switch_tp2r_p0_st5_20_bearish_sr350_lr750_buf0_tg1030_2019-07-01,2019-07-01,1,SHORT,15,09:45,2.0,2019-07-01 13:50:00+00:00,2019-07-01 13:51:00+00:00,2019-07-01 18:29:00+00:00,20,TP_2R,7850.25,7830.5,19.75,7821.0,7762.75,7850.25,29.25,58.5,350.0,5.982905982905983,5,115.26,576.3000000000001,1
p0_st5_20_bearish_sr350_lr750_buf0_tg1030,NASDAQ_ORB_15m_p0_short_switch_tp2r_p0_st5_20_bearish_sr350_lr750_buf0_tg1030_2019-07-02,2019-07-02,1,LONG,15,09:45,2.0,2019-07-02 14:30:00+00:00,2019-07-02 14:31:00+00:00,2019-07-02 19:00:00+00:00,60,TIME_EXIT,7797.25,7777.5,19.75,7799.0,7797.5,7777.5,21.5,43.0,500.0,11.627906976744185,11,-4.24,-46.64,0
p0_st5_20_bearish_sr350_lr750_buf0_tg1030,NASDAQ_ORB_15m_p0_short_switch_tp2r_p0_st5_20_bearish_sr350_lr750_buf0_tg1030_2019-07-03,2019-07-03,1,LONG,15,09:45,2.0,2019-07-03 13:46:00+00:00,2019-07-03 13:47:00+00:00,2019-07-03 16:42:00+00:00,16,TP_2R,7849.0,7835.25,13.75,7849.75,7878.5,7835.25,14.5,29.0,500.0,17.24137931034483,17,56.26,956.42,1
p0_st5_20_bearish_sr350_lr750_buf0_tg1030,NASDAQ_ORB_15m_p0_short_switch_tp2r_p0_st5_20_bearish_sr350_lr750_buf0_tg1030_2019-07-05,2019-07-05,1,SHORT,15,09:45,2.0,2019-07-05 13:56:00+00:00,2019-07-05 13:57:00+00:00,2019-07-05 16:27:00+00:00,26,SWITCH_TO_LONG,7841.25,7824.5,16.75,7822.5,7841.75,7841.25,18.75,37.5,350.0,9.333333333333334,9,-39.74,-357.66,0
p0_st5_20_bearish_sr350_lr750_buf0_tg1030,NASDAQ_ORB_15m_p0_short_switch_tp2r_p0_st5_20_bearish_sr350_lr750_buf0_tg1030_2019-07-05,2019-07-05,2,LONG,15,09:45,2.0,2019-07-05 16:26:00+00:00,2019-07-05 16:27:00+00:00,2019-07-05 18:54:00+00:00,176,TP_2R,7841.25,7824.5,16.75,7841.75,7876.0,7824.5,17.25,34.5,750.0,21.73913043478261,20,67.26,1345.2,1
p0_st5_20_bearish_sr350_lr750_buf0_tg1030,NASDAQ_ORB_15m_p0_short_switch_tp2r_p0_st5_20_bearish_sr350_lr750_buf0_tg1030_2019-07-08,2019-07-08,1,SHORT,15,09:45,2.0,2019-07-08 13:48:00+00:00,2019-07-08 13:49:00+00:00,2019-07-08 19:00:00+00:00,18,TIME_EXIT,7818.0,7780.75,37.25,7779.5,7805.0,7818.0,38.5,77.0,350.0,4.545454545454546,4,-52.24,-208.96,0
p0_st5_20_bearish_sr350_lr750_buf0_tg1030,NASDAQ_ORB_15m_p0_short_switch_tp2r_p0_st5_20_bearish_sr350_lr750_buf0_tg1030_2019-07-09,2019-07-09,1,LONG,15,09:45,2.0,2019-07-09 14:01:00+00:00,2019-07-09 14:02:00+00:00,2019-07-09 19:00:00+00:00,31,TIME_EXIT,7799.5,7765.75,33.75,7803.0,7845.0,7765.75,37.25,74.5,500.0,6.7114093959731544,6,82.76,496.56000000000006,1
p0_st5_20_bearish_sr350_lr750_buf0_tg1030,NASDAQ_ORB_15m_p0_short_switch_tp2r_p0_st5_20_bearish_sr350_lr750_buf0_tg1030_2019-07-10,2019-07-10,1,LONG,15,09:45,2.0,2019-07-10 13:49:00+00:00,2019-07-10 13:50:00+00:00,2019-07-10 19:00:00+00:00,19,TIME_EXIT,7931.0,7887.5,43.5,7942.25,7915.5,7887.5,54.75,109.5,500.0,4.566210045662101,4,-54.74,-218.96,0
p0_st5_20_bearish_sr350_lr750_buf0_tg1030,NASDAQ_ORB_15m_p0_short_switch_tp2r_p0_st5_20_bearish_sr350_lr750_buf0_tg1030_2019-07-11,2019-07-11,1,LONG,15,09:45,2.0,2019-07-11 14:01:00+00:00,2019-07-11 14:02:00+00:00,2019-07-11 19:00:00+00:00,31,TIME_EXIT,7949.5,7930.0,19.5,7950.75,7913.75,7930.0,20.75,41.5,500.0,12.048192771084338,12,-75.24,-902.8799999999999,0
p0_st5_20_bearish_sr350_lr750_buf0_tg1030,NASDAQ_ORB_15m_p0_short_switch_tp2r_p0_st5_20_bearish_sr350_lr750_buf0_tg1030_2019-07-12,2019-07-12,1,LONG,15,09:45,2.0,2019-07-12 13:46:00+00:00,2019-07-12 13:47:00+00:00,2019-07-12 19:00:00+00:00,16,TIME_EXIT,7942.5,7924.75,17.75,7944.25,7956.0,7924.75,19.5,39.0,500.0,12.820512820512821,12,22.26,267.12,1
p0_st5_20_bearish_sr350_lr750_buf0_tg1030,NASDAQ_ORB_15m_p0_short_switch_tp2r_p0_st5_20_bearish_sr350_lr750_buf0_tg1030_2019-07-15,2019-07-15,1,SHORT,15,09:45,2.0,2019-07-15 13:47:00+00:00,2019-07-15 13:48:00+00:00,2019-07-15 19:00:00+00:00,17,TIME_EXIT,7984.5,7967.0,17.5,7966.5,7984.25,7984.5,18.0,36.0,350.0,9.722222222222221,9,-36.74,-330.66,0
p0_st5_20_bearish_sr350_lr750_buf0_tg1030,NASDAQ_ORB_15m_p0_short_switch_tp2r_p0_st5_20_bearish_sr350_lr750_buf0_tg1030_2019-07-16,2019-07-16,1,LONG,15,09:45,2.0,2019-07-16 13:46:00+00:00,2019-07-16 13:47:00+00:00,2019-07-16 19:00:00+00:00,16,TIME_EXIT,7984.5,7971.75,12.75,7985.25,7948.25,7971.75,13.5,27.0,500.0,18.51851851851852,18,-75.24,-1354.32,0
p0_st5_20_bearish_sr350_lr750_buf0_tg1030,NASDAQ_ORB_15m_p0_short_switch_tp2r_p0_st5_20_bearish_sr350_lr750_buf0_tg1030_2019-07-18,2019-07-18,1,LONG,15,09:45,2.0,2019-07-18 14:22:00+00:00,2019-07-18 14:23:00+00:00,2019-07-18 19:00:00+00:00,52,TIME_EXIT,7901.75,7863.75,38.0,7905.5,7921.25,7863.75,41.75,83.5,500.0,5.9880239520958085,5,30.26,151.3,1
p0_st5_20_bearish_sr350_lr750_buf0_tg1030,NASDAQ_ORB_15m_p0_short_switch_tp2r_p0_st5_20_bearish_sr350_lr750_buf0_tg1030_2019-07-19,2019-07-19,1,SHORT,15,09:45,2.0,2019-07-19 13:52:00+00:00,2019-07-19 13:53:00+00:00,2019-07-19 18:16:00+00:00,22,TP_2R,7974.75,7949.25,25.5,7948.25,7895.5,7974.75,26.5,53.0,350.0,6.60377358490566,6,104.26,625.5600000000001,1
p0_st5_20_bearish_sr350_lr750_buf0_tg1030,NASDAQ_ORB_15m_p0_short_switch_tp2r_p0_st5_20_bearish_sr350_lr750_buf0_tg1030_2019-07-22,2019-07-22,1,LONG,15,09:45,2.0,2019-07-22 13:48:00+00:00,2019-07-22 13:49:00+00:00,2019-07-22 19:00:00+00:00,18,TIME_EXIT,7900.5,7875.5,25.0,7901.75,7919.5,7875.5,26.25,52.5,500.0,9.523809523809524,9,34.26,308.34,1
p0_st5_20_bearish_sr350_lr750_buf0_tg1030,NASDAQ_ORB_15m_p0_short_switch_tp2r_p0_st5_20_bearish_sr350_lr750_buf0_tg1030_2019-07-23,2019-07-23,1,SHORT,15,09:45,2.0,2019-07-23 13:47:00+00:00,2019-07-23 13:48:00+00:00,2019-07-23 19:00:00+00:00,17,TIME_EXIT,7962.5,7940.0,22.5,7938.5,7959.75,7962.5,24.0,48.0,350.0,7.291666666666667,7,-43.74,-306.18,0
p0_st5_20_bearish_sr350_lr750_buf0_tg1030,NASDAQ_ORB_15m_p0_short_switch_tp2r_p0_st5_20_bearish_sr350_lr750_buf0_tg1030_2019-07-24,2019-07-24,1,LONG,15,09:45,2.0,2019-07-24 13:47:00+00:00,2019-07-24 13:48:00+00:00,2019-07-24 19:00:00+00:00,17,TIME_EXIT,7967.5,7938.5,29.0,7971.75,8010.25,7938.5,33.25,66.5,500.0,7.518796992481203,7,75.76,530.32,1
p0_st5_20_bearish_sr350_lr750_buf0_tg1030,NASDAQ_ORB_15m_p0_short_switch_tp2r_p0_st5_20_bearish_sr350_lr750_buf0_tg1030_2019-07-25,2019-07-25,1,SHORT,15,09:45,2.0,2019-07-25 13:48:00+00:00,2019-07-25 13:49:00+00:00,2019-07-25 19:00:00+00:00,18,TIME_EXIT,7998.75,7962.25,36.5,7956.0,7947.5,7998.75,42.75,85.5,350.0,4.093567251461988,4,15.76,63.04,1
p0_st5_20_bearish_sr350_lr750_buf0_tg1030,NASDAQ_ORB_15m_p0_short_switch_tp2r_p0_st5_20_bearish_sr350_lr750_buf0_tg1030_2019-07-26,2019-07-26,1,LONG,15,09:45,2.0,2019-07-26 18:58:00+00:00,2019-07-26 18:59:00+00:00,2019-07-26 19:00:00+00:00,328,TIME_EXIT,8034.5,7994.5,40.0,8035.75,8035.5,7994.5,41.25,82.5,500.0,6.0606060606060606,6,-1.74,-10.44,0
p0_st5_20_bearish_sr350_lr750_buf0_tg1030,NASDAQ_ORB_15m_p0_short_switch_tp2r_p0_st5_20_bearish_sr350_lr750_buf0_tg1030_2019-07-29,2019-07-29,1,SHORT,15,09:45,2.0,2019-07-29 13:52:00+00:00,2019-07-29 13:53:00+00:00,2019-07-29 19:00:00+00:00,22,TIME_EXIT,8024.5,7985.75,38.75,7983.0,8002.75,8024.5,41.5,83.0,350.0,4.216867469879518,4,-40.74,-162.96,0
p0_st5_20_bearish_sr350_lr750_buf0_tg1030,NASDAQ_ORB_15m_p0_short_switch_tp2r_p0_st5_20_bearish_sr350_lr750_buf0_tg1030_2019-07-30,2019-07-30,1,LONG,15,09:45,2.0,2019-07-30 14:02:00+00:00,2019-07-30 14:03:00+00:00,2019-07-30 19:00:00+00:00,32,TIME_EXIT,7969.0,7933.5,35.5,7976.0,7977.0,7933.5,42.5,85.0,500.0,5.882352941176471,5,0.76,3.8,1
p0_st5_20_bearish_sr350_lr750_buf0_tg1030,NASDAQ_ORB_15m_p0_short_switch_tp2r_p0_st5_20_bearish_sr350_lr750_buf0_tg1030_2019-07-31,2019-07-31,1,LONG,15,09:45,2.0,2019-07-31 14:11:00+00:00,2019-07-31 14:12:00+00:00,2019-07-31 19:00:00+00:00,41,TIME_EXIT,7989.0,7967.0,22.0,7990.75,7867.0,7967.0,23.75,47.5,500.0,10.526315789473685,10,-248.74,-2487.4,0
p0_st5_20_bearish_sr350_lr750_buf0_tg1030,NASDAQ_ORB_15m_p0_short_switch_tp2r_p0_st5_20_bearish_sr350_lr750_buf0_tg1030_2019-08-01,2019-08-01,1,LONG,15,09:45,2.0,2019-08-01 13:49:00+00:00,2019-08-01 13:50:00+00:00,2019-08-01 19:00:00+00:00,19,TIME_EXIT,7927.25,7867.5,59.75,7928.0,7819.75,7867.5,60.5,121.0,500.0,4.132231404958677,4,-217.74,-870.96,0
p0_st5_20_bearish_sr350_lr750_buf0_tg1030,NASDAQ_ORB_15m_p0_short_switch_tp2r_p0_st5_20_bearish_sr350_lr750_buf0_tg1030_2019-08-02,2019-08-02,1,SHORT,15,09:45,2.0,2019-08-02 14:05:00+00:00,2019-08-02 14:06:00+00:00,2019-08-02 19:00:00+00:00,35,TIME_EXIT,7766.0,7725.5,40.5,7716.75,7681.75,7766.0,49.25,98.5,350.0,3.553299492385787,3,68.76,206.28000000000003,1
p0_st5_20_bearish_sr350_lr750_buf0_tg1030,NASDAQ_ORB_15m_p0_short_switch_tp2r_p0_st5_20_bearish_sr350_lr750_buf0_tg1030_2019-08-05,2019-08-05,1,SHORT,15,09:45,2.0,2019-08-05 13:50:00+00:00,2019-08-05 13:51:00+00:00,2019-08-05 18:32:00+00:00,20,TP_2R,7540.75,7491.75,49.0,7490.5,7390.25,7540.75,50.25,100.5,350.0,3.482587064676617,3,199.26,597.78,1
p0_st5_20_bearish_sr350_lr750_buf0_tg1030,NASDAQ_ORB_15m_p0_short_switch_tp2r_p0_st5_20_bearish_sr350_lr750_buf0_tg1030_2019-08-06,2019-08-06,1,LONG,15,09:45,2.0,2019-08-06 14:04:00+00:00,2019-08-06 14:05:00+00:00,2019-08-06 19:00:00+00:00,34,TIME_EXIT,7528.5,7489.75,38.75,7530.5,7521.25,7489.75,40.75,81.5,500.0,6.134969325153374,6,-19.74,-118.44,0
p0_st5_20_bearish_sr350_lr750_buf0_tg1030,NASDAQ_ORB_15m_p0_short_switch_tp2r_p0_st5_20_bearish_sr350_lr750_buf0_tg1030_2019-08-07,2019-08-07,1,SHORT,15,09:45,2.0,2019-08-07 13:46:00+00:00,2019-08-07 13:47:00+00:00,2019-08-07 14:12:00+00:00,16,SWITCH_TO_LONG,7463.25,7417.5,45.75,7399.25,7465.75,7463.25,64.0,128.0,350.0,2.734375,2,-134.24,-268.48,0
p0_st5_20_bearish_sr350_lr750_buf0_tg1030,NASDAQ_ORB_15m_p0_short_switch_tp2r_p0_st5_20_bearish_sr350_lr750_buf0_tg1030_2019-08-07,2019-08-07,2,LONG,15,09:45,2.0,2019-08-07 14:11:00+00:00,2019-08-07 14:12:00+00:00,2019-08-07 19:00:00+00:00,41,TP_2R,7463.25,7417.5,45.75,7465.75,7562.0,7417.5,48.25,96.5,750.0,7.772020725388601,7,191.26,1338.82,1
p0_st5_20_bearish_sr350_lr750_buf0_tg1030,NASDAQ_ORB_15m_p0_short_switch_tp2r_p0_st5_20_bearish_sr350_lr750_buf0_tg1030_2019-08-08,2019-08-08,1,LONG,15,09:45,2.0,2019-08-08 13:57:00+00:00,2019-08-08 13:58:00+00:00,2019-08-08 16:27:00+00:00,27,TP_2R,7617.25,7583.5,33.75,7620.75,7695.0,7583.5,37.25,74.5,500.0,6.7114093959731544,6,147.26,883.56,1
p0_st5_20_bearish_sr350_lr750_buf0_tg1030,NASDAQ_ORB_15m_p0_short_switch_tp2r_p0_st5_20_bearish_sr350_lr750_buf0_tg1030_2019-08-09,2019-08-09,1,SHORT,15,09:45,2.0,2019-08-09 13:50:00+00:00,2019-08-09 13:51:00+00:00,2019-08-09 19:00:00+00:00,20,TIME_EXIT,7720.0,7690.25,29.75,7678.5,7666.25,7720.0,41.5,83.0,350.0,4.216867469879518,4,23.26,93.04,1
p0_st5_20_bearish_sr350_lr750_buf0_tg1030,NASDAQ_ORB_15m_p0_short_switch_tp2r_p0_st5_20_bearish_sr350_lr750_buf0_tg1030_2019-08-12,2019-08-12,1,LONG,15,09:45,2.0,2019-08-12 16:32:00+00:00,2019-08-12 16:33:00+00:00,2019-08-12 19:00:00+00:00,182,TIME_EXIT,7628.75,7581.0,47.75,7632.75,7544.5,7581.0,51.75,103.5,500.0,4.830917874396135,4,-177.74,-710.96,0
p0_st5_20_bearish_sr350_lr750_buf0_tg1030,NASDAQ_ORB_15m_p0_short_switch_tp2r_p0_st5_20_bearish_sr350_lr750_buf0_tg1030_2019-08-13,2019-08-13,1,LONG,15,09:45,2.0,2019-08-13 13:46:00+00:00,2019-08-13 13:47:00+00:00,2019-08-13 19:00:00+00:00,16,TIME_EXIT,7631.0,7555.25,75.75,7655.5,7750.25,7555.25,100.25,200.5,500.0,2.493765586034913,2,188.26,376.52,1
p0_st5_20_bearish_sr350_lr750_buf0_tg1030,NASDAQ_ORB_15m_p0_short_switch_tp2r_p0_st5_20_bearish_sr350_lr750_buf0_tg1030_2019-08-14,2019-08-14,1,SHORT,15,09:45,2.0,2019-08-14 13:46:00+00:00,2019-08-14 13:47:00+00:00,2019-08-14 16:03:00+00:00,16,TP_2R,7634.25,7596.75,37.5,7592.0,7507.75,7634.25,42.25,84.5,350.0,4.1420118343195265,4,167.26,669.04,1
p0_st5_20_bearish_sr350_lr750_buf0_tg1030,NASDAQ_ORB_15m_p0_short_switch_tp2r_p0_st5_20_bearish_sr350_lr750_buf0_tg1030_2019-08-16,2019-08-16,1,LONG,15,09:45,2.0,2019-08-16 14:21:00+00:00,2019-08-16 14:22:00+00:00,2019-08-16 19:00:00+00:00,51,TIME_EXIT,7582.75,7556.0,26.75,7585.0,7612.25,7556.0,29.0,58.0,500.0,8.620689655172415,8,53.26,426.08,1
p0_st5_20_bearish_sr350_lr750_buf0_tg1030,NASDAQ_ORB_15m_p0_short_switch_tp2r_p0_st5_20_bearish_sr350_lr750_buf0_tg1030_2019-08-19,2019-08-19,1,SHORT,15,09:45,2.0,2019-08-19 14:10:00+00:00,2019-08-19 14:11:00+00:00,2019-08-19 15:44:00+00:00,40,SWITCH_TO_LONG,7745.0,7717.0,28.0,7708.5,7746.0,7745.0,36.5,73.0,350.0,4.794520547945205,4,-76.24,-304.96,0
p0_st5_20_bearish_sr350_lr750_buf0_tg1030,NASDAQ_ORB_15m_p0_short_switch_tp2r_p0_st5_20_bearish_sr350_lr750_buf0_tg1030_2019-08-19,2019-08-19,2,LONG,15,09:45,2.0,2019-08-19 15:43:00+00:00,2019-08-19 15:44:00+00:00,2019-08-19 19:00:00+00:00,133,TIME_EXIT,7745.0,7717.0,28.0,7746.0,7731.5,7717.0,29.0,58.0,750.0,12.931034482758621,12,-30.24,-362.88,0
p0_st5_20_bearish_sr350_lr750_buf0_tg1030,NASDAQ_ORB_15m_p0_short_switch_tp2r_p0_st5_20_bearish_sr350_lr750_buf0_tg1030_2019-08-20,2019-08-20,1,SHORT,15,09:45,2.0,2019-08-20 13:52:00+00:00,2019-08-20 13:53:00+00:00,2019-08-20 14:59:00+00:00,22,SWITCH_TO_LONG,7721.75,7685.0,36.75,7682.75,7723.75,7721.75,39.0,78.0,350.0,4.487179487179487,4,-83.24,-332.96,0
p0_st5_20_bearish_sr350_lr750_buf0_tg1030,NASDAQ_ORB_15m_p0_short_switch_tp2r_p0_st5_20_bearish_sr350_lr750_buf0_tg1030_2019-08-20,2019-08-20,2,LONG,15,09:45,2.0,2019-08-20 14:58:00+00:00,2019-08-20 14:59:00+00:00,2019-08-20 19:00:00+00:00,88,TIME_EXIT,7721.75,7685.0,36.75,7723.75,7694.75,7685.0,38.75,77.5,750.0,9.67741935483871,9,-59.24,-533.16,0
p0_st5_20_bearish_sr350_lr750_buf0_tg1030,NASDAQ_ORB_15m_p0_short_switch_tp2r_p0_st5_20_bearish_sr350_lr750_buf0_tg1030_2019-08-22,2019-08-22,1,SHORT,15,09:45,2.0,2019-08-22 14:15:00+00:00,2019-08-22 14:16:00+00:00,2019-08-22 14:37:00+00:00,45,TP_2R,7773.5,7751.25,22.25,7734.25,7656.0,7773.5,39.25,78.5,350.0,4.45859872611465,4,155.26,621.04,1
p0_st5_20_bearish_sr350_lr750_buf0_tg1030,NASDAQ_ORB_15m_p0_short_switch_tp2r_p0_st5_20_bearish_sr350_lr750_buf0_tg1030_2019-08-23,2019-08-23,1,SHORT,15,09:45,2.0,2019-08-23 13:48:00+00:00,2019-08-23 13:49:00+00:00,2019-08-23 14:04:00+00:00,18,SWITCH_TO_LONG,7674.5,7656.25,18.25,7655.25,7684.5,7674.5,19.25,38.5,350.0,9.090909090909092,9,-59.74,-537.66,0
p0_st5_20_bearish_sr350_lr750_buf0_tg1030,NASDAQ_ORB_15m_p0_short_switch_tp2r_p0_st5_20_bearish_sr350_lr750_buf0_tg1030_2019-08-23,2019-08-23,2,LONG,15,09:45,2.0,2019-08-23 14:03:00+00:00,2019-08-23 14:04:00+00:00,2019-08-23 19:00:00+00:00,33,TIME_EXIT,7674.5,7656.25,18.25,7684.5,7492.0,7656.25,28.25,56.5,750.0,13.274336283185841,13,-386.24,-5021.12,0
p0_st5_20_bearish_sr350_lr750_buf0_tg1030,NASDAQ_ORB_15m_p0_short_switch_tp2r_p0_st5_20_bearish_sr350_lr750_buf0_tg1030_2019-08-26,2019-08-26,1,SHORT,15,09:45,2.0,2019-08-26 13:48:00+00:00,2019-08-26 13:49:00+00:00,2019-08-26 16:26:00+00:00,18,SWITCH_TO_LONG,7566.25,7533.5,32.75,7528.25,7577.0,7566.25,38.0,76.0,350.0,4.605263157894737,4,-98.74,-394.96,0
p0_st5_20_bearish_sr350_lr750_buf0_tg1030,NASDAQ_ORB_15m_p0_short_switch_tp2r_p0_st5_20_bearish_sr350_lr750_buf0_tg1030_2019-08-26,2019-08-26,2,LONG,15,09:45,2.0,2019-08-26 16:25:00+00:00,2019-08-26 16:26:00+00:00,2019-08-26 19:00:00+00:00,175,TIME_EXIT,7566.25,7533.5,32.75,7577.0,7555.25,7533.5,43.5,87.0,750.0,8.620689655172415,8,-44.74,-357.92,0
p0_st5_20_bearish_sr350_lr750_buf0_tg1030,NASDAQ_ORB_15m_p0_short_switch_tp2r_p0_st5_20_bearish_sr350_lr750_buf0_tg1030_2019-08-27,2019-08-27,1,LONG,15,09:45,2.0,2019-08-27 13:49:00+00:00,2019-08-27 13:50:00+00:00,2019-08-27 19:00:00+00:00,19,TIME_EXIT,7642.0,7618.0,24.0,7647.0,7589.0,7618.0,29.0,58.0,500.0,8.620689655172415,8,-117.24,-937.92,0
p0_st5_20_bearish_sr350_lr750_buf0_tg1030,NASDAQ_ORB_15m_p0_short_switch_tp2r_p0_st5_20_bearish_sr350_lr750_buf0_tg1030_2019-08-28,2019-08-28,1,LONG,15,09:45,2.0,2019-08-28 13:57:00+00:00,2019-08-28 13:58:00+00:00,2019-08-28 19:00:00+00:00,27,TIME_EXIT,7553.5,7503.75,49.75,7557.25,7596.75,7503.75,53.5,107.0,500.0,4.672897196261682,4,77.76,311.04,1
p0_st5_20_bearish_sr350_lr750_buf0_tg1030,NASDAQ_ORB_15m_p0_short_switch_tp2r_p0_st5_20_bearish_sr350_lr750_buf0_tg1030_2019-08-29,2019-08-29,1,LONG,15,09:45,2.0,2019-08-29 13:47:00+00:00,2019-08-29 13:48:00+00:00,2019-08-29 19:00:00+00:00,17,TIME_EXIT,7717.25,7683.5,33.75,7718.25,7710.75,7683.5,34.75,69.5,500.0,7.194244604316546,7,-16.24,-113.67999999999999,0
p0_st5_20_bearish_sr350_lr750_buf0_tg1030,NASDAQ_ORB_15m_p0_short_switch_tp2r_p0_st5_20_bearish_sr350_lr750_buf0_tg1030_2019-08-30,2019-08-30,1,SHORT,15,09:45,2.0,2019-08-30 13:46:00+00:00,2019-08-30 13:47:00+00:00,2019-08-30 15:03:00+00:00,16,TP_2R,7750.5,7730.25,20.25,7728.5,7684.75,7750.5,22.0,44.0,350.0,7.954545454545454,7,86.26,603.82,1
p0_st5_20_bearish_sr350_lr750_buf0_tg1030,NASDAQ_ORB_15m_p0_short_switch_tp2r_p0_st5_20_bearish_sr350_lr750_buf0_tg1030_2019-09-02,2019-09-02,1,LONG,15,09:45,2.0,2019-09-02 14:21:00+00:00,2019-09-02 14:22:00+00:00,2019-09-02 22:02:00+00:00,51,TIME_EXIT,7664.75,7640.75,24.0,7669.25,7622.0,7640.75,28.5,57.0,500.0,8.771929824561404,8,-95.74,-765.92,0
p0_st5_20_bearish_sr350_lr750_buf0_tg1030,NASDAQ_ORB_15m_p0_short_switch_tp2r_p0_st5_20_bearish_sr350_lr750_buf0_tg1030_2019-09-03,2019-09-03,1,LONG,15,09:45,2.0,2019-09-03 13:52:00+00:00,2019-09-03 13:53:00+00:00,2019-09-03 19:00:00+00:00,22,TIME_EXIT,7669.0,7627.5,41.5,7670.5,7597.5,7627.5,43.0,86.0,500.0,5.813953488372093,5,-147.24,-736.2,0
p0_st5_20_bearish_sr350_lr750_buf0_tg1030,NASDAQ_ORB_15m_p0_short_switch_tp2r_p0_st5_20_bearish_sr350_lr750_buf0_tg1030_2019-09-04,2019-09-04,1,LONG,15,09:45,2.0,2019-09-04 13:46:00+00:00,2019-09-04 13:47:00+00:00,2019-09-04 19:00:00+00:00,16,TIME_EXIT,7698.0,7680.5,17.5,7700.25,7710.5,7680.5,19.75,39.5,500.0,12.658227848101266,12,19.26,231.12,1
p0_st5_20_bearish_sr350_lr750_buf0_tg1030,NASDAQ_ORB_15m_p0_short_switch_tp2r_p0_st5_20_bearish_sr350_lr750_buf0_tg1030_2019-09-05,2019-09-05,1,LONG,15,09:45,2.0,2019-09-05 13:46:00+00:00,2019-09-05 13:47:00+00:00,2019-09-05 19:00:00+00:00,16,TIME_EXIT,7831.25,7804.0,27.25,7833.5,7862.25,7804.0,29.5,59.0,500.0,8.474576271186441,8,56.26,450.08,1
p0_st5_20_bearish_sr350_lr750_buf0_tg1030,NASDAQ_ORB_15m_p0_short_switch_tp2r_p0_st5_20_bearish_sr350_lr750_buf0_tg1030_2019-09-09,2019-09-09,1,SHORT,15,09:45,2.0,2019-09-09 13:56:00+00:00,2019-09-09 13:57:00+00:00,2019-09-09 16:37:00+00:00,26,TP_2R,7883.5,7859.0,24.5,7856.75,7803.5,7883.5,26.75,53.5,350.0,6.542056074766355,6,105.26,631.5600000000001,1
p0_st5_20_bearish_sr350_lr750_buf0_tg1030,NASDAQ_ORB_15m_p0_short_switch_tp2r_p0_st5_20_bearish_sr350_lr750_buf0_tg1030_2019-09-10,2019-09-10,1,SHORT,15,09:45,2.0,2019-09-10 13:55:00+00:00,2019-09-10 13:56:00+00:00,2019-09-10 16:25:00+00:00,25,SWITCH_TO_LONG,7800.25,7751.5,48.75,7747.0,7807.0,7800.25,53.25,106.5,350.0,3.2863849765258215,3,-121.24,-363.71999999999997,0
p0_st5_20_bearish_sr350_lr750_buf0_tg1030,NASDAQ_ORB_15m_p0_short_switch_tp2r_p0_st5_20_bearish_sr350_lr750_buf0_tg1030_2019-09-10,2019-09-10,2,LONG,15,09:45,2.0,2019-09-10 16:24:00+00:00,2019-09-10 16:25:00+00:00,2019-09-10 19:00:00+00:00,174,TIME_EXIT,7800.25,7751.5,48.75,7807.0,7772.5,7751.5,55.5,111.0,750.0,6.756756756756757,6,-70.24,-421.43999999999994,0
p0_st5_20_bearish_sr350_lr750_buf0_tg1030,NASDAQ_ORB_15m_p0_short_switch_tp2r_p0_st5_20_bearish_sr350_lr750_buf0_tg1030_2019-09-11,2019-09-11,1,LONG,15,09:45,2.0,2019-09-11 13:49:00+00:00,2019-09-11 13:50:00+00:00,2019-09-11 19:00:00+00:00,19,TIME_EXIT,7848.25,7811.0,37.25,7849.75,7868.0,7811.0,38.75,77.5,500.0,6.451612903225806,6,35.26,211.56,1
p0_st5_20_bearish_sr350_lr750_buf0_tg1030,NASDAQ_ORB_15m_p0_short_switch_tp2r_p0_st5_20_bearish_sr350_lr750_buf0_tg1030_2019-09-12,2019-09-12,1,LONG,15,09:45,2.0,2019-09-12 14:11:00+00:00,2019-09-12 14:12:00+00:00,2019-09-12 19:00:00+00:00,41,TIME_EXIT,7957.0,7924.5,32.5,7972.0,7953.75,7924.5,47.5,95.0,500.0,5.2631578947368425,5,-37.74,-188.70000000000002,0
p0_st5_20_bearish_sr350_lr750_buf0_tg1030,NASDAQ_ORB_15m_p0_short_switch_tp2r_p0_st5_20_bearish_sr350_lr750_buf0_tg1030_2019-09-13,2019-09-13,1,LONG,15,09:45,2.0,2019-09-13 13:51:00+00:00,2019-09-13 13:52:00+00:00,2019-09-13 19:00:00+00:00,21,TIME_EXIT,7933.25,7907.5,25.75,7936.5,7922.0,7907.5,29.0,58.0,500.0,8.620689655172415,8,-30.24,-241.92,0
p0_st5_20_bearish_sr350_lr750_buf0_tg1030,NASDAQ_ORB_15m_p0_short_switch_tp2r_p0_st5_20_bearish_sr350_lr750_buf0_tg1030_2019-09-16,2019-09-16,1,LONG,15,09:45,2.0,2019-09-16 13:53:00+00:00,2019-09-16 13:54:00+00:00,2019-09-16 19:00:00+00:00,23,TIME_EXIT,7885.5,7855.5,30.0,7887.0,7876.25,7855.5,31.5,63.0,500.0,7.936507936507937,7,-22.74,-159.17999999999998,0
p0_st5_20_bearish_sr350_lr750_buf0_tg1030,NASDAQ_ORB_15m_p0_short_switch_tp2r_p0_st5_20_bearish_sr350_lr750_buf0_tg1030_2019-09-18,2019-09-18,1,SHORT,15,09:45,2.0,2019-09-18 13:46:00+00:00,2019-09-18 13:47:00+00:00,2019-09-18 18:03:00+00:00,16,TP_2R,7903.25,7885.75,17.5,7884.5,7847.25,7903.25,18.75,37.5,350.0,9.333333333333334,9,73.26,659.34,1
p0_st5_20_bearish_sr350_lr750_buf0_tg1030,NASDAQ_ORB_15m_p0_short_switch_tp2r_p0_st5_20_bearish_sr350_lr750_buf0_tg1030_2019-09-19,2019-09-19,1,LONG,15,09:45,2.0,2019-09-19 14:03:00+00:00,2019-09-19 14:04:00+00:00,2019-09-19 19:00:00+00:00,33,TIME_EXIT,7963.5,7924.25,39.25,7965.5,7930.5,7924.25,41.25,82.5,500.0,6.0606060606060606,6,-71.24,-427.43999999999994,0
p0_st5_20_bearish_sr350_lr750_buf0_tg1030,NASDAQ_ORB_15m_p0_short_switch_tp2r_p0_st5_20_bearish_sr350_lr750_buf0_tg1030_2019-09-20,2019-09-20,1,SHORT,15,09:45,2.0,2019-09-20 14:16:00+00:00,2019-09-20 14:17:00+00:00,2019-09-20 15:43:00+00:00,46,TP_2R,7942.25,7926.5,15.75,7924.0,7887.75,7942.25,18.25,36.5,350.0,9.58904109589041,9,71.26,641.34,1
p0_st5_20_bearish_sr350_lr750_buf0_tg1030,NASDAQ_ORB_15m_p0_short_switch_tp2r_p0_st5_20_bearish_sr350_lr750_buf0_tg1030_2019-09-23,2019-09-23,1,LONG,15,09:45,2.0,2019-09-23 13:51:00+00:00,2019-09-23 13:52:00+00:00,2019-09-23 19:00:00+00:00,21,TIME_EXIT,7844.0,7818.5,25.5,7846.25,7853.0,7818.5,27.75,55.5,500.0,9.00900900900901,9,12.26,110.34,1
p0_st5_20_bearish_sr350_lr750_buf0_tg1030,NASDAQ_ORB_15m_p0_short_switch_tp2r_p0_st5_20_bearish_sr350_lr750_buf0_tg1030_2019-09-24,2019-09-24,1,LONG,15,09:45,2.0,2019-09-24 13:56:00+00:00,2019-09-24 13:57:00+00:00,2019-09-24 19:00:00+00:00,26,TIME_EXIT,7888.75,7866.25,22.5,7893.0,7732.25,7866.25,26.75,53.5,500.0,9.345794392523365,9,-322.74,-2904.66,0
p0_st5_20_bearish_sr350_lr750_buf0_tg1030,NASDAQ_ORB_15m_p0_short_switch_tp2r_p0_st5_20_bearish_sr350_lr750_buf0_tg1030_2019-09-25,2019-09-25,1,SHORT,15,09:45,2.0,2019-09-25 13:50:00+00:00,2019-09-25 13:51:00+00:00,2019-09-25 14:56:00+00:00,20,SWITCH_TO_LONG,7739.5,7714.25,25.25,7710.0,7741.5,7739.5,29.5,59.0,350.0,5.932203389830509,5,-64.24,-321.2,0
p0_st5_20_bearish_sr350_lr750_buf0_tg1030,NASDAQ_ORB_15m_p0_short_switch_tp2r_p0_st5_20_bearish_sr350_lr750_buf0_tg1030_2019-09-25,2019-09-25,2,LONG,15,09:45,2.0,2019-09-25 14:55:00+00:00,2019-09-25 14:56:00+00:00,2019-09-25 18:12:00+00:00,85,TP_2R,7739.5,7714.25,25.25,7741.5,7795.75,7714.25,27.25,54.5,750.0,13.761467889908257,13,107.26,1394.38,1
p0_st5_20_bearish_sr350_lr750_buf0_tg1030,NASDAQ_ORB_15m_p0_short_switch_tp2r_p0_st5_20_bearish_sr350_lr750_buf0_tg1030_2019-09-26,2019-09-26,1,SHORT,15,09:45,2.0,2019-09-26 13:56:00+00:00,2019-09-26 13:57:00+00:00,2019-09-26 19:00:00+00:00,26,TIME_EXIT,7814.25,7771.75,42.5,7768.0,7783.5,7814.25,46.25,92.5,350.0,3.7837837837837838,3,-32.24,-96.72,0
p0_st5_20_bearish_sr350_lr750_buf0_tg1030,NASDAQ_ORB_15m_p0_short_switch_tp2r_p0_st5_20_bearish_sr350_lr750_buf0_tg1030_2019-09-27,2019-09-27,1,SHORT,15,09:45,2.0,2019-09-27 13:47:00+00:00,2019-09-27 13:48:00+00:00,2019-09-27 15:39:00+00:00,17,TP_2R,7812.5,7783.0,29.5,7781.0,7718.25,7812.5,31.5,63.0,350.0,5.555555555555555,5,124.26,621.3000000000001,1
p0_st5_20_bearish_sr350_lr750_buf0_tg1030,NASDAQ_ORB_15m_p0_short_switch_tp2r_p0_st5_20_bearish_sr350_lr750_buf0_tg1030_2019-09-30,2019-09-30,1,LONG,15,09:45,2.0,2019-09-30 13:51:00+00:00,2019-09-30 13:52:00+00:00,2019-09-30 19:00:00+00:00,21,TIME_EXIT,7735.0,7710.25,24.75,7737.0,7763.0,7710.25,26.75,53.5,500.0,9.345794392523365,9,50.76,456.84,1
p0_st5_20_bearish_sr350_lr750_buf0_tg1030,NASDAQ_ORB_15m_p0_short_switch_tp2r_p0_st5_20_bearish_sr350_lr750_buf0_tg1030_2019-10-01,2019-10-01,1,LONG,15,09:45,2.0,2019-10-01 13:48:00+00:00,2019-10-01 13:49:00+00:00,2019-10-01 19:00:00+00:00,18,TIME_EXIT,7838.0,7794.0,44.0,7839.0,7722.25,7794.0,45.0,90.0,500.0,5.555555555555555,5,-234.74,-1173.7,0
p0_st5_20_bearish_sr350_lr750_buf0_tg1030,NASDAQ_ORB_15m_p0_short_switch_tp2r_p0_st5_20_bearish_sr350_lr750_buf0_tg1030_2019-10-02,2019-10-02,1,SHORT,15,09:45,2.0,2019-10-02 13:51:00+00:00,2019-10-02 13:52:00+00:00,2019-10-02 19:00:00+00:00,21,TIME_EXIT,7652.25,7604.5,47.75,7602.75,7574.5,7652.25,49.5,99.0,350.0,3.5353535353535355,3,55.26,165.78,1
p0_st5_20_bearish_sr350_lr750_buf0_tg1030,NASDAQ_ORB_15m_p0_short_switch_tp2r_p0_st5_20_bearish_sr350_lr750_buf0_tg1030_2019-10-03,2019-10-03,1,SHORT,15,09:45,2.0,2019-10-03 14:05:00+00:00,2019-10-03 14:06:00+00:00,2019-10-03 15:08:00+00:00,35,SWITCH_TO_LONG,7586.0,7549.0,37.0,7499.75,7588.75,7586.0,86.25,172.5,350.0,2.028985507246377,2,-179.24,-358.48,0
p0_st5_20_bearish_sr350_lr750_buf0_tg1030,NASDAQ_ORB_15m_p0_short_switch_tp2r_p0_st5_20_bearish_sr350_lr750_buf0_tg1030_2019-10-03,2019-10-03,2,LONG,15,09:45,2.0,2019-10-03 15:07:00+00:00,2019-10-03 15:08:00+00:00,2019-10-03 19:00:00+00:00,97,TIME_EXIT,7586.0,7549.0,37.0,7588.75,7639.0,7549.0,39.75,79.5,750.0,9.433962264150944,9,99.26,893.34,1
p0_st5_20_bearish_sr350_lr750_buf0_tg1030,NASDAQ_ORB_15m_p0_short_switch_tp2r_p0_st5_20_bearish_sr350_lr750_buf0_tg1030_2019-10-04,2019-10-04,1,LONG,15,09:45,2.0,2019-10-04 13:59:00+00:00,2019-10-04 14:00:00+00:00,2019-10-04 19:00:00+00:00,29,TIME_EXIT,7712.5,7682.25,30.25,7715.5,7754.25,7682.25,33.25,66.5,500.0,7.518796992481203,7,76.26,533.82,1
p0_st5_20_bearish_sr350_lr750_buf0_tg1030,NASDAQ_ORB_15m_p0_short_switch_tp2r_p0_st5_20_bearish_sr350_lr750_buf0_tg1030_2019-10-07,2019-10-07,1,SHORT,15,09:45,2.0,2019-10-07 13:48:00+00:00,2019-10-07 13:49:00+00:00,2019-10-07 14:12:00+00:00,18,SWITCH_TO_LONG,7756.75,7727.75,29.0,7725.25,7757.5,7756.75,31.5,63.0,350.0,5.555555555555555,5,-65.74,-328.7,0
p0_st5_20_bearish_sr350_lr750_buf0_tg1030,NASDAQ_ORB_15m_p0_short_switch_tp2r_p0_st5_20_bearish_sr350_lr750_buf0_tg1030_2019-10-07,2019-10-07,2,LONG,15,09:45,2.0,2019-10-07 14:11:00+00:00,2019-10-07 14:12:00+00:00,2019-10-07 19:00:00+00:00,41,TIME_EXIT,7756.75,7727.75,29.0,7757.5,7753.0,7727.75,29.75,59.5,750.0,12.605042016806722,12,-10.24,-122.88,0
p0_st5_20_bearish_sr350_lr750_buf0_tg1030,NASDAQ_ORB_15m_p0_short_switch_tp2r_p0_st5_20_bearish_sr350_lr750_buf0_tg1030_2019-10-08,2019-10-08,1,SHORT,15,09:45,2.0,2019-10-08 13:51:00+00:00,2019-10-08 13:52:00+00:00,2019-10-08 16:47:00+00:00,21,SWITCH_TO_LONG,7693.75,7656.75,37.0,7654.5,7694.75,7693.75,39.25,78.5,350.0,4.45859872611465,4,-81.74,-326.96,0
p0_st5_20_bearish_sr350_lr750_buf0_tg1030,NASDAQ_ORB_15m_p0_short_switch_tp2r_p0_st5_20_bearish_sr350_lr750_buf0_tg1030_2019-10-08,2019-10-08,2,LONG,15,09:45,2.0,2019-10-08 16:46:00+00:00,2019-10-08 16:47:00+00:00,2019-10-08 19:00:00+00:00,196,TIME_EXIT,7693.75,7656.75,37.0,7694.75,7673.5,7656.75,38.0,76.0,750.0,9.868421052631579,9,-43.74,-393.66,0
p0_st5_20_bearish_sr350_lr750_buf0_tg1030,NASDAQ_ORB_15m_p0_short_switch_tp2r_p0_st5_20_bearish_sr350_lr750_buf0_tg1030_2019-10-09,2019-10-09,1,SHORT,15,09:45,2.0,2019-10-09 13:55:00+00:00,2019-10-09 13:56:00+00:00,2019-10-09 15:47:00+00:00,25,SWITCH_TO_LONG,7697.5,7670.25,27.25,7669.0,7698.0,7697.5,28.5,57.0,350.0,6.140350877192983,6,-59.24,-355.44,0
p0_st5_20_bearish_sr350_lr750_buf0_tg1030,NASDAQ_ORB_15m_p0_short_switch_tp2r_p0_st5_20_bearish_sr350_lr750_buf0_tg1030_2019-10-09,2019-10-09,2,LONG,15,09:45,2.0,2019-10-09 15:46:00+00:00,2019-10-09 15:47:00+00:00,2019-10-09 19:00:00+00:00,136,TIME_EXIT,7697.5,7670.25,27.25,7698.0,7722.0,7670.25,27.75,55.5,750.0,13.513513513513514,13,46.76,607.88,1
p0_st5_20_bearish_sr350_lr750_buf0_tg1030,NASDAQ_ORB_15m_p0_short_switch_tp2r_p0_st5_20_bearish_sr350_lr750_buf0_tg1030_2019-10-10,2019-10-10,1,LONG,15,09:45,2.0,2019-10-10 13:49:00+00:00,2019-10-10 13:50:00+00:00,2019-10-10 14:58:00+00:00,19,TP_2R,7714.75,7690.5,24.25,7718.0,7772.75,7690.5,27.5,55.0,500.0,9.090909090909092,9,108.26,974.34,1
p0_st5_20_bearish_sr350_lr750_buf0_tg1030,NASDAQ_ORB_15m_p0_short_switch_tp2r_p0_st5_20_bearish_sr350_lr750_buf0_tg1030_2019-10-11,2019-10-11,1,LONG,15,09:45,2.0,2019-10-11 13:46:00+00:00,2019-10-11 13:47:00+00:00,2019-10-11 19:00:00+00:00,16,TIME_EXIT,7867.0,7842.75,24.25,7872.25,7906.75,7842.75,29.5,59.0,500.0,8.474576271186441,8,67.76,542.08,1
p0_st5_20_bearish_sr350_lr750_buf0_tg1030,NASDAQ_ORB_15m_p0_short_switch_tp2r_p0_st5_20_bearish_sr350_lr750_buf0_tg1030_2019-10-14,2019-10-14,1,LONG,15,09:45,2.0,2019-10-14 14:09:00+00:00,2019-10-14 14:10:00+00:00,2019-10-14 19:00:00+00:00,39,TIME_EXIT,7865.5,7836.0,29.5,7870.5,7864.75,7836.0,34.5,69.0,500.0,7.246376811594203,7,-12.74,-89.18,0
p0_st5_20_bearish_sr350_lr750_buf0_tg1030,NASDAQ_ORB_15m_p0_short_switch_tp2r_p0_st5_20_bearish_sr350_lr750_buf0_tg1030_2019-10-15,2019-10-15,1,LONG,15,09:45,2.0,2019-10-15 14:03:00+00:00,2019-10-15 14:04:00+00:00,2019-10-15 17:46:00+00:00,33,TP_2R,7900.75,7871.75,29.0,7901.75,7961.5,7871.75,30.0,60.0,500.0,8.333333333333334,8,118.26,946.08,1
p0_st5_20_bearish_sr350_lr750_buf0_tg1030,NASDAQ_ORB_15m_p0_short_switch_tp2r_p0_st5_20_bearish_sr350_lr750_buf0_tg1030_2019-10-16,2019-10-16,1,SHORT,15,09:45,2.0,2019-10-16 14:04:00+00:00,2019-10-16 14:05:00+00:00,2019-10-16 14:30:00+00:00,34,SWITCH_TO_LONG,7935.25,7916.5,18.75,7913.0,7935.75,7935.25,22.25,44.5,350.0,7.865168539325842,7,-46.74,-327.18,0
p0_st5_20_bearish_sr350_lr750_buf0_tg1030,NASDAQ_ORB_15m_p0_short_switch_tp2r_p0_st5_20_bearish_sr350_lr750_buf0_tg1030_2019-10-16,2019-10-16,2,LONG,15,09:45,2.0,2019-10-16 14:29:00+00:00,2019-10-16 14:30:00+00:00,2019-10-16 19:00:00+00:00,59,TIME_EXIT,7935.25,7916.5,18.75,7935.75,7931.75,7916.5,19.25,38.5,750.0,19.48051948051948,19,-9.24,-175.56,0
p0_st5_20_bearish_sr350_lr750_buf0_tg1030,NASDAQ_ORB_15m_p0_short_switch_tp2r_p0_st5_20_bearish_sr350_lr750_buf0_tg1030_2019-10-18,2019-10-18,1,LONG,15,09:45,2.0,2019-10-18 13:49:00+00:00,2019-10-18 13:50:00+00:00,2019-10-18 19:00:00+00:00,19,TIME_EXIT,7953.75,7940.25,13.5,7955.5,7895.5,7940.25,15.25,30.5,500.0,16.39344262295082,16,-121.24,-1939.84,0
p0_st5_20_bearish_sr350_lr750_buf0_tg1030,NASDAQ_ORB_15m_p0_short_switch_tp2r_p0_st5_20_bearish_sr350_lr750_buf0_tg1030_2019-10-21,2019-10-21,1,SHORT,15,09:45,2.0,2019-10-21 14:05:00+00:00,2019-10-21 14:06:00+00:00,2019-10-21 16:31:00+00:00,35,SWITCH_TO_LONG,7936.25,7910.25,26.0,7902.0,7938.25,7936.25,34.25,68.5,350.0,5.109489051094891,5,-73.74,-368.7,0
p0_st5_20_bearish_sr350_lr750_buf0_tg1030,NASDAQ_ORB_15m_p0_short_switch_tp2r_p0_st5_20_bearish_sr350_lr750_buf0_tg1030_2019-10-21,2019-10-21,2,LONG,15,09:45,2.0,2019-10-21 16:30:00+00:00,2019-10-21 16:31:00+00:00,2019-10-21 19:00:00+00:00,180,TIME_EXIT,7936.25,7910.25,26.0,7938.25,7940.5,7910.25,28.0,56.0,750.0,13.392857142857142,13,3.26,42.379999999999995,1
p0_st5_20_bearish_sr350_lr750_buf0_tg1030,NASDAQ_ORB_15m_p0_short_switch_tp2r_p0_st5_20_bearish_sr350_lr750_buf0_tg1030_2019-10-22,2019-10-22,1,SHORT,15,09:45,2.0,2019-10-22 14:15:00+00:00,2019-10-22 14:16:00+00:00,2019-10-22 18:34:00+00:00,45,TP_2R,7987.0,7970.25,16.75,7961.75,7911.5,7987.0,25.25,50.5,350.0,6.930693069306931,6,99.26,595.5600000000001,1
p0_st5_20_bearish_sr350_lr750_buf0_tg1030,NASDAQ_ORB_15m_p0_short_switch_tp2r_p0_st5_20_bearish_sr350_lr750_buf0_tg1030_2019-10-23,2019-10-23,1,LONG,15,09:45,2.0,2019-10-23 13:47:00+00:00,2019-10-23 13:48:00+00:00,2019-10-23 19:00:00+00:00,17,TIME_EXIT,7884.5,7853.0,31.5,7887.25,7874.25,7853.0,34.25,68.5,500.0,7.299270072992701,7,-27.24,-190.67999999999998,0
p0_st5_20_bearish_sr350_lr750_buf0_tg1030,NASDAQ_ORB_15m_p0_short_switch_tp2r_p0_st5_20_bearish_sr350_lr750_buf0_tg1030_2019-10-24,2019-10-24,1,SHORT,15,09:45,2.0,2019-10-24 13:55:00+00:00,2019-10-24 13:56:00+00:00,2019-10-24 15:31:00+00:00,25,SWITCH_TO_LONG,7961.25,7942.5,18.75,7936.0,7963.25,7961.25,25.25,50.5,350.0,6.930693069306931,6,-55.74,-334.44,0
p0_st5_20_bearish_sr350_lr750_buf0_tg1030,NASDAQ_ORB_15m_p0_short_switch_tp2r_p0_st5_20_bearish_sr350_lr750_buf0_tg1030_2019-10-24,2019-10-24,2,LONG,15,09:45,2.0,2019-10-24 15:30:00+00:00,2019-10-24 15:31:00+00:00,2019-10-24 19:00:00+00:00,120,TIME_EXIT,7961.25,7942.5,18.75,7963.25,7960.0,7942.5,20.75,41.5,750.0,18.072289156626507,18,-7.74,-139.32,0
p0_st5_20_bearish_sr350_lr750_buf0_tg1030,NASDAQ_ORB_15m_p0_short_switch_tp2r_p0_st5_20_bearish_sr350_lr750_buf0_tg1030_2019-10-25,2019-10-25,1,LONG,15,09:45,2.0,2019-10-25 13:50:00+00:00,2019-10-25 13:51:00+00:00,2019-10-25 15:15:00+00:00,20,TP_2R,7958.0,7929.25,28.75,7958.75,8017.5,7929.25,29.5,59.0,500.0,8.474576271186441,8,116.26,930.08,1
p0_st5_20_bearish_sr350_lr750_buf0_tg1030,NASDAQ_ORB_15m_p0_short_switch_tp2r_p0_st5_20_bearish_sr350_lr750_buf0_tg1030_2019-10-28,2019-10-28,1,LONG,15,09:45,2.0,2019-10-28 14:17:00+00:00,2019-10-28 14:18:00+00:00,2019-10-28 19:00:00+00:00,47,TIME_EXIT,8098.25,8074.25,24.0,8099.75,8117.75,8074.25,25.5,51.0,500.0,9.803921568627452,9,34.76,312.84,1
p0_st5_20_bearish_sr350_lr750_buf0_tg1030,NASDAQ_ORB_15m_p0_short_switch_tp2r_p0_st5_20_bearish_sr350_lr750_buf0_tg1030_2019-10-29,2019-10-29,1,SHORT,15,09:45,2.0,2019-10-29 14:02:00+00:00,2019-10-29 14:03:00+00:00,2019-10-29 19:00:00+00:00,32,TIME_EXIT,8114.0,8087.75,26.25,8084.0,8059.0,8114.0,30.0,60.0,350.0,5.833333333333333,5,48.76,243.79999999999998,1
p0_st5_20_bearish_sr350_lr750_buf0_tg1030,NASDAQ_ORB_15m_p0_short_switch_tp2r_p0_st5_20_bearish_sr350_lr750_buf0_tg1030_2019-10-30,2019-10-30,1,SHORT,15,09:45,2.0,2019-10-30 14:04:00+00:00,2019-10-30 14:05:00+00:00,2019-10-30 18:18:00+00:00,34,SWITCH_TO_LONG,8068.25,8039.25,29.0,8033.5,8069.0,8068.25,34.75,69.5,350.0,5.0359712230215825,5,-72.24,-361.2,0
p0_st5_20_bearish_sr350_lr750_buf0_tg1030,NASDAQ_ORB_15m_p0_short_switch_tp2r_p0_st5_20_bearish_sr350_lr750_buf0_tg1030_2019-10-30,2019-10-30,2,LONG,15,09:45,2.0,2019-10-30 18:17:00+00:00,2019-10-30 18:18:00+00:00,2019-10-30 19:00:00+00:00,287,TIME_EXIT,8068.25,8039.25,29.0,8069.0,8078.75,8039.25,29.75,59.5,750.0,12.605042016806722,12,18.26,219.12,1
p0_st5_20_bearish_sr350_lr750_buf0_tg1030,NASDAQ_ORB_15m_p0_short_switch_tp2r_p0_st5_20_bearish_sr350_lr750_buf0_tg1030_2019-10-31,2019-10-31,1,SHORT,15,09:45,2.0,2019-10-31 14:00:00+00:00,2019-10-31 14:01:00+00:00,2019-10-31 19:00:00+00:00,30,TIME_EXIT,8118.5,8090.75,27.75,8087.0,8068.0,8118.5,31.5,63.0,350.0,5.555555555555555,5,36.76,183.79999999999998,1
p0_st5_20_bearish_sr350_lr750_buf0_tg1030,NASDAQ_ORB_15m_p0_short_switch_tp2r_p0_st5_20_bearish_sr350_lr750_buf0_tg1030_2019-11-01,2019-11-01,1,LONG,15,09:45,2.0,2019-11-01 13:54:00+00:00,2019-11-01 13:55:00+00:00,2019-11-01 19:00:00+00:00,24,TIME_EXIT,8135.5,8117.5,18.0,8138.25,8146.0,8117.5,20.75,41.5,500.0,12.048192771084338,12,14.26,171.12,1
p0_st5_20_bearish_sr350_lr750_buf0_tg1030,NASDAQ_ORB_15m_p0_short_switch_tp2r_p0_st5_20_bearish_sr350_lr750_buf0_tg1030_2019-11-04,2019-11-04,1,SHORT,15,09:45,2.0,2019-11-04 15:05:00+00:00,2019-11-04 15:06:00+00:00,2019-11-04 20:00:00+00:00,35,TIME_EXIT,8233.75,8213.25,20.5,8210.0,8222.75,8233.75,23.75,47.5,350.0,7.368421052631579,7,-26.74,-187.17999999999998,0
p0_st5_20_bearish_sr350_lr750_buf0_tg1030,NASDAQ_ORB_15m_p0_short_switch_tp2r_p0_st5_20_bearish_sr350_lr750_buf0_tg1030_2019-11-05,2019-11-05,1,LONG,15,09:45,2.0,2019-11-05 15:02:00+00:00,2019-11-05 15:03:00+00:00,2019-11-05 20:00:00+00:00,32,TIME_EXIT,8231.25,8208.5,22.75,8233.25,8227.75,8208.5,24.75,49.5,500.0,10.1010101010101,10,-12.24,-122.4,0
p0_st5_20_bearish_sr350_lr750_buf0_tg1030,NASDAQ_ORB_15m_p0_short_switch_tp2r_p0_st5_20_bearish_sr350_lr750_buf0_tg1030_2019-11-06,2019-11-06,1,SHORT,15,09:45,2.0,2019-11-06 15:29:00+00:00,2019-11-06 15:30:00+00:00,2019-11-06 20:00:00+00:00,59,TIME_EXIT,8211.25,8189.0,22.25,8188.5,8196.0,8211.25,22.75,45.5,350.0,7.6923076923076925,7,-16.24,-113.67999999999999,0
p0_st5_20_bearish_sr350_lr750_buf0_tg1030,NASDAQ_ORB_15m_p0_short_switch_tp2r_p0_st5_20_bearish_sr350_lr750_buf0_tg1030_2019-11-07,2019-11-07,1,LONG,15,09:45,2.0,2019-11-07 15:16:00+00:00,2019-11-07 15:17:00+00:00,2019-11-07 20:00:00+00:00,46,TIME_EXIT,8260.75,8234.0,26.75,8264.25,8234.5,8234.0,30.25,60.5,500.0,8.264462809917354,8,-60.74,-485.92,0
p0_st5_20_bearish_sr350_lr750_buf0_tg1030,NASDAQ_ORB_15m_p0_short_switch_tp2r_p0_st5_20_bearish_sr350_lr750_buf0_tg1030_2019-11-08,2019-11-08,1,SHORT,15,09:45,2.0,2019-11-08 15:01:00+00:00,2019-11-08 15:02:00+00:00,2019-11-08 15:45:00+00:00,31,SWITCH_TO_LONG,8232.75,8206.0,26.75,8200.75,8233.5,8232.75,32.0,64.0,350.0,5.46875,5,-66.74,-333.7,0
p0_st5_20_bearish_sr350_lr750_buf0_tg1030,NASDAQ_ORB_15m_p0_short_switch_tp2r_p0_st5_20_bearish_sr350_lr750_buf0_tg1030_2019-11-08,2019-11-08,2,LONG,15,09:45,2.0,2019-11-08 15:44:00+00:00,2019-11-08 15:45:00+00:00,2019-11-08 20:00:00+00:00,74,TIME_EXIT,8232.75,8206.0,26.75,8233.5,8234.25,8206.0,27.5,55.0,750.0,13.636363636363637,13,0.26,3.38,1
p0_st5_20_bearish_sr350_lr750_buf0_tg1030,NASDAQ_ORB_15m_p0_short_switch_tp2r_p0_st5_20_bearish_sr350_lr750_buf0_tg1030_2019-11-11,2019-11-11,1,LONG,15,09:45,2.0,2019-11-11 14:48:00+00:00,2019-11-11 14:49:00+00:00,2019-11-11 20:00:00+00:00,18,TIME_EXIT,8221.75,8206.5,15.25,8224.0,8247.75,8206.5,17.5,35.0,500.0,14.285714285714286,14,46.26,647.64,1
p0_st5_20_bearish_sr350_lr750_buf0_tg1030,NASDAQ_ORB_15m_p0_short_switch_tp2r_p0_st5_20_bearish_sr350_lr750_buf0_tg1030_2019-11-12,2019-11-12,1,LONG,15,09:45,2.0,2019-11-12 15:01:00+00:00,2019-11-12 15:02:00+00:00,2019-11-12 20:00:00+00:00,31,TIME_EXIT,8272.0,8252.0,20.0,8275.0,8252.5,8252.0,23.0,46.0,500.0,10.869565217391305,10,-46.24,-462.40000000000003,0
p0_st5_20_bearish_sr350_lr750_buf0_tg1030,NASDAQ_ORB_15m_p0_short_switch_tp2r_p0_st5_20_bearish_sr350_lr750_buf0_tg1030_2019-11-13,2019-11-13,1,LONG,15,09:45,2.0,2019-11-13 15:21:00+00:00,2019-11-13 15:22:00+00:00,2019-11-13 20:00:00+00:00,51,TIME_EXIT,8263.75,8237.25,26.5,8266.25,8264.5,8237.25,29.0,58.0,500.0,8.620689655172415,8,-4.74,-37.92,0
p0_st5_20_bearish_sr350_lr750_buf0_tg1030,NASDAQ_ORB_15m_p0_short_switch_tp2r_p0_st5_20_bearish_sr350_lr750_buf0_tg1030_2019-11-14,2019-11-14,1,LONG,15,09:45,2.0,2019-11-14 15:04:00+00:00,2019-11-14 15:05:00+00:00,2019-11-14 20:00:00+00:00,34,TIME_EXIT,8257.75,8237.75,20.0,8260.0,8259.5,8237.75,22.25,44.5,500.0,11.235955056179776,11,-2.24,-24.64,0
p0_st5_20_bearish_sr350_lr750_buf0_tg1030,NASDAQ_ORB_15m_p0_short_switch_tp2r_p0_st5_20_bearish_sr350_lr750_buf0_tg1030_2019-11-15,2019-11-15,1,SHORT,15,09:45,2.0,2019-11-15 14:59:00+00:00,2019-11-15 15:00:00+00:00,2019-11-15 16:03:00+00:00,29,SWITCH_TO_LONG,8317.25,8294.0,23.25,8291.0,8317.75,8317.25,26.25,52.5,350.0,6.666666666666667,6,-54.74,-328.44,0
p0_st5_20_bearish_sr350_lr750_buf0_tg1030,NASDAQ_ORB_15m_p0_short_switch_tp2r_p0_st5_20_bearish_sr350_lr750_buf0_tg1030_2019-11-15,2019-11-15,2,LONG,15,09:45,2.0,2019-11-15 16:02:00+00:00,2019-11-15 16:03:00+00:00,2019-11-15 20:00:00+00:00,92,TIME_EXIT,8317.25,8294.0,23.25,8317.75,8309.5,8294.0,23.75,47.5,750.0,15.789473684210526,15,-17.74,-266.09999999999997,0
p0_st5_20_bearish_sr350_lr750_buf0_tg1030,NASDAQ_ORB_15m_p0_short_switch_tp2r_p0_st5_20_bearish_sr350_lr750_buf0_tg1030_2019-11-18,2019-11-18,1,LONG,15,09:45,2.0,2019-11-18 16:11:00+00:00,2019-11-18 16:12:00+00:00,2019-11-18 20:00:00+00:00,101,TIME_EXIT,8314.5,8279.25,35.25,8315.5,8339.75,8279.25,36.25,72.5,500.0,6.896551724137931,6,47.26,283.56,1
p0_st5_20_bearish_sr350_lr750_buf0_tg1030,NASDAQ_ORB_15m_p0_short_switch_tp2r_p0_st5_20_bearish_sr350_lr750_buf0_tg1030_2019-11-19,2019-11-19,1,SHORT,15,09:45,2.0,2019-11-19 14:47:00+00:00,2019-11-19 14:48:00+00:00,2019-11-19 15:57:00+00:00,17,TP_2R,8364.75,8349.0,15.75,8348.0,8314.75,8364.75,16.75,33.5,350.0,10.447761194029852,10,65.26,652.6,1
p0_st5_20_bearish_sr350_lr750_buf0_tg1030,NASDAQ_ORB_15m_p0_short_switch_tp2r_p0_st5_20_bearish_sr350_lr750_buf0_tg1030_2019-11-20,2019-11-20,1,LONG,15,09:45,2.0,2019-11-20 14:49:00+00:00,2019-11-20 14:50:00+00:00,2019-11-20 20:00:00+00:00,19,TIME_EXIT,8331.25,8315.75,15.5,8332.5,8275.5,8315.75,16.75,33.5,500.0,14.925373134328359,14,-115.24,-1613.36,0
p0_st5_20_bearish_sr350_lr750_buf0_tg1030,NASDAQ_ORB_15m_p0_short_switch_tp2r_p0_st5_20_bearish_sr350_lr750_buf0_tg1030_2019-11-21,2019-11-21,1,SHORT,15,09:45,2.0,2019-11-21 15:17:00+00:00,2019-11-21 15:18:00+00:00,2019-11-21 19:36:00+00:00,47,SWITCH_TO_LONG,8286.0,8262.5,23.5,8259.5,8287.75,8286.0,26.5,53.0,350.0,6.60377358490566,6,-57.74,-346.44,0
p0_st5_20_bearish_sr350_lr750_buf0_tg1030,NASDAQ_ORB_15m_p0_short_switch_tp2r_p0_st5_20_bearish_sr350_lr750_buf0_tg1030_2019-11-21,2019-11-21,2,LONG,15,09:45,2.0,2019-11-21 19:35:00+00:00,2019-11-21 19:36:00+00:00,2019-11-21 20:00:00+00:00,305,TIME_EXIT,8286.0,8262.5,23.5,8287.75,8283.0,8262.5,25.25,50.5,750.0,14.851485148514852,14,-10.74,-150.36,0
p0_st5_20_bearish_sr350_lr750_buf0_tg1030,NASDAQ_ORB_15m_p0_short_switch_tp2r_p0_st5_20_bearish_sr350_lr750_buf0_tg1030_2019-11-22,2019-11-22,1,SHORT,15,09:45,2.0,2019-11-22 14:56:00+00:00,2019-11-22 14:57:00+00:00,2019-11-22 16:04:00+00:00,26,TP_2R,8298.75,8279.75,19.0,8279.25,8240.5,8298.75,19.5,39.0,350.0,8.974358974358974,8,76.26,610.08,1
p0_st5_20_bearish_sr350_lr750_buf0_tg1030,NASDAQ_ORB_15m_p0_short_switch_tp2r_p0_st5_20_bearish_sr350_lr750_buf0_tg1030_2019-11-25,2019-11-25,1,LONG,15,09:45,2.0,2019-11-25 14:51:00+00:00,2019-11-25 14:52:00+00:00,2019-11-25 20:00:00+00:00,21,TIME_EXIT,8347.5,8311.75,35.75,8349.0,8364.25,8311.75,37.25,74.5,500.0,6.7114093959731544,6,29.26,175.56,1
p0_st5_20_bearish_sr350_lr750_buf0_tg1030,NASDAQ_ORB_15m_p0_short_switch_tp2r_p0_st5_20_bearish_sr350_lr750_buf0_tg1030_2019-11-26,2019-11-26,1,LONG,15,09:45,2.0,2019-11-26 14:58:00+00:00,2019-11-26 14:59:00+00:00,2019-11-26 20:00:00+00:00,28,TIME_EXIT,8386.75,8370.25,16.5,8387.75,8393.0,8370.25,17.5,35.0,500.0,14.285714285714286,14,9.26,129.64,1
p0_st5_20_bearish_sr350_lr750_buf0_tg1030,NASDAQ_ORB_15m_p0_short_switch_tp2r_p0_st5_20_bearish_sr350_lr750_buf0_tg1030_2019-11-27,2019-11-27,1,LONG,15,09:45,2.0,2019-11-27 14:55:00+00:00,2019-11-27 14:56:00+00:00,2019-11-27 18:37:00+00:00,25,TP_2R,8416.0,8402.5,13.5,8416.75,8445.0,8402.5,14.25,28.5,500.0,17.54385964912281,17,55.26,939.42,1
p0_st5_20_bearish_sr350_lr750_buf0_tg1030,NASDAQ_ORB_15m_p0_short_switch_tp2r_p0_st5_20_bearish_sr350_lr750_buf0_tg1030_2019-12-02,2019-12-02,1,SHORT,15,09:45,2.0,2019-12-02 14:51:00+00:00,2019-12-02 14:52:00+00:00,2019-12-02 20:00:00+00:00,21,TIME_EXIT,8413.25,8356.25,57.0,8354.75,8331.0,8413.25,58.5,117.0,350.0,2.9914529914529915,2,46.26,92.52,1
p0_st5_20_bearish_sr350_lr750_buf0_tg1030,NASDAQ_ORB_15m_p0_short_switch_tp2r_p0_st5_20_bearish_sr350_lr750_buf0_tg1030_2019-12-03,2019-12-03,1,SHORT,15,09:45,2.0,2019-12-03 14:49:00+00:00,2019-12-03 14:50:00+00:00,2019-12-03 18:17:00+00:00,19,SWITCH_TO_LONG,8224.0,8184.75,39.25,8175.5,8224.75,8224.0,48.5,97.0,350.0,3.6082474226804124,3,-99.74,-299.21999999999997,0
p0_st5_20_bearish_sr350_lr750_buf0_tg1030,NASDAQ_ORB_15m_p0_short_switch_tp2r_p0_st5_20_bearish_sr350_lr750_buf0_tg1030_2019-12-03,2019-12-03,2,LONG,15,09:45,2.0,2019-12-03 18:16:00+00:00,2019-12-03 18:17:00+00:00,2019-12-03 20:00:00+00:00,226,TIME_EXIT,8224.0,8184.75,39.25,8224.75,8229.0,8184.75,40.0,80.0,750.0,9.375,9,7.26,65.34,1
p0_st5_20_bearish_sr350_lr750_buf0_tg1030,NASDAQ_ORB_15m_p0_short_switch_tp2r_p0_st5_20_bearish_sr350_lr750_buf0_tg1030_2019-12-05,2019-12-05,1,SHORT,15,09:45,2.0,2019-12-05 15:01:00+00:00,2019-12-05 15:02:00+00:00,2019-12-05 20:00:00+00:00,31,TIME_EXIT,8327.25,8303.5,23.75,8302.25,8300.75,8327.25,25.0,50.0,350.0,7.0,7,1.76,12.32,1
p0_st5_20_bearish_sr350_lr750_buf0_tg1030,NASDAQ_ORB_15m_p0_short_switch_tp2r_p0_st5_20_bearish_sr350_lr750_buf0_tg1030_2019-12-06,2019-12-06,1,LONG,15,09:45,2.0,2019-12-06 14:46:00+00:00,2019-12-06 14:47:00+00:00,2019-12-06 20:00:00+00:00,16,TIME_EXIT,8384.75,8367.75,17.0,8389.5,8400.0,8367.75,21.75,43.5,500.0,11.494252873563218,11,19.76,217.36,1
p0_st5_20_bearish_sr350_lr750_buf0_tg1030,NASDAQ_ORB_15m_p0_short_switch_tp2r_p0_st5_20_bearish_sr350_lr750_buf0_tg1030_2019-12-10,2019-12-10,1,LONG,15,09:45,2.0,2019-12-10 15:09:00+00:00,2019-12-10 15:10:00+00:00,2019-12-10 20:00:00+00:00,39,TIME_EXIT,8370.5,8339.0,31.5,8372.25,8371.0,8339.0,33.25,66.5,500.0,7.518796992481203,7,-3.74,-26.18,0
p0_st5_20_bearish_sr350_lr750_buf0_tg1030,NASDAQ_ORB_15m_p0_short_switch_tp2r_p0_st5_20_bearish_sr350_lr750_buf0_tg1030_2019-12-11,2019-12-11,1,LONG,15,09:45,2.0,2019-12-11 14:49:00+00:00,2019-12-11 14:50:00+00:00,2019-12-11 20:00:00+00:00,19,TIME_EXIT,8377.5,8363.0,14.5,8379.25,8407.0,8363.0,16.25,32.5,500.0,15.384615384615385,15,54.26,813.9,1
p0_st5_20_bearish_sr350_lr750_buf0_tg1030,NASDAQ_ORB_15m_p0_short_switch_tp2r_p0_st5_20_bearish_sr350_lr750_buf0_tg1030_2019-12-12,2019-12-12,1,LONG,15,09:45,2.0,2019-12-12 15:01:00+00:00,2019-12-12 15:02:00+00:00,2019-12-12 20:00:00+00:00,31,TIME_EXIT,8464.0,8381.0,83.0,8473.25,8445.25,8381.0,92.25,184.5,500.0,2.710027100271003,2,-57.24,-114.48,0
p0_st5_20_bearish_sr350_lr750_buf0_tg1030,NASDAQ_ORB_15m_p0_short_switch_tp2r_p0_st5_20_bearish_sr350_lr750_buf0_tg1030_2019-12-13,2019-12-13,1,LONG,15,09:45,2.0,2019-12-13 14:53:00+00:00,2019-12-13 14:54:00+00:00,2019-12-13 20:00:00+00:00,23,TIME_EXIT,8499.25,8465.75,33.5,8501.5,8521.75,8465.75,35.75,71.5,500.0,6.993006993006993,6,39.26,235.56,1
p0_st5_20_bearish_sr350_lr750_buf0_tg1030,NASDAQ_ORB_15m_p0_short_switch_tp2r_p0_st5_20_bearish_sr350_lr750_buf0_tg1030_2019-12-16,2019-12-16,1,LONG,15,09:45,2.0,2019-12-16 14:46:00+00:00,2019-12-16 14:47:00+00:00,2019-12-16 20:00:00+00:00,16,TIME_EXIT,8594.25,8571.5,22.75,8596.25,8607.0,8571.5,24.75,49.5,500.0,10.1010101010101,10,20.26,202.60000000000002,1
p0_st5_20_bearish_sr350_lr750_buf0_tg1030,NASDAQ_ORB_15m_p0_short_switch_tp2r_p0_st5_20_bearish_sr350_lr750_buf0_tg1030_2019-12-17,2019-12-17,1,SHORT,15,09:45,2.0,2019-12-17 14:50:00+00:00,2019-12-17 14:51:00+00:00,2019-12-17 20:00:00+00:00,20,TIME_EXIT,8625.25,8600.25,25.0,8597.5,8608.25,8625.25,27.75,55.5,350.0,6.306306306306307,6,-22.74,-136.44,0
p0_st5_20_bearish_sr350_lr750_buf0_tg1030,NASDAQ_ORB_15m_p0_short_switch_tp2r_p0_st5_20_bearish_sr350_lr750_buf0_tg1030_2019-12-18,2019-12-18,1,LONG,15,09:45,2.0,2019-12-18 16:17:00+00:00,2019-12-18 16:18:00+00:00,2019-12-18 20:00:00+00:00,107,TIME_EXIT,8628.5,8615.0,13.5,8633.5,8635.5,8615.0,18.5,37.0,500.0,13.513513513513514,13,2.76,35.879999999999995,1
p0_st5_20_bearish_sr350_lr750_buf0_tg1030,NASDAQ_ORB_15m_p0_short_switch_tp2r_p0_st5_20_bearish_sr350_lr750_buf0_tg1030_2019-12-19,2019-12-19,1,LONG,15,09:45,2.0,2019-12-19 15:30:00+00:00,2019-12-19 15:31:00+00:00,2019-12-19 20:00:00+00:00,60,TIME_EXIT,8636.25,8618.25,18.0,8638.75,8661.25,8618.25,20.5,41.0,500.0,12.195121951219512,12,43.76,525.12,1
p0_st5_20_bearish_sr350_lr750_buf0_tg1030,NASDAQ_ORB_15m_p0_short_switch_tp2r_p0_st5_20_bearish_sr350_lr750_buf0_tg1030_2019-12-20,2019-12-20,1,LONG,15,09:45,2.0,2019-12-20 18:09:00+00:00,2019-12-20 18:10:00+00:00,2019-12-20 20:00:00+00:00,219,TIME_EXIT,8712.5,8689.75,22.75,8713.25,8714.5,8689.75,23.5,47.0,500.0,10.638297872340425,10,1.26,12.6,1
p0_st5_20_bearish_sr350_lr750_buf0_tg1030,NASDAQ_ORB_15m_p0_short_switch_tp2r_p0_st5_20_bearish_sr350_lr750_buf0_tg1030_2019-12-23,2019-12-23,1,SHORT,15,09:45,2.0,2019-12-23 15:10:00+00:00,2019-12-23 15:11:00+00:00,2019-12-23 16:33:00+00:00,40,SWITCH_TO_LONG,8735.5,8722.75,12.75,8722.25,8735.75,8735.5,13.25,26.5,350.0,13.20754716981132,13,-28.24,-367.12,0
p0_st5_20_bearish_sr350_lr750_buf0_tg1030,NASDAQ_ORB_15m_p0_short_switch_tp2r_p0_st5_20_bearish_sr350_lr750_buf0_tg1030_2019-12-23,2019-12-23,2,LONG,15,09:45,2.0,2019-12-23 16:32:00+00:00,2019-12-23 16:33:00+00:00,2019-12-23 20:00:00+00:00,122,TIME_EXIT,8735.5,8722.75,12.75,8735.75,8729.0,8722.75,13.0,26.0,750.0,28.846153846153847,20,-14.74,-294.8,0
p0_st5_20_bearish_sr350_lr750_buf0_tg1030,NASDAQ_ORB_15m_p0_short_switch_tp2r_p0_st5_20_bearish_sr350_lr750_buf0_tg1030_2019-12-26,2019-12-26,1,LONG,15,09:45,2.0,2019-12-26 14:47:00+00:00,2019-12-26 14:48:00+00:00,2019-12-26 18:55:00+00:00,17,TP_2R,8755.75,8739.0,16.75,8756.25,8790.5,8739.0,17.25,34.5,500.0,14.492753623188406,14,67.26,941.6400000000001,1
p0_st5_20_bearish_sr350_lr750_buf0_tg1030,NASDAQ_ORB_15m_p0_short_switch_tp2r_p0_st5_20_bearish_sr350_lr750_buf0_tg1030_2019-12-27,2019-12-27,1,SHORT,15,09:45,2.0,2019-12-27 14:50:00+00:00,2019-12-27 14:51:00+00:00,2019-12-27 20:00:00+00:00,20,TIME_EXIT,8832.5,8813.5,19.0,8811.75,8807.25,8832.5,20.75,41.5,350.0,8.433734939759036,8,7.76,62.08,1
p0_st5_20_bearish_sr350_lr750_buf0_tg1030,NASDAQ_ORB_15m_p0_short_switch_tp2r_p0_st5_20_bearish_sr350_lr750_buf0_tg1030_2019-12-30,2019-12-30,1,SHORT,15,09:45,2.0,2019-12-30 14:48:00+00:00,2019-12-30 14:49:00+00:00,2019-12-30 20:00:00+00:00,18,TIME_EXIT,8792.5,8725.75,66.75,8723.75,8732.75,8792.5,68.75,137.5,350.0,2.5454545454545454,2,-19.24,-38.48,0
p0_st5_20_bearish_sr350_lr750_buf0_tg1030,NASDAQ_ORB_15m_p0_short_switch_tp2r_p0_st5_20_bearish_sr350_lr750_buf0_tg1030_2020-01-02,2020-01-02,1,SHORT,15,09:45,2.0,2020-01-02 15:16:00+00:00,2020-01-02 15:17:00+00:00,2020-01-02 19:21:00+00:00,46,SWITCH_TO_LONG,8852.25,8815.5,36.75,8811.5,8852.75,8852.25,40.75,81.5,350.0,4.294478527607362,4,-83.74,-334.96,0
p0_st5_20_bearish_sr350_lr750_buf0_tg1030,NASDAQ_ORB_15m_p0_short_switch_tp2r_p0_st5_20_bearish_sr350_lr750_buf0_tg1030_2020-01-02,2020-01-02,2,LONG,15,09:45,2.0,2020-01-02 19:20:00+00:00,2020-01-02 19:21:00+00:00,2020-01-02 20:00:00+00:00,290,TIME_EXIT,8852.25,8815.5,36.75,8852.75,8862.25,8815.5,37.25,74.5,750.0,10.06711409395973,10,17.76,177.60000000000002,1
p0_st5_20_bearish_sr350_lr750_buf0_tg1030,NASDAQ_ORB_15m_p0_short_switch_tp2r_p0_st5_20_bearish_sr350_lr750_buf0_tg1030_2020-01-03,2020-01-03,1,LONG,15,09:45,2.0,2020-01-03 17:02:00+00:00,2020-01-03 17:03:00+00:00,2020-01-03 20:00:00+00:00,152,TIME_EXIT,8840.75,8770.5,70.25,8841.0,8840.5,8770.5,70.5,141.0,500.0,3.5460992907801416,3,-2.24,-6.720000000000001,0
p0_st5_20_bearish_sr350_lr750_buf0_tg1030,NASDAQ_ORB_15m_p0_short_switch_tp2r_p0_st5_20_bearish_sr350_lr750_buf0_tg1030_2020-01-06,2020-01-06,1,LONG,15,09:45,2.0,2020-01-06 14:46:00+00:00,2020-01-06 14:47:00+00:00,2020-01-06 20:00:00+00:00,16,TIME_EXIT,8775.5,8728.5,47.0,8777.0,8840.0,8728.5,48.5,97.0,500.0,5.154639175257732,5,124.76,623.8000000000001,1
p0_st5_20_bearish_sr350_lr750_buf0_tg1030,NASDAQ_ORB_15m_p0_short_switch_tp2r_p0_st5_20_bearish_sr350_lr750_buf0_tg1030_2020-01-07,2020-01-07,1,LONG,15,09:45,2.0,2020-01-07 16:02:00+00:00,2020-01-07 16:03:00+00:00,2020-01-07 20:00:00+00:00,92,TIME_EXIT,8877.25,8835.0,42.25,8880.25,8870.75,8835.0,45.25,90.5,500.0,5.524861878453039,5,-20.24,-101.19999999999999,0
p0_st5_20_bearish_sr350_lr750_buf0_tg1030,NASDAQ_ORB_15m_p0_short_switch_tp2r_p0_st5_20_bearish_sr350_lr750_buf0_tg1030_2020-01-08,2020-01-08,1,LONG,15,09:45,2.0,2020-01-08 14:55:00+00:00,2020-01-08 14:56:00+00:00,2020-01-08 20:00:00+00:00,25,TIME_EXIT,8886.25,8848.0,38.25,8889.75,8949.25,8848.0,41.75,83.5,500.0,5.9880239520958085,5,117.76,588.8000000000001,1
p0_st5_20_bearish_sr350_lr750_buf0_tg1030,NASDAQ_ORB_15m_p0_short_switch_tp2r_p0_st5_20_bearish_sr350_lr750_buf0_tg1030_2020-01-13,2020-01-13,1,LONG,15,09:45,2.0,2020-01-13 14:58:00+00:00,2020-01-13 14:59:00+00:00,2020-01-13 20:00:00+00:00,28,TIME_EXIT,9030.25,9003.75,26.5,9033.25,9072.0,9003.75,29.5,59.0,500.0,8.474576271186441,8,76.26,610.08,1
p0_st5_20_bearish_sr350_lr750_buf0_tg1030,NASDAQ_ORB_15m_p0_short_switch_tp2r_p0_st5_20_bearish_sr350_lr750_buf0_tg1030_2020-01-14,2020-01-14,1,SHORT,15,09:45,2.0,2020-01-14 14:52:00+00:00,2020-01-14 14:53:00+00:00,2020-01-14 17:40:00+00:00,22,SWITCH_TO_LONG,9086.25,9052.0,34.25,9049.25,9086.25,9086.25,37.0,74.0,350.0,4.72972972972973,4,-75.24,-300.96,0
p0_st5_20_bearish_sr350_lr750_buf0_tg1030,NASDAQ_ORB_15m_p0_short_switch_tp2r_p0_st5_20_bearish_sr350_lr750_buf0_tg1030_2020-01-14,2020-01-14,2,LONG,15,09:45,2.0,2020-01-14 17:39:00+00:00,2020-01-14 17:40:00+00:00,2020-01-14 20:00:00+00:00,189,TIME_EXIT,9086.25,9052.0,34.25,9086.25,9060.25,9052.0,34.25,68.5,750.0,10.94890510948905,10,-53.24,-532.4,0
p0_st5_20_bearish_sr350_lr750_buf0_tg1030,NASDAQ_ORB_15m_p0_short_switch_tp2r_p0_st5_20_bearish_sr350_lr750_buf0_tg1030_2020-01-15,2020-01-15,1,LONG,15,09:45,2.0,2020-01-15 14:55:00+00:00,2020-01-15 14:56:00+00:00,2020-01-15 20:00:00+00:00,25,TIME_EXIT,9079.25,9051.0,28.25,9083.75,9061.25,9051.0,32.75,65.5,500.0,7.633587786259542,7,-46.24,-323.68,0
p0_st5_20_bearish_sr350_lr750_buf0_tg1030,NASDAQ_ORB_15m_p0_short_switch_tp2r_p0_st5_20_bearish_sr350_lr750_buf0_tg1030_2020-01-16,2020-01-16,1,LONG,15,09:45,2.0,2020-01-16 15:08:00+00:00,2020-01-16 15:09:00+00:00,2020-01-16 20:00:00+00:00,38,TIME_EXIT,9115.5,9088.0,27.5,9116.75,9104.75,9088.0,28.75,57.5,500.0,8.695652173913043,8,-25.24,-201.92,0
p0_st5_20_bearish_sr350_lr750_buf0_tg1030,NASDAQ_ORB_15m_p0_short_switch_tp2r_p0_st5_20_bearish_sr350_lr750_buf0_tg1030_2020-01-21,2020-01-21,1,LONG,15,09:45,2.0,2020-01-21 14:55:00+00:00,2020-01-21 14:56:00+00:00,2020-01-21 20:00:00+00:00,25,TIME_EXIT,9171.75,9152.25,19.5,9172.25,9171.5,9152.25,20.0,40.0,500.0,12.5,12,-2.74,-32.88,0
p0_st5_20_bearish_sr350_lr750_buf0_tg1030,NASDAQ_ORB_15m_p0_short_switch_tp2r_p0_st5_20_bearish_sr350_lr750_buf0_tg1030_2020-01-22,2020-01-22,1,LONG,15,09:45,2.0,2020-01-22 15:27:00+00:00,2020-01-22 15:28:00+00:00,2020-01-22 20:00:00+00:00,57,TIME_EXIT,9241.5,9212.0,29.5,9242.75,9228.0,9212.0,30.75,61.5,500.0,8.130081300813009,8,-30.74,-245.92,0
p0_st5_20_bearish_sr350_lr750_buf0_tg1030,NASDAQ_ORB_15m_p0_short_switch_tp2r_p0_st5_20_bearish_sr350_lr750_buf0_tg1030_2020-01-23,2020-01-23,1,LONG,15,09:45,2.0,2020-01-23 15:15:00+00:00,2020-01-23 15:16:00+00:00,2020-01-23 20:00:00+00:00,45,TIME_EXIT,9201.25,9151.75,49.5,9202.75,9225.5,9151.75,51.0,102.0,500.0,4.901960784313726,4,44.26,177.04,1
p0_st5_20_bearish_sr350_lr750_buf0_tg1030,NASDAQ_ORB_15m_p0_short_switch_tp2r_p0_st5_20_bearish_sr350_lr750_buf0_tg1030_2020-01-24,2020-01-24,1,SHORT,15,09:45,2.0,2020-01-24 14:48:00+00:00,2020-01-24 14:49:00+00:00,2020-01-24 16:58:00+00:00,18,TP_2R,9284.25,9262.0,22.25,9258.75,9208.0,9284.25,25.5,51.0,350.0,6.862745098039215,6,100.26,601.5600000000001,1
p0_st5_20_bearish_sr350_lr750_buf0_tg1030,NASDAQ_ORB_15m_p0_short_switch_tp2r_p0_st5_20_bearish_sr350_lr750_buf0_tg1030_2020-01-27,2020-01-27,1,LONG,15,09:45,2.0,2020-01-27 14:49:00+00:00,2020-01-27 14:50:00+00:00,2020-01-27 20:00:00+00:00,19,TIME_EXIT,8981.75,8926.0,55.75,8985.75,8977.5,8926.0,59.75,119.5,500.0,4.184100418410042,4,-17.74,-70.96,0
p0_st5_20_bearish_sr350_lr750_buf0_tg1030,NASDAQ_ORB_15m_p0_short_switch_tp2r_p0_st5_20_bearish_sr350_lr750_buf0_tg1030_2020-01-28,2020-01-28,1,LONG,15,09:45,2.0,2020-01-28 15:25:00+00:00,2020-01-28 15:26:00+00:00,2020-01-28 20:00:00+00:00,55,TIME_EXIT,9039.75,9001.25,38.5,9049.75,9111.0,9001.25,48.5,97.0,500.0,5.154639175257732,5,121.26,606.3000000000001,1
p0_st5_20_bearish_sr350_lr750_buf0_tg1030,NASDAQ_ORB_15m_p0_short_switch_tp2r_p0_st5_20_bearish_sr350_lr750_buf0_tg1030_2020-01-29,2020-01-29,1,SHORT,15,09:45,2.0,2020-01-29 14:50:00+00:00,2020-01-29 14:51:00+00:00,2020-01-29 20:00:00+00:00,20,TIME_EXIT,9158.75,9136.5,22.25,9120.25,9143.5,9158.75,38.5,77.0,350.0,4.545454545454546,4,-47.74,-190.96,0
p0_st5_20_bearish_sr350_lr750_buf0_tg1030,NASDAQ_ORB_15m_p0_short_switch_tp2r_p0_st5_20_bearish_sr350_lr750_buf0_tg1030_2020-01-31,2020-01-31,1,SHORT,15,09:45,2.0,2020-01-31 14:47:00+00:00,2020-01-31 14:48:00+00:00,2020-01-31 18:45:00+00:00,17,TP_2R,9184.0,9123.0,61.0,9121.75,8997.5,9184.0,62.25,124.5,350.0,2.8112449799196786,2,247.26,494.52,1
p0_st5_20_bearish_sr350_lr750_buf0_tg1030,NASDAQ_ORB_15m_p0_short_switch_tp2r_p0_st5_20_bearish_sr350_lr750_buf0_tg1030_2020-02-03,2020-02-03,1,LONG,15,09:45,2.0,2020-02-03 14:46:00+00:00,2020-02-03 14:47:00+00:00,2020-02-03 20:00:00+00:00,16,TIME_EXIT,9094.5,9035.75,58.75,9108.25,9125.5,9035.75,72.5,145.0,500.0,3.4482758620689653,3,33.26,99.78,1
p0_st5_20_bearish_sr350_lr750_buf0_tg1030,NASDAQ_ORB_15m_p0_short_switch_tp2r_p0_st5_20_bearish_sr350_lr750_buf0_tg1030_2020-02-04,2020-02-04,1,LONG,15,09:45,2.0,2020-02-04 14:50:00+00:00,2020-02-04 14:51:00+00:00,2020-02-04 20:00:00+00:00,20,TIME_EXIT,9269.5,9227.0,42.5,9272.25,9348.5,9227.0,45.25,90.5,500.0,5.524861878453039,5,151.26,756.3,1
p0_st5_20_bearish_sr350_lr750_buf0_tg1030,NASDAQ_ORB_15m_p0_short_switch_tp2r_p0_st5_20_bearish_sr350_lr750_buf0_tg1030_2020-02-05,2020-02-05,1,SHORT,15,09:45,2.0,2020-02-05 15:15:00+00:00,2020-02-05 15:16:00+00:00,2020-02-05 20:00:00+00:00,45,TIME_EXIT,9457.75,9371.75,86.0,9370.25,9384.5,9457.75,87.5,175.0,350.0,2.0,2,-29.74,-59.48,0
p0_st5_20_bearish_sr350_lr750_buf0_tg1030,NASDAQ_ORB_15m_p0_short_switch_tp2r_p0_st5_20_bearish_sr350_lr750_buf0_tg1030_2020-02-06,2020-02-06,1,LONG,15,09:45,2.0,2020-02-06 15:00:00+00:00,2020-02-06 15:01:00+00:00,2020-02-06 20:00:00+00:00,30,TIME_EXIT,9408.0,9363.0,45.0,9414.25,9431.75,9363.0,51.25,102.5,500.0,4.878048780487805,4,33.76,135.04,1
p0_st5_20_bearish_sr350_lr750_buf0_tg1030,NASDAQ_ORB_15m_p0_short_switch_tp2r_p0_st5_20_bearish_sr350_lr750_buf0_tg1030_2020-02-07,2020-02-07,1,LONG,15,09:45,2.0,2020-02-07 15:32:00+00:00,2020-02-07 15:33:00+00:00,2020-02-07 20:00:00+00:00,62,TIME_EXIT,9424.5,9385.0,39.5,9429.25,9415.75,9385.0,44.25,88.5,500.0,5.649717514124294,5,-28.24,-141.2,0
p0_st5_20_bearish_sr350_lr750_buf0_tg1030,NASDAQ_ORB_15m_p0_short_switch_tp2r_p0_st5_20_bearish_sr350_lr750_buf0_tg1030_2020-02-10,2020-02-10,1,LONG,15,09:45,2.0,2020-02-10 14:55:00+00:00,2020-02-10 14:56:00+00:00,2020-02-10 20:00:00+00:00,25,TIME_EXIT,9437.0,9377.75,59.25,9437.5,9491.5,9377.75,59.75,119.5,500.0,4.184100418410042,4,106.76,427.04,1
p0_st5_20_bearish_sr350_lr750_buf0_tg1030,NASDAQ_ORB_15m_p0_short_switch_tp2r_p0_st5_20_bearish_sr350_lr750_buf0_tg1030_2020-02-11,2020-02-11,1,LONG,15,09:45,2.0,2020-02-11 15:09:00+00:00,2020-02-11 15:10:00+00:00,2020-02-11 20:00:00+00:00,39,TIME_EXIT,9581.75,9538.75,43.0,9582.75,9535.25,9538.75,44.0,88.0,500.0,5.681818181818182,5,-96.24,-481.2,0
p0_st5_20_bearish_sr350_lr750_buf0_tg1030,NASDAQ_ORB_15m_p0_short_switch_tp2r_p0_st5_20_bearish_sr350_lr750_buf0_tg1030_2020-02-12,2020-02-12,1,SHORT,15,09:45,2.0,2020-02-12 14:55:00+00:00,2020-02-12 14:56:00+00:00,2020-02-12 16:27:00+00:00,25,SWITCH_TO_LONG,9603.75,9579.0,24.75,9570.75,9606.0,9603.75,33.0,66.0,350.0,5.303030303030303,5,-71.74,-358.7,0
p0_st5_20_bearish_sr350_lr750_buf0_tg1030,NASDAQ_ORB_15m_p0_short_switch_tp2r_p0_st5_20_bearish_sr350_lr750_buf0_tg1030_2020-02-12,2020-02-12,2,LONG,15,09:45,2.0,2020-02-12 16:26:00+00:00,2020-02-12 16:27:00+00:00,2020-02-12 20:00:00+00:00,116,TIME_EXIT,9603.75,9579.0,24.75,9606.0,9607.0,9579.0,27.0,54.0,750.0,13.88888888888889,13,0.76,9.88,1
p0_st5_20_bearish_sr350_lr750_buf0_tg1030,NASDAQ_ORB_15m_p0_short_switch_tp2r_p0_st5_20_bearish_sr350_lr750_buf0_tg1030_2020-02-13,2020-02-13,1,LONG,15,09:45,2.0,2020-02-13 14:52:00+00:00,2020-02-13 14:53:00+00:00,2020-02-13 20:00:00+00:00,22,TIME_EXIT,9578.5,9539.25,39.25,9581.0,9634.0,9539.25,41.75,83.5,500.0,5.9880239520958085,5,104.76,523.8000000000001,1
p0_st5_20_bearish_sr350_lr750_buf0_tg1030,NASDAQ_ORB_15m_p0_short_switch_tp2r_p0_st5_20_bearish_sr350_lr750_buf0_tg1030_2020-02-14,2020-02-14,1,SHORT,15,09:45,2.0,2020-02-14 14:51:00+00:00,2020-02-14 14:52:00+00:00,2020-02-14 16:20:00+00:00,21,SWITCH_TO_LONG,9640.25,9608.25,32.0,9607.25,9641.5,9640.25,33.0,66.0,350.0,5.303030303030303,5,-69.74,-348.7,0
p0_st5_20_bearish_sr350_lr750_buf0_tg1030,NASDAQ_ORB_15m_p0_short_switch_tp2r_p0_st5_20_bearish_sr350_lr750_buf0_tg1030_2020-02-14,2020-02-14,2,LONG,15,09:45,2.0,2020-02-14 16:19:00+00:00,2020-02-14 16:20:00+00:00,2020-02-14 20:00:00+00:00,109,TIME_EXIT,9640.25,9608.25,32.0,9641.5,9612.75,9608.25,33.25,66.5,750.0,11.278195488721805,11,-58.74,-646.14,0
p0_st5_20_bearish_sr350_lr750_buf0_tg1030,NASDAQ_ORB_15m_p0_short_switch_tp2r_p0_st5_20_bearish_sr350_lr750_buf0_tg1030_2020-02-18,2020-02-18,1,LONG,15,09:45,2.0,2020-02-18 14:54:00+00:00,2020-02-18 14:55:00+00:00,2020-02-18 20:00:00+00:00,24,TIME_EXIT,9616.25,9575.0,41.25,9618.25,9644.75,9575.0,43.25,86.5,500.0,5.780346820809249,5,51.76,258.8,1
p0_st5_20_bearish_sr350_lr750_buf0_tg1030,NASDAQ_ORB_15m_p0_short_switch_tp2r_p0_st5_20_bearish_sr350_lr750_buf0_tg1030_2020-02-19,2020-02-19,1,LONG,15,09:45,2.0,2020-02-19 14:53:00+00:00,2020-02-19 14:54:00+00:00,2020-02-19 20:00:00+00:00,23,TIME_EXIT,9711.5,9681.5,30.0,9712.25,9741.5,9681.5,30.75,61.5,500.0,8.130081300813009,8,57.26,458.08,1
p0_st5_20_bearish_sr350_lr750_buf0_tg1030,NASDAQ_ORB_15m_p0_short_switch_tp2r_p0_st5_20_bearish_sr350_lr750_buf0_tg1030_2020-02-20,2020-02-20,1,LONG,15,09:45,2.0,2020-02-20 15:07:00+00:00,2020-02-20 15:08:00+00:00,2020-02-20 20:00:00+00:00,37,TIME_EXIT,9719.0,9686.25,32.75,9722.5,9622.25,9686.25,36.25,72.5,500.0,6.896551724137931,6,-201.74,-1210.44,0
p0_st5_20_bearish_sr350_lr750_buf0_tg1030,NASDAQ_ORB_15m_p0_short_switch_tp2r_p0_st5_20_bearish_sr350_lr750_buf0_tg1030_2020-02-21,2020-02-21,1,SHORT,15,09:45,2.0,2020-02-21 14:46:00+00:00,2020-02-21 14:47:00+00:00,2020-02-21 20:00:00+00:00,16,TIME_EXIT,9604.75,9526.5,78.25,9520.25,9443.75,9604.75,84.5,169.0,350.0,2.0710059171597632,2,151.76,303.52,1
p0_st5_20_bearish_sr350_lr750_buf0_tg1030,NASDAQ_ORB_15m_p0_short_switch_tp2r_p0_st5_20_bearish_sr350_lr750_buf0_tg1030_2020-02-24,2020-02-24,1,LONG,15,09:45,2.0,2020-02-24 14:48:00+00:00,2020-02-24 14:49:00+00:00,2020-02-24 20:00:00+00:00,18,TIME_EXIT,9180.25,9041.0,139.25,9184.75,9165.75,9041.0,143.75,287.5,500.0,1.7391304347826086,1,-39.24,-39.24,0
p0_st5_20_bearish_sr350_lr750_buf0_tg1030,NASDAQ_ORB_15m_p0_short_switch_tp2r_p0_st5_20_bearish_sr350_lr750_buf0_tg1030_2020-02-25,2020-02-25,1,SHORT,15,09:45,2.0,2020-02-25 15:15:00+00:00,2020-02-25 15:16:00+00:00,2020-02-25 16:18:00+00:00,45,TP_2R,9190.75,9120.0,70.75,9115.0,8963.75,9190.75,75.75,151.5,350.0,2.31023102310231,2,301.26,602.52,1
p0_st5_20_bearish_sr350_lr750_buf0_tg1030,NASDAQ_ORB_15m_p0_short_switch_tp2r_p0_st5_20_bearish_sr350_lr750_buf0_tg1030_2020-02-26,2020-02-26,1,LONG,15,09:45,2.0,2020-02-26 15:36:00+00:00,2020-02-26 15:37:00+00:00,2020-02-26 20:00:00+00:00,66,TIME_EXIT,9015.5,8880.0,135.5,9016.5,8862.75,8880.0,136.5,273.0,500.0,1.8315018315018314,1,-308.74,-308.74,0
p0_st5_20_bearish_sr350_lr750_buf0_tg1030,NASDAQ_ORB_15m_p0_short_switch_tp2r_p0_st5_20_bearish_sr350_lr750_buf0_tg1030_2020-02-27,2020-02-27,1,SHORT,15,09:45,2.0,2020-02-27 14:48:00+00:00,2020-02-27 14:49:00+00:00,2020-02-27 16:21:00+00:00,18,SWITCH_TO_LONG,8722.5,8631.25,91.25,8611.75,8731.5,8722.5,110.75,221.5,350.0,1.580135440180587,1,-240.74,-240.74,0
p0_st5_20_bearish_sr350_lr750_buf0_tg1030,NASDAQ_ORB_15m_p0_short_switch_tp2r_p0_st5_20_bearish_sr350_lr750_buf0_tg1030_2020-02-27,2020-02-27,2,LONG,15,09:45,2.0,2020-02-27 16:20:00+00:00,2020-02-27 16:21:00+00:00,2020-02-27 20:00:00+00:00,110,TIME_EXIT,8722.5,8631.25,91.25,8731.5,8587.75,8631.25,100.25,200.5,750.0,3.7406483790523692,3,-288.74,-866.22,0
p0_st5_20_bearish_sr350_lr750_buf0_tg1030,NASDAQ_ORB_15m_p0_short_switch_tp2r_p0_st5_20_bearish_sr350_lr750_buf0_tg1030_2020-03-02,2020-03-02,1,LONG,15,09:45,2.0,2020-03-02 16:12:00+00:00,2020-03-02 16:13:00+00:00,2020-03-02 20:00:00+00:00,102,TIME_EXIT,8596.5,8484.75,111.75,8613.0,8611.0,8484.75,128.25,256.5,500.0,1.949317738791423,1,-5.24,-5.24,0
p0_st5_20_bearish_sr350_lr750_buf0_tg1030,NASDAQ_ORB_15m_p0_short_switch_tp2r_p0_st5_20_bearish_sr350_lr750_buf0_tg1030_2020-03-03,2020-03-03,1,SHORT,15,09:45,2.0,2020-03-03 14:55:00+00:00,2020-03-03 14:56:00+00:00,2020-03-03 15:02:00+00:00,25,SWITCH_TO_LONG,8904.5,8801.0,103.5,8764.75,8977.75,8904.5,139.75,279.5,350.0,1.2522361359570662,1,-427.24,-427.24,0
p0_st5_20_bearish_sr350_lr750_buf0_tg1030,NASDAQ_ORB_15m_p0_short_switch_tp2r_p0_st5_20_bearish_sr350_lr750_buf0_tg1030_2020-03-03,2020-03-03,2,LONG,15,09:45,2.0,2020-03-03 15:01:00+00:00,2020-03-03 15:02:00+00:00,2020-03-03 20:00:00+00:00,31,TIME_EXIT,8904.5,8801.0,103.5,8977.75,8617.5,8801.0,176.75,353.5,750.0,2.1216407355021216,2,-721.74,-1443.48,0
p0_st5_20_bearish_sr350_lr750_buf0_tg1030,NASDAQ_ORB_15m_p0_short_switch_tp2r_p0_st5_20_bearish_sr350_lr750_buf0_tg1030_2020-03-04,2020-03-04,1,SHORT,15,09:45,2.0,2020-03-04 14:55:00+00:00,2020-03-04 14:56:00+00:00,2020-03-04 15:24:00+00:00,25,SWITCH_TO_LONG,8783.0,8687.25,95.75,8672.0,8783.25,8783.0,111.0,222.0,350.0,1.5765765765765767,1,-223.74,-223.74,0
p0_st5_20_bearish_sr350_lr750_buf0_tg1030,NASDAQ_ORB_15m_p0_short_switch_tp2r_p0_st5_20_bearish_sr350_lr750_buf0_tg1030_2020-03-04,2020-03-04,2,LONG,15,09:45,2.0,2020-03-04 15:23:00+00:00,2020-03-04 15:24:00+00:00,2020-03-04 20:00:00+00:00,53,TIME_EXIT,8783.0,8687.25,95.75,8783.25,8833.25,8687.25,96.0,192.0,750.0,3.90625,3,98.76,296.28000000000003,1
p0_st5_20_bearish_sr350_lr750_buf0_tg1030,NASDAQ_ORB_15m_p0_short_switch_tp2r_p0_st5_20_bearish_sr350_lr750_buf0_tg1030_2020-03-05,2020-03-05,1,LONG,15,09:45,2.0,2020-03-05 15:19:00+00:00,2020-03-05 15:20:00+00:00,2020-03-05 20:00:00+00:00,49,TIME_EXIT,8782.25,8701.75,80.5,8784.0,8682.75,8701.75,82.25,164.5,500.0,3.0395136778115504,3,-203.74,-611.22,0
p0_st5_20_bearish_sr350_lr750_buf0_tg1030,NASDAQ_ORB_15m_p0_short_switch_tp2r_p0_st5_20_bearish_sr350_lr750_buf0_tg1030_2020-03-06,2020-03-06,1,LONG,15,09:45,2.0,2020-03-06 15:17:00+00:00,2020-03-06 15:18:00+00:00,2020-03-06 20:00:00+00:00,47,TIME_EXIT,8462.0,8377.75,84.25,8465.5,8339.0,8377.75,87.75,175.5,500.0,2.849002849002849,2,-254.24,-508.48,0
p0_st5_20_bearish_sr350_lr750_buf0_tg1030,NASDAQ_ORB_15m_p0_short_switch_tp2r_p0_st5_20_bearish_sr350_lr750_buf0_tg1030_2020-03-10,2020-03-10,1,LONG,15,09:45,2.0,2020-03-10 14:21:00+00:00,2020-03-10 14:22:00+00:00,2020-03-10 19:00:00+00:00,51,TIME_EXIT,8244.75,8138.25,106.5,8247.25,8194.5,8138.25,109.0,218.0,500.0,2.293577981651376,2,-106.74,-213.48,0
p0_st5_20_bearish_sr350_lr750_buf0_tg1030,NASDAQ_ORB_15m_p0_short_switch_tp2r_p0_st5_20_bearish_sr350_lr750_buf0_tg1030_2020-03-19,2020-03-19,1,LONG,15,09:45,2.0,2020-03-19 13:57:00+00:00,2020-03-19 13:58:00+00:00,2020-03-19 19:00:00+00:00,27,TIME_EXIT,7193.75,7010.5,183.25,7195.25,7424.5,7010.5,184.75,369.5,500.0,1.3531799729364005,1,457.26,457.26,1
p0_st5_20_bearish_sr350_lr750_buf0_tg1030,NASDAQ_ORB_15m_p0_short_switch_tp2r_p0_st5_20_bearish_sr350_lr750_buf0_tg1030_2020-03-20,2020-03-20,1,SHORT,15,09:45,2.0,2020-03-20 13:46:00+00:00,2020-03-20 13:47:00+00:00,2020-03-20 14:58:00+00:00,16,SWITCH_TO_LONG,7470.0,7310.25,159.75,7300.25,7476.0,7470.0,169.75,339.5,350.0,1.0309278350515463,1,-352.74,-352.74,0
p0_st5_20_bearish_sr350_lr750_buf0_tg1030,NASDAQ_ORB_15m_p0_short_switch_tp2r_p0_st5_20_bearish_sr350_lr750_buf0_tg1030_2020-03-20,2020-03-20,2,LONG,15,09:45,2.0,2020-03-20 14:57:00+00:00,2020-03-20 14:58:00+00:00,2020-03-20 19:00:00+00:00,87,TIME_EXIT,7470.0,7310.25,159.75,7476.0,7098.75,7310.25,165.75,331.5,750.0,2.262443438914027,2,-755.74,-1511.48,0
p0_st5_20_bearish_sr350_lr750_buf0_tg1030,NASDAQ_ORB_15m_p0_short_switch_tp2r_p0_st5_20_bearish_sr350_lr750_buf0_tg1030_2020-03-23,2020-03-23,1,LONG,15,09:45,2.0,2020-03-23 13:57:00+00:00,2020-03-23 13:58:00+00:00,2020-03-23 19:00:00+00:00,27,TIME_EXIT,7010.25,6834.25,176.0,7013.25,6932.5,6834.25,179.0,358.0,500.0,1.3966480446927374,1,-162.74,-162.74,0
p0_st5_20_bearish_sr350_lr750_buf0_tg1030,NASDAQ_ORB_15m_p0_short_switch_tp2r_p0_st5_20_bearish_sr350_lr750_buf0_tg1030_2020-03-24,2020-03-24,1,LONG,15,09:45,2.0,2020-03-24 14:26:00+00:00,2020-03-24 14:27:00+00:00,2020-03-24 19:00:00+00:00,56,TIME_EXIT,7437.0,7327.5,109.5,7439.75,7465.5,7327.5,112.25,224.5,500.0,2.2271714922048997,2,50.26,100.52,1
p0_st5_20_bearish_sr350_lr750_buf0_tg1030,NASDAQ_ORB_15m_p0_short_switch_tp2r_p0_st5_20_bearish_sr350_lr750_buf0_tg1030_2020-03-26,2020-03-26,1,LONG,15,09:45,2.0,2020-03-26 14:06:00+00:00,2020-03-26 14:07:00+00:00,2020-03-26 19:00:00+00:00,36,TIME_EXIT,7638.0,7514.25,123.75,7644.0,7760.75,7514.25,129.75,259.5,500.0,1.9267822736030829,1,232.26,232.26,1
p0_st5_20_bearish_sr350_lr750_buf0_tg1030,NASDAQ_ORB_15m_p0_short_switch_tp2r_p0_st5_20_bearish_sr350_lr750_buf0_tg1030_2020-03-27,2020-03-27,1,SHORT,15,09:45,2.0,2020-03-27 13:48:00+00:00,2020-03-27 13:49:00+00:00,2020-03-27 17:41:00+00:00,18,SWITCH_TO_LONG,7693.0,7586.75,106.25,7584.25,7703.5,7693.0,108.75,217.5,350.0,1.6091954022988506,1,-239.74,-239.74,0
p0_st5_20_bearish_sr350_lr750_buf0_tg1030,NASDAQ_ORB_15m_p0_short_switch_tp2r_p0_st5_20_bearish_sr350_lr750_buf0_tg1030_2020-03-27,2020-03-27,2,LONG,15,09:45,2.0,2020-03-27 17:40:00+00:00,2020-03-27 17:41:00+00:00,2020-03-27 19:00:00+00:00,250,TIME_EXIT,7693.0,7586.75,106.25,7703.5,7731.25,7586.75,116.75,233.5,750.0,3.2119914346895073,3,54.26,162.78,1
p0_st5_20_bearish_sr350_lr750_buf0_tg1030,NASDAQ_ORB_15m_p0_short_switch_tp2r_p0_st5_20_bearish_sr350_lr750_buf0_tg1030_2020-03-30,2020-03-30,1,LONG,15,09:45,2.0,2020-03-30 14:04:00+00:00,2020-03-30 14:05:00+00:00,2020-03-30 19:00:00+00:00,34,TIME_EXIT,7712.5,7630.0,82.5,7717.75,7837.25,7630.0,87.75,175.5,500.0,2.849002849002849,2,237.76,475.52,1
p0_st5_20_bearish_sr350_lr750_buf0_tg1030,NASDAQ_ORB_15m_p0_short_switch_tp2r_p0_st5_20_bearish_sr350_lr750_buf0_tg1030_2020-03-31,2020-03-31,1,SHORT,15,09:45,2.0,2020-03-31 13:50:00+00:00,2020-03-31 13:51:00+00:00,2020-03-31 14:08:00+00:00,20,SWITCH_TO_LONG,7875.25,7818.25,57.0,7815.75,7876.25,7875.25,59.5,119.0,350.0,2.9411764705882355,2,-122.24,-244.48,0
p0_st5_20_bearish_sr350_lr750_buf0_tg1030,NASDAQ_ORB_15m_p0_short_switch_tp2r_p0_st5_20_bearish_sr350_lr750_buf0_tg1030_2020-03-31,2020-03-31,2,LONG,15,09:45,2.0,2020-03-31 14:07:00+00:00,2020-03-31 14:08:00+00:00,2020-03-31 14:41:00+00:00,37,TP_2R,7875.25,7818.25,57.0,7876.25,7992.0,7818.25,58.0,116.0,750.0,6.4655172413793105,6,230.26,1381.56,1
p0_st5_20_bearish_sr350_lr750_buf0_tg1030,NASDAQ_ORB_15m_p0_short_switch_tp2r_p0_st5_20_bearish_sr350_lr750_buf0_tg1030_2020-04-01,2020-04-01,1,LONG,15,09:45,2.0,2020-04-01 14:33:00+00:00,2020-04-01 14:34:00+00:00,2020-04-01 19:00:00+00:00,63,TIME_EXIT,7631.75,7559.25,72.5,7634.0,7464.5,7559.25,74.75,149.5,500.0,3.3444816053511706,3,-340.24,-1020.72,0
p0_st5_20_bearish_sr350_lr750_buf0_tg1030,NASDAQ_ORB_15m_p0_short_switch_tp2r_p0_st5_20_bearish_sr350_lr750_buf0_tg1030_2020-04-02,2020-04-02,1,LONG,15,09:45,2.0,2020-04-02 14:13:00+00:00,2020-04-02 14:14:00+00:00,2020-04-02 19:00:00+00:00,43,TIME_EXIT,7521.0,7416.75,104.25,7523.0,7541.75,7416.75,106.25,212.5,500.0,2.3529411764705883,2,36.26,72.52,1
p0_st5_20_bearish_sr350_lr750_buf0_tg1030,NASDAQ_ORB_15m_p0_short_switch_tp2r_p0_st5_20_bearish_sr350_lr750_buf0_tg1030_2020-04-06,2020-04-06,1,LONG,15,09:45,2.0,2020-04-06 13:51:00+00:00,2020-04-06 13:52:00+00:00,2020-04-06 19:00:00+00:00,21,TIME_EXIT,7811.5,7750.25,61.25,7827.5,7954.0,7750.25,77.25,154.5,500.0,3.236245954692557,3,251.76,755.28,1
p0_st5_20_bearish_sr350_lr750_buf0_tg1030,NASDAQ_ORB_15m_p0_short_switch_tp2r_p0_st5_20_bearish_sr350_lr750_buf0_tg1030_2020-04-07,2020-04-07,1,SHORT,15,09:45,2.0,2020-04-07 14:08:00+00:00,2020-04-07 14:09:00+00:00,2020-04-07 19:00:00+00:00,38,TIME_EXIT,8298.75,8201.5,97.25,8194.75,8064.0,8298.75,104.0,208.0,350.0,1.6826923076923077,1,260.26,260.26,1
p0_st5_20_bearish_sr350_lr750_buf0_tg1030,NASDAQ_ORB_15m_p0_short_switch_tp2r_p0_st5_20_bearish_sr350_lr750_buf0_tg1030_2020-04-08,2020-04-08,1,SHORT,15,09:45,2.0,2020-04-08 14:10:00+00:00,2020-04-08 14:11:00+00:00,2020-04-08 15:22:00+00:00,40,SWITCH_TO_LONG,8154.75,8100.75,54.0,8052.25,8157.25,8154.75,102.5,205.0,350.0,1.7073170731707317,1,-211.24,-211.24,0
p0_st5_20_bearish_sr350_lr750_buf0_tg1030,NASDAQ_ORB_15m_p0_short_switch_tp2r_p0_st5_20_bearish_sr350_lr750_buf0_tg1030_2020-04-08,2020-04-08,2,LONG,15,09:45,2.0,2020-04-08 15:21:00+00:00,2020-04-08 15:22:00+00:00,2020-04-08 19:00:00+00:00,111,TIME_EXIT,8154.75,8100.75,54.0,8157.25,8211.75,8100.75,56.5,113.0,750.0,6.6371681415929205,6,107.76,646.5600000000001,1
p0_st5_20_bearish_sr350_lr750_buf0_tg1030,NASDAQ_ORB_15m_p0_short_switch_tp2r_p0_st5_20_bearish_sr350_lr750_buf0_tg1030_2020-04-09,2020-04-09,1,SHORT,15,09:45,2.0,2020-04-09 14:20:00+00:00,2020-04-09 14:21:00+00:00,2020-04-09 19:00:00+00:00,50,TIME_EXIT,8327.0,8237.5,89.5,8179.25,8177.75,8327.0,147.75,295.5,350.0,1.1844331641285957,1,1.76,1.76,1
p0_st5_20_bearish_sr350_lr750_buf0_tg1030,NASDAQ_ORB_15m_p0_short_switch_tp2r_p0_st5_20_bearish_sr350_lr750_buf0_tg1030_2020-04-13,2020-04-13,1,LONG,15,09:45,2.0,2020-04-13 17:55:00+00:00,2020-04-13 17:56:00+00:00,2020-04-13 19:00:00+00:00,265,TIME_EXIT,8244.0,8176.5,67.5,8246.5,8253.75,8176.5,70.0,140.0,500.0,3.5714285714285716,3,13.26,39.78,1
p0_st5_20_bearish_sr350_lr750_buf0_tg1030,NASDAQ_ORB_15m_p0_short_switch_tp2r_p0_st5_20_bearish_sr350_lr750_buf0_tg1030_2020-04-14,2020-04-14,1,LONG,15,09:45,2.0,2020-04-14 13:46:00+00:00,2020-04-14 13:47:00+00:00,2020-04-14 19:00:00+00:00,16,TIME_EXIT,8539.0,8457.0,82.0,8544.25,8688.5,8457.0,87.25,174.5,500.0,2.865329512893983,2,287.26,574.52,1
p0_st5_20_bearish_sr350_lr750_buf0_tg1030,NASDAQ_ORB_15m_p0_short_switch_tp2r_p0_st5_20_bearish_sr350_lr750_buf0_tg1030_2020-04-15,2020-04-15,1,SHORT,15,09:45,2.0,2020-04-15 13:46:00+00:00,2020-04-15 13:47:00+00:00,2020-04-15 14:55:00+00:00,16,SWITCH_TO_LONG,8566.25,8499.0,67.25,8492.5,8570.0,8566.25,73.75,147.5,350.0,2.3728813559322033,2,-156.24,-312.48,0
p0_st5_20_bearish_sr350_lr750_buf0_tg1030,NASDAQ_ORB_15m_p0_short_switch_tp2r_p0_st5_20_bearish_sr350_lr750_buf0_tg1030_2020-04-15,2020-04-15,2,LONG,15,09:45,2.0,2020-04-15 14:54:00+00:00,2020-04-15 14:55:00+00:00,2020-04-15 19:00:00+00:00,84,TIME_EXIT,8566.25,8499.0,67.25,8570.0,8646.75,8499.0,71.0,142.0,750.0,5.28169014084507,5,152.26,761.3,1
p0_st5_20_bearish_sr350_lr750_buf0_tg1030,NASDAQ_ORB_15m_p0_short_switch_tp2r_p0_st5_20_bearish_sr350_lr750_buf0_tg1030_2020-04-16,2020-04-16,1,SHORT,15,09:45,2.0,2020-04-16 14:05:00+00:00,2020-04-16 14:06:00+00:00,2020-04-16 14:51:00+00:00,35,SWITCH_TO_LONG,8697.5,8646.5,51.0,8605.75,8700.0,8697.5,91.75,183.5,350.0,1.9073569482288828,1,-189.74,-189.74,0
p0_st5_20_bearish_sr350_lr750_buf0_tg1030,NASDAQ_ORB_15m_p0_short_switch_tp2r_p0_st5_20_bearish_sr350_lr750_buf0_tg1030_2020-04-16,2020-04-16,2,LONG,15,09:45,2.0,2020-04-16 14:50:00+00:00,2020-04-16 14:51:00+00:00,2020-04-16 19:00:00+00:00,80,TIME_EXIT,8697.5,8646.5,51.0,8700.0,8700.25,8646.5,53.5,107.0,750.0,7.009345794392523,7,-0.74,-5.18,0
p0_st5_20_bearish_sr350_lr750_buf0_tg1030,NASDAQ_ORB_15m_p0_short_switch_tp2r_p0_st5_20_bearish_sr350_lr750_buf0_tg1030_2020-04-20,2020-04-20,1,LONG,15,09:45,2.0,2020-04-20 14:26:00+00:00,2020-04-20 14:27:00+00:00,2020-04-20 19:00:00+00:00,56,TIME_EXIT,8784.5,8729.5,55.0,8791.0,8734.25,8729.5,61.5,123.0,500.0,4.065040650406504,4,-114.74,-458.96,0
p0_st5_20_bearish_sr350_lr750_buf0_tg1030,NASDAQ_ORB_15m_p0_short_switch_tp2r_p0_st5_20_bearish_sr350_lr750_buf0_tg1030_2020-04-21,2020-04-21,1,SHORT,15,09:45,2.0,2020-04-21 14:17:00+00:00,2020-04-21 14:18:00+00:00,2020-04-21 19:00:00+00:00,47,TIME_EXIT,8651.75,8538.25,113.5,8532.25,8422.0,8651.75,119.5,239.0,350.0,1.4644351464435146,1,219.26,219.26,1
p0_st5_20_bearish_sr350_lr750_buf0_tg1030,NASDAQ_ORB_15m_p0_short_switch_tp2r_p0_st5_20_bearish_sr350_lr750_buf0_tg1030_2020-04-22,2020-04-22,1,LONG,15,09:45,2.0,2020-04-22 14:41:00+00:00,2020-04-22 14:42:00+00:00,2020-04-22 19:00:00+00:00,71,TIME_EXIT,8598.0,8541.5,56.5,8598.75,8674.5,8541.5,57.25,114.5,500.0,4.366812227074236,4,150.26,601.04,1
p0_st5_20_bearish_sr350_lr750_buf0_tg1030,NASDAQ_ORB_15m_p0_short_switch_tp2r_p0_st5_20_bearish_sr350_lr750_buf0_tg1030_2020-04-23,2020-04-23,1,LONG,15,09:45,2.0,2020-04-23 14:20:00+00:00,2020-04-23 14:21:00+00:00,2020-04-23 19:00:00+00:00,50,TIME_EXIT,8744.0,8661.75,82.25,8747.0,8701.5,8661.75,85.25,170.5,500.0,2.932551319648094,2,-92.24,-184.48,0
p0_st5_20_bearish_sr350_lr750_buf0_tg1030,NASDAQ_ORB_15m_p0_short_switch_tp2r_p0_st5_20_bearish_sr350_lr750_buf0_tg1030_2020-04-24,2020-04-24,1,SHORT,15,09:45,2.0,2020-04-24 13:50:00+00:00,2020-04-24 13:51:00+00:00,2020-04-24 16:30:00+00:00,20,SWITCH_TO_LONG,8667.25,8616.0,51.25,8592.25,8672.0,8667.25,75.0,150.0,350.0,2.3333333333333335,2,-160.74,-321.48,0
p0_st5_20_bearish_sr350_lr750_buf0_tg1030,NASDAQ_ORB_15m_p0_short_switch_tp2r_p0_st5_20_bearish_sr350_lr750_buf0_tg1030_2020-04-24,2020-04-24,2,LONG,15,09:45,2.0,2020-04-24 16:29:00+00:00,2020-04-24 16:30:00+00:00,2020-04-24 19:00:00+00:00,179,TIME_EXIT,8667.25,8616.0,51.25,8672.0,8734.5,8616.0,56.0,112.0,750.0,6.696428571428571,6,123.76,742.5600000000001,1
p0_st5_20_bearish_sr350_lr750_buf0_tg1030,NASDAQ_ORB_15m_p0_short_switch_tp2r_p0_st5_20_bearish_sr350_lr750_buf0_tg1030_2020-04-27,2020-04-27,1,LONG,15,09:45,2.0,2020-04-27 13:58:00+00:00,2020-04-27 13:59:00+00:00,2020-04-27 19:00:00+00:00,28,TIME_EXIT,8859.25,8819.5,39.75,8860.5,8824.25,8819.5,41.0,82.0,500.0,6.097560975609756,6,-73.74,-442.43999999999994,0
p0_st5_20_bearish_sr350_lr750_buf0_tg1030,NASDAQ_ORB_15m_p0_short_switch_tp2r_p0_st5_20_bearish_sr350_lr750_buf0_tg1030_2020-04-28,2020-04-28,1,SHORT,15,09:45,2.0,2020-04-28 13:56:00+00:00,2020-04-28 13:57:00+00:00,2020-04-28 14:48:00+00:00,26,TP_2R,8905.25,8850.25,55.0,8847.25,8731.5,8905.25,58.0,116.0,350.0,3.0172413793103448,3,230.26,690.78,1
p0_st5_20_bearish_sr350_lr750_buf0_tg1030,NASDAQ_ORB_15m_p0_short_switch_tp2r_p0_st5_20_bearish_sr350_lr750_buf0_tg1030_2020-04-29,2020-04-29,1,LONG,15,09:45,2.0,2020-04-29 13:48:00+00:00,2020-04-29 13:49:00+00:00,2020-04-29 19:00:00+00:00,18,TIME_EXIT,8869.0,8816.0,53.0,8876.75,8978.0,8816.0,60.75,121.5,500.0,4.11522633744856,4,201.26,805.04,1
p0_st5_20_bearish_sr350_lr750_buf0_tg1030,NASDAQ_ORB_15m_p0_short_switch_tp2r_p0_st5_20_bearish_sr350_lr750_buf0_tg1030_2020-05-01,2020-05-01,1,LONG,15,09:45,2.0,2020-05-01 14:01:00+00:00,2020-05-01 14:02:00+00:00,2020-05-01 19:00:00+00:00,31,TIME_EXIT,8842.75,8780.0,62.75,8845.75,8725.25,8780.0,65.75,131.5,500.0,3.802281368821293,3,-242.24,-726.72,0
p0_st5_20_bearish_sr350_lr750_buf0_tg1030,NASDAQ_ORB_15m_p0_short_switch_tp2r_p0_st5_20_bearish_sr350_lr750_buf0_tg1030_2020-05-04,2020-05-04,1,LONG,15,09:45,2.0,2020-05-04 13:51:00+00:00,2020-05-04 13:52:00+00:00,2020-05-04 15:41:00+00:00,21,TP_2R,8687.25,8650.5,36.75,8692.75,8777.0,8650.5,42.25,84.5,500.0,5.9171597633136095,5,167.26,836.3,1
p0_st5_20_bearish_sr350_lr750_buf0_tg1030,NASDAQ_ORB_15m_p0_short_switch_tp2r_p0_st5_20_bearish_sr350_lr750_buf0_tg1030_2020-05-05,2020-05-05,1,LONG,15,09:45,2.0,2020-05-05 13:49:00+00:00,2020-05-05 13:50:00+00:00,2020-05-05 19:00:00+00:00,19,TIME_EXIT,8942.75,8895.0,47.75,8944.0,9018.5,8895.0,49.0,98.0,500.0,5.1020408163265305,5,147.76,738.8,1
p0_st5_20_bearish_sr350_lr750_buf0_tg1030,NASDAQ_ORB_15m_p0_short_switch_tp2r_p0_st5_20_bearish_sr350_lr750_buf0_tg1030_2020-05-06,2020-05-06,1,SHORT,15,09:45,2.0,2020-05-06 14:10:00+00:00,2020-05-06 14:11:00+00:00,2020-05-06 14:47:00+00:00,40,SWITCH_TO_LONG,9029.5,8972.25,57.25,8945.5,9038.0,9029.5,84.0,168.0,350.0,2.0833333333333335,2,-186.24,-372.48,0
p0_st5_20_bearish_sr350_lr750_buf0_tg1030,NASDAQ_ORB_15m_p0_short_switch_tp2r_p0_st5_20_bearish_sr350_lr750_buf0_tg1030_2020-05-06,2020-05-06,2,LONG,15,09:45,2.0,2020-05-06 14:46:00+00:00,2020-05-06 14:47:00+00:00,2020-05-06 19:00:00+00:00,76,TIME_EXIT,9029.5,8972.25,57.25,9038.0,9017.0,8972.25,65.75,131.5,750.0,5.7034220532319395,5,-43.24,-216.20000000000002,0
p0_st5_20_bearish_sr350_lr750_buf0_tg1030,NASDAQ_ORB_15m_p0_short_switch_tp2r_p0_st5_20_bearish_sr350_lr750_buf0_tg1030_2020-05-07,2020-05-07,1,SHORT,15,09:45,2.0,2020-05-07 14:15:00+00:00,2020-05-07 14:16:00+00:00,2020-05-07 16:27:00+00:00,45,SWITCH_TO_LONG,9107.5,9057.75,49.75,9051.25,9112.5,9107.5,56.25,112.5,350.0,3.111111111111111,3,-123.74,-371.21999999999997,0
p0_st5_20_bearish_sr350_lr750_buf0_tg1030,NASDAQ_ORB_15m_p0_short_switch_tp2r_p0_st5_20_bearish_sr350_lr750_buf0_tg1030_2020-05-07,2020-05-07,2,LONG,15,09:45,2.0,2020-05-07 16:26:00+00:00,2020-05-07 16:27:00+00:00,2020-05-07 19:00:00+00:00,176,TIME_EXIT,9107.5,9057.75,49.75,9112.5,9095.75,9057.75,54.75,109.5,750.0,6.8493150684931505,6,-34.74,-208.44,0
p0_st5_20_bearish_sr350_lr750_buf0_tg1030,NASDAQ_ORB_15m_p0_short_switch_tp2r_p0_st5_20_bearish_sr350_lr750_buf0_tg1030_2020-05-08,2020-05-08,1,LONG,15,09:45,2.0,2020-05-08 14:18:00+00:00,2020-05-08 14:19:00+00:00,2020-05-08 19:00:00+00:00,48,TIME_EXIT,9168.75,9116.0,52.75,9171.75,9184.75,9116.0,55.75,111.5,500.0,4.484304932735426,4,24.76,99.04,1
p0_st5_20_bearish_sr350_lr750_buf0_tg1030,NASDAQ_ORB_15m_p0_short_switch_tp2r_p0_st5_20_bearish_sr350_lr750_buf0_tg1030_2020-05-11,2020-05-11,1,LONG,15,09:45,2.0,2020-05-11 13:46:00+00:00,2020-05-11 13:47:00+00:00,2020-05-11 19:00:00+00:00,16,TIME_EXIT,9212.0,9147.5,64.5,9213.0,9322.25,9147.5,65.5,131.0,500.0,3.816793893129771,3,217.26,651.78,1
p0_st5_20_bearish_sr350_lr750_buf0_tg1030,NASDAQ_ORB_15m_p0_short_switch_tp2r_p0_st5_20_bearish_sr350_lr750_buf0_tg1030_2020-05-12,2020-05-12,1,SHORT,15,09:45,2.0,2020-05-12 13:51:00+00:00,2020-05-12 13:52:00+00:00,2020-05-12 19:00:00+00:00,21,TIME_EXIT,9345.75,9264.75,81.0,9263.5,9273.75,9345.75,82.25,164.5,350.0,2.127659574468085,2,-21.74,-43.48,0
p0_st5_20_bearish_sr350_lr750_buf0_tg1030,NASDAQ_ORB_15m_p0_short_switch_tp2r_p0_st5_20_bearish_sr350_lr750_buf0_tg1030_2020-05-13,2020-05-13,1,LONG,15,09:45,2.0,2020-05-13 14:03:00+00:00,2020-05-13 14:04:00+00:00,2020-05-13 19:00:00+00:00,33,TIME_EXIT,9141.25,9042.5,98.75,9148.0,8901.5,9042.5,105.5,211.0,500.0,2.3696682464454977,2,-494.24,-988.48,0
p0_st5_20_bearish_sr350_lr750_buf0_tg1030,NASDAQ_ORB_15m_p0_short_switch_tp2r_p0_st5_20_bearish_sr350_lr750_buf0_tg1030_2020-05-14,2020-05-14,1,SHORT,15,09:45,2.0,2020-05-14 13:49:00+00:00,2020-05-14 13:50:00+00:00,2020-05-14 16:58:00+00:00,19,SWITCH_TO_LONG,8976.25,8912.5,63.75,8903.0,8980.5,8976.25,73.25,146.5,350.0,2.3890784982935154,2,-156.24,-312.48,0
p0_st5_20_bearish_sr350_lr750_buf0_tg1030,NASDAQ_ORB_15m_p0_short_switch_tp2r_p0_st5_20_bearish_sr350_lr750_buf0_tg1030_2020-05-14,2020-05-14,2,LONG,15,09:45,2.0,2020-05-14 16:57:00+00:00,2020-05-14 16:58:00+00:00,2020-05-14 19:00:00+00:00,207,TIME_EXIT,8976.25,8912.5,63.75,8980.5,8985.0,8912.5,68.0,136.0,750.0,5.514705882352941,5,7.76,38.8,1
p0_st5_20_bearish_sr350_lr750_buf0_tg1030,NASDAQ_ORB_15m_p0_short_switch_tp2r_p0_st5_20_bearish_sr350_lr750_buf0_tg1030_2020-05-15,2020-05-15,1,LONG,15,09:45,2.0,2020-05-15 13:54:00+00:00,2020-05-15 13:55:00+00:00,2020-05-15 19:00:00+00:00,24,TIME_EXIT,9012.0,8943.5,68.5,9016.25,9076.25,8943.5,72.75,145.5,500.0,3.4364261168384878,3,118.76,356.28000000000003,1
p0_st5_20_bearish_sr350_lr750_buf0_tg1030,NASDAQ_ORB_15m_p0_short_switch_tp2r_p0_st5_20_bearish_sr350_lr750_buf0_tg1030_2020-05-18,2020-05-18,1,LONG,15,09:45,2.0,2020-05-18 13:46:00+00:00,2020-05-18 13:47:00+00:00,2020-05-18 19:00:00+00:00,16,TIME_EXIT,9288.75,9246.0,42.75,9291.5,9325.25,9246.0,45.5,91.0,500.0,5.4945054945054945,5,66.26,331.3,1
p0_st5_20_bearish_sr350_lr750_buf0_tg1030,NASDAQ_ORB_15m_p0_short_switch_tp2r_p0_st5_20_bearish_sr350_lr750_buf0_tg1030_2020-05-19,2020-05-19,1,LONG,15,09:45,2.0,2020-05-19 13:57:00+00:00,2020-05-19 13:58:00+00:00,2020-05-19 19:00:00+00:00,27,TIME_EXIT,9368.75,9313.5,55.25,9373.5,9352.0,9313.5,60.0,120.0,500.0,4.166666666666667,4,-44.24,-176.96,0
p0_st5_20_bearish_sr350_lr750_buf0_tg1030,NASDAQ_ORB_15m_p0_short_switch_tp2r_p0_st5_20_bearish_sr350_lr750_buf0_tg1030_2020-05-20,2020-05-20,1,LONG,15,09:45,2.0,2020-05-20 13:47:00+00:00,2020-05-20 13:48:00+00:00,2020-05-20 19:00:00+00:00,17,TIME_EXIT,9442.0,9401.75,40.25,9442.75,9475.25,9401.75,41.0,82.0,500.0,6.097560975609756,6,63.76,382.56,1
p0_st5_20_bearish_sr350_lr750_buf0_tg1030,NASDAQ_ORB_15m_p0_short_switch_tp2r_p0_st5_20_bearish_sr350_lr750_buf0_tg1030_2020-05-21,2020-05-21,1,SHORT,15,09:45,2.0,2020-05-21 14:05:00+00:00,2020-05-21 14:06:00+00:00,2020-05-21 19:00:00+00:00,35,TIME_EXIT,9510.5,9469.25,41.25,9439.75,9385.25,9510.5,70.75,141.5,350.0,2.4734982332155475,2,107.76,215.52,1
p0_st5_20_bearish_sr350_lr750_buf0_tg1030,NASDAQ_ORB_15m_p0_short_switch_tp2r_p0_st5_20_bearish_sr350_lr750_buf0_tg1030_2020-05-22,2020-05-22,1,LONG,15,09:45,2.0,2020-05-22 13:54:00+00:00,2020-05-22 13:55:00+00:00,2020-05-22 19:00:00+00:00,24,TIME_EXIT,9368.5,9319.5,49.0,9376.25,9402.75,9319.5,56.75,113.5,500.0,4.405286343612334,4,51.76,207.04,1
p0_st5_20_bearish_sr350_lr750_buf0_tg1030,NASDAQ_ORB_15m_p0_short_switch_tp2r_p0_st5_20_bearish_sr350_lr750_buf0_tg1030_2020-05-25,2020-05-25,1,LONG,15,09:45,2.0,2020-05-25 14:37:00+00:00,2020-05-25 14:38:00+00:00,2020-05-25 22:02:00+00:00,67,TIME_EXIT,9526.0,9513.5,12.5,9526.5,9517.0,9513.5,13.0,26.0,500.0,19.23076923076923,19,-20.24,-384.55999999999995,0
p0_st5_20_bearish_sr350_lr750_buf0_tg1030,NASDAQ_ORB_15m_p0_short_switch_tp2r_p0_st5_20_bearish_sr350_lr750_buf0_tg1030_2020-05-26,2020-05-26,1,SHORT,15,09:45,2.0,2020-05-26 13:51:00+00:00,2020-05-26 13:52:00+00:00,2020-05-26 19:00:00+00:00,21,TIME_EXIT,9569.75,9519.5,50.25,9512.0,9449.25,9569.75,57.75,115.5,350.0,3.0303030303030303,3,124.26,372.78000000000003,1
p0_st5_20_bearish_sr350_lr750_buf0_tg1030,NASDAQ_ORB_15m_p0_short_switch_tp2r_p0_st5_20_bearish_sr350_lr750_buf0_tg1030_2020-05-27,2020-05-27,1,SHORT,15,09:45,2.0,2020-05-27 13:47:00+00:00,2020-05-27 13:48:00+00:00,2020-05-27 14:50:00+00:00,17,TP_2R,9385.25,9324.25,61.0,9317.5,9182.25,9385.25,67.75,135.5,350.0,2.5830258302583027,2,269.26,538.52,1
p0_st5_20_bearish_sr350_lr750_buf0_tg1030,NASDAQ_ORB_15m_p0_short_switch_tp2r_p0_st5_20_bearish_sr350_lr750_buf0_tg1030_2020-05-28,2020-05-28,1,LONG,15,09:45,2.0,2020-05-28 14:09:00+00:00,2020-05-28 14:10:00+00:00,2020-05-28 19:00:00+00:00,39,TIME_EXIT,9462.75,9382.25,80.5,9464.5,9523.0,9382.25,82.25,164.5,500.0,3.0395136778115504,3,115.76,347.28000000000003,1
p0_st5_20_bearish_sr350_lr750_buf0_tg1030,NASDAQ_ORB_15m_p0_short_switch_tp2r_p0_st5_20_bearish_sr350_lr750_buf0_tg1030_2020-05-29,2020-05-29,1,LONG,15,09:45,2.0,2020-05-29 13:47:00+00:00,2020-05-29 13:48:00+00:00,2020-05-29 19:00:00+00:00,17,TIME_EXIT,9464.75,9420.5,44.25,9473.25,9496.75,9420.5,52.75,105.5,500.0,4.739336492890995,4,45.76,183.04,1
p0_st5_20_bearish_sr350_lr750_buf0_tg1030,NASDAQ_ORB_15m_p0_short_switch_tp2r_p0_st5_20_bearish_sr350_lr750_buf0_tg1030_2020-06-01,2020-06-01,1,LONG,15,09:45,2.0,2020-06-01 13:46:00+00:00,2020-06-01 13:47:00+00:00,2020-06-01 19:00:00+00:00,16,TIME_EXIT,9559.0,9505.5,53.5,9562.25,9593.25,9505.5,56.75,113.5,500.0,4.405286343612334,4,60.76,243.04,1
p0_st5_20_bearish_sr350_lr750_buf0_tg1030,NASDAQ_ORB_15m_p0_short_switch_tp2r_p0_st5_20_bearish_sr350_lr750_buf0_tg1030_2020-06-02,2020-06-02,1,SHORT,15,09:45,2.0,2020-06-02 13:49:00+00:00,2020-06-02 13:50:00+00:00,2020-06-02 14:22:00+00:00,19,SWITCH_TO_LONG,9605.5,9570.5,35.0,9558.5,9609.5,9605.5,47.0,94.0,350.0,3.723404255319149,3,-103.24,-309.71999999999997,0
p0_st5_20_bearish_sr350_lr750_buf0_tg1030,NASDAQ_ORB_15m_p0_short_switch_tp2r_p0_st5_20_bearish_sr350_lr750_buf0_tg1030_2020-06-02,2020-06-02,2,LONG,15,09:45,2.0,2020-06-02 14:21:00+00:00,2020-06-02 14:22:00+00:00,2020-06-02 19:00:00+00:00,51,TIME_EXIT,9605.5,9570.5,35.0,9609.5,9605.5,9570.5,39.0,78.0,750.0,9.615384615384615,9,-9.24,-83.16,0
p0_st5_20_bearish_sr350_lr750_buf0_tg1030,NASDAQ_ORB_15m_p0_short_switch_tp2r_p0_st5_20_bearish_sr350_lr750_buf0_tg1030_2020-06-03,2020-06-03,1,LONG,15,09:45,2.0,2020-06-03 14:01:00+00:00,2020-06-03 14:02:00+00:00,2020-06-03 19:00:00+00:00,31,TIME_EXIT,9697.5,9650.75,46.75,9702.25,9698.75,9650.75,51.5,103.0,500.0,4.854368932038835,4,-8.24,-32.96,0
p0_st5_20_bearish_sr350_lr750_buf0_tg1030,NASDAQ_ORB_15m_p0_short_switch_tp2r_p0_st5_20_bearish_sr350_lr750_buf0_tg1030_2020-06-04,2020-06-04,1,LONG,15,09:45,2.0,2020-06-04 13:46:00+00:00,2020-06-04 13:47:00+00:00,2020-06-04 19:00:00+00:00,16,TIME_EXIT,9707.25,9669.75,37.5,9714.25,9595.25,9669.75,44.5,89.0,500.0,5.617977528089888,5,-239.24,-1196.2,0
p0_st5_20_bearish_sr350_lr750_buf0_tg1030,NASDAQ_ORB_15m_p0_short_switch_tp2r_p0_st5_20_bearish_sr350_lr750_buf0_tg1030_2020-06-05,2020-06-05,1,LONG,15,09:45,2.0,2020-06-05 13:46:00+00:00,2020-06-05 13:47:00+00:00,2020-06-05 19:00:00+00:00,16,TIME_EXIT,9762.75,9653.25,109.5,9766.75,9822.0,9653.25,113.5,227.0,500.0,2.202643171806167,2,109.26,218.52,1
p0_st5_20_bearish_sr350_lr750_buf0_tg1030,NASDAQ_ORB_15m_p0_short_switch_tp2r_p0_st5_20_bearish_sr350_lr750_buf0_tg1030_2020-06-08,2020-06-08,1,SHORT,15,09:45,2.0,2020-06-08 13:50:00+00:00,2020-06-08 13:51:00+00:00,2020-06-08 17:32:00+00:00,20,SWITCH_TO_LONG,9829.0,9792.0,37.0,9780.0,9831.0,9829.0,49.0,98.0,350.0,3.5714285714285716,3,-103.24,-309.71999999999997,0
p0_st5_20_bearish_sr350_lr750_buf0_tg1030,NASDAQ_ORB_15m_p0_short_switch_tp2r_p0_st5_20_bearish_sr350_lr750_buf0_tg1030_2020-06-08,2020-06-08,2,LONG,15,09:45,2.0,2020-06-08 17:31:00+00:00,2020-06-08 17:32:00+00:00,2020-06-08 19:00:00+00:00,241,TIME_EXIT,9829.0,9792.0,37.0,9831.0,9871.75,9792.0,39.0,78.0,750.0,9.615384615384615,9,80.26,722.34,1
p0_st5_20_bearish_sr350_lr750_buf0_tg1030,NASDAQ_ORB_15m_p0_short_switch_tp2r_p0_st5_20_bearish_sr350_lr750_buf0_tg1030_2020-06-09,2020-06-09,1,LONG,15,09:45,2.0,2020-06-09 13:46:00+00:00,2020-06-09 13:47:00+00:00,2020-06-09 19:00:00+00:00,16,TIME_EXIT,9900.0,9851.75,48.25,9903.0,9984.75,9851.75,51.25,102.5,500.0,4.878048780487805,4,162.26,649.04,1
p0_st5_20_bearish_sr350_lr750_buf0_tg1030,NASDAQ_ORB_15m_p0_short_switch_tp2r_p0_st5_20_bearish_sr350_lr750_buf0_tg1030_2020-06-10,2020-06-10,1,LONG,15,09:45,2.0,2020-06-10 14:01:00+00:00,2020-06-10 14:02:00+00:00,2020-06-10 19:00:00+00:00,31,TIME_EXIT,10066.0,10023.0,43.0,10069.75,10096.75,10023.0,46.75,93.5,500.0,5.347593582887701,5,52.76,263.8,1
p0_st5_20_bearish_sr350_lr750_buf0_tg1030,NASDAQ_ORB_15m_p0_short_switch_tp2r_p0_st5_20_bearish_sr350_lr750_buf0_tg1030_2020-06-11,2020-06-11,1,LONG,15,09:45,2.0,2020-06-11 14:13:00+00:00,2020-06-11 14:14:00+00:00,2020-06-11 19:00:00+00:00,43,TIME_EXIT,9954.75,9876.5,78.25,9957.5,9643.0,9876.5,81.0,162.0,500.0,3.0864197530864197,3,-630.24,-1890.72,0
p0_st5_20_bearish_sr350_lr750_buf0_tg1030,NASDAQ_ORB_15m_p0_short_switch_tp2r_p0_st5_20_bearish_sr350_lr750_buf0_tg1030_2020-06-15,2020-06-15,1,LONG,15,09:45,2.0,2020-06-15 13:56:00+00:00,2020-06-15 13:57:00+00:00,2020-06-15 18:02:00+00:00,26,TP_2R,9559.25,9471.5,87.75,9560.5,9738.25,9471.5,89.0,178.0,500.0,2.808988764044944,2,354.26,708.52,1
p0_st5_20_bearish_sr350_lr750_buf0_tg1030,NASDAQ_ORB_15m_p0_short_switch_tp2r_p0_st5_20_bearish_sr350_lr750_buf0_tg1030_2020-06-16,2020-06-16,1,LONG,15,09:45,2.0,2020-06-16 13:46:00+00:00,2020-06-16 13:47:00+00:00,2020-06-16 19:00:00+00:00,16,TIME_EXIT,9984.0,9940.5,43.5,9995.0,9928.0,9940.5,54.5,109.0,500.0,4.587155963302752,4,-135.24,-540.96,0
p0_st5_20_bearish_sr350_lr750_buf0_tg1030,NASDAQ_ORB_15m_p0_short_switch_tp2r_p0_st5_20_bearish_sr350_lr750_buf0_tg1030_2020-06-17,2020-06-17,1,LONG,15,09:45,2.0,2020-06-17 13:48:00+00:00,2020-06-17 13:49:00+00:00,2020-06-17 19:00:00+00:00,18,TIME_EXIT,10014.75,9976.0,38.75,10016.75,10013.0,9976.0,40.75,81.5,500.0,6.134969325153374,6,-8.74,-52.44,0
p0_st5_20_bearish_sr350_lr750_buf0_tg1030,NASDAQ_ORB_15m_p0_short_switch_tp2r_p0_st5_20_bearish_sr350_lr750_buf0_tg1030_2020-06-18,2020-06-18,1,LONG,15,09:45,2.0,2020-06-18 13:50:00+00:00,2020-06-18 13:51:00+00:00,2020-06-18 19:00:00+00:00,20,TIME_EXIT,9982.25,9941.75,40.5,9986.5,9949.5,9941.75,44.75,89.5,500.0,5.58659217877095,5,-75.24,-376.2,0
p0_st5_20_bearish_sr350_lr750_buf0_tg1030,NASDAQ_ORB_15m_p0_short_switch_tp2r_p0_st5_20_bearish_sr350_lr750_buf0_tg1030_2020-06-19,2020-06-19,1,LONG,15,09:45,2.0,2020-06-19 13:50:00+00:00,2020-06-19 13:51:00+00:00,2020-06-19 19:00:00+00:00,20,TIME_EXIT,10102.0,10075.5,26.5,10104.25,9983.25,10075.5,28.75,57.5,500.0,8.695652173913043,8,-243.24,-1945.92,0
p0_st5_20_bearish_sr350_lr750_buf0_tg1030,NASDAQ_ORB_15m_p0_short_switch_tp2r_p0_st5_20_bearish_sr350_lr750_buf0_tg1030_2020-06-22,2020-06-22,1,LONG,15,09:45,2.0,2020-06-22 13:54:00+00:00,2020-06-22 13:55:00+00:00,2020-06-22 16:16:00+00:00,24,TP_2R,10006.25,9975.25,31.0,10013.0,10088.25,9975.25,37.75,75.5,500.0,6.622516556291391,6,149.26,895.56,1
p0_st5_20_bearish_sr350_lr750_buf0_tg1030,NASDAQ_ORB_15m_p0_short_switch_tp2r_p0_st5_20_bearish_sr350_lr750_buf0_tg1030_2020-06-23,2020-06-23,1,LONG,15,09:45,2.0,2020-06-23 14:18:00+00:00,2020-06-23 14:19:00+00:00,2020-06-23 17:35:00+00:00,48,TP_2R,10199.5,10158.75,40.75,10202.0,10288.25,10158.75,43.25,86.5,500.0,5.780346820809249,5,171.26,856.3,1
p0_st5_20_bearish_sr350_lr750_buf0_tg1030,NASDAQ_ORB_15m_p0_short_switch_tp2r_p0_st5_20_bearish_sr350_lr750_buf0_tg1030_2020-06-24,2020-06-24,1,SHORT,15,09:45,2.0,2020-06-24 13:55:00+00:00,2020-06-24 13:56:00+00:00,2020-06-24 15:44:00+00:00,25,TP_2R,10221.25,10162.0,59.25,10132.5,9955.25,10221.25,88.75,177.5,350.0,1.971830985915493,1,353.26,353.26,1
p0_st5_20_bearish_sr350_lr750_buf0_tg1030,NASDAQ_ORB_15m_p0_short_switch_tp2r_p0_st5_20_bearish_sr350_lr750_buf0_tg1030_2020-06-25,2020-06-25,1,SHORT,15,09:45,2.0,2020-06-25 13:48:00+00:00,2020-06-25 13:49:00+00:00,2020-06-25 16:05:00+00:00,18,SWITCH_TO_LONG,10017.5,9911.0,106.5,9908.75,10019.0,10017.5,108.75,217.5,350.0,1.6091954022988506,1,-221.74,-221.74,0
p0_st5_20_bearish_sr350_lr750_buf0_tg1030,NASDAQ_ORB_15m_p0_short_switch_tp2r_p0_st5_20_bearish_sr350_lr750_buf0_tg1030_2020-06-25,2020-06-25,2,LONG,15,09:45,2.0,2020-06-25 16:04:00+00:00,2020-06-25 16:05:00+00:00,2020-06-25 19:00:00+00:00,154,TIME_EXIT,10017.5,9911.0,106.5,10019.0,9993.5,9911.0,108.0,216.0,750.0,3.4722222222222223,3,-52.24,-156.72,0
p0_st5_20_bearish_sr350_lr750_buf0_tg1030,NASDAQ_ORB_15m_p0_short_switch_tp2r_p0_st5_20_bearish_sr350_lr750_buf0_tg1030_2020-06-26,2020-06-26,1,SHORT,15,09:45,2.0,2020-06-26 14:02:00+00:00,2020-06-26 14:03:00+00:00,2020-06-26 19:00:00+00:00,32,TIME_EXIT,10082.5,10004.5,78.0,9998.0,9879.0,10082.5,84.5,169.0,350.0,2.0710059171597632,2,236.76,473.52,1
p0_st5_20_bearish_sr350_lr750_buf0_tg1030,NASDAQ_ORB_15m_p0_short_switch_tp2r_p0_st5_20_bearish_sr350_lr750_buf0_tg1030_2020-06-29,2020-06-29,1,SHORT,15,09:45,2.0,2020-06-29 13:48:00+00:00,2020-06-29 13:49:00+00:00,2020-06-29 14:28:00+00:00,18,SWITCH_TO_LONG,9850.0,9743.5,106.5,9736.0,9850.0,9850.0,114.0,228.0,350.0,1.5350877192982457,1,-229.24,-229.24,0
p0_st5_20_bearish_sr350_lr750_buf0_tg1030,NASDAQ_ORB_15m_p0_short_switch_tp2r_p0_st5_20_bearish_sr350_lr750_buf0_tg1030_2020-06-29,2020-06-29,2,LONG,15,09:45,2.0,2020-06-29 14:27:00+00:00,2020-06-29 14:28:00+00:00,2020-06-29 19:00:00+00:00,57,TIME_EXIT,9850.0,9743.5,106.5,9850.0,9895.0,9743.5,106.5,213.0,750.0,3.5211267605633805,3,88.76,266.28000000000003,1
p0_st5_20_bearish_sr350_lr750_buf0_tg1030,NASDAQ_ORB_15m_p0_short_switch_tp2r_p0_st5_20_bearish_sr350_lr750_buf0_tg1030_2020-06-30,2020-06-30,1,LONG,15,09:45,2.0,2020-06-30 13:48:00+00:00,2020-06-30 13:49:00+00:00,2020-07-01 00:02:00+00:00,18,TIME_EXIT,10012.0,9943.0,69.0,10019.25,10124.25,9943.0,76.25,152.5,500.0,3.278688524590164,3,208.76,626.28,1
p0_st5_20_bearish_sr350_lr750_buf0_tg1030,NASDAQ_ORB_15m_p0_short_switch_tp2r_p0_st5_20_bearish_sr350_lr750_buf0_tg1030_2020-07-01,2020-07-01,1,LONG,15,09:45,2.0,2020-07-01 14:21:00+00:00,2020-07-01 14:22:00+00:00,2020-07-01 19:00:00+00:00,51,TIME_EXIT,10193.5,10131.25,62.25,10194.0,10263.5,10131.25,62.75,125.5,500.0,3.9840637450199203,3,137.76,413.28,1
p0_st5_20_bearish_sr350_lr750_buf0_tg1030,NASDAQ_ORB_15m_p0_short_switch_tp2r_p0_st5_20_bearish_sr350_lr750_buf0_tg1030_2020-07-02,2020-07-02,1,LONG,15,09:45,2.0,2020-07-02 13:57:00+00:00,2020-07-02 13:58:00+00:00,2020-07-02 19:00:00+00:00,27,TIME_EXIT,10410.75,10366.5,44.25,10412.25,10399.0,10366.5,45.75,91.5,500.0,5.46448087431694,5,-27.74,-138.7,0
p0_st5_20_bearish_sr350_lr750_buf0_tg1030,NASDAQ_ORB_15m_p0_short_switch_tp2r_p0_st5_20_bearish_sr350_lr750_buf0_tg1030_2020-07-06,2020-07-06,1,LONG,15,09:45,2.0,2020-07-06 13:56:00+00:00,2020-07-06 13:57:00+00:00,2020-07-06 15:06:00+00:00,26,TP_2R,10500.5,10469.75,30.75,10508.0,10584.25,10469.75,38.25,76.5,500.0,6.5359477124183005,6,151.26,907.56,1
p0_st5_20_bearish_sr350_lr750_buf0_tg1030,NASDAQ_ORB_15m_p0_short_switch_tp2r_p0_st5_20_bearish_sr350_lr750_buf0_tg1030_2020-07-07,2020-07-07,1,LONG,15,09:45,2.0,2020-07-07 13:47:00+00:00,2020-07-07 13:48:00+00:00,2020-07-07 19:00:00+00:00,17,TIME_EXIT,10616.5,10556.75,59.75,10620.0,10586.75,10556.75,63.25,126.5,500.0,3.952569169960474,3,-67.74,-203.21999999999997,0
p0_st5_20_bearish_sr350_lr750_buf0_tg1030,NASDAQ_ORB_15m_p0_short_switch_tp2r_p0_st5_20_bearish_sr350_lr750_buf0_tg1030_2020-07-08,2020-07-08,1,LONG,15,09:45,2.0,2020-07-08 13:49:00+00:00,2020-07-08 13:50:00+00:00,2020-07-08 19:00:00+00:00,19,TIME_EXIT,10616.0,10566.5,49.5,10617.25,10600.75,10566.5,50.75,101.5,500.0,4.926108374384237,4,-34.24,-136.96,0
p0_st5_20_bearish_sr350_lr750_buf0_tg1030,NASDAQ_ORB_15m_p0_short_switch_tp2r_p0_st5_20_bearish_sr350_lr750_buf0_tg1030_2020-07-09,2020-07-09,1,SHORT,15,09:45,2.0,2020-07-09 14:18:00+00:00,2020-07-09 14:19:00+00:00,2020-07-09 15:05:00+00:00,48,TP_2R,10747.5,10689.0,58.5,10688.0,10569.25,10747.5,59.5,119.0,350.0,2.9411764705882355,2,236.26,472.52,1
p0_st5_20_bearish_sr350_lr750_buf0_tg1030,NASDAQ_ORB_15m_p0_short_switch_tp2r_p0_st5_20_bearish_sr350_lr750_buf0_tg1030_2020-07-10,2020-07-10,1,SHORT,15,09:45,2.0,2020-07-10 14:01:00+00:00,2020-07-10 14:02:00+00:00,2020-07-10 17:10:00+00:00,31,SWITCH_TO_LONG,10749.25,10657.0,92.25,10642.25,10753.25,10749.25,107.0,214.0,350.0,1.6355140186915889,1,-223.24,-223.24,0
p0_st5_20_bearish_sr350_lr750_buf0_tg1030,NASDAQ_ORB_15m_p0_short_switch_tp2r_p0_st5_20_bearish_sr350_lr750_buf0_tg1030_2020-07-10,2020-07-10,2,LONG,15,09:45,2.0,2020-07-10 17:09:00+00:00,2020-07-10 17:10:00+00:00,2020-07-10 19:00:00+00:00,219,TIME_EXIT,10749.25,10657.0,92.25,10753.25,10792.0,10657.0,96.25,192.5,750.0,3.896103896103896,3,76.26,228.78000000000003,1
p0_st5_20_bearish_sr350_lr750_buf0_tg1030,NASDAQ_ORB_15m_p0_short_switch_tp2r_p0_st5_20_bearish_sr350_lr750_buf0_tg1030_2020-07-13,2020-07-13,1,LONG,15,09:45,2.0,2020-07-13 14:30:00+00:00,2020-07-13 14:31:00+00:00,2020-07-13 19:00:00+00:00,60,TIME_EXIT,10996.75,10929.5,67.25,10999.25,10870.0,10929.5,69.75,139.5,500.0,3.5842293906810037,3,-259.74,-779.22,0
p0_st5_20_bearish_sr350_lr750_buf0_tg1030,NASDAQ_ORB_15m_p0_short_switch_tp2r_p0_st5_20_bearish_sr350_lr750_buf0_tg1030_2020-07-16,2020-07-16,1,LONG,15,09:45,2.0,2020-07-16 17:15:00+00:00,2020-07-16 17:16:00+00:00,2020-07-16 19:00:00+00:00,225,TIME_EXIT,10600.0,10537.5,62.5,10610.25,10573.0,10537.5,72.75,145.5,500.0,3.4364261168384878,3,-75.74,-227.21999999999997,0
p0_st5_20_bearish_sr350_lr750_buf0_tg1030,NASDAQ_ORB_15m_p0_short_switch_tp2r_p0_st5_20_bearish_sr350_lr750_buf0_tg1030_2020-07-17,2020-07-17,1,SHORT,15,09:45,2.0,2020-07-17 13:47:00+00:00,2020-07-17 13:48:00+00:00,2020-07-17 18:54:00+00:00,17,SWITCH_TO_LONG,10650.0,10582.0,68.0,10575.0,10653.5,10650.0,75.0,150.0,350.0,2.3333333333333335,2,-158.24,-316.48,0
p0_st5_20_bearish_sr350_lr750_buf0_tg1030,NASDAQ_ORB_15m_p0_short_switch_tp2r_p0_st5_20_bearish_sr350_lr750_buf0_tg1030_2020-07-17,2020-07-17,2,LONG,15,09:45,2.0,2020-07-17 18:53:00+00:00,2020-07-17 18:54:00+00:00,2020-07-17 19:00:00+00:00,323,TIME_EXIT,10650.0,10582.0,68.0,10653.5,10648.75,10582.0,71.5,143.0,750.0,5.244755244755245,5,-10.74,-53.7,0
p0_st5_20_bearish_sr350_lr750_buf0_tg1030,NASDAQ_ORB_15m_p0_short_switch_tp2r_p0_st5_20_bearish_sr350_lr750_buf0_tg1030_2020-07-20,2020-07-20,1,LONG,15,09:45,2.0,2020-07-20 13:56:00+00:00,2020-07-20 13:57:00+00:00,2020-07-20 17:41:00+00:00,26,TP_2R,10684.5,10605.75,78.75,10685.75,10845.5,10605.75,80.0,160.0,500.0,3.125,3,318.26,954.78,1
p0_st5_20_bearish_sr350_lr750_buf0_tg1030,NASDAQ_ORB_15m_p0_short_switch_tp2r_p0_st5_20_bearish_sr350_lr750_buf0_tg1030_2020-07-21,2020-07-21,1,SHORT,15,09:45,2.0,2020-07-21 14:11:00+00:00,2020-07-21 14:12:00+00:00,2020-07-21 19:00:00+00:00,41,TIME_EXIT,11003.25,10905.75,97.5,10898.75,10900.5,11003.25,104.5,209.0,350.0,1.674641148325359,1,-4.74,-4.74,0
p0_st5_20_bearish_sr350_lr750_buf0_tg1030,NASDAQ_ORB_15m_p0_short_switch_tp2r_p0_st5_20_bearish_sr350_lr750_buf0_tg1030_2020-07-22,2020-07-22,1,LONG,15,09:45,2.0,2020-07-22 13:54:00+00:00,2020-07-22 13:55:00+00:00,2020-07-22 19:00:00+00:00,24,TIME_EXIT,10874.25,10820.5,53.75,10884.25,10816.5,10820.5,63.75,127.5,500.0,3.9215686274509802,3,-136.74,-410.22,0
p0_st5_20_bearish_sr350_lr750_buf0_tg1030,NASDAQ_ORB_15m_p0_short_switch_tp2r_p0_st5_20_bearish_sr350_lr750_buf0_tg1030_2020-07-23,2020-07-23,1,LONG,15,09:45,2.0,2020-07-23 13:46:00+00:00,2020-07-23 13:47:00+00:00,2020-07-23 19:00:00+00:00,16,TIME_EXIT,10845.5,10798.75,46.75,10848.75,10583.25,10798.75,50.0,100.0,500.0,5.0,5,-532.24,-2661.2,0
p0_st5_20_bearish_sr350_lr750_buf0_tg1030,NASDAQ_ORB_15m_p0_short_switch_tp2r_p0_st5_20_bearish_sr350_lr750_buf0_tg1030_2020-07-24,2020-07-24,1,LONG,15,09:45,2.0,2020-07-24 14:21:00+00:00,2020-07-24 14:22:00+00:00,2020-07-24 19:00:00+00:00,51,TIME_EXIT,10432.0,10301.25,130.75,10435.5,10476.75,10301.25,134.25,268.5,500.0,1.86219739292365,1,81.26,81.26,1
p0_st5_20_bearish_sr350_lr750_buf0_tg1030,NASDAQ_ORB_15m_p0_short_switch_tp2r_p0_st5_20_bearish_sr350_lr750_buf0_tg1030_2020-07-27,2020-07-27,1,LONG,15,09:45,2.0,2020-07-27 13:50:00+00:00,2020-07-27 13:51:00+00:00,2020-07-27 19:00:00+00:00,20,TIME_EXIT,10610.5,10513.5,97.0,10616.25,10626.75,10513.5,102.75,205.5,500.0,2.4330900243309004,2,19.76,39.52,1
p0_st5_20_bearish_sr350_lr750_buf0_tg1030,NASDAQ_ORB_15m_p0_short_switch_tp2r_p0_st5_20_bearish_sr350_lr750_buf0_tg1030_2020-07-28,2020-07-28,1,SHORT,15,09:45,2.0,2020-07-28 13:52:00+00:00,2020-07-28 13:53:00+00:00,2020-07-28 15:42:00+00:00,22,SWITCH_TO_LONG,10646.75,10579.0,67.75,10573.5,10648.5,10646.75,73.25,146.5,350.0,2.3890784982935154,2,-151.24,-302.48,0
p0_st5_20_bearish_sr350_lr750_buf0_tg1030,NASDAQ_ORB_15m_p0_short_switch_tp2r_p0_st5_20_bearish_sr350_lr750_buf0_tg1030_2020-07-28,2020-07-28,2,LONG,15,09:45,2.0,2020-07-28 15:41:00+00:00,2020-07-28 15:42:00+00:00,2020-07-28 19:00:00+00:00,131,TIME_EXIT,10646.75,10579.0,67.75,10648.5,10599.75,10579.0,69.5,139.0,750.0,5.39568345323741,5,-98.74,-493.7,0
p0_st5_20_bearish_sr350_lr750_buf0_tg1030,NASDAQ_ORB_15m_p0_short_switch_tp2r_p0_st5_20_bearish_sr350_lr750_buf0_tg1030_2020-07-29,2020-07-29,1,SHORT,15,09:45,2.0,2020-07-29 13:50:00+00:00,2020-07-29 13:51:00+00:00,2020-07-29 14:03:00+00:00,20,SWITCH_TO_LONG,10611.5,10576.0,35.5,10574.0,10612.25,10611.5,37.5,75.0,350.0,4.666666666666667,4,-77.74,-310.96,0
p0_st5_20_bearish_sr350_lr750_buf0_tg1030,NASDAQ_ORB_15m_p0_short_switch_tp2r_p0_st5_20_bearish_sr350_lr750_buf0_tg1030_2020-07-29,2020-07-29,2,LONG,15,09:45,2.0,2020-07-29 14:02:00+00:00,2020-07-29 14:03:00+00:00,2020-07-29 18:44:00+00:00,32,TP_2R,10611.5,10576.0,35.5,10612.25,10684.5,10576.0,36.25,72.5,750.0,10.344827586206897,10,143.26,1432.6,1
p0_st5_20_bearish_sr350_lr750_buf0_tg1030,NASDAQ_ORB_15m_p0_short_switch_tp2r_p0_st5_20_bearish_sr350_lr750_buf0_tg1030_2020-07-30,2020-07-30,1,LONG,15,09:45,2.0,2020-07-30 15:22:00+00:00,2020-07-30 15:23:00+00:00,2020-07-30 19:00:00+00:00,112,TIME_EXIT,10617.75,10551.5,66.25,10625.25,10711.5,10551.5,73.75,147.5,500.0,3.389830508474576,3,171.26,513.78,1
p0_st5_20_bearish_sr350_lr750_buf0_tg1030,NASDAQ_ORB_15m_p0_short_switch_tp2r_p0_st5_20_bearish_sr350_lr750_buf0_tg1030_2020-07-31,2020-07-31,1,SHORT,15,09:45,2.0,2020-07-31 14:09:00+00:00,2020-07-31 14:10:00+00:00,2020-07-31 19:00:00+00:00,39,TIME_EXIT,10901.25,10780.0,121.25,10774.75,10800.25,10901.25,126.5,253.0,350.0,1.383399209486166,1,-52.24,-52.24,0
p0_st5_20_bearish_sr350_lr750_buf0_tg1030,NASDAQ_ORB_15m_p0_short_switch_tp2r_p0_st5_20_bearish_sr350_lr750_buf0_tg1030_2020-08-03,2020-08-03,1,LONG,15,09:45,2.0,2020-08-03 14:01:00+00:00,2020-08-03 14:02:00+00:00,2020-08-03 19:00:00+00:00,31,TIME_EXIT,11042.5,10980.5,62.0,11049.25,11060.75,10980.5,68.75,137.5,500.0,3.6363636363636362,3,21.76,65.28,1
p0_st5_20_bearish_sr350_lr750_buf0_tg1030,NASDAQ_ORB_15m_p0_short_switch_tp2r_p0_st5_20_bearish_sr350_lr750_buf0_tg1030_2020-08-04,2020-08-04,1,LONG,15,09:45,2.0,2020-08-04 13:46:00+00:00,2020-08-04 13:47:00+00:00,2020-08-04 19:00:00+00:00,16,TIME_EXIT,11050.0,11006.25,43.75,11051.75,11026.5,11006.25,45.5,91.0,500.0,5.4945054945054945,5,-51.74,-258.7,0
p0_st5_20_bearish_sr350_lr750_buf0_tg1030,NASDAQ_ORB_15m_p0_short_switch_tp2r_p0_st5_20_bearish_sr350_lr750_buf0_tg1030_2020-08-05,2020-08-05,1,LONG,15,09:45,2.0,2020-08-05 13:52:00+00:00,2020-08-05 13:53:00+00:00,2020-08-05 19:00:00+00:00,22,TIME_EXIT,11103.75,11064.5,39.25,11105.75,11109.25,11064.5,41.25,82.5,500.0,6.0606060606060606,6,5.76,34.56,1
p0_st5_20_bearish_sr350_lr750_buf0_tg1030,NASDAQ_ORB_15m_p0_short_switch_tp2r_p0_st5_20_bearish_sr350_lr750_buf0_tg1030_2020-08-06,2020-08-06,1,LONG,15,09:45,2.0,2020-08-06 14:11:00+00:00,2020-08-06 14:12:00+00:00,2020-08-06 18:10:00+00:00,41,TP_2R,11120.25,11081.0,39.25,11126.0,11215.75,11081.0,45.0,90.0,500.0,5.555555555555555,5,178.26,891.3,1
p0_st5_20_bearish_sr350_lr750_buf0_tg1030,NASDAQ_ORB_15m_p0_short_switch_tp2r_p0_st5_20_bearish_sr350_lr750_buf0_tg1030_2020-08-07,2020-08-07,1,LONG,15,09:45,2.0,2020-08-07 13:48:00+00:00,2020-08-07 13:49:00+00:00,2020-08-07 19:00:00+00:00,18,TIME_EXIT,11240.5,11207.75,32.75,11240.75,11084.0,11207.75,33.0,66.0,500.0,7.575757575757576,7,-314.74,-2203.1800000000003,0
p0_st5_20_bearish_sr350_lr750_buf0_tg1030,NASDAQ_ORB_15m_p0_short_switch_tp2r_p0_st5_20_bearish_sr350_lr750_buf0_tg1030_2020-08-10,2020-08-10,1,SHORT,15,09:45,2.0,2020-08-10 13:55:00+00:00,2020-08-10 13:56:00+00:00,2020-08-10 14:46:00+00:00,25,TP_2R,11146.5,11116.75,29.75,11100.75,11009.5,11146.5,45.75,91.5,350.0,3.8251366120218577,3,181.26,543.78,1
p0_st5_20_bearish_sr350_lr750_buf0_tg1030,NASDAQ_ORB_15m_p0_short_switch_tp2r_p0_st5_20_bearish_sr350_lr750_buf0_tg1030_2020-08-11,2020-08-11,1,LONG,15,09:45,2.0,2020-08-11 13:47:00+00:00,2020-08-11 13:48:00+00:00,2020-08-11 19:00:00+00:00,17,TIME_EXIT,11030.25,10956.0,74.25,11037.75,11004.25,10956.0,81.75,163.5,500.0,3.058103975535168,3,-68.24,-204.71999999999997,0
p0_st5_20_bearish_sr350_lr750_buf0_tg1030,NASDAQ_ORB_15m_p0_short_switch_tp2r_p0_st5_20_bearish_sr350_lr750_buf0_tg1030_2020-08-12,2020-08-12,1,LONG,15,09:45,2.0,2020-08-12 13:49:00+00:00,2020-08-12 13:50:00+00:00,2020-08-12 16:22:00+00:00,19,TP_2R,11006.25,10957.5,48.75,11024.5,11158.25,10957.5,67.0,134.0,500.0,3.7313432835820897,3,266.26,798.78,1
p0_st5_20_bearish_sr350_lr750_buf0_tg1030,NASDAQ_ORB_15m_p0_short_switch_tp2r_p0_st5_20_bearish_sr350_lr750_buf0_tg1030_2020-08-13,2020-08-13,1,LONG,15,09:45,2.0,2020-08-13 14:32:00+00:00,2020-08-13 14:33:00+00:00,2020-08-13 19:00:00+00:00,62,TIME_EXIT,11230.0,11164.0,66.0,11232.0,11151.0,11164.0,68.0,136.0,500.0,3.676470588235294,3,-163.24,-489.72,0
p0_st5_20_bearish_sr350_lr750_buf0_tg1030,NASDAQ_ORB_15m_p0_short_switch_tp2r_p0_st5_20_bearish_sr350_lr750_buf0_tg1030_2020-08-14,2020-08-14,1,SHORT,15,09:45,2.0,2020-08-14 13:48:00+00:00,2020-08-14 13:49:00+00:00,2020-08-14 19:00:00+00:00,18,TIME_EXIT,11206.75,11157.5,49.25,11157.0,11146.25,11206.75,49.75,99.5,350.0,3.5175879396984926,3,20.26,60.78,1
p0_st5_20_bearish_sr350_lr750_buf0_tg1030,NASDAQ_ORB_15m_p0_short_switch_tp2r_p0_st5_20_bearish_sr350_lr750_buf0_tg1030_2020-08-17,2020-08-17,1,LONG,15,09:45,2.0,2020-08-17 13:52:00+00:00,2020-08-17 13:53:00+00:00,2020-08-17 19:00:00+00:00,22,TIME_EXIT,11252.0,11221.75,30.25,11256.5,11292.25,11221.75,34.75,69.5,500.0,7.194244604316546,7,70.26,491.82000000000005,1
p0_st5_20_bearish_sr350_lr750_buf0_tg1030,NASDAQ_ORB_15m_p0_short_switch_tp2r_p0_st5_20_bearish_sr350_lr750_buf0_tg1030_2020-08-18,2020-08-18,1,SHORT,15,09:45,2.0,2020-08-18 13:55:00+00:00,2020-08-18 13:56:00+00:00,2020-08-18 16:47:00+00:00,25,SWITCH_TO_LONG,11381.75,11325.75,56.0,11324.25,11383.75,11381.75,57.5,115.0,350.0,3.0434782608695654,3,-120.24,-360.71999999999997,0
p0_st5_20_bearish_sr350_lr750_buf0_tg1030,NASDAQ_ORB_15m_p0_short_switch_tp2r_p0_st5_20_bearish_sr350_lr750_buf0_tg1030_2020-08-18,2020-08-18,2,LONG,15,09:45,2.0,2020-08-18 16:46:00+00:00,2020-08-18 16:47:00+00:00,2020-08-18 19:00:00+00:00,196,TIME_EXIT,11381.75,11325.75,56.0,11383.75,11396.75,11325.75,58.0,116.0,750.0,6.4655172413793105,6,24.76,148.56,1
p0_st5_20_bearish_sr350_lr750_buf0_tg1030,NASDAQ_ORB_15m_p0_short_switch_tp2r_p0_st5_20_bearish_sr350_lr750_buf0_tg1030_2020-08-19,2020-08-19,1,SHORT,15,09:45,2.0,2020-08-19 13:46:00+00:00,2020-08-19 13:47:00+00:00,2020-08-19 15:36:00+00:00,16,SWITCH_TO_LONG,11415.0,11366.75,48.25,11360.75,11417.75,11415.0,54.25,108.5,350.0,3.225806451612903,3,-115.24,-345.71999999999997,0
p0_st5_20_bearish_sr350_lr750_buf0_tg1030,NASDAQ_ORB_15m_p0_short_switch_tp2r_p0_st5_20_bearish_sr350_lr750_buf0_tg1030_2020-08-19,2020-08-19,2,LONG,15,09:45,2.0,2020-08-19 15:35:00+00:00,2020-08-19 15:36:00+00:00,2020-08-19 19:00:00+00:00,125,TIME_EXIT,11415.0,11366.75,48.25,11417.75,11372.25,11366.75,51.0,102.0,750.0,7.352941176470588,7,-92.24,-645.68,0
p0_st5_20_bearish_sr350_lr750_buf0_tg1030,NASDAQ_ORB_15m_p0_short_switch_tp2r_p0_st5_20_bearish_sr350_lr750_buf0_tg1030_2020-08-20,2020-08-20,1,LONG,15,09:45,2.0,2020-08-20 13:46:00+00:00,2020-08-20 13:47:00+00:00,2020-08-20 19:00:00+00:00,16,TIME_EXIT,11340.5,11266.5,74.0,11350.25,11463.25,11266.5,83.75,167.5,500.0,2.985074626865672,2,224.76,449.52,1
p0_st5_20_bearish_sr350_lr750_buf0_tg1030,NASDAQ_ORB_15m_p0_short_switch_tp2r_p0_st5_20_bearish_sr350_lr750_buf0_tg1030_2020-08-21,2020-08-21,1,LONG,15,09:45,2.0,2020-08-21 13:48:00+00:00,2020-08-21 13:49:00+00:00,2020-08-21 19:00:00+00:00,18,TIME_EXIT,11490.5,11455.0,35.5,11491.0,11554.25,11455.0,36.0,72.0,500.0,6.944444444444445,6,125.26,751.5600000000001,1
p0_st5_20_bearish_sr350_lr750_buf0_tg1030,NASDAQ_ORB_15m_p0_short_switch_tp2r_p0_st5_20_bearish_sr350_lr750_buf0_tg1030_2020-08-24,2020-08-24,1,SHORT,15,09:45,2.0,2020-08-24 13:55:00+00:00,2020-08-24 13:56:00+00:00,2020-08-24 19:00:00+00:00,25,TIME_EXIT,11722.5,11681.75,40.75,11616.75,11570.75,11722.5,105.75,211.5,350.0,1.6548463356973995,1,90.76,90.76,1
p0_st5_20_bearish_sr350_lr750_buf0_tg1030,NASDAQ_ORB_15m_p0_short_switch_tp2r_p0_st5_20_bearish_sr350_lr750_buf0_tg1030_2020-08-25,2020-08-25,1,LONG,15,09:45,2.0,2020-08-25 14:17:00+00:00,2020-08-25 14:18:00+00:00,2020-08-25 19:00:00+00:00,47,TIME_EXIT,11632.0,11574.75,57.25,11633.5,11697.0,11574.75,58.75,117.5,500.0,4.25531914893617,4,125.76,503.04,1
p0_st5_20_bearish_sr350_lr750_buf0_tg1030,NASDAQ_ORB_15m_p0_short_switch_tp2r_p0_st5_20_bearish_sr350_lr750_buf0_tg1030_2020-08-26,2020-08-26,1,LONG,15,09:45,2.0,2020-08-26 14:25:00+00:00,2020-08-26 14:26:00+00:00,2020-08-26 15:41:00+00:00,55,TP_2R,11796.75,11762.75,34.0,11801.25,11878.0,11762.75,38.5,77.0,500.0,6.4935064935064934,6,152.26,913.56,1
p0_st5_20_bearish_sr350_lr750_buf0_tg1030,NASDAQ_ORB_15m_p0_short_switch_tp2r_p0_st5_20_bearish_sr350_lr750_buf0_tg1030_2020-08-27,2020-08-27,1,SHORT,15,09:45,2.0,2020-08-27 14:13:00+00:00,2020-08-27 14:14:00+00:00,2020-08-27 15:03:00+00:00,43,SWITCH_TO_LONG,12016.0,11912.5,103.5,11904.75,12018.0,12016.0,111.25,222.5,350.0,1.5730337078651686,1,-227.74,-227.74,0
p0_st5_20_bearish_sr350_lr750_buf0_tg1030,NASDAQ_ORB_15m_p0_short_switch_tp2r_p0_st5_20_bearish_sr350_lr750_buf0_tg1030_2020-08-27,2020-08-27,2,LONG,15,09:45,2.0,2020-08-27 15:02:00+00:00,2020-08-27 15:03:00+00:00,2020-08-27 19:00:00+00:00,92,TIME_EXIT,12016.0,11912.5,103.5,12018.0,11960.5,11912.5,105.5,211.0,750.0,3.5545023696682465,3,-116.24,-348.71999999999997,0
p0_st5_20_bearish_sr350_lr750_buf0_tg1030,NASDAQ_ORB_15m_p0_short_switch_tp2r_p0_st5_20_bearish_sr350_lr750_buf0_tg1030_2020-08-28,2020-08-28,1,LONG,15,09:45,2.0,2020-08-28 14:00:00+00:00,2020-08-28 14:01:00+00:00,2020-08-28 19:00:00+00:00,30,TIME_EXIT,12004.75,11973.0,31.75,12006.25,11963.75,11973.0,33.25,66.5,500.0,7.518796992481203,7,-86.24,-603.68,0
p0_st5_20_bearish_sr350_lr750_buf0_tg1030,NASDAQ_ORB_15m_p0_short_switch_tp2r_p0_st5_20_bearish_sr350_lr750_buf0_tg1030_2020-08-31,2020-08-31,1,LONG,15,09:45,2.0,2020-08-31 13:50:00+00:00,2020-08-31 13:51:00+00:00,2020-08-31 17:46:00+00:00,20,TP_2R,12041.25,11993.0,48.25,12042.75,12142.0,11993.0,49.75,99.5,500.0,5.025125628140704,5,197.26,986.3,1
p0_st5_20_bearish_sr350_lr750_buf0_tg1030,NASDAQ_ORB_15m_p0_short_switch_tp2r_p0_st5_20_bearish_sr350_lr750_buf0_tg1030_2020-09-01,2020-09-01,1,LONG,15,09:45,2.0,2020-09-01 13:53:00+00:00,2020-09-01 13:54:00+00:00,2020-09-01 19:00:00+00:00,23,TIME_EXIT,12202.5,12125.0,77.5,12211.75,12274.75,12125.0,86.75,173.5,500.0,2.881844380403458,2,124.76,249.52,1
p0_st5_20_bearish_sr350_lr750_buf0_tg1030,NASDAQ_ORB_15m_p0_short_switch_tp2r_p0_st5_20_bearish_sr350_lr750_buf0_tg1030_2020-09-02,2020-09-02,1,SHORT,15,09:45,2.0,2020-09-02 13:52:00+00:00,2020-09-02 13:53:00+00:00,2020-09-02 19:00:00+00:00,22,TIME_EXIT,12434.75,12358.5,76.25,12342.5,12378.0,12434.75,92.25,184.5,350.0,1.897018970189702,1,-72.24,-72.24,0
p0_st5_20_bearish_sr350_lr750_buf0_tg1030,NASDAQ_ORB_15m_p0_short_switch_tp2r_p0_st5_20_bearish_sr350_lr750_buf0_tg1030_2020-09-03,2020-09-03,1,SHORT,15,09:45,2.0,2020-09-03 14:13:00+00:00,2020-09-03 14:14:00+00:00,2020-09-03 14:49:00+00:00,43,TP_2R,12242.5,12132.25,110.25,12130.75,11907.5,12242.5,111.75,223.5,350.0,1.5659955257270695,1,445.26,445.26,1
p0_st5_20_bearish_sr350_lr750_buf0_tg1030,NASDAQ_ORB_15m_p0_short_switch_tp2r_p0_st5_20_bearish_sr350_lr750_buf0_tg1030_2020-09-07,2020-09-07,1,LONG,15,09:45,2.0,2020-09-07 13:48:00+00:00,2020-09-07 13:49:00+00:00,2020-09-07 22:02:00+00:00,18,TIME_EXIT,11483.25,11455.75,27.5,11485.75,11515.25,11455.75,30.0,60.0,500.0,8.333333333333334,8,57.76,462.08,1
p0_st5_20_bearish_sr350_lr750_buf0_tg1030,NASDAQ_ORB_15m_p0_short_switch_tp2r_p0_st5_20_bearish_sr350_lr750_buf0_tg1030_2020-09-08,2020-09-08,1,LONG,15,09:45,2.0,2020-09-08 13:58:00+00:00,2020-09-08 13:59:00+00:00,2020-09-08 19:00:00+00:00,28,TIME_EXIT,11270.25,11116.25,154.0,11292.0,11146.25,11116.25,175.75,351.5,500.0,1.422475106685633,1,-292.74,-292.74,0
p0_st5_20_bearish_sr350_lr750_buf0_tg1030,NASDAQ_ORB_15m_p0_short_switch_tp2r_p0_st5_20_bearish_sr350_lr750_buf0_tg1030_2020-09-09,2020-09-09,1,LONG,15,09:45,2.0,2020-09-09 14:26:00+00:00,2020-09-09 14:27:00+00:00,2020-09-09 19:00:00+00:00,56,TIME_EXIT,11305.5,11206.25,99.25,11323.25,11423.5,11206.25,117.0,234.0,500.0,2.1367521367521367,2,199.26,398.52,1
p0_st5_20_bearish_sr350_lr750_buf0_tg1030,NASDAQ_ORB_15m_p0_short_switch_tp2r_p0_st5_20_bearish_sr350_lr750_buf0_tg1030_2020-09-10,2020-09-10,1,LONG,15,09:45,2.0,2020-09-10 14:04:00+00:00,2020-09-10 14:05:00+00:00,2020-09-10 19:00:00+00:00,34,TIME_EXIT,11546.25,11482.5,63.75,11554.5,11221.5,11482.5,72.0,144.0,500.0,3.4722222222222223,3,-667.24,-2001.72,0
p0_st5_20_bearish_sr350_lr750_buf0_tg1030,NASDAQ_ORB_15m_p0_short_switch_tp2r_p0_st5_20_bearish_sr350_lr750_buf0_tg1030_2020-09-11,2020-09-11,1,SHORT,15,09:45,2.0,2020-09-11 13:57:00+00:00,2020-09-11 13:58:00+00:00,2020-09-11 19:00:00+00:00,27,TIME_EXIT,11280.5,11166.25,114.25,11150.75,11044.0,11280.5,129.75,259.5,350.0,1.348747591522158,1,212.26,212.26,1
p0_st5_20_bearish_sr350_lr750_buf0_tg1030,NASDAQ_ORB_15m_p0_short_switch_tp2r_p0_st5_20_bearish_sr350_lr750_buf0_tg1030_2020-09-14,2020-09-14,1,LONG,15,09:45,2.0,2020-09-14 13:46:00+00:00,2020-09-14 13:47:00+00:00,2020-09-14 19:00:00+00:00,16,TIME_EXIT,11272.0,11194.0,78.0,11291.75,11249.0,11194.0,97.75,195.5,500.0,2.557544757033248,2,-86.74,-173.48,0
p0_st5_20_bearish_sr350_lr750_buf0_tg1030,NASDAQ_ORB_15m_p0_short_switch_tp2r_p0_st5_20_bearish_sr350_lr750_buf0_tg1030_2020-09-15,2020-09-15,1,LONG,15,09:45,2.0,2020-09-15 13:54:00+00:00,2020-09-15 13:55:00+00:00,2020-09-15 19:00:00+00:00,24,TIME_EXIT,11448.5,11400.0,48.5,11448.75,11440.5,11400.0,48.75,97.5,500.0,5.128205128205129,5,-17.74,-88.69999999999999,0
p0_st5_20_bearish_sr350_lr750_buf0_tg1030,NASDAQ_ORB_15m_p0_short_switch_tp2r_p0_st5_20_bearish_sr350_lr750_buf0_tg1030_2020-09-16,2020-09-16,1,SHORT,15,09:45,2.0,2020-09-16 13:50:00+00:00,2020-09-16 13:51:00+00:00,2020-09-16 19:00:00+00:00,20,TIME_EXIT,11478.0,11422.25,55.75,11414.75,11348.75,11478.0,63.25,126.5,350.0,2.766798418972332,2,130.76,261.52,1
p0_st5_20_bearish_sr350_lr750_buf0_tg1030,NASDAQ_ORB_15m_p0_short_switch_tp2r_p0_st5_20_bearish_sr350_lr750_buf0_tg1030_2020-09-17,2020-09-17,1,LONG,15,09:45,2.0,2020-09-17 13:51:00+00:00,2020-09-17 13:52:00+00:00,2020-09-17 19:00:00+00:00,21,TIME_EXIT,11028.0,10945.0,83.0,11047.0,10988.75,10945.0,102.0,204.0,500.0,2.450980392156863,2,-117.74,-235.48,0
p0_st5_20_bearish_sr350_lr750_buf0_tg1030,NASDAQ_ORB_15m_p0_short_switch_tp2r_p0_st5_20_bearish_sr350_lr750_buf0_tg1030_2020-09-18,2020-09-18,1,SHORT,15,09:45,2.0,2020-09-18 13:47:00+00:00,2020-09-18 13:48:00+00:00,2020-09-18 15:36:00+00:00,17,TP_2R,11134.75,11068.0,66.75,11058.25,10905.5,11134.75,76.5,153.0,350.0,2.287581699346405,2,304.26,608.52,1
p0_st5_20_bearish_sr350_lr750_buf0_tg1030,NASDAQ_ORB_15m_p0_short_switch_tp2r_p0_st5_20_bearish_sr350_lr750_buf0_tg1030_2020-09-21,2020-09-21,1,LONG,15,09:45,2.0,2020-09-21 13:50:00+00:00,2020-09-21 13:51:00+00:00,2020-09-21 19:00:00+00:00,20,TIME_EXIT,10812.25,10702.5,109.75,10832.0,10816.0,10702.5,129.5,259.0,500.0,1.9305019305019304,1,-33.24,-33.24,0
p0_st5_20_bearish_sr350_lr750_buf0_tg1030,NASDAQ_ORB_15m_p0_short_switch_tp2r_p0_st5_20_bearish_sr350_lr750_buf0_tg1030_2020-09-22,2020-09-22,1,SHORT,15,09:45,2.0,2020-09-22 13:46:00+00:00,2020-09-22 13:47:00+00:00,2020-09-22 17:44:00+00:00,16,SWITCH_TO_LONG,11074.5,10986.75,87.75,10977.5,11075.5,11074.5,97.0,194.0,350.0,1.8041237113402062,1,-197.24,-197.24,0
p0_st5_20_bearish_sr350_lr750_buf0_tg1030,NASDAQ_ORB_15m_p0_short_switch_tp2r_p0_st5_20_bearish_sr350_lr750_buf0_tg1030_2020-09-22,2020-09-22,2,LONG,15,09:45,2.0,2020-09-22 17:43:00+00:00,2020-09-22 17:44:00+00:00,2020-09-22 19:00:00+00:00,253,TIME_EXIT,11074.5,10986.75,87.75,11075.5,11106.75,10986.75,88.75,177.5,750.0,4.225352112676056,4,61.26,245.04,1
p0_st5_20_bearish_sr350_lr750_buf0_tg1030,NASDAQ_ORB_15m_p0_short_switch_tp2r_p0_st5_20_bearish_sr350_lr750_buf0_tg1030_2020-09-23,2020-09-23,1,SHORT,15,09:45,2.0,2020-09-23 13:53:00+00:00,2020-09-23 13:54:00+00:00,2020-09-23 16:22:00+00:00,23,TP_2R,11161.0,11101.75,59.25,11098.25,10973.0,11161.0,62.75,125.5,350.0,2.7888446215139444,2,249.26,498.52,1
p0_st5_20_bearish_sr350_lr750_buf0_tg1030,NASDAQ_ORB_15m_p0_short_switch_tp2r_p0_st5_20_bearish_sr350_lr750_buf0_tg1030_2020-09-24,2020-09-24,1,LONG,15,09:45,2.0,2020-09-24 13:47:00+00:00,2020-09-24 13:48:00+00:00,2020-09-24 17:46:00+00:00,17,TP_2R,10783.5,10704.0,79.5,10805.0,11006.75,10704.0,101.0,202.0,500.0,2.4752475247524752,2,402.26,804.52,1
p0_st5_20_bearish_sr350_lr750_buf0_tg1030,NASDAQ_ORB_15m_p0_short_switch_tp2r_p0_st5_20_bearish_sr350_lr750_buf0_tg1030_2020-09-25,2020-09-25,1,SHORT,15,09:45,2.0,2020-09-25 13:51:00+00:00,2020-09-25 13:52:00+00:00,2020-09-25 14:24:00+00:00,21,SWITCH_TO_LONG,10913.25,10846.25,67.0,10836.5,10927.75,10913.25,76.75,153.5,350.0,2.2801302931596092,2,-183.74,-367.48,0
p0_st5_20_bearish_sr350_lr750_buf0_tg1030,NASDAQ_ORB_15m_p0_short_switch_tp2r_p0_st5_20_bearish_sr350_lr750_buf0_tg1030_2020-09-25,2020-09-25,2,LONG,15,09:45,2.0,2020-09-25 14:23:00+00:00,2020-09-25 14:24:00+00:00,2020-09-25 18:20:00+00:00,53,TP_2R,10913.25,10846.25,67.0,10927.75,11090.5,10846.25,81.5,163.0,750.0,4.601226993865031,4,324.26,1297.04,1
p0_st5_20_bearish_sr350_lr750_buf0_tg1030,NASDAQ_ORB_15m_p0_short_switch_tp2r_p0_st5_20_bearish_sr350_lr750_buf0_tg1030_2020-09-28,2020-09-28,1,SHORT,15,09:45,2.0,2020-09-28 13:49:00+00:00,2020-09-28 13:50:00+00:00,2020-09-28 19:00:00+00:00,19,TIME_EXIT,11343.25,11282.0,61.25,11269.25,11335.5,11343.25,74.0,148.0,350.0,2.364864864864865,2,-133.74,-267.48,0
p0_st5_20_bearish_sr350_lr750_buf0_tg1030,NASDAQ_ORB_15m_p0_short_switch_tp2r_p0_st5_20_bearish_sr350_lr750_buf0_tg1030_2020-09-29,2020-09-29,1,LONG,15,09:45,2.0,2020-09-29 14:12:00+00:00,2020-09-29 14:13:00+00:00,2020-09-29 19:00:00+00:00,42,TIME_EXIT,11380.25,11328.25,52.0,11385.5,11344.25,11328.25,57.25,114.5,500.0,4.366812227074236,4,-83.74,-334.96,0
p0_st5_20_bearish_sr350_lr750_buf0_tg1030,NASDAQ_ORB_15m_p0_short_switch_tp2r_p0_st5_20_bearish_sr350_lr750_buf0_tg1030_2020-09-30,2020-09-30,1,LONG,15,09:45,2.0,2020-09-30 13:52:00+00:00,2020-09-30 13:53:00+00:00,2020-09-30 18:10:00+00:00,22,TP_2R,11364.5,11310.25,54.25,11381.0,11522.25,11310.25,70.75,141.5,500.0,3.5335689045936394,3,281.26,843.78,1
p0_st5_20_bearish_sr350_lr750_buf0_tg1030,NASDAQ_ORB_15m_p0_short_switch_tp2r_p0_st5_20_bearish_sr350_lr750_buf0_tg1030_2020-10-01,2020-10-01,1,SHORT,15,09:45,2.0,2020-10-01 13:55:00+00:00,2020-10-01 13:56:00+00:00,2020-10-01 17:56:00+00:00,25,SWITCH_TO_LONG,11568.75,11532.25,36.5,11515.25,11578.5,11568.75,53.5,107.0,350.0,3.2710280373831777,3,-127.74,-383.21999999999997,0
p0_st5_20_bearish_sr350_lr750_buf0_tg1030,NASDAQ_ORB_15m_p0_short_switch_tp2r_p0_st5_20_bearish_sr350_lr750_buf0_tg1030_2020-10-01,2020-10-01,2,LONG,15,09:45,2.0,2020-10-01 17:55:00+00:00,2020-10-01 17:56:00+00:00,2020-10-01 19:00:00+00:00,265,TIME_EXIT,11568.75,11532.25,36.5,11578.5,11581.0,11532.25,46.25,92.5,750.0,8.108108108108109,8,3.76,30.08,1
p0_st5_20_bearish_sr350_lr750_buf0_tg1030,NASDAQ_ORB_15m_p0_short_switch_tp2r_p0_st5_20_bearish_sr350_lr750_buf0_tg1030_2020-10-02,2020-10-02,1,LONG,15,09:45,2.0,2020-10-02 13:49:00+00:00,2020-10-02 13:50:00+00:00,2020-10-02 19:00:00+00:00,19,TIME_EXIT,11421.25,11300.75,120.5,11423.5,11300.5,11300.75,122.75,245.5,500.0,2.0366598778004072,2,-247.24,-494.48,0
p0_st5_20_bearish_sr350_lr750_buf0_tg1030,NASDAQ_ORB_15m_p0_short_switch_tp2r_p0_st5_20_bearish_sr350_lr750_buf0_tg1030_2020-10-05,2020-10-05,1,LONG,15,09:45,2.0,2020-10-05 14:01:00+00:00,2020-10-05 14:02:00+00:00,2020-10-05 19:00:00+00:00,31,TIME_EXIT,11372.0,11321.25,50.75,11381.25,11462.75,11321.25,60.0,120.0,500.0,4.166666666666667,4,161.76,647.04,1
p0_st5_20_bearish_sr350_lr750_buf0_tg1030,NASDAQ_ORB_15m_p0_short_switch_tp2r_p0_st5_20_bearish_sr350_lr750_buf0_tg1030_2020-10-06,2020-10-06,1,LONG,15,09:45,2.0,2020-10-06 14:04:00+00:00,2020-10-06 14:05:00+00:00,2020-10-06 19:00:00+00:00,34,TIME_EXIT,11479.0,11436.25,42.75,11480.0,11343.5,11436.25,43.75,87.5,500.0,5.714285714285714,5,-274.24,-1371.2,0
p0_st5_20_bearish_sr350_lr750_buf0_tg1030,NASDAQ_ORB_15m_p0_short_switch_tp2r_p0_st5_20_bearish_sr350_lr750_buf0_tg1030_2020-10-07,2020-10-07,1,LONG,15,09:45,2.0,2020-10-07 15:33:00+00:00,2020-10-07 15:34:00+00:00,2020-10-07 19:00:00+00:00,123,TIME_EXIT,11434.0,11385.0,49.0,11435.75,11492.5,11385.0,50.75,101.5,500.0,4.926108374384237,4,112.26,449.04,1
p0_st5_20_bearish_sr350_lr750_buf0_tg1030,NASDAQ_ORB_15m_p0_short_switch_tp2r_p0_st5_20_bearish_sr350_lr750_buf0_tg1030_2020-10-08,2020-10-08,1,SHORT,15,09:45,2.0,2020-10-08 13:50:00+00:00,2020-10-08 13:51:00+00:00,2020-10-08 19:00:00+00:00,20,TIME_EXIT,11577.0,11528.5,48.5,11512.75,11534.5,11577.0,64.25,128.5,350.0,2.7237354085603114,2,-44.74,-89.48,0
p0_st5_20_bearish_sr350_lr750_buf0_tg1030,NASDAQ_ORB_15m_p0_short_switch_tp2r_p0_st5_20_bearish_sr350_lr750_buf0_tg1030_2020-10-09,2020-10-09,1,LONG,15,09:45,2.0,2020-10-09 13:50:00+00:00,2020-10-09 13:51:00+00:00,2020-10-09 19:00:00+00:00,20,TIME_EXIT,11628.75,11588.0,40.75,11632.75,11673.25,11588.0,44.75,89.5,500.0,5.58659217877095,5,79.76,398.8,1
p0_st5_20_bearish_sr350_lr750_buf0_tg1030,NASDAQ_ORB_15m_p0_short_switch_tp2r_p0_st5_20_bearish_sr350_lr750_buf0_tg1030_2020-10-12,2020-10-12,1,SHORT,15,09:45,2.0,2020-10-12 13:54:00+00:00,2020-10-12 13:55:00+00:00,2020-10-12 14:55:00+00:00,24,SWITCH_TO_LONG,11945.75,11875.75,70.0,11874.75,11952.25,11945.75,71.0,142.0,350.0,2.464788732394366,2,-156.24,-312.48,0
p0_st5_20_bearish_sr350_lr750_buf0_tg1030,NASDAQ_ORB_15m_p0_short_switch_tp2r_p0_st5_20_bearish_sr350_lr750_buf0_tg1030_2020-10-12,2020-10-12,2,LONG,15,09:45,2.0,2020-10-12 14:54:00+00:00,2020-10-12 14:55:00+00:00,2020-10-12 16:43:00+00:00,84,TP_2R,11945.75,11875.75,70.0,11952.25,12105.0,11875.75,76.5,153.0,750.0,4.901960784313726,4,304.26,1217.04,1
p0_st5_20_bearish_sr350_lr750_buf0_tg1030,NASDAQ_ORB_15m_p0_short_switch_tp2r_p0_st5_20_bearish_sr350_lr750_buf0_tg1030_2020-10-13,2020-10-13,1,SHORT,15,09:45,2.0,2020-10-13 14:13:00+00:00,2020-10-13 14:14:00+00:00,2020-10-13 15:23:00+00:00,43,SWITCH_TO_LONG,12153.5,12041.0,112.5,12039.25,12163.5,12153.5,114.25,228.5,350.0,1.5317286652078774,1,-249.74,-249.74,0
p0_st5_20_bearish_sr350_lr750_buf0_tg1030,NASDAQ_ORB_15m_p0_short_switch_tp2r_p0_st5_20_bearish_sr350_lr750_buf0_tg1030_2020-10-13,2020-10-13,2,LONG,15,09:45,2.0,2020-10-13 15:22:00+00:00,2020-10-13 15:23:00+00:00,2020-10-13 19:00:00+00:00,112,TIME_EXIT,12153.5,12041.0,112.5,12163.5,12077.25,12041.0,122.5,245.0,750.0,3.061224489795918,3,-173.74,-521.22,0
p0_st5_20_bearish_sr350_lr750_buf0_tg1030,NASDAQ_ORB_15m_p0_short_switch_tp2r_p0_st5_20_bearish_sr350_lr750_buf0_tg1030_2020-10-14,2020-10-14,1,LONG,15,09:45,2.0,2020-10-14 13:48:00+00:00,2020-10-14 13:49:00+00:00,2020-10-14 19:00:00+00:00,18,TIME_EXIT,12148.0,12071.5,76.5,12150.5,11976.0,12071.5,79.0,158.0,500.0,3.1645569620253164,3,-350.24,-1050.72,0
p0_st5_20_bearish_sr350_lr750_buf0_tg1030,NASDAQ_ORB_15m_p0_short_switch_tp2r_p0_st5_20_bearish_sr350_lr750_buf0_tg1030_2020-10-15,2020-10-15,1,LONG,15,09:45,2.0,2020-10-15 13:52:00+00:00,2020-10-15 13:53:00+00:00,2020-10-15 19:00:00+00:00,22,TIME_EXIT,11856.0,11753.75,102.25,11866.0,11850.25,11753.75,112.25,224.5,500.0,2.2271714922048997,2,-32.74,-65.48,0
p0_st5_20_bearish_sr350_lr750_buf0_tg1030,NASDAQ_ORB_15m_p0_short_switch_tp2r_p0_st5_20_bearish_sr350_lr750_buf0_tg1030_2020-10-16,2020-10-16,1,LONG,15,09:45,2.0,2020-10-16 14:01:00+00:00,2020-10-16 14:02:00+00:00,2020-10-16 19:00:00+00:00,31,TIME_EXIT,11969.25,11926.5,42.75,11972.25,11955.25,11926.5,45.75,91.5,500.0,5.46448087431694,5,-35.24,-176.20000000000002,0
p0_st5_20_bearish_sr350_lr750_buf0_tg1030,NASDAQ_ORB_15m_p0_short_switch_tp2r_p0_st5_20_bearish_sr350_lr750_buf0_tg1030_2020-10-19,2020-10-19,1,SHORT,15,09:45,2.0,2020-10-19 14:00:00+00:00,2020-10-19 14:01:00+00:00,2020-10-19 17:48:00+00:00,30,TP_2R,11945.5,11896.25,49.25,11874.25,11732.0,11945.5,71.25,142.5,350.0,2.456140350877193,2,283.26,566.52,1
p0_st5_20_bearish_sr350_lr750_buf0_tg1030,NASDAQ_ORB_15m_p0_short_switch_tp2r_p0_st5_20_bearish_sr350_lr750_buf0_tg1030_2020-10-20,2020-10-20,1,LONG,15,09:45,2.0,2020-10-20 14:00:00+00:00,2020-10-20 14:01:00+00:00,2020-10-20 19:00:00+00:00,30,TIME_EXIT,11702.0,11632.0,70.0,11703.5,11729.0,11632.0,71.5,143.0,500.0,3.4965034965034967,3,49.76,149.28,1
p0_st5_20_bearish_sr350_lr750_buf0_tg1030,NASDAQ_ORB_15m_p0_short_switch_tp2r_p0_st5_20_bearish_sr350_lr750_buf0_tg1030_2020-10-21,2020-10-21,1,LONG,15,09:45,2.0,2020-10-21 13:49:00+00:00,2020-10-21 13:50:00+00:00,2020-10-21 19:00:00+00:00,19,TIME_EXIT,11739.75,11655.5,84.25,11753.25,11749.5,11655.5,97.75,195.5,500.0,2.557544757033248,2,-8.74,-17.48,0
p0_st5_20_bearish_sr350_lr750_buf0_tg1030,NASDAQ_ORB_15m_p0_short_switch_tp2r_p0_st5_20_bearish_sr350_lr750_buf0_tg1030_2020-10-22,2020-10-22,1,SHORT,15,09:45,2.0,2020-10-22 14:05:00+00:00,2020-10-22 14:06:00+00:00,2020-10-22 19:00:00+00:00,35,TIME_EXIT,11723.75,11673.0,50.75,11650.25,11652.5,11723.75,73.5,147.0,350.0,2.380952380952381,2,-5.74,-11.48,0
p0_st5_20_bearish_sr350_lr750_buf0_tg1030,NASDAQ_ORB_15m_p0_short_switch_tp2r_p0_st5_20_bearish_sr350_lr750_buf0_tg1030_2020-10-23,2020-10-23,1,SHORT,15,09:45,2.0,2020-10-23 13:51:00+00:00,2020-10-23 13:52:00+00:00,2020-10-23 19:00:00+00:00,21,TIME_EXIT,11678.5,11596.25,82.25,11592.25,11622.5,11678.5,86.25,172.5,350.0,2.028985507246377,2,-61.74,-123.48,0
p0_st5_20_bearish_sr350_lr750_buf0_tg1030,NASDAQ_ORB_15m_p0_short_switch_tp2r_p0_st5_20_bearish_sr350_lr750_buf0_tg1030_2020-10-26,2020-10-26,1,LONG,15,09:45,2.0,2020-10-26 13:53:00+00:00,2020-10-26 13:54:00+00:00,2020-10-26 19:00:00+00:00,23,TIME_EXIT,11661.5,11566.5,95.0,11670.25,11445.0,11566.5,103.75,207.5,500.0,2.4096385542168677,2,-451.74,-903.48,0
p0_st5_20_bearish_sr350_lr750_buf0_tg1030,NASDAQ_ORB_15m_p0_short_switch_tp2r_p0_st5_20_bearish_sr350_lr750_buf0_tg1030_2020-10-27,2020-10-27,1,LONG,15,09:45,2.0,2020-10-27 13:46:00+00:00,2020-10-27 13:47:00+00:00,2020-10-27 19:00:00+00:00,16,TIME_EXIT,11559.5,11498.25,61.25,11569.0,11560.25,11498.25,70.75,141.5,500.0,3.5335689045936394,3,-18.74,-56.22,0
p0_st5_20_bearish_sr350_lr750_buf0_tg1030,NASDAQ_ORB_15m_p0_short_switch_tp2r_p0_st5_20_bearish_sr350_lr750_buf0_tg1030_2020-10-28,2020-10-28,1,SHORT,15,09:45,2.0,2020-10-28 13:51:00+00:00,2020-10-28 13:52:00+00:00,2020-10-28 19:00:00+00:00,21,TIME_EXIT,11423.0,11329.25,93.75,11302.75,11233.25,11423.0,120.25,240.5,350.0,1.4553014553014554,1,137.76,137.76,1
p0_st5_20_bearish_sr350_lr750_buf0_tg1030,NASDAQ_ORB_15m_p0_short_switch_tp2r_p0_st5_20_bearish_sr350_lr750_buf0_tg1030_2020-10-29,2020-10-29,1,LONG,15,09:45,2.0,2020-10-29 13:55:00+00:00,2020-10-29 13:56:00+00:00,2020-10-29 18:01:00+00:00,25,TP_2R,11244.75,11170.25,74.5,11245.5,11395.75,11170.25,75.25,150.5,500.0,3.3222591362126246,3,299.26,897.78,1
p0_st5_20_bearish_sr350_lr750_buf0_tg1030,NASDAQ_ORB_15m_p0_short_switch_tp2r_p0_st5_20_bearish_sr350_lr750_buf0_tg1030_2020-10-30,2020-10-30,1,SHORT,15,09:45,2.0,2020-10-30 13:47:00+00:00,2020-10-30 13:48:00+00:00,2020-10-30 18:34:00+00:00,17,TP_2R,11281.25,11173.5,107.75,11172.75,10956.0,11281.25,108.5,217.0,350.0,1.6129032258064515,1,432.26,432.26,1
p0_st5_20_bearish_sr350_lr750_buf0_tg1030,NASDAQ_ORB_15m_p0_short_switch_tp2r_p0_st5_20_bearish_sr350_lr750_buf0_tg1030_2020-11-02,2020-11-02,1,LONG,15,09:45,2.0,2020-11-02 14:52:00+00:00,2020-11-02 14:53:00+00:00,2020-11-02 20:00:00+00:00,22,TIME_EXIT,11184.5,11108.5,76.0,11185.0,11009.5,11108.5,76.5,153.0,500.0,3.2679738562091503,3,-352.24,-1056.72,0
p0_st5_20_bearish_sr350_lr750_buf0_tg1030,NASDAQ_ORB_15m_p0_short_switch_tp2r_p0_st5_20_bearish_sr350_lr750_buf0_tg1030_2020-11-03,2020-11-03,1,LONG,15,09:45,2.0,2020-11-03 14:46:00+00:00,2020-11-03 14:47:00+00:00,2020-11-03 15:15:00+00:00,16,TP_2R,11152.5,11101.25,51.25,11154.75,11261.5,11101.25,53.5,107.0,500.0,4.672897196261682,4,212.26,849.04,1
p0_st5_20_bearish_sr350_lr750_buf0_tg1030,NASDAQ_ORB_15m_p0_short_switch_tp2r_p0_st5_20_bearish_sr350_lr750_buf0_tg1030_2020-11-04,2020-11-04,1,LONG,15,09:45,2.0,2020-11-04 15:05:00+00:00,2020-11-04 15:06:00+00:00,2020-11-04 20:00:00+00:00,35,TIME_EXIT,11670.5,11556.75,113.75,11688.75,11781.0,11556.75,132.0,264.0,500.0,1.893939393939394,1,183.26,183.26,1
p0_st5_20_bearish_sr350_lr750_buf0_tg1030,NASDAQ_ORB_15m_p0_short_switch_tp2r_p0_st5_20_bearish_sr350_lr750_buf0_tg1030_2020-11-05,2020-11-05,1,LONG,15,09:45,2.0,2020-11-05 14:46:00+00:00,2020-11-05 14:47:00+00:00,2020-11-05 20:00:00+00:00,16,TIME_EXIT,12054.75,11972.75,82.0,12055.5,12101.5,11972.75,82.75,165.5,500.0,3.0211480362537766,3,90.76,272.28000000000003,1
p0_st5_20_bearish_sr350_lr750_buf0_tg1030,NASDAQ_ORB_15m_p0_short_switch_tp2r_p0_st5_20_bearish_sr350_lr750_buf0_tg1030_2020-11-06,2020-11-06,1,SHORT,15,09:45,2.0,2020-11-06 14:56:00+00:00,2020-11-06 14:57:00+00:00,2020-11-06 16:41:00+00:00,26,SWITCH_TO_LONG,12049.5,11911.75,137.75,11900.25,12050.0,12049.5,149.25,298.5,350.0,1.1725293132328307,1,-300.74,-300.74,0
p0_st5_20_bearish_sr350_lr750_buf0_tg1030,NASDAQ_ORB_15m_p0_short_switch_tp2r_p0_st5_20_bearish_sr350_lr750_buf0_tg1030_2020-11-06,2020-11-06,2,LONG,15,09:45,2.0,2020-11-06 16:40:00+00:00,2020-11-06 16:41:00+00:00,2020-11-06 20:00:00+00:00,130,TIME_EXIT,12049.5,11911.75,137.75,12050.0,12061.75,11911.75,138.25,276.5,750.0,2.7124773960216997,2,22.26,44.52,1
p0_st5_20_bearish_sr350_lr750_buf0_tg1030,NASDAQ_ORB_15m_p0_short_switch_tp2r_p0_st5_20_bearish_sr350_lr750_buf0_tg1030_2020-11-09,2020-11-09,1,LONG,15,09:45,2.0,2020-11-09 15:05:00+00:00,2020-11-09 15:06:00+00:00,2020-11-09 20:00:00+00:00,35,TIME_EXIT,12212.0,12042.75,169.25,12214.75,12006.75,12042.75,172.0,344.0,500.0,1.4534883720930232,1,-417.24,-417.24,0
p0_st5_20_bearish_sr350_lr750_buf0_tg1030,NASDAQ_ORB_15m_p0_short_switch_tp2r_p0_st5_20_bearish_sr350_lr750_buf0_tg1030_2020-11-10,2020-11-10,1,SHORT,15,09:45,2.0,2020-11-10 15:25:00+00:00,2020-11-10 15:26:00+00:00,2020-11-10 20:00:00+00:00,55,TIME_EXIT,11749.5,11630.75,118.75,11583.75,11626.0,11749.5,165.75,331.5,350.0,1.0558069381598794,1,-85.74,-85.74,0
p0_st5_20_bearish_sr350_lr750_buf0_tg1030,NASDAQ_ORB_15m_p0_short_switch_tp2r_p0_st5_20_bearish_sr350_lr750_buf0_tg1030_2020-11-11,2020-11-11,1,LONG,15,09:45,2.0,2020-11-11 15:30:00+00:00,2020-11-11 15:31:00+00:00,2020-11-11 20:00:00+00:00,60,TIME_EXIT,11823.5,11702.25,121.25,11824.75,11844.0,11702.25,122.5,245.0,500.0,2.0408163265306123,2,37.26,74.52,1
p0_st5_20_bearish_sr350_lr750_buf0_tg1030,NASDAQ_ORB_15m_p0_short_switch_tp2r_p0_st5_20_bearish_sr350_lr750_buf0_tg1030_2020-11-12,2020-11-12,1,LONG,15,09:45,2.0,2020-11-12 15:42:00+00:00,2020-11-12 15:43:00+00:00,2020-11-12 20:00:00+00:00,72,TIME_EXIT,11964.0,11881.0,83.0,11971.5,11803.5,11881.0,90.5,181.0,500.0,2.7624309392265194,2,-337.24,-674.48,0
p0_st5_20_bearish_sr350_lr750_buf0_tg1030,NASDAQ_ORB_15m_p0_short_switch_tp2r_p0_st5_20_bearish_sr350_lr750_buf0_tg1030_2020-11-13,2020-11-13,1,SHORT,15,09:45,2.0,2020-11-13 15:01:00+00:00,2020-11-13 15:02:00+00:00,2020-11-13 20:00:00+00:00,31,TIME_EXIT,11923.75,11871.0,52.75,11869.5,11902.25,11923.75,54.25,108.5,350.0,3.225806451612903,3,-66.74,-200.21999999999997,0
p0_st5_20_bearish_sr350_lr750_buf0_tg1030,NASDAQ_ORB_15m_p0_short_switch_tp2r_p0_st5_20_bearish_sr350_lr750_buf0_tg1030_2020-11-16,2020-11-16,1,LONG,15,09:45,2.0,2020-11-16 15:04:00+00:00,2020-11-16 15:05:00+00:00,2020-11-16 20:00:00+00:00,34,TIME_EXIT,11981.25,11887.5,93.75,11983.75,11960.25,11887.5,96.25,192.5,500.0,2.5974025974025974,2,-48.24,-96.48,0
p0_st5_20_bearish_sr350_lr750_buf0_tg1030,NASDAQ_ORB_15m_p0_short_switch_tp2r_p0_st5_20_bearish_sr350_lr750_buf0_tg1030_2020-11-17,2020-11-17,1,SHORT,15,09:45,2.0,2020-11-17 14:46:00+00:00,2020-11-17 14:47:00+00:00,2020-11-17 20:00:00+00:00,16,TIME_EXIT,12041.75,11987.75,54.0,11982.25,12012.25,12041.75,59.5,119.0,350.0,2.9411764705882355,2,-61.24,-122.48,0
p0_st5_20_bearish_sr350_lr750_buf0_tg1030,NASDAQ_ORB_15m_p0_short_switch_tp2r_p0_st5_20_bearish_sr350_lr750_buf0_tg1030_2020-11-18,2020-11-18,1,SHORT,15,09:45,2.0,2020-11-18 14:53:00+00:00,2020-11-18 14:54:00+00:00,2020-11-18 16:57:00+00:00,23,SWITCH_TO_LONG,11988.5,11943.0,45.5,11937.5,11990.25,11988.5,51.0,102.0,350.0,3.4313725490196076,3,-106.74,-320.21999999999997,0
p0_st5_20_bearish_sr350_lr750_buf0_tg1030,NASDAQ_ORB_15m_p0_short_switch_tp2r_p0_st5_20_bearish_sr350_lr750_buf0_tg1030_2020-11-18,2020-11-18,2,LONG,15,09:45,2.0,2020-11-18 16:56:00+00:00,2020-11-18 16:57:00+00:00,2020-11-18 20:00:00+00:00,146,TIME_EXIT,11988.5,11943.0,45.5,11990.25,11982.25,11943.0,47.25,94.5,750.0,7.936507936507937,7,-17.24,-120.67999999999999,0
p0_st5_20_bearish_sr350_lr750_buf0_tg1030,NASDAQ_ORB_15m_p0_short_switch_tp2r_p0_st5_20_bearish_sr350_lr750_buf0_tg1030_2020-11-19,2020-11-19,1,LONG,15,09:45,2.0,2020-11-19 14:50:00+00:00,2020-11-19 14:51:00+00:00,2020-11-19 20:00:00+00:00,20,TIME_EXIT,11894.75,11841.5,53.25,11895.75,11992.0,11841.5,54.25,108.5,500.0,4.608294930875576,4,191.26,765.04,1
p0_st5_20_bearish_sr350_lr750_buf0_tg1030,NASDAQ_ORB_15m_p0_short_switch_tp2r_p0_st5_20_bearish_sr350_lr750_buf0_tg1030_2020-11-20,2020-11-20,1,SHORT,15,09:45,2.0,2020-11-20 14:56:00+00:00,2020-11-20 14:57:00+00:00,2020-11-20 15:29:00+00:00,26,SWITCH_TO_LONG,11985.25,11952.25,33.0,11949.5,11987.25,11985.25,35.75,71.5,350.0,4.895104895104895,4,-76.74,-306.96,0
p0_st5_20_bearish_sr350_lr750_buf0_tg1030,NASDAQ_ORB_15m_p0_short_switch_tp2r_p0_st5_20_bearish_sr350_lr750_buf0_tg1030_2020-11-20,2020-11-20,2,LONG,15,09:45,2.0,2020-11-20 15:28:00+00:00,2020-11-20 15:29:00+00:00,2020-11-20 20:00:00+00:00,58,TIME_EXIT,11985.25,11952.25,33.0,11987.25,11979.25,11952.25,35.0,70.0,750.0,10.714285714285714,10,-17.24,-172.39999999999998,0
p0_st5_20_bearish_sr350_lr750_buf0_tg1030,NASDAQ_ORB_15m_p0_short_switch_tp2r_p0_st5_20_bearish_sr350_lr750_buf0_tg1030_2020-11-23,2020-11-23,1,LONG,15,09:45,2.0,2020-11-23 14:46:00+00:00,2020-11-23 14:47:00+00:00,2020-11-23 20:00:00+00:00,16,TIME_EXIT,11981.75,11945.5,36.25,11991.5,11917.75,11945.5,46.0,92.0,500.0,5.434782608695652,5,-148.74,-743.7,0
p0_st5_20_bearish_sr350_lr750_buf0_tg1030,NASDAQ_ORB_15m_p0_short_switch_tp2r_p0_st5_20_bearish_sr350_lr750_buf0_tg1030_2020-11-24,2020-11-24,1,LONG,15,09:45,2.0,2020-11-24 15:42:00+00:00,2020-11-24 15:43:00+00:00,2020-11-24 20:00:00+00:00,72,TIME_EXIT,11956.25,11878.5,77.75,11961.75,12073.0,11878.5,83.25,166.5,500.0,3.003003003003003,3,221.26,663.78,1
p0_st5_20_bearish_sr350_lr750_buf0_tg1030,NASDAQ_ORB_15m_p0_short_switch_tp2r_p0_st5_20_bearish_sr350_lr750_buf0_tg1030_2020-11-25,2020-11-25,1,LONG,15,09:45,2.0,2020-11-25 18:02:00+00:00,2020-11-25 18:03:00+00:00,2020-11-25 20:00:00+00:00,212,TIME_EXIT,12142.5,12099.0,43.5,12143.5,12148.0,12099.0,44.5,89.0,500.0,5.617977528089888,5,7.76,38.8,1
p0_st5_20_bearish_sr350_lr750_buf0_tg1030,NASDAQ_ORB_15m_p0_short_switch_tp2r_p0_st5_20_bearish_sr350_lr750_buf0_tg1030_2020-11-26,2020-11-26,1,SHORT,15,09:45,2.0,2020-11-26 15:14:00+00:00,2020-11-26 15:15:00+00:00,2020-11-26 17:45:00+00:00,44,TP_2R,12215.0,12189.0,26.0,12188.0,12134.25,12215.0,27.0,54.0,350.0,6.481481481481482,6,106.26,637.5600000000001,1
p0_st5_20_bearish_sr350_lr750_buf0_tg1030,NASDAQ_ORB_15m_p0_short_switch_tp2r_p0_st5_20_bearish_sr350_lr750_buf0_tg1030_2020-11-30,2020-11-30,1,SHORT,15,09:45,2.0,2020-11-30 14:49:00+00:00,2020-11-30 14:50:00+00:00,2020-11-30 15:46:00+00:00,19,TP_2R,12299.75,12240.5,59.25,12232.0,12096.75,12299.75,67.75,135.5,350.0,2.5830258302583027,2,269.26,538.52,1
p0_st5_20_bearish_sr350_lr750_buf0_tg1030,NASDAQ_ORB_15m_p0_short_switch_tp2r_p0_st5_20_bearish_sr350_lr750_buf0_tg1030_2020-12-01,2020-12-01,1,LONG,15,09:45,2.0,2020-12-01 14:53:00+00:00,2020-12-01 14:54:00+00:00,2020-12-01 18:46:00+00:00,23,TP_2R,12385.0,12334.0,51.0,12388.5,12497.25,12334.0,54.5,109.0,500.0,4.587155963302752,4,216.26,865.04,1
p0_st5_20_bearish_sr350_lr750_buf0_tg1030,NASDAQ_ORB_15m_p0_short_switch_tp2r_p0_st5_20_bearish_sr350_lr750_buf0_tg1030_2020-12-02,2020-12-02,1,LONG,15,09:45,2.0,2020-12-02 15:13:00+00:00,2020-12-02 15:14:00+00:00,2020-12-02 20:00:00+00:00,43,TIME_EXIT,12397.75,12316.5,81.25,12400.25,12459.0,12316.5,83.75,167.5,500.0,2.985074626865672,2,116.26,232.52,1
p0_st5_20_bearish_sr350_lr750_buf0_tg1030,NASDAQ_ORB_15m_p0_short_switch_tp2r_p0_st5_20_bearish_sr350_lr750_buf0_tg1030_2020-12-03,2020-12-03,1,LONG,15,09:45,2.0,2020-12-03 15:04:00+00:00,2020-12-03 15:05:00+00:00,2020-12-03 20:00:00+00:00,34,TIME_EXIT,12503.75,12463.5,40.25,12513.0,12503.0,12463.5,49.5,99.0,500.0,5.05050505050505,5,-21.24,-106.19999999999999,0
p0_st5_20_bearish_sr350_lr750_buf0_tg1030,NASDAQ_ORB_15m_p0_short_switch_tp2r_p0_st5_20_bearish_sr350_lr750_buf0_tg1030_2020-12-04,2020-12-04,1,LONG,15,09:45,2.0,2020-12-04 14:48:00+00:00,2020-12-04 14:49:00+00:00,2020-12-04 20:00:00+00:00,18,TIME_EXIT,12487.0,12448.5,38.5,12496.0,12517.25,12448.5,47.5,95.0,500.0,5.2631578947368425,5,41.26,206.29999999999998,1
p0_st5_20_bearish_sr350_lr750_buf0_tg1030,NASDAQ_ORB_15m_p0_short_switch_tp2r_p0_st5_20_bearish_sr350_lr750_buf0_tg1030_2020-12-07,2020-12-07,1,LONG,15,09:45,2.0,2020-12-07 14:59:00+00:00,2020-12-07 15:00:00+00:00,2020-12-07 20:00:00+00:00,29,TIME_EXIT,12582.75,12526.0,56.75,12585.25,12581.25,12526.0,59.25,118.5,500.0,4.219409282700422,4,-9.24,-36.96,0
p0_st5_20_bearish_sr350_lr750_buf0_tg1030,NASDAQ_ORB_15m_p0_short_switch_tp2r_p0_st5_20_bearish_sr350_lr750_buf0_tg1030_2020-12-08,2020-12-08,1,SHORT,15,09:45,2.0,2020-12-08 14:50:00+00:00,2020-12-08 14:51:00+00:00,2020-12-08 17:02:00+00:00,20,SWITCH_TO_LONG,12587.5,12536.5,51.0,12529.5,12593.75,12587.5,58.0,116.0,350.0,3.0172413793103448,3,-129.74,-389.22,0
p0_st5_20_bearish_sr350_lr750_buf0_tg1030,NASDAQ_ORB_15m_p0_short_switch_tp2r_p0_st5_20_bearish_sr350_lr750_buf0_tg1030_2020-12-08,2020-12-08,2,LONG,15,09:45,2.0,2020-12-08 17:01:00+00:00,2020-12-08 17:02:00+00:00,2020-12-08 20:00:00+00:00,151,TIME_EXIT,12587.5,12536.5,51.0,12593.75,12641.0,12536.5,57.25,114.5,750.0,6.550218340611353,6,93.26,559.5600000000001,1
p0_st5_20_bearish_sr350_lr750_buf0_tg1030,NASDAQ_ORB_15m_p0_short_switch_tp2r_p0_st5_20_bearish_sr350_lr750_buf0_tg1030_2020-12-09,2020-12-09,1,LONG,15,09:45,2.0,2020-12-09 14:53:00+00:00,2020-12-09 14:54:00+00:00,2020-12-09 20:00:00+00:00,23,TIME_EXIT,12632.0,12588.0,44.0,12634.25,12373.5,12588.0,46.25,92.5,500.0,5.405405405405405,5,-522.74,-2613.7,0
p0_st5_20_bearish_sr350_lr750_buf0_tg1030,NASDAQ_ORB_15m_p0_short_switch_tp2r_p0_st5_20_bearish_sr350_lr750_buf0_tg1030_2020-12-10,2020-12-10,1,LONG,15,09:45,2.0,2020-12-10 14:49:00+00:00,2020-12-10 14:50:00+00:00,2020-12-10 20:00:00+00:00,19,TIME_EXIT,12329.0,12218.0,111.0,12337.25,12362.75,12218.0,119.25,238.5,500.0,2.0964360587002098,2,49.76,99.52,1
p0_st5_20_bearish_sr350_lr750_buf0_tg1030,NASDAQ_ORB_15m_p0_short_switch_tp2r_p0_st5_20_bearish_sr350_lr750_buf0_tg1030_2020-12-11,2020-12-11,1,LONG,15,09:45,2.0,2020-12-11 15:13:00+00:00,2020-12-11 15:14:00+00:00,2020-12-11 20:00:00+00:00,43,TIME_EXIT,12353.75,12275.25,78.5,12355.5,12345.5,12275.25,80.25,160.5,500.0,3.115264797507788,3,-21.24,-63.72,0
p0_st5_20_bearish_sr350_lr750_buf0_tg1030,NASDAQ_ORB_15m_p0_short_switch_tp2r_p0_st5_20_bearish_sr350_lr750_buf0_tg1030_2020-12-14,2020-12-14,1,LONG,15,09:45,2.0,2020-12-14 14:47:00+00:00,2020-12-14 14:48:00+00:00,2020-12-14 20:00:00+00:00,17,TIME_EXIT,12498.5,12421.25,77.25,12500.0,12518.75,12421.25,78.75,157.5,500.0,3.1746031746031744,3,36.26,108.78,1
p0_st5_20_bearish_sr350_lr750_buf0_tg1030,NASDAQ_ORB_15m_p0_short_switch_tp2r_p0_st5_20_bearish_sr350_lr750_buf0_tg1030_2020-12-16,2020-12-16,1,LONG,15,09:45,2.0,2020-12-16 15:38:00+00:00,2020-12-16 15:39:00+00:00,2020-12-16 20:00:00+00:00,68,TIME_EXIT,12625.5,12571.25,54.25,12630.5,12680.25,12571.25,59.25,118.5,500.0,4.219409282700422,4,98.26,393.04,1
p0_st5_20_bearish_sr350_lr750_buf0_tg1030,NASDAQ_ORB_15m_p0_short_switch_tp2r_p0_st5_20_bearish_sr350_lr750_buf0_tg1030_2020-12-17,2020-12-17,1,SHORT,15,09:45,2.0,2020-12-17 15:15:00+00:00,2020-12-17 15:16:00+00:00,2020-12-17 20:00:00+00:00,45,TIME_EXIT,12762.25,12732.25,30.0,12715.0,12729.75,12762.25,47.25,94.5,350.0,3.7037037037037037,3,-30.74,-92.22,0
p0_st5_20_bearish_sr350_lr750_buf0_tg1030,NASDAQ_ORB_15m_p0_short_switch_tp2r_p0_st5_20_bearish_sr350_lr750_buf0_tg1030_2020-12-18,2020-12-18,1,SHORT,15,09:45,2.0,2020-12-18 14:46:00+00:00,2020-12-18 14:47:00+00:00,2020-12-18 20:00:00+00:00,16,TIME_EXIT,12788.0,12742.5,45.5,12739.25,12663.5,12788.0,48.75,97.5,350.0,3.58974358974359,3,150.26,450.78,1
p0_st5_20_bearish_sr350_lr750_buf0_tg1030,NASDAQ_ORB_15m_p0_short_switch_tp2r_p0_st5_20_bearish_sr350_lr750_buf0_tg1030_2020-12-21,2020-12-21,1,SHORT,15,09:45,2.0,2020-12-21 15:05:00+00:00,2020-12-21 15:06:00+00:00,2020-12-21 17:53:00+00:00,35,SWITCH_TO_LONG,12649.0,12570.0,79.0,12533.25,12649.5,12649.0,115.75,231.5,350.0,1.511879049676026,1,-233.74,-233.74,0
p0_st5_20_bearish_sr350_lr750_buf0_tg1030,NASDAQ_ORB_15m_p0_short_switch_tp2r_p0_st5_20_bearish_sr350_lr750_buf0_tg1030_2020-12-21,2020-12-21,2,LONG,15,09:45,2.0,2020-12-21 17:52:00+00:00,2020-12-21 17:53:00+00:00,2020-12-21 20:00:00+00:00,202,TIME_EXIT,12649.0,12570.0,79.0,12649.5,12681.5,12570.0,79.5,159.0,750.0,4.716981132075472,4,62.76,251.04,1
p0_st5_20_bearish_sr350_lr750_buf0_tg1030,NASDAQ_ORB_15m_p0_short_switch_tp2r_p0_st5_20_bearish_sr350_lr750_buf0_tg1030_2020-12-22,2020-12-22,1,LONG,15,09:45,2.0,2020-12-22 14:49:00+00:00,2020-12-22 14:50:00+00:00,2020-12-22 20:00:00+00:00,19,TIME_EXIT,12719.5,12678.75,40.75,12724.25,12697.25,12678.75,45.5,91.0,500.0,5.4945054945054945,5,-55.24,-276.2,0
p0_st5_20_bearish_sr350_lr750_buf0_tg1030,NASDAQ_ORB_15m_p0_short_switch_tp2r_p0_st5_20_bearish_sr350_lr750_buf0_tg1030_2020-12-23,2020-12-23,1,SHORT,15,09:45,2.0,2020-12-23 14:46:00+00:00,2020-12-23 14:47:00+00:00,2020-12-23 18:10:00+00:00,16,SWITCH_TO_LONG,12723.5,12668.75,54.75,12665.25,12725.25,12723.5,58.25,116.5,350.0,3.004291845493562,3,-121.24,-363.71999999999997,0
p0_st5_20_bearish_sr350_lr750_buf0_tg1030,NASDAQ_ORB_15m_p0_short_switch_tp2r_p0_st5_20_bearish_sr350_lr750_buf0_tg1030_2020-12-23,2020-12-23,2,LONG,15,09:45,2.0,2020-12-23 18:09:00+00:00,2020-12-23 18:10:00+00:00,2020-12-23 20:00:00+00:00,219,TIME_EXIT,12723.5,12668.75,54.75,12725.25,12700.75,12668.75,56.5,113.0,750.0,6.6371681415929205,6,-50.24,-301.44,0
p0_st5_20_bearish_sr350_lr750_buf0_tg1030,NASDAQ_ORB_15m_p0_short_switch_tp2r_p0_st5_20_bearish_sr350_lr750_buf0_tg1030_2020-12-28,2020-12-28,1,SHORT,15,09:45,2.0,2020-12-28 14:52:00+00:00,2020-12-28 14:53:00+00:00,2020-12-28 16:05:00+00:00,22,SWITCH_TO_LONG,12820.0,12788.75,31.25,12787.75,12820.75,12820.0,32.25,64.5,350.0,5.426356589147287,5,-67.24,-336.2,0
p0_st5_20_bearish_sr350_lr750_buf0_tg1030,NASDAQ_ORB_15m_p0_short_switch_tp2r_p0_st5_20_bearish_sr350_lr750_buf0_tg1030_2020-12-28,2020-12-28,2,LONG,15,09:45,2.0,2020-12-28 16:04:00+00:00,2020-12-28 16:05:00+00:00,2020-12-28 20:00:00+00:00,94,TIME_EXIT,12820.0,12788.75,31.25,12820.75,12849.25,12788.75,32.0,64.0,750.0,11.71875,11,55.76,613.36,1
p0_st5_20_bearish_sr350_lr750_buf0_tg1030,NASDAQ_ORB_15m_p0_short_switch_tp2r_p0_st5_20_bearish_sr350_lr750_buf0_tg1030_2020-12-29,2020-12-29,1,SHORT,15,09:45,2.0,2020-12-29 15:00:00+00:00,2020-12-29 15:01:00+00:00,2020-12-29 20:00:00+00:00,30,TIME_EXIT,12918.25,12878.25,40.0,12859.5,12844.25,12918.25,58.75,117.5,350.0,2.978723404255319,2,29.26,58.52,1
p0_st5_20_bearish_sr350_lr750_buf0_tg1030,NASDAQ_ORB_15m_p0_short_switch_tp2r_p0_st5_20_bearish_sr350_lr750_buf0_tg1030_2020-12-30,2020-12-30,1,SHORT,15,09:45,2.0,2020-12-30 14:46:00+00:00,2020-12-30 14:47:00+00:00,2020-12-30 20:00:00+00:00,16,TIME_EXIT,12909.75,12860.5,49.25,12856.75,12848.5,12909.75,53.0,106.0,350.0,3.30188679245283,3,15.26,45.78,1
p0_st5_20_bearish_sr350_lr750_buf0_tg1030,NASDAQ_ORB_15m_p0_short_switch_tp2r_p0_st5_20_bearish_sr350_lr750_buf0_tg1030_2021-01-04,2021-01-04,1,SHORT,15,09:45,2.0,2021-01-04 15:12:00+00:00,2021-01-04 15:13:00+00:00,2021-01-04 16:54:00+00:00,42,TP_2R,12941.25,12858.5,82.75,12854.0,12679.75,12941.25,87.25,174.5,350.0,2.005730659025788,2,347.26,694.52,1
p0_st5_20_bearish_sr350_lr750_buf0_tg1030,NASDAQ_ORB_15m_p0_short_switch_tp2r_p0_st5_20_bearish_sr350_lr750_buf0_tg1030_2021-01-05,2021-01-05,1,LONG,15,09:45,2.0,2021-01-05 14:53:00+00:00,2021-01-05 14:54:00+00:00,2021-01-05 20:00:00+00:00,23,TIME_EXIT,12753.0,12650.5,102.5,12759.25,12773.75,12650.5,108.75,217.5,500.0,2.2988505747126435,2,27.76,55.52,1
p0_st5_20_bearish_sr350_lr750_buf0_tg1030,NASDAQ_ORB_15m_p0_short_switch_tp2r_p0_st5_20_bearish_sr350_lr750_buf0_tg1030_2021-01-06,2021-01-06,1,LONG,15,09:45,2.0,2021-01-06 14:48:00+00:00,2021-01-06 14:49:00+00:00,2021-01-06 20:00:00+00:00,18,TIME_EXIT,12626.0,12551.75,74.25,12648.75,12682.5,12551.75,97.0,194.0,500.0,2.577319587628866,2,66.26,132.52,1
p0_st5_20_bearish_sr350_lr750_buf0_tg1030,NASDAQ_ORB_15m_p0_short_switch_tp2r_p0_st5_20_bearish_sr350_lr750_buf0_tg1030_2021-01-07,2021-01-07,1,LONG,15,09:45,2.0,2021-01-07 14:56:00+00:00,2021-01-07 14:57:00+00:00,2021-01-07 20:00:00+00:00,26,TIME_EXIT,12810.75,12726.5,84.25,12818.0,12917.75,12726.5,91.5,183.0,500.0,2.73224043715847,2,198.26,396.52,1
p0_st5_20_bearish_sr350_lr750_buf0_tg1030,NASDAQ_ORB_15m_p0_short_switch_tp2r_p0_st5_20_bearish_sr350_lr750_buf0_tg1030_2021-01-08,2021-01-08,1,SHORT,15,09:45,2.0,2021-01-08 15:30:00+00:00,2021-01-08 15:31:00+00:00,2021-01-08 16:08:00+00:00,60,SWITCH_TO_LONG,13052.5,12985.75,66.75,12959.0,13056.5,13052.5,93.5,187.0,350.0,1.8716577540106951,1,-196.24,-196.24,0
p0_st5_20_bearish_sr350_lr750_buf0_tg1030,NASDAQ_ORB_15m_p0_short_switch_tp2r_p0_st5_20_bearish_sr350_lr750_buf0_tg1030_2021-01-08,2021-01-08,2,LONG,15,09:45,2.0,2021-01-08 16:07:00+00:00,2021-01-08 16:08:00+00:00,2021-01-08 20:00:00+00:00,97,TIME_EXIT,13052.5,12985.75,66.75,13056.5,13042.75,12985.75,70.75,141.5,750.0,5.30035335689046,5,-28.74,-143.7,0
p0_st5_20_bearish_sr350_lr750_buf0_tg1030,NASDAQ_ORB_15m_p0_short_switch_tp2r_p0_st5_20_bearish_sr350_lr750_buf0_tg1030_2021-01-11,2021-01-11,1,LONG,15,09:45,2.0,2021-01-11 15:07:00+00:00,2021-01-11 15:08:00+00:00,2021-01-11 20:00:00+00:00,37,TIME_EXIT,12975.0,12892.25,82.75,12980.25,12941.0,12892.25,88.0,176.0,500.0,2.840909090909091,2,-79.74,-159.48,0
p0_st5_20_bearish_sr350_lr750_buf0_tg1030,NASDAQ_ORB_15m_p0_short_switch_tp2r_p0_st5_20_bearish_sr350_lr750_buf0_tg1030_2021-01-12,2021-01-12,1,SHORT,15,09:45,2.0,2021-01-12 14:55:00+00:00,2021-01-12 14:56:00+00:00,2021-01-12 20:00:00+00:00,25,TIME_EXIT,12947.5,12895.0,52.5,12875.5,12877.25,12947.5,72.0,144.0,350.0,2.4305555555555554,2,-4.74,-9.48,0
p0_st5_20_bearish_sr350_lr750_buf0_tg1030,NASDAQ_ORB_15m_p0_short_switch_tp2r_p0_st5_20_bearish_sr350_lr750_buf0_tg1030_2021-01-13,2021-01-13,1,LONG,15,09:45,2.0,2021-01-13 14:51:00+00:00,2021-01-13 14:52:00+00:00,2021-01-13 20:00:00+00:00,21,TIME_EXIT,12916.5,12864.0,52.5,12920.25,12988.75,12864.0,56.25,112.5,500.0,4.444444444444445,4,135.76,543.04,1
p0_st5_20_bearish_sr350_lr750_buf0_tg1030,NASDAQ_ORB_15m_p0_short_switch_tp2r_p0_st5_20_bearish_sr350_lr750_buf0_tg1030_2021-01-14,2021-01-14,1,LONG,15,09:45,2.0,2021-01-14 15:42:00+00:00,2021-01-14 15:43:00+00:00,2021-01-14 20:00:00+00:00,72,TIME_EXIT,13015.0,12972.0,43.0,13016.75,12949.5,12972.0,44.75,89.5,500.0,5.58659217877095,5,-135.74,-678.7,0
p0_st5_20_bearish_sr350_lr750_buf0_tg1030,NASDAQ_ORB_15m_p0_short_switch_tp2r_p0_st5_20_bearish_sr350_lr750_buf0_tg1030_2021-01-15,2021-01-15,1,SHORT,15,09:45,2.0,2021-01-15 15:05:00+00:00,2021-01-15 15:06:00+00:00,2021-01-15 20:00:00+00:00,35,TIME_EXIT,12930.75,12879.5,51.25,12857.5,12829.75,12930.75,73.25,146.5,350.0,2.3890784982935154,2,54.26,108.52,1
p0_st5_20_bearish_sr350_lr750_buf0_tg1030,NASDAQ_ORB_15m_p0_short_switch_tp2r_p0_st5_20_bearish_sr350_lr750_buf0_tg1030_2021-01-18,2021-01-18,1,LONG,15,09:45,2.0,2021-01-18 14:56:00+00:00,2021-01-18 14:57:00+00:00,2021-01-18 23:02:00+00:00,26,TIME_EXIT,12807.5,12784.25,23.25,12808.75,12813.25,12784.25,24.5,49.0,500.0,10.204081632653061,10,7.76,77.6,1
p0_st5_20_bearish_sr350_lr750_buf0_tg1030,NASDAQ_ORB_15m_p0_short_switch_tp2r_p0_st5_20_bearish_sr350_lr750_buf0_tg1030_2021-01-19,2021-01-19,1,SHORT,15,09:45,2.0,2021-01-19 14:48:00+00:00,2021-01-19 14:49:00+00:00,2021-01-19 17:38:00+00:00,18,SWITCH_TO_LONG,12930.5,12888.5,42.0,12881.75,12932.0,12930.5,48.75,97.5,350.0,3.58974358974359,3,-101.74,-305.21999999999997,0
p0_st5_20_bearish_sr350_lr750_buf0_tg1030,NASDAQ_ORB_15m_p0_short_switch_tp2r_p0_st5_20_bearish_sr350_lr750_buf0_tg1030_2021-01-19,2021-01-19,2,LONG,15,09:45,2.0,2021-01-19 17:37:00+00:00,2021-01-19 17:38:00+00:00,2021-01-19 20:00:00+00:00,187,TIME_EXIT,12930.5,12888.5,42.0,12932.0,12985.25,12888.5,43.5,87.0,750.0,8.620689655172415,8,105.26,842.08,1
p0_st5_20_bearish_sr350_lr750_buf0_tg1030,NASDAQ_ORB_15m_p0_short_switch_tp2r_p0_st5_20_bearish_sr350_lr750_buf0_tg1030_2021-01-20,2021-01-20,1,LONG,15,09:45,2.0,2021-01-20 15:07:00+00:00,2021-01-20 15:08:00+00:00,2021-01-20 20:00:00+00:00,37,TIME_EXIT,13191.25,13121.0,70.25,13192.25,13309.5,13121.0,71.25,142.5,500.0,3.508771929824561,3,233.26,699.78,1
p0_st5_20_bearish_sr350_lr750_buf0_tg1030,NASDAQ_ORB_15m_p0_short_switch_tp2r_p0_st5_20_bearish_sr350_lr750_buf0_tg1030_2021-01-21,2021-01-21,1,LONG,15,09:45,2.0,2021-01-21 15:11:00+00:00,2021-01-21 15:12:00+00:00,2021-01-21 20:00:00+00:00,41,TIME_EXIT,13343.75,13283.0,60.75,13346.0,13404.75,13283.0,63.0,126.0,500.0,3.9682539682539684,3,116.26,348.78000000000003,1
p0_st5_20_bearish_sr350_lr750_buf0_tg1030,NASDAQ_ORB_15m_p0_short_switch_tp2r_p0_st5_20_bearish_sr350_lr750_buf0_tg1030_2021-01-22,2021-01-22,1,LONG,15,09:45,2.0,2021-01-22 14:46:00+00:00,2021-01-22 14:47:00+00:00,2021-01-22 20:00:00+00:00,16,TIME_EXIT,13362.25,13327.75,34.5,13371.0,13387.75,13327.75,43.25,86.5,500.0,5.780346820809249,5,32.26,161.29999999999998,1
p0_st5_20_bearish_sr350_lr750_buf0_tg1030,NASDAQ_ORB_15m_p0_short_switch_tp2r_p0_st5_20_bearish_sr350_lr750_buf0_tg1030_2021-01-26,2021-01-26,1,LONG,15,09:45,2.0,2021-01-26 15:49:00+00:00,2021-01-26 15:50:00+00:00,2021-01-26 20:00:00+00:00,79,TIME_EXIT,13509.25,13434.5,74.75,13513.0,13496.0,13434.5,78.5,157.0,500.0,3.1847133757961785,3,-35.24,-105.72,0
p0_st5_20_bearish_sr350_lr750_buf0_tg1030,NASDAQ_ORB_15m_p0_short_switch_tp2r_p0_st5_20_bearish_sr350_lr750_buf0_tg1030_2021-01-28,2021-01-28,1,LONG,15,09:45,2.0,2021-01-28 15:16:00+00:00,2021-01-28 15:17:00+00:00,2021-01-28 20:00:00+00:00,46,TIME_EXIT,13248.75,13128.25,120.5,13256.25,13330.5,13128.25,128.0,256.0,500.0,1.953125,1,147.26,147.26,1
p0_st5_20_bearish_sr350_lr750_buf0_tg1030,NASDAQ_ORB_15m_p0_short_switch_tp2r_p0_st5_20_bearish_sr350_lr750_buf0_tg1030_2021-01-29,2021-01-29,1,LONG,15,09:45,2.0,2021-01-29 15:25:00+00:00,2021-01-29 15:26:00+00:00,2021-01-29 20:00:00+00:00,55,TIME_EXIT,13135.25,12998.25,137.0,13147.5,12912.0,12998.25,149.25,298.5,500.0,1.6750418760469012,1,-472.24,-472.24,0
p0_st5_20_bearish_sr350_lr750_buf0_tg1030,NASDAQ_ORB_15m_p0_short_switch_tp2r_p0_st5_20_bearish_sr350_lr750_buf0_tg1030_2021-02-01,2021-02-01,1,SHORT,15,09:45,2.0,2021-02-01 14:50:00+00:00,2021-02-01 14:51:00+00:00,2021-02-01 15:44:00+00:00,20,SWITCH_TO_LONG,13102.75,13047.25,55.5,13000.5,13104.25,13102.75,102.25,204.5,350.0,1.7114914425427872,1,-208.74,-208.74,0
p0_st5_20_bearish_sr350_lr750_buf0_tg1030,NASDAQ_ORB_15m_p0_short_switch_tp2r_p0_st5_20_bearish_sr350_lr750_buf0_tg1030_2021-02-01,2021-02-01,2,LONG,15,09:45,2.0,2021-02-01 15:43:00+00:00,2021-02-01 15:44:00+00:00,2021-02-01 17:11:00+00:00,73,TP_2R,13102.75,13047.25,55.5,13104.25,13218.0,13047.25,57.0,114.0,750.0,6.578947368421052,6,226.26,1357.56,1
p0_st5_20_bearish_sr350_lr750_buf0_tg1030,NASDAQ_ORB_15m_p0_short_switch_tp2r_p0_st5_20_bearish_sr350_lr750_buf0_tg1030_2021-02-02,2021-02-02,1,LONG,15,09:45,2.0,2021-02-02 14:49:00+00:00,2021-02-02 14:50:00+00:00,2021-02-02 20:00:00+00:00,19,TIME_EXIT,13404.25,13345.0,59.25,13416.0,13488.75,13345.0,71.0,142.0,500.0,3.5211267605633805,3,144.26,432.78,1
p0_st5_20_bearish_sr350_lr750_buf0_tg1030,NASDAQ_ORB_15m_p0_short_switch_tp2r_p0_st5_20_bearish_sr350_lr750_buf0_tg1030_2021-02-03,2021-02-03,1,SHORT,15,09:45,2.0,2021-02-03 15:11:00+00:00,2021-02-03 15:12:00+00:00,2021-02-03 20:00:00+00:00,41,TIME_EXIT,13548.0,13461.75,86.25,13459.75,13450.75,13548.0,88.25,176.5,350.0,1.9830028328611897,1,16.76,16.76,1
p0_st5_20_bearish_sr350_lr750_buf0_tg1030,NASDAQ_ORB_15m_p0_short_switch_tp2r_p0_st5_20_bearish_sr350_lr750_buf0_tg1030_2021-02-04,2021-02-04,1,SHORT,15,09:45,2.0,2021-02-04 15:05:00+00:00,2021-02-04 15:06:00+00:00,2021-02-04 17:39:00+00:00,35,SWITCH_TO_LONG,13480.25,13412.0,68.25,13393.25,13482.0,13480.25,87.0,174.0,350.0,2.0114942528735633,2,-178.74,-357.48,0
p0_st5_20_bearish_sr350_lr750_buf0_tg1030,NASDAQ_ORB_15m_p0_short_switch_tp2r_p0_st5_20_bearish_sr350_lr750_buf0_tg1030_2021-02-04,2021-02-04,2,LONG,15,09:45,2.0,2021-02-04 17:38:00+00:00,2021-02-04 17:39:00+00:00,2021-02-04 20:00:00+00:00,188,TIME_EXIT,13480.25,13412.0,68.25,13482.0,13506.0,13412.0,70.0,140.0,750.0,5.357142857142857,5,46.76,233.79999999999998,1
p0_st5_20_bearish_sr350_lr750_buf0_tg1030,NASDAQ_ORB_15m_p0_short_switch_tp2r_p0_st5_20_bearish_sr350_lr750_buf0_tg1030_2021-02-05,2021-02-05,1,SHORT,15,09:45,2.0,2021-02-05 14:56:00+00:00,2021-02-05 14:57:00+00:00,2021-02-05 17:20:00+00:00,26,SWITCH_TO_LONG,13593.0,13545.75,47.25,13542.0,13593.75,13593.0,51.0,102.0,350.0,3.4313725490196076,3,-104.74,-314.21999999999997,0
p0_st5_20_bearish_sr350_lr750_buf0_tg1030,NASDAQ_ORB_15m_p0_short_switch_tp2r_p0_st5_20_bearish_sr350_lr750_buf0_tg1030_2021-02-05,2021-02-05,2,LONG,15,09:45,2.0,2021-02-05 17:19:00+00:00,2021-02-05 17:20:00+00:00,2021-02-05 20:00:00+00:00,169,TIME_EXIT,13593.0,13545.75,47.25,13593.75,13594.0,13545.75,48.0,96.0,750.0,7.8125,7,-0.74,-5.18,0
p0_st5_20_bearish_sr350_lr750_buf0_tg1030,NASDAQ_ORB_15m_p0_short_switch_tp2r_p0_st5_20_bearish_sr350_lr750_buf0_tg1030_2021-02-08,2021-02-08,1,LONG,15,09:45,2.0,2021-02-08 15:05:00+00:00,2021-02-08 15:06:00+00:00,2021-02-08 20:00:00+00:00,35,TIME_EXIT,13674.0,13632.5,41.5,13675.0,13639.0,13632.5,42.5,85.0,500.0,5.882352941176471,5,-73.24,-366.2,0
p0_st5_20_bearish_sr350_lr750_buf0_tg1030,NASDAQ_ORB_15m_p0_short_switch_tp2r_p0_st5_20_bearish_sr350_lr750_buf0_tg1030_2021-02-09,2021-02-09,1,LONG,15,09:45,2.0,2021-02-09 14:46:00+00:00,2021-02-09 14:47:00+00:00,2021-02-09 20:00:00+00:00,16,TIME_EXIT,13684.0,13645.0,39.0,13686.0,13704.5,13645.0,41.0,82.0,500.0,6.097560975609756,6,35.76,214.56,1
p0_st5_20_bearish_sr350_lr750_buf0_tg1030,NASDAQ_ORB_15m_p0_short_switch_tp2r_p0_st5_20_bearish_sr350_lr750_buf0_tg1030_2021-02-10,2021-02-10,1,SHORT,15,09:45,2.0,2021-02-10 15:15:00+00:00,2021-02-10 15:16:00+00:00,2021-02-10 15:25:00+00:00,45,TP_2R,13762.0,13714.0,48.0,13703.0,13585.25,13762.0,59.0,118.0,350.0,2.9661016949152543,2,234.26,468.52,1
p0_st5_20_bearish_sr350_lr750_buf0_tg1030,NASDAQ_ORB_15m_p0_short_switch_tp2r_p0_st5_20_bearish_sr350_lr750_buf0_tg1030_2021-02-11,2021-02-11,1,SHORT,15,09:45,2.0,2021-02-11 14:55:00+00:00,2021-02-11 14:56:00+00:00,2021-02-11 15:52:00+00:00,25,SWITCH_TO_LONG,13738.75,13702.5,36.25,13689.75,13741.5,13738.75,49.0,98.0,350.0,3.5714285714285716,3,-104.74,-314.21999999999997,0
p0_st5_20_bearish_sr350_lr750_buf0_tg1030,NASDAQ_ORB_15m_p0_short_switch_tp2r_p0_st5_20_bearish_sr350_lr750_buf0_tg1030_2021-02-11,2021-02-11,2,LONG,15,09:45,2.0,2021-02-11 15:51:00+00:00,2021-02-11 15:52:00+00:00,2021-02-11 20:00:00+00:00,81,TIME_EXIT,13738.75,13702.5,36.25,13741.5,13689.25,13702.5,39.0,78.0,750.0,9.615384615384615,9,-105.74,-951.66,0
p0_st5_20_bearish_sr350_lr750_buf0_tg1030,NASDAQ_ORB_15m_p0_short_switch_tp2r_p0_st5_20_bearish_sr350_lr750_buf0_tg1030_2021-02-12,2021-02-12,1,LONG,15,09:45,2.0,2021-02-12 14:47:00+00:00,2021-02-12 14:48:00+00:00,2021-02-12 20:00:00+00:00,17,TIME_EXIT,13696.0,13646.0,50.0,13704.25,13741.75,13646.0,58.25,116.5,500.0,4.291845493562231,4,73.76,295.04,1
p0_st5_20_bearish_sr350_lr750_buf0_tg1030,NASDAQ_ORB_15m_p0_short_switch_tp2r_p0_st5_20_bearish_sr350_lr750_buf0_tg1030_2021-02-15,2021-02-15,1,LONG,15,09:45,2.0,2021-02-15 14:51:00+00:00,2021-02-15 14:52:00+00:00,2021-02-15 23:02:00+00:00,21,TIME_EXIT,13859.0,13848.25,10.75,13860.0,13866.25,13848.25,11.75,23.5,500.0,21.27659574468085,20,11.26,225.2,1
p0_st5_20_bearish_sr350_lr750_buf0_tg1030,NASDAQ_ORB_15m_p0_short_switch_tp2r_p0_st5_20_bearish_sr350_lr750_buf0_tg1030_2021-02-16,2021-02-16,1,LONG,15,09:45,2.0,2021-02-16 14:48:00+00:00,2021-02-16 14:49:00+00:00,2021-02-16 20:00:00+00:00,18,TIME_EXIT,13859.25,13811.5,47.75,13861.5,13773.25,13811.5,50.0,100.0,500.0,5.0,5,-177.74,-888.7,0
p0_st5_20_bearish_sr350_lr750_buf0_tg1030,NASDAQ_ORB_15m_p0_short_switch_tp2r_p0_st5_20_bearish_sr350_lr750_buf0_tg1030_2021-02-17,2021-02-17,1,LONG,15,09:45,2.0,2021-02-17 14:51:00+00:00,2021-02-17 14:52:00+00:00,2021-02-17 20:00:00+00:00,21,TIME_EXIT,13670.5,13610.0,60.5,13683.5,13658.5,13610.0,73.5,147.0,500.0,3.401360544217687,3,-51.24,-153.72,0
p0_st5_20_bearish_sr350_lr750_buf0_tg1030,NASDAQ_ORB_15m_p0_short_switch_tp2r_p0_st5_20_bearish_sr350_lr750_buf0_tg1030_2021-02-18,2021-02-18,1,LONG,15,09:45,2.0,2021-02-18 14:47:00+00:00,2021-02-18 14:48:00+00:00,2021-02-18 20:00:00+00:00,17,TIME_EXIT,13569.75,13523.5,46.25,13570.5,13643.0,13523.5,47.0,94.0,500.0,5.319148936170213,5,143.76,718.8,1
p0_st5_20_bearish_sr350_lr750_buf0_tg1030,NASDAQ_ORB_15m_p0_short_switch_tp2r_p0_st5_20_bearish_sr350_lr750_buf0_tg1030_2021-02-19,2021-02-19,1,SHORT,15,09:45,2.0,2021-02-19 14:49:00+00:00,2021-02-19 14:50:00+00:00,2021-02-19 20:00:00+00:00,19,TIME_EXIT,13700.75,13648.0,52.75,13645.0,13590.25,13700.75,55.75,111.5,350.0,3.1390134529147984,3,108.26,324.78000000000003,1
p0_st5_20_bearish_sr350_lr750_buf0_tg1030,NASDAQ_ORB_15m_p0_short_switch_tp2r_p0_st5_20_bearish_sr350_lr750_buf0_tg1030_2021-02-22,2021-02-22,1,LONG,15,09:45,2.0,2021-02-22 14:49:00+00:00,2021-02-22 14:50:00+00:00,2021-02-22 20:00:00+00:00,19,TIME_EXIT,13424.5,13358.5,66.0,13425.5,13330.75,13358.5,67.0,134.0,500.0,3.7313432835820897,3,-190.74,-572.22,0
p0_st5_20_bearish_sr350_lr750_buf0_tg1030,NASDAQ_ORB_15m_p0_short_switch_tp2r_p0_st5_20_bearish_sr350_lr750_buf0_tg1030_2021-02-24,2021-02-24,1,SHORT,15,09:45,2.0,2021-02-24 15:03:00+00:00,2021-02-24 15:04:00+00:00,2021-02-24 16:08:00+00:00,33,SWITCH_TO_LONG,13120.25,13001.75,118.5,13001.0,13121.5,13120.25,119.25,238.5,350.0,1.4675052410901468,1,-242.24,-242.24,0
p0_st5_20_bearish_sr350_lr750_buf0_tg1030,NASDAQ_ORB_15m_p0_short_switch_tp2r_p0_st5_20_bearish_sr350_lr750_buf0_tg1030_2021-02-24,2021-02-24,2,LONG,15,09:45,2.0,2021-02-24 16:07:00+00:00,2021-02-24 16:08:00+00:00,2021-02-24 20:00:00+00:00,97,TIME_EXIT,13120.25,13001.75,118.5,13121.5,13234.5,13001.75,119.75,239.5,750.0,3.1315240083507305,3,224.76,674.28,1
p0_st5_20_bearish_sr350_lr750_buf0_tg1030,NASDAQ_ORB_15m_p0_short_switch_tp2r_p0_st5_20_bearish_sr350_lr750_buf0_tg1030_2021-02-25,2021-02-25,1,SHORT,15,09:45,2.0,2021-02-25 15:05:00+00:00,2021-02-25 15:06:00+00:00,2021-02-25 17:31:00+00:00,35,TP_2R,13290.0,13178.75,111.25,13170.75,12932.5,13290.0,119.25,238.5,350.0,1.4675052410901468,1,475.26,475.26,1
p0_st5_20_bearish_sr350_lr750_buf0_tg1030,NASDAQ_ORB_15m_p0_short_switch_tp2r_p0_st5_20_bearish_sr350_lr750_buf0_tg1030_2021-03-01,2021-03-01,1,LONG,15,09:45,2.0,2021-03-01 15:18:00+00:00,2021-03-01 15:19:00+00:00,2021-03-01 19:52:00+00:00,48,TP_2R,13115.75,13040.25,75.5,13118.25,13274.0,13040.25,78.0,156.0,500.0,3.2051282051282053,3,310.26,930.78,1
p0_st5_20_bearish_sr350_lr750_buf0_tg1030,NASDAQ_ORB_15m_p0_short_switch_tp2r_p0_st5_20_bearish_sr350_lr750_buf0_tg1030_2021-03-02,2021-03-02,1,SHORT,15,09:45,2.0,2021-03-02 14:49:00+00:00,2021-03-02 14:50:00+00:00,2021-03-02 20:00:00+00:00,19,TIME_EXIT,13303.25,13207.5,95.75,13205.25,13166.5,13303.25,98.0,196.0,350.0,1.7857142857142858,1,76.26,76.26,1
p0_st5_20_bearish_sr350_lr750_buf0_tg1030,NASDAQ_ORB_15m_p0_short_switch_tp2r_p0_st5_20_bearish_sr350_lr750_buf0_tg1030_2021-03-03,2021-03-03,1,SHORT,15,09:45,2.0,2021-03-03 14:59:00+00:00,2021-03-03 15:00:00+00:00,2021-03-03 20:00:00+00:00,29,TIME_EXIT,13052.0,12929.25,122.75,12908.0,12762.0,13052.0,144.0,288.0,350.0,1.2152777777777777,1,290.76,290.76,1
p0_st5_20_bearish_sr350_lr750_buf0_tg1030,NASDAQ_ORB_15m_p0_short_switch_tp2r_p0_st5_20_bearish_sr350_lr750_buf0_tg1030_2021-03-04,2021-03-04,1,SHORT,15,09:45,2.0,2021-03-04 14:50:00+00:00,2021-03-04 14:51:00+00:00,2021-03-04 16:42:00+00:00,20,SWITCH_TO_LONG,12765.0,12649.5,115.5,12614.25,12778.25,12765.0,150.75,301.5,350.0,1.1608623548922057,1,-329.24,-329.24,0
p0_st5_20_bearish_sr350_lr750_buf0_tg1030,NASDAQ_ORB_15m_p0_short_switch_tp2r_p0_st5_20_bearish_sr350_lr750_buf0_tg1030_2021-03-04,2021-03-04,2,LONG,15,09:45,2.0,2021-03-04 16:41:00+00:00,2021-03-04 16:42:00+00:00,2021-03-04 20:00:00+00:00,131,TIME_EXIT,12765.0,12649.5,115.5,12778.25,12511.0,12649.5,128.75,257.5,750.0,2.912621359223301,2,-535.74,-1071.48,0
p0_st5_20_bearish_sr350_lr750_buf0_tg1030,NASDAQ_ORB_15m_p0_short_switch_tp2r_p0_st5_20_bearish_sr350_lr750_buf0_tg1030_2021-03-05,2021-03-05,1,SHORT,15,09:45,2.0,2021-03-05 14:50:00+00:00,2021-03-05 14:51:00+00:00,2021-03-05 18:39:00+00:00,20,SWITCH_TO_LONG,12606.0,12446.25,159.75,12440.25,12609.0,12606.0,165.75,331.5,350.0,1.0558069381598794,1,-338.74,-338.74,0
p0_st5_20_bearish_sr350_lr750_buf0_tg1030,NASDAQ_ORB_15m_p0_short_switch_tp2r_p0_st5_20_bearish_sr350_lr750_buf0_tg1030_2021-03-05,2021-03-05,2,LONG,15,09:45,2.0,2021-03-05 18:38:00+00:00,2021-03-05 18:39:00+00:00,2021-03-05 20:00:00+00:00,248,TIME_EXIT,12606.0,12446.25,159.75,12609.0,12667.5,12446.25,162.75,325.5,750.0,2.304147465437788,2,115.76,231.52,1
p0_st5_20_bearish_sr350_lr750_buf0_tg1030,NASDAQ_ORB_15m_p0_short_switch_tp2r_p0_st5_20_bearish_sr350_lr750_buf0_tg1030_2021-03-08,2021-03-08,1,LONG,15,09:45,2.0,2021-03-08 14:47:00+00:00,2021-03-08 14:48:00+00:00,2021-03-08 20:00:00+00:00,17,TIME_EXIT,12686.0,12526.5,159.5,12690.5,12420.75,12526.5,164.0,328.0,500.0,1.524390243902439,1,-540.74,-540.74,0
p0_st5_20_bearish_sr350_lr750_buf0_tg1030,NASDAQ_ORB_15m_p0_short_switch_tp2r_p0_st5_20_bearish_sr350_lr750_buf0_tg1030_2021-03-09,2021-03-09,1,LONG,15,09:45,2.0,2021-03-09 14:50:00+00:00,2021-03-09 14:51:00+00:00,2021-03-09 18:03:00+00:00,20,TP_2R,12652.25,12587.0,65.25,12658.5,12801.25,12587.0,71.5,143.0,500.0,3.4965034965034967,3,284.26,852.78,1
p0_st5_20_bearish_sr350_lr750_buf0_tg1030,NASDAQ_ORB_15m_p0_short_switch_tp2r_p0_st5_20_bearish_sr350_lr750_buf0_tg1030_2021-03-10,2021-03-10,1,LONG,15,09:45,2.0,2021-03-10 14:51:00+00:00,2021-03-10 14:52:00+00:00,2021-03-10 20:00:00+00:00,21,TIME_EXIT,12969.25,12870.25,99.0,12970.25,12815.0,12870.25,100.0,200.0,500.0,2.5,2,-311.74,-623.48,0
p0_st5_20_bearish_sr350_lr750_buf0_tg1030,NASDAQ_ORB_15m_p0_short_switch_tp2r_p0_st5_20_bearish_sr350_lr750_buf0_tg1030_2021-03-11,2021-03-11,1,SHORT,15,09:45,2.0,2021-03-11 15:19:00+00:00,2021-03-11 15:20:00+00:00,2021-03-11 15:51:00+00:00,49,SWITCH_TO_LONG,13006.75,12931.75,75.0,12922.0,13009.5,13006.75,84.75,169.5,350.0,2.0648967551622417,2,-176.24,-352.48,0
p0_st5_20_bearish_sr350_lr750_buf0_tg1030,NASDAQ_ORB_15m_p0_short_switch_tp2r_p0_st5_20_bearish_sr350_lr750_buf0_tg1030_2021-03-11,2021-03-11,2,LONG,15,09:45,2.0,2021-03-11 15:50:00+00:00,2021-03-11 15:51:00+00:00,2021-03-11 20:00:00+00:00,80,TIME_EXIT,13006.75,12931.75,75.0,13009.5,13061.75,12931.75,77.75,155.5,750.0,4.823151125401929,4,103.26,413.04,1
p0_st5_20_bearish_sr350_lr750_buf0_tg1030,NASDAQ_ORB_15m_p0_short_switch_tp2r_p0_st5_20_bearish_sr350_lr750_buf0_tg1030_2021-03-12,2021-03-12,1,LONG,15,09:45,2.0,2021-03-12 14:51:00+00:00,2021-03-12 14:52:00+00:00,2021-03-12 20:00:00+00:00,21,TIME_EXIT,12865.25,12789.75,75.5,12859.75,12900.0,12789.75,70.0,140.0,500.0,3.5714285714285716,3,79.26,237.78000000000003,1
p0_st5_20_bearish_sr350_lr750_buf0_tg1030,NASDAQ_ORB_15m_p0_short_switch_tp2r_p0_st5_20_bearish_sr350_lr750_buf0_tg1030_2021-03-15,2021-03-15,1,LONG,15,09:45,2.0,2021-03-15 13:53:00+00:00,2021-03-15 13:54:00+00:00,2021-03-15 19:00:00+00:00,23,TIME_EXIT,12941.5,12887.5,54.0,12956.75,13019.5,12887.5,69.25,138.5,500.0,3.6101083032490973,3,124.26,372.78000000000003,1
p0_st5_20_bearish_sr350_lr750_buf0_tg1030,NASDAQ_ORB_15m_p0_short_switch_tp2r_p0_st5_20_bearish_sr350_lr750_buf0_tg1030_2021-03-16,2021-03-16,1,LONG,15,09:45,2.0,2021-03-16 13:46:00+00:00,2021-03-16 13:47:00+00:00,2021-03-16 19:00:00+00:00,16,TIME_EXIT,13190.0,13132.25,57.75,13201.5,13123.75,13132.25,69.25,138.5,500.0,3.6101083032490973,3,-156.74,-470.22,0
p0_st5_20_bearish_sr350_lr750_buf0_tg1030,NASDAQ_ORB_15m_p0_short_switch_tp2r_p0_st5_20_bearish_sr350_lr750_buf0_tg1030_2021-03-17,2021-03-17,1,LONG,15,09:45,2.0,2021-03-17 13:50:00+00:00,2021-03-17 13:51:00+00:00,2021-03-17 18:44:00+00:00,20,TP_2R,13015.75,12934.25,81.5,13019.0,13188.25,12934.25,84.75,169.5,500.0,2.949852507374631,2,337.26,674.52,1
p0_st5_20_bearish_sr350_lr750_buf0_tg1030,NASDAQ_ORB_15m_p0_short_switch_tp2r_p0_st5_20_bearish_sr350_lr750_buf0_tg1030_2021-03-18,2021-03-18,1,SHORT,15,09:45,2.0,2021-03-18 13:46:00+00:00,2021-03-18 13:47:00+00:00,2021-03-18 19:00:00+00:00,16,TIME_EXIT,13022.0,12963.75,58.25,12948.25,12845.5,13022.0,73.75,147.5,350.0,2.3728813559322033,2,204.26,408.52,1
p0_st5_20_bearish_sr350_lr750_buf0_tg1030,NASDAQ_ORB_15m_p0_short_switch_tp2r_p0_st5_20_bearish_sr350_lr750_buf0_tg1030_2021-03-19,2021-03-19,1,SHORT,15,09:45,2.0,2021-03-19 14:05:00+00:00,2021-03-19 14:06:00+00:00,2021-03-19 14:54:00+00:00,35,SWITCH_TO_LONG,12837.0,12725.0,112.0,12709.75,12838.75,12837.0,127.25,254.5,350.0,1.37524557956778,1,-259.24,-259.24,0
p0_st5_20_bearish_sr350_lr750_buf0_tg1030,NASDAQ_ORB_15m_p0_short_switch_tp2r_p0_st5_20_bearish_sr350_lr750_buf0_tg1030_2021-03-19,2021-03-19,2,LONG,15,09:45,2.0,2021-03-19 14:53:00+00:00,2021-03-19 14:54:00+00:00,2021-03-19 19:00:00+00:00,83,TIME_EXIT,12837.0,12725.0,112.0,12838.75,12877.0,12725.0,113.75,227.5,750.0,3.2967032967032965,3,75.26,225.78000000000003,1
p0_st5_20_bearish_sr350_lr750_buf0_tg1030,NASDAQ_ORB_15m_p0_short_switch_tp2r_p0_st5_20_bearish_sr350_lr750_buf0_tg1030_2021-03-22,2021-03-22,1,LONG,15,09:45,2.0,2021-03-22 13:53:00+00:00,2021-03-22 13:54:00+00:00,2021-03-22 16:44:00+00:00,23,TP_2R,12992.5,12927.75,64.75,12999.0,13141.25,12927.75,71.25,142.5,500.0,3.508771929824561,3,283.26,849.78,1
p0_st5_20_bearish_sr350_lr750_buf0_tg1030,NASDAQ_ORB_15m_p0_short_switch_tp2r_p0_st5_20_bearish_sr350_lr750_buf0_tg1030_2021-03-23,2021-03-23,1,SHORT,15,09:45,2.0,2021-03-23 13:55:00+00:00,2021-03-23 13:56:00+00:00,2021-03-23 14:12:00+00:00,25,SWITCH_TO_LONG,13119.5,13066.75,52.75,13066.25,13126.25,13119.5,53.25,106.5,350.0,3.2863849765258215,3,-121.24,-363.71999999999997,0
p0_st5_20_bearish_sr350_lr750_buf0_tg1030,NASDAQ_ORB_15m_p0_short_switch_tp2r_p0_st5_20_bearish_sr350_lr750_buf0_tg1030_2021-03-23,2021-03-23,2,LONG,15,09:45,2.0,2021-03-23 14:11:00+00:00,2021-03-23 14:12:00+00:00,2021-03-23 19:00:00+00:00,41,TIME_EXIT,13119.5,13066.75,52.75,13126.25,13042.75,13066.75,59.5,119.0,750.0,6.302521008403361,6,-168.24,-1009.44,0
p0_st5_20_bearish_sr350_lr750_buf0_tg1030,NASDAQ_ORB_15m_p0_short_switch_tp2r_p0_st5_20_bearish_sr350_lr750_buf0_tg1030_2021-03-24,2021-03-24,1,SHORT,15,09:45,2.0,2021-03-24 13:49:00+00:00,2021-03-24 13:50:00+00:00,2021-03-24 19:00:00+00:00,19,TIME_EXIT,13072.5,12988.5,84.0,12987.0,12868.25,13072.5,85.5,171.0,350.0,2.046783625730994,2,236.26,472.52,1
p0_st5_20_bearish_sr350_lr750_buf0_tg1030,NASDAQ_ORB_15m_p0_short_switch_tp2r_p0_st5_20_bearish_sr350_lr750_buf0_tg1030_2021-03-25,2021-03-25,1,LONG,15,09:45,2.0,2021-03-25 14:02:00+00:00,2021-03-25 14:03:00+00:00,2021-03-25 19:00:00+00:00,32,TIME_EXIT,12803.0,12688.25,114.75,12805.25,12778.25,12688.25,117.0,234.0,500.0,2.1367521367521367,2,-55.24,-110.48,0
p0_st5_20_bearish_sr350_lr750_buf0_tg1030,NASDAQ_ORB_15m_p0_short_switch_tp2r_p0_st5_20_bearish_sr350_lr750_buf0_tg1030_2021-03-26,2021-03-26,1,LONG,15,09:45,2.0,2021-03-26 13:48:00+00:00,2021-03-26 13:49:00+00:00,2021-03-26 19:00:00+00:00,18,TIME_EXIT,12820.75,12754.0,66.75,12822.75,12790.5,12754.0,68.75,137.5,500.0,3.6363636363636362,3,-65.74,-197.21999999999997,0
p0_st5_20_bearish_sr350_lr750_buf0_tg1030,NASDAQ_ORB_15m_p0_short_switch_tp2r_p0_st5_20_bearish_sr350_lr750_buf0_tg1030_2021-03-29,2021-03-29,1,SHORT,15,09:45,2.0,2021-03-29 13:55:00+00:00,2021-03-29 13:56:00+00:00,2021-03-29 17:04:00+00:00,25,SWITCH_TO_LONG,12977.5,12915.5,62.0,12894.0,12981.75,12977.5,83.5,167.0,350.0,2.095808383233533,2,-176.74,-353.48,0
p0_st5_20_bearish_sr350_lr750_buf0_tg1030,NASDAQ_ORB_15m_p0_short_switch_tp2r_p0_st5_20_bearish_sr350_lr750_buf0_tg1030_2021-03-29,2021-03-29,2,LONG,15,09:45,2.0,2021-03-29 17:03:00+00:00,2021-03-29 17:04:00+00:00,2021-03-29 19:00:00+00:00,213,TIME_EXIT,12977.5,12915.5,62.0,12981.75,12904.25,12915.5,66.25,132.5,750.0,5.660377358490566,5,-156.24,-781.2,0
p0_st5_20_bearish_sr350_lr750_buf0_tg1030,NASDAQ_ORB_15m_p0_short_switch_tp2r_p0_st5_20_bearish_sr350_lr750_buf0_tg1030_2021-03-30,2021-03-30,1,SHORT,15,09:45,2.0,2021-03-30 13:51:00+00:00,2021-03-30 13:52:00+00:00,2021-03-30 15:34:00+00:00,21,SWITCH_TO_LONG,12888.0,12813.75,74.25,12810.75,12903.25,12888.0,77.25,154.5,350.0,2.26537216828479,2,-186.24,-372.48,0
p0_st5_20_bearish_sr350_lr750_buf0_tg1030,NASDAQ_ORB_15m_p0_short_switch_tp2r_p0_st5_20_bearish_sr350_lr750_buf0_tg1030_2021-03-30,2021-03-30,2,LONG,15,09:45,2.0,2021-03-30 15:33:00+00:00,2021-03-30 15:34:00+00:00,2021-03-30 19:00:00+00:00,123,TIME_EXIT,12888.0,12813.75,74.25,12903.25,12893.5,12813.75,89.5,179.0,750.0,4.189944134078212,4,-20.74,-82.96,0
p0_st5_20_bearish_sr350_lr750_buf0_tg1030,NASDAQ_ORB_15m_p0_short_switch_tp2r_p0_st5_20_bearish_sr350_lr750_buf0_tg1030_2021-03-31,2021-03-31,1,LONG,15,09:45,2.0,2021-03-31 13:49:00+00:00,2021-03-31 13:50:00+00:00,2021-03-31 19:00:00+00:00,19,TIME_EXIT,13015.5,12953.0,62.5,13028.0,13118.0,12953.0,75.0,150.0,500.0,3.3333333333333335,3,178.76,536.28,1
p0_st5_20_bearish_sr350_lr750_buf0_tg1030,NASDAQ_ORB_15m_p0_short_switch_tp2r_p0_st5_20_bearish_sr350_lr750_buf0_tg1030_2021-04-01,2021-04-01,1,LONG,15,09:45,2.0,2021-04-01 14:09:00+00:00,2021-04-01 14:10:00+00:00,2021-04-01 19:00:00+00:00,39,TIME_EXIT,13294.0,13241.5,52.5,13296.0,13301.75,13241.5,54.5,109.0,500.0,4.587155963302752,4,10.26,41.04,1
p0_st5_20_bearish_sr350_lr750_buf0_tg1030,NASDAQ_ORB_15m_p0_short_switch_tp2r_p0_st5_20_bearish_sr350_lr750_buf0_tg1030_2021-04-05,2021-04-05,1,LONG,15,09:45,2.0,2021-04-05 13:46:00+00:00,2021-04-05 13:47:00+00:00,2021-04-05 15:37:00+00:00,16,TP_2R,13446.0,13409.25,36.75,13456.0,13549.25,13409.25,46.75,93.5,500.0,5.347593582887701,5,185.26,926.3,1
p0_st5_20_bearish_sr350_lr750_buf0_tg1030,NASDAQ_ORB_15m_p0_short_switch_tp2r_p0_st5_20_bearish_sr350_lr750_buf0_tg1030_2021-04-06,2021-04-06,1,LONG,15,09:45,2.0,2021-04-06 13:55:00+00:00,2021-04-06 13:56:00+00:00,2021-04-06 19:00:00+00:00,25,TIME_EXIT,13586.0,13538.75,47.25,13590.25,13605.75,13538.75,51.5,103.0,500.0,4.854368932038835,4,29.76,119.04,1
p0_st5_20_bearish_sr350_lr750_buf0_tg1030,NASDAQ_ORB_15m_p0_short_switch_tp2r_p0_st5_20_bearish_sr350_lr750_buf0_tg1030_2021-04-07,2021-04-07,1,LONG,15,09:45,2.0,2021-04-07 13:46:00+00:00,2021-04-07 13:47:00+00:00,2021-04-07 19:00:00+00:00,16,TIME_EXIT,13560.5,13513.0,47.5,13563.25,13616.75,13513.0,50.25,100.5,500.0,4.975124378109452,4,105.76,423.04,1
p0_st5_20_bearish_sr350_lr750_buf0_tg1030,NASDAQ_ORB_15m_p0_short_switch_tp2r_p0_st5_20_bearish_sr350_lr750_buf0_tg1030_2021-04-08,2021-04-08,1,LONG,15,09:45,2.0,2021-04-08 13:58:00+00:00,2021-04-08 13:59:00+00:00,2021-04-08 19:00:00+00:00,28,TIME_EXIT,13746.75,13711.25,35.5,13748.0,13734.5,13711.25,36.75,73.5,500.0,6.802721088435374,6,-28.24,-169.44,0
p0_st5_20_bearish_sr350_lr750_buf0_tg1030,NASDAQ_ORB_15m_p0_short_switch_tp2r_p0_st5_20_bearish_sr350_lr750_buf0_tg1030_2021-04-09,2021-04-09,1,LONG,15,09:45,2.0,2021-04-09 13:49:00+00:00,2021-04-09 13:50:00+00:00,2021-04-09 19:00:00+00:00,19,TIME_EXIT,13703.0,13658.25,44.75,13703.75,13771.75,13658.25,45.5,91.0,500.0,5.4945054945054945,5,134.76,673.8,1
p0_st5_20_bearish_sr350_lr750_buf0_tg1030,NASDAQ_ORB_15m_p0_short_switch_tp2r_p0_st5_20_bearish_sr350_lr750_buf0_tg1030_2021-04-12,2021-04-12,1,SHORT,15,09:45,2.0,2021-04-12 13:49:00+00:00,2021-04-12 13:50:00+00:00,2021-04-12 16:36:00+00:00,19,SWITCH_TO_LONG,13809.5,13776.5,33.0,13774.0,13814.0,13809.5,35.5,71.0,350.0,4.929577464788732,4,-81.24,-324.96,0
p0_st5_20_bearish_sr350_lr750_buf0_tg1030,NASDAQ_ORB_15m_p0_short_switch_tp2r_p0_st5_20_bearish_sr350_lr750_buf0_tg1030_2021-04-12,2021-04-12,2,LONG,15,09:45,2.0,2021-04-12 16:35:00+00:00,2021-04-12 16:36:00+00:00,2021-04-12 19:00:00+00:00,185,TIME_EXIT,13809.5,13776.5,33.0,13814.0,13782.75,13776.5,37.5,75.0,750.0,10.0,10,-63.74,-637.4,0
p0_st5_20_bearish_sr350_lr750_buf0_tg1030,NASDAQ_ORB_15m_p0_short_switch_tp2r_p0_st5_20_bearish_sr350_lr750_buf0_tg1030_2021-04-13,2021-04-13,1,LONG,15,09:45,2.0,2021-04-13 13:54:00+00:00,2021-04-13 13:55:00+00:00,2021-04-13 19:00:00+00:00,24,TIME_EXIT,13939.0,13866.5,72.5,13942.5,13969.25,13866.5,76.0,152.0,500.0,3.289473684210526,3,52.26,156.78,1
p0_st5_20_bearish_sr350_lr750_buf0_tg1030,NASDAQ_ORB_15m_p0_short_switch_tp2r_p0_st5_20_bearish_sr350_lr750_buf0_tg1030_2021-04-14,2021-04-14,1,SHORT,15,09:45,2.0,2021-04-14 14:24:00+00:00,2021-04-14 14:25:00+00:00,2021-04-14 18:00:00+00:00,54,TP_2R,13988.5,13943.25,45.25,13939.25,13841.0,13988.5,49.25,98.5,350.0,3.553299492385787,3,195.26,585.78,1
p0_st5_20_bearish_sr350_lr750_buf0_tg1030,NASDAQ_ORB_15m_p0_short_switch_tp2r_p0_st5_20_bearish_sr350_lr750_buf0_tg1030_2021-04-15,2021-04-15,1,LONG,15,09:45,2.0,2021-04-15 14:28:00+00:00,2021-04-15 14:29:00+00:00,2021-04-15 19:00:00+00:00,58,TIME_EXIT,13977.75,13923.25,54.5,13982.0,14001.25,13923.25,58.75,117.5,500.0,4.25531914893617,4,37.26,149.04,1
p0_st5_20_bearish_sr350_lr750_buf0_tg1030,NASDAQ_ORB_15m_p0_short_switch_tp2r_p0_st5_20_bearish_sr350_lr750_buf0_tg1030_2021-04-16,2021-04-16,1,SHORT,15,09:45,2.0,2021-04-16 13:53:00+00:00,2021-04-16 13:54:00+00:00,2021-04-16 19:00:00+00:00,23,TIME_EXIT,14039.0,13973.25,65.75,13971.75,14030.25,14039.0,67.25,134.5,350.0,2.6022304832713754,2,-118.24,-236.48,0
p0_st5_20_bearish_sr350_lr750_buf0_tg1030,NASDAQ_ORB_15m_p0_short_switch_tp2r_p0_st5_20_bearish_sr350_lr750_buf0_tg1030_2021-04-19,2021-04-19,1,SHORT,15,09:45,2.0,2021-04-19 14:10:00+00:00,2021-04-19 14:11:00+00:00,2021-04-19 19:00:00+00:00,40,TIME_EXIT,14013.25,13950.75,62.5,13923.75,13886.0,14013.25,89.5,179.0,350.0,1.9553072625698324,1,74.26,74.26,1
p0_st5_20_bearish_sr350_lr750_buf0_tg1030,NASDAQ_ORB_15m_p0_short_switch_tp2r_p0_st5_20_bearish_sr350_lr750_buf0_tg1030_2021-04-20,2021-04-20,1,LONG,15,09:45,2.0,2021-04-20 13:46:00+00:00,2021-04-20 13:47:00+00:00,2021-04-20 19:00:00+00:00,16,TIME_EXIT,13906.0,13852.0,54.0,13913.5,13743.5,13852.0,61.5,123.0,500.0,4.065040650406504,4,-341.24,-1364.96,0
p0_st5_20_bearish_sr350_lr750_buf0_tg1030,NASDAQ_ORB_15m_p0_short_switch_tp2r_p0_st5_20_bearish_sr350_lr750_buf0_tg1030_2021-04-21,2021-04-21,1,LONG,15,09:45,2.0,2021-04-21 13:49:00+00:00,2021-04-21 13:50:00+00:00,2021-04-21 19:00:00+00:00,19,TIME_EXIT,13763.75,13700.25,63.5,13778.5,13855.25,13700.25,78.25,156.5,500.0,3.194888178913738,3,152.26,456.78,1
p0_st5_20_bearish_sr350_lr750_buf0_tg1030,NASDAQ_ORB_15m_p0_short_switch_tp2r_p0_st5_20_bearish_sr350_lr750_buf0_tg1030_2021-04-22,2021-04-22,1,SHORT,15,09:45,2.0,2021-04-22 13:49:00+00:00,2021-04-22 13:50:00+00:00,2021-04-22 14:32:00+00:00,19,SWITCH_TO_LONG,13912.0,13871.25,40.75,13865.5,13918.75,13912.0,46.5,93.0,350.0,3.763440860215054,3,-107.74,-323.21999999999997,0
p0_st5_20_bearish_sr350_lr750_buf0_tg1030,NASDAQ_ORB_15m_p0_short_switch_tp2r_p0_st5_20_bearish_sr350_lr750_buf0_tg1030_2021-04-22,2021-04-22,2,LONG,15,09:45,2.0,2021-04-22 14:31:00+00:00,2021-04-22 14:32:00+00:00,2021-04-22 19:00:00+00:00,61,TIME_EXIT,13912.0,13871.25,40.75,13918.75,13761.5,13871.25,47.5,95.0,750.0,7.894736842105263,7,-315.74,-2210.1800000000003,0
p0_st5_20_bearish_sr350_lr750_buf0_tg1030,NASDAQ_ORB_15m_p0_short_switch_tp2r_p0_st5_20_bearish_sr350_lr750_buf0_tg1030_2021-04-23,2021-04-23,1,LONG,15,09:45,2.0,2021-04-23 13:52:00+00:00,2021-04-23 13:53:00+00:00,2021-04-23 15:40:00+00:00,22,TP_2R,13822.0,13775.75,46.25,13824.25,13921.0,13775.75,48.5,97.0,500.0,5.154639175257732,5,192.26,961.3,1
p0_st5_20_bearish_sr350_lr750_buf0_tg1030,NASDAQ_ORB_15m_p0_short_switch_tp2r_p0_st5_20_bearish_sr350_lr750_buf0_tg1030_2021-04-26,2021-04-26,1,LONG,15,09:45,2.0,2021-04-26 14:07:00+00:00,2021-04-26 14:08:00+00:00,2021-04-26 18:59:00+00:00,37,TP_2R,13950.75,13919.0,31.75,13953.25,14021.5,13919.0,34.25,68.5,500.0,7.299270072992701,7,135.26,946.8199999999999,1
p0_st5_20_bearish_sr350_lr750_buf0_tg1030,NASDAQ_ORB_15m_p0_short_switch_tp2r_p0_st5_20_bearish_sr350_lr750_buf0_tg1030_2021-04-27,2021-04-27,1,SHORT,15,09:45,2.0,2021-04-27 13:46:00+00:00,2021-04-27 13:47:00+00:00,2021-04-27 19:00:00+00:00,16,TIME_EXIT,14034.75,13987.25,47.5,13985.75,13958.75,14034.75,49.0,98.0,350.0,3.5714285714285716,3,52.76,158.28,1
p0_st5_20_bearish_sr350_lr750_buf0_tg1030,NASDAQ_ORB_15m_p0_short_switch_tp2r_p0_st5_20_bearish_sr350_lr750_buf0_tg1030_2021-04-28,2021-04-28,1,LONG,15,09:45,2.0,2021-04-28 13:50:00+00:00,2021-04-28 13:51:00+00:00,2021-04-28 19:00:00+00:00,20,TIME_EXIT,13943.0,13885.5,57.5,13944.75,13953.0,13885.5,59.25,118.5,500.0,4.219409282700422,4,15.26,61.04,1
p0_st5_20_bearish_sr350_lr750_buf0_tg1030,NASDAQ_ORB_15m_p0_short_switch_tp2r_p0_st5_20_bearish_sr350_lr750_buf0_tg1030_2021-04-29,2021-04-29,1,SHORT,15,09:45,2.0,2021-04-29 13:47:00+00:00,2021-04-29 13:48:00+00:00,2021-04-29 14:36:00+00:00,17,TP_2R,14061.0,14011.5,49.5,14010.5,13909.75,14061.0,50.5,101.0,350.0,3.4653465346534653,3,200.26,600.78,1
p0_st5_20_bearish_sr350_lr750_buf0_tg1030,NASDAQ_ORB_15m_p0_short_switch_tp2r_p0_st5_20_bearish_sr350_lr750_buf0_tg1030_2021-04-30,2021-04-30,1,LONG,15,09:45,2.0,2021-04-30 13:58:00+00:00,2021-04-30 13:59:00+00:00,2021-04-30 19:00:00+00:00,28,TIME_EXIT,13892.75,13840.25,52.5,13894.5,13856.0,13840.25,54.25,108.5,500.0,4.608294930875576,4,-78.24,-312.96,0
p0_st5_20_bearish_sr350_lr750_buf0_tg1030,NASDAQ_ORB_15m_p0_short_switch_tp2r_p0_st5_20_bearish_sr350_lr750_buf0_tg1030_2021-05-03,2021-05-03,1,LONG,15,09:45,2.0,2021-05-03 14:08:00+00:00,2021-05-03 14:09:00+00:00,2021-05-03 19:00:00+00:00,38,TIME_EXIT,13916.25,13854.75,61.5,13924.75,13813.0,13854.75,70.0,140.0,500.0,3.5714285714285716,3,-224.74,-674.22,0
p0_st5_20_bearish_sr350_lr750_buf0_tg1030,NASDAQ_ORB_15m_p0_short_switch_tp2r_p0_st5_20_bearish_sr350_lr750_buf0_tg1030_2021-05-04,2021-05-04,1,SHORT,15,09:45,2.0,2021-05-04 13:46:00+00:00,2021-05-04 13:47:00+00:00,2021-05-04 19:00:00+00:00,16,TIME_EXIT,13696.5,13594.0,102.5,13591.0,13479.25,13696.5,105.5,211.0,350.0,1.6587677725118484,1,222.26,222.26,1
p0_st5_20_bearish_sr350_lr750_buf0_tg1030,NASDAQ_ORB_15m_p0_short_switch_tp2r_p0_st5_20_bearish_sr350_lr750_buf0_tg1030_2021-05-05,2021-05-05,1,SHORT,15,09:45,2.0,2021-05-05 13:58:00+00:00,2021-05-05 13:59:00+00:00,2021-05-05 19:00:00+00:00,28,TIME_EXIT,13665.5,13604.25,61.25,13603.0,13543.25,13665.5,62.5,125.0,350.0,2.8,2,118.26,236.52,1
p0_st5_20_bearish_sr350_lr750_buf0_tg1030,NASDAQ_ORB_15m_p0_short_switch_tp2r_p0_st5_20_bearish_sr350_lr750_buf0_tg1030_2021-05-06,2021-05-06,1,SHORT,15,09:45,2.0,2021-05-06 14:02:00+00:00,2021-05-06 14:03:00+00:00,2021-05-06 15:36:00+00:00,32,SWITCH_TO_LONG,13509.0,13424.25,84.75,13417.0,13523.75,13509.0,92.0,184.0,350.0,1.9021739130434783,1,-214.74,-214.74,0
p0_st5_20_bearish_sr350_lr750_buf0_tg1030,NASDAQ_ORB_15m_p0_short_switch_tp2r_p0_st5_20_bearish_sr350_lr750_buf0_tg1030_2021-05-06,2021-05-06,2,LONG,15,09:45,2.0,2021-05-06 15:35:00+00:00,2021-05-06 15:36:00+00:00,2021-05-06 19:00:00+00:00,125,TIME_EXIT,13509.0,13424.25,84.75,13523.75,13486.0,13424.25,99.5,199.0,750.0,3.7688442211055277,3,-76.74,-230.21999999999997,0
p0_st5_20_bearish_sr350_lr750_buf0_tg1030,NASDAQ_ORB_15m_p0_short_switch_tp2r_p0_st5_20_bearish_sr350_lr750_buf0_tg1030_2021-05-07,2021-05-07,1,LONG,15,09:45,2.0,2021-05-07 13:50:00+00:00,2021-05-07 13:51:00+00:00,2021-05-07 19:00:00+00:00,20,TIME_EXIT,13740.5,13661.75,78.75,13746.75,13719.25,13661.75,85.0,170.0,500.0,2.9411764705882355,2,-56.24,-112.48,0
p0_st5_20_bearish_sr350_lr750_buf0_tg1030,NASDAQ_ORB_15m_p0_short_switch_tp2r_p0_st5_20_bearish_sr350_lr750_buf0_tg1030_2021-05-10,2021-05-10,1,SHORT,15,09:45,2.0,2021-05-10 13:54:00+00:00,2021-05-10 13:55:00+00:00,2021-05-10 19:00:00+00:00,24,TIME_EXIT,13657.75,13536.0,121.75,13525.5,13384.25,13657.75,132.25,264.5,350.0,1.3232514177693762,1,281.26,281.26,1
p0_st5_20_bearish_sr350_lr750_buf0_tg1030,NASDAQ_ORB_15m_p0_short_switch_tp2r_p0_st5_20_bearish_sr350_lr750_buf0_tg1030_2021-05-11,2021-05-11,1,LONG,15,09:45,2.0,2021-05-11 13:53:00+00:00,2021-05-11 13:54:00+00:00,2021-05-11 19:00:00+00:00,23,TIME_EXIT,13227.0,13083.75,143.25,13236.25,13330.25,13083.75,152.5,305.0,500.0,1.639344262295082,1,186.76,186.76,1
p0_st5_20_bearish_sr350_lr750_buf0_tg1030,NASDAQ_ORB_15m_p0_short_switch_tp2r_p0_st5_20_bearish_sr350_lr750_buf0_tg1030_2021-05-12,2021-05-12,1,LONG,15,09:45,2.0,2021-05-12 13:49:00+00:00,2021-05-12 13:50:00+00:00,2021-05-12 19:00:00+00:00,19,TIME_EXIT,13217.75,13120.5,97.25,13224.0,13035.25,13120.5,103.5,207.0,500.0,2.4154589371980677,2,-378.74,-757.48,0
p0_st5_20_bearish_sr350_lr750_buf0_tg1030,NASDAQ_ORB_15m_p0_short_switch_tp2r_p0_st5_20_bearish_sr350_lr750_buf0_tg1030_2021-05-13,2021-05-13,1,LONG,15,09:45,2.0,2021-05-13 14:01:00+00:00,2021-05-13 14:02:00+00:00,2021-05-13 19:00:00+00:00,31,TIME_EXIT,13168.75,13110.25,58.5,13178.75,13124.0,13110.25,68.5,137.0,500.0,3.6496350364963503,3,-110.74,-332.21999999999997,0
p0_st5_20_bearish_sr350_lr750_buf0_tg1030,NASDAQ_ORB_15m_p0_short_switch_tp2r_p0_st5_20_bearish_sr350_lr750_buf0_tg1030_2021-05-14,2021-05-14,1,LONG,15,09:45,2.0,2021-05-14 13:59:00+00:00,2021-05-14 14:00:00+00:00,2021-05-14 17:32:00+00:00,29,TP_2R,13257.25,13208.25,49.0,13262.0,13369.25,13208.25,53.75,107.5,500.0,4.651162790697675,4,213.26,853.04,1
p0_st5_20_bearish_sr350_lr750_buf0_tg1030,NASDAQ_ORB_15m_p0_short_switch_tp2r_p0_st5_20_bearish_sr350_lr750_buf0_tg1030_2021-05-17,2021-05-17,1,SHORT,15,09:45,2.0,2021-05-17 14:02:00+00:00,2021-05-17 14:03:00+00:00,2021-05-17 19:00:00+00:00,32,TIME_EXIT,13341.5,13263.25,78.25,13251.25,13258.75,13341.5,90.25,180.5,350.0,1.9390581717451523,1,-16.24,-16.24,0
p0_st5_20_bearish_sr350_lr750_buf0_tg1030,NASDAQ_ORB_15m_p0_short_switch_tp2r_p0_st5_20_bearish_sr350_lr750_buf0_tg1030_2021-05-18,2021-05-18,1,SHORT,15,09:45,2.0,2021-05-18 13:51:00+00:00,2021-05-18 13:52:00+00:00,2021-05-18 14:27:00+00:00,21,SWITCH_TO_LONG,13361.75,13313.5,48.25,13310.75,13365.75,13361.75,51.0,102.0,350.0,3.4313725490196076,3,-111.24,-333.71999999999997,0
p0_st5_20_bearish_sr350_lr750_buf0_tg1030,NASDAQ_ORB_15m_p0_short_switch_tp2r_p0_st5_20_bearish_sr350_lr750_buf0_tg1030_2021-05-18,2021-05-18,2,LONG,15,09:45,2.0,2021-05-18 14:26:00+00:00,2021-05-18 14:27:00+00:00,2021-05-18 19:00:00+00:00,56,TIME_EXIT,13361.75,13313.5,48.25,13365.75,13268.25,13313.5,52.25,104.5,750.0,7.177033492822966,7,-196.24,-1373.68,0
p0_st5_20_bearish_sr350_lr750_buf0_tg1030,NASDAQ_ORB_15m_p0_short_switch_tp2r_p0_st5_20_bearish_sr350_lr750_buf0_tg1030_2021-05-19,2021-05-19,1,LONG,15,09:45,2.0,2021-05-19 13:51:00+00:00,2021-05-19 13:52:00+00:00,2021-05-19 19:00:00+00:00,21,TIME_EXIT,13065.0,12969.5,95.5,13073.5,13148.0,12969.5,104.0,208.0,500.0,2.4038461538461537,2,147.76,295.52,1
p0_st5_20_bearish_sr350_lr750_buf0_tg1030,NASDAQ_ORB_15m_p0_short_switch_tp2r_p0_st5_20_bearish_sr350_lr750_buf0_tg1030_2021-05-20,2021-05-20,1,LONG,15,09:45,2.0,2021-05-20 13:48:00+00:00,2021-05-20 13:49:00+00:00,2021-05-20 19:00:00+00:00,18,TIME_EXIT,13393.0,13281.5,111.5,13395.5,13504.75,13281.5,114.0,228.0,500.0,2.192982456140351,2,217.26,434.52,1
p0_st5_20_bearish_sr350_lr750_buf0_tg1030,NASDAQ_ORB_15m_p0_short_switch_tp2r_p0_st5_20_bearish_sr350_lr750_buf0_tg1030_2021-05-21,2021-05-21,1,SHORT,15,09:45,2.0,2021-05-21 13:46:00+00:00,2021-05-21 13:47:00+00:00,2021-05-21 19:00:00+00:00,16,TIME_EXIT,13569.75,13498.75,71.0,13490.5,13442.75,13569.75,79.25,158.5,350.0,2.2082018927444795,2,94.26,188.52,1
p0_st5_20_bearish_sr350_lr750_buf0_tg1030,NASDAQ_ORB_15m_p0_short_switch_tp2r_p0_st5_20_bearish_sr350_lr750_buf0_tg1030_2021-05-24,2021-05-24,1,LONG,15,09:45,2.0,2021-05-24 14:01:00+00:00,2021-05-24 14:02:00+00:00,2021-05-24 19:00:00+00:00,31,TIME_EXIT,13583.5,13493.0,90.5,13590.0,13678.5,13493.0,97.0,194.0,500.0,2.577319587628866,2,175.76,351.52,1
p0_st5_20_bearish_sr350_lr750_buf0_tg1030,NASDAQ_ORB_15m_p0_short_switch_tp2r_p0_st5_20_bearish_sr350_lr750_buf0_tg1030_2021-05-25,2021-05-25,1,SHORT,15,09:45,2.0,2021-05-25 13:52:00+00:00,2021-05-25 13:53:00+00:00,2021-05-25 19:00:00+00:00,22,TIME_EXIT,13732.25,13670.5,61.75,13663.0,13644.25,13732.25,69.25,138.5,350.0,2.527075812274368,2,36.26,72.52,1
p0_st5_20_bearish_sr350_lr750_buf0_tg1030,NASDAQ_ORB_15m_p0_short_switch_tp2r_p0_st5_20_bearish_sr350_lr750_buf0_tg1030_2021-05-26,2021-05-26,1,SHORT,15,09:45,2.0,2021-05-26 13:46:00+00:00,2021-05-26 13:47:00+00:00,2021-05-26 14:59:00+00:00,16,SWITCH_TO_LONG,13708.75,13672.0,36.75,13670.0,13710.75,13708.75,38.75,77.5,350.0,4.516129032258065,4,-82.74,-330.96,0
p0_st5_20_bearish_sr350_lr750_buf0_tg1030,NASDAQ_ORB_15m_p0_short_switch_tp2r_p0_st5_20_bearish_sr350_lr750_buf0_tg1030_2021-05-26,2021-05-26,2,LONG,15,09:45,2.0,2021-05-26 14:58:00+00:00,2021-05-26 14:59:00+00:00,2021-05-26 19:00:00+00:00,88,TIME_EXIT,13708.75,13672.0,36.75,13710.75,13702.25,13672.0,38.75,77.5,750.0,9.67741935483871,9,-18.24,-164.16,0
p0_st5_20_bearish_sr350_lr750_buf0_tg1030,NASDAQ_ORB_15m_p0_short_switch_tp2r_p0_st5_20_bearish_sr350_lr750_buf0_tg1030_2021-05-27,2021-05-27,1,LONG,15,09:45,2.0,2021-05-27 14:18:00+00:00,2021-05-27 14:19:00+00:00,2021-05-27 19:00:00+00:00,48,TIME_EXIT,13695.25,13653.0,42.25,13697.0,13664.5,13653.0,44.0,88.0,500.0,5.681818181818182,5,-66.24,-331.2,0
p0_st5_20_bearish_sr350_lr750_buf0_tg1030,NASDAQ_ORB_15m_p0_short_switch_tp2r_p0_st5_20_bearish_sr350_lr750_buf0_tg1030_2021-05-28,2021-05-28,1,LONG,15,09:45,2.0,2021-05-28 15:42:00+00:00,2021-05-28 15:43:00+00:00,2021-05-28 19:00:00+00:00,132,TIME_EXIT,13739.75,13695.75,44.0,13744.75,13731.5,13695.75,49.0,98.0,500.0,5.1020408163265305,5,-27.74,-138.7,0
p0_st5_20_bearish_sr350_lr750_buf0_tg1030,NASDAQ_ORB_15m_p0_short_switch_tp2r_p0_st5_20_bearish_sr350_lr750_buf0_tg1030_2021-05-31,2021-05-31,1,SHORT,15,09:45,2.0,2021-05-31 13:50:00+00:00,2021-05-31 13:51:00+00:00,2021-05-31 22:02:00+00:00,20,TIME_EXIT,13680.25,13668.75,11.5,13667.75,13674.0,13680.25,12.5,25.0,350.0,14.0,14,-13.74,-192.36,0
p0_st5_20_bearish_sr350_lr750_buf0_tg1030,NASDAQ_ORB_15m_p0_short_switch_tp2r_p0_st5_20_bearish_sr350_lr750_buf0_tg1030_2021-06-01,2021-06-01,1,SHORT,15,09:45,2.0,2021-06-01 13:55:00+00:00,2021-06-01 13:56:00+00:00,2021-06-01 14:57:00+00:00,25,TP_2R,13773.0,13739.0,34.0,13716.0,13602.25,13773.0,57.0,114.0,350.0,3.0701754385964914,3,226.26,678.78,1
p0_st5_20_bearish_sr350_lr750_buf0_tg1030,NASDAQ_ORB_15m_p0_short_switch_tp2r_p0_st5_20_bearish_sr350_lr750_buf0_tg1030_2021-06-02,2021-06-02,1,LONG,15,09:45,2.0,2021-06-02 13:46:00+00:00,2021-06-02 13:47:00+00:00,2021-06-02 19:00:00+00:00,16,TIME_EXIT,13687.75,13651.25,36.5,13695.75,13636.5,13651.25,44.5,89.0,500.0,5.617977528089888,5,-119.74,-598.6999999999999,0
p0_st5_20_bearish_sr350_lr750_buf0_tg1030,NASDAQ_ORB_15m_p0_short_switch_tp2r_p0_st5_20_bearish_sr350_lr750_buf0_tg1030_2021-06-03,2021-06-03,1,SHORT,15,09:45,2.0,2021-06-03 13:49:00+00:00,2021-06-03 13:50:00+00:00,2021-06-03 15:01:00+00:00,19,SWITCH_TO_LONG,13570.75,13488.5,82.25,13484.25,13579.25,13570.75,86.5,173.0,350.0,2.023121387283237,2,-191.24,-382.48,0
p0_st5_20_bearish_sr350_lr750_buf0_tg1030,NASDAQ_ORB_15m_p0_short_switch_tp2r_p0_st5_20_bearish_sr350_lr750_buf0_tg1030_2021-06-03,2021-06-03,2,LONG,15,09:45,2.0,2021-06-03 15:00:00+00:00,2021-06-03 15:01:00+00:00,2021-06-03 19:00:00+00:00,90,TIME_EXIT,13570.75,13488.5,82.25,13579.25,13533.75,13488.5,90.75,181.5,750.0,4.132231404958677,4,-92.24,-368.96,0
p0_st5_20_bearish_sr350_lr750_buf0_tg1030,NASDAQ_ORB_15m_p0_short_switch_tp2r_p0_st5_20_bearish_sr350_lr750_buf0_tg1030_2021-06-04,2021-06-04,1,LONG,15,09:45,2.0,2021-06-04 13:46:00+00:00,2021-06-04 13:47:00+00:00,2021-06-04 19:00:00+00:00,16,TIME_EXIT,13683.0,13605.5,77.5,13691.0,13774.75,13605.5,85.5,171.0,500.0,2.9239766081871346,2,166.26,332.52,1
p0_st5_20_bearish_sr350_lr750_buf0_tg1030,NASDAQ_ORB_15m_p0_short_switch_tp2r_p0_st5_20_bearish_sr350_lr750_buf0_tg1030_2021-06-07,2021-06-07,1,SHORT,15,09:45,2.0,2021-06-07 14:20:00+00:00,2021-06-07 14:21:00+00:00,2021-06-07 18:56:00+00:00,50,SWITCH_TO_LONG,13764.75,13720.75,44.0,13714.75,13767.25,13764.75,50.0,100.0,350.0,3.5,3,-106.24,-318.71999999999997,0
p0_st5_20_bearish_sr350_lr750_buf0_tg1030,NASDAQ_ORB_15m_p0_short_switch_tp2r_p0_st5_20_bearish_sr350_lr750_buf0_tg1030_2021-06-07,2021-06-07,2,LONG,15,09:45,2.0,2021-06-07 18:55:00+00:00,2021-06-07 18:56:00+00:00,2021-06-07 19:00:00+00:00,325,TIME_EXIT,13764.75,13720.75,44.0,13767.25,13777.75,13720.75,46.5,93.0,750.0,8.064516129032258,8,19.76,158.08,1
p0_st5_20_bearish_sr350_lr750_buf0_tg1030,NASDAQ_ORB_15m_p0_short_switch_tp2r_p0_st5_20_bearish_sr350_lr750_buf0_tg1030_2021-06-08,2021-06-08,1,SHORT,15,09:45,2.0,2021-06-08 13:55:00+00:00,2021-06-08 13:56:00+00:00,2021-06-08 19:00:00+00:00,25,TIME_EXIT,13916.75,13863.0,53.75,13852.25,13830.25,13916.75,64.5,129.0,350.0,2.7131782945736433,2,42.76,85.52,1
p0_st5_20_bearish_sr350_lr750_buf0_tg1030,NASDAQ_ORB_15m_p0_short_switch_tp2r_p0_st5_20_bearish_sr350_lr750_buf0_tg1030_2021-06-09,2021-06-09,1,LONG,15,09:45,2.0,2021-06-09 13:46:00+00:00,2021-06-09 13:47:00+00:00,2021-06-09 19:00:00+00:00,16,TIME_EXIT,13891.0,13858.0,33.0,13895.5,13840.25,13858.0,37.5,75.0,500.0,6.666666666666667,6,-111.74,-670.4399999999999,0
p0_st5_20_bearish_sr350_lr750_buf0_tg1030,NASDAQ_ORB_15m_p0_short_switch_tp2r_p0_st5_20_bearish_sr350_lr750_buf0_tg1030_2021-06-10,2021-06-10,1,LONG,15,09:45,2.0,2021-06-10 13:46:00+00:00,2021-06-10 13:47:00+00:00,2021-06-10 19:00:00+00:00,16,TIME_EXIT,13922.25,13811.25,111.0,13934.5,13956.5,13811.25,123.25,246.5,500.0,2.028397565922921,2,42.76,85.52,1
p0_st5_20_bearish_sr350_lr750_buf0_tg1030,NASDAQ_ORB_15m_p0_short_switch_tp2r_p0_st5_20_bearish_sr350_lr750_buf0_tg1030_2021-06-11,2021-06-11,1,LONG,15,09:45,2.0,2021-06-11 13:49:00+00:00,2021-06-11 13:50:00+00:00,2021-06-11 19:00:00+00:00,19,TIME_EXIT,13965.5,13932.75,32.75,13961.75,13967.75,13932.75,29.0,58.0,500.0,8.620689655172415,8,10.76,86.08,1
p0_st5_20_bearish_sr350_lr750_buf0_tg1030,NASDAQ_ORB_15m_p0_short_switch_tp2r_p0_st5_20_bearish_sr350_lr750_buf0_tg1030_2021-06-14,2021-06-14,1,LONG,15,09:45,2.0,2021-06-14 13:46:00+00:00,2021-06-14 13:47:00+00:00,2021-06-14 19:00:00+00:00,16,TIME_EXIT,14007.5,13957.0,50.5,14015.0,14055.25,13957.0,58.0,116.0,500.0,4.310344827586207,4,79.26,317.04,1
p0_st5_20_bearish_sr350_lr750_buf0_tg1030,NASDAQ_ORB_15m_p0_short_switch_tp2r_p0_st5_20_bearish_sr350_lr750_buf0_tg1030_2021-06-15,2021-06-15,1,LONG,15,09:45,2.0,2021-06-15 13:46:00+00:00,2021-06-15 13:47:00+00:00,2021-06-15 19:00:00+00:00,16,TIME_EXIT,14113.5,14063.25,50.25,14114.0,14022.5,14063.25,50.75,101.5,500.0,4.926108374384237,4,-184.24,-736.96,0
p0_st5_20_bearish_sr350_lr750_buf0_tg1030,NASDAQ_ORB_15m_p0_short_switch_tp2r_p0_st5_20_bearish_sr350_lr750_buf0_tg1030_2021-06-16,2021-06-16,1,LONG,15,09:45,2.0,2021-06-16 13:49:00+00:00,2021-06-16 13:50:00+00:00,2021-06-16 19:00:00+00:00,19,TIME_EXIT,14074.0,14042.5,31.5,14074.25,13916.5,14042.5,31.75,63.5,500.0,7.874015748031496,7,-316.74,-2217.1800000000003,0
p0_st5_20_bearish_sr350_lr750_buf0_tg1030,NASDAQ_ORB_15m_p0_short_switch_tp2r_p0_st5_20_bearish_sr350_lr750_buf0_tg1030_2021-06-17,2021-06-17,1,LONG,15,09:45,2.0,2021-06-17 13:52:00+00:00,2021-06-17 13:53:00+00:00,2021-06-17 19:00:00+00:00,22,TIME_EXIT,14019.25,13932.0,87.25,14021.25,14163.75,13932.0,89.25,178.5,500.0,2.8011204481792715,2,283.76,567.52,1
p0_st5_20_bearish_sr350_lr750_buf0_tg1030,NASDAQ_ORB_15m_p0_short_switch_tp2r_p0_st5_20_bearish_sr350_lr750_buf0_tg1030_2021-06-21,2021-06-21,1,LONG,15,09:45,2.0,2021-06-21 14:11:00+00:00,2021-06-21 14:12:00+00:00,2021-06-21 19:00:00+00:00,41,TIME_EXIT,14072.25,13958.75,113.5,14074.75,14126.5,13958.75,116.0,232.0,500.0,2.1551724137931036,2,102.26,204.52,1
p0_st5_20_bearish_sr350_lr750_buf0_tg1030,NASDAQ_ORB_15m_p0_short_switch_tp2r_p0_st5_20_bearish_sr350_lr750_buf0_tg1030_2021-06-22,2021-06-22,1,LONG,15,09:45,2.0,2021-06-22 14:32:00+00:00,2021-06-22 14:33:00+00:00,2021-06-22 19:00:00+00:00,62,TIME_EXIT,14176.75,14107.25,69.5,14179.25,14237.75,14107.25,72.0,144.0,500.0,3.4722222222222223,3,115.76,347.28000000000003,1
p0_st5_20_bearish_sr350_lr750_buf0_tg1030,NASDAQ_ORB_15m_p0_short_switch_tp2r_p0_st5_20_bearish_sr350_lr750_buf0_tg1030_2021-06-23,2021-06-23,1,LONG,15,09:45,2.0,2021-06-23 13:59:00+00:00,2021-06-23 14:00:00+00:00,2021-06-23 19:00:00+00:00,29,TIME_EXIT,14299.75,14253.75,46.0,14307.75,14280.75,14253.75,54.0,108.0,500.0,4.62962962962963,4,-55.24,-220.96,0
p0_st5_20_bearish_sr350_lr750_buf0_tg1030,NASDAQ_ORB_15m_p0_short_switch_tp2r_p0_st5_20_bearish_sr350_lr750_buf0_tg1030_2021-06-24,2021-06-24,1,LONG,15,09:45,2.0,2021-06-24 14:06:00+00:00,2021-06-24 14:07:00+00:00,2021-06-24 19:00:00+00:00,36,TIME_EXIT,14386.25,14344.0,42.25,14388.75,14368.75,14344.0,44.75,89.5,500.0,5.58659217877095,5,-41.24,-206.20000000000002,0
p0_st5_20_bearish_sr350_lr750_buf0_tg1030,NASDAQ_ORB_15m_p0_short_switch_tp2r_p0_st5_20_bearish_sr350_lr750_buf0_tg1030_2021-06-25,2021-06-25,1,SHORT,15,09:45,2.0,2021-06-25 14:00:00+00:00,2021-06-25 14:01:00+00:00,2021-06-25 19:00:00+00:00,30,TIME_EXIT,14390.75,14361.25,29.5,14341.25,14352.75,14390.75,49.5,99.0,350.0,3.5353535353535355,3,-24.24,-72.72,0
p0_st5_20_bearish_sr350_lr750_buf0_tg1030,NASDAQ_ORB_15m_p0_short_switch_tp2r_p0_st5_20_bearish_sr350_lr750_buf0_tg1030_2021-06-28,2021-06-28,1,LONG,15,09:45,2.0,2021-06-28 14:02:00+00:00,2021-06-28 14:03:00+00:00,2021-06-28 19:00:00+00:00,32,TIME_EXIT,14458.5,14391.0,67.5,14461.75,14503.5,14391.0,70.75,141.5,500.0,3.5335689045936394,3,82.26,246.78000000000003,1
p0_st5_20_bearish_sr350_lr750_buf0_tg1030,NASDAQ_ORB_15m_p0_short_switch_tp2r_p0_st5_20_bearish_sr350_lr750_buf0_tg1030_2021-06-29,2021-06-29,1,LONG,15,09:45,2.0,2021-06-29 14:48:00+00:00,2021-06-29 14:49:00+00:00,2021-06-29 19:00:00+00:00,78,TIME_EXIT,14525.25,14470.0,55.25,14528.75,14547.25,14470.0,58.75,117.5,500.0,4.25531914893617,4,35.76,143.04,1
p0_st5_20_bearish_sr350_lr750_buf0_tg1030,NASDAQ_ORB_15m_p0_short_switch_tp2r_p0_st5_20_bearish_sr350_lr750_buf0_tg1030_2021-06-30,2021-06-30,1,SHORT,15,09:45,2.0,2021-06-30 13:59:00+00:00,2021-06-30 14:00:00+00:00,2021-06-30 14:57:00+00:00,29,SWITCH_TO_LONG,14568.75,14524.75,44.0,14522.75,14569.25,14568.75,46.0,92.0,350.0,3.8043478260869565,3,-94.24,-282.71999999999997,0
p0_st5_20_bearish_sr350_lr750_buf0_tg1030,NASDAQ_ORB_15m_p0_short_switch_tp2r_p0_st5_20_bearish_sr350_lr750_buf0_tg1030_2021-06-30,2021-06-30,2,LONG,15,09:45,2.0,2021-06-30 14:56:00+00:00,2021-06-30 14:57:00+00:00,2021-06-30 19:00:00+00:00,86,TIME_EXIT,14568.75,14524.75,44.0,14569.25,14543.5,14524.75,44.5,89.0,750.0,8.426966292134832,8,-52.74,-421.92,0
p0_st5_20_bearish_sr350_lr750_buf0_tg1030,NASDAQ_ORB_15m_p0_short_switch_tp2r_p0_st5_20_bearish_sr350_lr750_buf0_tg1030_2021-07-01,2021-07-01,1,LONG,15,09:45,2.0,2021-07-01 13:46:00+00:00,2021-07-01 13:47:00+00:00,2021-07-01 19:00:00+00:00,16,TIME_EXIT,14564.5,14515.5,49.0,14567.5,14542.5,14515.5,52.0,104.0,500.0,4.8076923076923075,4,-51.24,-204.96,0
p0_st5_20_bearish_sr350_lr750_buf0_tg1030,NASDAQ_ORB_15m_p0_short_switch_tp2r_p0_st5_20_bearish_sr350_lr750_buf0_tg1030_2021-07-02,2021-07-02,1,LONG,15,09:45,2.0,2021-07-02 13:50:00+00:00,2021-07-02 13:51:00+00:00,2021-07-02 19:00:00+00:00,20,TIME_EXIT,14660.75,14619.25,41.5,14664.75,14689.75,14619.25,45.5,91.0,500.0,5.4945054945054945,5,48.76,243.79999999999998,1
p0_st5_20_bearish_sr350_lr750_buf0_tg1030,NASDAQ_ORB_15m_p0_short_switch_tp2r_p0_st5_20_bearish_sr350_lr750_buf0_tg1030_2021-07-06,2021-07-06,1,LONG,15,09:45,2.0,2021-07-06 14:08:00+00:00,2021-07-06 14:09:00+00:00,2021-07-06 19:00:00+00:00,38,TIME_EXIT,14773.75,14738.75,35.0,14778.25,14745.75,14738.75,39.5,79.0,500.0,6.329113924050633,6,-66.24,-397.43999999999994,0
p0_st5_20_bearish_sr350_lr750_buf0_tg1030,NASDAQ_ORB_15m_p0_short_switch_tp2r_p0_st5_20_bearish_sr350_lr750_buf0_tg1030_2021-07-07,2021-07-07,1,SHORT,15,09:45,2.0,2021-07-07 14:04:00+00:00,2021-07-07 14:05:00+00:00,2021-07-07 19:00:00+00:00,34,TIME_EXIT,14883.75,14817.0,66.75,14811.0,14815.5,14883.75,72.75,145.5,350.0,2.4054982817869415,2,-10.24,-20.48,0
p0_st5_20_bearish_sr350_lr750_buf0_tg1030,NASDAQ_ORB_15m_p0_short_switch_tp2r_p0_st5_20_bearish_sr350_lr750_buf0_tg1030_2021-07-08,2021-07-08,1,LONG,15,09:45,2.0,2021-07-08 14:06:00+00:00,2021-07-08 14:07:00+00:00,2021-07-08 19:00:00+00:00,36,TIME_EXIT,14641.75,14568.0,73.75,14644.75,14708.75,14568.0,76.75,153.5,500.0,3.257328990228013,3,126.76,380.28000000000003,1
p0_st5_20_bearish_sr350_lr750_buf0_tg1030,NASDAQ_ORB_15m_p0_short_switch_tp2r_p0_st5_20_bearish_sr350_lr750_buf0_tg1030_2021-07-09,2021-07-09,1,LONG,15,09:45,2.0,2021-07-09 14:09:00+00:00,2021-07-09 14:10:00+00:00,2021-07-09 19:00:00+00:00,39,TIME_EXIT,14722.5,14668.25,54.25,14724.0,14820.5,14668.25,55.75,111.5,500.0,4.484304932735426,4,191.76,767.04,1
p0_st5_20_bearish_sr350_lr750_buf0_tg1030,NASDAQ_ORB_15m_p0_short_switch_tp2r_p0_st5_20_bearish_sr350_lr750_buf0_tg1030_2021-07-12,2021-07-12,1,SHORT,15,09:45,2.0,2021-07-12 13:54:00+00:00,2021-07-12 13:55:00+00:00,2021-07-12 19:00:00+00:00,24,TIME_EXIT,14888.75,14824.0,64.75,14820.0,14851.75,14888.75,68.75,137.5,350.0,2.5454545454545454,2,-64.74,-129.48,0
p0_st5_20_bearish_sr350_lr750_buf0_tg1030,NASDAQ_ORB_15m_p0_short_switch_tp2r_p0_st5_20_bearish_sr350_lr750_buf0_tg1030_2021-07-13,2021-07-13,1,LONG,15,09:45,2.0,2021-07-13 13:48:00+00:00,2021-07-13 13:49:00+00:00,2021-07-13 15:20:00+00:00,18,TP_2R,14881.25,14842.0,39.25,14886.5,14975.25,14842.0,44.5,89.0,500.0,5.617977528089888,5,176.26,881.3,1
p0_st5_20_bearish_sr350_lr750_buf0_tg1030,NASDAQ_ORB_15m_p0_short_switch_tp2r_p0_st5_20_bearish_sr350_lr750_buf0_tg1030_2021-07-14,2021-07-14,1,LONG,15,09:45,2.0,2021-07-14 14:05:00+00:00,2021-07-14 14:06:00+00:00,2021-07-14 19:00:00+00:00,35,TIME_EXIT,14991.25,14936.25,55.0,14992.5,14931.25,14936.25,56.25,112.5,500.0,4.444444444444445,4,-123.74,-494.96,0
p0_st5_20_bearish_sr350_lr750_buf0_tg1030,NASDAQ_ORB_15m_p0_short_switch_tp2r_p0_st5_20_bearish_sr350_lr750_buf0_tg1030_2021-07-16,2021-07-16,1,SHORT,15,09:45,2.0,2021-07-16 14:05:00+00:00,2021-07-16 14:06:00+00:00,2021-07-16 19:00:00+00:00,35,TIME_EXIT,14869.5,14827.75,41.75,14809.5,14706.75,14869.5,60.0,120.0,350.0,2.9166666666666665,2,204.26,408.52,1
p0_st5_20_bearish_sr350_lr750_buf0_tg1030,NASDAQ_ORB_15m_p0_short_switch_tp2r_p0_st5_20_bearish_sr350_lr750_buf0_tg1030_2021-07-19,2021-07-19,1,SHORT,15,09:45,2.0,2021-07-19 13:54:00+00:00,2021-07-19 13:55:00+00:00,2021-07-19 19:00:00+00:00,24,TIME_EXIT,14571.0,14489.5,81.5,14482.0,14485.25,14571.0,89.0,178.0,350.0,1.9662921348314606,1,-7.74,-7.74,0
p0_st5_20_bearish_sr350_lr750_buf0_tg1030,NASDAQ_ORB_15m_p0_short_switch_tp2r_p0_st5_20_bearish_sr350_lr750_buf0_tg1030_2021-07-20,2021-07-20,1,LONG,15,09:45,2.0,2021-07-20 14:21:00+00:00,2021-07-20 14:22:00+00:00,2021-07-20 19:00:00+00:00,51,TIME_EXIT,14601.25,14516.75,84.5,14608.75,14751.25,14516.75,92.0,184.0,500.0,2.717391304347826,2,283.76,567.52,1
p0_st5_20_bearish_sr350_lr750_buf0_tg1030,NASDAQ_ORB_15m_p0_short_switch_tp2r_p0_st5_20_bearish_sr350_lr750_buf0_tg1030_2021-07-21,2021-07-21,1,LONG,15,09:45,2.0,2021-07-21 13:58:00+00:00,2021-07-21 13:59:00+00:00,2021-07-21 19:00:00+00:00,28,TIME_EXIT,14747.25,14692.0,55.25,14750.0,14787.75,14692.0,58.0,116.0,500.0,4.310344827586207,4,74.26,297.04,1
p0_st5_20_bearish_sr350_lr750_buf0_tg1030,NASDAQ_ORB_15m_p0_short_switch_tp2r_p0_st5_20_bearish_sr350_lr750_buf0_tg1030_2021-07-22,2021-07-22,1,LONG,15,09:45,2.0,2021-07-22 14:04:00+00:00,2021-07-22 14:05:00+00:00,2021-07-22 19:00:00+00:00,34,TIME_EXIT,14894.75,14839.75,55.0,14895.25,14923.0,14839.75,55.5,111.0,500.0,4.504504504504505,4,54.26,217.04,1
p0_st5_20_bearish_sr350_lr750_buf0_tg1030,NASDAQ_ORB_15m_p0_short_switch_tp2r_p0_st5_20_bearish_sr350_lr750_buf0_tg1030_2021-07-23,2021-07-23,1,LONG,15,09:45,2.0,2021-07-23 14:18:00+00:00,2021-07-23 14:19:00+00:00,2021-07-23 19:00:00+00:00,48,TIME_EXIT,14994.25,14934.25,60.0,14999.25,15100.75,14934.25,65.0,130.0,500.0,3.8461538461538463,3,201.76,605.28,1
p0_st5_20_bearish_sr350_lr750_buf0_tg1030,NASDAQ_ORB_15m_p0_short_switch_tp2r_p0_st5_20_bearish_sr350_lr750_buf0_tg1030_2021-07-26,2021-07-26,1,LONG,15,09:45,2.0,2021-07-26 13:55:00+00:00,2021-07-26 13:56:00+00:00,2021-07-26 19:00:00+00:00,25,TIME_EXIT,15090.5,15040.25,50.25,15094.5,15118.25,15040.25,54.25,108.5,500.0,4.608294930875576,4,46.26,185.04,1
p0_st5_20_bearish_sr350_lr750_buf0_tg1030,NASDAQ_ORB_15m_p0_short_switch_tp2r_p0_st5_20_bearish_sr350_lr750_buf0_tg1030_2021-07-27,2021-07-27,1,SHORT,15,09:45,2.0,2021-07-27 13:59:00+00:00,2021-07-27 14:00:00+00:00,2021-07-27 14:37:00+00:00,29,TP_2R,15107.0,15050.0,57.0,15041.25,14910.0,15107.0,65.75,131.5,350.0,2.661596958174905,2,261.26,522.52,1
p0_st5_20_bearish_sr350_lr750_buf0_tg1030,NASDAQ_ORB_15m_p0_short_switch_tp2r_p0_st5_20_bearish_sr350_lr750_buf0_tg1030_2021-07-28,2021-07-28,1,LONG,15,09:45,2.0,2021-07-28 14:18:00+00:00,2021-07-28 14:19:00+00:00,2021-07-28 19:00:00+00:00,48,TIME_EXIT,15022.5,14901.5,121.0,15037.75,15008.5,14901.5,136.25,272.5,500.0,1.834862385321101,1,-59.74,-59.74,0
p0_st5_20_bearish_sr350_lr750_buf0_tg1030,NASDAQ_ORB_15m_p0_short_switch_tp2r_p0_st5_20_bearish_sr350_lr750_buf0_tg1030_2021-07-29,2021-07-29,1,LONG,15,09:45,2.0,2021-07-29 13:47:00+00:00,2021-07-29 13:48:00+00:00,2021-07-29 19:00:00+00:00,17,TIME_EXIT,15069.75,14982.25,87.5,15079.25,15053.5,14982.25,97.0,194.0,500.0,2.577319587628866,2,-52.74,-105.48,0
p0_st5_20_bearish_sr350_lr750_buf0_tg1030,NASDAQ_ORB_15m_p0_short_switch_tp2r_p0_st5_20_bearish_sr350_lr750_buf0_tg1030_2021-07-30,2021-07-30,1,LONG,15,09:45,2.0,2021-07-30 13:46:00+00:00,2021-07-30 13:47:00+00:00,2021-07-30 19:00:00+00:00,16,TIME_EXIT,14921.5,14866.0,55.5,14922.0,14954.0,14866.0,56.0,112.0,500.0,4.464285714285714,4,62.76,251.04,1
p0_st5_20_bearish_sr350_lr750_buf0_tg1030,NASDAQ_ORB_15m_p0_short_switch_tp2r_p0_st5_20_bearish_sr350_lr750_buf0_tg1030_2021-08-02,2021-08-02,1,SHORT,15,09:45,2.0,2021-08-02 13:52:00+00:00,2021-08-02 13:53:00+00:00,2021-08-02 15:24:00+00:00,22,SWITCH_TO_LONG,15044.25,14950.75,93.5,14941.0,15047.25,15044.25,103.25,206.5,350.0,1.694915254237288,1,-213.74,-213.74,0
p0_st5_20_bearish_sr350_lr750_buf0_tg1030,NASDAQ_ORB_15m_p0_short_switch_tp2r_p0_st5_20_bearish_sr350_lr750_buf0_tg1030_2021-08-02,2021-08-02,2,LONG,15,09:45,2.0,2021-08-02 15:23:00+00:00,2021-08-02 15:24:00+00:00,2021-08-02 19:00:00+00:00,113,TIME_EXIT,15044.25,14950.75,93.5,15047.25,14990.5,14950.75,96.5,193.0,750.0,3.8860103626943006,3,-114.74,-344.21999999999997,0
p0_st5_20_bearish_sr350_lr750_buf0_tg1030,NASDAQ_ORB_15m_p0_short_switch_tp2r_p0_st5_20_bearish_sr350_lr750_buf0_tg1030_2021-08-03,2021-08-03,1,SHORT,15,09:45,2.0,2021-08-03 13:55:00+00:00,2021-08-03 13:56:00+00:00,2021-08-03 15:59:00+00:00,25,SWITCH_TO_LONG,14998.5,14952.0,46.5,14933.25,15016.75,14998.5,65.25,130.5,350.0,2.681992337164751,2,-168.24,-336.48,0
p0_st5_20_bearish_sr350_lr750_buf0_tg1030,NASDAQ_ORB_15m_p0_short_switch_tp2r_p0_st5_20_bearish_sr350_lr750_buf0_tg1030_2021-08-03,2021-08-03,2,LONG,15,09:45,2.0,2021-08-03 15:58:00+00:00,2021-08-03 15:59:00+00:00,2021-08-03 19:00:00+00:00,148,TIME_EXIT,14998.5,14952.0,46.5,15016.75,15025.0,14952.0,64.75,129.5,750.0,5.7915057915057915,5,15.26,76.3,1
p0_st5_20_bearish_sr350_lr750_buf0_tg1030,NASDAQ_ORB_15m_p0_short_switch_tp2r_p0_st5_20_bearish_sr350_lr750_buf0_tg1030_2021-08-04,2021-08-04,1,SHORT,15,09:45,2.0,2021-08-04 13:53:00+00:00,2021-08-04 13:54:00+00:00,2021-08-04 16:15:00+00:00,23,SWITCH_TO_LONG,15066.75,15033.0,33.75,15022.5,15068.5,15066.75,44.25,88.5,350.0,3.9548022598870056,3,-93.24,-279.71999999999997,0
p0_st5_20_bearish_sr350_lr750_buf0_tg1030,NASDAQ_ORB_15m_p0_short_switch_tp2r_p0_st5_20_bearish_sr350_lr750_buf0_tg1030_2021-08-04,2021-08-04,2,LONG,15,09:45,2.0,2021-08-04 16:14:00+00:00,2021-08-04 16:15:00+00:00,2021-08-04 19:00:00+00:00,164,TIME_EXIT,15066.75,15033.0,33.75,15068.5,15076.25,15033.0,35.5,71.0,750.0,10.56338028169014,10,14.26,142.6,1
p0_st5_20_bearish_sr350_lr750_buf0_tg1030,NASDAQ_ORB_15m_p0_short_switch_tp2r_p0_st5_20_bearish_sr350_lr750_buf0_tg1030_2021-08-05,2021-08-05,1,LONG,15,09:45,2.0,2021-08-05 13:48:00+00:00,2021-08-05 13:49:00+00:00,2021-08-05 19:00:00+00:00,18,TIME_EXIT,15114.75,15072.75,42.0,15122.5,15152.0,15072.75,49.75,99.5,500.0,5.025125628140704,5,57.76,288.8,1
p0_st5_20_bearish_sr350_lr750_buf0_tg1030,NASDAQ_ORB_15m_p0_short_switch_tp2r_p0_st5_20_bearish_sr350_lr750_buf0_tg1030_2021-08-09,2021-08-09,1,LONG,15,09:45,2.0,2021-08-09 18:32:00+00:00,2021-08-09 18:33:00+00:00,2021-08-09 19:00:00+00:00,302,TIME_EXIT,15138.75,15069.0,69.75,15141.0,15131.25,15069.0,72.0,144.0,500.0,3.4722222222222223,3,-20.74,-62.22,0
p0_st5_20_bearish_sr350_lr750_buf0_tg1030,NASDAQ_ORB_15m_p0_short_switch_tp2r_p0_st5_20_bearish_sr350_lr750_buf0_tg1030_2021-08-10,2021-08-10,1,LONG,15,09:45,2.0,2021-08-10 14:01:00+00:00,2021-08-10 14:02:00+00:00,2021-08-10 19:00:00+00:00,31,TIME_EXIT,15153.75,15117.0,36.75,15155.25,15052.25,15117.0,38.25,76.5,500.0,6.5359477124183005,6,-207.24,-1243.44,0
p0_st5_20_bearish_sr350_lr750_buf0_tg1030,NASDAQ_ORB_15m_p0_short_switch_tp2r_p0_st5_20_bearish_sr350_lr750_buf0_tg1030_2021-08-11,2021-08-11,1,SHORT,15,09:45,2.0,2021-08-11 14:00:00+00:00,2021-08-11 14:01:00+00:00,2021-08-11 19:00:00+00:00,30,TIME_EXIT,15119.0,15061.5,57.5,15057.0,15013.75,15119.0,62.0,124.0,350.0,2.8225806451612905,2,85.26,170.52,1
p0_st5_20_bearish_sr350_lr750_buf0_tg1030,NASDAQ_ORB_15m_p0_short_switch_tp2r_p0_st5_20_bearish_sr350_lr750_buf0_tg1030_2021-08-12,2021-08-12,1,SHORT,15,09:45,2.0,2021-08-12 14:04:00+00:00,2021-08-12 14:05:00+00:00,2021-08-12 14:21:00+00:00,34,SWITCH_TO_LONG,15005.25,14952.25,53.0,14951.0,15008.25,15005.25,54.25,108.5,350.0,3.225806451612903,3,-115.74,-347.21999999999997,0
p0_st5_20_bearish_sr350_lr750_buf0_tg1030,NASDAQ_ORB_15m_p0_short_switch_tp2r_p0_st5_20_bearish_sr350_lr750_buf0_tg1030_2021-08-12,2021-08-12,2,LONG,15,09:45,2.0,2021-08-12 14:20:00+00:00,2021-08-12 14:21:00+00:00,2021-08-12 19:00:00+00:00,50,TIME_EXIT,15005.25,14952.25,53.0,15008.25,15075.5,14952.25,56.0,112.0,750.0,6.696428571428571,6,133.26,799.56,1
p0_st5_20_bearish_sr350_lr750_buf0_tg1030,NASDAQ_ORB_15m_p0_short_switch_tp2r_p0_st5_20_bearish_sr350_lr750_buf0_tg1030_2021-08-13,2021-08-13,1,LONG,15,09:45,2.0,2021-08-13 13:47:00+00:00,2021-08-13 13:48:00+00:00,2021-08-13 19:00:00+00:00,17,TIME_EXIT,15095.25,15068.0,27.25,15095.5,15107.5,15068.0,27.5,55.0,500.0,9.090909090909092,9,22.76,204.84,1
p0_st5_20_bearish_sr350_lr750_buf0_tg1030,NASDAQ_ORB_15m_p0_short_switch_tp2r_p0_st5_20_bearish_sr350_lr750_buf0_tg1030_2021-08-16,2021-08-16,1,SHORT,15,09:45,2.0,2021-08-16 13:55:00+00:00,2021-08-16 13:56:00+00:00,2021-08-16 19:00:00+00:00,25,TIME_EXIT,15112.0,15076.5,35.5,15029.25,15090.0,15112.0,82.75,165.5,350.0,2.1148036253776437,2,-122.74,-245.48,0
p0_st5_20_bearish_sr350_lr750_buf0_tg1030,NASDAQ_ORB_15m_p0_short_switch_tp2r_p0_st5_20_bearish_sr350_lr750_buf0_tg1030_2021-08-17,2021-08-17,1,SHORT,15,09:45,2.0,2021-08-17 13:56:00+00:00,2021-08-17 13:57:00+00:00,2021-08-17 14:45:00+00:00,26,SWITCH_TO_LONG,15040.0,14971.5,68.5,14963.25,15048.25,15040.0,76.75,153.5,350.0,2.2801302931596092,2,-171.24,-342.48,0
p0_st5_20_bearish_sr350_lr750_buf0_tg1030,NASDAQ_ORB_15m_p0_short_switch_tp2r_p0_st5_20_bearish_sr350_lr750_buf0_tg1030_2021-08-17,2021-08-17,2,LONG,15,09:45,2.0,2021-08-17 14:44:00+00:00,2021-08-17 14:45:00+00:00,2021-08-17 19:00:00+00:00,74,TIME_EXIT,15040.0,14971.5,68.5,15048.25,14978.75,14971.5,76.75,153.5,750.0,4.88599348534202,4,-140.24,-560.96,0
p0_st5_20_bearish_sr350_lr750_buf0_tg1030,NASDAQ_ORB_15m_p0_short_switch_tp2r_p0_st5_20_bearish_sr350_lr750_buf0_tg1030_2021-08-18,2021-08-18,1,LONG,15,09:45,2.0,2021-08-18 13:52:00+00:00,2021-08-18 13:53:00+00:00,2021-08-18 19:00:00+00:00,22,TIME_EXIT,15011.0,14964.25,46.75,15012.75,14988.25,14964.25,48.5,97.0,500.0,5.154639175257732,5,-50.24,-251.20000000000002,0
p0_st5_20_bearish_sr350_lr750_buf0_tg1030,NASDAQ_ORB_15m_p0_short_switch_tp2r_p0_st5_20_bearish_sr350_lr750_buf0_tg1030_2021-08-19,2021-08-19,1,LONG,15,09:45,2.0,2021-08-19 14:02:00+00:00,2021-08-19 14:03:00+00:00,2021-08-19 19:00:00+00:00,32,TIME_EXIT,14835.75,14763.5,72.25,14846.25,14935.5,14763.5,82.75,165.5,500.0,3.0211480362537766,3,177.26,531.78,1
p0_st5_20_bearish_sr350_lr750_buf0_tg1030,NASDAQ_ORB_15m_p0_short_switch_tp2r_p0_st5_20_bearish_sr350_lr750_buf0_tg1030_2021-08-20,2021-08-20,1,LONG,15,09:45,2.0,2021-08-20 13:46:00+00:00,2021-08-20 13:47:00+00:00,2021-08-20 14:37:00+00:00,16,TP_2R,14996.0,14959.25,36.75,15005.25,15097.0,14959.25,46.0,92.0,500.0,5.434782608695652,5,182.26,911.3,1
p0_st5_20_bearish_sr350_lr750_buf0_tg1030,NASDAQ_ORB_15m_p0_short_switch_tp2r_p0_st5_20_bearish_sr350_lr750_buf0_tg1030_2021-08-23,2021-08-23,1,LONG,15,09:45,2.0,2021-08-23 13:47:00+00:00,2021-08-23 13:48:00+00:00,2021-08-23 19:00:00+00:00,17,TIME_EXIT,15194.0,15124.75,69.25,15196.25,15333.0,15124.75,71.5,143.0,500.0,3.4965034965034967,3,272.26,816.78,1
p0_st5_20_bearish_sr350_lr750_buf0_tg1030,NASDAQ_ORB_15m_p0_short_switch_tp2r_p0_st5_20_bearish_sr350_lr750_buf0_tg1030_2021-08-24,2021-08-24,1,LONG,15,09:45,2.0,2021-08-24 14:09:00+00:00,2021-08-24 14:10:00+00:00,2021-08-24 19:00:00+00:00,39,TIME_EXIT,15353.5,15312.75,40.75,15354.5,15361.25,15312.75,41.75,83.5,500.0,5.9880239520958085,5,12.26,61.3,1
p0_st5_20_bearish_sr350_lr750_buf0_tg1030,NASDAQ_ORB_15m_p0_short_switch_tp2r_p0_st5_20_bearish_sr350_lr750_buf0_tg1030_2021-08-26,2021-08-26,1,LONG,15,09:45,2.0,2021-08-26 14:06:00+00:00,2021-08-26 14:07:00+00:00,2021-08-26 19:00:00+00:00,36,TIME_EXIT,15360.0,15335.25,24.75,15361.0,15294.0,15335.25,25.75,51.5,500.0,9.70873786407767,9,-135.24,-1217.16,0
p0_st5_20_bearish_sr350_lr750_buf0_tg1030,NASDAQ_ORB_15m_p0_short_switch_tp2r_p0_st5_20_bearish_sr350_lr750_buf0_tg1030_2021-08-27,2021-08-27,1,LONG,15,09:45,2.0,2021-08-27 14:03:00+00:00,2021-08-27 14:04:00+00:00,2021-08-27 19:00:00+00:00,33,TIME_EXIT,15332.25,15284.25,48.0,15364.5,15433.25,15284.25,80.25,160.5,500.0,3.115264797507788,3,136.26,408.78,1
p0_st5_20_bearish_sr350_lr750_buf0_tg1030,NASDAQ_ORB_15m_p0_short_switch_tp2r_p0_st5_20_bearish_sr350_lr750_buf0_tg1030_2021-08-30,2021-08-30,1,LONG,15,09:45,2.0,2021-08-30 13:54:00+00:00,2021-08-30 13:55:00+00:00,2021-08-30 19:00:00+00:00,24,TIME_EXIT,15516.5,15455.25,61.25,15521.5,15616.75,15455.25,66.25,132.5,500.0,3.7735849056603774,3,189.26,567.78,1
p0_st5_20_bearish_sr350_lr750_buf0_tg1030,NASDAQ_ORB_15m_p0_short_switch_tp2r_p0_st5_20_bearish_sr350_lr750_buf0_tg1030_2021-08-31,2021-08-31,1,SHORT,15,09:45,2.0,2021-08-31 13:55:00+00:00,2021-08-31 13:56:00+00:00,2021-08-31 19:00:00+00:00,25,TIME_EXIT,15609.0,15531.25,77.75,15529.0,15599.25,15609.0,80.0,160.0,350.0,2.1875,2,-141.74,-283.48,0
p0_st5_20_bearish_sr350_lr750_buf0_tg1030,NASDAQ_ORB_15m_p0_short_switch_tp2r_p0_st5_20_bearish_sr350_lr750_buf0_tg1030_2021-09-01,2021-09-01,1,LONG,15,09:45,2.0,2021-09-01 13:46:00+00:00,2021-09-01 13:47:00+00:00,2021-09-01 19:00:00+00:00,16,TIME_EXIT,15672.75,15622.0,50.75,15675.0,15643.0,15622.0,53.0,106.0,500.0,4.716981132075472,4,-65.24,-260.96,0
p0_st5_20_bearish_sr350_lr750_buf0_tg1030,NASDAQ_ORB_15m_p0_short_switch_tp2r_p0_st5_20_bearish_sr350_lr750_buf0_tg1030_2021-09-02,2021-09-02,1,SHORT,15,09:45,2.0,2021-09-02 14:05:00+00:00,2021-09-02 14:06:00+00:00,2021-09-02 19:00:00+00:00,35,TIME_EXIT,15680.5,15651.75,28.75,15633.0,15598.75,15680.5,47.5,95.0,350.0,3.6842105263157894,3,67.26,201.78000000000003,1
p0_st5_20_bearish_sr350_lr750_buf0_tg1030,NASDAQ_ORB_15m_p0_short_switch_tp2r_p0_st5_20_bearish_sr350_lr750_buf0_tg1030_2021-09-03,2021-09-03,1,LONG,15,09:45,2.0,2021-09-03 13:58:00+00:00,2021-09-03 13:59:00+00:00,2021-09-03 19:00:00+00:00,28,TIME_EXIT,15610.0,15554.5,55.5,15619.0,15653.75,15554.5,64.5,129.0,500.0,3.875968992248062,3,68.26,204.78000000000003,1
p0_st5_20_bearish_sr350_lr750_buf0_tg1030,NASDAQ_ORB_15m_p0_short_switch_tp2r_p0_st5_20_bearish_sr350_lr750_buf0_tg1030_2021-09-07,2021-09-07,1,SHORT,15,09:45,2.0,2021-09-07 13:53:00+00:00,2021-09-07 13:54:00+00:00,2021-09-07 14:52:00+00:00,23,SWITCH_TO_LONG,15669.0,15625.75,43.25,15620.5,15675.25,15669.0,48.5,97.0,350.0,3.6082474226804124,3,-110.74,-332.21999999999997,0
p0_st5_20_bearish_sr350_lr750_buf0_tg1030,NASDAQ_ORB_15m_p0_short_switch_tp2r_p0_st5_20_bearish_sr350_lr750_buf0_tg1030_2021-09-07,2021-09-07,2,LONG,15,09:45,2.0,2021-09-07 14:51:00+00:00,2021-09-07 14:52:00+00:00,2021-09-07 19:00:00+00:00,81,TIME_EXIT,15669.0,15625.75,43.25,15675.25,15689.75,15625.75,49.5,99.0,750.0,7.575757575757576,7,27.76,194.32000000000002,1
p0_st5_20_bearish_sr350_lr750_buf0_tg1030,NASDAQ_ORB_15m_p0_short_switch_tp2r_p0_st5_20_bearish_sr350_lr750_buf0_tg1030_2021-09-09,2021-09-09,1,LONG,15,09:45,2.0,2021-09-09 14:08:00+00:00,2021-09-09 14:09:00+00:00,2021-09-09 19:00:00+00:00,38,TIME_EXIT,15670.5,15621.75,48.75,15673.75,15597.0,15621.75,52.0,104.0,500.0,4.8076923076923075,4,-154.74,-618.96,0
p0_st5_20_bearish_sr350_lr750_buf0_tg1030,NASDAQ_ORB_15m_p0_short_switch_tp2r_p0_st5_20_bearish_sr350_lr750_buf0_tg1030_2021-09-10,2021-09-10,1,SHORT,15,09:45,2.0,2021-09-10 14:20:00+00:00,2021-09-10 14:21:00+00:00,2021-09-10 19:00:00+00:00,50,TIME_EXIT,15667.5,15629.25,38.25,15604.0,15534.75,15667.5,63.5,127.0,350.0,2.7559055118110236,2,137.26,274.52,1
p0_st5_20_bearish_sr350_lr750_buf0_tg1030,NASDAQ_ORB_15m_p0_short_switch_tp2r_p0_st5_20_bearish_sr350_lr750_buf0_tg1030_2021-09-13,2021-09-13,1,SHORT,15,09:45,2.0,2021-09-13 13:46:00+00:00,2021-09-13 13:47:00+00:00,2021-09-13 19:00:00+00:00,16,TIME_EXIT,15557.5,15444.0,113.5,15440.5,15375.25,15557.5,117.0,234.0,350.0,1.4957264957264957,1,129.26,129.26,1
p0_st5_20_bearish_sr350_lr750_buf0_tg1030,NASDAQ_ORB_15m_p0_short_switch_tp2r_p0_st5_20_bearish_sr350_lr750_buf0_tg1030_2021-09-14,2021-09-14,1,SHORT,15,09:45,2.0,2021-09-14 13:55:00+00:00,2021-09-14 13:56:00+00:00,2021-09-14 19:00:00+00:00,25,TIME_EXIT,15523.75,15460.25,63.5,15440.0,15385.25,15523.75,83.75,167.5,350.0,2.08955223880597,2,108.26,216.52,1
p0_st5_20_bearish_sr350_lr750_buf0_tg1030,NASDAQ_ORB_15m_p0_short_switch_tp2r_p0_st5_20_bearish_sr350_lr750_buf0_tg1030_2021-09-15,2021-09-15,1,SHORT,15,09:45,2.0,2021-09-15 14:13:00+00:00,2021-09-15 14:14:00+00:00,2021-09-15 16:57:00+00:00,43,SWITCH_TO_LONG,15433.25,15331.0,102.25,15317.25,15438.0,15433.25,116.0,232.0,350.0,1.5086206896551724,1,-242.74,-242.74,0
p0_st5_20_bearish_sr350_lr750_buf0_tg1030,NASDAQ_ORB_15m_p0_short_switch_tp2r_p0_st5_20_bearish_sr350_lr750_buf0_tg1030_2021-09-15,2021-09-15,2,LONG,15,09:45,2.0,2021-09-15 16:56:00+00:00,2021-09-15 16:57:00+00:00,2021-09-15 19:00:00+00:00,206,TIME_EXIT,15433.25,15331.0,102.25,15438.0,15476.5,15331.0,107.0,214.0,750.0,3.5046728971962615,3,75.76,227.28000000000003,1
p0_st5_20_bearish_sr350_lr750_buf0_tg1030,NASDAQ_ORB_15m_p0_short_switch_tp2r_p0_st5_20_bearish_sr350_lr750_buf0_tg1030_2021-09-16,2021-09-16,1,SHORT,15,09:45,2.0,2021-09-16 13:52:00+00:00,2021-09-16 13:53:00+00:00,2021-09-16 18:12:00+00:00,22,SWITCH_TO_LONG,15472.75,15413.0,59.75,15410.5,15487.75,15472.75,62.25,124.5,350.0,2.8112449799196786,2,-155.74,-311.48,0
p0_st5_20_bearish_sr350_lr750_buf0_tg1030,NASDAQ_ORB_15m_p0_short_switch_tp2r_p0_st5_20_bearish_sr350_lr750_buf0_tg1030_2021-09-16,2021-09-16,2,LONG,15,09:45,2.0,2021-09-16 18:11:00+00:00,2021-09-16 18:12:00+00:00,2021-09-16 19:00:00+00:00,281,TIME_EXIT,15472.75,15413.0,59.75,15487.75,15492.75,15413.0,74.75,149.5,750.0,5.016722408026756,5,8.76,43.8,1
p0_st5_20_bearish_sr350_lr750_buf0_tg1030,NASDAQ_ORB_15m_p0_short_switch_tp2r_p0_st5_20_bearish_sr350_lr750_buf0_tg1030_2021-09-17,2021-09-17,1,SHORT,15,09:45,2.0,2021-09-17 13:51:00+00:00,2021-09-17 13:52:00+00:00,2021-09-17 19:00:00+00:00,21,TIME_EXIT,15484.75,15408.0,76.75,15405.25,15307.25,15484.75,79.5,159.0,350.0,2.20125786163522,2,194.76,389.52,1
p0_st5_20_bearish_sr350_lr750_buf0_tg1030,NASDAQ_ORB_15m_p0_short_switch_tp2r_p0_st5_20_bearish_sr350_lr750_buf0_tg1030_2021-09-20,2021-09-20,1,LONG,15,09:45,2.0,2021-09-20 13:46:00+00:00,2021-09-20 13:47:00+00:00,2021-09-20 19:00:00+00:00,16,TIME_EXIT,15142.5,15035.25,107.25,15145.5,14838.0,15035.25,110.25,220.5,500.0,2.2675736961451247,2,-616.24,-1232.48,0
p0_st5_20_bearish_sr350_lr750_buf0_tg1030,NASDAQ_ORB_15m_p0_short_switch_tp2r_p0_st5_20_bearish_sr350_lr750_buf0_tg1030_2021-09-21,2021-09-21,1,LONG,15,09:45,2.0,2021-09-21 13:46:00+00:00,2021-09-21 13:47:00+00:00,2021-09-21 19:00:00+00:00,16,TIME_EXIT,15098.0,15028.0,70.0,15112.75,15066.25,15028.0,84.75,169.5,500.0,2.949852507374631,2,-94.24,-188.48,0
p0_st5_20_bearish_sr350_lr750_buf0_tg1030,NASDAQ_ORB_15m_p0_short_switch_tp2r_p0_st5_20_bearish_sr350_lr750_buf0_tg1030_2021-09-22,2021-09-22,1,LONG,15,09:45,2.0,2021-09-22 14:00:00+00:00,2021-09-22 14:01:00+00:00,2021-09-22 15:51:00+00:00,30,TP_2R,15071.5,15014.75,56.75,15077.75,15203.5,15014.75,63.0,126.0,500.0,3.9682539682539684,3,250.26,750.78,1
p0_st5_20_bearish_sr350_lr750_buf0_tg1030,NASDAQ_ORB_15m_p0_short_switch_tp2r_p0_st5_20_bearish_sr350_lr750_buf0_tg1030_2021-09-23,2021-09-23,1,LONG,15,09:45,2.0,2021-09-23 13:48:00+00:00,2021-09-23 13:49:00+00:00,2021-09-23 19:00:00+00:00,18,TIME_EXIT,15268.0,15182.0,86.0,15269.5,15329.75,15182.0,87.5,175.0,500.0,2.857142857142857,2,119.26,238.52,1
p0_st5_20_bearish_sr350_lr750_buf0_tg1030,NASDAQ_ORB_15m_p0_short_switch_tp2r_p0_st5_20_bearish_sr350_lr750_buf0_tg1030_2021-09-24,2021-09-24,1,LONG,15,09:45,2.0,2021-09-24 14:00:00+00:00,2021-09-24 14:01:00+00:00,2021-09-24 19:00:00+00:00,30,TIME_EXIT,15242.75,15189.75,53.0,15248.0,15302.25,15189.75,58.25,116.5,500.0,4.291845493562231,4,107.26,429.04,1
p0_st5_20_bearish_sr350_lr750_buf0_tg1030,NASDAQ_ORB_15m_p0_short_switch_tp2r_p0_st5_20_bearish_sr350_lr750_buf0_tg1030_2021-09-27,2021-09-27,1,LONG,15,09:45,2.0,2021-09-27 15:05:00+00:00,2021-09-27 15:06:00+00:00,2021-09-27 19:00:00+00:00,95,TIME_EXIT,15214.75,15084.0,130.75,15221.5,15198.25,15084.0,137.5,275.0,500.0,1.8181818181818181,1,-47.74,-47.74,0
p0_st5_20_bearish_sr350_lr750_buf0_tg1030,NASDAQ_ORB_15m_p0_short_switch_tp2r_p0_st5_20_bearish_sr350_lr750_buf0_tg1030_2021-09-28,2021-09-28,1,SHORT,15,09:45,2.0,2021-09-28 13:47:00+00:00,2021-09-28 13:48:00+00:00,2021-09-28 19:00:00+00:00,17,TIME_EXIT,15031.25,14928.5,102.75,14919.75,14845.75,15031.25,111.5,223.0,350.0,1.5695067264573992,1,146.76,146.76,1
p0_st5_20_bearish_sr350_lr750_buf0_tg1030,NASDAQ_ORB_15m_p0_short_switch_tp2r_p0_st5_20_bearish_sr350_lr750_buf0_tg1030_2021-09-29,2021-09-29,1,LONG,15,09:45,2.0,2021-09-29 13:50:00+00:00,2021-09-29 13:51:00+00:00,2021-09-29 19:00:00+00:00,20,TIME_EXIT,14852.75,14787.75,65.0,14870.0,14842.0,14787.75,82.25,164.5,500.0,3.0395136778115504,3,-57.24,-171.72,0
p0_st5_20_bearish_sr350_lr750_buf0_tg1030,NASDAQ_ORB_15m_p0_short_switch_tp2r_p0_st5_20_bearish_sr350_lr750_buf0_tg1030_2021-09-30,2021-09-30,1,LONG,15,09:45,2.0,2021-09-30 13:51:00+00:00,2021-09-30 13:52:00+00:00,2021-09-30 19:00:00+00:00,21,TIME_EXIT,14872.0,14806.75,65.25,14874.25,14776.25,14806.75,67.5,135.0,500.0,3.7037037037037037,3,-197.24,-591.72,0
p0_st5_20_bearish_sr350_lr750_buf0_tg1030,NASDAQ_ORB_15m_p0_short_switch_tp2r_p0_st5_20_bearish_sr350_lr750_buf0_tg1030_2021-10-01,2021-10-01,1,SHORT,15,09:45,2.0,2021-10-01 13:55:00+00:00,2021-10-01 13:56:00+00:00,2021-10-01 17:51:00+00:00,25,SWITCH_TO_LONG,14735.25,14630.75,104.5,14625.5,14740.5,14735.25,109.75,219.5,350.0,1.5945330296127562,1,-231.24,-231.24,0
p0_st5_20_bearish_sr350_lr750_buf0_tg1030,NASDAQ_ORB_15m_p0_short_switch_tp2r_p0_st5_20_bearish_sr350_lr750_buf0_tg1030_2021-10-01,2021-10-01,2,LONG,15,09:45,2.0,2021-10-01 17:50:00+00:00,2021-10-01 17:51:00+00:00,2021-10-01 19:00:00+00:00,260,TIME_EXIT,14735.25,14630.75,104.5,14740.5,14780.25,14630.75,109.75,219.5,750.0,3.416856492027335,3,78.26,234.78000000000003,1
p0_st5_20_bearish_sr350_lr750_buf0_tg1030,NASDAQ_ORB_15m_p0_short_switch_tp2r_p0_st5_20_bearish_sr350_lr750_buf0_tg1030_2021-10-04,2021-10-04,1,SHORT,15,09:45,2.0,2021-10-04 13:46:00+00:00,2021-10-04 13:47:00+00:00,2021-10-04 19:00:00+00:00,16,TIME_EXIT,14720.0,14590.0,130.0,14588.75,14450.25,14720.0,131.25,262.5,350.0,1.3333333333333333,1,275.76,275.76,1
p0_st5_20_bearish_sr350_lr750_buf0_tg1030,NASDAQ_ORB_15m_p0_short_switch_tp2r_p0_st5_20_bearish_sr350_lr750_buf0_tg1030_2021-10-05,2021-10-05,1,LONG,15,09:45,2.0,2021-10-05 13:50:00+00:00,2021-10-05 13:51:00+00:00,2021-10-05 16:13:00+00:00,20,TP_2R,14573.5,14496.5,77.0,14575.25,14732.5,14496.5,78.75,157.5,500.0,3.1746031746031744,3,313.26,939.78,1
p0_st5_20_bearish_sr350_lr750_buf0_tg1030,NASDAQ_ORB_15m_p0_short_switch_tp2r_p0_st5_20_bearish_sr350_lr750_buf0_tg1030_2021-10-06,2021-10-06,1,SHORT,15,09:45,2.0,2021-10-06 14:05:00+00:00,2021-10-06 14:06:00+00:00,2021-10-06 14:25:00+00:00,35,SWITCH_TO_LONG,14639.0,14511.25,127.75,14495.5,14647.5,14639.0,143.5,287.0,350.0,1.2195121951219512,1,-305.24,-305.24,0
p0_st5_20_bearish_sr350_lr750_buf0_tg1030,NASDAQ_ORB_15m_p0_short_switch_tp2r_p0_st5_20_bearish_sr350_lr750_buf0_tg1030_2021-10-06,2021-10-06,2,LONG,15,09:45,2.0,2021-10-06 14:24:00+00:00,2021-10-06 14:25:00+00:00,2021-10-06 19:00:00+00:00,54,TIME_EXIT,14639.0,14511.25,127.75,14647.5,14704.0,14511.25,136.25,272.5,750.0,2.7522935779816513,2,111.76,223.52,1
p0_st5_20_bearish_sr350_lr750_buf0_tg1030,NASDAQ_ORB_15m_p0_short_switch_tp2r_p0_st5_20_bearish_sr350_lr750_buf0_tg1030_2021-10-07,2021-10-07,1,LONG,15,09:45,2.0,2021-10-07 14:00:00+00:00,2021-10-07 14:01:00+00:00,2021-10-07 19:00:00+00:00,30,TIME_EXIT,14949.0,14859.25,89.75,14955.75,14926.75,14859.25,96.5,193.0,500.0,2.5906735751295336,2,-59.24,-118.48,0
p0_st5_20_bearish_sr350_lr750_buf0_tg1030,NASDAQ_ORB_15m_p0_short_switch_tp2r_p0_st5_20_bearish_sr350_lr750_buf0_tg1030_2021-10-11,2021-10-11,1,LONG,15,09:45,2.0,2021-10-11 13:46:00+00:00,2021-10-11 13:47:00+00:00,2021-10-11 19:00:00+00:00,16,TIME_EXIT,14827.0,14721.5,105.5,14837.0,14796.0,14721.5,115.5,231.0,500.0,2.1645021645021645,2,-83.24,-166.48,0
p0_st5_20_bearish_sr350_lr750_buf0_tg1030,NASDAQ_ORB_15m_p0_short_switch_tp2r_p0_st5_20_bearish_sr350_lr750_buf0_tg1030_2021-10-12,2021-10-12,1,SHORT,15,09:45,2.0,2021-10-12 13:46:00+00:00,2021-10-12 13:47:00+00:00,2021-10-12 19:00:00+00:00,16,TIME_EXIT,14778.75,14689.0,89.75,14667.0,14670.25,14778.75,111.75,223.5,350.0,1.5659955257270695,1,-7.74,-7.74,0
p0_st5_20_bearish_sr350_lr750_buf0_tg1030,NASDAQ_ORB_15m_p0_short_switch_tp2r_p0_st5_20_bearish_sr350_lr750_buf0_tg1030_2021-10-13,2021-10-13,1,SHORT,15,09:45,2.0,2021-10-13 14:15:00+00:00,2021-10-13 14:16:00+00:00,2021-10-13 18:03:00+00:00,45,SWITCH_TO_LONG,14778.75,14717.75,61.0,14678.0,14782.75,14778.75,100.75,201.5,350.0,1.7369727047146402,1,-210.74,-210.74,0
p0_st5_20_bearish_sr350_lr750_buf0_tg1030,NASDAQ_ORB_15m_p0_short_switch_tp2r_p0_st5_20_bearish_sr350_lr750_buf0_tg1030_2021-10-13,2021-10-13,2,LONG,15,09:45,2.0,2021-10-13 18:02:00+00:00,2021-10-13 18:03:00+00:00,2021-10-13 19:00:00+00:00,272,TIME_EXIT,14778.75,14717.75,61.0,14782.75,14743.75,14717.75,65.0,130.0,750.0,5.769230769230769,5,-79.24,-396.2,0
p0_st5_20_bearish_sr350_lr750_buf0_tg1030,NASDAQ_ORB_15m_p0_short_switch_tp2r_p0_st5_20_bearish_sr350_lr750_buf0_tg1030_2021-10-14,2021-10-14,1,LONG,15,09:45,2.0,2021-10-14 13:54:00+00:00,2021-10-14 13:55:00+00:00,2021-10-14 19:00:00+00:00,24,TIME_EXIT,14951.0,14890.5,60.5,14952.0,15039.5,14890.5,61.5,123.0,500.0,4.065040650406504,4,173.76,695.04,1
p0_st5_20_bearish_sr350_lr750_buf0_tg1030,NASDAQ_ORB_15m_p0_short_switch_tp2r_p0_st5_20_bearish_sr350_lr750_buf0_tg1030_2021-10-15,2021-10-15,1,LONG,15,09:45,2.0,2021-10-15 14:58:00+00:00,2021-10-15 14:59:00+00:00,2021-10-15 19:00:00+00:00,88,TIME_EXIT,15100.0,15049.25,50.75,15101.0,15114.75,15049.25,51.75,103.5,500.0,4.830917874396135,4,26.26,105.04,1
p0_st5_20_bearish_sr350_lr750_buf0_tg1030,NASDAQ_ORB_15m_p0_short_switch_tp2r_p0_st5_20_bearish_sr350_lr750_buf0_tg1030_2021-10-18,2021-10-18,1,LONG,15,09:45,2.0,2021-10-18 13:48:00+00:00,2021-10-18 13:49:00+00:00,2021-10-18 18:52:00+00:00,18,TP_2R,15117.75,15051.75,66.0,15124.75,15270.5,15051.75,73.0,146.0,500.0,3.4246575342465753,3,290.26,870.78,1
p0_st5_20_bearish_sr350_lr750_buf0_tg1030,NASDAQ_ORB_15m_p0_short_switch_tp2r_p0_st5_20_bearish_sr350_lr750_buf0_tg1030_2021-10-19,2021-10-19,1,LONG,15,09:45,2.0,2021-10-19 13:55:00+00:00,2021-10-19 13:56:00+00:00,2021-10-19 19:00:00+00:00,25,TIME_EXIT,15354.5,15302.25,52.25,15355.5,15375.75,15302.25,53.25,106.5,500.0,4.694835680751174,4,39.26,157.04,1
p0_st5_20_bearish_sr350_lr750_buf0_tg1030,NASDAQ_ORB_15m_p0_short_switch_tp2r_p0_st5_20_bearish_sr350_lr750_buf0_tg1030_2021-10-20,2021-10-20,1,LONG,15,09:45,2.0,2021-10-20 14:30:00+00:00,2021-10-20 14:31:00+00:00,2021-10-20 19:00:00+00:00,60,TIME_EXIT,15435.25,15402.0,33.25,15437.5,15372.5,15402.0,35.5,71.0,500.0,7.042253521126761,7,-131.24,-918.6800000000001,0
p0_st5_20_bearish_sr350_lr750_buf0_tg1030,NASDAQ_ORB_15m_p0_short_switch_tp2r_p0_st5_20_bearish_sr350_lr750_buf0_tg1030_2021-10-21,2021-10-21,1,LONG,15,09:45,2.0,2021-10-21 13:51:00+00:00,2021-10-21 13:52:00+00:00,2021-10-21 19:00:00+00:00,21,TIME_EXIT,15379.0,15334.25,44.75,15386.5,15440.0,15334.25,52.25,104.5,500.0,4.784688995215311,4,105.76,423.04,1
p0_st5_20_bearish_sr350_lr750_buf0_tg1030,NASDAQ_ORB_15m_p0_short_switch_tp2r_p0_st5_20_bearish_sr350_lr750_buf0_tg1030_2021-10-22,2021-10-22,1,SHORT,15,09:45,2.0,2021-10-22 13:50:00+00:00,2021-10-22 13:51:00+00:00,2021-10-22 14:31:00+00:00,20,SWITCH_TO_LONG,15458.25,15404.5,53.75,15403.0,15463.0,15458.25,55.25,110.5,350.0,3.167420814479638,3,-121.24,-363.71999999999997,0
p0_st5_20_bearish_sr350_lr750_buf0_tg1030,NASDAQ_ORB_15m_p0_short_switch_tp2r_p0_st5_20_bearish_sr350_lr750_buf0_tg1030_2021-10-22,2021-10-22,2,LONG,15,09:45,2.0,2021-10-22 14:30:00+00:00,2021-10-22 14:31:00+00:00,2021-10-22 19:00:00+00:00,60,TIME_EXIT,15458.25,15404.5,53.75,15463.0,15346.5,15404.5,58.5,117.0,750.0,6.410256410256411,6,-234.24,-1405.44,0
p0_st5_20_bearish_sr350_lr750_buf0_tg1030,NASDAQ_ORB_15m_p0_short_switch_tp2r_p0_st5_20_bearish_sr350_lr750_buf0_tg1030_2021-10-25,2021-10-25,1,LONG,15,09:45,2.0,2021-10-25 15:54:00+00:00,2021-10-25 15:55:00+00:00,2021-10-25 19:00:00+00:00,144,TIME_EXIT,15432.5,15322.25,110.25,15434.0,15517.25,15322.25,111.75,223.5,500.0,2.237136465324385,2,165.26,330.52,1
p0_st5_20_bearish_sr350_lr750_buf0_tg1030,NASDAQ_ORB_15m_p0_short_switch_tp2r_p0_st5_20_bearish_sr350_lr750_buf0_tg1030_2021-10-26,2021-10-26,1,LONG,15,09:45,2.0,2021-10-26 14:08:00+00:00,2021-10-26 14:09:00+00:00,2021-10-26 19:00:00+00:00,38,TIME_EXIT,15658.25,15580.25,78.0,15666.25,15576.5,15580.25,86.0,172.0,500.0,2.9069767441860463,2,-180.74,-361.48,0
p0_st5_20_bearish_sr350_lr750_buf0_tg1030,NASDAQ_ORB_15m_p0_short_switch_tp2r_p0_st5_20_bearish_sr350_lr750_buf0_tg1030_2021-10-27,2021-10-27,1,LONG,15,09:45,2.0,2021-10-27 13:46:00+00:00,2021-10-27 13:47:00+00:00,2021-10-27 19:00:00+00:00,16,TIME_EXIT,15626.0,15558.25,67.75,15630.5,15682.25,15558.25,72.25,144.5,500.0,3.4602076124567476,3,102.26,306.78000000000003,1
p0_st5_20_bearish_sr350_lr750_buf0_tg1030,NASDAQ_ORB_15m_p0_short_switch_tp2r_p0_st5_20_bearish_sr350_lr750_buf0_tg1030_2021-10-28,2021-10-28,1,LONG,15,09:45,2.0,2021-10-28 13:47:00+00:00,2021-10-28 13:48:00+00:00,2021-10-28 19:00:00+00:00,17,TIME_EXIT,15687.25,15635.75,51.5,15691.75,15741.0,15635.75,56.0,112.0,500.0,4.464285714285714,4,97.26,389.04,1
p0_st5_20_bearish_sr350_lr750_buf0_tg1030,NASDAQ_ORB_15m_p0_short_switch_tp2r_p0_st5_20_bearish_sr350_lr750_buf0_tg1030_2021-10-29,2021-10-29,1,LONG,15,09:45,2.0,2021-10-29 13:49:00+00:00,2021-10-29 13:50:00+00:00,2021-10-29 19:00:00+00:00,19,TIME_EXIT,15683.25,15616.0,67.25,15685.75,15786.5,15616.0,69.75,139.5,500.0,3.5842293906810037,3,200.26,600.78,1
p0_st5_20_bearish_sr350_lr750_buf0_tg1030,NASDAQ_ORB_15m_p0_short_switch_tp2r_p0_st5_20_bearish_sr350_lr750_buf0_tg1030_2021-11-01,2021-11-01,1,SHORT,15,09:45,2.0,2021-11-01 13:50:00+00:00,2021-11-01 13:51:00+00:00,2021-11-01 17:05:00+00:00,20,SWITCH_TO_LONG,15868.5,15804.75,63.75,15803.75,15869.25,15868.5,64.75,129.5,350.0,2.7027027027027026,2,-132.24,-264.48,0
p0_st5_20_bearish_sr350_lr750_buf0_tg1030,NASDAQ_ORB_15m_p0_short_switch_tp2r_p0_st5_20_bearish_sr350_lr750_buf0_tg1030_2021-11-01,2021-11-01,2,LONG,15,09:45,2.0,2021-11-01 17:04:00+00:00,2021-11-01 17:05:00+00:00,2021-11-01 19:00:00+00:00,214,TIME_EXIT,15868.5,15804.75,63.75,15869.25,15825.5,15804.75,64.5,129.0,750.0,5.813953488372093,5,-88.74,-443.7,0
p0_st5_20_bearish_sr350_lr750_buf0_tg1030,NASDAQ_ORB_15m_p0_short_switch_tp2r_p0_st5_20_bearish_sr350_lr750_buf0_tg1030_2021-11-02,2021-11-02,1,LONG,15,09:45,2.0,2021-11-02 13:49:00+00:00,2021-11-02 13:50:00+00:00,2021-11-02 19:00:00+00:00,19,TIME_EXIT,15950.0,15864.25,85.75,15951.5,15949.25,15864.25,87.25,174.5,500.0,2.865329512893983,2,-5.74,-11.48,0
p0_st5_20_bearish_sr350_lr750_buf0_tg1030,NASDAQ_ORB_15m_p0_short_switch_tp2r_p0_st5_20_bearish_sr350_lr750_buf0_tg1030_2021-11-03,2021-11-03,1,SHORT,15,09:45,2.0,2021-11-03 14:05:00+00:00,2021-11-03 14:06:00+00:00,2021-11-03 18:02:00+00:00,35,SWITCH_TO_LONG,15997.5,15943.25,54.25,15939.0,16005.75,15997.5,58.5,117.0,350.0,2.9914529914529915,2,-134.74,-269.48,0
p0_st5_20_bearish_sr350_lr750_buf0_tg1030,NASDAQ_ORB_15m_p0_short_switch_tp2r_p0_st5_20_bearish_sr350_lr750_buf0_tg1030_2021-11-03,2021-11-03,2,LONG,15,09:45,2.0,2021-11-03 18:01:00+00:00,2021-11-03 18:02:00+00:00,2021-11-03 19:00:00+00:00,271,TIME_EXIT,15997.5,15943.25,54.25,16005.75,16082.75,15943.25,62.5,125.0,750.0,6.0,6,152.76,916.56,1
p0_st5_20_bearish_sr350_lr750_buf0_tg1030,NASDAQ_ORB_15m_p0_short_switch_tp2r_p0_st5_20_bearish_sr350_lr750_buf0_tg1030_2021-11-04,2021-11-04,1,LONG,15,09:45,2.0,2021-11-04 13:46:00+00:00,2021-11-04 13:47:00+00:00,2021-11-04 14:33:00+00:00,16,TP_2R,16205.5,16157.0,48.5,16208.75,16312.0,16157.0,51.75,103.5,500.0,4.830917874396135,4,205.26,821.04,1
p0_st5_20_bearish_sr350_lr750_buf0_tg1030,NASDAQ_ORB_15m_p0_short_switch_tp2r_p0_st5_20_bearish_sr350_lr750_buf0_tg1030_2021-11-08,2021-11-08,1,SHORT,15,09:45,2.0,2021-11-08 14:56:00+00:00,2021-11-08 14:57:00+00:00,2021-11-08 20:00:00+00:00,26,TIME_EXIT,16394.25,16332.25,62.0,16327.25,16367.5,16394.25,67.0,134.0,350.0,2.611940298507463,2,-81.74,-163.48,0
p0_st5_20_bearish_sr350_lr750_buf0_tg1030,NASDAQ_ORB_15m_p0_short_switch_tp2r_p0_st5_20_bearish_sr350_lr750_buf0_tg1030_2021-11-09,2021-11-09,1,SHORT,15,09:45,2.0,2021-11-09 14:50:00+00:00,2021-11-09 14:51:00+00:00,2021-11-09 15:04:00+00:00,20,TP_2R,16391.75,16354.0,37.75,16326.75,16197.0,16391.75,65.0,130.0,350.0,2.6923076923076925,2,258.26,516.52,1
p0_st5_20_bearish_sr350_lr750_buf0_tg1030,NASDAQ_ORB_15m_p0_short_switch_tp2r_p0_st5_20_bearish_sr350_lr750_buf0_tg1030_2021-11-10,2021-11-10,1,LONG,15,09:45,2.0,2021-11-10 14:46:00+00:00,2021-11-10 14:47:00+00:00,2021-11-10 20:00:00+00:00,16,TIME_EXIT,16126.0,16041.5,84.5,16127.0,15924.5,16041.5,85.5,171.0,500.0,2.9239766081871346,2,-406.24,-812.48,0
p0_st5_20_bearish_sr350_lr750_buf0_tg1030,NASDAQ_ORB_15m_p0_short_switch_tp2r_p0_st5_20_bearish_sr350_lr750_buf0_tg1030_2021-11-11,2021-11-11,1,SHORT,15,09:45,2.0,2021-11-11 15:17:00+00:00,2021-11-11 15:18:00+00:00,2021-11-11 20:00:00+00:00,47,TIME_EXIT,16110.5,16053.5,57.0,16048.5,16039.25,16110.5,62.0,124.0,350.0,2.8225806451612905,2,17.26,34.52,1
p0_st5_20_bearish_sr350_lr750_buf0_tg1030,NASDAQ_ORB_15m_p0_short_switch_tp2r_p0_st5_20_bearish_sr350_lr750_buf0_tg1030_2021-11-12,2021-11-12,1,LONG,15,09:45,2.0,2021-11-12 15:47:00+00:00,2021-11-12 15:48:00+00:00,2021-11-12 20:00:00+00:00,77,TIME_EXIT,16078.0,16007.0,71.0,16085.0,16173.5,16007.0,78.0,156.0,500.0,3.2051282051282053,3,175.76,527.28,1
p0_st5_20_bearish_sr350_lr750_buf0_tg1030,NASDAQ_ORB_15m_p0_short_switch_tp2r_p0_st5_20_bearish_sr350_lr750_buf0_tg1030_2021-11-15,2021-11-15,1,SHORT,15,09:45,2.0,2021-11-15 14:51:00+00:00,2021-11-15 14:52:00+00:00,2021-11-15 16:44:00+00:00,21,TP_2R,16253.75,16211.25,42.5,16207.75,16116.0,16253.75,46.0,92.0,350.0,3.8043478260869565,3,182.26,546.78,1
p0_st5_20_bearish_sr350_lr750_buf0_tg1030,NASDAQ_ORB_15m_p0_short_switch_tp2r_p0_st5_20_bearish_sr350_lr750_buf0_tg1030_2021-11-16,2021-11-16,1,LONG,15,09:45,2.0,2021-11-16 15:17:00+00:00,2021-11-16 15:18:00+00:00,2021-11-16 20:00:00+00:00,47,TIME_EXIT,16252.0,16149.0,103.0,16255.25,16308.5,16149.0,106.25,212.5,500.0,2.3529411764705883,2,105.26,210.52,1
p0_st5_20_bearish_sr350_lr750_buf0_tg1030,NASDAQ_ORB_15m_p0_short_switch_tp2r_p0_st5_20_bearish_sr350_lr750_buf0_tg1030_2021-11-17,2021-11-17,1,SHORT,15,09:45,2.0,2021-11-17 14:52:00+00:00,2021-11-17 14:53:00+00:00,2021-11-17 15:14:00+00:00,22,SWITCH_TO_LONG,16322.5,16292.5,30.0,16275.25,16323.5,16322.5,47.25,94.5,350.0,3.7037037037037037,3,-97.74,-293.21999999999997,0
p0_st5_20_bearish_sr350_lr750_buf0_tg1030,NASDAQ_ORB_15m_p0_short_switch_tp2r_p0_st5_20_bearish_sr350_lr750_buf0_tg1030_2021-11-17,2021-11-17,2,LONG,15,09:45,2.0,2021-11-17 15:13:00+00:00,2021-11-17 15:14:00+00:00,2021-11-17 16:58:00+00:00,43,TP_2R,16322.5,16292.5,30.0,16323.5,16385.25,16292.5,31.0,62.0,750.0,12.096774193548388,12,122.26,1467.1200000000001,1
p0_st5_20_bearish_sr350_lr750_buf0_tg1030,NASDAQ_ORB_15m_p0_short_switch_tp2r_p0_st5_20_bearish_sr350_lr750_buf0_tg1030_2021-11-18,2021-11-18,1,LONG,15,09:45,2.0,2021-11-18 14:48:00+00:00,2021-11-18 14:49:00+00:00,2021-11-18 20:00:00+00:00,18,TIME_EXIT,16402.5,16353.5,49.0,16416.25,16447.0,16353.5,62.75,125.5,500.0,3.9840637450199203,3,60.26,180.78,1
p0_st5_20_bearish_sr350_lr750_buf0_tg1030,NASDAQ_ORB_15m_p0_short_switch_tp2r_p0_st5_20_bearish_sr350_lr750_buf0_tg1030_2021-11-19,2021-11-19,1,LONG,15,09:45,2.0,2021-11-19 14:46:00+00:00,2021-11-19 14:47:00+00:00,2021-11-19 20:00:00+00:00,16,TIME_EXIT,16564.0,16516.25,47.75,16574.25,16582.25,16516.25,58.0,116.0,500.0,4.310344827586207,4,14.76,59.04,1
p0_st5_20_bearish_sr350_lr750_buf0_tg1030,NASDAQ_ORB_15m_p0_short_switch_tp2r_p0_st5_20_bearish_sr350_lr750_buf0_tg1030_2021-11-22,2021-11-22,1,LONG,15,09:45,2.0,2021-11-22 14:50:00+00:00,2021-11-22 14:51:00+00:00,2021-11-22 20:00:00+00:00,20,TIME_EXIT,16711.5,16638.25,73.25,16730.5,16570.75,16638.25,92.25,184.5,500.0,2.710027100271003,2,-320.74,-641.48,0
p0_st5_20_bearish_sr350_lr750_buf0_tg1030,NASDAQ_ORB_15m_p0_short_switch_tp2r_p0_st5_20_bearish_sr350_lr750_buf0_tg1030_2021-11-23,2021-11-23,1,LONG,15,09:45,2.0,2021-11-23 14:47:00+00:00,2021-11-23 14:48:00+00:00,2021-11-23 20:00:00+00:00,17,TIME_EXIT,16378.0,16282.75,95.25,16391.0,16245.75,16282.75,108.25,216.5,500.0,2.3094688221709005,2,-291.74,-583.48,0
p0_st5_20_bearish_sr350_lr750_buf0_tg1030,NASDAQ_ORB_15m_p0_short_switch_tp2r_p0_st5_20_bearish_sr350_lr750_buf0_tg1030_2021-11-24,2021-11-24,1,SHORT,15,09:45,2.0,2021-11-24 14:47:00+00:00,2021-11-24 14:48:00+00:00,2021-11-24 15:03:00+00:00,17,SWITCH_TO_LONG,16208.0,16114.0,94.0,16107.5,16218.25,16208.0,100.5,201.0,350.0,1.7412935323383085,1,-222.74,-222.74,0
p0_st5_20_bearish_sr350_lr750_buf0_tg1030,NASDAQ_ORB_15m_p0_short_switch_tp2r_p0_st5_20_bearish_sr350_lr750_buf0_tg1030_2021-11-24,2021-11-24,2,LONG,15,09:45,2.0,2021-11-24 15:02:00+00:00,2021-11-24 15:03:00+00:00,2021-11-24 20:00:00+00:00,32,TIME_EXIT,16208.0,16114.0,94.0,16218.25,16324.75,16114.0,104.25,208.5,750.0,3.597122302158273,3,211.76,635.28,1
p0_st5_20_bearish_sr350_lr750_buf0_tg1030,NASDAQ_ORB_15m_p0_short_switch_tp2r_p0_st5_20_bearish_sr350_lr750_buf0_tg1030_2021-11-25,2021-11-25,1,LONG,15,09:45,2.0,2021-11-25 14:46:00+00:00,2021-11-25 14:47:00+00:00,2021-11-25 23:02:00+00:00,16,TIME_EXIT,16399.75,16379.25,20.5,16405.25,16408.5,16379.25,26.0,52.0,500.0,9.615384615384615,9,5.26,47.339999999999996,1
p0_st5_20_bearish_sr350_lr750_buf0_tg1030,NASDAQ_ORB_15m_p0_short_switch_tp2r_p0_st5_20_bearish_sr350_lr750_buf0_tg1030_2021-11-29,2021-11-29,1,LONG,15,09:45,2.0,2021-11-29 14:56:00+00:00,2021-11-29 14:57:00+00:00,2021-11-29 20:00:00+00:00,26,TIME_EXIT,16281.0,16210.0,71.0,16285.0,16402.0,16210.0,75.0,150.0,500.0,3.3333333333333335,3,232.76,698.28,1
p0_st5_20_bearish_sr350_lr750_buf0_tg1030,NASDAQ_ORB_15m_p0_short_switch_tp2r_p0_st5_20_bearish_sr350_lr750_buf0_tg1030_2021-11-30,2021-11-30,1,LONG,15,09:45,2.0,2021-11-30 14:47:00+00:00,2021-11-30 14:48:00+00:00,2021-11-30 20:00:00+00:00,17,TIME_EXIT,16372.25,16318.75,53.5,16374.0,16150.75,16318.75,55.25,110.5,500.0,4.524886877828054,4,-447.74,-1790.96,0
p0_st5_20_bearish_sr350_lr750_buf0_tg1030,NASDAQ_ORB_15m_p0_short_switch_tp2r_p0_st5_20_bearish_sr350_lr750_buf0_tg1030_2021-12-01,2021-12-01,1,LONG,15,09:45,2.0,2021-12-01 15:02:00+00:00,2021-12-01 15:03:00+00:00,2021-12-01 20:00:00+00:00,32,TIME_EXIT,16354.0,16270.75,83.25,16357.75,16130.75,16270.75,87.0,174.0,500.0,2.8735632183908044,2,-455.24,-910.48,0
p0_st5_20_bearish_sr350_lr750_buf0_tg1030,NASDAQ_ORB_15m_p0_short_switch_tp2r_p0_st5_20_bearish_sr350_lr750_buf0_tg1030_2021-12-02,2021-12-02,1,LONG,15,09:45,2.0,2021-12-02 14:49:00+00:00,2021-12-02 14:50:00+00:00,2021-12-02 20:00:00+00:00,19,TIME_EXIT,15978.5,15787.0,191.5,15986.0,15996.25,15787.0,199.0,398.0,500.0,1.256281407035176,1,19.26,19.26,1
p0_st5_20_bearish_sr350_lr750_buf0_tg1030,NASDAQ_ORB_15m_p0_short_switch_tp2r_p0_st5_20_bearish_sr350_lr750_buf0_tg1030_2021-12-03,2021-12-03,1,SHORT,15,09:45,2.0,2021-12-03 14:50:00+00:00,2021-12-03 14:51:00+00:00,2021-12-03 17:02:00+00:00,20,TP_2R,16090.75,15932.25,158.5,15916.5,15568.25,16090.75,174.25,348.5,350.0,1.0043041606886658,1,695.26,695.26,1
p0_st5_20_bearish_sr350_lr750_buf0_tg1030,NASDAQ_ORB_15m_p0_short_switch_tp2r_p0_st5_20_bearish_sr350_lr750_buf0_tg1030_2021-12-06,2021-12-06,1,LONG,15,09:45,2.0,2021-12-06 15:16:00+00:00,2021-12-06 15:17:00+00:00,2021-12-06 20:00:00+00:00,46,TIME_EXIT,15760.75,15559.25,201.5,15769.5,15838.0,15559.25,210.25,420.5,500.0,1.1890606420927468,1,135.76,135.76,1
p0_st5_20_bearish_sr350_lr750_buf0_tg1030,NASDAQ_ORB_15m_p0_short_switch_tp2r_p0_st5_20_bearish_sr350_lr750_buf0_tg1030_2021-12-07,2021-12-07,1,LONG,15,09:45,2.0,2021-12-07 14:46:00+00:00,2021-12-07 14:47:00+00:00,2021-12-07 16:38:00+00:00,16,TP_2R,16179.25,16119.0,60.25,16182.5,16309.25,16119.0,63.5,127.0,500.0,3.937007874015748,3,252.26,756.78,1
p0_st5_20_bearish_sr350_lr750_buf0_tg1030,NASDAQ_ORB_15m_p0_short_switch_tp2r_p0_st5_20_bearish_sr350_lr750_buf0_tg1030_2021-12-08,2021-12-08,1,LONG,15,09:45,2.0,2021-12-08 14:50:00+00:00,2021-12-08 14:51:00+00:00,2021-12-08 20:00:00+00:00,20,TIME_EXIT,16334.0,16251.5,82.5,16340.5,16367.5,16251.5,89.0,178.0,500.0,2.808988764044944,2,52.76,105.52,1
p0_st5_20_bearish_sr350_lr750_buf0_tg1030,NASDAQ_ORB_15m_p0_short_switch_tp2r_p0_st5_20_bearish_sr350_lr750_buf0_tg1030_2021-12-09,2021-12-09,1,SHORT,15,09:45,2.0,2021-12-09 15:11:00+00:00,2021-12-09 15:12:00+00:00,2021-12-09 20:00:00+00:00,41,TIME_EXIT,16413.5,16334.75,78.75,16326.25,16204.75,16413.5,87.25,174.5,350.0,2.005730659025788,2,241.76,483.52,1
p0_st5_20_bearish_sr350_lr750_buf0_tg1030,NASDAQ_ORB_15m_p0_short_switch_tp2r_p0_st5_20_bearish_sr350_lr750_buf0_tg1030_2021-12-10,2021-12-10,1,SHORT,15,09:45,2.0,2021-12-10 14:50:00+00:00,2021-12-10 14:51:00+00:00,2021-12-10 20:00:00+00:00,20,TIME_EXIT,16328.25,16243.0,85.25,16218.75,16238.5,16328.25,109.5,219.0,350.0,1.5981735159817352,1,-40.74,-40.74,0
p0_st5_20_bearish_sr350_lr750_buf0_tg1030,NASDAQ_ORB_15m_p0_short_switch_tp2r_p0_st5_20_bearish_sr350_lr750_buf0_tg1030_2021-12-13,2021-12-13,1,SHORT,15,09:45,2.0,2021-12-13 14:54:00+00:00,2021-12-13 14:55:00+00:00,2021-12-13 20:00:00+00:00,24,TIME_EXIT,16340.0,16269.0,71.0,16263.25,16193.25,16340.0,76.75,153.5,350.0,2.2801302931596092,2,138.76,277.52,1
p0_st5_20_bearish_sr350_lr750_buf0_tg1030,NASDAQ_ORB_15m_p0_short_switch_tp2r_p0_st5_20_bearish_sr350_lr750_buf0_tg1030_2021-12-15,2021-12-15,1,SHORT,15,09:45,2.0,2021-12-15 14:48:00+00:00,2021-12-15 14:49:00+00:00,2021-12-15 19:07:00+00:00,18,SWITCH_TO_LONG,15927.75,15859.75,68.0,15858.5,15948.0,15927.75,69.25,138.5,350.0,2.527075812274368,2,-180.24,-360.48,0
p0_st5_20_bearish_sr350_lr750_buf0_tg1030,NASDAQ_ORB_15m_p0_short_switch_tp2r_p0_st5_20_bearish_sr350_lr750_buf0_tg1030_2021-12-15,2021-12-15,2,LONG,15,09:45,2.0,2021-12-15 19:06:00+00:00,2021-12-15 19:07:00+00:00,2021-12-15 20:00:00+00:00,276,TIME_EXIT,15927.75,15859.75,68.0,15948.0,15994.0,15859.75,88.25,176.5,750.0,4.2492917847025495,4,90.76,363.04,1
p0_st5_20_bearish_sr350_lr750_buf0_tg1030,NASDAQ_ORB_15m_p0_short_switch_tp2r_p0_st5_20_bearish_sr350_lr750_buf0_tg1030_2021-12-16,2021-12-16,1,SHORT,15,09:45,2.0,2021-12-16 14:56:00+00:00,2021-12-16 14:57:00+00:00,2021-12-16 17:45:00+00:00,26,TP_2R,16342.0,16212.5,129.5,16205.0,15931.25,16342.0,137.0,274.0,350.0,1.2773722627737227,1,546.26,546.26,1
p0_st5_20_bearish_sr350_lr750_buf0_tg1030,NASDAQ_ORB_15m_p0_short_switch_tp2r_p0_st5_20_bearish_sr350_lr750_buf0_tg1030_2021-12-17,2021-12-17,1,LONG,15,09:45,2.0,2021-12-17 14:50:00+00:00,2021-12-17 14:51:00+00:00,2021-12-17 20:00:00+00:00,20,TIME_EXIT,15791.75,15656.75,135.0,15796.0,15864.5,15656.75,139.25,278.5,500.0,1.7953321364452424,1,135.76,135.76,1
p0_st5_20_bearish_sr350_lr750_buf0_tg1030,NASDAQ_ORB_15m_p0_short_switch_tp2r_p0_st5_20_bearish_sr350_lr750_buf0_tg1030_2021-12-21,2021-12-21,1,SHORT,15,09:45,2.0,2021-12-21 14:46:00+00:00,2021-12-21 14:47:00+00:00,2021-12-21 17:13:00+00:00,16,SWITCH_TO_LONG,15798.75,15707.5,91.25,15706.25,15806.75,15798.75,92.5,185.0,350.0,1.8918918918918919,1,-202.24,-202.24,0
p0_st5_20_bearish_sr350_lr750_buf0_tg1030,NASDAQ_ORB_15m_p0_short_switch_tp2r_p0_st5_20_bearish_sr350_lr750_buf0_tg1030_2021-12-21,2021-12-21,2,LONG,15,09:45,2.0,2021-12-21 17:12:00+00:00,2021-12-21 17:13:00+00:00,2021-12-21 20:00:00+00:00,162,TIME_EXIT,15798.75,15707.5,91.25,15806.75,15973.75,15707.5,99.25,198.5,750.0,3.7783375314861463,3,332.76,998.28,1
p0_st5_20_bearish_sr350_lr750_buf0_tg1030,NASDAQ_ORB_15m_p0_short_switch_tp2r_p0_st5_20_bearish_sr350_lr750_buf0_tg1030_2021-12-22,2021-12-22,1,LONG,15,09:45,2.0,2021-12-22 14:46:00+00:00,2021-12-22 14:47:00+00:00,2021-12-22 20:00:00+00:00,16,TIME_EXIT,16012.25,15933.75,78.5,16017.5,16114.5,15933.75,83.75,167.5,500.0,2.985074626865672,2,192.76,385.52,1
p0_st5_20_bearish_sr350_lr750_buf0_tg1030,NASDAQ_ORB_15m_p0_short_switch_tp2r_p0_st5_20_bearish_sr350_lr750_buf0_tg1030_2021-12-23,2021-12-23,1,LONG,15,09:45,2.0,2021-12-23 15:01:00+00:00,2021-12-23 15:02:00+00:00,2021-12-23 20:00:00+00:00,31,TIME_EXIT,16237.0,16176.5,60.5,16245.5,16337.0,16176.5,69.0,138.0,500.0,3.6231884057971016,3,181.76,545.28,1
p0_st5_20_bearish_sr350_lr750_buf0_tg1030,NASDAQ_ORB_15m_p0_short_switch_tp2r_p0_st5_20_bearish_sr350_lr750_buf0_tg1030_2021-12-27,2021-12-27,1,LONG,15,09:45,2.0,2021-12-27 15:03:00+00:00,2021-12-27 15:04:00+00:00,2021-12-27 20:00:00+00:00,33,TIME_EXIT,16448.25,16344.5,103.75,16453.0,16541.0,16344.5,108.5,217.0,500.0,2.304147465437788,2,174.76,349.52,1
p0_st5_20_bearish_sr350_lr750_buf0_tg1030,NASDAQ_ORB_15m_p0_short_switch_tp2r_p0_st5_20_bearish_sr350_lr750_buf0_tg1030_2021-12-28,2021-12-28,1,SHORT,15,09:45,2.0,2021-12-28 15:10:00+00:00,2021-12-28 15:11:00+00:00,2021-12-28 20:00:00+00:00,40,TIME_EXIT,16611.5,16520.75,90.75,16519.5,16494.25,16611.5,92.0,184.0,350.0,1.9021739130434783,1,49.26,49.26,1
p0_st5_20_bearish_sr350_lr750_buf0_tg1030,NASDAQ_ORB_15m_p0_short_switch_tp2r_p0_st5_20_bearish_sr350_lr750_buf0_tg1030_2021-12-29,2021-12-29,1,SHORT,15,09:45,2.0,2021-12-29 15:15:00+00:00,2021-12-29 15:16:00+00:00,2021-12-29 20:00:00+00:00,45,TIME_EXIT,16549.25,16492.0,57.25,16422.5,16499.25,16549.25,126.75,253.5,350.0,1.3806706114398422,1,-154.74,-154.74,0
p0_st5_20_bearish_sr350_lr750_buf0_tg1030,NASDAQ_ORB_15m_p0_short_switch_tp2r_p0_st5_20_bearish_sr350_lr750_buf0_tg1030_2021-12-30,2021-12-30,1,LONG,15,09:45,2.0,2021-12-30 15:06:00+00:00,2021-12-30 15:07:00+00:00,2021-12-30 20:00:00+00:00,36,TIME_EXIT,16518.0,16449.5,68.5,16525.25,16523.75,16449.5,75.75,151.5,500.0,3.3003300330033003,3,-4.24,-12.72,0
p0_st5_20_bearish_sr350_lr750_buf0_tg1030,NASDAQ_ORB_15m_p0_short_switch_tp2r_p0_st5_20_bearish_sr350_lr750_buf0_tg1030_2021-12-31,2021-12-31,1,SHORT,15,09:45,2.0,2021-12-31 14:50:00+00:00,2021-12-31 14:51:00+00:00,2021-12-31 20:00:00+00:00,20,TIME_EXIT,16464.0,16406.0,58.0,16393.5,16364.0,16464.0,70.5,141.0,350.0,2.482269503546099,2,57.76,115.52,1
p0_st5_20_bearish_sr350_lr750_buf0_tg1030,NASDAQ_ORB_15m_p0_short_switch_tp2r_p0_st5_20_bearish_sr350_lr750_buf0_tg1030_2022-01-03,2022-01-03,1,SHORT,15,09:45,2.0,2022-01-03 14:50:00+00:00,2022-01-03 14:51:00+00:00,2022-01-03 19:46:00+00:00,20,SWITCH_TO_LONG,16484.75,16378.5,106.25,16348.0,16490.25,16484.75,136.75,273.5,350.0,1.2797074954296161,1,-285.74,-285.74,0
p0_st5_20_bearish_sr350_lr750_buf0_tg1030,NASDAQ_ORB_15m_p0_short_switch_tp2r_p0_st5_20_bearish_sr350_lr750_buf0_tg1030_2022-01-03,2022-01-03,2,LONG,15,09:45,2.0,2022-01-03 19:45:00+00:00,2022-01-03 19:46:00+00:00,2022-01-03 20:00:00+00:00,315,TIME_EXIT,16484.75,16378.5,106.25,16490.25,16473.75,16378.5,111.75,223.5,750.0,3.3557046979865772,3,-34.24,-102.72,0
p0_st5_20_bearish_sr350_lr750_buf0_tg1030,NASDAQ_ORB_15m_p0_short_switch_tp2r_p0_st5_20_bearish_sr350_lr750_buf0_tg1030_2022-01-04,2022-01-04,1,SHORT,15,09:45,2.0,2022-01-04 14:51:00+00:00,2022-01-04 14:52:00+00:00,2022-01-04 15:37:00+00:00,21,TP_2R,16512.25,16467.25,45.0,16455.0,16340.75,16512.25,57.25,114.5,350.0,3.056768558951965,3,227.26,681.78,1
p0_st5_20_bearish_sr350_lr750_buf0_tg1030,NASDAQ_ORB_15m_p0_short_switch_tp2r_p0_st5_20_bearish_sr350_lr750_buf0_tg1030_2022-01-05,2022-01-05,1,LONG,15,09:45,2.0,2022-01-05 15:01:00+00:00,2022-01-05 15:02:00+00:00,2022-01-05 20:00:00+00:00,31,TIME_EXIT,16216.75,16103.0,113.75,16229.0,15899.25,16103.0,126.0,252.0,500.0,1.9841269841269842,1,-660.74,-660.74,0
p0_st5_20_bearish_sr350_lr750_buf0_tg1030,NASDAQ_ORB_15m_p0_short_switch_tp2r_p0_st5_20_bearish_sr350_lr750_buf0_tg1030_2022-01-07,2022-01-07,1,LONG,15,09:45,2.0,2022-01-07 14:46:00+00:00,2022-01-07 14:47:00+00:00,2022-01-07 20:00:00+00:00,16,TIME_EXIT,15812.5,15673.75,138.75,15816.5,15638.0,15673.75,142.75,285.5,500.0,1.7513134851138354,1,-358.24,-358.24,0
p0_st5_20_bearish_sr350_lr750_buf0_tg1030,NASDAQ_ORB_15m_p0_short_switch_tp2r_p0_st5_20_bearish_sr350_lr750_buf0_tg1030_2022-01-10,2022-01-10,1,SHORT,15,09:45,2.0,2022-01-10 14:49:00+00:00,2022-01-10 14:50:00+00:00,2022-01-10 18:54:00+00:00,19,SWITCH_TO_LONG,15415.0,15289.75,125.25,15288.25,15426.25,15415.0,126.75,253.5,350.0,1.3806706114398422,1,-277.24,-277.24,0
p0_st5_20_bearish_sr350_lr750_buf0_tg1030,NASDAQ_ORB_15m_p0_short_switch_tp2r_p0_st5_20_bearish_sr350_lr750_buf0_tg1030_2022-01-10,2022-01-10,2,LONG,15,09:45,2.0,2022-01-10 18:53:00+00:00,2022-01-10 18:54:00+00:00,2022-01-10 20:00:00+00:00,263,TIME_EXIT,15415.0,15289.75,125.25,15426.25,15462.0,15289.75,136.5,273.0,750.0,2.7472527472527473,2,70.26,140.52,1
p0_st5_20_bearish_sr350_lr750_buf0_tg1030,NASDAQ_ORB_15m_p0_short_switch_tp2r_p0_st5_20_bearish_sr350_lr750_buf0_tg1030_2022-01-11,2022-01-11,1,LONG,15,09:45,2.0,2022-01-11 15:05:00+00:00,2022-01-11 15:06:00+00:00,2022-01-11 20:00:00+00:00,35,TIME_EXIT,15594.0,15474.5,119.5,15621.0,15811.0,15474.5,146.5,293.0,500.0,1.7064846416382253,1,378.76,378.76,1
p0_st5_20_bearish_sr350_lr750_buf0_tg1030,NASDAQ_ORB_15m_p0_short_switch_tp2r_p0_st5_20_bearish_sr350_lr750_buf0_tg1030_2022-01-12,2022-01-12,1,LONG,15,09:45,2.0,2022-01-12 15:11:00+00:00,2022-01-12 15:12:00+00:00,2022-01-12 20:00:00+00:00,41,TIME_EXIT,15992.5,15894.5,98.0,16000.75,15898.75,15894.5,106.25,212.5,500.0,2.3529411764705883,2,-205.24,-410.48,0
p0_st5_20_bearish_sr350_lr750_buf0_tg1030,NASDAQ_ORB_15m_p0_short_switch_tp2r_p0_st5_20_bearish_sr350_lr750_buf0_tg1030_2022-01-13,2022-01-13,1,SHORT,15,09:45,2.0,2022-01-13 15:10:00+00:00,2022-01-13 15:11:00+00:00,2022-01-13 17:16:00+00:00,40,TP_2R,15979.25,15914.25,65.0,15893.75,15723.0,15979.25,85.5,171.0,350.0,2.046783625730994,2,340.26,680.52,1
p0_st5_20_bearish_sr350_lr750_buf0_tg1030,NASDAQ_ORB_15m_p0_short_switch_tp2r_p0_st5_20_bearish_sr350_lr750_buf0_tg1030_2022-01-14,2022-01-14,1,LONG,15,09:45,2.0,2022-01-14 14:46:00+00:00,2022-01-14 14:47:00+00:00,2022-01-14 20:00:00+00:00,16,TIME_EXIT,15536.0,15379.75,156.25,15536.25,15497.0,15379.75,156.5,313.0,500.0,1.597444089456869,1,-79.74,-79.74,0
p0_st5_20_bearish_sr350_lr750_buf0_tg1030,NASDAQ_ORB_15m_p0_short_switch_tp2r_p0_st5_20_bearish_sr350_lr750_buf0_tg1030_2022-01-17,2022-01-17,1,SHORT,15,09:45,2.0,2022-01-17 14:48:00+00:00,2022-01-17 14:49:00+00:00,2022-01-17 23:02:00+00:00,18,TIME_EXIT,15611.25,15572.5,38.75,15566.75,15575.75,15611.25,44.5,89.0,350.0,3.932584269662921,3,-19.24,-57.72,0
p0_st5_20_bearish_sr350_lr750_buf0_tg1030,NASDAQ_ORB_15m_p0_short_switch_tp2r_p0_st5_20_bearish_sr350_lr750_buf0_tg1030_2022-01-18,2022-01-18,1,LONG,15,09:45,2.0,2022-01-18 15:07:00+00:00,2022-01-18 15:08:00+00:00,2022-01-18 20:00:00+00:00,37,TIME_EXIT,15374.25,15272.5,101.75,15394.5,15307.25,15272.5,122.0,244.0,500.0,2.0491803278688523,2,-175.74,-351.48,0
p0_st5_20_bearish_sr350_lr750_buf0_tg1030,NASDAQ_ORB_15m_p0_short_switch_tp2r_p0_st5_20_bearish_sr350_lr750_buf0_tg1030_2022-01-19,2022-01-19,1,LONG,15,09:45,2.0,2022-01-19 14:47:00+00:00,2022-01-19 14:48:00+00:00,2022-01-19 20:00:00+00:00,17,TIME_EXIT,15340.0,15251.5,88.5,15345.0,15185.0,15251.5,93.5,187.0,500.0,2.6737967914438503,2,-321.24,-642.48,0
p0_st5_20_bearish_sr350_lr750_buf0_tg1030,NASDAQ_ORB_15m_p0_short_switch_tp2r_p0_st5_20_bearish_sr350_lr750_buf0_tg1030_2022-01-20,2022-01-20,1,LONG,15,09:45,2.0,2022-01-20 14:48:00+00:00,2022-01-20 14:49:00+00:00,2022-01-20 20:00:00+00:00,18,TIME_EXIT,15258.5,15160.5,98.0,15259.0,15083.5,15160.5,98.5,197.0,500.0,2.5380710659898478,2,-352.24,-704.48,0
p0_st5_20_bearish_sr350_lr750_buf0_tg1030,NASDAQ_ORB_15m_p0_short_switch_tp2r_p0_st5_20_bearish_sr350_lr750_buf0_tg1030_2022-01-21,2022-01-21,1,SHORT,15,09:45,2.0,2022-01-21 15:00:00+00:00,2022-01-21 15:01:00+00:00,2022-01-21 16:23:00+00:00,30,SWITCH_TO_LONG,14818.75,14667.5,151.25,14650.0,14843.5,14818.75,168.75,337.5,350.0,1.037037037037037,1,-388.24,-388.24,0
p0_st5_20_bearish_sr350_lr750_buf0_tg1030,NASDAQ_ORB_15m_p0_short_switch_tp2r_p0_st5_20_bearish_sr350_lr750_buf0_tg1030_2022-01-21,2022-01-21,2,LONG,15,09:45,2.0,2022-01-21 16:22:00+00:00,2022-01-21 16:23:00+00:00,2022-01-21 20:00:00+00:00,112,TIME_EXIT,14818.75,14667.5,151.25,14843.5,14510.75,14667.5,176.0,352.0,750.0,2.1306818181818183,2,-666.74,-1333.48,0
p0_st5_20_bearish_sr350_lr750_buf0_tg1030,NASDAQ_ORB_15m_p0_short_switch_tp2r_p0_st5_20_bearish_sr350_lr750_buf0_tg1030_2022-01-24,2022-01-24,1,SHORT,15,09:45,2.0,2022-01-24 14:51:00+00:00,2022-01-24 14:52:00+00:00,2022-01-24 17:13:00+00:00,21,TP_2R,14263.75,14116.75,147.0,14107.75,13796.0,14263.75,156.0,312.0,350.0,1.1217948717948718,1,622.26,622.26,1
p0_st5_20_bearish_sr350_lr750_buf0_tg1030,NASDAQ_ORB_15m_p0_short_switch_tp2r_p0_st5_20_bearish_sr350_lr750_buf0_tg1030_2022-01-25,2022-01-25,1,SHORT,15,09:45,2.0,2022-01-25 14:46:00+00:00,2022-01-25 14:47:00+00:00,2022-01-25 19:22:00+00:00,16,SWITCH_TO_LONG,14304.75,14184.0,120.75,14146.0,14314.75,14304.75,158.75,317.5,350.0,1.1023622047244095,1,-338.74,-338.74,0
p0_st5_20_bearish_sr350_lr750_buf0_tg1030,NASDAQ_ORB_15m_p0_short_switch_tp2r_p0_st5_20_bearish_sr350_lr750_buf0_tg1030_2022-01-25,2022-01-25,2,LONG,15,09:45,2.0,2022-01-25 19:21:00+00:00,2022-01-25 19:22:00+00:00,2022-01-25 20:00:00+00:00,291,TIME_EXIT,14304.75,14184.0,120.75,14314.75,14389.75,14184.0,130.75,261.5,750.0,2.8680688336520075,2,148.76,297.52,1
p0_st5_20_bearish_sr350_lr750_buf0_tg1030,NASDAQ_ORB_15m_p0_short_switch_tp2r_p0_st5_20_bearish_sr350_lr750_buf0_tg1030_2022-01-26,2022-01-26,1,LONG,15,09:45,2.0,2022-01-26 15:04:00+00:00,2022-01-26 15:05:00+00:00,2022-01-26 20:00:00+00:00,34,TIME_EXIT,14499.75,14350.0,149.75,14510.75,14261.5,14350.0,160.75,321.5,500.0,1.5552099533437014,1,-499.74,-499.74,0
p0_st5_20_bearish_sr350_lr750_buf0_tg1030,NASDAQ_ORB_15m_p0_short_switch_tp2r_p0_st5_20_bearish_sr350_lr750_buf0_tg1030_2022-01-27,2022-01-27,1,LONG,15,09:45,2.0,2022-01-27 14:48:00+00:00,2022-01-27 14:49:00+00:00,2022-01-27 20:00:00+00:00,18,TIME_EXIT,14354.0,14231.75,122.25,14355.25,14009.75,14231.75,123.5,247.0,500.0,2.0242914979757085,2,-692.24,-1384.48,0
p0_st5_20_bearish_sr350_lr750_buf0_tg1030,NASDAQ_ORB_15m_p0_short_switch_tp2r_p0_st5_20_bearish_sr350_lr750_buf0_tg1030_2022-01-28,2022-01-28,1,LONG,15,09:45,2.0,2022-01-28 15:55:00+00:00,2022-01-28 15:56:00+00:00,2022-01-28 20:00:00+00:00,85,TIME_EXIT,14102.25,13893.0,209.25,14109.75,14212.25,13893.0,216.75,433.5,500.0,1.1534025374855825,1,203.76,203.76,1
p0_st5_20_bearish_sr350_lr750_buf0_tg1030,NASDAQ_ORB_15m_p0_short_switch_tp2r_p0_st5_20_bearish_sr350_lr750_buf0_tg1030_2022-01-31,2022-01-31,1,LONG,15,09:45,2.0,2022-01-31 14:53:00+00:00,2022-01-31 14:54:00+00:00,2022-01-31 20:00:00+00:00,23,TIME_EXIT,14584.0,14416.25,167.75,14596.75,14811.25,14416.25,180.5,361.0,500.0,1.3850415512465375,1,427.76,427.76,1
p0_st5_20_bearish_sr350_lr750_buf0_tg1030,NASDAQ_ORB_15m_p0_short_switch_tp2r_p0_st5_20_bearish_sr350_lr750_buf0_tg1030_2022-02-01,2022-02-01,1,SHORT,15,09:45,2.0,2022-02-01 15:01:00+00:00,2022-02-01 15:02:00+00:00,2022-02-01 20:00:00+00:00,31,TIME_EXIT,14952.0,14787.0,165.0,14781.25,14867.0,14952.0,170.75,341.5,350.0,1.0248901903367496,1,-172.74,-172.74,0
p0_st5_20_bearish_sr350_lr750_buf0_tg1030,NASDAQ_ORB_15m_p0_short_switch_tp2r_p0_st5_20_bearish_sr350_lr750_buf0_tg1030_2022-02-02,2022-02-02,1,SHORT,15,09:45,2.0,2022-02-02 14:47:00+00:00,2022-02-02 14:48:00+00:00,2022-02-02 20:00:00+00:00,17,TIME_EXIT,15178.0,15063.0,115.0,15059.25,15094.25,15178.0,118.75,237.5,350.0,1.4736842105263157,1,-71.24,-71.24,0
p0_st5_20_bearish_sr350_lr750_buf0_tg1030,NASDAQ_ORB_15m_p0_short_switch_tp2r_p0_st5_20_bearish_sr350_lr750_buf0_tg1030_2022-02-03,2022-02-03,1,LONG,15,09:45,2.0,2022-02-03 15:21:00+00:00,2022-02-03 15:22:00+00:00,2022-02-03 20:00:00+00:00,51,TIME_EXIT,14799.25,14677.25,122.0,14823.75,14590.5,14677.25,146.5,293.0,500.0,1.7064846416382253,1,-467.74,-467.74,0
p0_st5_20_bearish_sr350_lr750_buf0_tg1030,NASDAQ_ORB_15m_p0_short_switch_tp2r_p0_st5_20_bearish_sr350_lr750_buf0_tg1030_2022-02-04,2022-02-04,1,LONG,15,09:45,2.0,2022-02-04 14:46:00+00:00,2022-02-04 14:47:00+00:00,2022-02-04 20:00:00+00:00,16,TIME_EXIT,14579.75,14433.0,146.75,14593.25,14756.0,14433.0,160.25,320.5,500.0,1.5600624024960998,1,324.26,324.26,1
p0_st5_20_bearish_sr350_lr750_buf0_tg1030,NASDAQ_ORB_15m_p0_short_switch_tp2r_p0_st5_20_bearish_sr350_lr750_buf0_tg1030_2022-02-07,2022-02-07,1,LONG,15,09:45,2.0,2022-02-07 14:52:00+00:00,2022-02-07 14:53:00+00:00,2022-02-07 20:00:00+00:00,22,TIME_EXIT,14782.25,14670.25,112.0,14790.5,14678.5,14670.25,120.25,240.5,500.0,2.079002079002079,2,-225.24,-450.48,0
p0_st5_20_bearish_sr350_lr750_buf0_tg1030,NASDAQ_ORB_15m_p0_short_switch_tp2r_p0_st5_20_bearish_sr350_lr750_buf0_tg1030_2022-02-08,2022-02-08,1,SHORT,15,09:45,2.0,2022-02-08 15:01:00+00:00,2022-02-08 15:02:00+00:00,2022-02-08 15:48:00+00:00,31,SWITCH_TO_LONG,14588.25,14501.0,87.25,14494.5,14595.0,14588.25,93.75,187.5,350.0,1.8666666666666667,1,-202.24,-202.24,0
p0_st5_20_bearish_sr350_lr750_buf0_tg1030,NASDAQ_ORB_15m_p0_short_switch_tp2r_p0_st5_20_bearish_sr350_lr750_buf0_tg1030_2022-02-08,2022-02-08,2,LONG,15,09:45,2.0,2022-02-08 15:47:00+00:00,2022-02-08 15:48:00+00:00,2022-02-08 20:00:00+00:00,77,TIME_EXIT,14588.25,14501.0,87.25,14595.0,14646.5,14501.0,94.0,188.0,750.0,3.9893617021276597,3,101.76,305.28000000000003,1
p0_st5_20_bearish_sr350_lr750_buf0_tg1030,NASDAQ_ORB_15m_p0_short_switch_tp2r_p0_st5_20_bearish_sr350_lr750_buf0_tg1030_2022-02-09,2022-02-09,1,SHORT,15,09:45,2.0,2022-02-09 14:55:00+00:00,2022-02-09 14:56:00+00:00,2022-02-09 16:02:00+00:00,25,SWITCH_TO_LONG,14951.5,14888.5,63.0,14882.25,14961.25,14951.5,69.25,138.5,350.0,2.527075812274368,2,-159.24,-318.48,0
p0_st5_20_bearish_sr350_lr750_buf0_tg1030,NASDAQ_ORB_15m_p0_short_switch_tp2r_p0_st5_20_bearish_sr350_lr750_buf0_tg1030_2022-02-09,2022-02-09,2,LONG,15,09:45,2.0,2022-02-09 16:01:00+00:00,2022-02-09 16:02:00+00:00,2022-02-09 20:00:00+00:00,91,TIME_EXIT,14951.5,14888.5,63.0,14961.25,14989.25,14888.5,72.75,145.5,750.0,5.154639175257732,5,54.76,273.8,1
p0_st5_20_bearish_sr350_lr750_buf0_tg1030,NASDAQ_ORB_15m_p0_short_switch_tp2r_p0_st5_20_bearish_sr350_lr750_buf0_tg1030_2022-02-10,2022-02-10,1,LONG,15,09:45,2.0,2022-02-10 14:51:00+00:00,2022-02-10 14:52:00+00:00,2022-02-10 20:00:00+00:00,21,TIME_EXIT,14855.25,14735.25,120.0,14885.75,14728.5,14735.25,150.5,301.0,500.0,1.6611295681063123,1,-315.74,-315.74,0
p0_st5_20_bearish_sr350_lr750_buf0_tg1030,NASDAQ_ORB_15m_p0_short_switch_tp2r_p0_st5_20_bearish_sr350_lr750_buf0_tg1030_2022-02-11,2022-02-11,1,LONG,15,09:45,2.0,2022-02-11 14:47:00+00:00,2022-02-11 14:48:00+00:00,2022-02-11 20:00:00+00:00,17,TIME_EXIT,14750.5,14656.25,94.25,14765.0,14264.5,14656.25,108.75,217.5,500.0,2.2988505747126435,2,-1002.24,-2004.48,0
p0_st5_20_bearish_sr350_lr750_buf0_tg1030,NASDAQ_ORB_15m_p0_short_switch_tp2r_p0_st5_20_bearish_sr350_lr750_buf0_tg1030_2022-02-14,2022-02-14,1,LONG,15,09:45,2.0,2022-02-14 14:51:00+00:00,2022-02-14 14:52:00+00:00,2022-02-14 20:00:00+00:00,21,TIME_EXIT,14288.25,14182.25,106.0,14295.5,14231.5,14182.25,113.25,226.5,500.0,2.207505518763797,2,-129.24,-258.48,0
p0_st5_20_bearish_sr350_lr750_buf0_tg1030,NASDAQ_ORB_15m_p0_short_switch_tp2r_p0_st5_20_bearish_sr350_lr750_buf0_tg1030_2022-02-15,2022-02-15,1,LONG,15,09:45,2.0,2022-02-15 15:42:00+00:00,2022-02-15 15:43:00+00:00,2022-02-15 20:00:00+00:00,72,TIME_EXIT,14522.25,14446.25,76.0,14525.75,14562.5,14446.25,79.5,159.0,500.0,3.1446540880503147,3,72.26,216.78000000000003,1
p0_st5_20_bearish_sr350_lr750_buf0_tg1030,NASDAQ_ORB_15m_p0_short_switch_tp2r_p0_st5_20_bearish_sr350_lr750_buf0_tg1030_2022-02-16,2022-02-16,1,SHORT,15,09:45,2.0,2022-02-16 14:51:00+00:00,2022-02-16 14:52:00+00:00,2022-02-16 19:23:00+00:00,21,SWITCH_TO_LONG,14516.0,14430.5,85.5,14394.25,14532.25,14516.0,121.75,243.5,350.0,1.4373716632443532,1,-277.24,-277.24,0
p0_st5_20_bearish_sr350_lr750_buf0_tg1030,NASDAQ_ORB_15m_p0_short_switch_tp2r_p0_st5_20_bearish_sr350_lr750_buf0_tg1030_2022-02-16,2022-02-16,2,LONG,15,09:45,2.0,2022-02-16 19:22:00+00:00,2022-02-16 19:23:00+00:00,2022-02-16 20:00:00+00:00,292,TIME_EXIT,14516.0,14430.5,85.5,14532.25,14586.5,14430.5,101.75,203.5,750.0,3.6855036855036856,3,107.26,321.78000000000003,1
p0_st5_20_bearish_sr350_lr750_buf0_tg1030,NASDAQ_ORB_15m_p0_short_switch_tp2r_p0_st5_20_bearish_sr350_lr750_buf0_tg1030_2022-02-17,2022-02-17,1,SHORT,15,09:45,2.0,2022-02-17 14:47:00+00:00,2022-02-17 14:48:00+00:00,2022-02-17 19:06:00+00:00,17,TP_2R,14496.0,14448.75,47.25,14425.25,14284.0,14496.0,70.75,141.5,350.0,2.4734982332155475,2,281.26,562.52,1
p0_st5_20_bearish_sr350_lr750_buf0_tg1030,NASDAQ_ORB_15m_p0_short_switch_tp2r_p0_st5_20_bearish_sr350_lr750_buf0_tg1030_2022-02-22,2022-02-22,1,LONG,15,09:45,2.0,2022-02-22 14:46:00+00:00,2022-02-22 14:47:00+00:00,2022-02-22 20:00:00+00:00,16,TIME_EXIT,13987.0,13862.0,125.0,13992.75,13925.5,13862.0,130.75,261.5,500.0,1.9120458891013383,1,-135.74,-135.74,0
p0_st5_20_bearish_sr350_lr750_buf0_tg1030,NASDAQ_ORB_15m_p0_short_switch_tp2r_p0_st5_20_bearish_sr350_lr750_buf0_tg1030_2022-02-23,2022-02-23,1,SHORT,15,09:45,2.0,2022-02-23 14:51:00+00:00,2022-02-23 14:52:00+00:00,2022-02-23 18:14:00+00:00,21,TP_2R,14031.25,13941.5,89.75,13919.25,13695.5,14031.25,112.0,224.0,350.0,1.5625,1,446.26,446.26,1
p0_st5_20_bearish_sr350_lr750_buf0_tg1030,NASDAQ_ORB_15m_p0_short_switch_tp2r_p0_st5_20_bearish_sr350_lr750_buf0_tg1030_2022-02-25,2022-02-25,1,SHORT,15,09:45,2.0,2022-02-25 15:00:00+00:00,2022-02-25 15:01:00+00:00,2022-02-25 15:45:00+00:00,30,SWITCH_TO_LONG,14014.75,13871.5,143.25,13868.5,14023.0,14014.75,146.25,292.5,350.0,1.1965811965811965,1,-310.24,-310.24,0
p0_st5_20_bearish_sr350_lr750_buf0_tg1030,NASDAQ_ORB_15m_p0_short_switch_tp2r_p0_st5_20_bearish_sr350_lr750_buf0_tg1030_2022-02-25,2022-02-25,2,LONG,15,09:45,2.0,2022-02-25 15:44:00+00:00,2022-02-25 15:45:00+00:00,2022-02-25 20:00:00+00:00,74,TIME_EXIT,14014.75,13871.5,143.25,14023.0,14107.75,13871.5,151.5,303.0,750.0,2.4752475247524752,2,168.26,336.52,1
p0_st5_20_bearish_sr350_lr750_buf0_tg1030,NASDAQ_ORB_15m_p0_short_switch_tp2r_p0_st5_20_bearish_sr350_lr750_buf0_tg1030_2022-02-28,2022-02-28,1,LONG,15,09:45,2.0,2022-02-28 14:58:00+00:00,2022-02-28 14:59:00+00:00,2022-02-28 20:00:00+00:00,28,TIME_EXIT,14113.25,14027.0,86.25,14118.0,14079.0,14027.0,91.0,182.0,500.0,2.7472527472527473,2,-79.24,-158.48,0
p0_st5_20_bearish_sr350_lr750_buf0_tg1030,NASDAQ_ORB_15m_p0_short_switch_tp2r_p0_st5_20_bearish_sr350_lr750_buf0_tg1030_2022-03-01,2022-03-01,1,LONG,15,09:45,2.0,2022-03-01 15:22:00+00:00,2022-03-01 15:23:00+00:00,2022-03-01 20:00:00+00:00,52,TIME_EXIT,14253.5,14153.5,100.0,14261.75,14000.5,14153.5,108.25,216.5,500.0,2.3094688221709005,2,-523.74,-1047.48,0
p0_st5_20_bearish_sr350_lr750_buf0_tg1030,NASDAQ_ORB_15m_p0_short_switch_tp2r_p0_st5_20_bearish_sr350_lr750_buf0_tg1030_2022-03-02,2022-03-02,1,LONG,15,09:45,2.0,2022-03-02 14:48:00+00:00,2022-03-02 14:49:00+00:00,2022-03-02 20:00:00+00:00,18,TIME_EXIT,14111.5,14010.75,100.75,14113.25,14238.75,14010.75,102.5,205.0,500.0,2.4390243902439024,2,249.76,499.52,1
p0_st5_20_bearish_sr350_lr750_buf0_tg1030,NASDAQ_ORB_15m_p0_short_switch_tp2r_p0_st5_20_bearish_sr350_lr750_buf0_tg1030_2022-03-03,2022-03-03,1,SHORT,15,09:45,2.0,2022-03-03 14:49:00+00:00,2022-03-03 14:50:00+00:00,2022-03-03 15:56:00+00:00,19,TP_2R,14354.5,14272.0,82.5,14256.5,14060.75,14354.5,98.0,196.0,350.0,1.7857142857142858,1,390.26,390.26,1
p0_st5_20_bearish_sr350_lr750_buf0_tg1030,NASDAQ_ORB_15m_p0_short_switch_tp2r_p0_st5_20_bearish_sr350_lr750_buf0_tg1030_2022-03-04,2022-03-04,1,SHORT,15,09:45,2.0,2022-03-04 14:46:00+00:00,2022-03-04 14:47:00+00:00,2022-03-04 20:00:00+00:00,16,TIME_EXIT,13995.5,13889.5,106.0,13883.5,13749.0,13995.5,112.0,224.0,350.0,1.5625,1,267.76,267.76,1
p0_st5_20_bearish_sr350_lr750_buf0_tg1030,NASDAQ_ORB_15m_p0_short_switch_tp2r_p0_st5_20_bearish_sr350_lr750_buf0_tg1030_2022-03-08,2022-03-08,1,SHORT,15,09:45,2.0,2022-03-08 15:01:00+00:00,2022-03-08 15:02:00+00:00,2022-03-08 17:12:00+00:00,31,SWITCH_TO_LONG,13373.75,13221.5,152.25,13212.75,13374.5,13373.75,161.0,322.0,350.0,1.0869565217391304,1,-324.74,-324.74,0
p0_st5_20_bearish_sr350_lr750_buf0_tg1030,NASDAQ_ORB_15m_p0_short_switch_tp2r_p0_st5_20_bearish_sr350_lr750_buf0_tg1030_2022-03-08,2022-03-08,2,LONG,15,09:45,2.0,2022-03-08 17:11:00+00:00,2022-03-08 17:12:00+00:00,2022-03-08 20:00:00+00:00,161,TIME_EXIT,13373.75,13221.5,152.25,13374.5,13421.0,13221.5,153.0,306.0,750.0,2.450980392156863,2,91.76,183.52,1
p0_st5_20_bearish_sr350_lr750_buf0_tg1030,NASDAQ_ORB_15m_p0_short_switch_tp2r_p0_st5_20_bearish_sr350_lr750_buf0_tg1030_2022-03-09,2022-03-09,1,LONG,15,09:45,2.0,2022-03-09 15:03:00+00:00,2022-03-09 15:04:00+00:00,2022-03-09 20:00:00+00:00,33,TIME_EXIT,13621.25,13524.5,96.75,13626.25,13721.75,13524.5,101.75,203.5,500.0,2.457002457002457,2,189.76,379.52,1
p0_st5_20_bearish_sr350_lr750_buf0_tg1030,NASDAQ_ORB_15m_p0_short_switch_tp2r_p0_st5_20_bearish_sr350_lr750_buf0_tg1030_2022-03-10,2022-03-10,1,LONG,15,09:45,2.0,2022-03-10 14:58:00+00:00,2022-03-10 14:59:00+00:00,2022-03-10 20:00:00+00:00,28,TIME_EXIT,13579.0,13487.25,91.75,13581.0,13618.25,13487.25,93.75,187.5,500.0,2.6666666666666665,2,73.26,146.52,1
p0_st5_20_bearish_sr350_lr750_buf0_tg1030,NASDAQ_ORB_15m_p0_short_switch_tp2r_p0_st5_20_bearish_sr350_lr750_buf0_tg1030_2022-03-11,2022-03-11,1,SHORT,15,09:45,2.0,2022-03-11 14:56:00+00:00,2022-03-11 14:57:00+00:00,2022-03-11 20:00:00+00:00,26,TIME_EXIT,13719.75,13601.0,118.75,13588.75,13420.75,13719.75,131.0,262.0,350.0,1.3358778625954197,1,334.76,334.76,1
p0_st5_20_bearish_sr350_lr750_buf0_tg1030,NASDAQ_ORB_15m_p0_short_switch_tp2r_p0_st5_20_bearish_sr350_lr750_buf0_tg1030_2022-03-14,2022-03-14,1,LONG,15,09:45,2.0,2022-03-14 14:09:00+00:00,2022-03-14 14:10:00+00:00,2022-03-14 19:00:00+00:00,39,TIME_EXIT,13326.25,13200.75,125.5,13334.0,13079.5,13200.75,133.25,266.5,500.0,1.876172607879925,1,-510.24,-510.24,0
p0_st5_20_bearish_sr350_lr750_buf0_tg1030,NASDAQ_ORB_15m_p0_short_switch_tp2r_p0_st5_20_bearish_sr350_lr750_buf0_tg1030_2022-03-15,2022-03-15,1,LONG,15,09:45,2.0,2022-03-15 14:05:00+00:00,2022-03-15 14:06:00+00:00,2022-03-15 19:00:00+00:00,35,TIME_EXIT,13208.25,13091.0,117.25,13216.75,13376.25,13091.0,125.75,251.5,500.0,1.9880715705765408,1,317.76,317.76,1
p0_st5_20_bearish_sr350_lr750_buf0_tg1030,NASDAQ_ORB_15m_p0_short_switch_tp2r_p0_st5_20_bearish_sr350_lr750_buf0_tg1030_2022-03-16,2022-03-16,1,LONG,15,09:45,2.0,2022-03-16 13:47:00+00:00,2022-03-16 13:48:00+00:00,2022-03-16 19:00:00+00:00,17,TIME_EXIT,13718.25,13612.0,106.25,13736.75,13734.5,13612.0,124.75,249.5,500.0,2.004008016032064,2,-5.74,-11.48,0
p0_st5_20_bearish_sr350_lr750_buf0_tg1030,NASDAQ_ORB_15m_p0_short_switch_tp2r_p0_st5_20_bearish_sr350_lr750_buf0_tg1030_2022-03-17,2022-03-17,1,LONG,15,09:45,2.0,2022-03-17 13:46:00+00:00,2022-03-17 13:47:00+00:00,2022-03-17 17:51:00+00:00,16,TP_2R,13900.75,13819.0,81.75,13904.75,14076.0,13819.0,85.75,171.5,500.0,2.9154518950437316,2,341.26,682.52,1
p0_st5_20_bearish_sr350_lr750_buf0_tg1030,NASDAQ_ORB_15m_p0_short_switch_tp2r_p0_st5_20_bearish_sr350_lr750_buf0_tg1030_2022-03-18,2022-03-18,1,LONG,15,09:45,2.0,2022-03-18 13:46:00+00:00,2022-03-18 13:47:00+00:00,2022-03-18 16:31:00+00:00,16,TP_2R,14078.75,13995.25,83.5,14089.75,14278.5,13995.25,94.5,189.0,500.0,2.6455026455026456,2,376.26,752.52,1
p0_st5_20_bearish_sr350_lr750_buf0_tg1030,NASDAQ_ORB_15m_p0_short_switch_tp2r_p0_st5_20_bearish_sr350_lr750_buf0_tg1030_2022-03-21,2022-03-21,1,SHORT,15,09:45,2.0,2022-03-21 13:55:00+00:00,2022-03-21 13:56:00+00:00,2022-03-21 19:00:00+00:00,25,TIME_EXIT,14466.75,14358.75,108.0,14301.75,14252.0,14466.75,165.0,330.0,350.0,1.0606060606060606,1,98.26,98.26,1
p0_st5_20_bearish_sr350_lr750_buf0_tg1030,NASDAQ_ORB_15m_p0_short_switch_tp2r_p0_st5_20_bearish_sr350_lr750_buf0_tg1030_2022-03-22,2022-03-22,1,LONG,15,09:45,2.0,2022-03-22 14:01:00+00:00,2022-03-22 14:02:00+00:00,2022-03-22 19:00:00+00:00,31,TIME_EXIT,14489.0,14374.5,114.5,14510.0,14642.75,14374.5,135.5,271.0,500.0,1.845018450184502,1,264.26,264.26,1
p0_st5_20_bearish_sr350_lr750_buf0_tg1030,NASDAQ_ORB_15m_p0_short_switch_tp2r_p0_st5_20_bearish_sr350_lr750_buf0_tg1030_2022-03-23,2022-03-23,1,SHORT,15,09:45,2.0,2022-03-23 13:50:00+00:00,2022-03-23 13:51:00+00:00,2022-03-23 14:15:00+00:00,20,SWITCH_TO_LONG,14546.5,14470.75,75.75,14470.0,14549.25,14546.5,76.5,153.0,350.0,2.287581699346405,2,-159.74,-319.48,0
p0_st5_20_bearish_sr350_lr750_buf0_tg1030,NASDAQ_ORB_15m_p0_short_switch_tp2r_p0_st5_20_bearish_sr350_lr750_buf0_tg1030_2022-03-23,2022-03-23,2,LONG,15,09:45,2.0,2022-03-23 14:14:00+00:00,2022-03-23 14:15:00+00:00,2022-03-23 19:00:00+00:00,44,TIME_EXIT,14546.5,14470.75,75.75,14549.25,14500.75,14470.75,78.5,157.0,750.0,4.777070063694268,4,-98.24,-392.96,0
p0_st5_20_bearish_sr350_lr750_buf0_tg1030,NASDAQ_ORB_15m_p0_short_switch_tp2r_p0_st5_20_bearish_sr350_lr750_buf0_tg1030_2022-03-24,2022-03-24,1,SHORT,15,09:45,2.0,2022-03-24 14:19:00+00:00,2022-03-24 14:20:00+00:00,2022-03-24 15:03:00+00:00,49,SWITCH_TO_LONG,14551.5,14472.0,79.5,14453.5,14556.0,14551.5,98.0,196.0,350.0,1.7857142857142858,1,-206.24,-206.24,0
p0_st5_20_bearish_sr350_lr750_buf0_tg1030,NASDAQ_ORB_15m_p0_short_switch_tp2r_p0_st5_20_bearish_sr350_lr750_buf0_tg1030_2022-03-24,2022-03-24,2,LONG,15,09:45,2.0,2022-03-24 15:02:00+00:00,2022-03-24 15:03:00+00:00,2022-03-24 19:00:00+00:00,92,TIME_EXIT,14551.5,14472.0,79.5,14556.0,14669.5,14472.0,84.0,168.0,750.0,4.464285714285714,4,225.76,903.04,1
p0_st5_20_bearish_sr350_lr750_buf0_tg1030,NASDAQ_ORB_15m_p0_short_switch_tp2r_p0_st5_20_bearish_sr350_lr750_buf0_tg1030_2022-03-25,2022-03-25,1,SHORT,15,09:45,2.0,2022-03-25 14:01:00+00:00,2022-03-25 14:02:00+00:00,2022-03-25 14:38:00+00:00,31,SWITCH_TO_LONG,14788.5,14713.75,74.75,14712.0,14789.0,14788.5,76.5,153.0,350.0,2.287581699346405,2,-155.24,-310.48,0
p0_st5_20_bearish_sr350_lr750_buf0_tg1030,NASDAQ_ORB_15m_p0_short_switch_tp2r_p0_st5_20_bearish_sr350_lr750_buf0_tg1030_2022-03-25,2022-03-25,2,LONG,15,09:45,2.0,2022-03-25 14:37:00+00:00,2022-03-25 14:38:00+00:00,2022-03-25 19:00:00+00:00,67,TIME_EXIT,14788.5,14713.75,74.75,14789.0,14738.5,14713.75,75.25,150.5,750.0,4.983388704318937,4,-102.24,-408.96,0
p0_st5_20_bearish_sr350_lr750_buf0_tg1030,NASDAQ_ORB_15m_p0_short_switch_tp2r_p0_st5_20_bearish_sr350_lr750_buf0_tg1030_2022-03-28,2022-03-28,1,LONG,15,09:45,2.0,2022-03-28 13:56:00+00:00,2022-03-28 13:57:00+00:00,2022-03-28 19:00:00+00:00,26,TIME_EXIT,14884.5,14750.0,134.5,14906.0,14938.5,14750.0,156.0,312.0,500.0,1.6025641025641026,1,63.76,63.76,1
p0_st5_20_bearish_sr350_lr750_buf0_tg1030,NASDAQ_ORB_15m_p0_short_switch_tp2r_p0_st5_20_bearish_sr350_lr750_buf0_tg1030_2022-03-29,2022-03-29,1,SHORT,15,09:45,2.0,2022-03-29 14:15:00+00:00,2022-03-29 14:16:00+00:00,2022-03-29 18:50:00+00:00,45,SWITCH_TO_LONG,15219.5,15136.75,82.75,15050.25,15222.5,15219.5,169.25,338.5,350.0,1.03397341211226,1,-345.74,-345.74,0
p0_st5_20_bearish_sr350_lr750_buf0_tg1030,NASDAQ_ORB_15m_p0_short_switch_tp2r_p0_st5_20_bearish_sr350_lr750_buf0_tg1030_2022-03-29,2022-03-29,2,LONG,15,09:45,2.0,2022-03-29 18:49:00+00:00,2022-03-29 18:50:00+00:00,2022-03-29 19:00:00+00:00,319,TIME_EXIT,15219.5,15136.75,82.75,15222.5,15221.0,15136.75,85.75,171.5,750.0,4.373177842565598,4,-4.24,-16.96,0
p0_st5_20_bearish_sr350_lr750_buf0_tg1030,NASDAQ_ORB_15m_p0_short_switch_tp2r_p0_st5_20_bearish_sr350_lr750_buf0_tg1030_2022-03-30,2022-03-30,1,LONG,15,09:45,2.0,2022-03-30 13:49:00+00:00,2022-03-30 13:50:00+00:00,2022-03-30 19:00:00+00:00,19,TIME_EXIT,15197.75,15141.5,56.25,15199.5,15081.25,15141.5,58.0,116.0,500.0,4.310344827586207,4,-237.74,-950.96,0
p0_st5_20_bearish_sr350_lr750_buf0_tg1030,NASDAQ_ORB_15m_p0_short_switch_tp2r_p0_st5_20_bearish_sr350_lr750_buf0_tg1030_2022-03-31,2022-03-31,1,SHORT,15,09:45,2.0,2022-03-31 14:01:00+00:00,2022-03-31 14:02:00+00:00,2022-03-31 19:00:00+00:00,31,TIME_EXIT,15090.0,14987.25,102.75,14983.0,15027.0,15090.0,107.0,214.0,350.0,1.6355140186915889,1,-89.24,-89.24,0
p0_st5_20_bearish_sr350_lr750_buf0_tg1030,NASDAQ_ORB_15m_p0_short_switch_tp2r_p0_st5_20_bearish_sr350_lr750_buf0_tg1030_2022-04-01,2022-04-01,1,SHORT,15,09:45,2.0,2022-04-01 13:52:00+00:00,2022-04-01 13:53:00+00:00,2022-04-01 19:00:00+00:00,22,TIME_EXIT,14932.0,14856.5,75.5,14834.25,14814.75,14932.0,97.75,195.5,350.0,1.7902813299232736,1,37.76,37.76,1
p0_st5_20_bearish_sr350_lr750_buf0_tg1030,NASDAQ_ORB_15m_p0_short_switch_tp2r_p0_st5_20_bearish_sr350_lr750_buf0_tg1030_2022-04-04,2022-04-04,1,LONG,15,09:45,2.0,2022-04-04 13:50:00+00:00,2022-04-04 13:51:00+00:00,2022-04-04 19:00:00+00:00,20,TIME_EXIT,14995.25,14884.0,111.25,15006.75,15129.5,14884.0,122.75,245.5,500.0,2.0366598778004072,2,244.26,488.52,1
p0_st5_20_bearish_sr350_lr750_buf0_tg1030,NASDAQ_ORB_15m_p0_short_switch_tp2r_p0_st5_20_bearish_sr350_lr750_buf0_tg1030_2022-04-05,2022-04-05,1,SHORT,15,09:45,2.0,2022-04-05 13:52:00+00:00,2022-04-05 13:53:00+00:00,2022-04-05 14:18:00+00:00,22,TP_2R,15135.5,15079.5,56.0,15069.75,14938.5,15135.5,65.75,131.5,350.0,2.661596958174905,2,261.26,522.52,1
p0_st5_20_bearish_sr350_lr750_buf0_tg1030,NASDAQ_ORB_15m_p0_short_switch_tp2r_p0_st5_20_bearish_sr350_lr750_buf0_tg1030_2022-04-06,2022-04-06,1,SHORT,15,09:45,2.0,2022-04-06 13:47:00+00:00,2022-04-06 13:48:00+00:00,2022-04-06 19:00:00+00:00,17,TIME_EXIT,14643.5,14534.0,109.5,14533.75,14600.75,14643.5,109.75,219.5,350.0,1.5945330296127562,1,-135.24,-135.24,0
p0_st5_20_bearish_sr350_lr750_buf0_tg1030,NASDAQ_ORB_15m_p0_short_switch_tp2r_p0_st5_20_bearish_sr350_lr750_buf0_tg1030_2022-04-07,2022-04-07,1,LONG,15,09:45,2.0,2022-04-07 14:01:00+00:00,2022-04-07 14:02:00+00:00,2022-04-07 19:00:00+00:00,31,TIME_EXIT,14577.75,14459.5,118.25,14579.75,14565.0,14459.5,120.25,240.5,500.0,2.079002079002079,2,-30.74,-61.48,0
p0_st5_20_bearish_sr350_lr750_buf0_tg1030,NASDAQ_ORB_15m_p0_short_switch_tp2r_p0_st5_20_bearish_sr350_lr750_buf0_tg1030_2022-04-08,2022-04-08,1,SHORT,15,09:45,2.0,2022-04-08 13:52:00+00:00,2022-04-08 13:53:00+00:00,2022-04-08 15:03:00+00:00,22,SWITCH_TO_LONG,14476.75,14363.75,113.0,14354.25,14479.75,14476.75,122.5,245.0,350.0,1.4285714285714286,1,-252.24,-252.24,0
p0_st5_20_bearish_sr350_lr750_buf0_tg1030,NASDAQ_ORB_15m_p0_short_switch_tp2r_p0_st5_20_bearish_sr350_lr750_buf0_tg1030_2022-04-08,2022-04-08,2,LONG,15,09:45,2.0,2022-04-08 15:02:00+00:00,2022-04-08 15:03:00+00:00,2022-04-08 19:00:00+00:00,92,TIME_EXIT,14476.75,14363.75,113.0,14479.75,14380.25,14363.75,116.0,232.0,750.0,3.2327586206896552,3,-200.24,-600.72,0
p0_st5_20_bearish_sr350_lr750_buf0_tg1030,NASDAQ_ORB_15m_p0_short_switch_tp2r_p0_st5_20_bearish_sr350_lr750_buf0_tg1030_2022-04-11,2022-04-11,1,LONG,15,09:45,2.0,2022-04-11 13:48:00+00:00,2022-04-11 13:49:00+00:00,2022-04-11 19:00:00+00:00,18,TIME_EXIT,14178.0,14099.5,78.5,14180.5,14095.5,14099.5,81.0,162.0,500.0,3.0864197530864197,3,-171.24,-513.72,0
p0_st5_20_bearish_sr350_lr750_buf0_tg1030,NASDAQ_ORB_15m_p0_short_switch_tp2r_p0_st5_20_bearish_sr350_lr750_buf0_tg1030_2022-04-12,2022-04-12,1,LONG,15,09:45,2.0,2022-04-12 13:48:00+00:00,2022-04-12 13:49:00+00:00,2022-04-12 19:00:00+00:00,18,TIME_EXIT,14202.25,14113.0,89.25,14209.25,13953.0,14113.0,96.25,192.5,500.0,2.5974025974025974,2,-513.74,-1027.48,0
p0_st5_20_bearish_sr350_lr750_buf0_tg1030,NASDAQ_ORB_15m_p0_short_switch_tp2r_p0_st5_20_bearish_sr350_lr750_buf0_tg1030_2022-04-13,2022-04-13,1,LONG,15,09:45,2.0,2022-04-13 13:46:00+00:00,2022-04-13 13:47:00+00:00,2022-04-13 19:00:00+00:00,16,TIME_EXIT,14029.75,13921.5,108.25,14033.0,14204.25,13921.5,111.5,223.0,500.0,2.242152466367713,2,341.26,682.52,1
p0_st5_20_bearish_sr350_lr750_buf0_tg1030,NASDAQ_ORB_15m_p0_short_switch_tp2r_p0_st5_20_bearish_sr350_lr750_buf0_tg1030_2022-04-14,2022-04-14,1,SHORT,15,09:45,2.0,2022-04-14 13:49:00+00:00,2022-04-14 13:50:00+00:00,2022-04-14 19:00:00+00:00,19,TIME_EXIT,14246.75,14133.75,113.0,14130.5,13941.75,14246.75,116.25,232.5,350.0,1.5053763440860215,1,376.26,376.26,1
p0_st5_20_bearish_sr350_lr750_buf0_tg1030,NASDAQ_ORB_15m_p0_short_switch_tp2r_p0_st5_20_bearish_sr350_lr750_buf0_tg1030_2022-04-18,2022-04-18,1,LONG,15,09:45,2.0,2022-04-18 14:13:00+00:00,2022-04-18 14:14:00+00:00,2022-04-18 19:00:00+00:00,43,TIME_EXIT,13932.75,13849.0,83.75,13941.25,13931.0,13849.0,92.25,184.5,500.0,2.710027100271003,2,-21.74,-43.48,0
p0_st5_20_bearish_sr350_lr750_buf0_tg1030,NASDAQ_ORB_15m_p0_short_switch_tp2r_p0_st5_20_bearish_sr350_lr750_buf0_tg1030_2022-04-19,2022-04-19,1,LONG,15,09:45,2.0,2022-04-19 13:48:00+00:00,2022-04-19 13:49:00+00:00,2022-04-19 15:16:00+00:00,18,TP_2R,13928.5,13833.75,94.75,13941.5,14156.75,13833.75,107.75,215.5,500.0,2.320185614849188,2,429.26,858.52,1
p0_st5_20_bearish_sr350_lr750_buf0_tg1030,NASDAQ_ORB_15m_p0_short_switch_tp2r_p0_st5_20_bearish_sr350_lr750_buf0_tg1030_2022-04-20,2022-04-20,1,SHORT,15,09:45,2.0,2022-04-20 13:49:00+00:00,2022-04-20 13:50:00+00:00,2022-04-20 19:00:00+00:00,19,TIME_EXIT,14269.75,14123.75,146.0,14110.25,13988.5,14269.75,159.5,319.0,350.0,1.09717868338558,1,242.26,242.26,1
p0_st5_20_bearish_sr350_lr750_buf0_tg1030,NASDAQ_ORB_15m_p0_short_switch_tp2r_p0_st5_20_bearish_sr350_lr750_buf0_tg1030_2022-04-21,2022-04-21,1,SHORT,15,09:45,2.0,2022-04-21 14:14:00+00:00,2022-04-21 14:15:00+00:00,2022-04-21 18:00:00+00:00,44,TP_2R,14283.0,14163.5,119.5,14140.25,13855.0,14283.0,142.75,285.5,350.0,1.2259194395796849,1,569.26,569.26,1
p0_st5_20_bearish_sr350_lr750_buf0_tg1030,NASDAQ_ORB_15m_p0_short_switch_tp2r_p0_st5_20_bearish_sr350_lr750_buf0_tg1030_2022-04-22,2022-04-22,1,SHORT,15,09:45,2.0,2022-04-22 14:21:00+00:00,2022-04-22 14:22:00+00:00,2022-04-22 19:00:00+00:00,51,TIME_EXIT,13777.5,13615.5,162.0,13611.75,13400.25,13777.5,165.75,331.5,350.0,1.0558069381598794,1,421.76,421.76,1
p0_st5_20_bearish_sr350_lr750_buf0_tg1030,NASDAQ_ORB_15m_p0_short_switch_tp2r_p0_st5_20_bearish_sr350_lr750_buf0_tg1030_2022-04-25,2022-04-25,1,LONG,15,09:45,2.0,2022-04-25 14:26:00+00:00,2022-04-25 14:27:00+00:00,2022-04-25 19:00:00+00:00,56,TIME_EXIT,13366.0,13261.75,104.25,13387.0,13436.0,13261.75,125.25,250.5,500.0,1.996007984031936,1,96.76,96.76,1
p0_st5_20_bearish_sr350_lr750_buf0_tg1030,NASDAQ_ORB_15m_p0_short_switch_tp2r_p0_st5_20_bearish_sr350_lr750_buf0_tg1030_2022-04-26,2022-04-26,1,SHORT,15,09:45,2.0,2022-04-26 13:50:00+00:00,2022-04-26 13:51:00+00:00,2022-04-26 19:00:00+00:00,20,TIME_EXIT,13450.75,13317.75,133.0,13312.0,13195.75,13450.75,138.75,277.5,350.0,1.2612612612612613,1,231.26,231.26,1
p0_st5_20_bearish_sr350_lr750_buf0_tg1030,NASDAQ_ORB_15m_p0_short_switch_tp2r_p0_st5_20_bearish_sr350_lr750_buf0_tg1030_2022-04-27,2022-04-27,1,LONG,15,09:45,2.0,2022-04-27 13:48:00+00:00,2022-04-27 13:49:00+00:00,2022-04-27 19:00:00+00:00,18,TIME_EXIT,13204.5,13009.25,195.25,13212.5,13048.0,13009.25,203.25,406.5,500.0,1.2300123001230012,1,-330.24,-330.24,0
p0_st5_20_bearish_sr350_lr750_buf0_tg1030,NASDAQ_ORB_15m_p0_short_switch_tp2r_p0_st5_20_bearish_sr350_lr750_buf0_tg1030_2022-04-28,2022-04-28,1,SHORT,15,09:45,2.0,2022-04-28 13:51:00+00:00,2022-04-28 13:52:00+00:00,2022-04-28 16:37:00+00:00,21,SWITCH_TO_LONG,13280.5,13116.75,163.75,13110.75,13286.25,13280.5,169.75,339.5,350.0,1.0309278350515463,1,-352.24,-352.24,0
p0_st5_20_bearish_sr350_lr750_buf0_tg1030,NASDAQ_ORB_15m_p0_short_switch_tp2r_p0_st5_20_bearish_sr350_lr750_buf0_tg1030_2022-04-28,2022-04-28,2,LONG,15,09:45,2.0,2022-04-28 16:36:00+00:00,2022-04-28 16:37:00+00:00,2022-04-28 19:00:00+00:00,186,TIME_EXIT,13280.5,13116.75,163.75,13286.25,13495.0,13116.75,169.5,339.0,750.0,2.2123893805309733,2,416.26,832.52,1
p0_st5_20_bearish_sr350_lr750_buf0_tg1030,NASDAQ_ORB_15m_p0_short_switch_tp2r_p0_st5_20_bearish_sr350_lr750_buf0_tg1030_2022-04-29,2022-04-29,1,LONG,15,09:45,2.0,2022-04-29 13:56:00+00:00,2022-04-29 13:57:00+00:00,2022-04-29 19:00:00+00:00,26,TIME_EXIT,13374.25,13226.0,148.25,13375.75,12988.25,13226.0,149.75,299.5,500.0,1.669449081803005,1,-776.24,-776.24,0
p0_st5_20_bearish_sr350_lr750_buf0_tg1030,NASDAQ_ORB_15m_p0_short_switch_tp2r_p0_st5_20_bearish_sr350_lr750_buf0_tg1030_2022-05-02,2022-05-02,1,LONG,15,09:45,2.0,2022-05-02 13:57:00+00:00,2022-05-02 13:58:00+00:00,2022-05-02 19:00:00+00:00,27,TIME_EXIT,12936.0,12742.5,193.5,12946.75,12770.25,12742.5,204.25,408.5,500.0,1.2239902080783354,1,-354.24,-354.24,0
p0_st5_20_bearish_sr350_lr750_buf0_tg1030,NASDAQ_ORB_15m_p0_short_switch_tp2r_p0_st5_20_bearish_sr350_lr750_buf0_tg1030_2022-05-03,2022-05-03,1,SHORT,15,09:45,2.0,2022-05-03 13:46:00+00:00,2022-05-03 13:47:00+00:00,2022-05-03 14:01:00+00:00,16,SWITCH_TO_LONG,13080.5,12989.5,91.0,12969.75,13112.0,13080.5,110.75,221.5,350.0,1.580135440180587,1,-285.74,-285.74,0
p0_st5_20_bearish_sr350_lr750_buf0_tg1030,NASDAQ_ORB_15m_p0_short_switch_tp2r_p0_st5_20_bearish_sr350_lr750_buf0_tg1030_2022-05-03,2022-05-03,2,LONG,15,09:45,2.0,2022-05-03 14:00:00+00:00,2022-05-03 14:01:00+00:00,2022-05-03 19:00:00+00:00,30,TIME_EXIT,13080.5,12989.5,91.0,13112.0,13116.0,12989.5,122.5,245.0,750.0,3.061224489795918,3,6.76,20.28,1
p0_st5_20_bearish_sr350_lr750_buf0_tg1030,NASDAQ_ORB_15m_p0_short_switch_tp2r_p0_st5_20_bearish_sr350_lr750_buf0_tg1030_2022-05-04,2022-05-04,1,SHORT,15,09:45,2.0,2022-05-04 13:55:00+00:00,2022-05-04 13:56:00+00:00,2022-05-04 15:06:00+00:00,25,TP_2R,13114.25,13057.5,56.75,13042.75,12900.0,13114.25,71.5,143.0,350.0,2.4475524475524475,2,284.26,568.52,1
p0_st5_20_bearish_sr350_lr750_buf0_tg1030,NASDAQ_ORB_15m_p0_short_switch_tp2r_p0_st5_20_bearish_sr350_lr750_buf0_tg1030_2022-05-05,2022-05-05,1,SHORT,15,09:45,2.0,2022-05-05 13:46:00+00:00,2022-05-05 13:47:00+00:00,2022-05-05 14:24:00+00:00,16,TP_2R,13346.5,13247.25,99.25,13239.75,13026.5,13346.5,106.75,213.5,350.0,1.639344262295082,1,425.26,425.26,1
p0_st5_20_bearish_sr350_lr750_buf0_tg1030,NASDAQ_ORB_15m_p0_short_switch_tp2r_p0_st5_20_bearish_sr350_lr750_buf0_tg1030_2022-05-11,2022-05-11,1,LONG,15,09:45,2.0,2022-05-11 13:48:00+00:00,2022-05-11 13:49:00+00:00,2022-05-11 19:00:00+00:00,18,TIME_EXIT,12345.75,12146.25,199.5,12349.25,12045.75,12146.25,203.0,406.0,500.0,1.2315270935960592,1,-608.24,-608.24,0
p0_st5_20_bearish_sr350_lr750_buf0_tg1030,NASDAQ_ORB_15m_p0_short_switch_tp2r_p0_st5_20_bearish_sr350_lr750_buf0_tg1030_2022-05-12,2022-05-12,1,LONG,15,09:45,2.0,2022-05-12 13:49:00+00:00,2022-05-12 13:50:00+00:00,2022-05-12 19:00:00+00:00,19,TIME_EXIT,11874.75,11692.75,182.0,11882.75,11716.75,11692.75,190.0,380.0,500.0,1.3157894736842106,1,-333.24,-333.24,0
p0_st5_20_bearish_sr350_lr750_buf0_tg1030,NASDAQ_ORB_15m_p0_short_switch_tp2r_p0_st5_20_bearish_sr350_lr750_buf0_tg1030_2022-05-13,2022-05-13,1,LONG,15,09:45,2.0,2022-05-13 13:47:00+00:00,2022-05-13 13:48:00+00:00,2022-05-13 19:00:00+00:00,17,TIME_EXIT,12197.75,12064.75,133.0,12207.5,12349.25,12064.75,142.75,285.5,500.0,1.7513134851138354,1,282.26,282.26,1
p0_st5_20_bearish_sr350_lr750_buf0_tg1030,NASDAQ_ORB_15m_p0_short_switch_tp2r_p0_st5_20_bearish_sr350_lr750_buf0_tg1030_2022-05-16,2022-05-16,1,SHORT,15,09:45,2.0,2022-05-16 13:47:00+00:00,2022-05-16 13:48:00+00:00,2022-05-16 14:31:00+00:00,17,SWITCH_TO_LONG,12358.5,12237.0,121.5,12228.0,12366.5,12358.5,130.5,261.0,350.0,1.3409961685823755,1,-278.24,-278.24,0
p0_st5_20_bearish_sr350_lr750_buf0_tg1030,NASDAQ_ORB_15m_p0_short_switch_tp2r_p0_st5_20_bearish_sr350_lr750_buf0_tg1030_2022-05-16,2022-05-16,2,LONG,15,09:45,2.0,2022-05-16 14:30:00+00:00,2022-05-16 14:31:00+00:00,2022-05-16 19:00:00+00:00,60,TIME_EXIT,12358.5,12237.0,121.5,12366.5,12361.5,12237.0,129.5,259.0,750.0,2.8957528957528957,2,-11.24,-22.48,0
p0_st5_20_bearish_sr350_lr750_buf0_tg1030,NASDAQ_ORB_15m_p0_short_switch_tp2r_p0_st5_20_bearish_sr350_lr750_buf0_tg1030_2022-05-17,2022-05-17,1,SHORT,15,09:45,2.0,2022-05-17 13:55:00+00:00,2022-05-17 13:56:00+00:00,2022-05-17 18:51:00+00:00,25,SWITCH_TO_LONG,12535.25,12457.0,78.25,12448.75,12537.0,12535.25,86.5,173.0,350.0,2.023121387283237,2,-177.74,-355.48,0
p0_st5_20_bearish_sr350_lr750_buf0_tg1030,NASDAQ_ORB_15m_p0_short_switch_tp2r_p0_st5_20_bearish_sr350_lr750_buf0_tg1030_2022-05-17,2022-05-17,2,LONG,15,09:45,2.0,2022-05-17 18:50:00+00:00,2022-05-17 18:51:00+00:00,2022-05-17 19:00:00+00:00,320,TIME_EXIT,12535.25,12457.0,78.25,12537.0,12515.75,12457.0,80.0,160.0,750.0,4.6875,4,-43.74,-174.96,0
p0_st5_20_bearish_sr350_lr750_buf0_tg1030,NASDAQ_ORB_15m_p0_short_switch_tp2r_p0_st5_20_bearish_sr350_lr750_buf0_tg1030_2022-05-18,2022-05-18,1,SHORT,15,09:45,2.0,2022-05-18 13:51:00+00:00,2022-05-18 13:52:00+00:00,2022-05-18 15:55:00+00:00,21,TP_2R,12399.75,12308.0,91.75,12306.75,12121.0,12399.75,93.0,186.0,350.0,1.881720430107527,1,370.26,370.26,1
p0_st5_20_bearish_sr350_lr750_buf0_tg1030,NASDAQ_ORB_15m_p0_short_switch_tp2r_p0_st5_20_bearish_sr350_lr750_buf0_tg1030_2022-05-19,2022-05-19,1,SHORT,15,09:45,2.0,2022-05-19 13:50:00+00:00,2022-05-19 13:51:00+00:00,2022-05-19 14:22:00+00:00,20,SWITCH_TO_LONG,11978.75,11864.5,114.25,11813.75,11986.75,11978.75,165.0,330.0,350.0,1.0606060606060606,1,-347.24,-347.24,0
p0_st5_20_bearish_sr350_lr750_buf0_tg1030,NASDAQ_ORB_15m_p0_short_switch_tp2r_p0_st5_20_bearish_sr350_lr750_buf0_tg1030_2022-05-19,2022-05-19,2,LONG,15,09:45,2.0,2022-05-19 14:21:00+00:00,2022-05-19 14:22:00+00:00,2022-05-19 19:00:00+00:00,51,TIME_EXIT,11978.75,11864.5,114.25,11986.75,12012.0,11864.5,122.25,244.5,750.0,3.067484662576687,3,49.26,147.78,1
p0_st5_20_bearish_sr350_lr750_buf0_tg1030,NASDAQ_ORB_15m_p0_short_switch_tp2r_p0_st5_20_bearish_sr350_lr750_buf0_tg1030_2022-05-20,2022-05-20,1,SHORT,15,09:45,2.0,2022-05-20 14:08:00+00:00,2022-05-20 14:09:00+00:00,2022-05-20 16:10:00+00:00,38,TP_2R,12053.25,11945.5,107.75,11922.5,11661.25,12053.25,130.75,261.5,350.0,1.338432122370937,1,521.26,521.26,1
p0_st5_20_bearish_sr350_lr750_buf0_tg1030,NASDAQ_ORB_15m_p0_short_switch_tp2r_p0_st5_20_bearish_sr350_lr750_buf0_tg1030_2022-05-23,2022-05-23,1,LONG,15,09:45,2.0,2022-05-23 13:46:00+00:00,2022-05-23 13:47:00+00:00,2022-05-23 19:00:00+00:00,16,TIME_EXIT,11929.25,11818.25,111.0,11936.75,11995.25,11818.25,118.5,237.0,500.0,2.109704641350211,2,115.76,231.52,1
p0_st5_20_bearish_sr350_lr750_buf0_tg1030,NASDAQ_ORB_15m_p0_short_switch_tp2r_p0_st5_20_bearish_sr350_lr750_buf0_tg1030_2022-05-24,2022-05-24,1,SHORT,15,09:45,2.0,2022-05-24 13:46:00+00:00,2022-05-24 13:47:00+00:00,2022-05-24 19:00:00+00:00,16,TIME_EXIT,11847.75,11742.25,105.5,11741.0,11679.0,11847.75,106.75,213.5,350.0,1.639344262295082,1,122.76,122.76,1
p0_st5_20_bearish_sr350_lr750_buf0_tg1030,NASDAQ_ORB_15m_p0_short_switch_tp2r_p0_st5_20_bearish_sr350_lr750_buf0_tg1030_2022-05-25,2022-05-25,1,LONG,15,09:45,2.0,2022-05-25 14:19:00+00:00,2022-05-25 14:20:00+00:00,2022-05-25 19:00:00+00:00,49,TIME_EXIT,11844.75,11708.0,136.75,11856.0,11968.5,11708.0,148.0,296.0,500.0,1.6891891891891893,1,223.76,223.76,1
p0_st5_20_bearish_sr350_lr750_buf0_tg1030,NASDAQ_ORB_15m_p0_short_switch_tp2r_p0_st5_20_bearish_sr350_lr750_buf0_tg1030_2022-05-26,2022-05-26,1,LONG,15,09:45,2.0,2022-05-26 13:49:00+00:00,2022-05-26 13:50:00+00:00,2022-05-26 19:00:00+00:00,19,TIME_EXIT,12059.25,11899.0,160.25,12075.75,12307.0,11899.0,176.75,353.5,500.0,1.4144271570014144,1,461.26,461.26,1
p0_st5_20_bearish_sr350_lr750_buf0_tg1030,NASDAQ_ORB_15m_p0_short_switch_tp2r_p0_st5_20_bearish_sr350_lr750_buf0_tg1030_2022-05-27,2022-05-27,1,LONG,15,09:45,2.0,2022-05-27 13:56:00+00:00,2022-05-27 13:57:00+00:00,2022-05-27 19:00:00+00:00,26,TIME_EXIT,12514.0,12401.75,112.25,12519.25,12615.5,12401.75,117.5,235.0,500.0,2.127659574468085,2,191.26,382.52,1
p0_st5_20_bearish_sr350_lr750_buf0_tg1030,NASDAQ_ORB_15m_p0_short_switch_tp2r_p0_st5_20_bearish_sr350_lr750_buf0_tg1030_2022-05-30,2022-05-30,1,LONG,15,09:45,2.0,2022-05-30 13:59:00+00:00,2022-05-30 14:00:00+00:00,2022-05-30 16:33:00+00:00,29,TP_2R,12774.75,12746.0,28.75,12776.25,12836.5,12746.0,30.25,60.5,500.0,8.264462809917354,8,119.26,954.08,1
p0_st5_20_bearish_sr350_lr750_buf0_tg1030,NASDAQ_ORB_15m_p0_short_switch_tp2r_p0_st5_20_bearish_sr350_lr750_buf0_tg1030_2022-06-01,2022-06-01,1,LONG,15,09:45,2.0,2022-06-01 13:55:00+00:00,2022-06-01 13:56:00+00:00,2022-06-01 19:00:00+00:00,25,TIME_EXIT,12814.25,12731.0,83.25,12815.75,12610.0,12731.0,84.75,169.5,500.0,2.949852507374631,2,-412.74,-825.48,0
p0_st5_20_bearish_sr350_lr750_buf0_tg1030,NASDAQ_ORB_15m_p0_short_switch_tp2r_p0_st5_20_bearish_sr350_lr750_buf0_tg1030_2022-06-02,2022-06-02,1,LONG,15,09:45,2.0,2022-06-02 13:50:00+00:00,2022-06-02 13:51:00+00:00,2022-06-02 17:45:00+00:00,20,TP_2R,12547.75,12442.25,105.5,12569.0,12822.25,12442.25,126.75,253.5,500.0,1.9723865877712032,1,505.26,505.26,1
p0_st5_20_bearish_sr350_lr750_buf0_tg1030,NASDAQ_ORB_15m_p0_short_switch_tp2r_p0_st5_20_bearish_sr350_lr750_buf0_tg1030_2022-06-03,2022-06-03,1,SHORT,15,09:45,2.0,2022-06-03 13:46:00+00:00,2022-06-03 13:47:00+00:00,2022-06-03 14:02:00+00:00,16,SWITCH_TO_LONG,12716.75,12619.5,97.25,12613.5,12721.75,12716.75,103.25,206.5,350.0,1.694915254237288,1,-217.74,-217.74,0
p0_st5_20_bearish_sr350_lr750_buf0_tg1030,NASDAQ_ORB_15m_p0_short_switch_tp2r_p0_st5_20_bearish_sr350_lr750_buf0_tg1030_2022-06-03,2022-06-03,2,LONG,15,09:45,2.0,2022-06-03 14:01:00+00:00,2022-06-03 14:02:00+00:00,2022-06-03 19:00:00+00:00,31,TIME_EXIT,12716.75,12619.5,97.25,12721.75,12577.25,12619.5,102.25,204.5,750.0,3.667481662591687,3,-290.24,-870.72,0
p0_st5_20_bearish_sr350_lr750_buf0_tg1030,NASDAQ_ORB_15m_p0_short_switch_tp2r_p0_st5_20_bearish_sr350_lr750_buf0_tg1030_2022-06-06,2022-06-06,1,SHORT,15,09:45,2.0,2022-06-06 13:51:00+00:00,2022-06-06 13:52:00+00:00,2022-06-06 14:05:00+00:00,21,SWITCH_TO_LONG,12785.25,12692.5,92.75,12684.0,12794.25,12785.25,101.25,202.5,350.0,1.728395061728395,1,-221.74,-221.74,0
p0_st5_20_bearish_sr350_lr750_buf0_tg1030,NASDAQ_ORB_15m_p0_short_switch_tp2r_p0_st5_20_bearish_sr350_lr750_buf0_tg1030_2022-06-06,2022-06-06,2,LONG,15,09:45,2.0,2022-06-06 14:04:00+00:00,2022-06-06 14:05:00+00:00,2022-06-06 19:00:00+00:00,34,TIME_EXIT,12785.25,12692.5,92.75,12794.25,12589.25,12692.5,101.75,203.5,750.0,3.6855036855036856,3,-411.24,-1233.72,0
p0_st5_20_bearish_sr350_lr750_buf0_tg1030,NASDAQ_ORB_15m_p0_short_switch_tp2r_p0_st5_20_bearish_sr350_lr750_buf0_tg1030_2022-06-07,2022-06-07,1,LONG,15,09:45,2.0,2022-06-07 13:46:00+00:00,2022-06-07 13:47:00+00:00,2022-06-07 19:00:00+00:00,16,TIME_EXIT,12526.5,12412.0,114.5,12530.5,12665.5,12412.0,118.5,237.0,500.0,2.109704641350211,2,268.76,537.52,1
p0_st5_20_bearish_sr350_lr750_buf0_tg1030,NASDAQ_ORB_15m_p0_short_switch_tp2r_p0_st5_20_bearish_sr350_lr750_buf0_tg1030_2022-06-08,2022-06-08,1,LONG,15,09:45,2.0,2022-06-08 13:49:00+00:00,2022-06-08 13:50:00+00:00,2022-06-08 19:00:00+00:00,19,TIME_EXIT,12723.25,12627.5,95.75,12728.0,12615.75,12627.5,100.5,201.0,500.0,2.487562189054726,2,-225.74,-451.48,0
p0_st5_20_bearish_sr350_lr750_buf0_tg1030,NASDAQ_ORB_15m_p0_short_switch_tp2r_p0_st5_20_bearish_sr350_lr750_buf0_tg1030_2022-06-09,2022-06-09,1,LONG,15,09:45,2.0,2022-06-09 13:52:00+00:00,2022-06-09 13:53:00+00:00,2022-06-09 19:00:00+00:00,22,TIME_EXIT,12598.5,12506.25,92.25,12631.25,12439.0,12506.25,125.0,250.0,500.0,2.0,2,-385.74,-771.48,0
p0_st5_20_bearish_sr350_lr750_buf0_tg1030,NASDAQ_ORB_15m_p0_short_switch_tp2r_p0_st5_20_bearish_sr350_lr750_buf0_tg1030_2022-06-10,2022-06-10,1,SHORT,15,09:45,2.0,2022-06-10 13:54:00+00:00,2022-06-10 13:55:00+00:00,2022-06-10 19:00:00+00:00,24,TIME_EXIT,12108.5,11971.25,137.25,11968.25,11935.25,12108.5,140.25,280.5,350.0,1.2477718360071302,1,64.76,64.76,1
p0_st5_20_bearish_sr350_lr750_buf0_tg1030,NASDAQ_ORB_15m_p0_short_switch_tp2r_p0_st5_20_bearish_sr350_lr750_buf0_tg1030_2022-06-13,2022-06-13,1,SHORT,15,09:45,2.0,2022-06-13 14:11:00+00:00,2022-06-13 14:12:00+00:00,2022-06-13 19:00:00+00:00,41,TIME_EXIT,11604.0,11491.25,112.75,11489.0,11391.75,11604.0,115.0,230.0,350.0,1.5217391304347827,1,193.26,193.26,1
p0_st5_20_bearish_sr350_lr750_buf0_tg1030,NASDAQ_ORB_15m_p0_short_switch_tp2r_p0_st5_20_bearish_sr350_lr750_buf0_tg1030_2022-06-14,2022-06-14,1,SHORT,15,09:45,2.0,2022-06-14 14:21:00+00:00,2022-06-14 14:22:00+00:00,2022-06-14 17:24:00+00:00,51,SWITCH_TO_LONG,11442.5,11295.25,147.25,11293.75,11450.0,11442.5,148.75,297.5,350.0,1.1764705882352942,1,-313.74,-313.74,0
p0_st5_20_bearish_sr350_lr750_buf0_tg1030,NASDAQ_ORB_15m_p0_short_switch_tp2r_p0_st5_20_bearish_sr350_lr750_buf0_tg1030_2022-06-14,2022-06-14,2,LONG,15,09:45,2.0,2022-06-14 17:23:00+00:00,2022-06-14 17:24:00+00:00,2022-06-14 19:00:00+00:00,233,TIME_EXIT,11442.5,11295.25,147.25,11450.0,11302.25,11295.25,154.75,309.5,750.0,2.4232633279483036,2,-296.74,-593.48,0
p0_st5_20_bearish_sr350_lr750_buf0_tg1030,NASDAQ_ORB_15m_p0_short_switch_tp2r_p0_st5_20_bearish_sr350_lr750_buf0_tg1030_2022-06-15,2022-06-15,1,LONG,15,09:45,2.0,2022-06-15 14:05:00+00:00,2022-06-15 14:06:00+00:00,2022-06-15 18:45:00+00:00,35,TP_2R,11546.75,11459.5,87.25,11548.0,11724.75,11459.5,88.5,177.0,500.0,2.824858757062147,2,352.26,704.52,1
p0_st5_20_bearish_sr350_lr750_buf0_tg1030,NASDAQ_ORB_15m_p0_short_switch_tp2r_p0_st5_20_bearish_sr350_lr750_buf0_tg1030_2022-06-16,2022-06-16,1,SHORT,15,09:45,2.0,2022-06-16 13:56:00+00:00,2022-06-16 13:57:00+00:00,2022-06-16 18:50:00+00:00,26,TP_2R,11350.0,11261.5,88.5,11260.25,11081.0,11350.0,89.75,179.5,350.0,1.9498607242339834,1,357.26,357.26,1
p0_st5_20_bearish_sr350_lr750_buf0_tg1030,NASDAQ_ORB_15m_p0_short_switch_tp2r_p0_st5_20_bearish_sr350_lr750_buf0_tg1030_2022-06-17,2022-06-17,1,LONG,15,09:45,2.0,2022-06-17 13:52:00+00:00,2022-06-17 13:53:00+00:00,2022-06-17 19:00:00+00:00,22,TIME_EXIT,11326.0,11184.75,141.25,11335.25,11329.75,11184.75,150.5,301.0,500.0,1.6611295681063123,1,-12.24,-12.24,0
p0_st5_20_bearish_sr350_lr750_buf0_tg1030,NASDAQ_ORB_15m_p0_short_switch_tp2r_p0_st5_20_bearish_sr350_lr750_buf0_tg1030_2022-06-20,2022-06-20,1,SHORT,15,09:45,2.0,2022-06-20 13:48:00+00:00,2022-06-20 13:49:00+00:00,2022-06-20 14:13:00+00:00,18,SWITCH_TO_LONG,11376.0,11339.75,36.25,11339.5,11377.0,11376.0,36.5,73.0,350.0,4.794520547945205,4,-76.24,-304.96,0
p0_st5_20_bearish_sr350_lr750_buf0_tg1030,NASDAQ_ORB_15m_p0_short_switch_tp2r_p0_st5_20_bearish_sr350_lr750_buf0_tg1030_2022-06-20,2022-06-20,2,LONG,15,09:45,2.0,2022-06-20 14:12:00+00:00,2022-06-20 14:13:00+00:00,2022-06-20 22:02:00+00:00,42,TIME_EXIT,11376.0,11339.75,36.25,11377.0,11417.0,11339.75,37.25,74.5,750.0,10.06711409395973,10,78.76,787.6,1
p0_st5_20_bearish_sr350_lr750_buf0_tg1030,NASDAQ_ORB_15m_p0_short_switch_tp2r_p0_st5_20_bearish_sr350_lr750_buf0_tg1030_2022-06-21,2022-06-21,1,LONG,15,09:45,2.0,2022-06-21 13:59:00+00:00,2022-06-21 14:00:00+00:00,2022-06-21 19:00:00+00:00,29,TIME_EXIT,11602.5,11475.75,126.75,11614.5,11613.25,11475.75,138.75,277.5,500.0,1.8018018018018018,1,-3.74,-3.74,0
p0_st5_20_bearish_sr350_lr750_buf0_tg1030,NASDAQ_ORB_15m_p0_short_switch_tp2r_p0_st5_20_bearish_sr350_lr750_buf0_tg1030_2022-06-22,2022-06-22,1,LONG,15,09:45,2.0,2022-06-22 13:46:00+00:00,2022-06-22 13:47:00+00:00,2022-06-22 14:25:00+00:00,16,TP_2R,11527.0,11446.5,80.5,11531.0,11699.75,11446.5,84.5,169.0,500.0,2.9585798816568047,2,336.26,672.52,1
p0_st5_20_bearish_sr350_lr750_buf0_tg1030,NASDAQ_ORB_15m_p0_short_switch_tp2r_p0_st5_20_bearish_sr350_lr750_buf0_tg1030_2022-06-23,2022-06-23,1,SHORT,15,09:45,2.0,2022-06-23 13:53:00+00:00,2022-06-23 13:54:00+00:00,2022-06-23 14:42:00+00:00,23,SWITCH_TO_LONG,11683.75,11560.75,123.0,11547.25,11712.75,11683.75,136.5,273.0,350.0,1.2820512820512822,1,-332.24,-332.24,0
p0_st5_20_bearish_sr350_lr750_buf0_tg1030,NASDAQ_ORB_15m_p0_short_switch_tp2r_p0_st5_20_bearish_sr350_lr750_buf0_tg1030_2022-06-23,2022-06-23,2,LONG,15,09:45,2.0,2022-06-23 14:41:00+00:00,2022-06-23 14:42:00+00:00,2022-06-23 19:00:00+00:00,71,TIME_EXIT,11683.75,11560.75,123.0,11712.75,11667.75,11560.75,152.0,304.0,750.0,2.4671052631578947,2,-91.24,-182.48,0
p0_st5_20_bearish_sr350_lr750_buf0_tg1030,NASDAQ_ORB_15m_p0_short_switch_tp2r_p0_st5_20_bearish_sr350_lr750_buf0_tg1030_2022-06-24,2022-06-24,1,LONG,15,09:45,2.0,2022-06-24 13:46:00+00:00,2022-06-24 13:47:00+00:00,2022-06-24 19:00:00+00:00,16,TIME_EXIT,11959.5,11838.5,121.0,11961.75,12054.25,11838.5,123.25,246.5,500.0,2.028397565922921,2,183.76,367.52,1
p0_st5_20_bearish_sr350_lr750_buf0_tg1030,NASDAQ_ORB_15m_p0_short_switch_tp2r_p0_st5_20_bearish_sr350_lr750_buf0_tg1030_2022-06-27,2022-06-27,1,SHORT,15,09:45,2.0,2022-06-27 13:47:00+00:00,2022-06-27 13:48:00+00:00,2022-06-27 19:00:00+00:00,17,TIME_EXIT,12213.5,12047.75,165.75,12042.75,12049.25,12213.5,170.75,341.5,350.0,1.0248901903367496,1,-14.24,-14.24,0
p0_st5_20_bearish_sr350_lr750_buf0_tg1030,NASDAQ_ORB_15m_p0_short_switch_tp2r_p0_st5_20_bearish_sr350_lr750_buf0_tg1030_2022-06-28,2022-06-28,1,SHORT,15,09:45,2.0,2022-06-28 14:07:00+00:00,2022-06-28 14:08:00+00:00,2022-06-28 17:14:00+00:00,37,TP_2R,12174.25,12047.25,127.0,12033.0,11750.75,12174.25,141.25,282.5,350.0,1.238938053097345,1,563.26,563.26,1
p0_st5_20_bearish_sr350_lr750_buf0_tg1030,NASDAQ_ORB_15m_p0_short_switch_tp2r_p0_st5_20_bearish_sr350_lr750_buf0_tg1030_2022-06-29,2022-06-29,1,LONG,15,09:45,2.0,2022-06-29 13:52:00+00:00,2022-06-29 13:53:00+00:00,2022-06-29 19:00:00+00:00,22,TIME_EXIT,11690.5,11573.5,117.0,11697.75,11659.75,11573.5,124.25,248.5,500.0,2.0120724346076457,2,-77.24,-154.48,0
p0_st5_20_bearish_sr350_lr750_buf0_tg1030,NASDAQ_ORB_15m_p0_short_switch_tp2r_p0_st5_20_bearish_sr350_lr750_buf0_tg1030_2022-07-01,2022-07-01,1,LONG,15,09:45,2.0,2022-07-01 13:47:00+00:00,2022-07-01 13:48:00+00:00,2022-07-01 19:00:00+00:00,17,TIME_EXIT,11535.5,11417.25,118.25,11542.75,11578.5,11417.25,125.5,251.0,500.0,1.9920318725099602,1,70.26,70.26,1
p0_st5_20_bearish_sr350_lr750_buf0_tg1030,NASDAQ_ORB_15m_p0_short_switch_tp2r_p0_st5_20_bearish_sr350_lr750_buf0_tg1030_2022-07-04,2022-07-04,1,SHORT,15,09:45,2.0,2022-07-04 14:10:00+00:00,2022-07-04 14:11:00+00:00,2022-07-04 22:02:00+00:00,40,TIME_EXIT,11571.0,11544.25,26.75,11539.75,11588.25,11571.0,31.25,62.5,350.0,5.6,5,-98.24,-491.2,0
p0_st5_20_bearish_sr350_lr750_buf0_tg1030,NASDAQ_ORB_15m_p0_short_switch_tp2r_p0_st5_20_bearish_sr350_lr750_buf0_tg1030_2022-07-05,2022-07-05,1,LONG,15,09:45,2.0,2022-07-05 13:49:00+00:00,2022-07-05 13:50:00+00:00,2022-07-05 16:25:00+00:00,19,TP_2R,11466.0,11388.75,77.25,11471.75,11637.5,11388.75,83.0,166.0,500.0,3.0120481927710845,3,330.26,990.78,1
p0_st5_20_bearish_sr350_lr750_buf0_tg1030,NASDAQ_ORB_15m_p0_short_switch_tp2r_p0_st5_20_bearish_sr350_lr750_buf0_tg1030_2022-07-06,2022-07-06,1,LONG,15,09:45,2.0,2022-07-06 18:07:00+00:00,2022-07-06 18:08:00+00:00,2022-07-06 19:00:00+00:00,277,TIME_EXIT,11883.75,11766.5,117.25,11886.25,11937.75,11766.5,119.75,239.5,500.0,2.0876826722338206,2,101.76,203.52,1
p0_st5_20_bearish_sr350_lr750_buf0_tg1030,NASDAQ_ORB_15m_p0_short_switch_tp2r_p0_st5_20_bearish_sr350_lr750_buf0_tg1030_2022-07-07,2022-07-07,1,LONG,15,09:45,2.0,2022-07-07 13:49:00+00:00,2022-07-07 13:50:00+00:00,2022-07-07 19:00:00+00:00,19,TIME_EXIT,12023.0,11918.25,104.75,12024.5,12133.75,11918.25,106.25,212.5,500.0,2.3529411764705883,2,217.26,434.52,1
p0_st5_20_bearish_sr350_lr750_buf0_tg1030,NASDAQ_ORB_15m_p0_short_switch_tp2r_p0_st5_20_bearish_sr350_lr750_buf0_tg1030_2022-07-08,2022-07-08,1,LONG,15,09:45,2.0,2022-07-08 14:26:00+00:00,2022-07-08 14:27:00+00:00,2022-07-08 19:00:00+00:00,56,TIME_EXIT,12090.75,11987.75,103.0,12092.25,12177.75,11987.75,104.5,209.0,500.0,2.3923444976076556,2,169.76,339.52,1
p0_st5_20_bearish_sr350_lr750_buf0_tg1030,NASDAQ_ORB_15m_p0_short_switch_tp2r_p0_st5_20_bearish_sr350_lr750_buf0_tg1030_2022-07-12,2022-07-12,1,SHORT,15,09:45,2.0,2022-07-12 14:00:00+00:00,2022-07-12 14:01:00+00:00,2022-07-12 19:00:00+00:00,30,TIME_EXIT,12025.5,11928.5,97.0,11856.25,11829.5,12025.5,169.25,338.5,350.0,1.03397341211226,1,52.26,52.26,1
p0_st5_20_bearish_sr350_lr750_buf0_tg1030,NASDAQ_ORB_15m_p0_short_switch_tp2r_p0_st5_20_bearish_sr350_lr750_buf0_tg1030_2022-07-13,2022-07-13,1,LONG,15,09:45,2.0,2022-07-13 13:49:00+00:00,2022-07-13 13:50:00+00:00,2022-07-13 19:00:00+00:00,19,TIME_EXIT,11660.5,11522.5,138.0,11680.5,11839.25,11522.5,158.0,316.0,500.0,1.5822784810126582,1,316.26,316.26,1
p0_st5_20_bearish_sr350_lr750_buf0_tg1030,NASDAQ_ORB_15m_p0_short_switch_tp2r_p0_st5_20_bearish_sr350_lr750_buf0_tg1030_2022-07-14,2022-07-14,1,SHORT,15,09:45,2.0,2022-07-14 14:02:00+00:00,2022-07-14 14:03:00+00:00,2022-07-14 15:43:00+00:00,32,SWITCH_TO_LONG,11684.25,11547.75,136.5,11532.0,11685.5,11684.25,152.25,304.5,350.0,1.1494252873563218,1,-308.24,-308.24,0
p0_st5_20_bearish_sr350_lr750_buf0_tg1030,NASDAQ_ORB_15m_p0_short_switch_tp2r_p0_st5_20_bearish_sr350_lr750_buf0_tg1030_2022-07-14,2022-07-14,2,LONG,15,09:45,2.0,2022-07-14 15:42:00+00:00,2022-07-14 15:43:00+00:00,2022-07-14 19:00:00+00:00,132,TIME_EXIT,11684.25,11547.75,136.5,11685.5,11803.75,11547.75,137.75,275.5,750.0,2.722323049001815,2,235.26,470.52,1
p0_st5_20_bearish_sr350_lr750_buf0_tg1030,NASDAQ_ORB_15m_p0_short_switch_tp2r_p0_st5_20_bearish_sr350_lr750_buf0_tg1030_2022-07-15,2022-07-15,1,LONG,15,09:45,2.0,2022-07-15 15:12:00+00:00,2022-07-15 15:13:00+00:00,2022-07-15 19:00:00+00:00,102,TIME_EXIT,11985.0,11915.25,69.75,11985.75,11981.25,11915.25,70.5,141.0,500.0,3.5460992907801416,3,-10.24,-30.72,0
p0_st5_20_bearish_sr350_lr750_buf0_tg1030,NASDAQ_ORB_15m_p0_short_switch_tp2r_p0_st5_20_bearish_sr350_lr750_buf0_tg1030_2022-07-18,2022-07-18,1,LONG,15,09:45,2.0,2022-07-18 13:47:00+00:00,2022-07-18 13:48:00+00:00,2022-07-18 19:00:00+00:00,17,TIME_EXIT,12158.0,12090.0,68.0,12162.0,11926.0,12090.0,72.0,144.0,500.0,3.4722222222222223,3,-473.24,-1419.72,0
p0_st5_20_bearish_sr350_lr750_buf0_tg1030,NASDAQ_ORB_15m_p0_short_switch_tp2r_p0_st5_20_bearish_sr350_lr750_buf0_tg1030_2022-07-19,2022-07-19,1,LONG,15,09:45,2.0,2022-07-19 14:28:00+00:00,2022-07-19 14:29:00+00:00,2022-07-19 17:49:00+00:00,58,TP_2R,12080.75,12000.5,80.25,12083.0,12247.75,12000.5,82.5,165.0,500.0,3.0303030303030303,3,328.26,984.78,1
p0_st5_20_bearish_sr350_lr750_buf0_tg1030,NASDAQ_ORB_15m_p0_short_switch_tp2r_p0_st5_20_bearish_sr350_lr750_buf0_tg1030_2022-07-20,2022-07-20,1,LONG,15,09:45,2.0,2022-07-20 13:46:00+00:00,2022-07-20 13:47:00+00:00,2022-07-20 15:36:00+00:00,16,TP_2R,12332.75,12256.0,76.75,12333.75,12489.0,12256.0,77.75,155.5,500.0,3.215434083601286,3,309.26,927.78,1
p0_st5_20_bearish_sr350_lr750_buf0_tg1030,NASDAQ_ORB_15m_p0_short_switch_tp2r_p0_st5_20_bearish_sr350_lr750_buf0_tg1030_2022-07-21,2022-07-21,1,LONG,15,09:45,2.0,2022-07-21 14:01:00+00:00,2022-07-21 14:02:00+00:00,2022-07-21 19:00:00+00:00,31,TIME_EXIT,12513.25,12410.75,102.5,12539.25,12602.0,12410.75,128.5,257.0,500.0,1.9455252918287937,1,124.26,124.26,1
p0_st5_20_bearish_sr350_lr750_buf0_tg1030,NASDAQ_ORB_15m_p0_short_switch_tp2r_p0_st5_20_bearish_sr350_lr750_buf0_tg1030_2022-07-22,2022-07-22,1,LONG,15,09:45,2.0,2022-07-22 13:50:00+00:00,2022-07-22 13:51:00+00:00,2022-07-22 19:00:00+00:00,20,TIME_EXIT,12649.0,12565.75,83.25,12657.75,12386.0,12565.75,92.0,184.0,500.0,2.717391304347826,2,-544.74,-1089.48,0
p0_st5_20_bearish_sr350_lr750_buf0_tg1030,NASDAQ_ORB_15m_p0_short_switch_tp2r_p0_st5_20_bearish_sr350_lr750_buf0_tg1030_2022-07-25,2022-07-25,1,SHORT,15,09:45,2.0,2022-07-25 14:07:00+00:00,2022-07-25 14:08:00+00:00,2022-07-25 19:00:00+00:00,37,TIME_EXIT,12444.25,12357.0,87.25,12351.0,12292.25,12444.25,93.25,186.5,350.0,1.876675603217158,1,116.26,116.26,1
p0_st5_20_bearish_sr350_lr750_buf0_tg1030,NASDAQ_ORB_15m_p0_short_switch_tp2r_p0_st5_20_bearish_sr350_lr750_buf0_tg1030_2022-07-26,2022-07-26,1,SHORT,15,09:45,2.0,2022-07-26 13:46:00+00:00,2022-07-26 13:47:00+00:00,2022-07-26 19:00:00+00:00,16,TIME_EXIT,12291.25,12216.5,74.75,12207.75,12104.75,12291.25,83.5,167.0,350.0,2.095808383233533,2,204.76,409.52,1
p0_st5_20_bearish_sr350_lr750_buf0_tg1030,NASDAQ_ORB_15m_p0_short_switch_tp2r_p0_st5_20_bearish_sr350_lr750_buf0_tg1030_2022-07-27,2022-07-27,1,LONG,15,09:45,2.0,2022-07-27 13:46:00+00:00,2022-07-27 13:47:00+00:00,2022-07-27 18:45:00+00:00,16,TP_2R,12375.0,12276.25,98.75,12376.25,12576.0,12276.25,100.0,200.0,500.0,2.5,2,398.26,796.52,1
p0_st5_20_bearish_sr350_lr750_buf0_tg1030,NASDAQ_ORB_15m_p0_short_switch_tp2r_p0_st5_20_bearish_sr350_lr750_buf0_tg1030_2022-07-28,2022-07-28,1,SHORT,15,09:45,2.0,2022-07-28 13:46:00+00:00,2022-07-28 13:47:00+00:00,2022-07-28 15:29:00+00:00,16,SWITCH_TO_LONG,12654.25,12514.75,139.5,12495.5,12661.5,12654.25,158.75,317.5,350.0,1.1023622047244095,1,-333.24,-333.24,0
p0_st5_20_bearish_sr350_lr750_buf0_tg1030,NASDAQ_ORB_15m_p0_short_switch_tp2r_p0_st5_20_bearish_sr350_lr750_buf0_tg1030_2022-07-28,2022-07-28,2,LONG,15,09:45,2.0,2022-07-28 15:28:00+00:00,2022-07-28 15:29:00+00:00,2022-07-28 19:00:00+00:00,118,TIME_EXIT,12654.25,12514.75,139.5,12661.5,12737.0,12514.75,146.75,293.5,750.0,2.5553662691652472,2,149.76,299.52,1
p0_st5_20_bearish_sr350_lr750_buf0_tg1030,NASDAQ_ORB_15m_p0_short_switch_tp2r_p0_st5_20_bearish_sr350_lr750_buf0_tg1030_2022-07-29,2022-07-29,1,LONG,15,09:45,2.0,2022-07-29 13:49:00+00:00,2022-07-29 13:50:00+00:00,2022-07-29 19:00:00+00:00,19,TIME_EXIT,12864.75,12744.25,120.5,12867.75,12959.0,12744.25,123.5,247.0,500.0,2.0242914979757085,2,181.26,362.52,1
p0_st5_20_bearish_sr350_lr750_buf0_tg1030,NASDAQ_ORB_15m_p0_short_switch_tp2r_p0_st5_20_bearish_sr350_lr750_buf0_tg1030_2022-08-01,2022-08-01,1,LONG,15,09:45,2.0,2022-08-01 13:53:00+00:00,2022-08-01 13:54:00+00:00,2022-08-01 19:00:00+00:00,23,TIME_EXIT,12963.75,12851.25,112.5,12988.25,12988.25,12851.25,137.0,274.0,500.0,1.8248175182481752,1,-1.24,-1.24,0
p0_st5_20_bearish_sr350_lr750_buf0_tg1030,NASDAQ_ORB_15m_p0_short_switch_tp2r_p0_st5_20_bearish_sr350_lr750_buf0_tg1030_2022-08-02,2022-08-02,1,LONG,15,09:45,2.0,2022-08-02 13:47:00+00:00,2022-08-02 13:48:00+00:00,2022-08-02 19:00:00+00:00,17,TIME_EXIT,12943.0,12853.0,90.0,12953.5,12956.5,12853.0,100.5,201.0,500.0,2.487562189054726,2,4.76,9.52,1
p0_st5_20_bearish_sr350_lr750_buf0_tg1030,NASDAQ_ORB_15m_p0_short_switch_tp2r_p0_st5_20_bearish_sr350_lr750_buf0_tg1030_2022-08-03,2022-08-03,1,LONG,15,09:45,2.0,2022-08-03 13:55:00+00:00,2022-08-03 13:56:00+00:00,2022-08-03 19:00:00+00:00,25,TIME_EXIT,13090.0,12989.25,100.75,13101.0,13278.5,12989.25,111.75,223.5,500.0,2.237136465324385,2,353.76,707.52,1
p0_st5_20_bearish_sr350_lr750_buf0_tg1030,NASDAQ_ORB_15m_p0_short_switch_tp2r_p0_st5_20_bearish_sr350_lr750_buf0_tg1030_2022-08-04,2022-08-04,1,LONG,15,09:45,2.0,2022-08-04 13:47:00+00:00,2022-08-04 13:48:00+00:00,2022-08-04 19:00:00+00:00,17,TIME_EXIT,13328.5,13245.0,83.5,13333.75,13314.5,13245.0,88.75,177.5,500.0,2.816901408450704,2,-39.74,-79.48,0
p0_st5_20_bearish_sr350_lr750_buf0_tg1030,NASDAQ_ORB_15m_p0_short_switch_tp2r_p0_st5_20_bearish_sr350_lr750_buf0_tg1030_2022-08-05,2022-08-05,1,LONG,15,09:45,2.0,2022-08-05 14:03:00+00:00,2022-08-05 14:04:00+00:00,2022-08-05 19:00:00+00:00,33,TIME_EXIT,13211.25,13114.25,97.0,13224.5,13166.5,13114.25,110.25,220.5,500.0,2.2675736961451247,2,-117.24,-234.48,0
p0_st5_20_bearish_sr350_lr750_buf0_tg1030,NASDAQ_ORB_15m_p0_short_switch_tp2r_p0_st5_20_bearish_sr350_lr750_buf0_tg1030_2022-08-08,2022-08-08,1,LONG,15,09:45,2.0,2022-08-08 13:51:00+00:00,2022-08-08 13:52:00+00:00,2022-08-08 19:00:00+00:00,21,TIME_EXIT,13376.0,13231.75,144.25,13395.75,13146.75,13231.75,164.0,328.0,500.0,1.524390243902439,1,-499.24,-499.24,0
p0_st5_20_bearish_sr350_lr750_buf0_tg1030,NASDAQ_ORB_15m_p0_short_switch_tp2r_p0_st5_20_bearish_sr350_lr750_buf0_tg1030_2022-08-09,2022-08-09,1,SHORT,15,09:45,2.0,2022-08-09 13:54:00+00:00,2022-08-09 13:55:00+00:00,2022-08-09 19:00:00+00:00,24,TIME_EXIT,13112.25,13037.0,75.25,13022.75,13030.5,13112.25,89.5,179.0,350.0,1.9553072625698324,1,-16.74,-16.74,0
p0_st5_20_bearish_sr350_lr750_buf0_tg1030,NASDAQ_ORB_15m_p0_short_switch_tp2r_p0_st5_20_bearish_sr350_lr750_buf0_tg1030_2022-08-10,2022-08-10,1,LONG,15,09:45,2.0,2022-08-10 15:03:00+00:00,2022-08-10 15:04:00+00:00,2022-08-10 19:00:00+00:00,93,TIME_EXIT,13355.0,13268.25,86.75,13358.5,13338.5,13268.25,90.25,180.5,500.0,2.770083102493075,2,-41.24,-82.48,0
p0_st5_20_bearish_sr350_lr750_buf0_tg1030,NASDAQ_ORB_15m_p0_short_switch_tp2r_p0_st5_20_bearish_sr350_lr750_buf0_tg1030_2022-08-11,2022-08-11,1,LONG,15,09:45,2.0,2022-08-11 14:01:00+00:00,2022-08-11 14:02:00+00:00,2022-08-11 19:00:00+00:00,31,TIME_EXIT,13513.5,13456.0,57.5,13519.5,13320.0,13456.0,63.5,127.0,500.0,3.937007874015748,3,-400.24,-1200.72,0
p0_st5_20_bearish_sr350_lr750_buf0_tg1030,NASDAQ_ORB_15m_p0_short_switch_tp2r_p0_st5_20_bearish_sr350_lr750_buf0_tg1030_2022-08-12,2022-08-12,1,LONG,15,09:45,2.0,2022-08-12 14:11:00+00:00,2022-08-12 14:12:00+00:00,2022-08-12 19:00:00+00:00,41,TIME_EXIT,13432.25,13359.0,73.25,13443.0,13541.75,13359.0,84.0,168.0,500.0,2.9761904761904763,2,196.26,392.52,1
p0_st5_20_bearish_sr350_lr750_buf0_tg1030,NASDAQ_ORB_15m_p0_short_switch_tp2r_p0_st5_20_bearish_sr350_lr750_buf0_tg1030_2022-08-15,2022-08-15,1,LONG,15,09:45,2.0,2022-08-15 13:55:00+00:00,2022-08-15 13:56:00+00:00,2022-08-15 19:00:00+00:00,25,TIME_EXIT,13606.5,13534.75,71.75,13616.0,13679.25,13534.75,81.25,162.5,500.0,3.076923076923077,3,125.26,375.78000000000003,1
p0_st5_20_bearish_sr350_lr750_buf0_tg1030,NASDAQ_ORB_15m_p0_short_switch_tp2r_p0_st5_20_bearish_sr350_lr750_buf0_tg1030_2022-08-16,2022-08-16,1,SHORT,15,09:45,2.0,2022-08-16 13:50:00+00:00,2022-08-16 13:51:00+00:00,2022-08-16 15:55:00+00:00,20,SWITCH_TO_LONG,13659.75,13608.0,51.75,13599.0,13662.75,13659.75,60.75,121.5,350.0,2.880658436213992,2,-128.74,-257.48,0
p0_st5_20_bearish_sr350_lr750_buf0_tg1030,NASDAQ_ORB_15m_p0_short_switch_tp2r_p0_st5_20_bearish_sr350_lr750_buf0_tg1030_2022-08-16,2022-08-16,2,LONG,15,09:45,2.0,2022-08-16 15:54:00+00:00,2022-08-16 15:55:00+00:00,2022-08-16 19:00:00+00:00,144,TIME_EXIT,13659.75,13608.0,51.75,13662.75,13621.25,13608.0,54.75,109.5,750.0,6.8493150684931505,6,-84.24,-505.43999999999994,0
p0_st5_20_bearish_sr350_lr750_buf0_tg1030,NASDAQ_ORB_15m_p0_short_switch_tp2r_p0_st5_20_bearish_sr350_lr750_buf0_tg1030_2022-08-17,2022-08-17,1,SHORT,15,09:45,2.0,2022-08-17 14:15:00+00:00,2022-08-17 14:16:00+00:00,2022-08-17 18:16:00+00:00,45,SWITCH_TO_LONG,13566.25,13484.5,81.75,13482.75,13580.25,13566.25,83.5,167.0,350.0,2.095808383233533,2,-196.24,-392.48,0
p0_st5_20_bearish_sr350_lr750_buf0_tg1030,NASDAQ_ORB_15m_p0_short_switch_tp2r_p0_st5_20_bearish_sr350_lr750_buf0_tg1030_2022-08-17,2022-08-17,2,LONG,15,09:45,2.0,2022-08-17 18:15:00+00:00,2022-08-17 18:16:00+00:00,2022-08-17 19:00:00+00:00,285,TIME_EXIT,13566.25,13484.5,81.75,13580.25,13545.5,13484.5,95.75,191.5,750.0,3.91644908616188,3,-70.74,-212.21999999999997,0
p0_st5_20_bearish_sr350_lr750_buf0_tg1030,NASDAQ_ORB_15m_p0_short_switch_tp2r_p0_st5_20_bearish_sr350_lr750_buf0_tg1030_2022-08-18,2022-08-18,1,SHORT,15,09:45,2.0,2022-08-18 14:01:00+00:00,2022-08-18 14:02:00+00:00,2022-08-18 14:42:00+00:00,31,SWITCH_TO_LONG,13498.0,13436.0,62.0,13428.75,13514.75,13498.0,69.25,138.5,350.0,2.527075812274368,2,-173.24,-346.48,0
p0_st5_20_bearish_sr350_lr750_buf0_tg1030,NASDAQ_ORB_15m_p0_short_switch_tp2r_p0_st5_20_bearish_sr350_lr750_buf0_tg1030_2022-08-18,2022-08-18,2,LONG,15,09:45,2.0,2022-08-18 14:41:00+00:00,2022-08-18 14:42:00+00:00,2022-08-18 19:00:00+00:00,71,TIME_EXIT,13498.0,13436.0,62.0,13514.75,13541.0,13436.0,78.75,157.5,750.0,4.761904761904762,4,51.26,205.04,1
p0_st5_20_bearish_sr350_lr750_buf0_tg1030,NASDAQ_ORB_15m_p0_short_switch_tp2r_p0_st5_20_bearish_sr350_lr750_buf0_tg1030_2022-08-19,2022-08-19,1,SHORT,15,09:45,2.0,2022-08-19 13:47:00+00:00,2022-08-19 13:48:00+00:00,2022-08-19 19:00:00+00:00,17,TIME_EXIT,13425.25,13340.75,84.5,13334.0,13251.25,13425.25,91.25,182.5,350.0,1.917808219178082,1,164.26,164.26,1
p0_st5_20_bearish_sr350_lr750_buf0_tg1030,NASDAQ_ORB_15m_p0_short_switch_tp2r_p0_st5_20_bearish_sr350_lr750_buf0_tg1030_2022-08-22,2022-08-22,1,SHORT,15,09:45,2.0,2022-08-22 13:50:00+00:00,2022-08-22 13:51:00+00:00,2022-08-22 19:00:00+00:00,20,TIME_EXIT,13092.0,13021.5,70.5,13016.75,12903.75,13092.0,75.25,150.5,350.0,2.3255813953488373,2,224.76,449.52,1
p0_st5_20_bearish_sr350_lr750_buf0_tg1030,NASDAQ_ORB_15m_p0_short_switch_tp2r_p0_st5_20_bearish_sr350_lr750_buf0_tg1030_2022-08-23,2022-08-23,1,LONG,15,09:45,2.0,2022-08-23 13:51:00+00:00,2022-08-23 13:52:00+00:00,2022-08-23 19:00:00+00:00,21,TIME_EXIT,12952.0,12866.0,86.0,12972.0,12932.0,12866.0,106.0,212.0,500.0,2.358490566037736,2,-81.24,-162.48,0
p0_st5_20_bearish_sr350_lr750_buf0_tg1030,NASDAQ_ORB_15m_p0_short_switch_tp2r_p0_st5_20_bearish_sr350_lr750_buf0_tg1030_2022-08-24,2022-08-24,1,LONG,15,09:45,2.0,2022-08-24 13:52:00+00:00,2022-08-24 13:53:00+00:00,2022-08-24 19:00:00+00:00,22,TIME_EXIT,12907.0,12852.25,54.75,12914.0,12939.25,12852.25,61.75,123.5,500.0,4.048582995951417,4,49.26,197.04,1
p0_st5_20_bearish_sr350_lr750_buf0_tg1030,NASDAQ_ORB_15m_p0_short_switch_tp2r_p0_st5_20_bearish_sr350_lr750_buf0_tg1030_2022-08-25,2022-08-25,1,SHORT,15,09:45,2.0,2022-08-25 13:51:00+00:00,2022-08-25 13:52:00+00:00,2022-08-25 13:58:00+00:00,21,SWITCH_TO_LONG,13014.25,12966.5,47.75,12964.0,13015.75,13014.25,50.25,100.5,350.0,3.482587064676617,3,-104.74,-314.21999999999997,0
p0_st5_20_bearish_sr350_lr750_buf0_tg1030,NASDAQ_ORB_15m_p0_short_switch_tp2r_p0_st5_20_bearish_sr350_lr750_buf0_tg1030_2022-08-25,2022-08-25,2,LONG,15,09:45,2.0,2022-08-25 13:57:00+00:00,2022-08-25 13:58:00+00:00,2022-08-25 14:42:00+00:00,27,TP_2R,13014.25,12966.5,47.75,13015.75,13114.0,12966.5,49.25,98.5,750.0,7.614213197969543,7,195.26,1366.82,1
p0_st5_20_bearish_sr350_lr750_buf0_tg1030,NASDAQ_ORB_15m_p0_short_switch_tp2r_p0_st5_20_bearish_sr350_lr750_buf0_tg1030_2022-08-26,2022-08-26,1,SHORT,15,09:45,2.0,2022-08-26 13:50:00+00:00,2022-08-26 13:51:00+00:00,2022-08-26 14:03:00+00:00,20,TP_2R,13161.25,13116.25,45.0,13112.25,13014.5,13161.25,49.0,98.0,350.0,3.5714285714285716,3,194.26,582.78,1
p0_st5_20_bearish_sr350_lr750_buf0_tg1030,NASDAQ_ORB_15m_p0_short_switch_tp2r_p0_st5_20_bearish_sr350_lr750_buf0_tg1030_2022-08-30,2022-08-30,1,SHORT,15,09:45,2.0,2022-08-30 13:47:00+00:00,2022-08-30 13:48:00+00:00,2022-08-30 14:48:00+00:00,17,TP_2R,12587.25,12500.75,86.5,12483.25,12275.5,12587.25,104.0,208.0,350.0,1.6826923076923077,1,414.26,414.26,1
p0_st5_20_bearish_sr350_lr750_buf0_tg1030,NASDAQ_ORB_15m_p0_short_switch_tp2r_p0_st5_20_bearish_sr350_lr750_buf0_tg1030_2022-08-31,2022-08-31,1,LONG,15,09:45,2.0,2022-08-31 13:48:00+00:00,2022-08-31 13:49:00+00:00,2022-08-31 19:00:00+00:00,18,TIME_EXIT,12491.75,12390.5,101.25,12493.75,12297.5,12390.5,103.25,206.5,500.0,2.4213075060532687,2,-393.74,-787.48,0
p0_st5_20_bearish_sr350_lr750_buf0_tg1030,NASDAQ_ORB_15m_p0_short_switch_tp2r_p0_st5_20_bearish_sr350_lr750_buf0_tg1030_2022-09-01,2022-09-01,1,SHORT,15,09:45,2.0,2022-09-01 14:03:00+00:00,2022-09-01 14:04:00+00:00,2022-09-01 19:00:00+00:00,33,TIME_EXIT,12224.0,12140.25,83.75,12121.75,12191.0,12224.0,102.25,204.5,350.0,1.7114914425427872,1,-139.74,-139.74,0
p0_st5_20_bearish_sr350_lr750_buf0_tg1030,NASDAQ_ORB_15m_p0_short_switch_tp2r_p0_st5_20_bearish_sr350_lr750_buf0_tg1030_2022-09-02,2022-09-02,1,SHORT,15,09:45,2.0,2022-09-02 14:01:00+00:00,2022-09-02 14:02:00+00:00,2022-09-02 14:32:00+00:00,31,SWITCH_TO_LONG,12415.5,12291.25,124.25,12288.75,12418.0,12415.5,126.75,253.5,350.0,1.3806706114398422,1,-259.74,-259.74,0
p0_st5_20_bearish_sr350_lr750_buf0_tg1030,NASDAQ_ORB_15m_p0_short_switch_tp2r_p0_st5_20_bearish_sr350_lr750_buf0_tg1030_2022-09-02,2022-09-02,2,LONG,15,09:45,2.0,2022-09-02 14:31:00+00:00,2022-09-02 14:32:00+00:00,2022-09-02 19:00:00+00:00,61,TIME_EXIT,12415.5,12291.25,124.25,12418.0,12105.5,12291.25,126.75,253.5,750.0,2.9585798816568047,2,-626.24,-1252.48,0
p0_st5_20_bearish_sr350_lr750_buf0_tg1030,NASDAQ_ORB_15m_p0_short_switch_tp2r_p0_st5_20_bearish_sr350_lr750_buf0_tg1030_2022-09-05,2022-09-05,1,LONG,15,09:45,2.0,2022-09-05 14:11:00+00:00,2022-09-05 14:12:00+00:00,2022-09-05 22:02:00+00:00,41,TIME_EXIT,12144.0,12104.75,39.25,12147.25,12124.75,12104.75,42.5,85.0,500.0,5.882352941176471,5,-46.24,-231.20000000000002,0
p0_st5_20_bearish_sr350_lr750_buf0_tg1030,NASDAQ_ORB_15m_p0_short_switch_tp2r_p0_st5_20_bearish_sr350_lr750_buf0_tg1030_2022-09-06,2022-09-06,1,SHORT,15,09:45,2.0,2022-09-06 13:48:00+00:00,2022-09-06 13:49:00+00:00,2022-09-06 19:00:00+00:00,18,TIME_EXIT,12169.0,12076.75,92.25,12063.25,12015.5,12169.0,105.75,211.5,350.0,1.6548463356973995,1,94.26,94.26,1
p0_st5_20_bearish_sr350_lr750_buf0_tg1030,NASDAQ_ORB_15m_p0_short_switch_tp2r_p0_st5_20_bearish_sr350_lr750_buf0_tg1030_2022-09-07,2022-09-07,1,LONG,15,09:45,2.0,2022-09-07 13:49:00+00:00,2022-09-07 13:50:00+00:00,2022-09-07 19:00:00+00:00,19,TIME_EXIT,12125.5,12035.75,89.75,12126.5,12271.5,12035.75,90.75,181.5,500.0,2.7548209366391183,2,288.76,577.52,1
p0_st5_20_bearish_sr350_lr750_buf0_tg1030,NASDAQ_ORB_15m_p0_short_switch_tp2r_p0_st5_20_bearish_sr350_lr750_buf0_tg1030_2022-09-08,2022-09-08,1,LONG,15,09:45,2.0,2022-09-08 13:52:00+00:00,2022-09-08 13:53:00+00:00,2022-09-08 19:00:00+00:00,22,TIME_EXIT,12223.0,12117.0,106.0,12239.75,12255.5,12117.0,122.75,245.5,500.0,2.0366598778004072,2,30.26,60.52,1
p0_st5_20_bearish_sr350_lr750_buf0_tg1030,NASDAQ_ORB_15m_p0_short_switch_tp2r_p0_st5_20_bearish_sr350_lr750_buf0_tg1030_2022-09-09,2022-09-09,1,LONG,15,09:45,2.0,2022-09-09 13:49:00+00:00,2022-09-09 13:50:00+00:00,2022-09-09 19:00:00+00:00,19,TIME_EXIT,12549.0,12442.75,106.25,12554.0,12577.5,12442.75,111.25,222.5,500.0,2.247191011235955,2,45.76,91.52,1
p0_st5_20_bearish_sr350_lr750_buf0_tg1030,NASDAQ_ORB_15m_p0_short_switch_tp2r_p0_st5_20_bearish_sr350_lr750_buf0_tg1030_2022-09-12,2022-09-12,1,LONG,15,09:45,2.0,2022-09-12 13:53:00+00:00,2022-09-12 13:54:00+00:00,2022-09-12 19:00:00+00:00,23,TIME_EXIT,12779.25,12719.75,59.5,12785.75,12795.25,12719.75,66.0,132.0,500.0,3.787878787878788,3,17.76,53.28,1
p0_st5_20_bearish_sr350_lr750_buf0_tg1030,NASDAQ_ORB_15m_p0_short_switch_tp2r_p0_st5_20_bearish_sr350_lr750_buf0_tg1030_2022-09-13,2022-09-13,1,SHORT,15,09:45,2.0,2022-09-13 13:57:00+00:00,2022-09-13 13:58:00+00:00,2022-09-13 19:00:00+00:00,27,TIME_EXIT,12508.25,12403.5,104.75,12402.0,12213.5,12508.25,106.25,212.5,350.0,1.6470588235294117,1,375.76,375.76,1
p0_st5_20_bearish_sr350_lr750_buf0_tg1030,NASDAQ_ORB_15m_p0_short_switch_tp2r_p0_st5_20_bearish_sr350_lr750_buf0_tg1030_2022-09-14,2022-09-14,1,LONG,15,09:45,2.0,2022-09-14 13:46:00+00:00,2022-09-14 13:47:00+00:00,2022-09-14 19:00:00+00:00,16,TIME_EXIT,12185.5,12098.25,87.25,12195.75,12137.5,12098.25,97.5,195.0,500.0,2.5641025641025643,2,-117.74,-235.48,0
p0_st5_20_bearish_sr350_lr750_buf0_tg1030,NASDAQ_ORB_15m_p0_short_switch_tp2r_p0_st5_20_bearish_sr350_lr750_buf0_tg1030_2022-09-15,2022-09-15,1,LONG,15,09:45,2.0,2022-09-15 13:50:00+00:00,2022-09-15 13:51:00+00:00,2022-09-15 19:00:00+00:00,20,TIME_EXIT,12178.75,12110.5,68.25,12203.0,12022.5,12110.5,92.5,185.0,500.0,2.7027027027027026,2,-362.24,-724.48,0
p0_st5_20_bearish_sr350_lr750_buf0_tg1030,NASDAQ_ORB_15m_p0_short_switch_tp2r_p0_st5_20_bearish_sr350_lr750_buf0_tg1030_2022-09-16,2022-09-16,1,SHORT,15,09:45,2.0,2022-09-16 13:54:00+00:00,2022-09-16 13:55:00+00:00,2022-09-16 14:15:00+00:00,24,SWITCH_TO_LONG,11871.5,11802.25,69.25,11799.5,11881.25,11871.5,72.0,144.0,350.0,2.4305555555555554,2,-164.74,-329.48,0
p0_st5_20_bearish_sr350_lr750_buf0_tg1030,NASDAQ_ORB_15m_p0_short_switch_tp2r_p0_st5_20_bearish_sr350_lr750_buf0_tg1030_2022-09-16,2022-09-16,2,LONG,15,09:45,2.0,2022-09-16 14:14:00+00:00,2022-09-16 14:15:00+00:00,2022-09-16 19:00:00+00:00,44,TIME_EXIT,11871.5,11802.25,69.25,11881.25,11889.0,11802.25,79.0,158.0,750.0,4.746835443037975,4,14.26,57.04,1
p0_st5_20_bearish_sr350_lr750_buf0_tg1030,NASDAQ_ORB_15m_p0_short_switch_tp2r_p0_st5_20_bearish_sr350_lr750_buf0_tg1030_2022-09-19,2022-09-19,1,LONG,15,09:45,2.0,2022-09-19 13:46:00+00:00,2022-09-19 13:47:00+00:00,2022-09-19 19:00:00+00:00,16,TIME_EXIT,11905.25,11815.5,89.75,11915.0,11945.25,11815.5,99.5,199.0,500.0,2.512562814070352,2,59.26,118.52,1
p0_st5_20_bearish_sr350_lr750_buf0_tg1030,NASDAQ_ORB_15m_p0_short_switch_tp2r_p0_st5_20_bearish_sr350_lr750_buf0_tg1030_2022-09-20,2022-09-20,1,LONG,15,09:45,2.0,2022-09-20 14:51:00+00:00,2022-09-20 14:52:00+00:00,2022-09-20 19:00:00+00:00,81,TIME_EXIT,11947.25,11886.5,60.75,11948.0,11906.5,11886.5,61.5,123.0,500.0,4.065040650406504,4,-84.24,-336.96,0
p0_st5_20_bearish_sr350_lr750_buf0_tg1030,NASDAQ_ORB_15m_p0_short_switch_tp2r_p0_st5_20_bearish_sr350_lr750_buf0_tg1030_2022-09-21,2022-09-21,1,LONG,15,09:45,2.0,2022-09-21 13:48:00+00:00,2022-09-21 13:49:00+00:00,2022-09-21 18:00:00+00:00,18,TP_2R,11977.0,11938.25,38.75,11979.0,12060.25,11938.25,40.75,81.5,500.0,6.134969325153374,6,161.26,967.56,1
p0_st5_20_bearish_sr350_lr750_buf0_tg1030,NASDAQ_ORB_15m_p0_short_switch_tp2r_p0_st5_20_bearish_sr350_lr750_buf0_tg1030_2022-09-22,2022-09-22,1,SHORT,15,09:45,2.0,2022-09-22 13:54:00+00:00,2022-09-22 13:55:00+00:00,2022-09-22 19:00:00+00:00,24,TIME_EXIT,11682.25,11583.75,98.5,11582.25,11583.5,11682.25,100.0,200.0,350.0,1.75,1,-3.74,-3.74,0
p0_st5_20_bearish_sr350_lr750_buf0_tg1030,NASDAQ_ORB_15m_p0_short_switch_tp2r_p0_st5_20_bearish_sr350_lr750_buf0_tg1030_2022-09-23,2022-09-23,1,SHORT,15,09:45,2.0,2022-09-23 13:51:00+00:00,2022-09-23 13:52:00+00:00,2022-09-23 19:00:00+00:00,21,TIME_EXIT,11471.25,11384.5,86.75,11371.75,11237.25,11471.25,99.5,199.0,350.0,1.7587939698492463,1,267.76,267.76,1
p0_st5_20_bearish_sr350_lr750_buf0_tg1030,NASDAQ_ORB_15m_p0_short_switch_tp2r_p0_st5_20_bearish_sr350_lr750_buf0_tg1030_2022-09-26,2022-09-26,1,LONG,15,09:45,2.0,2022-09-26 13:51:00+00:00,2022-09-26 13:52:00+00:00,2022-09-26 19:00:00+00:00,21,TIME_EXIT,11461.5,11342.5,119.0,11470.5,11382.5,11342.5,128.0,256.0,500.0,1.953125,1,-177.24,-177.24,0
p0_st5_20_bearish_sr350_lr750_buf0_tg1030,NASDAQ_ORB_15m_p0_short_switch_tp2r_p0_st5_20_bearish_sr350_lr750_buf0_tg1030_2022-09-27,2022-09-27,1,SHORT,15,09:45,2.0,2022-09-27 14:05:00+00:00,2022-09-27 14:06:00+00:00,2022-09-27 19:00:00+00:00,35,TIME_EXIT,11568.0,11461.0,107.0,11433.75,11343.25,11568.0,134.25,268.5,350.0,1.303538175046555,1,179.76,179.76,1
p0_st5_20_bearish_sr350_lr750_buf0_tg1030,NASDAQ_ORB_15m_p0_short_switch_tp2r_p0_st5_20_bearish_sr350_lr750_buf0_tg1030_2022-09-28,2022-09-28,1,LONG,15,09:45,2.0,2022-09-28 13:52:00+00:00,2022-09-28 13:53:00+00:00,2022-09-28 16:19:00+00:00,22,TP_2R,11343.75,11266.0,77.75,11346.25,11506.5,11266.0,80.25,160.5,500.0,3.115264797507788,3,319.26,957.78,1
p0_st5_20_bearish_sr350_lr750_buf0_tg1030,NASDAQ_ORB_15m_p0_short_switch_tp2r_p0_st5_20_bearish_sr350_lr750_buf0_tg1030_2022-09-29,2022-09-29,1,SHORT,15,09:45,2.0,2022-09-29 13:48:00+00:00,2022-09-29 13:49:00+00:00,2022-09-29 19:00:00+00:00,18,TIME_EXIT,11401.75,11263.75,138.0,11262.0,11106.25,11401.75,139.75,279.5,350.0,1.2522361359570662,1,310.26,310.26,1
p0_st5_20_bearish_sr350_lr750_buf0_tg1030,NASDAQ_ORB_15m_p0_short_switch_tp2r_p0_st5_20_bearish_sr350_lr750_buf0_tg1030_2022-09-30,2022-09-30,1,LONG,15,09:45,2.0,2022-09-30 13:56:00+00:00,2022-09-30 13:57:00+00:00,2022-09-30 19:00:00+00:00,26,TIME_EXIT,11245.5,11143.0,102.5,11251.5,11110.75,11143.0,108.5,217.0,500.0,2.304147465437788,2,-282.74,-565.48,0
p0_st5_20_bearish_sr350_lr750_buf0_tg1030,NASDAQ_ORB_15m_p0_short_switch_tp2r_p0_st5_20_bearish_sr350_lr750_buf0_tg1030_2022-10-03,2022-10-03,1,LONG,15,09:45,2.0,2022-10-03 14:01:00+00:00,2022-10-03 14:02:00+00:00,2022-10-03 18:29:00+00:00,31,TP_2R,11127.5,11040.0,87.5,11135.0,11324.75,11040.0,95.0,190.0,500.0,2.6315789473684212,2,378.26,756.52,1
p0_st5_20_bearish_sr350_lr750_buf0_tg1030,NASDAQ_ORB_15m_p0_short_switch_tp2r_p0_st5_20_bearish_sr350_lr750_buf0_tg1030_2022-10-04,2022-10-04,1,LONG,15,09:45,2.0,2022-10-04 13:49:00+00:00,2022-10-04 13:50:00+00:00,2022-10-04 19:00:00+00:00,19,TIME_EXIT,11574.5,11514.25,60.25,11581.75,11636.25,11514.25,67.5,135.0,500.0,3.7037037037037037,3,107.76,323.28000000000003,1
p0_st5_20_bearish_sr350_lr750_buf0_tg1030,NASDAQ_ORB_15m_p0_short_switch_tp2r_p0_st5_20_bearish_sr350_lr750_buf0_tg1030_2022-10-05,2022-10-05,1,SHORT,15,09:45,2.0,2022-10-05 14:01:00+00:00,2022-10-05 14:02:00+00:00,2022-10-05 16:49:00+00:00,31,SWITCH_TO_LONG,11539.0,11464.25,74.75,11456.5,11547.75,11539.0,82.5,165.0,350.0,2.121212121212121,2,-183.74,-367.48,0
p0_st5_20_bearish_sr350_lr750_buf0_tg1030,NASDAQ_ORB_15m_p0_short_switch_tp2r_p0_st5_20_bearish_sr350_lr750_buf0_tg1030_2022-10-05,2022-10-05,2,LONG,15,09:45,2.0,2022-10-05 16:48:00+00:00,2022-10-05 16:49:00+00:00,2022-10-05 19:00:00+00:00,198,TIME_EXIT,11539.0,11464.25,74.75,11547.75,11644.75,11464.25,83.5,167.0,750.0,4.491017964071856,4,192.76,771.04,1
p0_st5_20_bearish_sr350_lr750_buf0_tg1030,NASDAQ_ORB_15m_p0_short_switch_tp2r_p0_st5_20_bearish_sr350_lr750_buf0_tg1030_2022-10-06,2022-10-06,1,SHORT,15,09:45,2.0,2022-10-06 14:05:00+00:00,2022-10-06 14:06:00+00:00,2022-10-06 19:00:00+00:00,35,TIME_EXIT,11721.75,11589.25,132.5,11580.5,11556.5,11721.75,141.25,282.5,350.0,1.238938053097345,1,46.76,46.76,1
p0_st5_20_bearish_sr350_lr750_buf0_tg1030,NASDAQ_ORB_15m_p0_short_switch_tp2r_p0_st5_20_bearish_sr350_lr750_buf0_tg1030_2022-10-07,2022-10-07,1,SHORT,15,09:45,2.0,2022-10-07 13:50:00+00:00,2022-10-07 13:51:00+00:00,2022-10-07 19:00:00+00:00,20,TIME_EXIT,11350.5,11265.75,84.75,11259.25,11108.75,11350.5,91.25,182.5,350.0,1.917808219178082,1,299.76,299.76,1
p0_st5_20_bearish_sr350_lr750_buf0_tg1030,NASDAQ_ORB_15m_p0_short_switch_tp2r_p0_st5_20_bearish_sr350_lr750_buf0_tg1030_2022-10-10,2022-10-10,1,SHORT,15,09:45,2.0,2022-10-10 13:54:00+00:00,2022-10-10 13:55:00+00:00,2022-10-10 19:00:00+00:00,24,TIME_EXIT,11125.75,11021.0,104.75,11009.0,11002.25,11125.75,116.75,233.5,350.0,1.4989293361884368,1,12.26,12.26,1
p0_st5_20_bearish_sr350_lr750_buf0_tg1030,NASDAQ_ORB_15m_p0_short_switch_tp2r_p0_st5_20_bearish_sr350_lr750_buf0_tg1030_2022-10-11,2022-10-11,1,SHORT,15,09:45,2.0,2022-10-11 13:48:00+00:00,2022-10-11 13:49:00+00:00,2022-10-11 15:38:00+00:00,18,SWITCH_TO_LONG,10944.5,10859.5,85.0,10859.25,10949.5,10944.5,85.25,170.5,350.0,2.0527859237536656,2,-181.74,-363.48,0
p0_st5_20_bearish_sr350_lr750_buf0_tg1030,NASDAQ_ORB_15m_p0_short_switch_tp2r_p0_st5_20_bearish_sr350_lr750_buf0_tg1030_2022-10-11,2022-10-11,2,LONG,15,09:45,2.0,2022-10-11 15:37:00+00:00,2022-10-11 15:38:00+00:00,2022-10-11 19:00:00+00:00,127,TIME_EXIT,10944.5,10859.5,85.0,10949.5,10818.25,10859.5,90.0,180.0,750.0,4.166666666666667,4,-263.74,-1054.96,0
p0_st5_20_bearish_sr350_lr750_buf0_tg1030,NASDAQ_ORB_15m_p0_short_switch_tp2r_p0_st5_20_bearish_sr350_lr750_buf0_tg1030_2022-10-13,2022-10-13,1,LONG,15,09:45,2.0,2022-10-13 13:47:00+00:00,2022-10-13 13:48:00+00:00,2022-10-13 15:07:00+00:00,17,TP_2R,10554.25,10484.5,69.75,10561.5,10715.25,10484.5,77.0,154.0,500.0,3.2467532467532467,3,306.26,918.78,1
p0_st5_20_bearish_sr350_lr750_buf0_tg1030,NASDAQ_ORB_15m_p0_short_switch_tp2r_p0_st5_20_bearish_sr350_lr750_buf0_tg1030_2022-10-14,2022-10-14,1,SHORT,15,09:45,2.0,2022-10-14 13:46:00+00:00,2022-10-14 13:47:00+00:00,2022-10-14 16:13:00+00:00,16,TP_2R,11207.75,11099.25,108.5,11069.0,10791.75,11207.75,138.75,277.5,350.0,1.2612612612612613,1,553.26,553.26,1
p0_st5_20_bearish_sr350_lr750_buf0_tg1030,NASDAQ_ORB_15m_p0_short_switch_tp2r_p0_st5_20_bearish_sr350_lr750_buf0_tg1030_2022-10-17,2022-10-17,1,LONG,15,09:45,2.0,2022-10-17 14:15:00+00:00,2022-10-17 14:16:00+00:00,2022-10-17 19:00:00+00:00,45,TIME_EXIT,11114.25,10999.0,115.25,11127.5,11113.25,10999.0,128.5,257.0,500.0,1.9455252918287937,1,-29.74,-29.74,0
p0_st5_20_bearish_sr350_lr750_buf0_tg1030,NASDAQ_ORB_15m_p0_short_switch_tp2r_p0_st5_20_bearish_sr350_lr750_buf0_tg1030_2022-10-18,2022-10-18,1,SHORT,15,09:45,2.0,2022-10-18 13:55:00+00:00,2022-10-18 13:56:00+00:00,2022-10-18 19:00:00+00:00,25,TIME_EXIT,11431.75,11346.75,85.0,11299.5,11139.75,11431.75,132.25,264.5,350.0,1.3232514177693762,1,318.26,318.26,1
p0_st5_20_bearish_sr350_lr750_buf0_tg1030,NASDAQ_ORB_15m_p0_short_switch_tp2r_p0_st5_20_bearish_sr350_lr750_buf0_tg1030_2022-10-19,2022-10-19,1,LONG,15,09:45,2.0,2022-10-19 14:16:00+00:00,2022-10-19 14:17:00+00:00,2022-10-19 19:00:00+00:00,46,TIME_EXIT,11213.25,11110.25,103.0,11226.25,11102.5,11110.25,116.0,232.0,500.0,2.1551724137931036,2,-248.74,-497.48,0
p0_st5_20_bearish_sr350_lr750_buf0_tg1030,NASDAQ_ORB_15m_p0_short_switch_tp2r_p0_st5_20_bearish_sr350_lr750_buf0_tg1030_2022-10-20,2022-10-20,1,LONG,15,09:45,2.0,2022-10-20 13:46:00+00:00,2022-10-20 13:47:00+00:00,2022-10-20 19:00:00+00:00,16,TIME_EXIT,11165.0,11091.5,73.5,11180.5,11083.5,11091.5,89.0,178.0,500.0,2.808988764044944,2,-195.24,-390.48,0
p0_st5_20_bearish_sr350_lr750_buf0_tg1030,NASDAQ_ORB_15m_p0_short_switch_tp2r_p0_st5_20_bearish_sr350_lr750_buf0_tg1030_2022-10-21,2022-10-21,1,LONG,15,09:45,2.0,2022-10-21 13:46:00+00:00,2022-10-21 13:47:00+00:00,2022-10-21 19:00:00+00:00,16,TIME_EXIT,11088.25,10994.75,93.5,11112.5,11303.25,10994.75,117.75,235.5,500.0,2.1231422505307855,2,380.26,760.52,1
p0_st5_20_bearish_sr350_lr750_buf0_tg1030,NASDAQ_ORB_15m_p0_short_switch_tp2r_p0_st5_20_bearish_sr350_lr750_buf0_tg1030_2022-10-24,2022-10-24,1,LONG,15,09:45,2.0,2022-10-24 13:46:00+00:00,2022-10-24 13:47:00+00:00,2022-10-24 19:00:00+00:00,16,TIME_EXIT,11398.5,11300.25,98.25,11410.75,11478.25,11300.25,110.5,221.0,500.0,2.262443438914027,2,133.76,267.52,1
p0_st5_20_bearish_sr350_lr750_buf0_tg1030,NASDAQ_ORB_15m_p0_short_switch_tp2r_p0_st5_20_bearish_sr350_lr750_buf0_tg1030_2022-10-25,2022-10-25,1,LONG,15,09:45,2.0,2022-10-25 13:46:00+00:00,2022-10-25 13:47:00+00:00,2022-10-25 19:00:00+00:00,16,TIME_EXIT,11571.75,11514.75,57.0,11582.75,11670.75,11514.75,68.0,136.0,500.0,3.676470588235294,3,174.76,524.28,1
p0_st5_20_bearish_sr350_lr750_buf0_tg1030,NASDAQ_ORB_15m_p0_short_switch_tp2r_p0_st5_20_bearish_sr350_lr750_buf0_tg1030_2022-10-26,2022-10-26,1,LONG,15,09:45,2.0,2022-10-26 13:49:00+00:00,2022-10-26 13:50:00+00:00,2022-10-26 19:00:00+00:00,19,TIME_EXIT,11509.25,11433.0,76.25,11528.25,11479.5,11433.0,95.25,190.5,500.0,2.6246719160104988,2,-98.74,-197.48,0
p0_st5_20_bearish_sr350_lr750_buf0_tg1030,NASDAQ_ORB_15m_p0_short_switch_tp2r_p0_st5_20_bearish_sr350_lr750_buf0_tg1030_2022-10-27,2022-10-27,1,SHORT,15,09:45,2.0,2022-10-27 13:50:00+00:00,2022-10-27 13:51:00+00:00,2022-10-27 19:00:00+00:00,20,TIME_EXIT,11464.5,11368.25,96.25,11324.5,11243.5,11464.5,140.0,280.0,350.0,1.25,1,160.76,160.76,1
p0_st5_20_bearish_sr350_lr750_buf0_tg1030,NASDAQ_ORB_15m_p0_short_switch_tp2r_p0_st5_20_bearish_sr350_lr750_buf0_tg1030_2022-10-28,2022-10-28,1,LONG,15,09:45,2.0,2022-10-28 14:26:00+00:00,2022-10-28 14:27:00+00:00,2022-10-28 19:00:00+00:00,56,TIME_EXIT,11364.25,11206.25,158.0,11371.75,11576.0,11206.25,165.5,331.0,500.0,1.5105740181268883,1,407.26,407.26,1
p0_st5_20_bearish_sr350_lr750_buf0_tg1030,NASDAQ_ORB_15m_p0_short_switch_tp2r_p0_st5_20_bearish_sr350_lr750_buf0_tg1030_2022-10-31,2022-10-31,1,SHORT,15,09:45,2.0,2022-10-31 13:47:00+00:00,2022-10-31 13:48:00+00:00,2022-10-31 19:00:00+00:00,17,TIME_EXIT,11522.75,11450.0,72.75,11438.0,11468.5,11522.75,84.75,169.5,350.0,2.0648967551622417,2,-62.24,-124.48,0
p0_st5_20_bearish_sr350_lr750_buf0_tg1030,NASDAQ_ORB_15m_p0_short_switch_tp2r_p0_st5_20_bearish_sr350_lr750_buf0_tg1030_2022-11-01,2022-11-01,1,SHORT,15,09:45,2.0,2022-11-01 13:50:00+00:00,2022-11-01 13:51:00+00:00,2022-11-01 14:59:00+00:00,20,TP_2R,11619.0,11565.5,53.5,11530.0,11352.25,11619.0,89.0,178.0,350.0,1.9662921348314606,1,354.26,354.26,1
p0_st5_20_bearish_sr350_lr750_buf0_tg1030,NASDAQ_ORB_15m_p0_short_switch_tp2r_p0_st5_20_bearish_sr350_lr750_buf0_tg1030_2022-11-02,2022-11-02,1,SHORT,15,09:45,2.0,2022-11-02 14:15:00+00:00,2022-11-02 14:16:00+00:00,2022-11-02 18:02:00+00:00,45,SWITCH_TO_LONG,11340.75,11271.25,69.5,11266.0,11354.75,11340.75,74.75,149.5,350.0,2.3411371237458196,2,-178.74,-357.48,0
p0_st5_20_bearish_sr350_lr750_buf0_tg1030,NASDAQ_ORB_15m_p0_short_switch_tp2r_p0_st5_20_bearish_sr350_lr750_buf0_tg1030_2022-11-02,2022-11-02,2,LONG,15,09:45,2.0,2022-11-02 18:01:00+00:00,2022-11-02 18:02:00+00:00,2022-11-02 19:00:00+00:00,271,TIME_EXIT,11340.75,11271.25,69.5,11354.75,11159.0,11271.25,83.5,167.0,750.0,4.491017964071856,4,-392.74,-1570.96,0
p0_st5_20_bearish_sr350_lr750_buf0_tg1030,NASDAQ_ORB_15m_p0_short_switch_tp2r_p0_st5_20_bearish_sr350_lr750_buf0_tg1030_2022-11-03,2022-11-03,1,SHORT,15,09:45,2.0,2022-11-03 13:46:00+00:00,2022-11-03 13:47:00+00:00,2022-11-03 14:49:00+00:00,16,SWITCH_TO_LONG,10848.25,10783.0,65.25,10766.25,10863.75,10848.25,82.0,164.0,350.0,2.1341463414634148,2,-196.24,-392.48,0
p0_st5_20_bearish_sr350_lr750_buf0_tg1030,NASDAQ_ORB_15m_p0_short_switch_tp2r_p0_st5_20_bearish_sr350_lr750_buf0_tg1030_2022-11-03,2022-11-03,2,LONG,15,09:45,2.0,2022-11-03 14:48:00+00:00,2022-11-03 14:49:00+00:00,2022-11-03 19:00:00+00:00,78,TIME_EXIT,10848.25,10783.0,65.25,10863.75,10809.0,10783.0,80.75,161.5,750.0,4.643962848297214,4,-110.74,-442.96,0
p0_st5_20_bearish_sr350_lr750_buf0_tg1030,NASDAQ_ORB_15m_p0_short_switch_tp2r_p0_st5_20_bearish_sr350_lr750_buf0_tg1030_2022-11-07,2022-11-07,1,SHORT,15,09:45,2.0,2022-11-07 14:49:00+00:00,2022-11-07 14:50:00+00:00,2022-11-07 19:17:00+00:00,19,SWITCH_TO_LONG,10969.0,10864.75,104.25,10862.5,10980.5,10969.0,106.5,213.0,350.0,1.6431924882629108,1,-237.24,-237.24,0
p0_st5_20_bearish_sr350_lr750_buf0_tg1030,NASDAQ_ORB_15m_p0_short_switch_tp2r_p0_st5_20_bearish_sr350_lr750_buf0_tg1030_2022-11-07,2022-11-07,2,LONG,15,09:45,2.0,2022-11-07 19:16:00+00:00,2022-11-07 19:17:00+00:00,2022-11-07 20:00:00+00:00,286,TIME_EXIT,10969.0,10864.75,104.25,10980.5,10997.0,10864.75,115.75,231.5,750.0,3.239740820734341,3,31.76,95.28,1
p0_st5_20_bearish_sr350_lr750_buf0_tg1030,NASDAQ_ORB_15m_p0_short_switch_tp2r_p0_st5_20_bearish_sr350_lr750_buf0_tg1030_2022-11-08,2022-11-08,1,SHORT,15,09:45,2.0,2022-11-08 14:46:00+00:00,2022-11-08 14:47:00+00:00,2022-11-08 15:18:00+00:00,16,SWITCH_TO_LONG,11083.0,11014.5,68.5,11010.75,11086.75,11083.0,72.25,144.5,350.0,2.422145328719723,2,-153.24,-306.48,0
p0_st5_20_bearish_sr350_lr750_buf0_tg1030,NASDAQ_ORB_15m_p0_short_switch_tp2r_p0_st5_20_bearish_sr350_lr750_buf0_tg1030_2022-11-08,2022-11-08,2,LONG,15,09:45,2.0,2022-11-08 15:17:00+00:00,2022-11-08 15:18:00+00:00,2022-11-08 16:41:00+00:00,47,TP_2R,11083.0,11014.5,68.5,11086.75,11231.0,11014.5,72.25,144.5,750.0,5.190311418685121,5,287.26,1436.3,1
p0_st5_20_bearish_sr350_lr750_buf0_tg1030,NASDAQ_ORB_15m_p0_short_switch_tp2r_p0_st5_20_bearish_sr350_lr750_buf0_tg1030_2022-11-09,2022-11-09,1,LONG,15,09:45,2.0,2022-11-09 14:46:00+00:00,2022-11-09 14:47:00+00:00,2022-11-09 20:00:00+00:00,16,TIME_EXIT,11018.75,10969.0,49.75,11038.5,10845.25,10969.0,69.5,139.0,500.0,3.597122302158273,3,-387.74,-1163.22,0
p0_st5_20_bearish_sr350_lr750_buf0_tg1030,NASDAQ_ORB_15m_p0_short_switch_tp2r_p0_st5_20_bearish_sr350_lr750_buf0_tg1030_2022-11-10,2022-11-10,1,LONG,15,09:45,2.0,2022-11-10 14:54:00+00:00,2022-11-10 14:55:00+00:00,2022-11-10 20:00:00+00:00,24,TIME_EXIT,11394.5,11269.0,125.5,11398.5,11524.75,11269.0,129.5,259.0,500.0,1.9305019305019304,1,251.26,251.26,1
p0_st5_20_bearish_sr350_lr750_buf0_tg1030,NASDAQ_ORB_15m_p0_short_switch_tp2r_p0_st5_20_bearish_sr350_lr750_buf0_tg1030_2022-11-11,2022-11-11,1,LONG,15,09:45,2.0,2022-11-11 14:46:00+00:00,2022-11-11 14:47:00+00:00,2022-11-11 18:11:00+00:00,16,TP_2R,11644.75,11569.5,75.25,11646.25,11799.5,11569.5,76.75,153.5,500.0,3.257328990228013,3,305.26,915.78,1
p0_st5_20_bearish_sr350_lr750_buf0_tg1030,NASDAQ_ORB_15m_p0_short_switch_tp2r_p0_st5_20_bearish_sr350_lr750_buf0_tg1030_2022-11-14,2022-11-14,1,SHORT,15,09:45,2.0,2022-11-14 14:46:00+00:00,2022-11-14 14:47:00+00:00,2022-11-14 15:09:00+00:00,16,SWITCH_TO_LONG,11785.5,11719.0,66.5,11713.5,11788.5,11785.5,72.0,144.0,350.0,2.4305555555555554,2,-151.24,-302.48,0
p0_st5_20_bearish_sr350_lr750_buf0_tg1030,NASDAQ_ORB_15m_p0_short_switch_tp2r_p0_st5_20_bearish_sr350_lr750_buf0_tg1030_2022-11-14,2022-11-14,2,LONG,15,09:45,2.0,2022-11-14 15:08:00+00:00,2022-11-14 15:09:00+00:00,2022-11-14 20:00:00+00:00,38,TIME_EXIT,11785.5,11719.0,66.5,11788.5,11854.25,11719.0,69.5,139.0,750.0,5.39568345323741,5,130.26,651.3,1
p0_st5_20_bearish_sr350_lr750_buf0_tg1030,NASDAQ_ORB_15m_p0_short_switch_tp2r_p0_st5_20_bearish_sr350_lr750_buf0_tg1030_2022-11-15,2022-11-15,1,SHORT,15,09:45,2.0,2022-11-15 14:50:00+00:00,2022-11-15 14:51:00+00:00,2022-11-15 18:33:00+00:00,20,TP_2R,12063.0,12003.25,59.75,11982.0,11820.25,12063.0,81.0,162.0,350.0,2.1604938271604937,2,322.26,644.52,1
p0_st5_20_bearish_sr350_lr750_buf0_tg1030,NASDAQ_ORB_15m_p0_short_switch_tp2r_p0_st5_20_bearish_sr350_lr750_buf0_tg1030_2022-11-16,2022-11-16,1,SHORT,15,09:45,2.0,2022-11-16 14:47:00+00:00,2022-11-16 14:48:00+00:00,2022-11-16 20:00:00+00:00,17,TIME_EXIT,11836.75,11794.5,42.25,11776.0,11767.0,11836.75,60.75,121.5,350.0,2.880658436213992,2,16.76,33.52,1
p0_st5_20_bearish_sr350_lr750_buf0_tg1030,NASDAQ_ORB_15m_p0_short_switch_tp2r_p0_st5_20_bearish_sr350_lr750_buf0_tg1030_2022-11-17,2022-11-17,1,LONG,15,09:45,2.0,2022-11-17 14:46:00+00:00,2022-11-17 14:47:00+00:00,2022-11-17 20:00:00+00:00,16,TIME_EXIT,11614.0,11543.5,70.5,11623.0,11683.0,11543.5,79.5,159.0,500.0,3.1446540880503147,3,118.76,356.28000000000003,1
p0_st5_20_bearish_sr350_lr750_buf0_tg1030,NASDAQ_ORB_15m_p0_short_switch_tp2r_p0_st5_20_bearish_sr350_lr750_buf0_tg1030_2022-11-18,2022-11-18,1,SHORT,15,09:45,2.0,2022-11-18 14:49:00+00:00,2022-11-18 14:50:00+00:00,2022-11-18 20:00:00+00:00,19,TIME_EXIT,11842.75,11747.5,95.25,11740.5,11667.75,11842.75,102.25,204.5,350.0,1.7114914425427872,1,144.26,144.26,1
p0_st5_20_bearish_sr350_lr750_buf0_tg1030,NASDAQ_ORB_15m_p0_short_switch_tp2r_p0_st5_20_bearish_sr350_lr750_buf0_tg1030_2022-11-21,2022-11-21,1,LONG,15,09:45,2.0,2022-11-21 14:52:00+00:00,2022-11-21 14:53:00+00:00,2022-11-21 20:00:00+00:00,22,TIME_EXIT,11694.25,11628.25,66.0,11695.5,11588.75,11628.25,67.25,134.5,500.0,3.717472118959108,3,-214.74,-644.22,0
p0_st5_20_bearish_sr350_lr750_buf0_tg1030,NASDAQ_ORB_15m_p0_short_switch_tp2r_p0_st5_20_bearish_sr350_lr750_buf0_tg1030_2022-11-22,2022-11-22,1,LONG,15,09:45,2.0,2022-11-22 15:49:00+00:00,2022-11-22 15:50:00+00:00,2022-11-22 20:00:00+00:00,79,TIME_EXIT,11628.75,11527.5,101.25,11636.0,11699.0,11527.5,108.5,217.0,500.0,2.304147465437788,2,124.76,249.52,1
p0_st5_20_bearish_sr350_lr750_buf0_tg1030,NASDAQ_ORB_15m_p0_short_switch_tp2r_p0_st5_20_bearish_sr350_lr750_buf0_tg1030_2022-11-23,2022-11-23,1,LONG,15,09:45,2.0,2022-11-23 14:46:00+00:00,2022-11-23 14:47:00+00:00,2022-11-23 20:00:00+00:00,16,TIME_EXIT,11802.0,11744.75,57.25,11802.75,11865.25,11744.75,58.0,116.0,500.0,4.310344827586207,4,123.76,495.04,1
p0_st5_20_bearish_sr350_lr750_buf0_tg1030,NASDAQ_ORB_15m_p0_short_switch_tp2r_p0_st5_20_bearish_sr350_lr750_buf0_tg1030_2022-11-24,2022-11-24,1,SHORT,15,09:45,2.0,2022-11-24 14:53:00+00:00,2022-11-24 14:54:00+00:00,2022-11-24 16:01:00+00:00,23,SWITCH_TO_LONG,11918.75,11901.0,17.75,11899.75,11920.0,11918.75,19.0,38.0,350.0,9.210526315789474,9,-41.74,-375.66,0
p0_st5_20_bearish_sr350_lr750_buf0_tg1030,NASDAQ_ORB_15m_p0_short_switch_tp2r_p0_st5_20_bearish_sr350_lr750_buf0_tg1030_2022-11-24,2022-11-24,2,LONG,15,09:45,2.0,2022-11-24 16:00:00+00:00,2022-11-24 16:01:00+00:00,2022-11-24 23:02:00+00:00,90,TIME_EXIT,11918.75,11901.0,17.75,11920.0,11921.75,11901.0,19.0,38.0,750.0,19.736842105263158,19,2.26,42.94,1
p0_st5_20_bearish_sr350_lr750_buf0_tg1030,NASDAQ_ORB_15m_p0_short_switch_tp2r_p0_st5_20_bearish_sr350_lr750_buf0_tg1030_2022-11-28,2022-11-28,1,LONG,15,09:45,2.0,2022-11-28 14:46:00+00:00,2022-11-28 14:47:00+00:00,2022-11-28 20:00:00+00:00,16,TIME_EXIT,11780.75,11693.75,87.0,11784.0,11613.5,11693.75,90.25,180.5,500.0,2.770083102493075,2,-342.24,-684.48,0
p0_st5_20_bearish_sr350_lr750_buf0_tg1030,NASDAQ_ORB_15m_p0_short_switch_tp2r_p0_st5_20_bearish_sr350_lr750_buf0_tg1030_2022-11-29,2022-11-29,1,SHORT,15,09:45,2.0,2022-11-29 14:48:00+00:00,2022-11-29 14:49:00+00:00,2022-11-29 15:52:00+00:00,18,SWITCH_TO_LONG,11628.0,11579.0,49.0,11575.5,11629.0,11628.0,52.5,105.0,350.0,3.3333333333333335,3,-108.24,-324.71999999999997,0
p0_st5_20_bearish_sr350_lr750_buf0_tg1030,NASDAQ_ORB_15m_p0_short_switch_tp2r_p0_st5_20_bearish_sr350_lr750_buf0_tg1030_2022-11-29,2022-11-29,2,LONG,15,09:45,2.0,2022-11-29 15:51:00+00:00,2022-11-29 15:52:00+00:00,2022-11-29 20:00:00+00:00,81,TIME_EXIT,11628.0,11579.0,49.0,11629.0,11510.25,11579.0,50.0,100.0,750.0,7.5,7,-238.74,-1671.18,0
p0_st5_20_bearish_sr350_lr750_buf0_tg1030,NASDAQ_ORB_15m_p0_short_switch_tp2r_p0_st5_20_bearish_sr350_lr750_buf0_tg1030_2022-11-30,2022-11-30,1,LONG,15,09:45,2.0,2022-11-30 18:31:00+00:00,2022-11-30 18:32:00+00:00,2022-11-30 19:12:00+00:00,241,TP_2R,11581.75,11518.75,63.0,11624.25,11835.0,11518.75,105.5,211.0,500.0,2.3696682464454977,2,420.26,840.52,1
p0_st5_20_bearish_sr350_lr750_buf0_tg1030,NASDAQ_ORB_15m_p0_short_switch_tp2r_p0_st5_20_bearish_sr350_lr750_buf0_tg1030_2022-12-01,2022-12-01,1,LONG,15,09:45,2.0,2022-12-01 14:46:00+00:00,2022-12-01 14:47:00+00:00,2022-12-01 20:00:00+00:00,16,TIME_EXIT,12103.5,12031.5,72.0,12111.0,12082.75,12031.5,79.5,159.0,500.0,3.1446540880503147,3,-57.74,-173.22,0
p0_st5_20_bearish_sr350_lr750_buf0_tg1030,NASDAQ_ORB_15m_p0_short_switch_tp2r_p0_st5_20_bearish_sr350_lr750_buf0_tg1030_2022-12-02,2022-12-02,1,LONG,15,09:45,2.0,2022-12-02 15:13:00+00:00,2022-12-02 15:14:00+00:00,2022-12-02 20:00:00+00:00,43,TIME_EXIT,11915.75,11844.25,71.5,11922.75,11988.0,11844.25,78.5,157.0,500.0,3.1847133757961785,3,129.26,387.78,1
p0_st5_20_bearish_sr350_lr750_buf0_tg1030,NASDAQ_ORB_15m_p0_short_switch_tp2r_p0_st5_20_bearish_sr350_lr750_buf0_tg1030_2022-12-05,2022-12-05,1,SHORT,15,09:45,2.0,2022-12-05 15:01:00+00:00,2022-12-05 15:02:00+00:00,2022-12-05 19:49:00+00:00,31,TP_2R,11972.25,11911.5,60.75,11898.25,11750.5,11972.25,74.0,148.0,350.0,2.364864864864865,2,294.26,588.52,1
p0_st5_20_bearish_sr350_lr750_buf0_tg1030,NASDAQ_ORB_15m_p0_short_switch_tp2r_p0_st5_20_bearish_sr350_lr750_buf0_tg1030_2022-12-06,2022-12-06,1,SHORT,15,09:45,2.0,2022-12-06 14:46:00+00:00,2022-12-06 14:47:00+00:00,2022-12-06 19:28:00+00:00,16,TP_2R,11805.75,11722.5,83.25,11712.0,11524.75,11805.75,93.75,187.5,350.0,1.8666666666666667,1,373.26,373.26,1
p0_st5_20_bearish_sr350_lr750_buf0_tg1030,NASDAQ_ORB_15m_p0_short_switch_tp2r_p0_st5_20_bearish_sr350_lr750_buf0_tg1030_2022-12-07,2022-12-07,1,SHORT,15,09:45,2.0,2022-12-07 14:50:00+00:00,2022-12-07 14:51:00+00:00,2022-12-07 20:00:00+00:00,20,TIME_EXIT,11596.0,11495.5,100.5,11477.75,11500.5,11596.0,118.25,236.5,350.0,1.4799154334038056,1,-46.74,-46.74,0
p0_st5_20_bearish_sr350_lr750_buf0_tg1030,NASDAQ_ORB_15m_p0_short_switch_tp2r_p0_st5_20_bearish_sr350_lr750_buf0_tg1030_2022-12-08,2022-12-08,1,LONG,15,09:45,2.0,2022-12-08 14:57:00+00:00,2022-12-08 14:58:00+00:00,2022-12-08 20:00:00+00:00,27,TIME_EXIT,11572.75,11488.75,84.0,11576.25,11626.0,11488.75,87.5,175.0,500.0,2.857142857142857,2,98.26,196.52,1
p0_st5_20_bearish_sr350_lr750_buf0_tg1030,NASDAQ_ORB_15m_p0_short_switch_tp2r_p0_st5_20_bearish_sr350_lr750_buf0_tg1030_2022-12-09,2022-12-09,1,LONG,15,09:45,2.0,2022-12-09 14:46:00+00:00,2022-12-09 14:47:00+00:00,2022-12-09 20:00:00+00:00,16,TIME_EXIT,11642.75,11550.0,92.75,11646.75,11658.25,11550.0,96.75,193.5,500.0,2.5839793281653747,2,21.76,43.52,1
p0_st5_20_bearish_sr350_lr750_buf0_tg1030,NASDAQ_ORB_15m_p0_short_switch_tp2r_p0_st5_20_bearish_sr350_lr750_buf0_tg1030_2022-12-12,2022-12-12,1,LONG,15,09:45,2.0,2022-12-12 17:41:00+00:00,2022-12-12 17:42:00+00:00,2022-12-12 20:00:00+00:00,191,TIME_EXIT,11714.25,11543.75,170.5,11716.5,11761.0,11543.75,172.75,345.5,500.0,1.447178002894356,1,87.76,87.76,1
p0_st5_20_bearish_sr350_lr750_buf0_tg1030,NASDAQ_ORB_15m_p0_short_switch_tp2r_p0_st5_20_bearish_sr350_lr750_buf0_tg1030_2022-12-13,2022-12-13,1,SHORT,15,09:45,2.0,2022-12-13 15:25:00+00:00,2022-12-13 15:26:00+00:00,2022-12-13 20:00:00+00:00,55,TIME_EXIT,12296.75,12183.25,113.5,12141.25,11944.75,12296.75,155.5,311.0,350.0,1.1254019292604502,1,391.76,391.76,1
p0_st5_20_bearish_sr350_lr750_buf0_tg1030,NASDAQ_ORB_15m_p0_short_switch_tp2r_p0_st5_20_bearish_sr350_lr750_buf0_tg1030_2022-12-14,2022-12-14,1,LONG,15,09:45,2.0,2022-12-14 14:58:00+00:00,2022-12-14 14:59:00+00:00,2022-12-14 20:00:00+00:00,28,TIME_EXIT,12003.0,11930.0,73.0,12005.25,11834.75,11930.0,75.25,150.5,500.0,3.3222591362126246,3,-342.24,-1026.72,0
p0_st5_20_bearish_sr350_lr750_buf0_tg1030,NASDAQ_ORB_15m_p0_short_switch_tp2r_p0_st5_20_bearish_sr350_lr750_buf0_tg1030_2022-12-15,2022-12-15,1,SHORT,15,09:45,2.0,2022-12-15 14:47:00+00:00,2022-12-15 14:48:00+00:00,2022-12-15 18:07:00+00:00,17,TP_2R,11715.5,11619.25,96.25,11618.0,11423.25,11715.5,97.5,195.0,350.0,1.794871794871795,1,388.26,388.26,1
p0_st5_20_bearish_sr350_lr750_buf0_tg1030,NASDAQ_ORB_15m_p0_short_switch_tp2r_p0_st5_20_bearish_sr350_lr750_buf0_tg1030_2022-12-16,2022-12-16,1,LONG,15,09:45,2.0,2022-12-16 14:50:00+00:00,2022-12-16 14:51:00+00:00,2022-12-16 20:00:00+00:00,20,TIME_EXIT,11457.75,11406.5,51.25,11487.25,11330.0,11406.5,80.75,161.5,500.0,3.0959752321981426,3,-315.74,-947.22,0
p0_st5_20_bearish_sr350_lr750_buf0_tg1030,NASDAQ_ORB_15m_p0_short_switch_tp2r_p0_st5_20_bearish_sr350_lr750_buf0_tg1030_2022-12-19,2022-12-19,1,SHORT,15,09:45,2.0,2022-12-19 14:48:00+00:00,2022-12-19 14:49:00+00:00,2022-12-19 20:00:00+00:00,18,TIME_EXIT,11359.25,11285.25,74.0,11278.75,11163.25,11359.25,80.5,161.0,350.0,2.1739130434782608,2,229.76,459.52,1
p0_st5_20_bearish_sr350_lr750_buf0_tg1030,NASDAQ_ORB_15m_p0_short_switch_tp2r_p0_st5_20_bearish_sr350_lr750_buf0_tg1030_2022-12-20,2022-12-20,1,SHORT,15,09:45,2.0,2022-12-20 14:46:00+00:00,2022-12-20 14:47:00+00:00,2022-12-20 14:59:00+00:00,16,SWITCH_TO_LONG,11151.5,11083.25,68.25,11079.75,11159.5,11151.5,71.75,143.5,350.0,2.4390243902439024,2,-160.74,-321.48,0
p0_st5_20_bearish_sr350_lr750_buf0_tg1030,NASDAQ_ORB_15m_p0_short_switch_tp2r_p0_st5_20_bearish_sr350_lr750_buf0_tg1030_2022-12-20,2022-12-20,2,LONG,15,09:45,2.0,2022-12-20 14:58:00+00:00,2022-12-20 14:59:00+00:00,2022-12-20 20:00:00+00:00,28,TIME_EXIT,11151.5,11083.25,68.25,11159.5,11177.0,11083.25,76.25,152.5,750.0,4.918032786885246,4,33.76,135.04,1
p0_st5_20_bearish_sr350_lr750_buf0_tg1030,NASDAQ_ORB_15m_p0_short_switch_tp2r_p0_st5_20_bearish_sr350_lr750_buf0_tg1030_2022-12-21,2022-12-21,1,LONG,15,09:45,2.0,2022-12-21 14:48:00+00:00,2022-12-21 14:49:00+00:00,2022-12-21 16:11:00+00:00,18,TP_2R,11238.75,11181.0,57.75,11245.75,11375.0,11181.0,64.75,129.5,500.0,3.861003861003861,3,257.26,771.78,1
p0_st5_20_bearish_sr350_lr750_buf0_tg1030,NASDAQ_ORB_15m_p0_short_switch_tp2r_p0_st5_20_bearish_sr350_lr750_buf0_tg1030_2022-12-22,2022-12-22,1,SHORT,15,09:45,2.0,2022-12-22 14:46:00+00:00,2022-12-22 14:47:00+00:00,2022-12-22 20:00:00+00:00,16,TIME_EXIT,11208.0,11104.25,103.75,11093.5,10986.75,11208.0,114.5,229.0,350.0,1.5283842794759825,1,212.26,212.26,1
p0_st5_20_bearish_sr350_lr750_buf0_tg1030,NASDAQ_ORB_15m_p0_short_switch_tp2r_p0_st5_20_bearish_sr350_lr750_buf0_tg1030_2022-12-23,2022-12-23,1,SHORT,15,09:45,2.0,2022-12-23 14:56:00+00:00,2022-12-23 14:57:00+00:00,2022-12-23 15:32:00+00:00,26,SWITCH_TO_LONG,11050.75,10925.75,125.0,10923.25,11059.75,11050.75,127.5,255.0,350.0,1.3725490196078431,1,-274.24,-274.24,0
p0_st5_20_bearish_sr350_lr750_buf0_tg1030,NASDAQ_ORB_15m_p0_short_switch_tp2r_p0_st5_20_bearish_sr350_lr750_buf0_tg1030_2022-12-23,2022-12-23,2,LONG,15,09:45,2.0,2022-12-23 15:31:00+00:00,2022-12-23 15:32:00+00:00,2022-12-23 20:00:00+00:00,61,TIME_EXIT,11050.75,10925.75,125.0,11059.75,11070.25,10925.75,134.0,268.0,750.0,2.798507462686567,2,19.76,39.52,1
p0_st5_20_bearish_sr350_lr750_buf0_tg1030,NASDAQ_ORB_15m_p0_short_switch_tp2r_p0_st5_20_bearish_sr350_lr750_buf0_tg1030_2022-12-27,2022-12-27,1,SHORT,15,09:45,2.0,2022-12-27 14:46:00+00:00,2022-12-27 14:47:00+00:00,2022-12-27 20:00:00+00:00,16,TIME_EXIT,11056.0,10939.0,117.0,10918.75,10923.5,11056.0,137.25,274.5,350.0,1.2750455373406193,1,-10.74,-10.74,0
p0_st5_20_bearish_sr350_lr750_buf0_tg1030,NASDAQ_ORB_15m_p0_short_switch_tp2r_p0_st5_20_bearish_sr350_lr750_buf0_tg1030_2022-12-29,2022-12-29,1,LONG,15,09:45,2.0,2022-12-29 14:59:00+00:00,2022-12-29 15:00:00+00:00,2022-12-29 20:00:00+00:00,29,TIME_EXIT,10968.5,10856.5,112.0,10970.25,11029.75,10856.5,113.75,227.5,500.0,2.197802197802198,2,117.76,235.52,1
p0_st5_20_bearish_sr350_lr750_buf0_tg1030,NASDAQ_ORB_15m_p0_short_switch_tp2r_p0_st5_20_bearish_sr350_lr750_buf0_tg1030_2022-12-30,2022-12-30,1,SHORT,15,09:45,2.0,2022-12-30 14:49:00+00:00,2022-12-30 14:50:00+00:00,2022-12-30 15:49:00+00:00,19,SWITCH_TO_LONG,10947.75,10884.5,63.25,10863.5,10953.25,10947.75,84.25,168.5,350.0,2.077151335311573,2,-180.74,-361.48,0
p0_st5_20_bearish_sr350_lr750_buf0_tg1030,NASDAQ_ORB_15m_p0_short_switch_tp2r_p0_st5_20_bearish_sr350_lr750_buf0_tg1030_2022-12-30,2022-12-30,2,LONG,15,09:45,2.0,2022-12-30 15:48:00+00:00,2022-12-30 15:49:00+00:00,2022-12-30 20:00:00+00:00,78,TIME_EXIT,10947.75,10884.5,63.25,10953.25,10904.0,10884.5,68.75,137.5,750.0,5.454545454545454,5,-99.74,-498.7,0
p0_st5_20_bearish_sr350_lr750_buf0_tg1030,NASDAQ_ORB_15m_p0_short_switch_tp2r_p0_st5_20_bearish_sr350_lr750_buf0_tg1030_2023-01-03,2023-01-03,1,SHORT,15,09:45,2.0,2023-01-03 14:50:00+00:00,2023-01-03 14:51:00+00:00,2023-01-03 17:48:00+00:00,20,TP_2R,11181.75,11072.5,109.25,11069.5,10845.25,11181.75,112.25,224.5,350.0,1.55902004454343,1,447.26,447.26,1
p0_st5_20_bearish_sr350_lr750_buf0_tg1030,NASDAQ_ORB_15m_p0_short_switch_tp2r_p0_st5_20_bearish_sr350_lr750_buf0_tg1030_2023-01-04,2023-01-04,1,SHORT,15,09:45,2.0,2023-01-04 15:01:00+00:00,2023-01-04 15:02:00+00:00,2023-01-04 16:39:00+00:00,31,SWITCH_TO_LONG,11046.75,10961.75,85.0,10947.25,11049.75,11046.75,99.5,199.0,350.0,1.7587939698492463,1,-206.24,-206.24,0
p0_st5_20_bearish_sr350_lr750_buf0_tg1030,NASDAQ_ORB_15m_p0_short_switch_tp2r_p0_st5_20_bearish_sr350_lr750_buf0_tg1030_2023-01-04,2023-01-04,2,LONG,15,09:45,2.0,2023-01-04 16:38:00+00:00,2023-01-04 16:39:00+00:00,2023-01-04 20:00:00+00:00,128,TIME_EXIT,11046.75,10961.75,85.0,11049.75,10993.25,10961.75,88.0,176.0,750.0,4.261363636363637,4,-114.24,-456.96,0
p0_st5_20_bearish_sr350_lr750_buf0_tg1030,NASDAQ_ORB_15m_p0_short_switch_tp2r_p0_st5_20_bearish_sr350_lr750_buf0_tg1030_2023-01-06,2023-01-06,1,LONG,15,09:45,2.0,2023-01-06 15:38:00+00:00,2023-01-06 15:39:00+00:00,2023-01-06 20:00:00+00:00,68,TIME_EXIT,10945.0,10777.75,167.25,10957.75,11138.25,10777.75,180.0,360.0,500.0,1.3888888888888888,1,359.76,359.76,1
p0_st5_20_bearish_sr350_lr750_buf0_tg1030,NASDAQ_ORB_15m_p0_short_switch_tp2r_p0_st5_20_bearish_sr350_lr750_buf0_tg1030_2023-01-09,2023-01-09,1,LONG,15,09:45,2.0,2023-01-09 14:46:00+00:00,2023-01-09 14:47:00+00:00,2023-01-09 16:15:00+00:00,16,TP_2R,11246.25,11194.5,51.75,11255.0,11375.75,11194.5,60.5,121.0,500.0,4.132231404958677,4,240.26,961.04,1
p0_st5_20_bearish_sr350_lr750_buf0_tg1030,NASDAQ_ORB_15m_p0_short_switch_tp2r_p0_st5_20_bearish_sr350_lr750_buf0_tg1030_2023-01-10,2023-01-10,1,LONG,15,09:45,2.0,2023-01-10 15:13:00+00:00,2023-01-10 15:14:00+00:00,2023-01-10 20:00:00+00:00,43,TIME_EXIT,11246.25,11137.75,108.5,11261.75,11249.0,11137.75,124.0,248.0,500.0,2.0161290322580645,2,-26.74,-53.48,0
p0_st5_20_bearish_sr350_lr750_buf0_tg1030,NASDAQ_ORB_15m_p0_short_switch_tp2r_p0_st5_20_bearish_sr350_lr750_buf0_tg1030_2023-01-11,2023-01-11,1,LONG,15,09:45,2.0,2023-01-11 15:10:00+00:00,2023-01-11 15:11:00+00:00,2023-01-11 20:00:00+00:00,40,TIME_EXIT,11358.25,11290.75,67.5,11359.5,11420.75,11290.75,68.75,137.5,500.0,3.6363636363636362,3,121.26,363.78000000000003,1
p0_st5_20_bearish_sr350_lr750_buf0_tg1030,NASDAQ_ORB_15m_p0_short_switch_tp2r_p0_st5_20_bearish_sr350_lr750_buf0_tg1030_2023-01-12,2023-01-12,1,SHORT,15,09:45,2.0,2023-01-12 14:46:00+00:00,2023-01-12 14:47:00+00:00,2023-01-12 17:19:00+00:00,16,SWITCH_TO_LONG,11518.5,11356.25,162.25,11352.75,11524.75,11518.5,165.75,331.5,350.0,1.0558069381598794,1,-345.24,-345.24,0
p0_st5_20_bearish_sr350_lr750_buf0_tg1030,NASDAQ_ORB_15m_p0_short_switch_tp2r_p0_st5_20_bearish_sr350_lr750_buf0_tg1030_2023-01-12,2023-01-12,2,LONG,15,09:45,2.0,2023-01-12 17:18:00+00:00,2023-01-12 17:19:00+00:00,2023-01-12 20:00:00+00:00,168,TIME_EXIT,11518.5,11356.25,162.25,11524.75,11536.0,11356.25,168.5,337.0,750.0,2.2255192878338277,2,21.26,42.52,1
p0_st5_20_bearish_sr350_lr750_buf0_tg1030,NASDAQ_ORB_15m_p0_short_switch_tp2r_p0_st5_20_bearish_sr350_lr750_buf0_tg1030_2023-01-13,2023-01-13,1,LONG,15,09:45,2.0,2023-01-13 15:01:00+00:00,2023-01-13 15:02:00+00:00,2023-01-13 20:00:00+00:00,31,TIME_EXIT,11466.5,11415.75,50.75,11478.0,11565.5,11415.75,62.25,124.5,500.0,4.016064257028113,4,173.76,695.04,1
p0_st5_20_bearish_sr350_lr750_buf0_tg1030,NASDAQ_ORB_15m_p0_short_switch_tp2r_p0_st5_20_bearish_sr350_lr750_buf0_tg1030_2023-01-17,2023-01-17,1,LONG,15,09:45,2.0,2023-01-17 15:01:00+00:00,2023-01-17 15:02:00+00:00,2023-01-17 20:00:00+00:00,31,TIME_EXIT,11620.5,11549.25,71.25,11635.75,11626.0,11549.25,86.5,173.0,500.0,2.8901734104046244,2,-20.74,-41.48,0
p0_st5_20_bearish_sr350_lr750_buf0_tg1030,NASDAQ_ORB_15m_p0_short_switch_tp2r_p0_st5_20_bearish_sr350_lr750_buf0_tg1030_2023-01-18,2023-01-18,1,LONG,15,09:45,2.0,2023-01-18 15:01:00+00:00,2023-01-18 15:02:00+00:00,2023-01-18 20:00:00+00:00,31,TIME_EXIT,11727.0,11672.25,54.75,11736.5,11523.75,11672.25,64.25,128.5,500.0,3.8910505836575875,3,-426.74,-1280.22,0
p0_st5_20_bearish_sr350_lr750_buf0_tg1030,NASDAQ_ORB_15m_p0_short_switch_tp2r_p0_st5_20_bearish_sr350_lr750_buf0_tg1030_2023-01-19,2023-01-19,1,SHORT,15,09:45,2.0,2023-01-19 14:50:00+00:00,2023-01-19 14:51:00+00:00,2023-01-19 19:48:00+00:00,20,SWITCH_TO_LONG,11446.75,11386.5,60.25,11359.5,11447.75,11446.75,87.25,174.5,350.0,2.005730659025788,2,-177.74,-355.48,0
p0_st5_20_bearish_sr350_lr750_buf0_tg1030,NASDAQ_ORB_15m_p0_short_switch_tp2r_p0_st5_20_bearish_sr350_lr750_buf0_tg1030_2023-01-19,2023-01-19,2,LONG,15,09:45,2.0,2023-01-19 19:47:00+00:00,2023-01-19 19:48:00+00:00,2023-01-19 20:00:00+00:00,317,TIME_EXIT,11446.75,11386.5,60.25,11447.75,11425.75,11386.5,61.25,122.5,750.0,6.122448979591836,6,-45.24,-271.44,0
p0_st5_20_bearish_sr350_lr750_buf0_tg1030,NASDAQ_ORB_15m_p0_short_switch_tp2r_p0_st5_20_bearish_sr350_lr750_buf0_tg1030_2023-01-20,2023-01-20,1,LONG,15,09:45,2.0,2023-01-20 14:52:00+00:00,2023-01-20 14:53:00+00:00,2023-01-20 18:51:00+00:00,22,TP_2R,11445.5,11383.0,62.5,11453.75,11595.0,11383.0,70.75,141.5,500.0,3.5335689045936394,3,281.26,843.78,1
p0_st5_20_bearish_sr350_lr750_buf0_tg1030,NASDAQ_ORB_15m_p0_short_switch_tp2r_p0_st5_20_bearish_sr350_lr750_buf0_tg1030_2023-01-23,2023-01-23,1,LONG,15,09:45,2.0,2023-01-23 14:46:00+00:00,2023-01-23 14:47:00+00:00,2023-01-23 16:05:00+00:00,16,TP_2R,11752.0,11671.75,80.25,11753.25,11916.0,11671.75,81.5,163.0,500.0,3.067484662576687,3,324.26,972.78,1
p0_st5_20_bearish_sr350_lr750_buf0_tg1030,NASDAQ_ORB_15m_p0_short_switch_tp2r_p0_st5_20_bearish_sr350_lr750_buf0_tg1030_2023-01-24,2023-01-24,1,LONG,15,09:45,2.0,2023-01-24 14:47:00+00:00,2023-01-24 14:48:00+00:00,2023-01-24 20:00:00+00:00,17,TIME_EXIT,11902.25,11840.0,62.25,11913.0,11917.5,11840.0,73.0,146.0,500.0,3.4246575342465753,3,7.76,23.28,1
p0_st5_20_bearish_sr350_lr750_buf0_tg1030,NASDAQ_ORB_15m_p0_short_switch_tp2r_p0_st5_20_bearish_sr350_lr750_buf0_tg1030_2023-01-25,2023-01-25,1,SHORT,15,09:45,2.0,2023-01-25 14:54:00+00:00,2023-01-25 14:55:00+00:00,2023-01-25 16:21:00+00:00,24,SWITCH_TO_LONG,11723.75,11658.75,65.0,11657.5,11729.75,11723.75,66.25,132.5,350.0,2.641509433962264,2,-145.74,-291.48,0
p0_st5_20_bearish_sr350_lr750_buf0_tg1030,NASDAQ_ORB_15m_p0_short_switch_tp2r_p0_st5_20_bearish_sr350_lr750_buf0_tg1030_2023-01-25,2023-01-25,2,LONG,15,09:45,2.0,2023-01-25 16:20:00+00:00,2023-01-25 16:21:00+00:00,2023-01-25 19:18:00+00:00,110,TP_2R,11723.75,11658.75,65.0,11729.75,11871.5,11658.75,71.0,142.0,750.0,5.28169014084507,5,282.26,1411.3,1
p0_st5_20_bearish_sr350_lr750_buf0_tg1030,NASDAQ_ORB_15m_p0_short_switch_tp2r_p0_st5_20_bearish_sr350_lr750_buf0_tg1030_2023-01-26,2023-01-26,1,SHORT,15,09:45,2.0,2023-01-26 14:55:00+00:00,2023-01-26 14:56:00+00:00,2023-01-26 20:00:00+00:00,25,TIME_EXIT,12075.0,12002.25,72.75,11972.5,12056.25,12075.0,102.5,205.0,350.0,1.7073170731707317,1,-168.74,-168.74,0
p0_st5_20_bearish_sr350_lr750_buf0_tg1030,NASDAQ_ORB_15m_p0_short_switch_tp2r_p0_st5_20_bearish_sr350_lr750_buf0_tg1030_2023-01-27,2023-01-27,1,LONG,15,09:45,2.0,2023-01-27 14:46:00+00:00,2023-01-27 14:47:00+00:00,2023-01-27 18:39:00+00:00,16,TP_2R,12104.25,12041.75,62.5,12110.5,12247.75,12041.75,68.75,137.5,500.0,3.6363636363636362,3,273.26,819.78,1
p0_st5_20_bearish_sr350_lr750_buf0_tg1030,NASDAQ_ORB_15m_p0_short_switch_tp2r_p0_st5_20_bearish_sr350_lr750_buf0_tg1030_2023-01-30,2023-01-30,1,LONG,15,09:45,2.0,2023-01-30 14:48:00+00:00,2023-01-30 14:49:00+00:00,2023-01-30 20:00:00+00:00,18,TIME_EXIT,12110.5,12059.25,51.25,12121.75,11999.75,12059.25,62.5,125.0,500.0,4.0,4,-245.24,-980.96,0
p0_st5_20_bearish_sr350_lr750_buf0_tg1030,NASDAQ_ORB_15m_p0_short_switch_tp2r_p0_st5_20_bearish_sr350_lr750_buf0_tg1030_2023-01-31,2023-01-31,1,LONG,15,09:45,2.0,2023-01-31 14:49:00+00:00,2023-01-31 14:50:00+00:00,2023-01-31 20:00:00+00:00,19,TIME_EXIT,12038.0,11969.25,68.75,12040.75,12110.5,11969.25,71.5,143.0,500.0,3.4965034965034967,3,138.26,414.78,1
p0_st5_20_bearish_sr350_lr750_buf0_tg1030,NASDAQ_ORB_15m_p0_short_switch_tp2r_p0_st5_20_bearish_sr350_lr750_buf0_tg1030_2023-02-01,2023-02-01,1,LONG,15,09:45,2.0,2023-02-01 19:08:00+00:00,2023-02-01 19:09:00+00:00,2023-02-01 19:45:00+00:00,278,TP_2R,12156.0,12101.5,54.5,12173.5,12317.25,12101.5,72.0,144.0,500.0,3.4722222222222223,3,286.26,858.78,1
p0_st5_20_bearish_sr350_lr750_buf0_tg1030,NASDAQ_ORB_15m_p0_short_switch_tp2r_p0_st5_20_bearish_sr350_lr750_buf0_tg1030_2023-02-02,2023-02-02,1,LONG,15,09:45,2.0,2023-02-02 15:28:00+00:00,2023-02-02 15:29:00+00:00,2023-02-02 18:35:00+00:00,58,TP_2R,12736.5,12671.0,65.5,12740.0,12877.75,12671.0,69.0,138.0,500.0,3.6231884057971016,3,274.26,822.78,1
p0_st5_20_bearish_sr350_lr750_buf0_tg1030,NASDAQ_ORB_15m_p0_short_switch_tp2r_p0_st5_20_bearish_sr350_lr750_buf0_tg1030_2023-02-03,2023-02-03,1,LONG,15,09:45,2.0,2023-02-03 14:47:00+00:00,2023-02-03 14:48:00+00:00,2023-02-03 20:00:00+00:00,17,TIME_EXIT,12693.5,12558.25,135.25,12713.25,12612.0,12558.25,155.0,310.0,500.0,1.6129032258064515,1,-203.74,-203.74,0
p0_st5_20_bearish_sr350_lr750_buf0_tg1030,NASDAQ_ORB_15m_p0_short_switch_tp2r_p0_st5_20_bearish_sr350_lr750_buf0_tg1030_2023-02-06,2023-02-06,1,LONG,15,09:45,2.0,2023-02-06 15:03:00+00:00,2023-02-06 15:04:00+00:00,2023-02-06 20:00:00+00:00,33,TIME_EXIT,12565.25,12502.0,63.25,12571.0,12530.5,12502.0,69.0,138.0,500.0,3.6231884057971016,3,-82.24,-246.71999999999997,0
p0_st5_20_bearish_sr350_lr750_buf0_tg1030,NASDAQ_ORB_15m_p0_short_switch_tp2r_p0_st5_20_bearish_sr350_lr750_buf0_tg1030_2023-02-07,2023-02-07,1,LONG,15,09:45,2.0,2023-02-07 14:51:00+00:00,2023-02-07 14:52:00+00:00,2023-02-07 17:46:00+00:00,21,TP_2R,12540.75,12488.5,52.25,12540.75,12645.0,12488.5,52.25,104.5,500.0,4.784688995215311,4,207.26,829.04,1
p0_st5_20_bearish_sr350_lr750_buf0_tg1030,NASDAQ_ORB_15m_p0_short_switch_tp2r_p0_st5_20_bearish_sr350_lr750_buf0_tg1030_2023-02-08,2023-02-08,1,SHORT,15,09:45,2.0,2023-02-08 14:54:00+00:00,2023-02-08 14:55:00+00:00,2023-02-08 16:27:00+00:00,24,TP_2R,12752.25,12683.75,68.5,12676.25,12524.5,12752.25,76.0,152.0,350.0,2.3026315789473686,2,302.26,604.52,1
p0_st5_20_bearish_sr350_lr750_buf0_tg1030,NASDAQ_ORB_15m_p0_short_switch_tp2r_p0_st5_20_bearish_sr350_lr750_buf0_tg1030_2023-02-09,2023-02-09,1,SHORT,15,09:45,2.0,2023-02-09 15:28:00+00:00,2023-02-09 15:29:00+00:00,2023-02-09 20:00:00+00:00,58,TIME_EXIT,12729.5,12638.0,91.5,12627.75,12468.25,12729.5,101.75,203.5,350.0,1.71990171990172,1,317.76,317.76,1
p0_st5_20_bearish_sr350_lr750_buf0_tg1030,NASDAQ_ORB_15m_p0_short_switch_tp2r_p0_st5_20_bearish_sr350_lr750_buf0_tg1030_2023-02-10,2023-02-10,1,LONG,15,09:45,2.0,2023-02-10 15:19:00+00:00,2023-02-10 15:20:00+00:00,2023-02-10 20:00:00+00:00,49,TIME_EXIT,12394.0,12311.75,82.25,12401.0,12324.5,12311.75,89.25,178.5,500.0,2.8011204481792715,2,-154.24,-308.48,0
p0_st5_20_bearish_sr350_lr750_buf0_tg1030,NASDAQ_ORB_15m_p0_short_switch_tp2r_p0_st5_20_bearish_sr350_lr750_buf0_tg1030_2023-02-13,2023-02-13,1,LONG,15,09:45,2.0,2023-02-13 14:51:00+00:00,2023-02-13 14:52:00+00:00,2023-02-13 20:00:00+00:00,21,TIME_EXIT,12428.75,12352.0,76.75,12434.25,12510.0,12352.0,82.25,164.5,500.0,3.0395136778115504,3,150.26,450.78,1
p0_st5_20_bearish_sr350_lr750_buf0_tg1030,NASDAQ_ORB_15m_p0_short_switch_tp2r_p0_st5_20_bearish_sr350_lr750_buf0_tg1030_2023-02-14,2023-02-14,1,LONG,15,09:45,2.0,2023-02-14 14:46:00+00:00,2023-02-14 14:47:00+00:00,2023-02-14 20:00:00+00:00,16,TIME_EXIT,12511.5,12390.5,121.0,12534.25,12619.0,12390.5,143.75,287.5,500.0,1.7391304347826086,1,168.26,168.26,1
p0_st5_20_bearish_sr350_lr750_buf0_tg1030,NASDAQ_ORB_15m_p0_short_switch_tp2r_p0_st5_20_bearish_sr350_lr750_buf0_tg1030_2023-02-15,2023-02-15,1,LONG,15,09:45,2.0,2023-02-15 14:50:00+00:00,2023-02-15 14:51:00+00:00,2023-02-15 20:00:00+00:00,20,TIME_EXIT,12617.25,12552.5,64.75,12628.25,12676.75,12552.5,75.75,151.5,500.0,3.3003300330033003,3,95.76,287.28000000000003,1
p0_st5_20_bearish_sr350_lr750_buf0_tg1030,NASDAQ_ORB_15m_p0_short_switch_tp2r_p0_st5_20_bearish_sr350_lr750_buf0_tg1030_2023-02-16,2023-02-16,1,LONG,15,09:45,2.0,2023-02-16 14:48:00+00:00,2023-02-16 14:49:00+00:00,2023-02-16 20:00:00+00:00,18,TIME_EXIT,12567.75,12496.5,71.25,12568.75,12652.0,12496.5,72.25,144.5,500.0,3.4602076124567476,3,165.26,495.78,1
p0_st5_20_bearish_sr350_lr750_buf0_tg1030,NASDAQ_ORB_15m_p0_short_switch_tp2r_p0_st5_20_bearish_sr350_lr750_buf0_tg1030_2023-02-17,2023-02-17,1,SHORT,15,09:45,2.0,2023-02-17 14:46:00+00:00,2023-02-17 14:47:00+00:00,2023-02-17 20:00:00+00:00,16,TIME_EXIT,12423.5,12346.5,77.0,12326.75,12391.0,12423.5,96.75,193.5,350.0,1.8087855297157622,1,-129.74,-129.74,0
p0_st5_20_bearish_sr350_lr750_buf0_tg1030,NASDAQ_ORB_15m_p0_short_switch_tp2r_p0_st5_20_bearish_sr350_lr750_buf0_tg1030_2023-02-20,2023-02-20,1,SHORT,15,09:45,2.0,2023-02-20 15:10:00+00:00,2023-02-20 15:11:00+00:00,2023-02-20 23:02:00+00:00,40,TIME_EXIT,12396.5,12383.0,13.5,12378.5,12366.25,12396.5,18.0,36.0,350.0,9.722222222222221,9,23.26,209.34,1
p0_st5_20_bearish_sr350_lr750_buf0_tg1030,NASDAQ_ORB_15m_p0_short_switch_tp2r_p0_st5_20_bearish_sr350_lr750_buf0_tg1030_2023-02-21,2023-02-21,1,SHORT,15,09:45,2.0,2023-02-21 14:59:00+00:00,2023-02-21 15:00:00+00:00,2023-02-21 20:00:00+00:00,29,TIME_EXIT,12288.75,12220.25,68.5,12219.25,12124.5,12288.75,69.5,139.0,350.0,2.5179856115107913,2,188.26,376.52,1
p0_st5_20_bearish_sr350_lr750_buf0_tg1030,NASDAQ_ORB_15m_p0_short_switch_tp2r_p0_st5_20_bearish_sr350_lr750_buf0_tg1030_2023-02-22,2023-02-22,1,LONG,15,09:45,2.0,2023-02-22 14:46:00+00:00,2023-02-22 14:47:00+00:00,2023-02-22 20:00:00+00:00,16,TIME_EXIT,12163.0,12114.25,48.75,12168.75,12062.75,12114.25,54.5,109.0,500.0,4.587155963302752,4,-213.24,-852.96,0
p0_st5_20_bearish_sr350_lr750_buf0_tg1030,NASDAQ_ORB_15m_p0_short_switch_tp2r_p0_st5_20_bearish_sr350_lr750_buf0_tg1030_2023-02-23,2023-02-23,1,SHORT,15,09:45,2.0,2023-02-23 15:10:00+00:00,2023-02-23 15:11:00+00:00,2023-02-23 16:44:00+00:00,40,TP_2R,12260.25,12197.25,63.0,12188.0,12043.75,12260.25,72.25,144.5,350.0,2.422145328719723,2,287.26,574.52,1
p0_st5_20_bearish_sr350_lr750_buf0_tg1030,NASDAQ_ORB_15m_p0_short_switch_tp2r_p0_st5_20_bearish_sr350_lr750_buf0_tg1030_2023-02-24,2023-02-24,1,SHORT,15,09:45,2.0,2023-02-24 14:47:00+00:00,2023-02-24 14:48:00+00:00,2023-02-24 20:00:00+00:00,17,TIME_EXIT,12043.0,11980.75,62.25,11958.0,12006.25,12043.0,85.0,170.0,350.0,2.0588235294117645,2,-97.74,-195.48,0
p0_st5_20_bearish_sr350_lr750_buf0_tg1030,NASDAQ_ORB_15m_p0_short_switch_tp2r_p0_st5_20_bearish_sr350_lr750_buf0_tg1030_2023-02-27,2023-02-27,1,LONG,15,09:45,2.0,2023-02-27 14:59:00+00:00,2023-02-27 15:00:00+00:00,2023-02-27 20:00:00+00:00,29,TIME_EXIT,12143.5,12109.5,34.0,12146.75,12088.5,12109.5,37.25,74.5,500.0,6.7114093959731544,6,-117.74,-706.4399999999999,0
p0_st5_20_bearish_sr350_lr750_buf0_tg1030,NASDAQ_ORB_15m_p0_short_switch_tp2r_p0_st5_20_bearish_sr350_lr750_buf0_tg1030_2023-02-28,2023-02-28,1,LONG,15,09:45,2.0,2023-02-28 14:47:00+00:00,2023-02-28 14:48:00+00:00,2023-02-28 20:00:00+00:00,17,TIME_EXIT,12099.0,12041.25,57.75,12107.5,12123.5,12041.25,66.25,132.5,500.0,3.7735849056603774,3,30.76,92.28,1
p0_st5_20_bearish_sr350_lr750_buf0_tg1030,NASDAQ_ORB_15m_p0_short_switch_tp2r_p0_st5_20_bearish_sr350_lr750_buf0_tg1030_2023-03-01,2023-03-01,1,LONG,15,09:45,2.0,2023-03-01 14:50:00+00:00,2023-03-01 14:51:00+00:00,2023-03-01 20:00:00+00:00,20,TIME_EXIT,12060.0,12004.0,56.0,12075.0,11950.5,12004.0,71.0,142.0,500.0,3.5211267605633805,3,-250.24,-750.72,0
p0_st5_20_bearish_sr350_lr750_buf0_tg1030,NASDAQ_ORB_15m_p0_short_switch_tp2r_p0_st5_20_bearish_sr350_lr750_buf0_tg1030_2023-03-02,2023-03-02,1,LONG,15,09:45,2.0,2023-03-02 14:49:00+00:00,2023-03-02 14:50:00+00:00,2023-03-02 18:37:00+00:00,19,TP_2R,11882.75,11846.25,36.5,11883.5,11957.75,11846.25,37.25,74.5,500.0,6.7114093959731544,6,147.26,883.56,1
p0_st5_20_bearish_sr350_lr750_buf0_tg1030,NASDAQ_ORB_15m_p0_short_switch_tp2r_p0_st5_20_bearish_sr350_lr750_buf0_tg1030_2023-03-03,2023-03-03,1,LONG,15,09:45,2.0,2023-03-03 14:46:00+00:00,2023-03-03 14:47:00+00:00,2023-03-03 17:56:00+00:00,16,TP_2R,12146.25,12111.0,35.25,12158.75,12254.0,12111.0,47.75,95.5,500.0,5.2356020942408374,5,189.26,946.3,1
p0_st5_20_bearish_sr350_lr750_buf0_tg1030,NASDAQ_ORB_15m_p0_short_switch_tp2r_p0_st5_20_bearish_sr350_lr750_buf0_tg1030_2023-03-06,2023-03-06,1,LONG,15,09:45,2.0,2023-03-06 15:09:00+00:00,2023-03-06 15:10:00+00:00,2023-03-06 20:00:00+00:00,39,TIME_EXIT,12397.0,12352.25,44.75,12400.0,12345.75,12352.25,47.75,95.5,500.0,5.2356020942408374,5,-109.74,-548.6999999999999,0
p0_st5_20_bearish_sr350_lr750_buf0_tg1030,NASDAQ_ORB_15m_p0_short_switch_tp2r_p0_st5_20_bearish_sr350_lr750_buf0_tg1030_2023-03-07,2023-03-07,1,SHORT,15,09:45,2.0,2023-03-07 15:01:00+00:00,2023-03-07 15:02:00+00:00,2023-03-07 20:00:00+00:00,31,TIME_EXIT,12361.0,12313.0,48.0,12281.75,12146.5,12361.0,79.25,158.5,350.0,2.2082018927444795,2,269.26,538.52,1
p0_st5_20_bearish_sr350_lr750_buf0_tg1030,NASDAQ_ORB_15m_p0_short_switch_tp2r_p0_st5_20_bearish_sr350_lr750_buf0_tg1030_2023-03-08,2023-03-08,1,SHORT,15,09:45,2.0,2023-03-08 15:01:00+00:00,2023-03-08 15:02:00+00:00,2023-03-08 15:35:00+00:00,31,SWITCH_TO_LONG,12216.0,12156.5,59.5,12136.75,12218.75,12216.0,79.25,158.5,350.0,2.2082018927444795,2,-165.24,-330.48,0
p0_st5_20_bearish_sr350_lr750_buf0_tg1030,NASDAQ_ORB_15m_p0_short_switch_tp2r_p0_st5_20_bearish_sr350_lr750_buf0_tg1030_2023-03-08,2023-03-08,2,LONG,15,09:45,2.0,2023-03-08 15:34:00+00:00,2023-03-08 15:35:00+00:00,2023-03-08 20:00:00+00:00,64,TIME_EXIT,12216.0,12156.5,59.5,12218.75,12179.25,12156.5,62.25,124.5,750.0,6.024096385542169,6,-80.24,-481.43999999999994,0
p0_st5_20_bearish_sr350_lr750_buf0_tg1030,NASDAQ_ORB_15m_p0_short_switch_tp2r_p0_st5_20_bearish_sr350_lr750_buf0_tg1030_2023-03-09,2023-03-09,1,LONG,15,09:45,2.0,2023-03-09 14:47:00+00:00,2023-03-09 14:48:00+00:00,2023-03-09 20:00:00+00:00,17,TIME_EXIT,12291.25,12230.25,61.0,12303.0,12073.25,12230.25,72.75,145.5,500.0,3.4364261168384878,3,-460.74,-1382.22,0
p0_st5_20_bearish_sr350_lr750_buf0_tg1030,NASDAQ_ORB_15m_p0_short_switch_tp2r_p0_st5_20_bearish_sr350_lr750_buf0_tg1030_2023-03-10,2023-03-10,1,SHORT,15,09:45,2.0,2023-03-10 14:46:00+00:00,2023-03-10 14:47:00+00:00,2023-03-10 16:28:00+00:00,16,SWITCH_TO_LONG,12027.5,11895.5,132.0,11886.0,12041.0,12027.5,141.5,283.0,350.0,1.2367491166077738,1,-311.24,-311.24,0
p0_st5_20_bearish_sr350_lr750_buf0_tg1030,NASDAQ_ORB_15m_p0_short_switch_tp2r_p0_st5_20_bearish_sr350_lr750_buf0_tg1030_2023-03-10,2023-03-10,2,LONG,15,09:45,2.0,2023-03-10 16:27:00+00:00,2023-03-10 16:28:00+00:00,2023-03-10 20:00:00+00:00,117,TIME_EXIT,12027.5,11895.5,132.0,12041.0,11879.75,11895.5,145.5,291.0,750.0,2.577319587628866,2,-323.74,-647.48,0
p0_st5_20_bearish_sr350_lr750_buf0_tg1030,NASDAQ_ORB_15m_p0_short_switch_tp2r_p0_st5_20_bearish_sr350_lr750_buf0_tg1030_2023-03-13,2023-03-13,1,LONG,15,09:45,2.0,2023-03-13 13:49:00+00:00,2023-03-13 13:50:00+00:00,2023-03-13 19:00:00+00:00,19,TIME_EXIT,11933.5,11821.25,112.25,11956.0,12171.25,11821.25,134.75,269.5,500.0,1.8552875695732838,1,429.26,429.26,1
p0_st5_20_bearish_sr350_lr750_buf0_tg1030,NASDAQ_ORB_15m_p0_short_switch_tp2r_p0_st5_20_bearish_sr350_lr750_buf0_tg1030_2023-03-14,2023-03-14,1,LONG,15,09:45,2.0,2023-03-14 14:23:00+00:00,2023-03-14 14:24:00+00:00,2023-03-14 19:00:00+00:00,53,TIME_EXIT,12282.25,12202.0,80.25,12293.25,12235.0,12202.0,91.25,182.5,500.0,2.73972602739726,2,-117.74,-235.48,0
p0_st5_20_bearish_sr350_lr750_buf0_tg1030,NASDAQ_ORB_15m_p0_short_switch_tp2r_p0_st5_20_bearish_sr350_lr750_buf0_tg1030_2023-03-15,2023-03-15,1,LONG,15,09:45,2.0,2023-03-15 15:46:00+00:00,2023-03-15 15:47:00+00:00,2023-03-15 19:00:00+00:00,136,TIME_EXIT,12274.5,12193.75,80.75,12283.75,12375.5,12193.75,90.0,180.0,500.0,2.7777777777777777,2,182.26,364.52,1
p0_st5_20_bearish_sr350_lr750_buf0_tg1030,NASDAQ_ORB_15m_p0_short_switch_tp2r_p0_st5_20_bearish_sr350_lr750_buf0_tg1030_2023-03-16,2023-03-16,1,LONG,15,09:45,2.0,2023-03-16 13:54:00+00:00,2023-03-16 13:55:00+00:00,2023-03-16 14:56:00+00:00,24,TP_2R,12381.0,12314.0,67.0,12383.75,12523.0,12314.0,69.75,139.5,500.0,3.5842293906810037,3,277.26,831.78,1
p0_st5_20_bearish_sr350_lr750_buf0_tg1030,NASDAQ_ORB_15m_p0_short_switch_tp2r_p0_st5_20_bearish_sr350_lr750_buf0_tg1030_2023-03-17,2023-03-17,1,LONG,15,09:45,2.0,2023-03-17 14:01:00+00:00,2023-03-17 14:02:00+00:00,2023-03-17 19:00:00+00:00,31,TIME_EXIT,12763.75,12691.0,72.75,12772.0,12620.0,12691.0,81.0,162.0,500.0,3.0864197530864197,3,-305.24,-915.72,0
p0_st5_20_bearish_sr350_lr750_buf0_tg1030,NASDAQ_ORB_15m_p0_short_switch_tp2r_p0_st5_20_bearish_sr350_lr750_buf0_tg1030_2023-03-20,2023-03-20,1,SHORT,15,09:45,2.0,2023-03-20 13:49:00+00:00,2023-03-20 13:50:00+00:00,2023-03-20 14:51:00+00:00,19,SWITCH_TO_LONG,12633.0,12552.0,81.0,12543.5,12635.25,12633.0,89.5,179.0,350.0,1.9553072625698324,1,-184.74,-184.74,0
p0_st5_20_bearish_sr350_lr750_buf0_tg1030,NASDAQ_ORB_15m_p0_short_switch_tp2r_p0_st5_20_bearish_sr350_lr750_buf0_tg1030_2023-03-20,2023-03-20,2,LONG,15,09:45,2.0,2023-03-20 14:50:00+00:00,2023-03-20 14:51:00+00:00,2023-03-20 19:00:00+00:00,80,TIME_EXIT,12633.0,12552.0,81.0,12635.25,12661.75,12552.0,83.25,166.5,750.0,4.504504504504505,4,51.76,207.04,1
p0_st5_20_bearish_sr350_lr750_buf0_tg1030,NASDAQ_ORB_15m_p0_short_switch_tp2r_p0_st5_20_bearish_sr350_lr750_buf0_tg1030_2023-03-21,2023-03-21,1,LONG,15,09:45,2.0,2023-03-21 14:01:00+00:00,2023-03-21 14:02:00+00:00,2023-03-21 19:00:00+00:00,31,TIME_EXIT,12814.75,12774.25,40.5,12823.75,12840.0,12774.25,49.5,99.0,500.0,5.05050505050505,5,31.26,156.3,1
p0_st5_20_bearish_sr350_lr750_buf0_tg1030,NASDAQ_ORB_15m_p0_short_switch_tp2r_p0_st5_20_bearish_sr350_lr750_buf0_tg1030_2023-03-22,2023-03-22,1,LONG,15,09:45,2.0,2023-03-22 13:51:00+00:00,2023-03-22 13:52:00+00:00,2023-03-22 18:01:00+00:00,21,TP_2R,12880.5,12851.0,29.5,12886.5,12957.25,12851.0,35.5,71.0,500.0,7.042253521126761,7,140.26,981.8199999999999,1
p0_st5_20_bearish_sr350_lr750_buf0_tg1030,NASDAQ_ORB_15m_p0_short_switch_tp2r_p0_st5_20_bearish_sr350_lr750_buf0_tg1030_2023-03-23,2023-03-23,1,LONG,15,09:45,2.0,2023-03-23 14:01:00+00:00,2023-03-23 14:02:00+00:00,2023-03-23 15:09:00+00:00,31,TP_2R,12892.5,12847.0,45.5,12908.5,13031.25,12847.0,61.5,123.0,500.0,4.065040650406504,4,244.26,977.04,1
p0_st5_20_bearish_sr350_lr750_buf0_tg1030,NASDAQ_ORB_15m_p0_short_switch_tp2r_p0_st5_20_bearish_sr350_lr750_buf0_tg1030_2023-03-24,2023-03-24,1,LONG,15,09:45,2.0,2023-03-24 16:02:00+00:00,2023-03-24 16:03:00+00:00,2023-03-24 19:00:00+00:00,152,TIME_EXIT,12844.75,12743.5,101.25,12847.25,12850.25,12743.5,103.75,207.5,500.0,2.4096385542168677,2,4.76,9.52,1
p0_st5_20_bearish_sr350_lr750_buf0_tg1030,NASDAQ_ORB_15m_p0_short_switch_tp2r_p0_st5_20_bearish_sr350_lr750_buf0_tg1030_2023-03-27,2023-03-27,1,LONG,15,09:45,2.0,2023-03-27 13:47:00+00:00,2023-03-27 13:48:00+00:00,2023-03-27 19:00:00+00:00,17,TIME_EXIT,12940.75,12881.75,59.0,12946.5,12856.25,12881.75,64.75,129.5,500.0,3.861003861003861,3,-181.74,-545.22,0
p0_st5_20_bearish_sr350_lr750_buf0_tg1030,NASDAQ_ORB_15m_p0_short_switch_tp2r_p0_st5_20_bearish_sr350_lr750_buf0_tg1030_2023-03-29,2023-03-29,1,LONG,15,09:45,2.0,2023-03-29 13:49:00+00:00,2023-03-29 13:50:00+00:00,2023-03-29 19:00:00+00:00,19,TIME_EXIT,12919.5,12881.25,38.25,12922.0,12948.0,12881.25,40.75,81.5,500.0,6.134969325153374,6,50.76,304.56,1
p0_st5_20_bearish_sr350_lr750_buf0_tg1030,NASDAQ_ORB_15m_p0_short_switch_tp2r_p0_st5_20_bearish_sr350_lr750_buf0_tg1030_2023-03-30,2023-03-30,1,LONG,15,09:45,2.0,2023-03-30 14:00:00+00:00,2023-03-30 14:01:00+00:00,2023-03-30 19:00:00+00:00,30,TIME_EXIT,13078.0,13037.0,41.0,13080.0,13066.0,13037.0,43.0,86.0,500.0,5.813953488372093,5,-29.24,-146.2,0
p0_st5_20_bearish_sr350_lr750_buf0_tg1030,NASDAQ_ORB_15m_p0_short_switch_tp2r_p0_st5_20_bearish_sr350_lr750_buf0_tg1030_2023-03-31,2023-03-31,1,LONG,15,09:45,2.0,2023-03-31 13:48:00+00:00,2023-03-31 13:49:00+00:00,2023-03-31 19:00:00+00:00,18,TIME_EXIT,13140.5,13078.0,62.5,13142.0,13247.25,13078.0,64.0,128.0,500.0,3.90625,3,209.26,627.78,1
p0_st5_20_bearish_sr350_lr750_buf0_tg1030,NASDAQ_ORB_15m_p0_short_switch_tp2r_p0_st5_20_bearish_sr350_lr750_buf0_tg1030_2023-04-03,2023-04-03,1,LONG,15,09:45,2.0,2023-04-03 13:49:00+00:00,2023-04-03 13:50:00+00:00,2023-04-03 19:00:00+00:00,19,TIME_EXIT,13248.0,13197.75,50.25,13257.5,13224.75,13197.75,59.75,119.5,500.0,4.184100418410042,4,-66.74,-266.96,0
p0_st5_20_bearish_sr350_lr750_buf0_tg1030,NASDAQ_ORB_15m_p0_short_switch_tp2r_p0_st5_20_bearish_sr350_lr750_buf0_tg1030_2023-04-04,2023-04-04,1,LONG,15,09:45,2.0,2023-04-04 14:01:00+00:00,2023-04-04 14:02:00+00:00,2023-04-04 19:00:00+00:00,31,TIME_EXIT,13296.25,13232.0,64.25,13313.75,13188.25,13232.0,81.75,163.5,500.0,3.058103975535168,3,-252.24,-756.72,0
p0_st5_20_bearish_sr350_lr750_buf0_tg1030,NASDAQ_ORB_15m_p0_short_switch_tp2r_p0_st5_20_bearish_sr350_lr750_buf0_tg1030_2023-04-05,2023-04-05,1,SHORT,15,09:45,2.0,2023-04-05 13:47:00+00:00,2023-04-05 13:48:00+00:00,2023-04-05 14:52:00+00:00,17,TP_2R,13182.5,13140.25,42.25,13135.75,13042.5,13182.5,46.75,93.5,350.0,3.7433155080213902,3,185.26,555.78,1
p0_st5_20_bearish_sr350_lr750_buf0_tg1030,NASDAQ_ORB_15m_p0_short_switch_tp2r_p0_st5_20_bearish_sr350_lr750_buf0_tg1030_2023-04-06,2023-04-06,1,LONG,15,09:45,2.0,2023-04-06 14:03:00+00:00,2023-04-06 14:04:00+00:00,2023-04-06 16:01:00+00:00,33,TP_2R,13013.5,12957.5,56.0,13016.25,13133.5,12957.5,58.75,117.5,500.0,4.25531914893617,4,233.26,933.04,1
p0_st5_20_bearish_sr350_lr750_buf0_tg1030,NASDAQ_ORB_15m_p0_short_switch_tp2r_p0_st5_20_bearish_sr350_lr750_buf0_tg1030_2023-04-10,2023-04-10,1,SHORT,15,09:45,2.0,2023-04-10 13:47:00+00:00,2023-04-10 13:48:00+00:00,2023-04-10 15:08:00+00:00,17,SWITCH_TO_LONG,13050.5,12992.25,58.25,12982.25,13051.5,13050.5,68.25,136.5,350.0,2.5641025641025643,2,-139.74,-279.48,0
p0_st5_20_bearish_sr350_lr750_buf0_tg1030,NASDAQ_ORB_15m_p0_short_switch_tp2r_p0_st5_20_bearish_sr350_lr750_buf0_tg1030_2023-04-10,2023-04-10,2,LONG,15,09:45,2.0,2023-04-10 15:07:00+00:00,2023-04-10 15:08:00+00:00,2023-04-10 19:00:00+00:00,97,TIME_EXIT,13050.5,12992.25,58.25,13051.5,13156.75,12992.25,59.25,118.5,750.0,6.329113924050633,6,209.26,1255.56,1
p0_st5_20_bearish_sr350_lr750_buf0_tg1030,NASDAQ_ORB_15m_p0_short_switch_tp2r_p0_st5_20_bearish_sr350_lr750_buf0_tg1030_2023-04-11,2023-04-11,1,SHORT,15,09:45,2.0,2023-04-11 14:06:00+00:00,2023-04-11 14:07:00+00:00,2023-04-11 19:00:00+00:00,36,TIME_EXIT,13160.75,13099.5,61.25,13098.0,13127.0,13160.75,62.75,125.5,350.0,2.7888446215139444,2,-59.24,-118.48,0
p0_st5_20_bearish_sr350_lr750_buf0_tg1030,NASDAQ_ORB_15m_p0_short_switch_tp2r_p0_st5_20_bearish_sr350_lr750_buf0_tg1030_2023-04-12,2023-04-12,1,SHORT,15,09:45,2.0,2023-04-12 13:46:00+00:00,2023-04-12 13:47:00+00:00,2023-04-12 19:00:00+00:00,16,TIME_EXIT,13181.0,13083.75,97.25,13077.0,13001.75,13181.0,104.0,208.0,350.0,1.6826923076923077,1,149.26,149.26,1
p0_st5_20_bearish_sr350_lr750_buf0_tg1030,NASDAQ_ORB_15m_p0_short_switch_tp2r_p0_st5_20_bearish_sr350_lr750_buf0_tg1030_2023-04-13,2023-04-13,1,LONG,15,09:45,2.0,2023-04-13 14:06:00+00:00,2023-04-13 14:07:00+00:00,2023-04-13 18:15:00+00:00,36,TP_2R,13080.5,13019.75,60.75,13081.5,13204.75,13019.75,61.75,123.5,500.0,4.048582995951417,4,245.26,981.04,1
p0_st5_20_bearish_sr350_lr750_buf0_tg1030,NASDAQ_ORB_15m_p0_short_switch_tp2r_p0_st5_20_bearish_sr350_lr750_buf0_tg1030_2023-04-14,2023-04-14,1,LONG,15,09:45,2.0,2023-04-14 13:47:00+00:00,2023-04-14 13:48:00+00:00,2023-04-14 19:00:00+00:00,17,TIME_EXIT,13216.0,13133.25,82.75,13222.5,13167.25,13133.25,89.25,178.5,500.0,2.8011204481792715,2,-111.74,-223.48,0
p0_st5_20_bearish_sr350_lr750_buf0_tg1030,NASDAQ_ORB_15m_p0_short_switch_tp2r_p0_st5_20_bearish_sr350_lr750_buf0_tg1030_2023-04-17,2023-04-17,1,SHORT,15,09:45,2.0,2023-04-17 14:07:00+00:00,2023-04-17 14:08:00+00:00,2023-04-17 19:00:00+00:00,37,TIME_EXIT,13206.0,13145.5,60.5,13145.0,13143.5,13206.0,61.0,122.0,350.0,2.8688524590163933,2,1.76,3.52,1
p0_st5_20_bearish_sr350_lr750_buf0_tg1030,NASDAQ_ORB_15m_p0_short_switch_tp2r_p0_st5_20_bearish_sr350_lr750_buf0_tg1030_2023-04-18,2023-04-18,1,LONG,15,09:45,2.0,2023-04-18 13:48:00+00:00,2023-04-18 13:49:00+00:00,2023-04-18 19:00:00+00:00,18,TIME_EXIT,13284.5,13259.0,25.5,13287.75,13158.5,13259.0,28.75,57.5,500.0,8.695652173913043,8,-259.74,-2077.92,0
p0_st5_20_bearish_sr350_lr750_buf0_tg1030,NASDAQ_ORB_15m_p0_short_switch_tp2r_p0_st5_20_bearish_sr350_lr750_buf0_tg1030_2023-04-19,2023-04-19,1,LONG,15,09:45,2.0,2023-04-19 14:40:00+00:00,2023-04-19 14:41:00+00:00,2023-04-19 19:00:00+00:00,70,TIME_EXIT,13132.5,13078.25,54.25,13136.0,13207.0,13078.25,57.75,115.5,500.0,4.329004329004329,4,140.76,563.04,1
p0_st5_20_bearish_sr350_lr750_buf0_tg1030,NASDAQ_ORB_15m_p0_short_switch_tp2r_p0_st5_20_bearish_sr350_lr750_buf0_tg1030_2023-04-20,2023-04-20,1,LONG,15,09:45,2.0,2023-04-20 13:46:00+00:00,2023-04-20 13:47:00+00:00,2023-04-20 19:00:00+00:00,16,TIME_EXIT,13111.5,13045.75,65.75,13113.5,13089.75,13045.75,67.75,135.5,500.0,3.690036900369004,3,-48.74,-146.22,0
p0_st5_20_bearish_sr350_lr750_buf0_tg1030,NASDAQ_ORB_15m_p0_short_switch_tp2r_p0_st5_20_bearish_sr350_lr750_buf0_tg1030_2023-04-21,2023-04-21,1,SHORT,15,09:45,2.0,2023-04-21 13:55:00+00:00,2023-04-21 13:56:00+00:00,2023-04-21 14:28:00+00:00,25,SWITCH_TO_LONG,13074.0,13038.25,35.75,13022.5,13076.25,13074.0,51.5,103.0,350.0,3.3980582524271843,3,-108.74,-326.21999999999997,0
p0_st5_20_bearish_sr350_lr750_buf0_tg1030,NASDAQ_ORB_15m_p0_short_switch_tp2r_p0_st5_20_bearish_sr350_lr750_buf0_tg1030_2023-04-21,2023-04-21,2,LONG,15,09:45,2.0,2023-04-21 14:27:00+00:00,2023-04-21 14:28:00+00:00,2023-04-21 19:00:00+00:00,57,TIME_EXIT,13074.0,13038.25,35.75,13076.25,13086.5,13038.25,38.0,76.0,750.0,9.868421052631579,9,19.26,173.34,1
p0_st5_20_bearish_sr350_lr750_buf0_tg1030,NASDAQ_ORB_15m_p0_short_switch_tp2r_p0_st5_20_bearish_sr350_lr750_buf0_tg1030_2023-04-25,2023-04-25,1,SHORT,15,09:45,2.0,2023-04-25 13:47:00+00:00,2023-04-25 13:48:00+00:00,2023-04-25 17:16:00+00:00,17,TP_2R,13015.0,12978.75,36.25,12972.25,12887.0,13015.0,42.75,85.5,350.0,4.093567251461988,4,169.26,677.04,1
p0_st5_20_bearish_sr350_lr750_buf0_tg1030,NASDAQ_ORB_15m_p0_short_switch_tp2r_p0_st5_20_bearish_sr350_lr750_buf0_tg1030_2023-04-26,2023-04-26,1,LONG,15,09:45,2.0,2023-04-26 13:59:00+00:00,2023-04-26 14:00:00+00:00,2023-04-26 19:00:00+00:00,29,TIME_EXIT,12958.25,12899.0,59.25,12962.0,12887.5,12899.0,63.0,126.0,500.0,3.9682539682539684,3,-150.24,-450.72,0
p0_st5_20_bearish_sr350_lr750_buf0_tg1030,NASDAQ_ORB_15m_p0_short_switch_tp2r_p0_st5_20_bearish_sr350_lr750_buf0_tg1030_2023-04-27,2023-04-27,1,LONG,15,09:45,2.0,2023-04-27 14:10:00+00:00,2023-04-27 14:11:00+00:00,2023-04-27 15:25:00+00:00,40,TP_2R,13052.75,13013.25,39.5,13053.75,13134.5,13013.25,40.5,81.0,500.0,6.172839506172839,6,160.26,961.56,1
p0_st5_20_bearish_sr350_lr750_buf0_tg1030,NASDAQ_ORB_15m_p0_short_switch_tp2r_p0_st5_20_bearish_sr350_lr750_buf0_tg1030_2023-04-28,2023-04-28,1,LONG,15,09:45,2.0,2023-04-28 14:11:00+00:00,2023-04-28 14:12:00+00:00,2023-04-28 19:00:00+00:00,41,TIME_EXIT,13244.0,13172.5,71.5,13252.0,13284.75,13172.5,79.5,159.0,500.0,3.1446540880503147,3,64.26,192.78000000000003,1
p0_st5_20_bearish_sr350_lr750_buf0_tg1030,NASDAQ_ORB_15m_p0_short_switch_tp2r_p0_st5_20_bearish_sr350_lr750_buf0_tg1030_2023-05-01,2023-05-01,1,LONG,15,09:45,2.0,2023-05-01 13:51:00+00:00,2023-05-01 13:52:00+00:00,2023-05-01 19:00:00+00:00,21,TIME_EXIT,13316.25,13286.0,30.25,13318.5,13315.0,13286.0,32.5,65.0,500.0,7.6923076923076925,7,-8.24,-57.68,0
p0_st5_20_bearish_sr350_lr750_buf0_tg1030,NASDAQ_ORB_15m_p0_short_switch_tp2r_p0_st5_20_bearish_sr350_lr750_buf0_tg1030_2023-05-02,2023-05-02,1,SHORT,15,09:45,2.0,2023-05-02 14:10:00+00:00,2023-05-02 14:11:00+00:00,2023-05-02 14:38:00+00:00,40,TP_2R,13313.25,13265.75,47.5,13264.5,13167.25,13313.25,48.75,97.5,350.0,3.58974358974359,3,193.26,579.78,1
p0_st5_20_bearish_sr350_lr750_buf0_tg1030,NASDAQ_ORB_15m_p0_short_switch_tp2r_p0_st5_20_bearish_sr350_lr750_buf0_tg1030_2023-05-03,2023-05-03,1,LONG,15,09:45,2.0,2023-05-03 13:46:00+00:00,2023-05-03 13:47:00+00:00,2023-05-03 19:00:00+00:00,16,TIME_EXIT,13222.0,13187.5,34.5,13229.5,13246.0,13187.5,42.0,84.0,500.0,5.9523809523809526,5,31.76,158.8,1
p0_st5_20_bearish_sr350_lr750_buf0_tg1030,NASDAQ_ORB_15m_p0_short_switch_tp2r_p0_st5_20_bearish_sr350_lr750_buf0_tg1030_2023-05-04,2023-05-04,1,SHORT,15,09:45,2.0,2023-05-04 13:46:00+00:00,2023-05-04 13:47:00+00:00,2023-05-04 15:11:00+00:00,16,SWITCH_TO_LONG,13086.5,13034.5,52.0,13031.75,13089.75,13086.5,54.75,109.5,350.0,3.1963470319634704,3,-117.24,-351.71999999999997,0
p0_st5_20_bearish_sr350_lr750_buf0_tg1030,NASDAQ_ORB_15m_p0_short_switch_tp2r_p0_st5_20_bearish_sr350_lr750_buf0_tg1030_2023-05-04,2023-05-04,2,LONG,15,09:45,2.0,2023-05-04 15:10:00+00:00,2023-05-04 15:11:00+00:00,2023-05-04 19:00:00+00:00,100,TIME_EXIT,13086.5,13034.5,52.0,13089.75,13059.75,13034.5,55.25,110.5,750.0,6.787330316742081,6,-61.24,-367.44,0
p0_st5_20_bearish_sr350_lr750_buf0_tg1030,NASDAQ_ORB_15m_p0_short_switch_tp2r_p0_st5_20_bearish_sr350_lr750_buf0_tg1030_2023-05-05,2023-05-05,1,LONG,15,09:45,2.0,2023-05-05 13:50:00+00:00,2023-05-05 13:51:00+00:00,2023-05-05 17:21:00+00:00,20,TP_2R,13170.75,13124.25,46.5,13177.75,13284.5,13124.25,53.5,107.0,500.0,4.672897196261682,4,212.26,849.04,1
p0_st5_20_bearish_sr350_lr750_buf0_tg1030,NASDAQ_ORB_15m_p0_short_switch_tp2r_p0_st5_20_bearish_sr350_lr750_buf0_tg1030_2023-05-08,2023-05-08,1,SHORT,15,09:45,2.0,2023-05-08 13:48:00+00:00,2023-05-08 13:49:00+00:00,2023-05-08 15:48:00+00:00,18,SWITCH_TO_LONG,13310.25,13271.0,39.25,13269.75,13311.0,13310.25,40.5,81.0,350.0,4.320987654320987,4,-83.74,-334.96,0
p0_st5_20_bearish_sr350_lr750_buf0_tg1030,NASDAQ_ORB_15m_p0_short_switch_tp2r_p0_st5_20_bearish_sr350_lr750_buf0_tg1030_2023-05-08,2023-05-08,2,LONG,15,09:45,2.0,2023-05-08 15:47:00+00:00,2023-05-08 15:48:00+00:00,2023-05-08 19:00:00+00:00,137,TIME_EXIT,13310.25,13271.0,39.25,13311.0,13361.25,13271.0,40.0,80.0,750.0,9.375,9,99.26,893.34,1
p0_st5_20_bearish_sr350_lr750_buf0_tg1030,NASDAQ_ORB_15m_p0_short_switch_tp2r_p0_st5_20_bearish_sr350_lr750_buf0_tg1030_2023-05-09,2023-05-09,1,LONG,15,09:45,2.0,2023-05-09 13:57:00+00:00,2023-05-09 13:58:00+00:00,2023-05-09 19:00:00+00:00,27,TIME_EXIT,13296.5,13274.0,22.5,13298.0,13274.5,13274.0,24.0,48.0,500.0,10.416666666666666,10,-48.24,-482.40000000000003,0
p0_st5_20_bearish_sr350_lr750_buf0_tg1030,NASDAQ_ORB_15m_p0_short_switch_tp2r_p0_st5_20_bearish_sr350_lr750_buf0_tg1030_2023-05-10,2023-05-10,1,LONG,15,09:45,2.0,2023-05-10 14:07:00+00:00,2023-05-10 14:08:00+00:00,2023-05-10 19:00:00+00:00,37,TIME_EXIT,13417.75,13321.5,96.25,13421.5,13394.0,13321.5,100.0,200.0,500.0,2.5,2,-56.24,-112.48,0
p0_st5_20_bearish_sr350_lr750_buf0_tg1030,NASDAQ_ORB_15m_p0_short_switch_tp2r_p0_st5_20_bearish_sr350_lr750_buf0_tg1030_2023-05-11,2023-05-11,1,LONG,15,09:45,2.0,2023-05-11 15:29:00+00:00,2023-05-11 15:30:00+00:00,2023-05-11 19:00:00+00:00,119,TIME_EXIT,13433.5,13378.0,55.5,13434.25,13463.75,13378.0,56.25,112.5,500.0,4.444444444444445,4,57.76,231.04,1
p0_st5_20_bearish_sr350_lr750_buf0_tg1030,NASDAQ_ORB_15m_p0_short_switch_tp2r_p0_st5_20_bearish_sr350_lr750_buf0_tg1030_2023-05-12,2023-05-12,1,SHORT,15,09:45,2.0,2023-05-12 13:49:00+00:00,2023-05-12 13:50:00+00:00,2023-05-12 15:17:00+00:00,19,TP_2R,13487.25,13460.75,26.5,13452.25,13382.5,13487.25,35.0,70.0,350.0,5.0,5,138.26,691.3,1
p0_st5_20_bearish_sr350_lr750_buf0_tg1030,NASDAQ_ORB_15m_p0_short_switch_tp2r_p0_st5_20_bearish_sr350_lr750_buf0_tg1030_2023-05-15,2023-05-15,1,LONG,15,09:45,2.0,2023-05-15 13:46:00+00:00,2023-05-15 13:47:00+00:00,2023-05-15 19:00:00+00:00,16,TIME_EXIT,13419.5,13391.0,28.5,13423.25,13447.75,13391.0,32.25,64.5,500.0,7.751937984496124,7,47.76,334.32,1
p0_st5_20_bearish_sr350_lr750_buf0_tg1030,NASDAQ_ORB_15m_p0_short_switch_tp2r_p0_st5_20_bearish_sr350_lr750_buf0_tg1030_2023-05-16,2023-05-16,1,LONG,15,09:45,2.0,2023-05-16 13:46:00+00:00,2023-05-16 13:47:00+00:00,2023-05-16 19:00:00+00:00,16,TIME_EXIT,13503.25,13434.5,68.75,13508.0,13536.0,13434.5,73.5,147.0,500.0,3.401360544217687,3,54.76,164.28,1
p0_st5_20_bearish_sr350_lr750_buf0_tg1030,NASDAQ_ORB_15m_p0_short_switch_tp2r_p0_st5_20_bearish_sr350_lr750_buf0_tg1030_2023-05-17,2023-05-17,1,SHORT,15,09:45,2.0,2023-05-17 13:55:00+00:00,2023-05-17 13:56:00+00:00,2023-05-17 15:02:00+00:00,25,SWITCH_TO_LONG,13540.0,13512.25,27.75,13489.25,13540.75,13540.0,50.75,101.5,350.0,3.4482758620689653,3,-104.24,-312.71999999999997,0
p0_st5_20_bearish_sr350_lr750_buf0_tg1030,NASDAQ_ORB_15m_p0_short_switch_tp2r_p0_st5_20_bearish_sr350_lr750_buf0_tg1030_2023-05-17,2023-05-17,2,LONG,15,09:45,2.0,2023-05-17 15:01:00+00:00,2023-05-17 15:02:00+00:00,2023-05-17 16:53:00+00:00,91,TP_2R,13540.0,13512.25,27.75,13540.75,13597.5,13512.25,28.5,57.0,750.0,13.157894736842104,13,112.26,1459.38,1
p0_st5_20_bearish_sr350_lr750_buf0_tg1030,NASDAQ_ORB_15m_p0_short_switch_tp2r_p0_st5_20_bearish_sr350_lr750_buf0_tg1030_2023-05-18,2023-05-18,1,LONG,15,09:45,2.0,2023-05-18 13:58:00+00:00,2023-05-18 13:59:00+00:00,2023-05-18 15:47:00+00:00,28,TP_2R,13712.0,13652.75,59.25,13715.75,13841.5,13652.75,63.0,126.0,500.0,3.9682539682539684,3,250.26,750.78,1
p0_st5_20_bearish_sr350_lr750_buf0_tg1030,NASDAQ_ORB_15m_p0_short_switch_tp2r_p0_st5_20_bearish_sr350_lr750_buf0_tg1030_2023-05-19,2023-05-19,1,SHORT,15,09:45,2.0,2023-05-19 13:50:00+00:00,2023-05-19 13:51:00+00:00,2023-05-19 19:00:00+00:00,20,TIME_EXIT,13929.0,13888.75,40.25,13887.75,13850.0,13929.0,41.25,82.5,350.0,4.242424242424242,4,74.26,297.04,1
p0_st5_20_bearish_sr350_lr750_buf0_tg1030,NASDAQ_ORB_15m_p0_short_switch_tp2r_p0_st5_20_bearish_sr350_lr750_buf0_tg1030_2023-05-22,2023-05-22,1,LONG,15,09:45,2.0,2023-05-22 13:50:00+00:00,2023-05-22 13:51:00+00:00,2023-05-22 19:00:00+00:00,20,TIME_EXIT,13923.75,13847.0,76.75,13928.0,13922.0,13847.0,81.0,162.0,500.0,3.0864197530864197,3,-13.24,-39.72,0
p0_st5_20_bearish_sr350_lr750_buf0_tg1030,NASDAQ_ORB_15m_p0_short_switch_tp2r_p0_st5_20_bearish_sr350_lr750_buf0_tg1030_2023-05-23,2023-05-23,1,LONG,15,09:45,2.0,2023-05-23 13:55:00+00:00,2023-05-23 13:56:00+00:00,2023-05-23 19:00:00+00:00,25,TIME_EXIT,13867.0,13821.75,45.25,13871.25,13741.5,13821.75,49.5,99.0,500.0,5.05050505050505,5,-260.74,-1303.7,0
p0_st5_20_bearish_sr350_lr750_buf0_tg1030,NASDAQ_ORB_15m_p0_short_switch_tp2r_p0_st5_20_bearish_sr350_lr750_buf0_tg1030_2023-05-24,2023-05-24,1,SHORT,15,09:45,2.0,2023-05-24 14:05:00+00:00,2023-05-24 14:06:00+00:00,2023-05-24 19:00:00+00:00,35,TIME_EXIT,13675.0,13620.75,54.25,13617.0,13613.5,13675.0,58.0,116.0,350.0,3.0172413793103448,3,5.76,17.28,1
p0_st5_20_bearish_sr350_lr750_buf0_tg1030,NASDAQ_ORB_15m_p0_short_switch_tp2r_p0_st5_20_bearish_sr350_lr750_buf0_tg1030_2023-05-25,2023-05-25,1,SHORT,15,09:45,2.0,2023-05-25 13:51:00+00:00,2023-05-25 13:52:00+00:00,2023-05-25 15:14:00+00:00,21,SWITCH_TO_LONG,13966.0,13863.5,102.5,13854.5,13968.0,13966.0,111.5,223.0,350.0,1.5695067264573992,1,-228.24,-228.24,0
p0_st5_20_bearish_sr350_lr750_buf0_tg1030,NASDAQ_ORB_15m_p0_short_switch_tp2r_p0_st5_20_bearish_sr350_lr750_buf0_tg1030_2023-05-25,2023-05-25,2,LONG,15,09:45,2.0,2023-05-25 15:13:00+00:00,2023-05-25 15:14:00+00:00,2023-05-25 19:00:00+00:00,103,TIME_EXIT,13966.0,13863.5,102.5,13968.0,13948.0,13863.5,104.5,209.0,750.0,3.588516746411483,3,-41.24,-123.72,0
p0_st5_20_bearish_sr350_lr750_buf0_tg1030,NASDAQ_ORB_15m_p0_short_switch_tp2r_p0_st5_20_bearish_sr350_lr750_buf0_tg1030_2023-05-26,2023-05-26,1,LONG,15,09:45,2.0,2023-05-26 13:49:00+00:00,2023-05-26 13:50:00+00:00,2023-05-26 14:44:00+00:00,19,TP_2R,14089.75,14014.75,75.0,14093.0,14249.25,14014.75,78.25,156.5,500.0,3.194888178913738,3,311.26,933.78,1
p0_st5_20_bearish_sr350_lr750_buf0_tg1030,NASDAQ_ORB_15m_p0_short_switch_tp2r_p0_st5_20_bearish_sr350_lr750_buf0_tg1030_2023-05-29,2023-05-29,1,LONG,15,09:45,2.0,2023-05-29 14:11:00+00:00,2023-05-29 14:12:00+00:00,2023-05-29 16:59:00+00:00,41,TP_2R,14378.75,14368.0,10.75,14379.75,14403.0,14368.0,11.75,23.5,500.0,21.27659574468085,20,45.26,905.1999999999999,1
p0_st5_20_bearish_sr350_lr750_buf0_tg1030,NASDAQ_ORB_15m_p0_short_switch_tp2r_p0_st5_20_bearish_sr350_lr750_buf0_tg1030_2023-05-30,2023-05-30,1,SHORT,15,09:45,2.0,2023-05-30 13:53:00+00:00,2023-05-30 13:54:00+00:00,2023-05-30 19:00:00+00:00,23,TIME_EXIT,14559.75,14476.0,83.75,14473.75,14424.25,14559.75,86.0,172.0,350.0,2.0348837209302326,2,97.76,195.52,1
p0_st5_20_bearish_sr350_lr750_buf0_tg1030,NASDAQ_ORB_15m_p0_short_switch_tp2r_p0_st5_20_bearish_sr350_lr750_buf0_tg1030_2023-05-31,2023-05-31,1,LONG,15,09:45,2.0,2023-05-31 13:47:00+00:00,2023-05-31 13:48:00+00:00,2023-05-31 19:00:00+00:00,17,TIME_EXIT,14394.0,14324.0,70.0,14400.25,14328.0,14324.0,76.25,152.5,500.0,3.278688524590164,3,-145.74,-437.22,0
p0_st5_20_bearish_sr350_lr750_buf0_tg1030,NASDAQ_ORB_15m_p0_short_switch_tp2r_p0_st5_20_bearish_sr350_lr750_buf0_tg1030_2023-06-01,2023-06-01,1,LONG,15,09:45,2.0,2023-06-01 13:58:00+00:00,2023-06-01 13:59:00+00:00,2023-06-01 16:19:00+00:00,28,TP_2R,14313.75,14252.0,61.75,14318.5,14451.25,14252.0,66.5,133.0,500.0,3.7593984962406015,3,264.26,792.78,1
p0_st5_20_bearish_sr350_lr750_buf0_tg1030,NASDAQ_ORB_15m_p0_short_switch_tp2r_p0_st5_20_bearish_sr350_lr750_buf0_tg1030_2023-06-02,2023-06-02,1,SHORT,15,09:45,2.0,2023-06-02 13:50:00+00:00,2023-06-02 13:51:00+00:00,2023-06-02 19:00:00+00:00,20,TIME_EXIT,14627.75,14542.5,85.25,14542.25,14586.5,14627.75,85.5,171.0,350.0,2.046783625730994,2,-89.74,-179.48,0
p0_st5_20_bearish_sr350_lr750_buf0_tg1030,NASDAQ_ORB_15m_p0_short_switch_tp2r_p0_st5_20_bearish_sr350_lr750_buf0_tg1030_2023-06-05,2023-06-05,1,LONG,15,09:45,2.0,2023-06-05 14:53:00+00:00,2023-06-05 14:54:00+00:00,2023-06-05 19:00:00+00:00,83,TIME_EXIT,14651.75,14567.75,84.0,14653.0,14608.25,14567.75,85.25,170.5,500.0,2.932551319648094,2,-90.74,-181.48,0
p0_st5_20_bearish_sr350_lr750_buf0_tg1030,NASDAQ_ORB_15m_p0_short_switch_tp2r_p0_st5_20_bearish_sr350_lr750_buf0_tg1030_2023-06-06,2023-06-06,1,LONG,15,09:45,2.0,2023-06-06 14:11:00+00:00,2023-06-06 14:12:00+00:00,2023-06-06 19:00:00+00:00,41,TIME_EXIT,14561.25,14505.0,56.25,14568.5,14584.75,14505.0,63.5,127.0,500.0,3.937007874015748,3,31.26,93.78,1
p0_st5_20_bearish_sr350_lr750_buf0_tg1030,NASDAQ_ORB_15m_p0_short_switch_tp2r_p0_st5_20_bearish_sr350_lr750_buf0_tg1030_2023-06-07,2023-06-07,1,SHORT,15,09:45,2.0,2023-06-07 14:16:00+00:00,2023-06-07 14:17:00+00:00,2023-06-07 17:16:00+00:00,46,TP_2R,14675.5,14592.0,83.5,14573.25,14369.0,14675.5,102.25,204.5,350.0,1.7114914425427872,1,407.26,407.26,1
p0_st5_20_bearish_sr350_lr750_buf0_tg1030,NASDAQ_ORB_15m_p0_short_switch_tp2r_p0_st5_20_bearish_sr350_lr750_buf0_tg1030_2023-06-08,2023-06-08,1,LONG,15,09:45,2.0,2023-06-08 14:06:00+00:00,2023-06-08 14:07:00+00:00,2023-06-08 19:00:00+00:00,36,TIME_EXIT,14397.0,14328.0,69.0,14404.25,14483.5,14328.0,76.25,152.5,500.0,3.278688524590164,3,157.26,471.78,1
p0_st5_20_bearish_sr350_lr750_buf0_tg1030,NASDAQ_ORB_15m_p0_short_switch_tp2r_p0_st5_20_bearish_sr350_lr750_buf0_tg1030_2023-06-09,2023-06-09,1,LONG,15,09:45,2.0,2023-06-09 13:46:00+00:00,2023-06-09 13:47:00+00:00,2023-06-09 19:00:00+00:00,16,TIME_EXIT,14628.5,14556.5,72.0,14633.5,14583.0,14556.5,77.0,154.0,500.0,3.2467532467532467,3,-102.24,-306.71999999999997,0
p0_st5_20_bearish_sr350_lr750_buf0_tg1030,NASDAQ_ORB_15m_p0_short_switch_tp2r_p0_st5_20_bearish_sr350_lr750_buf0_tg1030_2023-06-12,2023-06-12,1,LONG,15,09:45,2.0,2023-06-12 14:47:00+00:00,2023-06-12 14:48:00+00:00,2023-06-12 18:33:00+00:00,77,TP_2R,14819.0,14782.0,37.0,14820.5,14897.25,14782.0,38.5,77.0,500.0,6.4935064935064934,6,152.26,913.56,1
p0_st5_20_bearish_sr350_lr750_buf0_tg1030,NASDAQ_ORB_15m_p0_short_switch_tp2r_p0_st5_20_bearish_sr350_lr750_buf0_tg1030_2023-06-13,2023-06-13,1,SHORT,15,09:45,2.0,2023-06-13 13:50:00+00:00,2023-06-13 13:51:00+00:00,2023-06-13 19:00:00+00:00,20,TIME_EXIT,15130.0,15063.0,67.0,15042.75,15064.75,15130.0,87.25,174.5,350.0,2.005730659025788,2,-45.24,-90.48,0
p0_st5_20_bearish_sr350_lr750_buf0_tg1030,NASDAQ_ORB_15m_p0_short_switch_tp2r_p0_st5_20_bearish_sr350_lr750_buf0_tg1030_2023-06-14,2023-06-14,1,LONG,15,09:45,2.0,2023-06-14 13:46:00+00:00,2023-06-14 13:47:00+00:00,2023-06-14 15:27:00+00:00,16,TP_2R,15103.0,15053.0,50.0,15106.0,15211.75,15053.0,53.0,106.0,500.0,4.716981132075472,4,210.26,841.04,1
p0_st5_20_bearish_sr350_lr750_buf0_tg1030,NASDAQ_ORB_15m_p0_short_switch_tp2r_p0_st5_20_bearish_sr350_lr750_buf0_tg1030_2023-06-15,2023-06-15,1,LONG,15,09:45,2.0,2023-06-15 13:49:00+00:00,2023-06-15 13:50:00+00:00,2023-06-15 18:33:00+00:00,19,TP_2R,15189.0,15114.25,74.75,15199.0,15368.25,15114.25,84.75,169.5,500.0,2.949852507374631,2,337.26,674.52,1
p0_st5_20_bearish_sr350_lr750_buf0_tg1030,NASDAQ_ORB_15m_p0_short_switch_tp2r_p0_st5_20_bearish_sr350_lr750_buf0_tg1030_2023-06-16,2023-06-16,1,SHORT,15,09:45,2.0,2023-06-16 13:47:00+00:00,2023-06-16 13:48:00+00:00,2023-06-16 19:00:00+00:00,17,TIME_EXIT,15475.5,15351.0,124.5,15350.75,15313.5,15475.5,124.75,249.5,350.0,1.402805611222445,1,73.26,73.26,1
p0_st5_20_bearish_sr350_lr750_buf0_tg1030,NASDAQ_ORB_15m_p0_short_switch_tp2r_p0_st5_20_bearish_sr350_lr750_buf0_tg1030_2023-06-19,2023-06-19,1,SHORT,15,09:45,2.0,2023-06-19 14:11:00+00:00,2023-06-19 14:12:00+00:00,2023-06-19 22:02:00+00:00,41,TIME_EXIT,15253.25,15236.75,16.5,15235.5,15249.25,15253.25,17.75,35.5,350.0,9.859154929577464,9,-28.74,-258.65999999999997,0
p0_st5_20_bearish_sr350_lr750_buf0_tg1030,NASDAQ_ORB_15m_p0_short_switch_tp2r_p0_st5_20_bearish_sr350_lr750_buf0_tg1030_2023-06-20,2023-06-20,1,LONG,15,09:45,2.0,2023-06-20 13:49:00+00:00,2023-06-20 13:50:00+00:00,2023-06-20 19:00:00+00:00,19,TIME_EXIT,15291.25,15204.0,87.25,15306.5,15248.0,15204.0,102.5,205.0,500.0,2.4390243902439024,2,-118.24,-236.48,0
p0_st5_20_bearish_sr350_lr750_buf0_tg1030,NASDAQ_ORB_15m_p0_short_switch_tp2r_p0_st5_20_bearish_sr350_lr750_buf0_tg1030_2023-06-21,2023-06-21,1,SHORT,15,09:45,2.0,2023-06-21 13:46:00+00:00,2023-06-21 13:47:00+00:00,2023-06-21 14:51:00+00:00,16,TP_2R,15219.25,15175.25,44.0,15161.75,15047.0,15219.25,57.5,115.0,350.0,3.0434782608695654,3,228.26,684.78,1
p0_st5_20_bearish_sr350_lr750_buf0_tg1030,NASDAQ_ORB_15m_p0_short_switch_tp2r_p0_st5_20_bearish_sr350_lr750_buf0_tg1030_2023-06-22,2023-06-22,1,LONG,15,09:45,2.0,2023-06-22 13:46:00+00:00,2023-06-22 13:47:00+00:00,2023-06-22 19:00:00+00:00,16,TIME_EXIT,15049.75,14964.0,85.75,15051.75,15189.0,14964.0,87.75,175.5,500.0,2.849002849002849,2,273.26,546.52,1
p0_st5_20_bearish_sr350_lr750_buf0_tg1030,NASDAQ_ORB_15m_p0_short_switch_tp2r_p0_st5_20_bearish_sr350_lr750_buf0_tg1030_2023-06-23,2023-06-23,1,SHORT,15,09:45,2.0,2023-06-23 13:46:00+00:00,2023-06-23 13:47:00+00:00,2023-06-23 16:18:00+00:00,16,SWITCH_TO_LONG,15087.75,15012.75,75.0,14995.25,15097.5,15087.75,92.5,185.0,350.0,1.8918918918918919,1,-205.74,-205.74,0
p0_st5_20_bearish_sr350_lr750_buf0_tg1030,NASDAQ_ORB_15m_p0_short_switch_tp2r_p0_st5_20_bearish_sr350_lr750_buf0_tg1030_2023-06-23,2023-06-23,2,LONG,15,09:45,2.0,2023-06-23 16:17:00+00:00,2023-06-23 16:18:00+00:00,2023-06-23 19:00:00+00:00,167,TIME_EXIT,15087.75,15012.75,75.0,15097.5,15054.75,15012.75,84.75,169.5,750.0,4.424778761061947,4,-86.74,-346.96,0
p0_st5_20_bearish_sr350_lr750_buf0_tg1030,NASDAQ_ORB_15m_p0_short_switch_tp2r_p0_st5_20_bearish_sr350_lr750_buf0_tg1030_2023-06-26,2023-06-26,1,LONG,15,09:45,2.0,2023-06-26 13:47:00+00:00,2023-06-26 13:48:00+00:00,2023-06-26 19:00:00+00:00,17,TIME_EXIT,15090.75,15024.25,66.5,15092.25,14930.5,15024.25,68.0,136.0,500.0,3.676470588235294,3,-324.74,-974.22,0
p0_st5_20_bearish_sr350_lr750_buf0_tg1030,NASDAQ_ORB_15m_p0_short_switch_tp2r_p0_st5_20_bearish_sr350_lr750_buf0_tg1030_2023-06-27,2023-06-27,1,LONG,15,09:45,2.0,2023-06-27 15:29:00+00:00,2023-06-27 15:30:00+00:00,2023-06-27 19:00:00+00:00,119,TIME_EXIT,14970.75,14898.0,72.75,14979.5,15105.5,14898.0,81.5,163.0,500.0,3.067484662576687,3,250.76,752.28,1
p0_st5_20_bearish_sr350_lr750_buf0_tg1030,NASDAQ_ORB_15m_p0_short_switch_tp2r_p0_st5_20_bearish_sr350_lr750_buf0_tg1030_2023-06-28,2023-06-28,1,LONG,15,09:45,2.0,2023-06-28 13:58:00+00:00,2023-06-28 13:59:00+00:00,2023-06-28 19:00:00+00:00,28,TIME_EXIT,15101.25,15025.5,75.75,15102.0,15122.5,15025.5,76.5,153.0,500.0,3.2679738562091503,3,39.76,119.28,1
p0_st5_20_bearish_sr350_lr750_buf0_tg1030,NASDAQ_ORB_15m_p0_short_switch_tp2r_p0_st5_20_bearish_sr350_lr750_buf0_tg1030_2023-06-29,2023-06-29,1,SHORT,15,09:45,2.0,2023-06-29 13:46:00+00:00,2023-06-29 13:47:00+00:00,2023-06-29 19:00:00+00:00,16,TIME_EXIT,15144.75,15082.75,62.0,15081.0,15078.75,15144.75,63.75,127.5,350.0,2.7450980392156863,2,3.26,6.52,1
p0_st5_20_bearish_sr350_lr750_buf0_tg1030,NASDAQ_ORB_15m_p0_short_switch_tp2r_p0_st5_20_bearish_sr350_lr750_buf0_tg1030_2023-06-30,2023-06-30,1,LONG,15,09:45,2.0,2023-06-30 13:46:00+00:00,2023-06-30 13:47:00+00:00,2023-06-30 19:00:00+00:00,16,TIME_EXIT,15300.0,15238.25,61.75,15311.5,15346.75,15238.25,73.25,146.5,500.0,3.4129692832764507,3,69.26,207.78000000000003,1
p0_st5_20_bearish_sr350_lr750_buf0_tg1030,NASDAQ_ORB_15m_p0_short_switch_tp2r_p0_st5_20_bearish_sr350_lr750_buf0_tg1030_2023-07-03,2023-07-03,1,LONG,15,09:45,2.0,2023-07-03 13:48:00+00:00,2023-07-03 13:49:00+00:00,2023-07-03 22:02:00+00:00,18,TIME_EXIT,15374.75,15337.5,37.25,15376.25,15344.75,15337.5,38.75,77.5,500.0,6.451612903225806,6,-64.24,-385.43999999999994,0
p0_st5_20_bearish_sr350_lr750_buf0_tg1030,NASDAQ_ORB_15m_p0_short_switch_tp2r_p0_st5_20_bearish_sr350_lr750_buf0_tg1030_2023-07-05,2023-07-05,1,LONG,15,09:45,2.0,2023-07-05 13:46:00+00:00,2023-07-05 13:47:00+00:00,2023-07-05 19:00:00+00:00,16,TIME_EXIT,15382.0,15292.5,89.5,15386.25,15374.5,15292.5,93.75,187.5,500.0,2.6666666666666665,2,-24.74,-49.48,0
p0_st5_20_bearish_sr350_lr750_buf0_tg1030,NASDAQ_ORB_15m_p0_short_switch_tp2r_p0_st5_20_bearish_sr350_lr750_buf0_tg1030_2023-07-06,2023-07-06,1,SHORT,15,09:45,2.0,2023-07-06 13:55:00+00:00,2023-07-06 13:56:00+00:00,2023-07-06 17:00:00+00:00,25,SWITCH_TO_LONG,15214.0,15150.25,63.75,15137.0,15219.0,15214.0,77.0,154.0,350.0,2.272727272727273,2,-165.24,-330.48,0
p0_st5_20_bearish_sr350_lr750_buf0_tg1030,NASDAQ_ORB_15m_p0_short_switch_tp2r_p0_st5_20_bearish_sr350_lr750_buf0_tg1030_2023-07-06,2023-07-06,2,LONG,15,09:45,2.0,2023-07-06 16:59:00+00:00,2023-07-06 17:00:00+00:00,2023-07-06 19:00:00+00:00,209,TIME_EXIT,15214.0,15150.25,63.75,15219.0,15248.25,15150.25,68.75,137.5,750.0,5.454545454545454,5,57.26,286.3,1
p0_st5_20_bearish_sr350_lr750_buf0_tg1030,NASDAQ_ORB_15m_p0_short_switch_tp2r_p0_st5_20_bearish_sr350_lr750_buf0_tg1030_2023-07-07,2023-07-07,1,LONG,15,09:45,2.0,2023-07-07 13:47:00+00:00,2023-07-07 13:48:00+00:00,2023-07-07 19:00:00+00:00,17,TIME_EXIT,15243.0,15188.5,54.5,15249.5,15301.0,15188.5,61.0,122.0,500.0,4.098360655737705,4,101.76,407.04,1
p0_st5_20_bearish_sr350_lr750_buf0_tg1030,NASDAQ_ORB_15m_p0_short_switch_tp2r_p0_st5_20_bearish_sr350_lr750_buf0_tg1030_2023-07-10,2023-07-10,1,SHORT,15,09:45,2.0,2023-07-10 13:50:00+00:00,2023-07-10 13:51:00+00:00,2023-07-10 19:00:00+00:00,20,TIME_EXIT,15214.5,15153.5,61.0,15147.75,15188.5,15214.5,66.75,133.5,350.0,2.6217228464419478,2,-82.74,-165.48,0
p0_st5_20_bearish_sr350_lr750_buf0_tg1030,NASDAQ_ORB_15m_p0_short_switch_tp2r_p0_st5_20_bearish_sr350_lr750_buf0_tg1030_2023-07-11,2023-07-11,1,SHORT,15,09:45,2.0,2023-07-11 13:57:00+00:00,2023-07-11 13:58:00+00:00,2023-07-11 16:01:00+00:00,27,SWITCH_TO_LONG,15233.75,15150.25,83.5,15146.0,15236.0,15233.75,87.75,175.5,350.0,1.9943019943019944,1,-181.24,-181.24,0
p0_st5_20_bearish_sr350_lr750_buf0_tg1030,NASDAQ_ORB_15m_p0_short_switch_tp2r_p0_st5_20_bearish_sr350_lr750_buf0_tg1030_2023-07-11,2023-07-11,2,LONG,15,09:45,2.0,2023-07-11 16:00:00+00:00,2023-07-11 16:01:00+00:00,2023-07-11 19:00:00+00:00,150,TIME_EXIT,15233.75,15150.25,83.5,15236.0,15210.0,15150.25,85.75,171.5,750.0,4.373177842565598,4,-53.24,-212.96,0
p0_st5_20_bearish_sr350_lr750_buf0_tg1030,NASDAQ_ORB_15m_p0_short_switch_tp2r_p0_st5_20_bearish_sr350_lr750_buf0_tg1030_2023-07-12,2023-07-12,1,LONG,15,09:45,2.0,2023-07-12 13:49:00+00:00,2023-07-12 13:50:00+00:00,2023-07-12 19:00:00+00:00,19,TIME_EXIT,15448.5,15408.0,40.5,15459.25,15451.5,15408.0,51.25,102.5,500.0,4.878048780487805,4,-16.74,-66.96,0
p0_st5_20_bearish_sr350_lr750_buf0_tg1030,NASDAQ_ORB_15m_p0_short_switch_tp2r_p0_st5_20_bearish_sr350_lr750_buf0_tg1030_2023-07-13,2023-07-13,1,LONG,15,09:45,2.0,2023-07-13 13:55:00+00:00,2023-07-13 13:56:00+00:00,2023-07-13 19:00:00+00:00,25,TIME_EXIT,15615.25,15552.25,63.0,15620.0,15682.0,15552.25,67.75,135.5,500.0,3.690036900369004,3,122.76,368.28000000000003,1
p0_st5_20_bearish_sr350_lr750_buf0_tg1030,NASDAQ_ORB_15m_p0_short_switch_tp2r_p0_st5_20_bearish_sr350_lr750_buf0_tg1030_2023-07-14,2023-07-14,1,LONG,15,09:45,2.0,2023-07-14 13:52:00+00:00,2023-07-14 13:53:00+00:00,2023-07-14 19:00:00+00:00,22,TIME_EXIT,15803.5,15721.0,82.5,15806.25,15696.75,15721.0,85.25,170.5,500.0,2.932551319648094,2,-220.24,-440.48,0
p0_st5_20_bearish_sr350_lr750_buf0_tg1030,NASDAQ_ORB_15m_p0_short_switch_tp2r_p0_st5_20_bearish_sr350_lr750_buf0_tg1030_2023-07-17,2023-07-17,1,LONG,15,09:45,2.0,2023-07-17 15:29:00+00:00,2023-07-17 15:30:00+00:00,2023-07-17 19:00:00+00:00,119,TIME_EXIT,15781.5,15726.25,55.25,15783.5,15825.5,15726.25,57.25,114.5,500.0,4.366812227074236,4,82.76,331.04,1
p0_st5_20_bearish_sr350_lr750_buf0_tg1030,NASDAQ_ORB_15m_p0_short_switch_tp2r_p0_st5_20_bearish_sr350_lr750_buf0_tg1030_2023-07-18,2023-07-18,1,SHORT,15,09:45,2.0,2023-07-18 13:52:00+00:00,2023-07-18 13:53:00+00:00,2023-07-18 15:42:00+00:00,22,SWITCH_TO_LONG,15816.0,15752.5,63.5,15743.75,15818.5,15816.0,72.25,144.5,350.0,2.422145328719723,2,-150.74,-301.48,0
p0_st5_20_bearish_sr350_lr750_buf0_tg1030,NASDAQ_ORB_15m_p0_short_switch_tp2r_p0_st5_20_bearish_sr350_lr750_buf0_tg1030_2023-07-18,2023-07-18,2,LONG,15,09:45,2.0,2023-07-18 15:41:00+00:00,2023-07-18 15:42:00+00:00,2023-07-18 17:42:00+00:00,131,TP_2R,15816.0,15752.5,63.5,15818.5,15950.25,15752.5,66.0,132.0,750.0,5.681818181818182,5,262.26,1311.3,1
p0_st5_20_bearish_sr350_lr750_buf0_tg1030,NASDAQ_ORB_15m_p0_short_switch_tp2r_p0_st5_20_bearish_sr350_lr750_buf0_tg1030_2023-07-19,2023-07-19,1,SHORT,15,09:45,2.0,2023-07-19 14:16:00+00:00,2023-07-19 14:17:00+00:00,2023-07-19 14:47:00+00:00,46,SWITCH_TO_LONG,16038.25,15978.0,60.25,15973.25,16040.0,16038.25,65.0,130.0,350.0,2.6923076923076925,2,-134.74,-269.48,0
p0_st5_20_bearish_sr350_lr750_buf0_tg1030,NASDAQ_ORB_15m_p0_short_switch_tp2r_p0_st5_20_bearish_sr350_lr750_buf0_tg1030_2023-07-19,2023-07-19,2,LONG,15,09:45,2.0,2023-07-19 14:46:00+00:00,2023-07-19 14:47:00+00:00,2023-07-19 19:00:00+00:00,76,TIME_EXIT,16038.25,15978.0,60.25,16040.0,15951.75,15978.0,62.0,124.0,750.0,6.048387096774194,6,-177.74,-1066.44,0
p0_st5_20_bearish_sr350_lr750_buf0_tg1030,NASDAQ_ORB_15m_p0_short_switch_tp2r_p0_st5_20_bearish_sr350_lr750_buf0_tg1030_2023-07-20,2023-07-20,1,SHORT,15,09:45,2.0,2023-07-20 14:05:00+00:00,2023-07-20 14:06:00+00:00,2023-07-20 17:19:00+00:00,35,TP_2R,15892.0,15831.5,60.5,15822.0,15682.25,15892.0,70.0,140.0,350.0,2.5,2,278.26,556.52,1
p0_st5_20_bearish_sr350_lr750_buf0_tg1030,NASDAQ_ORB_15m_p0_short_switch_tp2r_p0_st5_20_bearish_sr350_lr750_buf0_tg1030_2023-07-21,2023-07-21,1,SHORT,15,09:45,2.0,2023-07-21 13:49:00+00:00,2023-07-21 13:50:00+00:00,2023-07-21 19:00:00+00:00,19,TIME_EXIT,15719.5,15651.25,68.25,15646.0,15575.75,15719.5,73.5,147.0,350.0,2.380952380952381,2,139.26,278.52,1
p0_st5_20_bearish_sr350_lr750_buf0_tg1030,NASDAQ_ORB_15m_p0_short_switch_tp2r_p0_st5_20_bearish_sr350_lr750_buf0_tg1030_2023-07-24,2023-07-24,1,SHORT,15,09:45,2.0,2023-07-24 13:50:00+00:00,2023-07-24 13:51:00+00:00,2023-07-24 19:00:00+00:00,20,TIME_EXIT,15618.25,15573.75,44.5,15558.5,15565.0,15618.25,59.75,119.5,350.0,2.928870292887029,2,-14.24,-28.48,0
p0_st5_20_bearish_sr350_lr750_buf0_tg1030,NASDAQ_ORB_15m_p0_short_switch_tp2r_p0_st5_20_bearish_sr350_lr750_buf0_tg1030_2023-07-25,2023-07-25,1,LONG,15,09:45,2.0,2023-07-25 13:46:00+00:00,2023-07-25 13:47:00+00:00,2023-07-25 19:00:00+00:00,16,TIME_EXIT,15635.75,15588.25,47.5,15647.0,15688.0,15588.25,58.75,117.5,500.0,4.25531914893617,4,80.76,323.04,1
p0_st5_20_bearish_sr350_lr750_buf0_tg1030,NASDAQ_ORB_15m_p0_short_switch_tp2r_p0_st5_20_bearish_sr350_lr750_buf0_tg1030_2023-07-26,2023-07-26,1,LONG,15,09:45,2.0,2023-07-26 18:40:00+00:00,2023-07-26 18:41:00+00:00,2023-07-26 19:00:00+00:00,310,TIME_EXIT,15639.0,15565.75,73.25,15659.75,15631.75,15565.75,94.0,188.0,500.0,2.6595744680851063,2,-57.24,-114.48,0
p0_st5_20_bearish_sr350_lr750_buf0_tg1030,NASDAQ_ORB_15m_p0_short_switch_tp2r_p0_st5_20_bearish_sr350_lr750_buf0_tg1030_2023-07-27,2023-07-27,1,LONG,15,09:45,2.0,2023-07-27 13:46:00+00:00,2023-07-27 13:47:00+00:00,2023-07-27 19:00:00+00:00,16,TIME_EXIT,15894.5,15822.75,71.75,15901.25,15548.75,15822.75,78.5,157.0,500.0,3.1847133757961785,3,-706.24,-2118.7200000000003,0
p0_st5_20_bearish_sr350_lr750_buf0_tg1030,NASDAQ_ORB_15m_p0_short_switch_tp2r_p0_st5_20_bearish_sr350_lr750_buf0_tg1030_2023-07-28,2023-07-28,1,LONG,15,09:45,2.0,2023-07-28 13:49:00+00:00,2023-07-28 13:50:00+00:00,2023-07-28 19:00:00+00:00,19,TIME_EXIT,15795.5,15715.5,80.0,15799.25,15865.25,15715.5,83.75,167.5,500.0,2.985074626865672,2,130.76,261.52,1
p0_st5_20_bearish_sr350_lr750_buf0_tg1030,NASDAQ_ORB_15m_p0_short_switch_tp2r_p0_st5_20_bearish_sr350_lr750_buf0_tg1030_2023-07-31,2023-07-31,1,LONG,15,09:45,2.0,2023-07-31 13:46:00+00:00,2023-07-31 13:47:00+00:00,2023-07-31 19:00:00+00:00,16,TIME_EXIT,15897.0,15845.25,51.75,15904.0,15850.75,15845.25,58.75,117.5,500.0,4.25531914893617,4,-107.74,-430.96,0
p0_st5_20_bearish_sr350_lr750_buf0_tg1030,NASDAQ_ORB_15m_p0_short_switch_tp2r_p0_st5_20_bearish_sr350_lr750_buf0_tg1030_2023-08-01,2023-08-01,1,LONG,15,09:45,2.0,2023-08-01 14:06:00+00:00,2023-08-01 14:07:00+00:00,2023-08-01 19:00:00+00:00,36,TIME_EXIT,15806.0,15765.0,41.0,15808.25,15832.75,15765.0,43.25,86.5,500.0,5.780346820809249,5,47.76,238.79999999999998,1
p0_st5_20_bearish_sr350_lr750_buf0_tg1030,NASDAQ_ORB_15m_p0_short_switch_tp2r_p0_st5_20_bearish_sr350_lr750_buf0_tg1030_2023-08-02,2023-08-02,1,SHORT,15,09:45,2.0,2023-08-02 14:07:00+00:00,2023-08-02 14:08:00+00:00,2023-08-02 19:00:00+00:00,37,TIME_EXIT,15668.75,15586.25,82.5,15578.5,15492.25,15668.75,90.25,180.5,350.0,1.9390581717451523,1,171.26,171.26,1
p0_st5_20_bearish_sr350_lr750_buf0_tg1030,NASDAQ_ORB_15m_p0_short_switch_tp2r_p0_st5_20_bearish_sr350_lr750_buf0_tg1030_2023-08-03,2023-08-03,1,LONG,15,09:45,2.0,2023-08-03 13:48:00+00:00,2023-08-03 13:49:00+00:00,2023-08-03 19:00:00+00:00,18,TIME_EXIT,15413.5,15351.0,62.5,15437.0,15475.25,15351.0,86.0,172.0,500.0,2.9069767441860463,2,75.26,150.52,1
p0_st5_20_bearish_sr350_lr750_buf0_tg1030,NASDAQ_ORB_15m_p0_short_switch_tp2r_p0_st5_20_bearish_sr350_lr750_buf0_tg1030_2023-08-04,2023-08-04,1,SHORT,15,09:45,2.0,2023-08-04 13:55:00+00:00,2023-08-04 13:56:00+00:00,2023-08-04 16:27:00+00:00,25,SWITCH_TO_LONG,15584.0,15494.5,89.5,15472.25,15586.25,15584.0,111.75,223.5,350.0,1.5659955257270695,1,-229.24,-229.24,0
p0_st5_20_bearish_sr350_lr750_buf0_tg1030,NASDAQ_ORB_15m_p0_short_switch_tp2r_p0_st5_20_bearish_sr350_lr750_buf0_tg1030_2023-08-04,2023-08-04,2,LONG,15,09:45,2.0,2023-08-04 16:26:00+00:00,2023-08-04 16:27:00+00:00,2023-08-04 19:00:00+00:00,176,TIME_EXIT,15584.0,15494.5,89.5,15586.25,15374.0,15494.5,91.75,183.5,750.0,4.087193460490464,4,-425.74,-1702.96,0
p0_st5_20_bearish_sr350_lr750_buf0_tg1030,NASDAQ_ORB_15m_p0_short_switch_tp2r_p0_st5_20_bearish_sr350_lr750_buf0_tg1030_2023-08-07,2023-08-07,1,SHORT,15,09:45,2.0,2023-08-07 13:49:00+00:00,2023-08-07 13:50:00+00:00,2023-08-07 19:00:00+00:00,19,TIME_EXIT,15473.25,15386.0,87.25,15380.25,15449.0,15473.25,93.0,186.0,350.0,1.881720430107527,1,-138.74,-138.74,0
p0_st5_20_bearish_sr350_lr750_buf0_tg1030,NASDAQ_ORB_15m_p0_short_switch_tp2r_p0_st5_20_bearish_sr350_lr750_buf0_tg1030_2023-08-08,2023-08-08,1,SHORT,15,09:45,2.0,2023-08-08 13:46:00+00:00,2023-08-08 13:47:00+00:00,2023-08-08 19:00:00+00:00,16,TIME_EXIT,15379.5,15317.25,62.25,15313.0,15335.25,15379.5,66.5,133.0,350.0,2.6315789473684212,2,-45.74,-91.48,0
p0_st5_20_bearish_sr350_lr750_buf0_tg1030,NASDAQ_ORB_15m_p0_short_switch_tp2r_p0_st5_20_bearish_sr350_lr750_buf0_tg1030_2023-08-09,2023-08-09,1,SHORT,15,09:45,2.0,2023-08-09 13:51:00+00:00,2023-08-09 13:52:00+00:00,2023-08-09 19:00:00+00:00,21,TIME_EXIT,15369.0,15281.25,87.75,15272.25,15272.5,15369.0,96.75,193.5,350.0,1.8087855297157622,1,-1.74,-1.74,0
p0_st5_20_bearish_sr350_lr750_buf0_tg1030,NASDAQ_ORB_15m_p0_short_switch_tp2r_p0_st5_20_bearish_sr350_lr750_buf0_tg1030_2023-08-10,2023-08-10,1,LONG,15,09:45,2.0,2023-08-10 13:47:00+00:00,2023-08-10 13:48:00+00:00,2023-08-10 19:00:00+00:00,17,TIME_EXIT,15356.25,15273.25,83.0,15371.5,15244.0,15273.25,98.25,196.5,500.0,2.544529262086514,2,-256.24,-512.48,0
p0_st5_20_bearish_sr350_lr750_buf0_tg1030,NASDAQ_ORB_15m_p0_short_switch_tp2r_p0_st5_20_bearish_sr350_lr750_buf0_tg1030_2023-08-11,2023-08-11,1,LONG,15,09:45,2.0,2023-08-11 14:03:00+00:00,2023-08-11 14:04:00+00:00,2023-08-11 19:00:00+00:00,33,TIME_EXIT,15116.75,15057.25,59.5,15119.5,15129.0,15057.25,62.25,124.5,500.0,4.016064257028113,4,17.76,71.04,1
p0_st5_20_bearish_sr350_lr750_buf0_tg1030,NASDAQ_ORB_15m_p0_short_switch_tp2r_p0_st5_20_bearish_sr350_lr750_buf0_tg1030_2023-08-14,2023-08-14,1,LONG,15,09:45,2.0,2023-08-14 13:46:00+00:00,2023-08-14 13:47:00+00:00,2023-08-14 19:00:00+00:00,16,TIME_EXIT,15108.5,15036.25,72.25,15112.75,15214.25,15036.25,76.5,153.0,500.0,3.2679738562091503,3,201.76,605.28,1
p0_st5_20_bearish_sr350_lr750_buf0_tg1030,NASDAQ_ORB_15m_p0_short_switch_tp2r_p0_st5_20_bearish_sr350_lr750_buf0_tg1030_2023-08-15,2023-08-15,1,SHORT,15,09:45,2.0,2023-08-15 14:05:00+00:00,2023-08-15 14:06:00+00:00,2023-08-15 19:00:00+00:00,35,TIME_EXIT,15259.25,15200.75,58.5,15160.0,15161.5,15259.25,99.25,198.5,350.0,1.7632241813602014,1,-4.24,-4.24,0
p0_st5_20_bearish_sr350_lr750_buf0_tg1030,NASDAQ_ORB_15m_p0_short_switch_tp2r_p0_st5_20_bearish_sr350_lr750_buf0_tg1030_2023-08-16,2023-08-16,1,LONG,15,09:45,2.0,2023-08-16 13:48:00+00:00,2023-08-16 13:49:00+00:00,2023-08-16 19:00:00+00:00,18,TIME_EXIT,15109.0,15050.75,58.25,15110.5,15031.0,15050.75,59.75,119.5,500.0,4.184100418410042,4,-160.24,-640.96,0
p0_st5_20_bearish_sr350_lr750_buf0_tg1030,NASDAQ_ORB_15m_p0_short_switch_tp2r_p0_st5_20_bearish_sr350_lr750_buf0_tg1030_2023-08-17,2023-08-17,1,SHORT,15,09:45,2.0,2023-08-17 13:47:00+00:00,2023-08-17 13:48:00+00:00,2023-08-17 18:57:00+00:00,17,TP_2R,15008.0,14940.75,67.25,14938.75,14800.5,15008.0,69.25,138.5,350.0,2.527075812274368,2,275.26,550.52,1
p0_st5_20_bearish_sr350_lr750_buf0_tg1030,NASDAQ_ORB_15m_p0_short_switch_tp2r_p0_st5_20_bearish_sr350_lr750_buf0_tg1030_2023-08-18,2023-08-18,1,LONG,15,09:45,2.0,2023-08-18 13:49:00+00:00,2023-08-18 13:50:00+00:00,2023-08-18 19:00:00+00:00,19,TIME_EXIT,14674.0,14622.75,51.25,14678.0,14748.75,14622.75,55.25,110.5,500.0,4.524886877828054,4,140.26,561.04,1
p0_st5_20_bearish_sr350_lr750_buf0_tg1030,NASDAQ_ORB_15m_p0_short_switch_tp2r_p0_st5_20_bearish_sr350_lr750_buf0_tg1030_2023-08-21,2023-08-21,1,LONG,15,09:45,2.0,2023-08-21 13:57:00+00:00,2023-08-21 13:58:00+00:00,2023-08-21 19:00:00+00:00,27,TIME_EXIT,14888.75,14805.5,83.25,14896.25,14980.25,14805.5,90.75,181.5,500.0,2.7548209366391183,2,166.76,333.52,1
p0_st5_20_bearish_sr350_lr750_buf0_tg1030,NASDAQ_ORB_15m_p0_short_switch_tp2r_p0_st5_20_bearish_sr350_lr750_buf0_tg1030_2023-08-22,2023-08-22,1,SHORT,15,09:45,2.0,2023-08-22 13:55:00+00:00,2023-08-22 13:56:00+00:00,2023-08-22 19:00:00+00:00,25,TIME_EXIT,15092.25,15017.5,74.75,15015.5,14974.5,15092.25,76.75,153.5,350.0,2.2801302931596092,2,80.76,161.52,1
p0_st5_20_bearish_sr350_lr750_buf0_tg1030,NASDAQ_ORB_15m_p0_short_switch_tp2r_p0_st5_20_bearish_sr350_lr750_buf0_tg1030_2023-08-23,2023-08-23,1,LONG,15,09:45,2.0,2023-08-23 13:46:00+00:00,2023-08-23 13:47:00+00:00,2023-08-23 14:24:00+00:00,16,TP_2R,15039.0,14999.25,39.75,15045.25,15137.0,14999.25,46.0,92.0,500.0,5.434782608695652,5,182.26,911.3,1
p0_st5_20_bearish_sr350_lr750_buf0_tg1030,NASDAQ_ORB_15m_p0_short_switch_tp2r_p0_st5_20_bearish_sr350_lr750_buf0_tg1030_2023-08-24,2023-08-24,1,SHORT,15,09:45,2.0,2023-08-24 13:46:00+00:00,2023-08-24 13:47:00+00:00,2023-08-24 18:45:00+00:00,16,TP_2R,15339.5,15212.25,127.25,15205.5,14937.75,15339.5,134.0,268.0,350.0,1.3059701492537314,1,534.26,534.26,1
p0_st5_20_bearish_sr350_lr750_buf0_tg1030,NASDAQ_ORB_15m_p0_short_switch_tp2r_p0_st5_20_bearish_sr350_lr750_buf0_tg1030_2023-08-25,2023-08-25,1,LONG,15,09:45,2.0,2023-08-25 13:54:00+00:00,2023-08-25 13:55:00+00:00,2023-08-25 19:00:00+00:00,24,TIME_EXIT,14948.0,14892.0,56.0,14953.75,14994.75,14892.0,61.75,123.5,500.0,4.048582995951417,4,80.76,323.04,1
p0_st5_20_bearish_sr350_lr750_buf0_tg1030,NASDAQ_ORB_15m_p0_short_switch_tp2r_p0_st5_20_bearish_sr350_lr750_buf0_tg1030_2023-08-29,2023-08-29,1,LONG,15,09:45,2.0,2023-08-29 13:46:00+00:00,2023-08-29 13:47:00+00:00,2023-08-29 15:19:00+00:00,16,TP_2R,15134.5,15062.25,72.25,15155.75,15342.5,15062.25,93.5,187.0,500.0,2.6737967914438503,2,372.26,744.52,1
p0_st5_20_bearish_sr350_lr750_buf0_tg1030,NASDAQ_ORB_15m_p0_short_switch_tp2r_p0_st5_20_bearish_sr350_lr750_buf0_tg1030_2023-08-30,2023-08-30,1,LONG,15,09:45,2.0,2023-08-30 13:55:00+00:00,2023-08-30 13:56:00+00:00,2023-08-30 19:00:00+00:00,25,TIME_EXIT,15447.75,15386.5,61.25,15463.75,15506.5,15386.5,77.25,154.5,500.0,3.236245954692557,3,84.26,252.78000000000003,1
p0_st5_20_bearish_sr350_lr750_buf0_tg1030,NASDAQ_ORB_15m_p0_short_switch_tp2r_p0_st5_20_bearish_sr350_lr750_buf0_tg1030_2023-08-31,2023-08-31,1,LONG,15,09:45,2.0,2023-08-31 13:46:00+00:00,2023-08-31 13:47:00+00:00,2023-08-31 19:00:00+00:00,16,TIME_EXIT,15553.75,15488.75,65.0,15554.25,15553.25,15488.75,65.5,131.0,500.0,3.816793893129771,3,-3.24,-9.72,0
p0_st5_20_bearish_sr350_lr750_buf0_tg1030,NASDAQ_ORB_15m_p0_short_switch_tp2r_p0_st5_20_bearish_sr350_lr750_buf0_tg1030_2023-09-01,2023-09-01,1,SHORT,15,09:45,2.0,2023-09-01 13:46:00+00:00,2023-09-01 13:47:00+00:00,2023-09-01 19:00:00+00:00,16,TIME_EXIT,15652.0,15534.0,118.0,15525.75,15491.5,15652.0,126.25,252.5,350.0,1.386138613861386,1,67.26,67.26,1
p0_st5_20_bearish_sr350_lr750_buf0_tg1030,NASDAQ_ORB_15m_p0_short_switch_tp2r_p0_st5_20_bearish_sr350_lr750_buf0_tg1030_2023-09-04,2023-09-04,1,LONG,15,09:45,2.0,2023-09-04 13:53:00+00:00,2023-09-04 13:54:00+00:00,2023-09-04 22:02:00+00:00,23,TIME_EXIT,15575.25,15554.25,21.0,15577.25,15527.0,15554.25,23.0,46.0,500.0,10.869565217391305,10,-101.74,-1017.4,0
p0_st5_20_bearish_sr350_lr750_buf0_tg1030,NASDAQ_ORB_15m_p0_short_switch_tp2r_p0_st5_20_bearish_sr350_lr750_buf0_tg1030_2023-09-05,2023-09-05,1,LONG,15,09:45,2.0,2023-09-05 14:25:00+00:00,2023-09-05 14:26:00+00:00,2023-09-05 19:00:00+00:00,55,TIME_EXIT,15506.5,15449.75,56.75,15511.0,15585.0,15449.75,61.25,122.5,500.0,4.081632653061225,4,146.76,587.04,1
p0_st5_20_bearish_sr350_lr750_buf0_tg1030,NASDAQ_ORB_15m_p0_short_switch_tp2r_p0_st5_20_bearish_sr350_lr750_buf0_tg1030_2023-09-06,2023-09-06,1,LONG,15,09:45,2.0,2023-09-06 13:53:00+00:00,2023-09-06 13:54:00+00:00,2023-09-06 19:00:00+00:00,23,TIME_EXIT,15507.25,15460.25,47.0,15508.0,15373.0,15460.25,47.75,95.5,500.0,5.2356020942408374,5,-271.24,-1356.2,0
p0_st5_20_bearish_sr350_lr750_buf0_tg1030,NASDAQ_ORB_15m_p0_short_switch_tp2r_p0_st5_20_bearish_sr350_lr750_buf0_tg1030_2023-09-07,2023-09-07,1,LONG,15,09:45,2.0,2023-09-07 14:41:00+00:00,2023-09-07 14:42:00+00:00,2023-09-07 19:00:00+00:00,71,TIME_EXIT,15240.75,15157.5,83.25,15252.5,15289.5,15157.5,95.0,190.0,500.0,2.6315789473684212,2,72.76,145.52,1
p0_st5_20_bearish_sr350_lr750_buf0_tg1030,NASDAQ_ORB_15m_p0_short_switch_tp2r_p0_st5_20_bearish_sr350_lr750_buf0_tg1030_2023-09-08,2023-09-08,1,LONG,15,09:45,2.0,2023-09-08 13:49:00+00:00,2023-09-08 13:50:00+00:00,2023-09-08 19:00:00+00:00,19,TIME_EXIT,15359.0,15270.5,88.5,15362.25,15270.0,15270.5,91.75,183.5,500.0,2.7247956403269753,2,-185.74,-371.48,0
p0_st5_20_bearish_sr350_lr750_buf0_tg1030,NASDAQ_ORB_15m_p0_short_switch_tp2r_p0_st5_20_bearish_sr350_lr750_buf0_tg1030_2023-09-11,2023-09-11,1,LONG,15,09:45,2.0,2023-09-11 17:35:00+00:00,2023-09-11 17:36:00+00:00,2023-09-11 19:00:00+00:00,245,TIME_EXIT,15647.0,15573.0,74.0,15647.75,15674.75,15573.0,74.75,149.5,500.0,3.3444816053511706,3,52.76,158.28,1
p0_st5_20_bearish_sr350_lr750_buf0_tg1030,NASDAQ_ORB_15m_p0_short_switch_tp2r_p0_st5_20_bearish_sr350_lr750_buf0_tg1030_2023-09-12,2023-09-12,1,LONG,15,09:45,2.0,2023-09-12 13:57:00+00:00,2023-09-12 13:58:00+00:00,2023-09-12 19:00:00+00:00,27,TIME_EXIT,15644.75,15583.75,61.0,15649.25,15502.75,15583.75,65.5,131.0,500.0,3.816793893129771,3,-294.24,-882.72,0
p0_st5_20_bearish_sr350_lr750_buf0_tg1030,NASDAQ_ORB_15m_p0_short_switch_tp2r_p0_st5_20_bearish_sr350_lr750_buf0_tg1030_2023-09-13,2023-09-13,1,LONG,15,09:45,2.0,2023-09-13 14:41:00+00:00,2023-09-13 14:42:00+00:00,2023-09-13 19:00:00+00:00,71,TIME_EXIT,15561.75,15493.5,68.25,15564.5,15554.0,15493.5,71.0,142.0,500.0,3.5211267605633805,3,-22.24,-66.72,0
p0_st5_20_bearish_sr350_lr750_buf0_tg1030,NASDAQ_ORB_15m_p0_short_switch_tp2r_p0_st5_20_bearish_sr350_lr750_buf0_tg1030_2023-09-14,2023-09-14,1,SHORT,15,09:45,2.0,2023-09-14 13:51:00+00:00,2023-09-14 13:52:00+00:00,2023-09-14 14:46:00+00:00,21,SWITCH_TO_LONG,15638.75,15582.5,56.25,15577.75,15645.5,15638.75,61.0,122.0,350.0,2.8688524590163933,2,-136.74,-273.48,0
p0_st5_20_bearish_sr350_lr750_buf0_tg1030,NASDAQ_ORB_15m_p0_short_switch_tp2r_p0_st5_20_bearish_sr350_lr750_buf0_tg1030_2023-09-14,2023-09-14,2,LONG,15,09:45,2.0,2023-09-14 14:45:00+00:00,2023-09-14 14:46:00+00:00,2023-09-14 19:00:00+00:00,75,TIME_EXIT,15638.75,15582.5,56.25,15645.5,15686.5,15582.5,63.0,126.0,750.0,5.9523809523809526,5,80.76,403.8,1
p0_st5_20_bearish_sr350_lr750_buf0_tg1030,NASDAQ_ORB_15m_p0_short_switch_tp2r_p0_st5_20_bearish_sr350_lr750_buf0_tg1030_2023-09-15,2023-09-15,1,SHORT,15,09:45,2.0,2023-09-15 13:47:00+00:00,2023-09-15 13:48:00+00:00,2023-09-15 19:00:00+00:00,17,TIME_EXIT,15627.75,15520.25,107.5,15519.5,15376.75,15627.75,108.25,216.5,350.0,1.6166281755196306,1,284.26,284.26,1
p0_st5_20_bearish_sr350_lr750_buf0_tg1030,NASDAQ_ORB_15m_p0_short_switch_tp2r_p0_st5_20_bearish_sr350_lr750_buf0_tg1030_2023-09-18,2023-09-18,1,LONG,15,09:45,2.0,2023-09-18 14:18:00+00:00,2023-09-18 14:19:00+00:00,2023-09-18 19:00:00+00:00,48,TIME_EXIT,15435.0,15343.25,91.75,15435.5,15394.25,15343.25,92.25,184.5,500.0,2.710027100271003,2,-83.74,-167.48,0
p0_st5_20_bearish_sr350_lr750_buf0_tg1030,NASDAQ_ORB_15m_p0_short_switch_tp2r_p0_st5_20_bearish_sr350_lr750_buf0_tg1030_2023-09-19,2023-09-19,1,SHORT,15,09:45,2.0,2023-09-19 13:51:00+00:00,2023-09-19 13:52:00+00:00,2023-09-19 17:50:00+00:00,21,SWITCH_TO_LONG,15373.25,15324.0,49.25,15320.0,15375.5,15373.25,53.25,106.5,350.0,3.2863849765258215,3,-112.24,-336.71999999999997,0
p0_st5_20_bearish_sr350_lr750_buf0_tg1030,NASDAQ_ORB_15m_p0_short_switch_tp2r_p0_st5_20_bearish_sr350_lr750_buf0_tg1030_2023-09-19,2023-09-19,2,LONG,15,09:45,2.0,2023-09-19 17:49:00+00:00,2023-09-19 17:50:00+00:00,2023-09-19 19:00:00+00:00,259,TIME_EXIT,15373.25,15324.0,49.25,15375.5,15348.0,15324.0,51.5,103.0,750.0,7.281553398058253,7,-56.24,-393.68,0
p0_st5_20_bearish_sr350_lr750_buf0_tg1030,NASDAQ_ORB_15m_p0_short_switch_tp2r_p0_st5_20_bearish_sr350_lr750_buf0_tg1030_2023-09-20,2023-09-20,1,LONG,15,09:45,2.0,2023-09-20 13:57:00+00:00,2023-09-20 13:58:00+00:00,2023-09-20 19:00:00+00:00,27,TIME_EXIT,15430.25,15375.0,55.25,15434.0,15302.5,15375.0,59.0,118.0,500.0,4.237288135593221,4,-264.24,-1056.96,0
p0_st5_20_bearish_sr350_lr750_buf0_tg1030,NASDAQ_ORB_15m_p0_short_switch_tp2r_p0_st5_20_bearish_sr350_lr750_buf0_tg1030_2023-09-21,2023-09-21,1,SHORT,15,09:45,2.0,2023-09-21 13:47:00+00:00,2023-09-21 13:48:00+00:00,2023-09-21 19:00:00+00:00,17,TIME_EXIT,15020.0,14974.5,45.5,14971.25,14924.75,15020.0,48.75,97.5,350.0,3.58974358974359,3,91.76,275.28000000000003,1
p0_st5_20_bearish_sr350_lr750_buf0_tg1030,NASDAQ_ORB_15m_p0_short_switch_tp2r_p0_st5_20_bearish_sr350_lr750_buf0_tg1030_2023-09-22,2023-09-22,1,LONG,15,09:45,2.0,2023-09-22 13:48:00+00:00,2023-09-22 13:49:00+00:00,2023-09-22 19:00:00+00:00,18,TIME_EXIT,14941.5,14888.0,53.5,14942.5,14890.75,14888.0,54.5,109.0,500.0,4.587155963302752,4,-104.74,-418.96,0
p0_st5_20_bearish_sr350_lr750_buf0_tg1030,NASDAQ_ORB_15m_p0_short_switch_tp2r_p0_st5_20_bearish_sr350_lr750_buf0_tg1030_2023-09-25,2023-09-25,1,LONG,15,09:45,2.0,2023-09-25 13:47:00+00:00,2023-09-25 13:48:00+00:00,2023-09-25 19:00:00+00:00,17,TIME_EXIT,14867.25,14782.5,84.75,14869.25,14874.5,14782.5,86.75,173.5,500.0,2.881844380403458,2,9.26,18.52,1
p0_st5_20_bearish_sr350_lr750_buf0_tg1030,NASDAQ_ORB_15m_p0_short_switch_tp2r_p0_st5_20_bearish_sr350_lr750_buf0_tg1030_2023-09-26,2023-09-26,1,SHORT,15,09:45,2.0,2023-09-26 13:50:00+00:00,2023-09-26 13:51:00+00:00,2023-09-26 17:50:00+00:00,20,TP_2R,14846.0,14802.75,43.25,14799.0,14705.25,14846.0,47.0,94.0,350.0,3.723404255319149,3,186.26,558.78,1
p0_st5_20_bearish_sr350_lr750_buf0_tg1030,NASDAQ_ORB_15m_p0_short_switch_tp2r_p0_st5_20_bearish_sr350_lr750_buf0_tg1030_2023-09-27,2023-09-27,1,LONG,15,09:45,2.0,2023-09-27 13:47:00+00:00,2023-09-27 13:48:00+00:00,2023-09-27 19:00:00+00:00,17,TIME_EXIT,14793.25,14749.25,44.0,14796.0,14738.75,14749.25,46.75,93.5,500.0,5.347593582887701,5,-115.74,-578.6999999999999,0
p0_st5_20_bearish_sr350_lr750_buf0_tg1030,NASDAQ_ORB_15m_p0_short_switch_tp2r_p0_st5_20_bearish_sr350_lr750_buf0_tg1030_2023-09-28,2023-09-28,1,LONG,15,09:45,2.0,2023-09-28 13:53:00+00:00,2023-09-28 13:54:00+00:00,2023-09-28 15:30:00+00:00,23,TP_2R,14711.75,14656.25,55.5,14712.5,14824.75,14656.25,56.25,112.5,500.0,4.444444444444445,4,223.26,893.04,1
p0_st5_20_bearish_sr350_lr750_buf0_tg1030,NASDAQ_ORB_15m_p0_short_switch_tp2r_p0_st5_20_bearish_sr350_lr750_buf0_tg1030_2023-09-29,2023-09-29,1,LONG,15,09:45,2.0,2023-09-29 13:49:00+00:00,2023-09-29 13:50:00+00:00,2023-09-29 19:00:00+00:00,19,TIME_EXIT,15015.0,14976.75,38.25,15028.5,14902.25,14976.75,51.75,103.5,500.0,4.830917874396135,4,-253.74,-1014.96,0
p0_st5_20_bearish_sr350_lr750_buf0_tg1030,NASDAQ_ORB_15m_p0_short_switch_tp2r_p0_st5_20_bearish_sr350_lr750_buf0_tg1030_2023-10-02,2023-10-02,1,LONG,15,09:45,2.0,2023-10-02 14:03:00+00:00,2023-10-02 14:04:00+00:00,2023-10-02 19:00:00+00:00,33,TIME_EXIT,14961.0,14847.25,113.75,14977.25,14892.75,14847.25,130.0,260.0,500.0,1.9230769230769231,1,-170.24,-170.24,0
p0_st5_20_bearish_sr350_lr750_buf0_tg1030,NASDAQ_ORB_15m_p0_short_switch_tp2r_p0_st5_20_bearish_sr350_lr750_buf0_tg1030_2023-10-03,2023-10-03,1,LONG,15,09:45,2.0,2023-10-03 13:50:00+00:00,2023-10-03 13:51:00+00:00,2023-10-03 19:00:00+00:00,20,TIME_EXIT,14925.5,14873.75,51.75,14931.25,14698.25,14873.75,57.5,115.0,500.0,4.3478260869565215,4,-467.24,-1868.96,0
p0_st5_20_bearish_sr350_lr750_buf0_tg1030,NASDAQ_ORB_15m_p0_short_switch_tp2r_p0_st5_20_bearish_sr350_lr750_buf0_tg1030_2023-10-04,2023-10-04,1,SHORT,15,09:45,2.0,2023-10-04 14:30:00+00:00,2023-10-04 14:31:00+00:00,2023-10-04 14:43:00+00:00,60,SWITCH_TO_LONG,14834.5,14748.0,86.5,14738.75,14843.75,14834.5,95.75,191.5,350.0,1.8276762402088773,1,-211.24,-211.24,0
p0_st5_20_bearish_sr350_lr750_buf0_tg1030,NASDAQ_ORB_15m_p0_short_switch_tp2r_p0_st5_20_bearish_sr350_lr750_buf0_tg1030_2023-10-04,2023-10-04,2,LONG,15,09:45,2.0,2023-10-04 14:42:00+00:00,2023-10-04 14:43:00+00:00,2023-10-04 19:00:00+00:00,72,TIME_EXIT,14834.5,14748.0,86.5,14843.75,14870.0,14748.0,95.75,191.5,750.0,3.91644908616188,3,51.26,153.78,1
p0_st5_20_bearish_sr350_lr750_buf0_tg1030,NASDAQ_ORB_15m_p0_short_switch_tp2r_p0_st5_20_bearish_sr350_lr750_buf0_tg1030_2023-10-05,2023-10-05,1,SHORT,15,09:45,2.0,2023-10-05 13:49:00+00:00,2023-10-05 13:50:00+00:00,2023-10-05 19:00:00+00:00,19,TIME_EXIT,14926.5,14855.5,71.0,14853.5,14899.5,14926.5,73.0,146.0,350.0,2.3972602739726026,2,-93.24,-186.48,0
p0_st5_20_bearish_sr350_lr750_buf0_tg1030,NASDAQ_ORB_15m_p0_short_switch_tp2r_p0_st5_20_bearish_sr350_lr750_buf0_tg1030_2023-10-06,2023-10-06,1,LONG,15,09:45,2.0,2023-10-06 14:24:00+00:00,2023-10-06 14:25:00+00:00,2023-10-06 15:44:00+00:00,54,TP_2R,14800.75,14702.0,98.75,14806.5,15015.25,14702.0,104.5,209.0,500.0,2.3923444976076556,2,416.26,832.52,1
p0_st5_20_bearish_sr350_lr750_buf0_tg1030,NASDAQ_ORB_15m_p0_short_switch_tp2r_p0_st5_20_bearish_sr350_lr750_buf0_tg1030_2023-10-09,2023-10-09,1,LONG,15,09:45,2.0,2023-10-09 13:46:00+00:00,2023-10-09 13:47:00+00:00,2023-10-09 19:00:00+00:00,16,TIME_EXIT,15036.75,14949.25,87.5,15037.25,15198.0,14949.25,88.0,176.0,500.0,2.840909090909091,2,320.26,640.52,1
p0_st5_20_bearish_sr350_lr750_buf0_tg1030,NASDAQ_ORB_15m_p0_short_switch_tp2r_p0_st5_20_bearish_sr350_lr750_buf0_tg1030_2023-10-10,2023-10-10,1,LONG,15,09:45,2.0,2023-10-10 13:59:00+00:00,2023-10-10 14:00:00+00:00,2023-10-10 15:08:00+00:00,29,TP_2R,15225.75,15180.0,45.75,15230.25,15330.5,15180.0,50.25,100.5,500.0,4.975124378109452,4,199.26,797.04,1
p0_st5_20_bearish_sr350_lr750_buf0_tg1030,NASDAQ_ORB_15m_p0_short_switch_tp2r_p0_st5_20_bearish_sr350_lr750_buf0_tg1030_2023-10-11,2023-10-11,1,SHORT,15,09:45,2.0,2023-10-11 14:15:00+00:00,2023-10-11 14:16:00+00:00,2023-10-11 19:00:00+00:00,45,TIME_EXIT,15387.5,15323.5,64.0,15306.0,15325.5,15387.5,81.5,163.0,350.0,2.147239263803681,2,-40.24,-80.48,0
p0_st5_20_bearish_sr350_lr750_buf0_tg1030,NASDAQ_ORB_15m_p0_short_switch_tp2r_p0_st5_20_bearish_sr350_lr750_buf0_tg1030_2023-10-12,2023-10-12,1,LONG,15,09:45,2.0,2023-10-12 14:07:00+00:00,2023-10-12 14:08:00+00:00,2023-10-12 19:00:00+00:00,37,TIME_EXIT,15416.5,15366.0,50.5,15423.75,15278.25,15366.0,57.75,115.5,500.0,4.329004329004329,4,-292.24,-1168.96,0
p0_st5_20_bearish_sr350_lr750_buf0_tg1030,NASDAQ_ORB_15m_p0_short_switch_tp2r_p0_st5_20_bearish_sr350_lr750_buf0_tg1030_2023-10-13,2023-10-13,1,SHORT,15,09:45,2.0,2023-10-13 14:15:00+00:00,2023-10-13 14:16:00+00:00,2023-10-13 15:53:00+00:00,45,TP_2R,15367.0,15302.5,64.5,15288.75,15132.5,15367.0,78.25,156.5,350.0,2.236421725239617,2,311.26,622.52,1
p0_st5_20_bearish_sr350_lr750_buf0_tg1030,NASDAQ_ORB_15m_p0_short_switch_tp2r_p0_st5_20_bearish_sr350_lr750_buf0_tg1030_2023-10-16,2023-10-16,1,LONG,15,09:45,2.0,2023-10-16 14:13:00+00:00,2023-10-16 14:14:00+00:00,2023-10-16 19:00:00+00:00,43,TIME_EXIT,15260.0,15168.75,91.25,15263.5,15317.25,15168.75,94.75,189.5,500.0,2.638522427440633,2,106.26,212.52,1
p0_st5_20_bearish_sr350_lr750_buf0_tg1030,NASDAQ_ORB_15m_p0_short_switch_tp2r_p0_st5_20_bearish_sr350_lr750_buf0_tg1030_2023-10-17,2023-10-17,1,SHORT,15,09:45,2.0,2023-10-17 13:46:00+00:00,2023-10-17 13:47:00+00:00,2023-10-17 14:13:00+00:00,16,SWITCH_TO_LONG,15142.0,15102.25,39.75,15083.0,15156.5,15142.0,59.0,118.0,350.0,2.9661016949152543,2,-148.24,-296.48,0
p0_st5_20_bearish_sr350_lr750_buf0_tg1030,NASDAQ_ORB_15m_p0_short_switch_tp2r_p0_st5_20_bearish_sr350_lr750_buf0_tg1030_2023-10-17,2023-10-17,2,LONG,15,09:45,2.0,2023-10-17 14:12:00+00:00,2023-10-17 14:13:00+00:00,2023-10-17 15:36:00+00:00,42,TP_2R,15142.0,15102.25,39.75,15156.5,15264.75,15102.25,54.25,108.5,750.0,6.912442396313364,6,215.26,1291.56,1
p0_st5_20_bearish_sr350_lr750_buf0_tg1030,NASDAQ_ORB_15m_p0_short_switch_tp2r_p0_st5_20_bearish_sr350_lr750_buf0_tg1030_2023-10-18,2023-10-18,1,LONG,15,09:45,2.0,2023-10-18 14:20:00+00:00,2023-10-18 14:21:00+00:00,2023-10-18 19:00:00+00:00,50,TIME_EXIT,15199.0,15125.5,73.5,15200.5,15061.5,15125.5,75.0,150.0,500.0,3.3333333333333335,3,-279.24,-837.72,0
p0_st5_20_bearish_sr350_lr750_buf0_tg1030,NASDAQ_ORB_15m_p0_short_switch_tp2r_p0_st5_20_bearish_sr350_lr750_buf0_tg1030_2023-10-19,2023-10-19,1,SHORT,15,09:45,2.0,2023-10-19 14:30:00+00:00,2023-10-19 14:31:00+00:00,2023-10-19 16:04:00+00:00,60,SWITCH_TO_LONG,15109.25,15021.0,88.25,15003.25,15113.5,15109.25,106.0,212.0,350.0,1.650943396226415,1,-221.74,-221.74,0
p0_st5_20_bearish_sr350_lr750_buf0_tg1030,NASDAQ_ORB_15m_p0_short_switch_tp2r_p0_st5_20_bearish_sr350_lr750_buf0_tg1030_2023-10-19,2023-10-19,2,LONG,15,09:45,2.0,2023-10-19 16:03:00+00:00,2023-10-19 16:04:00+00:00,2023-10-19 19:00:00+00:00,153,TIME_EXIT,15109.25,15021.0,88.25,15113.5,14892.25,15021.0,92.5,185.0,750.0,4.054054054054054,4,-443.74,-1774.96,0
p0_st5_20_bearish_sr350_lr750_buf0_tg1030,NASDAQ_ORB_15m_p0_short_switch_tp2r_p0_st5_20_bearish_sr350_lr750_buf0_tg1030_2023-10-20,2023-10-20,1,SHORT,15,09:45,2.0,2023-10-20 14:15:00+00:00,2023-10-20 14:16:00+00:00,2023-10-20 19:00:00+00:00,45,TIME_EXIT,14885.5,14810.5,75.0,14783.5,14707.75,14885.5,102.0,204.0,350.0,1.7156862745098038,1,150.26,150.26,1
p0_st5_20_bearish_sr350_lr750_buf0_tg1030,NASDAQ_ORB_15m_p0_short_switch_tp2r_p0_st5_20_bearish_sr350_lr750_buf0_tg1030_2023-10-23,2023-10-23,1,LONG,15,09:45,2.0,2023-10-23 13:56:00+00:00,2023-10-23 13:57:00+00:00,2023-10-23 19:00:00+00:00,26,TIME_EXIT,14630.0,14514.25,115.75,14630.75,14778.5,14514.25,116.5,233.0,500.0,2.1459227467811157,2,294.26,588.52,1
p0_st5_20_bearish_sr350_lr750_buf0_tg1030,NASDAQ_ORB_15m_p0_short_switch_tp2r_p0_st5_20_bearish_sr350_lr750_buf0_tg1030_2023-10-24,2023-10-24,1,LONG,15,09:45,2.0,2023-10-24 14:29:00+00:00,2023-10-24 14:30:00+00:00,2023-10-24 19:00:00+00:00,59,TIME_EXIT,14837.25,14762.5,74.75,14838.5,14826.75,14762.5,76.0,152.0,500.0,3.289473684210526,3,-24.74,-74.22,0
p0_st5_20_bearish_sr350_lr750_buf0_tg1030,NASDAQ_ORB_15m_p0_short_switch_tp2r_p0_st5_20_bearish_sr350_lr750_buf0_tg1030_2023-10-25,2023-10-25,1,SHORT,15,09:45,2.0,2023-10-25 13:46:00+00:00,2023-10-25 13:47:00+00:00,2023-10-25 19:00:00+00:00,16,TIME_EXIT,14749.0,14626.5,122.5,14616.25,14476.75,14749.0,132.75,265.5,350.0,1.3182674199623352,1,277.76,277.76,1
p0_st5_20_bearish_sr350_lr750_buf0_tg1030,NASDAQ_ORB_15m_p0_short_switch_tp2r_p0_st5_20_bearish_sr350_lr750_buf0_tg1030_2023-10-26,2023-10-26,1,SHORT,15,09:45,2.0,2023-10-26 13:55:00+00:00,2023-10-26 13:56:00+00:00,2023-10-26 19:00:00+00:00,25,TIME_EXIT,14459.25,14368.75,90.5,14344.0,14318.0,14459.25,115.25,230.5,350.0,1.5184381778741864,1,50.76,50.76,1
p0_st5_20_bearish_sr350_lr750_buf0_tg1030,NASDAQ_ORB_15m_p0_short_switch_tp2r_p0_st5_20_bearish_sr350_lr750_buf0_tg1030_2023-10-27,2023-10-27,1,LONG,15,09:45,2.0,2023-10-27 14:07:00+00:00,2023-10-27 14:08:00+00:00,2023-10-27 19:00:00+00:00,37,TIME_EXIT,14349.5,14302.25,47.25,14351.75,14225.5,14302.25,49.5,99.0,500.0,5.05050505050505,5,-253.74,-1268.7,0
p0_st5_20_bearish_sr350_lr750_buf0_tg1030,NASDAQ_ORB_15m_p0_short_switch_tp2r_p0_st5_20_bearish_sr350_lr750_buf0_tg1030_2023-10-30,2023-10-30,1,LONG,15,09:45,2.0,2023-10-30 13:46:00+00:00,2023-10-30 13:47:00+00:00,2023-10-30 19:00:00+00:00,16,TIME_EXIT,14437.25,14334.75,102.5,14447.5,14436.5,14334.75,112.75,225.5,500.0,2.2172949002217295,2,-23.24,-46.48,0
p0_st5_20_bearish_sr350_lr750_buf0_tg1030,NASDAQ_ORB_15m_p0_short_switch_tp2r_p0_st5_20_bearish_sr350_lr750_buf0_tg1030_2023-10-31,2023-10-31,1,SHORT,15,09:45,2.0,2023-10-31 13:53:00+00:00,2023-10-31 13:54:00+00:00,2023-10-31 15:02:00+00:00,23,SWITCH_TO_LONG,14429.0,14327.0,102.0,14315.75,14433.5,14429.0,113.25,226.5,350.0,1.5452538631346577,1,-236.74,-236.74,0
p0_st5_20_bearish_sr350_lr750_buf0_tg1030,NASDAQ_ORB_15m_p0_short_switch_tp2r_p0_st5_20_bearish_sr350_lr750_buf0_tg1030_2023-10-31,2023-10-31,2,LONG,15,09:45,2.0,2023-10-31 15:01:00+00:00,2023-10-31 15:02:00+00:00,2023-10-31 19:00:00+00:00,91,TIME_EXIT,14429.0,14327.0,102.0,14433.5,14484.25,14327.0,106.5,213.0,750.0,3.5211267605633805,3,100.26,300.78000000000003,1
p0_st5_20_bearish_sr350_lr750_buf0_tg1030,NASDAQ_ORB_15m_p0_short_switch_tp2r_p0_st5_20_bearish_sr350_lr750_buf0_tg1030_2023-11-01,2023-11-01,1,LONG,15,09:45,2.0,2023-11-01 13:47:00+00:00,2023-11-01 13:48:00+00:00,2023-11-01 19:00:00+00:00,17,TIME_EXIT,14568.75,14515.25,53.5,14572.5,14658.25,14515.25,57.25,114.5,500.0,4.366812227074236,4,170.26,681.04,1
p0_st5_20_bearish_sr350_lr750_buf0_tg1030,NASDAQ_ORB_15m_p0_short_switch_tp2r_p0_st5_20_bearish_sr350_lr750_buf0_tg1030_2023-11-02,2023-11-02,1,SHORT,15,09:45,2.0,2023-11-02 14:10:00+00:00,2023-11-02 14:11:00+00:00,2023-11-02 14:53:00+00:00,40,SWITCH_TO_LONG,14952.5,14904.0,48.5,14892.0,14957.0,14952.5,60.5,121.0,350.0,2.8925619834710745,2,-131.24,-262.48,0
p0_st5_20_bearish_sr350_lr750_buf0_tg1030,NASDAQ_ORB_15m_p0_short_switch_tp2r_p0_st5_20_bearish_sr350_lr750_buf0_tg1030_2023-11-02,2023-11-02,2,LONG,15,09:45,2.0,2023-11-02 14:52:00+00:00,2023-11-02 14:53:00+00:00,2023-11-02 19:00:00+00:00,82,TIME_EXIT,14952.5,14904.0,48.5,14957.0,14998.0,14904.0,53.0,106.0,750.0,7.0754716981132075,7,80.76,565.32,1
p0_st5_20_bearish_sr350_lr750_buf0_tg1030,NASDAQ_ORB_15m_p0_short_switch_tp2r_p0_st5_20_bearish_sr350_lr750_buf0_tg1030_2023-11-03,2023-11-03,1,LONG,15,09:45,2.0,2023-11-03 13:46:00+00:00,2023-11-03 13:47:00+00:00,2023-11-03 19:00:00+00:00,16,TIME_EXIT,15094.25,15040.25,54.0,15106.5,15213.25,15040.25,66.25,132.5,500.0,3.7735849056603774,3,212.26,636.78,1
p0_st5_20_bearish_sr350_lr750_buf0_tg1030,NASDAQ_ORB_15m_p0_short_switch_tp2r_p0_st5_20_bearish_sr350_lr750_buf0_tg1030_2023-11-06,2023-11-06,1,SHORT,15,09:45,2.0,2023-11-06 15:15:00+00:00,2023-11-06 15:16:00+00:00,2023-11-06 20:00:00+00:00,45,TIME_EXIT,15257.5,15203.25,54.25,15186.75,15207.5,15257.5,70.75,141.5,350.0,2.4734982332155475,2,-42.74,-85.48,0
p0_st5_20_bearish_sr350_lr750_buf0_tg1030,NASDAQ_ORB_15m_p0_short_switch_tp2r_p0_st5_20_bearish_sr350_lr750_buf0_tg1030_2023-11-07,2023-11-07,1,LONG,15,09:45,2.0,2023-11-07 14:56:00+00:00,2023-11-07 14:57:00+00:00,2023-11-07 20:00:00+00:00,26,TIME_EXIT,15287.0,15224.5,62.5,15290.75,15386.0,15224.5,66.25,132.5,500.0,3.7735849056603774,3,189.26,567.78,1
p0_st5_20_bearish_sr350_lr750_buf0_tg1030,NASDAQ_ORB_15m_p0_short_switch_tp2r_p0_st5_20_bearish_sr350_lr750_buf0_tg1030_2023-11-08,2023-11-08,1,SHORT,15,09:45,2.0,2023-11-08 15:05:00+00:00,2023-11-08 15:06:00+00:00,2023-11-08 20:00:00+00:00,35,TIME_EXIT,15416.0,15373.75,42.25,15356.5,15355.0,15416.0,59.5,119.0,350.0,2.9411764705882355,2,1.76,3.52,1
p0_st5_20_bearish_sr350_lr750_buf0_tg1030,NASDAQ_ORB_15m_p0_short_switch_tp2r_p0_st5_20_bearish_sr350_lr750_buf0_tg1030_2023-11-09,2023-11-09,1,LONG,15,09:45,2.0,2023-11-09 15:00:00+00:00,2023-11-09 15:01:00+00:00,2023-11-09 20:00:00+00:00,30,TIME_EXIT,15419.25,15365.75,53.5,15423.25,15261.25,15365.75,57.5,115.0,500.0,4.3478260869565215,4,-325.24,-1300.96,0
p0_st5_20_bearish_sr350_lr750_buf0_tg1030,NASDAQ_ORB_15m_p0_short_switch_tp2r_p0_st5_20_bearish_sr350_lr750_buf0_tg1030_2023-11-10,2023-11-10,1,LONG,15,09:45,2.0,2023-11-10 14:53:00+00:00,2023-11-10 14:54:00+00:00,2023-11-10 17:56:00+00:00,23,TP_2R,15380.75,15305.5,75.25,15383.25,15538.5,15305.5,77.75,155.5,500.0,3.215434083601286,3,309.26,927.78,1
p0_st5_20_bearish_sr350_lr750_buf0_tg1030,NASDAQ_ORB_15m_p0_short_switch_tp2r_p0_st5_20_bearish_sr350_lr750_buf0_tg1030_2023-11-13,2023-11-13,1,SHORT,15,09:45,2.0,2023-11-13 14:53:00+00:00,2023-11-13 14:54:00+00:00,2023-11-13 15:48:00+00:00,23,SWITCH_TO_LONG,15539.0,15484.0,55.0,15483.25,15541.75,15539.0,55.75,111.5,350.0,3.1390134529147984,3,-118.24,-354.71999999999997,0
p0_st5_20_bearish_sr350_lr750_buf0_tg1030,NASDAQ_ORB_15m_p0_short_switch_tp2r_p0_st5_20_bearish_sr350_lr750_buf0_tg1030_2023-11-13,2023-11-13,2,LONG,15,09:45,2.0,2023-11-13 15:47:00+00:00,2023-11-13 15:48:00+00:00,2023-11-13 20:00:00+00:00,77,TIME_EXIT,15539.0,15484.0,55.0,15541.75,15570.25,15484.0,57.75,115.5,750.0,6.4935064935064934,6,55.76,334.56,1
p0_st5_20_bearish_sr350_lr750_buf0_tg1030,NASDAQ_ORB_15m_p0_short_switch_tp2r_p0_st5_20_bearish_sr350_lr750_buf0_tg1030_2023-11-14,2023-11-14,1,LONG,15,09:45,2.0,2023-11-14 14:46:00+00:00,2023-11-14 14:47:00+00:00,2023-11-14 20:00:00+00:00,16,TIME_EXIT,15856.75,15790.0,66.75,15858.75,15889.75,15790.0,68.75,137.5,500.0,3.6363636363636362,3,60.76,182.28,1
p0_st5_20_bearish_sr350_lr750_buf0_tg1030,NASDAQ_ORB_15m_p0_short_switch_tp2r_p0_st5_20_bearish_sr350_lr750_buf0_tg1030_2023-11-15,2023-11-15,1,SHORT,15,09:45,2.0,2023-11-15 14:47:00+00:00,2023-11-15 14:48:00+00:00,2023-11-15 18:13:00+00:00,17,TP_2R,15974.0,15934.0,40.0,15933.25,15852.0,15974.0,40.75,81.5,350.0,4.294478527607362,4,161.26,645.04,1
p0_st5_20_bearish_sr350_lr750_buf0_tg1030,NASDAQ_ORB_15m_p0_short_switch_tp2r_p0_st5_20_bearish_sr350_lr750_buf0_tg1030_2023-11-16,2023-11-16,1,LONG,15,09:45,2.0,2023-11-16 14:46:00+00:00,2023-11-16 14:47:00+00:00,2023-11-16 20:00:00+00:00,16,TIME_EXIT,15855.25,15825.0,30.25,15857.5,15878.5,15825.0,32.5,65.0,500.0,7.6923076923076925,7,40.76,285.32,1
p0_st5_20_bearish_sr350_lr750_buf0_tg1030,NASDAQ_ORB_15m_p0_short_switch_tp2r_p0_st5_20_bearish_sr350_lr750_buf0_tg1030_2023-11-17,2023-11-17,1,LONG,15,09:45,2.0,2023-11-17 14:53:00+00:00,2023-11-17 14:54:00+00:00,2023-11-17 20:00:00+00:00,23,TIME_EXIT,15873.25,15831.5,41.75,15874.25,15910.25,15831.5,42.75,85.5,500.0,5.847953216374269,5,70.76,353.8,1
p0_st5_20_bearish_sr350_lr750_buf0_tg1030,NASDAQ_ORB_15m_p0_short_switch_tp2r_p0_st5_20_bearish_sr350_lr750_buf0_tg1030_2023-11-20,2023-11-20,1,LONG,15,09:45,2.0,2023-11-20 14:52:00+00:00,2023-11-20 14:53:00+00:00,2023-11-20 20:00:00+00:00,22,TIME_EXIT,15983.0,15894.75,88.25,15987.0,16094.25,15894.75,92.25,184.5,500.0,2.710027100271003,2,213.26,426.52,1
p0_st5_20_bearish_sr350_lr750_buf0_tg1030,NASDAQ_ORB_15m_p0_short_switch_tp2r_p0_st5_20_bearish_sr350_lr750_buf0_tg1030_2023-11-21,2023-11-21,1,SHORT,15,09:45,2.0,2023-11-21 15:18:00+00:00,2023-11-21 15:19:00+00:00,2023-11-21 20:00:00+00:00,48,TIME_EXIT,16021.25,15980.5,40.75,15977.5,15986.0,16021.25,43.75,87.5,350.0,4.0,4,-18.24,-72.96,0
p0_st5_20_bearish_sr350_lr750_buf0_tg1030,NASDAQ_ORB_15m_p0_short_switch_tp2r_p0_st5_20_bearish_sr350_lr750_buf0_tg1030_2023-11-22,2023-11-22,1,SHORT,15,09:45,2.0,2023-11-22 14:55:00+00:00,2023-11-22 14:56:00+00:00,2023-11-22 20:00:00+00:00,25,TIME_EXIT,16173.25,16069.5,103.75,16058.75,16055.75,16173.25,114.5,229.0,350.0,1.5283842794759825,1,4.76,4.76,1
p0_st5_20_bearish_sr350_lr750_buf0_tg1030,NASDAQ_ORB_15m_p0_short_switch_tp2r_p0_st5_20_bearish_sr350_lr750_buf0_tg1030_2023-11-23,2023-11-23,1,SHORT,15,09:45,2.0,2023-11-23 15:05:00+00:00,2023-11-23 15:06:00+00:00,2023-11-23 15:57:00+00:00,35,SWITCH_TO_LONG,16069.5,16055.0,14.5,16053.75,16071.5,16069.5,15.75,31.5,350.0,11.11111111111111,11,-36.74,-404.14000000000004,0
p0_st5_20_bearish_sr350_lr750_buf0_tg1030,NASDAQ_ORB_15m_p0_short_switch_tp2r_p0_st5_20_bearish_sr350_lr750_buf0_tg1030_2023-11-23,2023-11-23,2,LONG,15,09:45,2.0,2023-11-23 15:56:00+00:00,2023-11-23 15:57:00+00:00,2023-11-23 23:02:00+00:00,86,TIME_EXIT,16069.5,16055.0,14.5,16071.5,16067.0,16055.0,16.5,33.0,750.0,22.727272727272727,20,-10.24,-204.8,0
p0_st5_20_bearish_sr350_lr750_buf0_tg1030,NASDAQ_ORB_15m_p0_short_switch_tp2r_p0_st5_20_bearish_sr350_lr750_buf0_tg1030_2023-11-27,2023-11-27,1,LONG,15,09:45,2.0,2023-11-27 15:10:00+00:00,2023-11-27 15:11:00+00:00,2023-11-27 20:00:00+00:00,40,TIME_EXIT,16037.25,15970.25,67.0,16044.25,16025.0,15970.25,74.0,148.0,500.0,3.3783783783783785,3,-39.74,-119.22,0
p0_st5_20_bearish_sr350_lr750_buf0_tg1030,NASDAQ_ORB_15m_p0_short_switch_tp2r_p0_st5_20_bearish_sr350_lr750_buf0_tg1030_2023-11-28,2023-11-28,1,LONG,15,09:45,2.0,2023-11-28 15:40:00+00:00,2023-11-28 15:41:00+00:00,2023-11-28 20:00:00+00:00,70,TIME_EXIT,16007.25,15963.25,44.0,16010.75,16021.0,15963.25,47.5,95.0,500.0,5.2631578947368425,5,19.26,96.30000000000001,1
p0_st5_20_bearish_sr350_lr750_buf0_tg1030,NASDAQ_ORB_15m_p0_short_switch_tp2r_p0_st5_20_bearish_sr350_lr750_buf0_tg1030_2023-11-29,2023-11-29,1,SHORT,15,09:45,2.0,2023-11-29 15:10:00+00:00,2023-11-29 15:11:00+00:00,2023-11-29 20:00:00+00:00,40,TIME_EXIT,16207.75,16146.5,61.25,16123.5,16064.5,16207.75,84.25,168.5,350.0,2.077151335311573,2,116.76,233.52,1
p0_st5_20_bearish_sr350_lr750_buf0_tg1030,NASDAQ_ORB_15m_p0_short_switch_tp2r_p0_st5_20_bearish_sr350_lr750_buf0_tg1030_2023-11-30,2023-11-30,1,SHORT,15,09:45,2.0,2023-11-30 14:46:00+00:00,2023-11-30 14:47:00+00:00,2023-11-30 20:00:00+00:00,16,TIME_EXIT,16051.5,15961.0,90.5,15960.0,15925.0,16051.5,91.5,183.0,350.0,1.9125683060109289,1,68.76,68.76,1
p0_st5_20_bearish_sr350_lr750_buf0_tg1030,NASDAQ_ORB_15m_p0_short_switch_tp2r_p0_st5_20_bearish_sr350_lr750_buf0_tg1030_2023-12-01,2023-12-01,1,LONG,15,09:45,2.0,2023-12-01 14:46:00+00:00,2023-12-01 14:47:00+00:00,2023-12-01 20:00:00+00:00,16,TIME_EXIT,15936.75,15875.5,61.25,15938.75,16031.25,15875.5,63.25,126.5,500.0,3.952569169960474,3,183.76,551.28,1
p0_st5_20_bearish_sr350_lr750_buf0_tg1030,NASDAQ_ORB_15m_p0_short_switch_tp2r_p0_st5_20_bearish_sr350_lr750_buf0_tg1030_2023-12-04,2023-12-04,1,SHORT,15,09:45,2.0,2023-12-04 14:51:00+00:00,2023-12-04 14:52:00+00:00,2023-12-04 15:54:00+00:00,21,TP_2R,15876.25,15831.75,44.5,15827.0,15728.75,15876.25,49.25,98.5,350.0,3.553299492385787,3,195.26,585.78,1
p0_st5_20_bearish_sr350_lr750_buf0_tg1030,NASDAQ_ORB_15m_p0_short_switch_tp2r_p0_st5_20_bearish_sr350_lr750_buf0_tg1030_2023-12-05,2023-12-05,1,LONG,15,09:45,2.0,2023-12-05 14:54:00+00:00,2023-12-05 14:55:00+00:00,2023-12-05 20:00:00+00:00,24,TIME_EXIT,15848.25,15783.25,65.0,15858.75,15898.0,15783.25,75.5,151.0,500.0,3.3112582781456954,3,77.26,231.78000000000003,1
p0_st5_20_bearish_sr350_lr750_buf0_tg1030,NASDAQ_ORB_15m_p0_short_switch_tp2r_p0_st5_20_bearish_sr350_lr750_buf0_tg1030_2023-12-06,2023-12-06,1,SHORT,15,09:45,2.0,2023-12-06 15:01:00+00:00,2023-12-06 15:02:00+00:00,2023-12-06 20:00:00+00:00,31,TIME_EXIT,16039.0,15936.5,102.5,15932.75,15867.5,16039.0,106.25,212.5,350.0,1.6470588235294117,1,129.26,129.26,1
p0_st5_20_bearish_sr350_lr750_buf0_tg1030,NASDAQ_ORB_15m_p0_short_switch_tp2r_p0_st5_20_bearish_sr350_lr750_buf0_tg1030_2023-12-07,2023-12-07,1,LONG,15,09:45,2.0,2023-12-07 15:22:00+00:00,2023-12-07 15:23:00+00:00,2023-12-07 20:00:00+00:00,52,TIME_EXIT,15982.0,15907.0,75.0,15991.0,16023.0,15907.0,84.0,168.0,500.0,2.9761904761904763,2,62.76,125.52,1
p0_st5_20_bearish_sr350_lr750_buf0_tg1030,NASDAQ_ORB_15m_p0_short_switch_tp2r_p0_st5_20_bearish_sr350_lr750_buf0_tg1030_2023-12-08,2023-12-08,1,LONG,15,09:45,2.0,2023-12-08 15:01:00+00:00,2023-12-08 15:02:00+00:00,2023-12-08 20:00:00+00:00,31,TIME_EXIT,16024.0,15946.75,77.25,16032.0,16113.5,15946.75,85.25,170.5,500.0,2.932551319648094,2,161.76,323.52,1
p0_st5_20_bearish_sr350_lr750_buf0_tg1030,NASDAQ_ORB_15m_p0_short_switch_tp2r_p0_st5_20_bearish_sr350_lr750_buf0_tg1030_2023-12-12,2023-12-12,1,LONG,15,09:45,2.0,2023-12-12 14:57:00+00:00,2023-12-12 14:58:00+00:00,2023-12-12 20:00:00+00:00,27,TIME_EXIT,16449.0,16396.5,52.5,16453.25,16547.5,16396.5,56.75,113.5,500.0,4.405286343612334,4,187.26,749.04,1
p0_st5_20_bearish_sr350_lr750_buf0_tg1030,NASDAQ_ORB_15m_p0_short_switch_tp2r_p0_st5_20_bearish_sr350_lr750_buf0_tg1030_2023-12-13,2023-12-13,1,LONG,15,09:45,2.0,2023-12-13 19:03:00+00:00,2023-12-13 19:04:00+00:00,2023-12-13 19:43:00+00:00,273,TP_2R,16657.25,16606.0,51.25,16658.5,16763.25,16606.0,52.5,105.0,500.0,4.761904761904762,4,208.26,833.04,1
p0_st5_20_bearish_sr350_lr750_buf0_tg1030,NASDAQ_ORB_15m_p0_short_switch_tp2r_p0_st5_20_bearish_sr350_lr750_buf0_tg1030_2023-12-14,2023-12-14,1,LONG,15,09:45,2.0,2023-12-14 14:47:00+00:00,2023-12-14 14:48:00+00:00,2023-12-14 20:00:00+00:00,17,TIME_EXIT,16863.25,16811.5,51.75,16863.75,16737.75,16811.5,52.25,104.5,500.0,4.784688995215311,4,-253.24,-1012.96,0
p0_st5_20_bearish_sr350_lr750_buf0_tg1030,NASDAQ_ORB_15m_p0_short_switch_tp2r_p0_st5_20_bearish_sr350_lr750_buf0_tg1030_2023-12-15,2023-12-15,1,LONG,15,09:45,2.0,2023-12-15 15:16:00+00:00,2023-12-15 15:17:00+00:00,2023-12-15 20:00:00+00:00,46,TIME_EXIT,16844.25,16780.25,64.0,16846.75,16813.75,16780.25,66.5,133.0,500.0,3.7593984962406015,3,-67.24,-201.71999999999997,0
p0_st5_20_bearish_sr350_lr750_buf0_tg1030,NASDAQ_ORB_15m_p0_short_switch_tp2r_p0_st5_20_bearish_sr350_lr750_buf0_tg1030_2023-12-18,2023-12-18,1,LONG,15,09:45,2.0,2023-12-18 14:58:00+00:00,2023-12-18 14:59:00+00:00,2023-12-18 20:00:00+00:00,28,TIME_EXIT,16878.25,16832.0,46.25,16879.75,16960.75,16832.0,47.75,95.5,500.0,5.2356020942408374,5,160.76,803.8,1
p0_st5_20_bearish_sr350_lr750_buf0_tg1030,NASDAQ_ORB_15m_p0_short_switch_tp2r_p0_st5_20_bearish_sr350_lr750_buf0_tg1030_2023-12-19,2023-12-19,1,LONG,15,09:45,2.0,2023-12-19 15:33:00+00:00,2023-12-19 15:34:00+00:00,2023-12-19 20:00:00+00:00,63,TIME_EXIT,16995.25,16944.5,50.75,16997.0,16999.5,16944.5,52.5,105.0,500.0,4.761904761904762,4,3.76,15.04,1
p0_st5_20_bearish_sr350_lr750_buf0_tg1030,NASDAQ_ORB_15m_p0_short_switch_tp2r_p0_st5_20_bearish_sr350_lr750_buf0_tg1030_2023-12-20,2023-12-20,1,LONG,15,09:45,2.0,2023-12-20 14:56:00+00:00,2023-12-20 14:57:00+00:00,2023-12-20 20:00:00+00:00,26,TIME_EXIT,17020.5,16970.75,49.75,17021.5,16841.5,16970.75,50.75,101.5,500.0,4.926108374384237,4,-361.24,-1444.96,0
p0_st5_20_bearish_sr350_lr750_buf0_tg1030,NASDAQ_ORB_15m_p0_short_switch_tp2r_p0_st5_20_bearish_sr350_lr750_buf0_tg1030_2023-12-21,2023-12-21,1,SHORT,15,09:45,2.0,2023-12-21 15:00:00+00:00,2023-12-21 15:01:00+00:00,2023-12-21 20:00:00+00:00,30,TIME_EXIT,16958.75,16900.75,58.0,16893.0,16885.25,16958.75,65.75,131.5,350.0,2.661596958174905,2,14.26,28.52,1
p0_st5_20_bearish_sr350_lr750_buf0_tg1030,NASDAQ_ORB_15m_p0_short_switch_tp2r_p0_st5_20_bearish_sr350_lr750_buf0_tg1030_2023-12-22,2023-12-22,1,LONG,15,09:45,2.0,2023-12-22 14:51:00+00:00,2023-12-22 14:52:00+00:00,2023-12-22 20:00:00+00:00,21,TIME_EXIT,17035.0,16989.25,45.75,17040.5,16986.75,16989.25,51.25,102.5,500.0,4.878048780487805,4,-108.74,-434.96,0
p0_st5_20_bearish_sr350_lr750_buf0_tg1030,NASDAQ_ORB_15m_p0_short_switch_tp2r_p0_st5_20_bearish_sr350_lr750_buf0_tg1030_2023-12-26,2023-12-26,1,LONG,15,09:45,2.0,2023-12-26 15:27:00+00:00,2023-12-26 15:28:00+00:00,2023-12-26 20:00:00+00:00,57,TIME_EXIT,17052.0,17005.25,46.75,17053.25,17072.75,17005.25,48.0,96.0,500.0,5.208333333333333,5,37.76,188.79999999999998,1
p0_st5_20_bearish_sr350_lr750_buf0_tg1030,NASDAQ_ORB_15m_p0_short_switch_tp2r_p0_st5_20_bearish_sr350_lr750_buf0_tg1030_2023-12-27,2023-12-27,1,LONG,15,09:45,2.0,2023-12-27 15:01:00+00:00,2023-12-27 15:02:00+00:00,2023-12-27 20:00:00+00:00,31,TIME_EXIT,17121.75,17091.75,30.0,17122.75,17079.0,17091.75,31.0,62.0,500.0,8.064516129032258,8,-88.74,-709.92,0
p0_st5_20_bearish_sr350_lr750_buf0_tg1030,NASDAQ_ORB_15m_p0_short_switch_tp2r_p0_st5_20_bearish_sr350_lr750_buf0_tg1030_2023-12-28,2023-12-28,1,SHORT,15,09:45,2.0,2023-12-28 14:52:00+00:00,2023-12-28 14:53:00+00:00,2023-12-28 20:00:00+00:00,22,TIME_EXIT,17159.0,17116.75,42.25,17116.5,17115.5,17159.0,42.5,85.0,350.0,4.117647058823529,4,0.76,3.04,1
p0_st5_20_bearish_sr350_lr750_buf0_tg1030,NASDAQ_ORB_15m_p0_short_switch_tp2r_p0_st5_20_bearish_sr350_lr750_buf0_tg1030_2023-12-29,2023-12-29,1,LONG,15,09:45,2.0,2023-12-29 14:51:00+00:00,2023-12-29 14:52:00+00:00,2023-12-29 20:00:00+00:00,21,TIME_EXIT,17100.0,17072.0,28.0,17104.5,17041.5,17072.0,32.5,65.0,500.0,7.6923076923076925,7,-127.24,-890.68,0
p0_st5_20_bearish_sr350_lr750_buf0_tg1030,NASDAQ_ORB_15m_p0_short_switch_tp2r_p0_st5_20_bearish_sr350_lr750_buf0_tg1030_2024-01-02,2024-01-02,1,SHORT,15,09:45,2.0,2024-01-02 14:46:00+00:00,2024-01-02 14:47:00+00:00,2024-01-02 20:00:00+00:00,16,TIME_EXIT,16873.5,16768.0,105.5,16766.75,16655.25,16873.5,106.75,213.5,350.0,1.639344262295082,1,221.76,221.76,1
p0_st5_20_bearish_sr350_lr750_buf0_tg1030,NASDAQ_ORB_15m_p0_short_switch_tp2r_p0_st5_20_bearish_sr350_lr750_buf0_tg1030_2024-01-03,2024-01-03,1,SHORT,15,09:45,2.0,2024-01-03 15:13:00+00:00,2024-01-03 15:14:00+00:00,2024-01-03 20:00:00+00:00,43,TIME_EXIT,16642.0,16581.5,60.5,16573.0,16590.75,16642.0,69.0,138.0,350.0,2.536231884057971,2,-36.74,-73.48,0
p0_st5_20_bearish_sr350_lr750_buf0_tg1030,NASDAQ_ORB_15m_p0_short_switch_tp2r_p0_st5_20_bearish_sr350_lr750_buf0_tg1030_2024-01-04,2024-01-04,1,LONG,15,09:45,2.0,2024-01-04 15:09:00+00:00,2024-01-04 15:10:00+00:00,2024-01-04 20:00:00+00:00,39,TIME_EXIT,16500.0,16443.0,57.0,16507.0,16486.5,16443.0,64.0,128.0,500.0,3.90625,3,-42.24,-126.72,0
p0_st5_20_bearish_sr350_lr750_buf0_tg1030,NASDAQ_ORB_15m_p0_short_switch_tp2r_p0_st5_20_bearish_sr350_lr750_buf0_tg1030_2024-01-05,2024-01-05,1,LONG,15,09:45,2.0,2024-01-05 15:01:00+00:00,2024-01-05 15:02:00+00:00,2024-01-05 20:00:00+00:00,31,TIME_EXIT,16494.25,16437.25,57.0,16498.5,16424.5,16437.25,61.25,122.5,500.0,4.081632653061225,4,-149.24,-596.96,0
p0_st5_20_bearish_sr350_lr750_buf0_tg1030,NASDAQ_ORB_15m_p0_short_switch_tp2r_p0_st5_20_bearish_sr350_lr750_buf0_tg1030_2024-01-08,2024-01-08,1,LONG,15,09:45,2.0,2024-01-08 14:46:00+00:00,2024-01-08 14:47:00+00:00,2024-01-08 19:11:00+00:00,16,TP_2R,16578.25,16505.25,73.0,16586.75,16749.5,16505.25,81.5,163.0,500.0,3.067484662576687,3,324.26,972.78,1
p0_st5_20_bearish_sr350_lr750_buf0_tg1030,NASDAQ_ORB_15m_p0_short_switch_tp2r_p0_st5_20_bearish_sr350_lr750_buf0_tg1030_2024-01-09,2024-01-09,1,LONG,15,09:45,2.0,2024-01-09 15:10:00+00:00,2024-01-09 15:11:00+00:00,2024-01-09 17:54:00+00:00,40,TP_2R,16714.5,16660.75,53.75,16720.75,16840.5,16660.75,60.0,120.0,500.0,4.166666666666667,4,238.26,953.04,1
p0_st5_20_bearish_sr350_lr750_buf0_tg1030,NASDAQ_ORB_15m_p0_short_switch_tp2r_p0_st5_20_bearish_sr350_lr750_buf0_tg1030_2024-01-10,2024-01-10,1,SHORT,15,09:45,2.0,2024-01-10 15:05:00+00:00,2024-01-10 15:06:00+00:00,2024-01-10 15:44:00+00:00,35,SWITCH_TO_LONG,16874.0,16839.5,34.5,16814.5,16877.0,16874.0,59.5,119.0,350.0,2.9411764705882355,2,-126.24,-252.48,0
p0_st5_20_bearish_sr350_lr750_buf0_tg1030,NASDAQ_ORB_15m_p0_short_switch_tp2r_p0_st5_20_bearish_sr350_lr750_buf0_tg1030_2024-01-10,2024-01-10,2,LONG,15,09:45,2.0,2024-01-10 15:43:00+00:00,2024-01-10 15:44:00+00:00,2024-01-10 19:14:00+00:00,73,TP_2R,16874.0,16839.5,34.5,16877.0,16951.75,16839.5,37.5,75.0,750.0,10.0,10,148.26,1482.6,1
p0_st5_20_bearish_sr350_lr750_buf0_tg1030,NASDAQ_ORB_15m_p0_short_switch_tp2r_p0_st5_20_bearish_sr350_lr750_buf0_tg1030_2024-01-11,2024-01-11,1,SHORT,15,09:45,2.0,2024-01-11 15:05:00+00:00,2024-01-11 15:06:00+00:00,2024-01-11 20:00:00+00:00,35,TIME_EXIT,17043.0,16974.75,68.25,16890.25,16975.0,17043.0,152.75,305.5,350.0,1.1456628477905073,1,-170.74,-170.74,0
p0_st5_20_bearish_sr350_lr750_buf0_tg1030,NASDAQ_ORB_15m_p0_short_switch_tp2r_p0_st5_20_bearish_sr350_lr750_buf0_tg1030_2024-01-12,2024-01-12,1,LONG,15,09:45,2.0,2024-01-12 14:46:00+00:00,2024-01-12 14:47:00+00:00,2024-01-12 20:00:00+00:00,16,TIME_EXIT,17039.0,16974.0,65.0,17040.25,16950.75,16974.0,66.25,132.5,500.0,3.7735849056603774,3,-180.24,-540.72,0
p0_st5_20_bearish_sr350_lr750_buf0_tg1030,NASDAQ_ORB_15m_p0_short_switch_tp2r_p0_st5_20_bearish_sr350_lr750_buf0_tg1030_2024-01-15,2024-01-15,1,SHORT,15,09:45,2.0,2024-01-15 14:47:00+00:00,2024-01-15 14:48:00+00:00,2024-01-15 15:50:00+00:00,17,SWITCH_TO_LONG,16967.5,16952.0,15.5,16950.5,16967.75,16967.5,17.0,34.0,350.0,10.294117647058824,10,-35.74,-357.40000000000003,0
p0_st5_20_bearish_sr350_lr750_buf0_tg1030,NASDAQ_ORB_15m_p0_short_switch_tp2r_p0_st5_20_bearish_sr350_lr750_buf0_tg1030_2024-01-15,2024-01-15,2,LONG,15,09:45,2.0,2024-01-15 15:49:00+00:00,2024-01-15 15:50:00+00:00,2024-01-15 23:02:00+00:00,79,TIME_EXIT,16967.5,16952.0,15.5,16967.75,16962.5,16952.0,15.75,31.5,750.0,23.80952380952381,20,-11.74,-234.8,0
p0_st5_20_bearish_sr350_lr750_buf0_tg1030,NASDAQ_ORB_15m_p0_short_switch_tp2r_p0_st5_20_bearish_sr350_lr750_buf0_tg1030_2024-01-16,2024-01-16,1,LONG,15,09:45,2.0,2024-01-16 15:17:00+00:00,2024-01-16 15:18:00+00:00,2024-01-16 20:00:00+00:00,47,TIME_EXIT,16946.0,16870.25,75.75,16947.0,16927.0,16870.25,76.75,153.5,500.0,3.257328990228013,3,-41.24,-123.72,0
p0_st5_20_bearish_sr350_lr750_buf0_tg1030,NASDAQ_ORB_15m_p0_short_switch_tp2r_p0_st5_20_bearish_sr350_lr750_buf0_tg1030_2024-01-17,2024-01-17,1,SHORT,15,09:45,2.0,2024-01-17 14:47:00+00:00,2024-01-17 14:48:00+00:00,2024-01-17 20:00:00+00:00,17,TIME_EXIT,16842.75,16733.0,109.75,16730.25,16828.5,16842.75,112.5,225.0,350.0,1.5555555555555556,1,-197.74,-197.74,0
p0_st5_20_bearish_sr350_lr750_buf0_tg1030,NASDAQ_ORB_15m_p0_short_switch_tp2r_p0_st5_20_bearish_sr350_lr750_buf0_tg1030_2024-01-18,2024-01-18,1,LONG,15,09:45,2.0,2024-01-18 15:38:00+00:00,2024-01-18 15:39:00+00:00,2024-01-18 20:00:00+00:00,68,TIME_EXIT,17054.75,16995.5,59.25,17060.75,17100.25,16995.5,65.25,130.5,500.0,3.8314176245210727,3,77.76,233.28000000000003,1
p0_st5_20_bearish_sr350_lr750_buf0_tg1030,NASDAQ_ORB_15m_p0_short_switch_tp2r_p0_st5_20_bearish_sr350_lr750_buf0_tg1030_2024-01-19,2024-01-19,1,LONG,15,09:45,2.0,2024-01-19 14:55:00+00:00,2024-01-19 14:56:00+00:00,2024-01-19 17:32:00+00:00,25,TP_2R,17208.5,17166.25,42.25,17210.25,17298.0,17166.25,44.0,88.0,500.0,5.681818181818182,5,174.26,871.3,1
p0_st5_20_bearish_sr350_lr750_buf0_tg1030,NASDAQ_ORB_15m_p0_short_switch_tp2r_p0_st5_20_bearish_sr350_lr750_buf0_tg1030_2024-01-22,2024-01-22,1,SHORT,15,09:45,2.0,2024-01-22 15:29:00+00:00,2024-01-22 15:30:00+00:00,2024-01-22 20:00:00+00:00,59,TIME_EXIT,17584.75,17491.75,93.0,17491.0,17469.5,17584.75,93.75,187.5,350.0,1.8666666666666667,1,41.76,41.76,1
p0_st5_20_bearish_sr350_lr750_buf0_tg1030,NASDAQ_ORB_15m_p0_short_switch_tp2r_p0_st5_20_bearish_sr350_lr750_buf0_tg1030_2024-01-23,2024-01-23,1,LONG,15,09:45,2.0,2024-01-23 18:00:00+00:00,2024-01-23 18:01:00+00:00,2024-01-23 20:00:00+00:00,210,TIME_EXIT,17488.25,17409.25,79.0,17490.0,17493.75,17409.25,80.75,161.5,500.0,3.0959752321981426,3,6.26,18.78,1
p0_st5_20_bearish_sr350_lr750_buf0_tg1030,NASDAQ_ORB_15m_p0_short_switch_tp2r_p0_st5_20_bearish_sr350_lr750_buf0_tg1030_2024-01-24,2024-01-24,1,LONG,15,09:45,2.0,2024-01-24 15:16:00+00:00,2024-01-24 15:17:00+00:00,2024-01-24 20:00:00+00:00,46,TIME_EXIT,17695.5,17637.25,58.25,17703.25,17663.75,17637.25,66.0,132.0,500.0,3.787878787878788,3,-80.24,-240.71999999999997,0
p0_st5_20_bearish_sr350_lr750_buf0_tg1030,NASDAQ_ORB_15m_p0_short_switch_tp2r_p0_st5_20_bearish_sr350_lr750_buf0_tg1030_2024-01-25,2024-01-25,1,LONG,15,09:45,2.0,2024-01-25 15:29:00+00:00,2024-01-25 15:30:00+00:00,2024-01-25 20:00:00+00:00,59,TIME_EXIT,17728.0,17674.75,53.25,17729.25,17608.75,17674.75,54.5,109.0,500.0,4.587155963302752,4,-242.24,-968.96,0
p0_st5_20_bearish_sr350_lr750_buf0_tg1030,NASDAQ_ORB_15m_p0_short_switch_tp2r_p0_st5_20_bearish_sr350_lr750_buf0_tg1030_2024-01-26,2024-01-26,1,SHORT,15,09:45,2.0,2024-01-26 14:53:00+00:00,2024-01-26 14:54:00+00:00,2024-01-26 15:30:00+00:00,23,SWITCH_TO_LONG,17571.5,17528.0,43.5,17523.75,17578.5,17571.5,47.75,95.5,350.0,3.6649214659685865,3,-110.74,-332.21999999999997,0
p0_st5_20_bearish_sr350_lr750_buf0_tg1030,NASDAQ_ORB_15m_p0_short_switch_tp2r_p0_st5_20_bearish_sr350_lr750_buf0_tg1030_2024-01-26,2024-01-26,2,LONG,15,09:45,2.0,2024-01-26 15:29:00+00:00,2024-01-26 15:30:00+00:00,2024-01-26 20:00:00+00:00,59,TIME_EXIT,17571.5,17528.0,43.5,17578.5,17562.25,17528.0,50.5,101.0,750.0,7.425742574257426,7,-33.74,-236.18,0
p0_st5_20_bearish_sr350_lr750_buf0_tg1030,NASDAQ_ORB_15m_p0_short_switch_tp2r_p0_st5_20_bearish_sr350_lr750_buf0_tg1030_2024-01-29,2024-01-29,1,LONG,15,09:45,2.0,2024-01-29 17:13:00+00:00,2024-01-29 17:14:00+00:00,2024-01-29 20:00:00+00:00,163,TIME_EXIT,17584.75,17529.75,55.0,17587.75,17625.5,17529.75,58.0,116.0,500.0,4.310344827586207,4,74.26,297.04,1
p0_st5_20_bearish_sr350_lr750_buf0_tg1030,NASDAQ_ORB_15m_p0_short_switch_tp2r_p0_st5_20_bearish_sr350_lr750_buf0_tg1030_2024-01-30,2024-01-30,1,SHORT,15,09:45,2.0,2024-01-30 15:01:00+00:00,2024-01-30 15:02:00+00:00,2024-01-30 17:34:00+00:00,31,TP_2R,17685.0,17654.0,31.0,17644.75,17564.5,17685.0,40.25,80.5,350.0,4.3478260869565215,4,159.26,637.04,1
p0_st5_20_bearish_sr350_lr750_buf0_tg1030,NASDAQ_ORB_15m_p0_short_switch_tp2r_p0_st5_20_bearish_sr350_lr750_buf0_tg1030_2024-01-31,2024-01-31,1,SHORT,15,09:45,2.0,2024-01-31 14:48:00+00:00,2024-01-31 14:49:00+00:00,2024-01-31 19:42:00+00:00,18,SWITCH_TO_LONG,17426.25,17355.0,71.25,17353.75,17430.25,17426.25,72.5,145.0,350.0,2.413793103448276,2,-154.24,-308.48,0
p0_st5_20_bearish_sr350_lr750_buf0_tg1030,NASDAQ_ORB_15m_p0_short_switch_tp2r_p0_st5_20_bearish_sr350_lr750_buf0_tg1030_2024-01-31,2024-01-31,2,LONG,15,09:45,2.0,2024-01-31 19:41:00+00:00,2024-01-31 19:42:00+00:00,2024-01-31 20:00:00+00:00,311,TIME_EXIT,17426.25,17355.0,71.25,17430.25,17378.75,17355.0,75.25,150.5,750.0,4.983388704318937,4,-104.24,-416.96,0
p0_st5_20_bearish_sr350_lr750_buf0_tg1030,NASDAQ_ORB_15m_p0_short_switch_tp2r_p0_st5_20_bearish_sr350_lr750_buf0_tg1030_2024-02-01,2024-02-01,1,SHORT,15,09:45,2.0,2024-02-01 14:59:00+00:00,2024-02-01 15:00:00+00:00,2024-02-01 15:10:00+00:00,29,SWITCH_TO_LONG,17337.5,17294.0,43.5,17291.5,17342.75,17337.5,46.0,92.0,350.0,3.8043478260869565,3,-103.74,-311.21999999999997,0
p0_st5_20_bearish_sr350_lr750_buf0_tg1030,NASDAQ_ORB_15m_p0_short_switch_tp2r_p0_st5_20_bearish_sr350_lr750_buf0_tg1030_2024-02-01,2024-02-01,2,LONG,15,09:45,2.0,2024-02-01 15:09:00+00:00,2024-02-01 15:10:00+00:00,2024-02-01 20:00:00+00:00,39,TIME_EXIT,17337.5,17294.0,43.5,17342.75,17433.0,17294.0,48.75,97.5,750.0,7.6923076923076925,7,179.26,1254.82,1
p0_st5_20_bearish_sr350_lr750_buf0_tg1030,NASDAQ_ORB_15m_p0_short_switch_tp2r_p0_st5_20_bearish_sr350_lr750_buf0_tg1030_2024-02-02,2024-02-02,1,LONG,15,09:45,2.0,2024-02-02 14:46:00+00:00,2024-02-02 14:47:00+00:00,2024-02-02 20:00:00+00:00,16,TIME_EXIT,17578.25,17465.75,112.5,17599.5,17762.5,17465.75,133.75,267.5,500.0,1.8691588785046729,1,324.76,324.76,1
p0_st5_20_bearish_sr350_lr750_buf0_tg1030,NASDAQ_ORB_15m_p0_short_switch_tp2r_p0_st5_20_bearish_sr350_lr750_buf0_tg1030_2024-02-05,2024-02-05,1,SHORT,15,09:45,2.0,2024-02-05 14:51:00+00:00,2024-02-05 14:52:00+00:00,2024-02-05 15:43:00+00:00,21,TP_2R,17737.25,17691.25,46.0,17678.75,17562.0,17737.25,58.5,117.0,350.0,2.9914529914529915,2,232.26,464.52,1
p0_st5_20_bearish_sr350_lr750_buf0_tg1030,NASDAQ_ORB_15m_p0_short_switch_tp2r_p0_st5_20_bearish_sr350_lr750_buf0_tg1030_2024-02-06,2024-02-06,1,SHORT,15,09:45,2.0,2024-02-06 14:50:00+00:00,2024-02-06 14:51:00+00:00,2024-02-06 20:00:00+00:00,20,TIME_EXIT,17767.5,17702.25,65.25,17697.75,17635.75,17767.5,69.75,139.5,350.0,2.5089605734767026,2,122.76,245.52,1
p0_st5_20_bearish_sr350_lr750_buf0_tg1030,NASDAQ_ORB_15m_p0_short_switch_tp2r_p0_st5_20_bearish_sr350_lr750_buf0_tg1030_2024-02-07,2024-02-07,1,SHORT,15,09:45,2.0,2024-02-07 14:46:00+00:00,2024-02-07 14:47:00+00:00,2024-02-07 15:15:00+00:00,16,SWITCH_TO_LONG,17778.0,17722.75,55.25,17721.5,17805.75,17778.0,56.5,113.0,350.0,3.0973451327433628,3,-169.74,-509.22,0
p0_st5_20_bearish_sr350_lr750_buf0_tg1030,NASDAQ_ORB_15m_p0_short_switch_tp2r_p0_st5_20_bearish_sr350_lr750_buf0_tg1030_2024-02-07,2024-02-07,2,LONG,15,09:45,2.0,2024-02-07 15:14:00+00:00,2024-02-07 15:15:00+00:00,2024-02-07 20:00:00+00:00,44,TIME_EXIT,17778.0,17722.75,55.25,17805.75,17854.0,17722.75,83.0,166.0,750.0,4.518072289156627,4,95.26,381.04,1
p0_st5_20_bearish_sr350_lr750_buf0_tg1030,NASDAQ_ORB_15m_p0_short_switch_tp2r_p0_st5_20_bearish_sr350_lr750_buf0_tg1030_2024-02-08,2024-02-08,1,LONG,15,09:45,2.0,2024-02-08 15:02:00+00:00,2024-02-08 15:03:00+00:00,2024-02-08 20:00:00+00:00,32,TIME_EXIT,17852.5,17807.5,45.0,17853.25,17863.0,17807.5,45.75,91.5,500.0,5.46448087431694,5,18.26,91.30000000000001,1
p0_st5_20_bearish_sr350_lr750_buf0_tg1030,NASDAQ_ORB_15m_p0_short_switch_tp2r_p0_st5_20_bearish_sr350_lr750_buf0_tg1030_2024-02-09,2024-02-09,1,LONG,15,09:45,2.0,2024-02-09 14:55:00+00:00,2024-02-09 14:56:00+00:00,2024-02-09 15:36:00+00:00,25,TP_2R,17911.25,17875.25,36.0,17912.25,17986.0,17875.25,37.0,74.0,500.0,6.756756756756757,6,146.26,877.56,1
p0_st5_20_bearish_sr350_lr750_buf0_tg1030,NASDAQ_ORB_15m_p0_short_switch_tp2r_p0_st5_20_bearish_sr350_lr750_buf0_tg1030_2024-02-12,2024-02-12,1,LONG,15,09:45,2.0,2024-02-12 15:41:00+00:00,2024-02-12 15:42:00+00:00,2024-02-12 20:00:00+00:00,71,TIME_EXIT,18051.0,18007.25,43.75,18052.5,17951.25,18007.25,45.25,90.5,500.0,5.524861878453039,5,-203.74,-1018.7,0
p0_st5_20_bearish_sr350_lr750_buf0_tg1030,NASDAQ_ORB_15m_p0_short_switch_tp2r_p0_st5_20_bearish_sr350_lr750_buf0_tg1030_2024-02-13,2024-02-13,1,LONG,15,09:45,2.0,2024-02-13 14:55:00+00:00,2024-02-13 14:56:00+00:00,2024-02-13 20:00:00+00:00,25,TIME_EXIT,17665.5,17586.5,79.0,17678.5,17578.75,17586.5,92.0,184.0,500.0,2.717391304347826,2,-200.74,-401.48,0
p0_st5_20_bearish_sr350_lr750_buf0_tg1030,NASDAQ_ORB_15m_p0_short_switch_tp2r_p0_st5_20_bearish_sr350_lr750_buf0_tg1030_2024-02-14,2024-02-14,1,LONG,15,09:45,2.0,2024-02-14 15:20:00+00:00,2024-02-14 15:21:00+00:00,2024-02-14 20:00:00+00:00,50,TIME_EXIT,17818.75,17743.0,75.75,17826.0,17796.5,17743.0,83.0,166.0,500.0,3.0120481927710845,3,-60.24,-180.72,0
p0_st5_20_bearish_sr350_lr750_buf0_tg1030,NASDAQ_ORB_15m_p0_short_switch_tp2r_p0_st5_20_bearish_sr350_lr750_buf0_tg1030_2024-02-15,2024-02-15,1,SHORT,15,09:45,2.0,2024-02-15 14:55:00+00:00,2024-02-15 14:56:00+00:00,2024-02-15 18:20:00+00:00,25,SWITCH_TO_LONG,17903.0,17838.5,64.5,17825.25,17910.0,17903.0,77.75,155.5,350.0,2.2508038585209005,2,-170.74,-341.48,0
p0_st5_20_bearish_sr350_lr750_buf0_tg1030,NASDAQ_ORB_15m_p0_short_switch_tp2r_p0_st5_20_bearish_sr350_lr750_buf0_tg1030_2024-02-15,2024-02-15,2,LONG,15,09:45,2.0,2024-02-15 18:19:00+00:00,2024-02-15 18:20:00+00:00,2024-02-15 20:00:00+00:00,229,TIME_EXIT,17903.0,17838.5,64.5,17910.0,17906.5,17838.5,71.5,143.0,750.0,5.244755244755245,5,-8.24,-41.2,0
p0_st5_20_bearish_sr350_lr750_buf0_tg1030,NASDAQ_ORB_15m_p0_short_switch_tp2r_p0_st5_20_bearish_sr350_lr750_buf0_tg1030_2024-02-16,2024-02-16,1,SHORT,15,09:45,2.0,2024-02-16 14:49:00+00:00,2024-02-16 14:50:00+00:00,2024-02-16 14:59:00+00:00,19,TP_2R,17930.5,17877.5,53.0,17871.75,17754.5,17930.5,58.75,117.5,350.0,2.978723404255319,2,233.26,466.52,1
p0_st5_20_bearish_sr350_lr750_buf0_tg1030,NASDAQ_ORB_15m_p0_short_switch_tp2r_p0_st5_20_bearish_sr350_lr750_buf0_tg1030_2024-02-20,2024-02-20,1,SHORT,15,09:45,2.0,2024-02-20 14:52:00+00:00,2024-02-20 14:53:00+00:00,2024-02-20 20:00:00+00:00,22,TIME_EXIT,17724.0,17559.5,164.5,17554.5,17570.25,17724.0,169.5,339.0,350.0,1.0324483775811208,1,-32.74,-32.74,0
p0_st5_20_bearish_sr350_lr750_buf0_tg1030,NASDAQ_ORB_15m_p0_short_switch_tp2r_p0_st5_20_bearish_sr350_lr750_buf0_tg1030_2024-02-21,2024-02-21,1,SHORT,15,09:45,2.0,2024-02-21 14:51:00+00:00,2024-02-21 14:52:00+00:00,2024-02-21 15:06:00+00:00,21,SWITCH_TO_LONG,17511.5,17455.5,56.0,17454.5,17522.75,17511.5,57.0,114.0,350.0,3.0701754385964914,3,-137.74,-413.22,0
p0_st5_20_bearish_sr350_lr750_buf0_tg1030,NASDAQ_ORB_15m_p0_short_switch_tp2r_p0_st5_20_bearish_sr350_lr750_buf0_tg1030_2024-02-21,2024-02-21,2,LONG,15,09:45,2.0,2024-02-21 15:05:00+00:00,2024-02-21 15:06:00+00:00,2024-02-21 20:00:00+00:00,35,TIME_EXIT,17511.5,17455.5,56.0,17522.75,17405.5,17455.5,67.25,134.5,750.0,5.5762081784386615,5,-235.74,-1178.7,0
p0_st5_20_bearish_sr350_lr750_buf0_tg1030,NASDAQ_ORB_15m_p0_short_switch_tp2r_p0_st5_20_bearish_sr350_lr750_buf0_tg1030_2024-02-22,2024-02-22,1,LONG,15,09:45,2.0,2024-02-22 14:46:00+00:00,2024-02-22 14:47:00+00:00,2024-02-22 19:15:00+00:00,16,TP_2R,17919.5,17864.0,55.5,17931.5,18066.25,17864.0,67.5,135.0,500.0,3.7037037037037037,3,268.26,804.78,1
p0_st5_20_bearish_sr350_lr750_buf0_tg1030,NASDAQ_ORB_15m_p0_short_switch_tp2r_p0_st5_20_bearish_sr350_lr750_buf0_tg1030_2024-02-23,2024-02-23,1,SHORT,15,09:45,2.0,2024-02-23 15:00:00+00:00,2024-02-23 15:01:00+00:00,2024-02-23 16:14:00+00:00,30,TP_2R,18145.0,18097.0,48.0,18079.75,17949.5,18145.0,65.25,130.5,350.0,2.681992337164751,2,259.26,518.52,1
p0_st5_20_bearish_sr350_lr750_buf0_tg1030,NASDAQ_ORB_15m_p0_short_switch_tp2r_p0_st5_20_bearish_sr350_lr750_buf0_tg1030_2024-02-26,2024-02-26,1,SHORT,15,09:45,2.0,2024-02-26 15:00:00+00:00,2024-02-26 15:01:00+00:00,2024-02-26 16:54:00+00:00,30,SWITCH_TO_LONG,18050.75,17990.75,60.0,17984.5,18053.0,18050.75,66.25,132.5,350.0,2.641509433962264,2,-138.24,-276.48,0
p0_st5_20_bearish_sr350_lr750_buf0_tg1030,NASDAQ_ORB_15m_p0_short_switch_tp2r_p0_st5_20_bearish_sr350_lr750_buf0_tg1030_2024-02-26,2024-02-26,2,LONG,15,09:45,2.0,2024-02-26 16:53:00+00:00,2024-02-26 16:54:00+00:00,2024-02-26 20:00:00+00:00,143,TIME_EXIT,18050.75,17990.75,60.0,18053.0,18015.75,17990.75,62.25,124.5,750.0,6.024096385542169,6,-75.74,-454.43999999999994,0
p0_st5_20_bearish_sr350_lr750_buf0_tg1030,NASDAQ_ORB_15m_p0_short_switch_tp2r_p0_st5_20_bearish_sr350_lr750_buf0_tg1030_2024-02-27,2024-02-27,1,LONG,15,09:45,2.0,2024-02-27 15:20:00+00:00,2024-02-27 15:21:00+00:00,2024-02-27 20:00:00+00:00,50,TIME_EXIT,18026.75,17938.0,88.75,18028.5,18026.5,17938.0,90.5,181.0,500.0,2.7624309392265194,2,-5.24,-10.48,0
p0_st5_20_bearish_sr350_lr750_buf0_tg1030,NASDAQ_ORB_15m_p0_short_switch_tp2r_p0_st5_20_bearish_sr350_lr750_buf0_tg1030_2024-02-28,2024-02-28,1,SHORT,15,09:45,2.0,2024-02-28 14:51:00+00:00,2024-02-28 14:52:00+00:00,2024-02-28 16:03:00+00:00,21,SWITCH_TO_LONG,17946.5,17901.5,45.0,17887.25,17952.5,17946.5,59.25,118.5,350.0,2.9535864978902953,2,-131.74,-263.48,0
p0_st5_20_bearish_sr350_lr750_buf0_tg1030,NASDAQ_ORB_15m_p0_short_switch_tp2r_p0_st5_20_bearish_sr350_lr750_buf0_tg1030_2024-02-28,2024-02-28,2,LONG,15,09:45,2.0,2024-02-28 16:02:00+00:00,2024-02-28 16:03:00+00:00,2024-02-28 20:00:00+00:00,92,TIME_EXIT,17946.5,17901.5,45.0,17952.5,17914.0,17901.5,51.0,102.0,750.0,7.352941176470588,7,-78.24,-547.68,0
p0_st5_20_bearish_sr350_lr750_buf0_tg1030,NASDAQ_ORB_15m_p0_short_switch_tp2r_p0_st5_20_bearish_sr350_lr750_buf0_tg1030_2024-03-01,2024-03-01,1,LONG,15,09:45,2.0,2024-03-01 15:01:00+00:00,2024-03-01 15:02:00+00:00,2024-03-01 17:20:00+00:00,31,TP_2R,18144.5,18093.5,51.0,18148.0,18256.75,18093.5,54.5,109.0,500.0,4.587155963302752,4,216.26,865.04,1
p0_st5_20_bearish_sr350_lr750_buf0_tg1030,NASDAQ_ORB_15m_p0_short_switch_tp2r_p0_st5_20_bearish_sr350_lr750_buf0_tg1030_2024-03-04,2024-03-04,1,SHORT,15,09:45,2.0,2024-03-04 15:06:00+00:00,2024-03-04 15:07:00+00:00,2024-03-04 19:41:00+00:00,36,SWITCH_TO_LONG,18335.0,18287.75,47.25,18285.0,18342.0,18335.0,50.0,100.0,350.0,3.5,3,-115.24,-345.71999999999997,0
p0_st5_20_bearish_sr350_lr750_buf0_tg1030,NASDAQ_ORB_15m_p0_short_switch_tp2r_p0_st5_20_bearish_sr350_lr750_buf0_tg1030_2024-03-04,2024-03-04,2,LONG,15,09:45,2.0,2024-03-04 19:40:00+00:00,2024-03-04 19:41:00+00:00,2024-03-04 20:00:00+00:00,310,TIME_EXIT,18335.0,18287.75,47.25,18342.0,18331.0,18287.75,54.25,108.5,750.0,6.912442396313364,6,-23.24,-139.44,0
p0_st5_20_bearish_sr350_lr750_buf0_tg1030,NASDAQ_ORB_15m_p0_short_switch_tp2r_p0_st5_20_bearish_sr350_lr750_buf0_tg1030_2024-03-05,2024-03-05,1,SHORT,15,09:45,2.0,2024-03-05 14:47:00+00:00,2024-03-05 14:48:00+00:00,2024-03-05 19:39:00+00:00,17,TP_2R,18135.0,18054.0,81.0,18045.25,17866.0,18135.0,89.75,179.5,350.0,1.9498607242339834,1,357.26,357.26,1
p0_st5_20_bearish_sr350_lr750_buf0_tg1030,NASDAQ_ORB_15m_p0_short_switch_tp2r_p0_st5_20_bearish_sr350_lr750_buf0_tg1030_2024-03-06,2024-03-06,1,SHORT,15,09:45,2.0,2024-03-06 15:00:00+00:00,2024-03-06 15:01:00+00:00,2024-03-06 16:58:00+00:00,30,SWITCH_TO_LONG,18126.25,18069.5,56.75,18047.0,18127.75,18126.25,79.25,158.5,350.0,2.2082018927444795,2,-162.74,-325.48,0
p0_st5_20_bearish_sr350_lr750_buf0_tg1030,NASDAQ_ORB_15m_p0_short_switch_tp2r_p0_st5_20_bearish_sr350_lr750_buf0_tg1030_2024-03-06,2024-03-06,2,LONG,15,09:45,2.0,2024-03-06 16:57:00+00:00,2024-03-06 16:58:00+00:00,2024-03-06 20:00:00+00:00,147,TIME_EXIT,18126.25,18069.5,56.75,18127.75,18027.75,18069.5,58.25,116.5,750.0,6.437768240343348,6,-201.24,-1207.44,0
p0_st5_20_bearish_sr350_lr750_buf0_tg1030,NASDAQ_ORB_15m_p0_short_switch_tp2r_p0_st5_20_bearish_sr350_lr750_buf0_tg1030_2024-03-07,2024-03-07,1,LONG,15,09:45,2.0,2024-03-07 15:16:00+00:00,2024-03-07 15:17:00+00:00,2024-03-07 20:00:00+00:00,46,TIME_EXIT,18225.25,18162.0,63.25,18229.0,18326.5,18162.0,67.0,134.0,500.0,3.7313432835820897,3,193.76,581.28,1
p0_st5_20_bearish_sr350_lr750_buf0_tg1030,NASDAQ_ORB_15m_p0_short_switch_tp2r_p0_st5_20_bearish_sr350_lr750_buf0_tg1030_2024-03-08,2024-03-08,1,LONG,15,09:45,2.0,2024-03-08 14:49:00+00:00,2024-03-08 14:50:00+00:00,2024-03-08 20:00:00+00:00,19,TIME_EXIT,18353.0,18288.0,65.0,18354.75,18143.0,18288.0,66.75,133.5,500.0,3.745318352059925,3,-424.74,-1274.22,0
p0_st5_20_bearish_sr350_lr750_buf0_tg1030,NASDAQ_ORB_15m_p0_short_switch_tp2r_p0_st5_20_bearish_sr350_lr750_buf0_tg1030_2024-03-11,2024-03-11,1,SHORT,15,09:45,2.0,2024-03-11 14:00:00+00:00,2024-03-11 14:01:00+00:00,2024-03-11 14:30:00+00:00,30,TP_2R,18247.5,18154.5,93.0,18147.25,17947.0,18247.5,100.25,200.5,350.0,1.745635910224439,1,399.26,399.26,1
p0_st5_20_bearish_sr350_lr750_buf0_tg1030,NASDAQ_ORB_15m_p0_short_switch_tp2r_p0_st5_20_bearish_sr350_lr750_buf0_tg1030_2024-03-12,2024-03-12,1,SHORT,15,09:45,2.0,2024-03-12 13:46:00+00:00,2024-03-12 13:47:00+00:00,2024-03-12 14:25:00+00:00,16,SWITCH_TO_LONG,18339.0,18201.25,137.75,18189.5,18344.75,18339.0,149.5,299.0,350.0,1.1705685618729098,1,-311.74,-311.74,0
p0_st5_20_bearish_sr350_lr750_buf0_tg1030,NASDAQ_ORB_15m_p0_short_switch_tp2r_p0_st5_20_bearish_sr350_lr750_buf0_tg1030_2024-03-12,2024-03-12,2,LONG,15,09:45,2.0,2024-03-12 14:24:00+00:00,2024-03-12 14:25:00+00:00,2024-03-12 19:00:00+00:00,54,TIME_EXIT,18339.0,18201.25,137.75,18344.75,18454.5,18201.25,143.5,287.0,750.0,2.6132404181184667,2,218.26,436.52,1
p0_st5_20_bearish_sr350_lr750_buf0_tg1030,NASDAQ_ORB_15m_p0_short_switch_tp2r_p0_st5_20_bearish_sr350_lr750_buf0_tg1030_2024-03-13,2024-03-13,1,SHORT,15,09:45,2.0,2024-03-13 13:46:00+00:00,2024-03-13 13:47:00+00:00,2024-03-13 19:00:00+00:00,16,TIME_EXIT,18429.5,18366.5,63.0,18357.75,18380.0,18429.5,71.75,143.5,350.0,2.4390243902439024,2,-45.74,-91.48,0
p0_st5_20_bearish_sr350_lr750_buf0_tg1030,NASDAQ_ORB_15m_p0_short_switch_tp2r_p0_st5_20_bearish_sr350_lr750_buf0_tg1030_2024-03-14,2024-03-14,1,SHORT,15,09:45,2.0,2024-03-14 13:48:00+00:00,2024-03-14 13:49:00+00:00,2024-03-14 19:00:00+00:00,18,TIME_EXIT,18398.0,18335.75,62.25,18315.5,18252.5,18398.0,82.5,165.0,350.0,2.121212121212121,2,124.76,249.52,1
p0_st5_20_bearish_sr350_lr750_buf0_tg1030,NASDAQ_ORB_15m_p0_short_switch_tp2r_p0_st5_20_bearish_sr350_lr750_buf0_tg1030_2024-03-15,2024-03-15,1,SHORT,15,09:45,2.0,2024-03-15 13:47:00+00:00,2024-03-15 13:48:00+00:00,2024-03-15 19:00:00+00:00,17,TIME_EXIT,18174.75,18081.25,93.5,18078.25,18083.5,18174.75,96.5,193.0,350.0,1.8134715025906736,1,-11.74,-11.74,0
p0_st5_20_bearish_sr350_lr750_buf0_tg1030,NASDAQ_ORB_15m_p0_short_switch_tp2r_p0_st5_20_bearish_sr350_lr750_buf0_tg1030_2024-03-18,2024-03-18,1,LONG,15,09:45,2.0,2024-03-18 13:47:00+00:00,2024-03-18 13:48:00+00:00,2024-03-18 19:00:00+00:00,17,TIME_EXIT,18346.75,18277.5,69.25,18352.0,18277.0,18277.5,74.5,149.0,500.0,3.3557046979865772,3,-151.24,-453.72,0
p0_st5_20_bearish_sr350_lr750_buf0_tg1030,NASDAQ_ORB_15m_p0_short_switch_tp2r_p0_st5_20_bearish_sr350_lr750_buf0_tg1030_2024-03-19,2024-03-19,1,LONG,15,09:45,2.0,2024-03-19 15:33:00+00:00,2024-03-19 15:34:00+00:00,2024-03-19 19:00:00+00:00,123,TIME_EXIT,18152.75,18053.25,99.5,18153.0,18265.75,18053.25,99.75,199.5,500.0,2.506265664160401,2,224.26,448.52,1
p0_st5_20_bearish_sr350_lr750_buf0_tg1030,NASDAQ_ORB_15m_p0_short_switch_tp2r_p0_st5_20_bearish_sr350_lr750_buf0_tg1030_2024-03-20,2024-03-20,1,LONG,15,09:45,2.0,2024-03-20 18:02:00+00:00,2024-03-20 18:03:00+00:00,2024-03-20 19:00:00+00:00,272,TIME_EXIT,18334.75,18249.0,85.75,18354.5,18418.5,18249.0,105.5,211.0,500.0,2.3696682464454977,2,126.76,253.52,1
p0_st5_20_bearish_sr350_lr750_buf0_tg1030,NASDAQ_ORB_15m_p0_short_switch_tp2r_p0_st5_20_bearish_sr350_lr750_buf0_tg1030_2024-03-22,2024-03-22,1,SHORT,15,09:45,2.0,2024-03-22 13:50:00+00:00,2024-03-22 13:51:00+00:00,2024-03-22 14:05:00+00:00,20,SWITCH_TO_LONG,18547.5,18505.25,42.25,18503.75,18549.5,18547.5,43.75,87.5,350.0,4.0,4,-92.74,-370.96,0
p0_st5_20_bearish_sr350_lr750_buf0_tg1030,NASDAQ_ORB_15m_p0_short_switch_tp2r_p0_st5_20_bearish_sr350_lr750_buf0_tg1030_2024-03-22,2024-03-22,2,LONG,15,09:45,2.0,2024-03-22 14:04:00+00:00,2024-03-22 14:05:00+00:00,2024-03-22 19:00:00+00:00,34,TIME_EXIT,18547.5,18505.25,42.25,18549.5,18594.75,18505.25,44.25,88.5,750.0,8.474576271186441,8,89.26,714.08,1
p0_st5_20_bearish_sr350_lr750_buf0_tg1030,NASDAQ_ORB_15m_p0_short_switch_tp2r_p0_st5_20_bearish_sr350_lr750_buf0_tg1030_2024-03-25,2024-03-25,1,LONG,15,09:45,2.0,2024-03-25 13:54:00+00:00,2024-03-25 13:55:00+00:00,2024-03-25 19:00:00+00:00,24,TIME_EXIT,18480.5,18415.0,65.5,18481.5,18567.5,18415.0,66.5,133.0,500.0,3.7593984962406015,3,170.76,512.28,1
p0_st5_20_bearish_sr350_lr750_buf0_tg1030,NASDAQ_ORB_15m_p0_short_switch_tp2r_p0_st5_20_bearish_sr350_lr750_buf0_tg1030_2024-03-26,2024-03-26,1,LONG,15,09:45,2.0,2024-03-26 14:01:00+00:00,2024-03-26 14:02:00+00:00,2024-03-26 19:00:00+00:00,31,TIME_EXIT,18594.75,18550.0,44.75,18603.5,18554.25,18550.0,53.5,107.0,500.0,4.672897196261682,4,-99.74,-398.96,0
p0_st5_20_bearish_sr350_lr750_buf0_tg1030,NASDAQ_ORB_15m_p0_short_switch_tp2r_p0_st5_20_bearish_sr350_lr750_buf0_tg1030_2024-03-27,2024-03-27,1,SHORT,15,09:45,2.0,2024-03-27 13:55:00+00:00,2024-03-27 13:56:00+00:00,2024-03-27 19:00:00+00:00,25,TIME_EXIT,18572.0,18485.0,87.0,18467.75,18419.75,18572.0,104.25,208.5,350.0,1.6786570743405276,1,94.76,94.76,1
p0_st5_20_bearish_sr350_lr750_buf0_tg1030,NASDAQ_ORB_15m_p0_short_switch_tp2r_p0_st5_20_bearish_sr350_lr750_buf0_tg1030_2024-03-28,2024-03-28,1,LONG,15,09:45,2.0,2024-03-28 13:46:00+00:00,2024-03-28 13:47:00+00:00,2024-03-28 19:00:00+00:00,16,TIME_EXIT,18509.5,18457.0,52.5,18515.5,18498.5,18457.0,58.5,117.0,500.0,4.273504273504273,4,-35.24,-140.96,0
p0_st5_20_bearish_sr350_lr750_buf0_tg1030,NASDAQ_ORB_15m_p0_short_switch_tp2r_p0_st5_20_bearish_sr350_lr750_buf0_tg1030_2024-04-02,2024-04-02,1,SHORT,15,09:45,2.0,2024-04-02 14:13:00+00:00,2024-04-02 14:14:00+00:00,2024-04-02 17:04:00+00:00,43,SWITCH_TO_LONG,18292.25,18223.5,68.75,18218.5,18293.25,18292.25,73.75,147.5,350.0,2.3728813559322033,2,-150.74,-301.48,0
p0_st5_20_bearish_sr350_lr750_buf0_tg1030,NASDAQ_ORB_15m_p0_short_switch_tp2r_p0_st5_20_bearish_sr350_lr750_buf0_tg1030_2024-04-02,2024-04-02,2,LONG,15,09:45,2.0,2024-04-02 17:03:00+00:00,2024-04-02 17:04:00+00:00,2024-04-02 19:00:00+00:00,213,TIME_EXIT,18292.25,18223.5,68.75,18293.25,18277.75,18223.5,69.75,139.5,750.0,5.376344086021505,5,-32.24,-161.20000000000002,0
p0_st5_20_bearish_sr350_lr750_buf0_tg1030,NASDAQ_ORB_15m_p0_short_switch_tp2r_p0_st5_20_bearish_sr350_lr750_buf0_tg1030_2024-04-03,2024-04-03,1,LONG,15,09:45,2.0,2024-04-03 14:01:00+00:00,2024-04-03 14:02:00+00:00,2024-04-03 19:00:00+00:00,31,TIME_EXIT,18283.5,18239.0,44.5,18320.25,18397.75,18239.0,81.25,162.5,500.0,3.076923076923077,3,153.76,461.28,1
p0_st5_20_bearish_sr350_lr750_buf0_tg1030,NASDAQ_ORB_15m_p0_short_switch_tp2r_p0_st5_20_bearish_sr350_lr750_buf0_tg1030_2024-04-04,2024-04-04,1,SHORT,15,09:45,2.0,2024-04-04 14:25:00+00:00,2024-04-04 14:26:00+00:00,2024-04-04 18:28:00+00:00,55,TP_2R,18568.25,18528.0,40.25,18497.75,18357.0,18568.25,70.5,141.0,350.0,2.482269503546099,2,280.26,560.52,1
p0_st5_20_bearish_sr350_lr750_buf0_tg1030,NASDAQ_ORB_15m_p0_short_switch_tp2r_p0_st5_20_bearish_sr350_lr750_buf0_tg1030_2024-04-05,2024-04-05,1,LONG,15,09:45,2.0,2024-04-05 13:48:00+00:00,2024-04-05 13:49:00+00:00,2024-04-05 15:46:00+00:00,18,TP_2R,18182.25,18102.5,79.75,18182.5,18342.25,18102.5,80.0,160.0,500.0,3.125,3,318.26,954.78,1
p0_st5_20_bearish_sr350_lr750_buf0_tg1030,NASDAQ_ORB_15m_p0_short_switch_tp2r_p0_st5_20_bearish_sr350_lr750_buf0_tg1030_2024-04-08,2024-04-08,1,LONG,15,09:45,2.0,2024-04-08 14:30:00+00:00,2024-04-08 14:31:00+00:00,2024-04-08 19:00:00+00:00,60,TIME_EXIT,18337.0,18237.75,99.25,18340.0,18317.25,18237.75,102.25,204.5,500.0,2.444987775061125,2,-46.74,-93.48,0
p0_st5_20_bearish_sr350_lr750_buf0_tg1030,NASDAQ_ORB_15m_p0_short_switch_tp2r_p0_st5_20_bearish_sr350_lr750_buf0_tg1030_2024-04-09,2024-04-09,1,SHORT,15,09:45,2.0,2024-04-09 14:30:00+00:00,2024-04-09 14:31:00+00:00,2024-04-09 19:00:00+00:00,60,TIME_EXIT,18405.0,18342.75,62.25,18282.25,18252.5,18405.0,122.75,245.5,350.0,1.4256619144602851,1,58.26,58.26,1
p0_st5_20_bearish_sr350_lr750_buf0_tg1030,NASDAQ_ORB_15m_p0_short_switch_tp2r_p0_st5_20_bearish_sr350_lr750_buf0_tg1030_2024-04-10,2024-04-10,1,SHORT,15,09:45,2.0,2024-04-10 13:47:00+00:00,2024-04-10 13:48:00+00:00,2024-04-10 13:58:00+00:00,17,SWITCH_TO_LONG,18196.25,18119.0,77.25,18116.25,18201.5,18196.25,80.0,160.0,350.0,2.1875,2,-171.74,-343.48,0
p0_st5_20_bearish_sr350_lr750_buf0_tg1030,NASDAQ_ORB_15m_p0_short_switch_tp2r_p0_st5_20_bearish_sr350_lr750_buf0_tg1030_2024-04-10,2024-04-10,2,LONG,15,09:45,2.0,2024-04-10 13:57:00+00:00,2024-04-10 13:58:00+00:00,2024-04-10 19:00:00+00:00,27,TIME_EXIT,18196.25,18119.0,77.25,18201.5,18127.75,18119.0,82.5,165.0,750.0,4.545454545454546,4,-148.74,-594.96,0
p0_st5_20_bearish_sr350_lr750_buf0_tg1030,NASDAQ_ORB_15m_p0_short_switch_tp2r_p0_st5_20_bearish_sr350_lr750_buf0_tg1030_2024-04-11,2024-04-11,1,LONG,15,09:45,2.0,2024-04-11 15:42:00+00:00,2024-04-11 15:43:00+00:00,2024-04-11 17:20:00+00:00,132,TP_2R,18274.25,18222.5,51.75,18285.75,18412.0,18222.5,63.25,126.5,500.0,3.952569169960474,3,251.26,753.78,1
p0_st5_20_bearish_sr350_lr750_buf0_tg1030,NASDAQ_ORB_15m_p0_short_switch_tp2r_p0_st5_20_bearish_sr350_lr750_buf0_tg1030_2024-04-12,2024-04-12,1,LONG,15,09:45,2.0,2024-04-12 13:47:00+00:00,2024-04-12 13:48:00+00:00,2024-04-12 19:00:00+00:00,17,TIME_EXIT,18327.0,18280.75,46.25,18330.25,18134.0,18280.75,49.5,99.0,500.0,5.05050505050505,5,-393.74,-1968.7,0
p0_st5_20_bearish_sr350_lr750_buf0_tg1030,NASDAQ_ORB_15m_p0_short_switch_tp2r_p0_st5_20_bearish_sr350_lr750_buf0_tg1030_2024-04-15,2024-04-15,1,SHORT,15,09:45,2.0,2024-04-15 14:09:00+00:00,2024-04-15 14:10:00+00:00,2024-04-15 17:19:00+00:00,39,TP_2R,18339.0,18261.0,78.0,18250.5,18073.75,18339.0,88.5,177.0,350.0,1.9774011299435028,1,352.26,352.26,1
p0_st5_20_bearish_sr350_lr750_buf0_tg1030,NASDAQ_ORB_15m_p0_short_switch_tp2r_p0_st5_20_bearish_sr350_lr750_buf0_tg1030_2024-04-16,2024-04-16,1,LONG,15,09:45,2.0,2024-04-16 13:58:00+00:00,2024-04-16 13:59:00+00:00,2024-04-16 19:00:00+00:00,28,TIME_EXIT,17888.0,17835.0,53.0,17897.0,17950.0,17835.0,62.0,124.0,500.0,4.032258064516129,4,104.76,419.04,1
p0_st5_20_bearish_sr350_lr750_buf0_tg1030,NASDAQ_ORB_15m_p0_short_switch_tp2r_p0_st5_20_bearish_sr350_lr750_buf0_tg1030_2024-04-17,2024-04-17,1,SHORT,15,09:45,2.0,2024-04-17 13:55:00+00:00,2024-04-17 13:56:00+00:00,2024-04-17 14:55:00+00:00,25,TP_2R,17959.5,17912.75,46.75,17895.25,17767.0,17959.5,64.25,128.5,350.0,2.7237354085603114,2,255.26,510.52,1
p0_st5_20_bearish_sr350_lr750_buf0_tg1030,NASDAQ_ORB_15m_p0_short_switch_tp2r_p0_st5_20_bearish_sr350_lr750_buf0_tg1030_2024-04-18,2024-04-18,1,LONG,15,09:45,2.0,2024-04-18 14:36:00+00:00,2024-04-18 14:37:00+00:00,2024-04-18 19:00:00+00:00,66,TIME_EXIT,17678.75,17551.0,127.75,17685.0,17533.0,17551.0,134.0,268.0,500.0,1.8656716417910448,1,-305.24,-305.24,0
p0_st5_20_bearish_sr350_lr750_buf0_tg1030,NASDAQ_ORB_15m_p0_short_switch_tp2r_p0_st5_20_bearish_sr350_lr750_buf0_tg1030_2024-04-19,2024-04-19,1,LONG,15,09:45,2.0,2024-04-19 13:47:00+00:00,2024-04-19 13:48:00+00:00,2024-04-19 19:00:00+00:00,17,TIME_EXIT,17501.5,17432.75,68.75,17509.25,17159.0,17432.75,76.5,153.0,500.0,3.2679738562091503,3,-701.74,-2105.2200000000003,0
p0_st5_20_bearish_sr350_lr750_buf0_tg1030,NASDAQ_ORB_15m_p0_short_switch_tp2r_p0_st5_20_bearish_sr350_lr750_buf0_tg1030_2024-04-22,2024-04-22,1,LONG,15,09:45,2.0,2024-04-22 13:49:00+00:00,2024-04-22 13:50:00+00:00,2024-04-22 18:33:00+00:00,19,TP_2R,17307.5,17264.0,43.5,17323.25,17441.5,17264.0,59.25,118.5,500.0,4.219409282700422,4,235.26,941.04,1
p0_st5_20_bearish_sr350_lr750_buf0_tg1030,NASDAQ_ORB_15m_p0_short_switch_tp2r_p0_st5_20_bearish_sr350_lr750_buf0_tg1030_2024-04-23,2024-04-23,1,LONG,15,09:45,2.0,2024-04-23 13:46:00+00:00,2024-04-23 13:47:00+00:00,2024-04-23 19:00:00+00:00,16,TIME_EXIT,17478.0,17413.5,64.5,17514.75,17645.25,17413.5,101.25,202.5,500.0,2.4691358024691357,2,259.76,519.52,1
p0_st5_20_bearish_sr350_lr750_buf0_tg1030,NASDAQ_ORB_15m_p0_short_switch_tp2r_p0_st5_20_bearish_sr350_lr750_buf0_tg1030_2024-04-24,2024-04-24,1,LONG,15,09:45,2.0,2024-04-24 13:51:00+00:00,2024-04-24 13:52:00+00:00,2024-04-24 19:00:00+00:00,21,TIME_EXIT,17787.0,17713.0,74.0,17787.5,17612.25,17713.0,74.5,149.0,500.0,3.3557046979865772,3,-351.74,-1055.22,0
p0_st5_20_bearish_sr350_lr750_buf0_tg1030,NASDAQ_ORB_15m_p0_short_switch_tp2r_p0_st5_20_bearish_sr350_lr750_buf0_tg1030_2024-04-25,2024-04-25,1,LONG,15,09:45,2.0,2024-04-25 13:47:00+00:00,2024-04-25 13:48:00+00:00,2024-04-25 17:05:00+00:00,17,TP_2R,17375.75,17308.0,67.75,17377.75,17517.0,17308.0,69.75,139.5,500.0,3.5842293906810037,3,277.26,831.78,1
p0_st5_20_bearish_sr350_lr750_buf0_tg1030,NASDAQ_ORB_15m_p0_short_switch_tp2r_p0_st5_20_bearish_sr350_lr750_buf0_tg1030_2024-04-26,2024-04-26,1,LONG,15,09:45,2.0,2024-04-26 13:51:00+00:00,2024-04-26 13:52:00+00:00,2024-04-26 19:00:00+00:00,21,TIME_EXIT,17764.5,17668.25,96.25,17783.25,17867.5,17668.25,115.0,230.0,500.0,2.1739130434782608,2,167.26,334.52,1
p0_st5_20_bearish_sr350_lr750_buf0_tg1030,NASDAQ_ORB_15m_p0_short_switch_tp2r_p0_st5_20_bearish_sr350_lr750_buf0_tg1030_2024-05-01,2024-05-01,1,SHORT,15,09:45,2.0,2024-05-01 14:05:00+00:00,2024-05-01 14:06:00+00:00,2024-05-01 18:28:00+00:00,35,SWITCH_TO_LONG,17517.5,17468.25,49.25,17448.25,17529.75,17517.5,69.25,138.5,350.0,2.527075812274368,2,-164.24,-328.48,0
p0_st5_20_bearish_sr350_lr750_buf0_tg1030,NASDAQ_ORB_15m_p0_short_switch_tp2r_p0_st5_20_bearish_sr350_lr750_buf0_tg1030_2024-05-01,2024-05-01,2,LONG,15,09:45,2.0,2024-05-01 18:27:00+00:00,2024-05-01 18:28:00+00:00,2024-05-01 18:42:00+00:00,297,TP_2R,17517.5,17468.25,49.25,17529.75,17652.5,17468.25,61.5,123.0,750.0,6.097560975609756,6,244.26,1465.56,1
p0_st5_20_bearish_sr350_lr750_buf0_tg1030,NASDAQ_ORB_15m_p0_short_switch_tp2r_p0_st5_20_bearish_sr350_lr750_buf0_tg1030_2024-05-02,2024-05-02,1,SHORT,15,09:45,2.0,2024-05-02 13:49:00+00:00,2024-05-02 13:50:00+00:00,2024-05-02 17:31:00+00:00,19,SWITCH_TO_LONG,17602.5,17515.25,87.25,17503.75,17604.5,17602.5,98.75,197.5,350.0,1.7721518987341771,1,-202.74,-202.74,0
p0_st5_20_bearish_sr350_lr750_buf0_tg1030,NASDAQ_ORB_15m_p0_short_switch_tp2r_p0_st5_20_bearish_sr350_lr750_buf0_tg1030_2024-05-02,2024-05-02,2,LONG,15,09:45,2.0,2024-05-02 17:30:00+00:00,2024-05-02 17:31:00+00:00,2024-05-02 19:00:00+00:00,240,TIME_EXIT,17602.5,17515.25,87.25,17604.5,17664.25,17515.25,89.25,178.5,750.0,4.201680672268908,4,118.26,473.04,1
p0_st5_20_bearish_sr350_lr750_buf0_tg1030,NASDAQ_ORB_15m_p0_short_switch_tp2r_p0_st5_20_bearish_sr350_lr750_buf0_tg1030_2024-05-03,2024-05-03,1,LONG,15,09:45,2.0,2024-05-03 13:46:00+00:00,2024-05-03 13:47:00+00:00,2024-05-03 19:00:00+00:00,16,TIME_EXIT,17977.75,17919.25,58.5,17990.25,18008.25,17919.25,71.0,142.0,500.0,3.5211267605633805,3,34.76,104.28,1
p0_st5_20_bearish_sr350_lr750_buf0_tg1030,NASDAQ_ORB_15m_p0_short_switch_tp2r_p0_st5_20_bearish_sr350_lr750_buf0_tg1030_2024-05-06,2024-05-06,1,LONG,15,09:45,2.0,2024-05-06 13:52:00+00:00,2024-05-06 13:53:00+00:00,2024-05-06 19:00:00+00:00,22,TIME_EXIT,18101.0,18042.5,58.5,18101.75,18145.25,18042.5,59.25,118.5,500.0,4.219409282700422,4,85.76,343.04,1
p0_st5_20_bearish_sr350_lr750_buf0_tg1030,NASDAQ_ORB_15m_p0_short_switch_tp2r_p0_st5_20_bearish_sr350_lr750_buf0_tg1030_2024-05-07,2024-05-07,1,LONG,15,09:45,2.0,2024-05-07 14:56:00+00:00,2024-05-07 14:57:00+00:00,2024-05-07 19:00:00+00:00,86,TIME_EXIT,18236.25,18197.25,39.0,18237.25,18194.25,18197.25,40.0,80.0,500.0,6.25,6,-87.24,-523.4399999999999,0
p0_st5_20_bearish_sr350_lr750_buf0_tg1030,NASDAQ_ORB_15m_p0_short_switch_tp2r_p0_st5_20_bearish_sr350_lr750_buf0_tg1030_2024-05-08,2024-05-08,1,LONG,15,09:45,2.0,2024-05-08 13:46:00+00:00,2024-05-08 13:47:00+00:00,2024-05-08 14:48:00+00:00,16,TP_2R,18126.5,18079.0,47.5,18128.0,18225.75,18079.0,49.0,98.0,500.0,5.1020408163265305,5,194.26,971.3,1
p0_st5_20_bearish_sr350_lr750_buf0_tg1030,NASDAQ_ORB_15m_p0_short_switch_tp2r_p0_st5_20_bearish_sr350_lr750_buf0_tg1030_2024-05-09,2024-05-09,1,SHORT,15,09:45,2.0,2024-05-09 13:48:00+00:00,2024-05-09 13:49:00+00:00,2024-05-09 14:40:00+00:00,18,SWITCH_TO_LONG,18204.0,18122.75,81.25,18120.75,18207.25,18204.0,83.25,166.5,350.0,2.1021021021021022,2,-174.24,-348.48,0
p0_st5_20_bearish_sr350_lr750_buf0_tg1030,NASDAQ_ORB_15m_p0_short_switch_tp2r_p0_st5_20_bearish_sr350_lr750_buf0_tg1030_2024-05-09,2024-05-09,2,LONG,15,09:45,2.0,2024-05-09 14:39:00+00:00,2024-05-09 14:40:00+00:00,2024-05-09 19:00:00+00:00,69,TIME_EXIT,18204.0,18122.75,81.25,18207.25,18231.75,18122.75,84.5,169.0,750.0,4.437869822485207,4,47.76,191.04,1
p0_st5_20_bearish_sr350_lr750_buf0_tg1030,NASDAQ_ORB_15m_p0_short_switch_tp2r_p0_st5_20_bearish_sr350_lr750_buf0_tg1030_2024-05-10,2024-05-10,1,LONG,15,09:45,2.0,2024-05-10 13:49:00+00:00,2024-05-10 13:50:00+00:00,2024-05-10 19:00:00+00:00,19,TIME_EXIT,18331.5,18256.5,75.0,18339.25,18256.25,18256.5,82.75,165.5,500.0,3.0211480362537766,3,-167.24,-501.72,0
p0_st5_20_bearish_sr350_lr750_buf0_tg1030,NASDAQ_ORB_15m_p0_short_switch_tp2r_p0_st5_20_bearish_sr350_lr750_buf0_tg1030_2024-05-13,2024-05-13,1,SHORT,15,09:45,2.0,2024-05-13 13:46:00+00:00,2024-05-13 13:47:00+00:00,2024-05-13 19:00:00+00:00,16,TIME_EXIT,18336.75,18266.25,70.5,18265.0,18288.25,18336.75,71.75,143.5,350.0,2.4390243902439024,2,-47.74,-95.48,0
p0_st5_20_bearish_sr350_lr750_buf0_tg1030,NASDAQ_ORB_15m_p0_short_switch_tp2r_p0_st5_20_bearish_sr350_lr750_buf0_tg1030_2024-05-14,2024-05-14,1,LONG,15,09:45,2.0,2024-05-14 13:46:00+00:00,2024-05-14 13:47:00+00:00,2024-05-14 19:00:00+00:00,16,TIME_EXIT,18318.0,18265.25,52.75,18321.0,18409.5,18265.25,55.75,111.5,500.0,4.484304932735426,4,175.76,703.04,1
p0_st5_20_bearish_sr350_lr750_buf0_tg1030,NASDAQ_ORB_15m_p0_short_switch_tp2r_p0_st5_20_bearish_sr350_lr750_buf0_tg1030_2024-05-15,2024-05-15,1,LONG,15,09:45,2.0,2024-05-15 14:21:00+00:00,2024-05-15 14:22:00+00:00,2024-05-15 16:31:00+00:00,51,TP_2R,18531.75,18491.25,40.5,18532.75,18615.5,18491.25,41.5,83.0,500.0,6.024096385542169,6,164.26,985.56,1
p0_st5_20_bearish_sr350_lr750_buf0_tg1030,NASDAQ_ORB_15m_p0_short_switch_tp2r_p0_st5_20_bearish_sr350_lr750_buf0_tg1030_2024-05-16,2024-05-16,1,LONG,15,09:45,2.0,2024-05-16 13:48:00+00:00,2024-05-16 13:49:00+00:00,2024-05-16 15:05:00+00:00,18,TP_2R,18700.0,18672.0,28.0,18700.75,18758.0,18672.0,28.75,57.5,500.0,8.695652173913043,8,113.26,906.08,1
p0_st5_20_bearish_sr350_lr750_buf0_tg1030,NASDAQ_ORB_15m_p0_short_switch_tp2r_p0_st5_20_bearish_sr350_lr750_buf0_tg1030_2024-05-17,2024-05-17,1,SHORT,15,09:45,2.0,2024-05-17 13:51:00+00:00,2024-05-17 13:52:00+00:00,2024-05-17 14:35:00+00:00,21,SWITCH_TO_LONG,18667.5,18638.25,29.25,18636.5,18670.5,18667.5,31.0,62.0,350.0,5.645161290322581,5,-69.24,-346.2,0
p0_st5_20_bearish_sr350_lr750_buf0_tg1030,NASDAQ_ORB_15m_p0_short_switch_tp2r_p0_st5_20_bearish_sr350_lr750_buf0_tg1030_2024-05-17,2024-05-17,2,LONG,15,09:45,2.0,2024-05-17 14:34:00+00:00,2024-05-17 14:35:00+00:00,2024-05-17 19:00:00+00:00,64,TIME_EXIT,18667.5,18638.25,29.25,18670.5,18617.0,18638.25,32.25,64.5,750.0,11.627906976744185,11,-108.24,-1190.6399999999999,0
p0_st5_20_bearish_sr350_lr750_buf0_tg1030,NASDAQ_ORB_15m_p0_short_switch_tp2r_p0_st5_20_bearish_sr350_lr750_buf0_tg1030_2024-05-20,2024-05-20,1,LONG,15,09:45,2.0,2024-05-20 13:46:00+00:00,2024-05-20 13:47:00+00:00,2024-05-20 19:00:00+00:00,16,TIME_EXIT,18710.75,18635.25,75.5,18711.0,18748.0,18635.25,75.75,151.5,500.0,3.3003300330033003,3,72.76,218.28000000000003,1
p0_st5_20_bearish_sr350_lr750_buf0_tg1030,NASDAQ_ORB_15m_p0_short_switch_tp2r_p0_st5_20_bearish_sr350_lr750_buf0_tg1030_2024-05-21,2024-05-21,1,LONG,15,09:45,2.0,2024-05-21 13:54:00+00:00,2024-05-21 13:55:00+00:00,2024-05-21 19:00:00+00:00,24,TIME_EXIT,18714.0,18678.0,36.0,18716.25,18769.5,18678.0,38.25,76.5,500.0,6.5359477124183005,6,105.26,631.5600000000001,1
p0_st5_20_bearish_sr350_lr750_buf0_tg1030,NASDAQ_ORB_15m_p0_short_switch_tp2r_p0_st5_20_bearish_sr350_lr750_buf0_tg1030_2024-05-22,2024-05-22,1,LONG,15,09:45,2.0,2024-05-22 13:53:00+00:00,2024-05-22 13:54:00+00:00,2024-05-22 19:00:00+00:00,23,TIME_EXIT,18826.5,18789.0,37.5,18828.5,18729.75,18789.0,39.5,79.0,500.0,6.329113924050633,6,-198.74,-1192.44,0
p0_st5_20_bearish_sr350_lr750_buf0_tg1030,NASDAQ_ORB_15m_p0_short_switch_tp2r_p0_st5_20_bearish_sr350_lr750_buf0_tg1030_2024-05-23,2024-05-23,1,SHORT,15,09:45,2.0,2024-05-23 13:49:00+00:00,2024-05-23 13:50:00+00:00,2024-05-23 17:57:00+00:00,19,TP_2R,18982.5,18911.5,71.0,18899.25,18733.0,18982.5,83.25,166.5,350.0,2.1021021021021022,2,331.26,662.52,1
p0_st5_20_bearish_sr350_lr750_buf0_tg1030,NASDAQ_ORB_15m_p0_short_switch_tp2r_p0_st5_20_bearish_sr350_lr750_buf0_tg1030_2024-05-24,2024-05-24,1,LONG,15,09:45,2.0,2024-05-24 13:46:00+00:00,2024-05-24 13:47:00+00:00,2024-05-24 15:04:00+00:00,16,TP_2R,18777.25,18733.25,44.0,18780.75,18875.5,18733.25,47.5,95.0,500.0,5.2631578947368425,5,188.26,941.3,1
p0_st5_20_bearish_sr350_lr750_buf0_tg1030,NASDAQ_ORB_15m_p0_short_switch_tp2r_p0_st5_20_bearish_sr350_lr750_buf0_tg1030_2024-05-27,2024-05-27,1,LONG,15,09:45,2.0,2024-05-27 14:59:00+00:00,2024-05-27 15:00:00+00:00,2024-05-27 22:02:00+00:00,89,TIME_EXIT,18911.25,18877.25,34.0,18911.5,18935.25,18877.25,34.25,68.5,500.0,7.299270072992701,7,46.26,323.82,1
p0_st5_20_bearish_sr350_lr750_buf0_tg1030,NASDAQ_ORB_15m_p0_short_switch_tp2r_p0_st5_20_bearish_sr350_lr750_buf0_tg1030_2024-05-28,2024-05-28,1,SHORT,15,09:45,2.0,2024-05-28 13:46:00+00:00,2024-05-28 13:47:00+00:00,2024-05-28 16:47:00+00:00,16,SWITCH_TO_LONG,18937.0,18869.5,67.5,18856.5,18938.25,18937.0,80.5,161.0,350.0,2.1739130434782608,2,-164.74,-329.48,0
p0_st5_20_bearish_sr350_lr750_buf0_tg1030,NASDAQ_ORB_15m_p0_short_switch_tp2r_p0_st5_20_bearish_sr350_lr750_buf0_tg1030_2024-05-28,2024-05-28,2,LONG,15,09:45,2.0,2024-05-28 16:46:00+00:00,2024-05-28 16:47:00+00:00,2024-05-28 19:00:00+00:00,196,TIME_EXIT,18937.0,18869.5,67.5,18938.25,18867.25,18869.5,68.75,137.5,750.0,5.454545454545454,5,-143.24,-716.2,0
p0_st5_20_bearish_sr350_lr750_buf0_tg1030,NASDAQ_ORB_15m_p0_short_switch_tp2r_p0_st5_20_bearish_sr350_lr750_buf0_tg1030_2024-05-29,2024-05-29,1,LONG,15,09:45,2.0,2024-05-29 13:51:00+00:00,2024-05-29 13:52:00+00:00,2024-05-29 19:00:00+00:00,21,TIME_EXIT,18817.75,18761.0,56.75,18833.5,18825.25,18761.0,72.5,145.0,500.0,3.4482758620689653,3,-17.74,-53.22,0
p0_st5_20_bearish_sr350_lr750_buf0_tg1030,NASDAQ_ORB_15m_p0_short_switch_tp2r_p0_st5_20_bearish_sr350_lr750_buf0_tg1030_2024-05-30,2024-05-30,1,SHORT,15,09:45,2.0,2024-05-30 14:14:00+00:00,2024-05-30 14:15:00+00:00,2024-05-30 19:00:00+00:00,44,TIME_EXIT,18769.25,18696.5,72.75,18695.5,18670.75,18769.25,73.75,147.5,350.0,2.3728813559322033,2,48.26,96.52,1
p0_st5_20_bearish_sr350_lr750_buf0_tg1030,NASDAQ_ORB_15m_p0_short_switch_tp2r_p0_st5_20_bearish_sr350_lr750_buf0_tg1030_2024-05-31,2024-05-31,1,SHORT,15,09:45,2.0,2024-05-31 13:47:00+00:00,2024-05-31 13:48:00+00:00,2024-05-31 14:19:00+00:00,17,TP_2R,18630.75,18575.0,55.75,18574.25,18461.5,18630.75,56.5,113.0,350.0,3.0973451327433628,3,224.26,672.78,1
p0_st5_20_bearish_sr350_lr750_buf0_tg1030,NASDAQ_ORB_15m_p0_short_switch_tp2r_p0_st5_20_bearish_sr350_lr750_buf0_tg1030_2024-06-03,2024-06-03,1,SHORT,15,09:45,2.0,2024-06-03 14:00:00+00:00,2024-06-03 14:01:00+00:00,2024-06-03 16:13:00+00:00,30,TP_2R,18749.75,18698.25,51.5,18680.5,18542.25,18749.75,69.25,138.5,350.0,2.527075812274368,2,275.26,550.52,1
p0_st5_20_bearish_sr350_lr750_buf0_tg1030,NASDAQ_ORB_15m_p0_short_switch_tp2r_p0_st5_20_bearish_sr350_lr750_buf0_tg1030_2024-06-04,2024-06-04,1,LONG,15,09:45,2.0,2024-06-04 14:02:00+00:00,2024-06-04 14:03:00+00:00,2024-06-04 19:00:00+00:00,32,TIME_EXIT,18650.75,18581.5,69.25,18659.75,18710.75,18581.5,78.25,156.5,500.0,3.194888178913738,3,100.76,302.28000000000003,1
p0_st5_20_bearish_sr350_lr750_buf0_tg1030,NASDAQ_ORB_15m_p0_short_switch_tp2r_p0_st5_20_bearish_sr350_lr750_buf0_tg1030_2024-06-05,2024-06-05,1,LONG,15,09:45,2.0,2024-06-05 13:53:00+00:00,2024-06-05 13:54:00+00:00,2024-06-05 15:05:00+00:00,23,TP_2R,18852.5,18813.5,39.0,18857.0,18943.75,18813.5,43.5,87.0,500.0,5.747126436781609,5,172.26,861.3,1
p0_st5_20_bearish_sr350_lr750_buf0_tg1030,NASDAQ_ORB_15m_p0_short_switch_tp2r_p0_st5_20_bearish_sr350_lr750_buf0_tg1030_2024-06-06,2024-06-06,1,SHORT,15,09:45,2.0,2024-06-06 13:47:00+00:00,2024-06-06 13:48:00+00:00,2024-06-06 19:00:00+00:00,17,TIME_EXIT,19115.75,19085.25,30.5,19072.5,19066.25,19115.75,43.25,86.5,350.0,4.046242774566474,4,11.26,45.04,1
p0_st5_20_bearish_sr350_lr750_buf0_tg1030,NASDAQ_ORB_15m_p0_short_switch_tp2r_p0_st5_20_bearish_sr350_lr750_buf0_tg1030_2024-06-07,2024-06-07,1,LONG,15,09:45,2.0,2024-06-07 13:52:00+00:00,2024-06-07 13:53:00+00:00,2024-06-07 19:00:00+00:00,22,TIME_EXIT,19040.75,18992.25,48.5,19058.5,19051.5,18992.25,66.25,132.5,500.0,3.7735849056603774,3,-15.24,-45.72,0
p0_st5_20_bearish_sr350_lr750_buf0_tg1030,NASDAQ_ORB_15m_p0_short_switch_tp2r_p0_st5_20_bearish_sr350_lr750_buf0_tg1030_2024-06-10,2024-06-10,1,LONG,15,09:45,2.0,2024-06-10 14:23:00+00:00,2024-06-10 14:24:00+00:00,2024-06-10 19:00:00+00:00,53,TIME_EXIT,19023.5,18977.5,46.0,19029.25,19077.0,18977.5,51.75,103.5,500.0,4.830917874396135,4,94.26,377.04,1
p0_st5_20_bearish_sr350_lr750_buf0_tg1030,NASDAQ_ORB_15m_p0_short_switch_tp2r_p0_st5_20_bearish_sr350_lr750_buf0_tg1030_2024-06-11,2024-06-11,1,SHORT,15,09:45,2.0,2024-06-11 13:48:00+00:00,2024-06-11 13:49:00+00:00,2024-06-11 14:33:00+00:00,18,SWITCH_TO_LONG,19087.5,19046.0,41.5,19013.5,19088.5,19087.5,74.0,148.0,350.0,2.364864864864865,2,-151.24,-302.48,0
p0_st5_20_bearish_sr350_lr750_buf0_tg1030,NASDAQ_ORB_15m_p0_short_switch_tp2r_p0_st5_20_bearish_sr350_lr750_buf0_tg1030_2024-06-11,2024-06-11,2,LONG,15,09:45,2.0,2024-06-11 14:32:00+00:00,2024-06-11 14:33:00+00:00,2024-06-11 18:05:00+00:00,62,TP_2R,19087.5,19046.0,41.5,19088.5,19173.25,19046.0,42.5,85.0,750.0,8.823529411764707,8,168.26,1346.08,1
p0_st5_20_bearish_sr350_lr750_buf0_tg1030,NASDAQ_ORB_15m_p0_short_switch_tp2r_p0_st5_20_bearish_sr350_lr750_buf0_tg1030_2024-06-12,2024-06-12,1,LONG,15,09:45,2.0,2024-06-12 13:46:00+00:00,2024-06-12 13:47:00+00:00,2024-06-12 19:00:00+00:00,16,TIME_EXIT,19481.75,19374.5,107.25,19484.5,19517.25,19374.5,110.0,220.0,500.0,2.272727272727273,2,64.26,128.52,1
p0_st5_20_bearish_sr350_lr750_buf0_tg1030,NASDAQ_ORB_15m_p0_short_switch_tp2r_p0_st5_20_bearish_sr350_lr750_buf0_tg1030_2024-06-13,2024-06-13,1,SHORT,15,09:45,2.0,2024-06-13 14:15:00+00:00,2024-06-13 14:16:00+00:00,2024-06-13 19:00:00+00:00,45,TIME_EXIT,19663.75,19618.25,45.5,19586.25,19599.25,19663.75,77.5,155.0,350.0,2.2580645161290325,2,-27.24,-54.48,0
p0_st5_20_bearish_sr350_lr750_buf0_tg1030,NASDAQ_ORB_15m_p0_short_switch_tp2r_p0_st5_20_bearish_sr350_lr750_buf0_tg1030_2024-06-14,2024-06-14,1,LONG,15,09:45,2.0,2024-06-14 13:46:00+00:00,2024-06-14 13:47:00+00:00,2024-06-14 19:00:00+00:00,16,TIME_EXIT,19603.5,19557.0,46.5,19608.75,19665.25,19557.0,51.75,103.5,500.0,4.830917874396135,4,111.76,447.04,1
p0_st5_20_bearish_sr350_lr750_buf0_tg1030,NASDAQ_ORB_15m_p0_short_switch_tp2r_p0_st5_20_bearish_sr350_lr750_buf0_tg1030_2024-06-17,2024-06-17,1,SHORT,15,09:45,2.0,2024-06-17 13:48:00+00:00,2024-06-17 13:49:00+00:00,2024-06-17 14:12:00+00:00,18,SWITCH_TO_LONG,19973.75,19928.25,45.5,19924.25,19976.0,19973.75,49.5,99.0,350.0,3.5353535353535355,3,-104.74,-314.21999999999997,0
p0_st5_20_bearish_sr350_lr750_buf0_tg1030,NASDAQ_ORB_15m_p0_short_switch_tp2r_p0_st5_20_bearish_sr350_lr750_buf0_tg1030_2024-06-17,2024-06-17,2,LONG,15,09:45,2.0,2024-06-17 14:11:00+00:00,2024-06-17 14:12:00+00:00,2024-06-17 16:30:00+00:00,41,TP_2R,19973.75,19928.25,45.5,19976.0,20071.25,19928.25,47.75,95.5,750.0,7.853403141361256,7,189.26,1324.82,1
p0_st5_20_bearish_sr350_lr750_buf0_tg1030,NASDAQ_ORB_15m_p0_short_switch_tp2r_p0_st5_20_bearish_sr350_lr750_buf0_tg1030_2024-06-18,2024-06-18,1,LONG,15,09:45,2.0,2024-06-18 17:48:00+00:00,2024-06-18 17:49:00+00:00,2024-06-18 19:00:00+00:00,258,TIME_EXIT,20219.25,20179.75,39.5,20223.75,20200.0,20179.75,44.0,88.0,500.0,5.681818181818182,5,-48.74,-243.70000000000002,0
p0_st5_20_bearish_sr350_lr750_buf0_tg1030,NASDAQ_ORB_15m_p0_short_switch_tp2r_p0_st5_20_bearish_sr350_lr750_buf0_tg1030_2024-06-20,2024-06-20,1,SHORT,15,09:45,2.0,2024-06-20 14:10:00+00:00,2024-06-20 14:11:00+00:00,2024-06-20 16:31:00+00:00,40,TP_2R,20262.0,20200.0,62.0,20191.25,20050.0,20262.0,70.75,141.5,350.0,2.4734982332155475,2,281.26,562.52,1
p0_st5_20_bearish_sr350_lr750_buf0_tg1030,NASDAQ_ORB_15m_p0_short_switch_tp2r_p0_st5_20_bearish_sr350_lr750_buf0_tg1030_2024-06-21,2024-06-21,1,SHORT,15,09:45,2.0,2024-06-21 13:50:00+00:00,2024-06-21 13:51:00+00:00,2024-06-21 15:21:00+00:00,20,SWITCH_TO_LONG,20027.75,19973.5,54.25,19957.5,20033.5,20027.75,70.25,140.5,350.0,2.491103202846975,2,-153.24,-306.48,0
p0_st5_20_bearish_sr350_lr750_buf0_tg1030,NASDAQ_ORB_15m_p0_short_switch_tp2r_p0_st5_20_bearish_sr350_lr750_buf0_tg1030_2024-06-21,2024-06-21,2,LONG,15,09:45,2.0,2024-06-21 15:20:00+00:00,2024-06-21 15:21:00+00:00,2024-06-21 19:00:00+00:00,110,TIME_EXIT,20027.75,19973.5,54.25,20033.5,19982.5,19973.5,60.0,120.0,750.0,6.25,6,-103.24,-619.4399999999999,0
p0_st5_20_bearish_sr350_lr750_buf0_tg1030,NASDAQ_ORB_15m_p0_short_switch_tp2r_p0_st5_20_bearish_sr350_lr750_buf0_tg1030_2024-06-24,2024-06-24,1,SHORT,15,09:45,2.0,2024-06-24 13:49:00+00:00,2024-06-24 13:50:00+00:00,2024-06-24 14:03:00+00:00,19,SWITCH_TO_LONG,19965.25,19886.75,78.5,19883.25,19986.25,19965.25,82.0,164.0,350.0,2.1341463414634148,2,-207.24,-414.48,0
p0_st5_20_bearish_sr350_lr750_buf0_tg1030,NASDAQ_ORB_15m_p0_short_switch_tp2r_p0_st5_20_bearish_sr350_lr750_buf0_tg1030_2024-06-24,2024-06-24,2,LONG,15,09:45,2.0,2024-06-24 14:02:00+00:00,2024-06-24 14:03:00+00:00,2024-06-24 19:00:00+00:00,32,TIME_EXIT,19965.25,19886.75,78.5,19986.25,19820.75,19886.75,99.5,199.0,750.0,3.7688442211055277,3,-332.24,-996.72,0
p0_st5_20_bearish_sr350_lr750_buf0_tg1030,NASDAQ_ORB_15m_p0_short_switch_tp2r_p0_st5_20_bearish_sr350_lr750_buf0_tg1030_2024-06-25,2024-06-25,1,LONG,15,09:45,2.0,2024-06-25 13:48:00+00:00,2024-06-25 13:49:00+00:00,2024-06-25 15:55:00+00:00,18,TP_2R,19841.5,19792.25,49.25,19847.0,19956.25,19792.25,54.75,109.5,500.0,4.566210045662101,4,217.26,869.04,1
p0_st5_20_bearish_sr350_lr750_buf0_tg1030,NASDAQ_ORB_15m_p0_short_switch_tp2r_p0_st5_20_bearish_sr350_lr750_buf0_tg1030_2024-06-26,2024-06-26,1,LONG,15,09:45,2.0,2024-06-26 13:46:00+00:00,2024-06-26 13:47:00+00:00,2024-06-26 19:00:00+00:00,16,TIME_EXIT,19954.5,19918.5,36.0,19958.5,19951.25,19918.5,40.0,80.0,500.0,6.25,6,-15.74,-94.44,0
p0_st5_20_bearish_sr350_lr750_buf0_tg1030,NASDAQ_ORB_15m_p0_short_switch_tp2r_p0_st5_20_bearish_sr350_lr750_buf0_tg1030_2024-06-27,2024-06-27,1,LONG,15,09:45,2.0,2024-06-27 14:15:00+00:00,2024-06-27 14:16:00+00:00,2024-06-27 19:00:00+00:00,45,TIME_EXIT,20101.25,19989.75,111.5,20111.0,20043.25,19989.75,121.25,242.5,500.0,2.0618556701030926,2,-136.74,-273.48,0
p0_st5_20_bearish_sr350_lr750_buf0_tg1030,NASDAQ_ORB_15m_p0_short_switch_tp2r_p0_st5_20_bearish_sr350_lr750_buf0_tg1030_2024-06-28,2024-06-28,1,LONG,15,09:45,2.0,2024-06-28 13:46:00+00:00,2024-06-28 13:47:00+00:00,2024-06-28 14:15:00+00:00,16,TP_2R,20105.5,20039.0,66.5,20111.25,20255.5,20039.0,72.25,144.5,500.0,3.4602076124567476,3,287.26,861.78,1
p0_st5_20_bearish_sr350_lr750_buf0_tg1030,NASDAQ_ORB_15m_p0_short_switch_tp2r_p0_st5_20_bearish_sr350_lr750_buf0_tg1030_2024-07-01,2024-07-01,1,SHORT,15,09:45,2.0,2024-07-01 13:46:00+00:00,2024-07-01 13:47:00+00:00,2024-07-01 16:10:00+00:00,16,SWITCH_TO_LONG,19985.75,19912.75,73.0,19911.0,19990.75,19985.75,74.75,149.5,350.0,2.3411371237458196,2,-160.74,-321.48,0
p0_st5_20_bearish_sr350_lr750_buf0_tg1030,NASDAQ_ORB_15m_p0_short_switch_tp2r_p0_st5_20_bearish_sr350_lr750_buf0_tg1030_2024-07-01,2024-07-01,2,LONG,15,09:45,2.0,2024-07-01 16:09:00+00:00,2024-07-01 16:10:00+00:00,2024-07-01 19:00:00+00:00,159,TIME_EXIT,19985.75,19912.75,73.0,19990.75,20014.0,19912.75,78.0,156.0,750.0,4.8076923076923075,4,45.26,181.04,1
p0_st5_20_bearish_sr350_lr750_buf0_tg1030,NASDAQ_ORB_15m_p0_short_switch_tp2r_p0_st5_20_bearish_sr350_lr750_buf0_tg1030_2024-07-02,2024-07-02,1,LONG,15,09:45,2.0,2024-07-02 13:47:00+00:00,2024-07-02 13:48:00+00:00,2024-07-02 19:00:00+00:00,17,TIME_EXIT,20083.0,19976.5,106.5,20092.25,20222.0,19976.5,115.75,231.5,500.0,2.159827213822894,2,258.26,516.52,1
p0_st5_20_bearish_sr350_lr750_buf0_tg1030,NASDAQ_ORB_15m_p0_short_switch_tp2r_p0_st5_20_bearish_sr350_lr750_buf0_tg1030_2024-07-03,2024-07-03,1,LONG,15,09:45,2.0,2024-07-03 13:50:00+00:00,2024-07-03 13:51:00+00:00,2024-07-03 15:56:00+00:00,20,TP_2R,20267.5,20216.0,51.5,20268.0,20371.75,20216.0,52.0,104.0,500.0,4.8076923076923075,4,206.26,825.04,1
p0_st5_20_bearish_sr350_lr750_buf0_tg1030,NASDAQ_ORB_15m_p0_short_switch_tp2r_p0_st5_20_bearish_sr350_lr750_buf0_tg1030_2024-07-04,2024-07-04,1,SHORT,15,09:45,2.0,2024-07-04 13:51:00+00:00,2024-07-04 13:52:00+00:00,2024-07-04 22:02:00+00:00,21,TIME_EXIT,20406.25,20387.5,18.75,20386.5,20379.5,20406.25,19.75,39.5,350.0,8.860759493670885,8,12.76,102.08,1
p0_st5_20_bearish_sr350_lr750_buf0_tg1030,NASDAQ_ORB_15m_p0_short_switch_tp2r_p0_st5_20_bearish_sr350_lr750_buf0_tg1030_2024-07-05,2024-07-05,1,LONG,15,09:45,2.0,2024-07-05 13:56:00+00:00,2024-07-05 13:57:00+00:00,2024-07-05 17:37:00+00:00,26,TP_2R,20494.75,20440.0,54.75,20502.25,20626.5,20440.0,62.25,124.5,500.0,4.016064257028113,4,247.26,989.04,1
p0_st5_20_bearish_sr350_lr750_buf0_tg1030,NASDAQ_ORB_15m_p0_short_switch_tp2r_p0_st5_20_bearish_sr350_lr750_buf0_tg1030_2024-07-08,2024-07-08,1,LONG,15,09:45,2.0,2024-07-08 13:51:00+00:00,2024-07-08 13:52:00+00:00,2024-07-08 19:00:00+00:00,21,TIME_EXIT,20645.0,20600.75,44.25,20646.5,20645.5,20600.75,45.75,91.5,500.0,5.46448087431694,5,-3.24,-16.200000000000003,0
p0_st5_20_bearish_sr350_lr750_buf0_tg1030,NASDAQ_ORB_15m_p0_short_switch_tp2r_p0_st5_20_bearish_sr350_lr750_buf0_tg1030_2024-07-09,2024-07-09,1,SHORT,15,09:45,2.0,2024-07-09 14:30:00+00:00,2024-07-09 14:31:00+00:00,2024-07-09 19:00:00+00:00,60,TIME_EXIT,20764.5,20719.25,45.25,20704.25,20671.75,20764.5,60.25,120.5,350.0,2.904564315352697,2,63.76,127.52,1
p0_st5_20_bearish_sr350_lr750_buf0_tg1030,NASDAQ_ORB_15m_p0_short_switch_tp2r_p0_st5_20_bearish_sr350_lr750_buf0_tg1030_2024-07-10,2024-07-10,1,LONG,15,09:45,2.0,2024-07-10 13:50:00+00:00,2024-07-10 13:51:00+00:00,2024-07-10 17:54:00+00:00,20,TP_2R,20768.25,20721.5,46.75,20774.5,20880.25,20721.5,53.0,106.0,500.0,4.716981132075472,4,210.26,841.04,1
p0_st5_20_bearish_sr350_lr750_buf0_tg1030,NASDAQ_ORB_15m_p0_short_switch_tp2r_p0_st5_20_bearish_sr350_lr750_buf0_tg1030_2024-07-11,2024-07-11,1,SHORT,15,09:45,2.0,2024-07-11 13:53:00+00:00,2024-07-11 13:54:00+00:00,2024-07-11 14:19:00+00:00,23,TP_2R,20902.25,20852.25,50.0,20834.0,20697.75,20902.25,68.25,136.5,350.0,2.5641025641025643,2,271.26,542.52,1
p0_st5_20_bearish_sr350_lr750_buf0_tg1030,NASDAQ_ORB_15m_p0_short_switch_tp2r_p0_st5_20_bearish_sr350_lr750_buf0_tg1030_2024-07-12,2024-07-12,1,LONG,15,09:45,2.0,2024-07-12 13:49:00+00:00,2024-07-12 13:50:00+00:00,2024-07-12 14:36:00+00:00,19,TP_2R,20477.75,20425.25,52.5,20483.25,20599.0,20425.25,58.0,116.0,500.0,4.310344827586207,4,230.26,921.04,1
p0_st5_20_bearish_sr350_lr750_buf0_tg1030,NASDAQ_ORB_15m_p0_short_switch_tp2r_p0_st5_20_bearish_sr350_lr750_buf0_tg1030_2024-07-15,2024-07-15,1,SHORT,15,09:45,2.0,2024-07-15 13:47:00+00:00,2024-07-15 13:48:00+00:00,2024-07-15 14:11:00+00:00,17,SWITCH_TO_LONG,20665.5,20595.5,70.0,20591.0,20668.5,20665.5,74.5,149.0,350.0,2.348993288590604,2,-156.24,-312.48,0
p0_st5_20_bearish_sr350_lr750_buf0_tg1030,NASDAQ_ORB_15m_p0_short_switch_tp2r_p0_st5_20_bearish_sr350_lr750_buf0_tg1030_2024-07-15,2024-07-15,2,LONG,15,09:45,2.0,2024-07-15 14:10:00+00:00,2024-07-15 14:11:00+00:00,2024-07-15 19:00:00+00:00,40,TIME_EXIT,20665.5,20595.5,70.0,20668.5,20617.25,20595.5,73.0,146.0,750.0,5.136986301369863,5,-103.74,-518.6999999999999,0
p0_st5_20_bearish_sr350_lr750_buf0_tg1030,NASDAQ_ORB_15m_p0_short_switch_tp2r_p0_st5_20_bearish_sr350_lr750_buf0_tg1030_2024-07-16,2024-07-16,1,SHORT,15,09:45,2.0,2024-07-16 14:00:00+00:00,2024-07-16 14:01:00+00:00,2024-07-16 19:00:00+00:00,30,TIME_EXIT,20684.0,20630.0,54.0,20580.0,20590.5,20684.0,104.0,208.0,350.0,1.6826923076923077,1,-22.24,-22.24,0
p0_st5_20_bearish_sr350_lr750_buf0_tg1030,NASDAQ_ORB_15m_p0_short_switch_tp2r_p0_st5_20_bearish_sr350_lr750_buf0_tg1030_2024-07-17,2024-07-17,1,SHORT,15,09:45,2.0,2024-07-17 14:00:00+00:00,2024-07-17 14:01:00+00:00,2024-07-17 15:51:00+00:00,30,TP_2R,20281.5,20210.5,71.0,20208.75,20063.5,20281.5,72.75,145.5,350.0,2.4054982817869415,2,289.26,578.52,1
p0_st5_20_bearish_sr350_lr750_buf0_tg1030,NASDAQ_ORB_15m_p0_short_switch_tp2r_p0_st5_20_bearish_sr350_lr750_buf0_tg1030_2024-07-18,2024-07-18,1,SHORT,15,09:45,2.0,2024-07-18 13:46:00+00:00,2024-07-18 13:47:00+00:00,2024-07-18 15:33:00+00:00,16,TP_2R,20149.25,20038.5,110.75,20036.75,19812.0,20149.25,112.5,225.0,350.0,1.5555555555555556,1,448.26,448.26,1
p0_st5_20_bearish_sr350_lr750_buf0_tg1030,NASDAQ_ORB_15m_p0_short_switch_tp2r_p0_st5_20_bearish_sr350_lr750_buf0_tg1030_2024-07-19,2024-07-19,1,SHORT,15,09:45,2.0,2024-07-19 14:30:00+00:00,2024-07-19 14:31:00+00:00,2024-07-19 19:00:00+00:00,60,TIME_EXIT,19976.75,19836.0,140.75,19801.75,19721.25,19976.75,175.0,350.0,350.0,1.0,1,159.76,159.76,1
p0_st5_20_bearish_sr350_lr750_buf0_tg1030,NASDAQ_ORB_15m_p0_short_switch_tp2r_p0_st5_20_bearish_sr350_lr750_buf0_tg1030_2024-07-22,2024-07-22,1,LONG,15,09:45,2.0,2024-07-22 13:47:00+00:00,2024-07-22 13:48:00+00:00,2024-07-22 19:00:00+00:00,17,TIME_EXIT,19979.25,19882.25,97.0,19997.75,20010.75,19882.25,115.5,231.0,500.0,2.1645021645021645,2,24.76,49.52,1
p0_st5_20_bearish_sr350_lr750_buf0_tg1030,NASDAQ_ORB_15m_p0_short_switch_tp2r_p0_st5_20_bearish_sr350_lr750_buf0_tg1030_2024-07-23,2024-07-23,1,LONG,15,09:45,2.0,2024-07-23 14:22:00+00:00,2024-07-23 14:23:00+00:00,2024-07-23 19:00:00+00:00,52,TIME_EXIT,20033.75,19933.25,100.5,20042.5,19976.0,19933.25,109.25,218.5,500.0,2.288329519450801,2,-134.24,-268.48,0
p0_st5_20_bearish_sr350_lr750_buf0_tg1030,NASDAQ_ORB_15m_p0_short_switch_tp2r_p0_st5_20_bearish_sr350_lr750_buf0_tg1030_2024-07-24,2024-07-24,1,SHORT,15,09:45,2.0,2024-07-24 13:57:00+00:00,2024-07-24 13:58:00+00:00,2024-07-24 19:00:00+00:00,27,TIME_EXIT,19655.0,19527.0,128.0,19511.0,19248.5,19655.0,144.0,288.0,350.0,1.2152777777777777,1,523.76,523.76,1
p0_st5_20_bearish_sr350_lr750_buf0_tg1030,NASDAQ_ORB_15m_p0_short_switch_tp2r_p0_st5_20_bearish_sr350_lr750_buf0_tg1030_2024-07-25,2024-07-25,1,SHORT,15,09:45,2.0,2024-07-25 13:55:00+00:00,2024-07-25 13:56:00+00:00,2024-07-25 15:14:00+00:00,25,SWITCH_TO_LONG,19226.5,19107.5,119.0,19101.25,19238.5,19226.5,125.25,250.5,350.0,1.3972055888223553,1,-275.74,-275.74,0
p0_st5_20_bearish_sr350_lr750_buf0_tg1030,NASDAQ_ORB_15m_p0_short_switch_tp2r_p0_st5_20_bearish_sr350_lr750_buf0_tg1030_2024-07-25,2024-07-25,2,LONG,15,09:45,2.0,2024-07-25 15:13:00+00:00,2024-07-25 15:14:00+00:00,2024-07-25 19:00:00+00:00,103,TIME_EXIT,19226.5,19107.5,119.0,19238.5,19128.0,19107.5,131.0,262.0,750.0,2.8625954198473282,2,-222.24,-444.48,0
p0_st5_20_bearish_sr350_lr750_buf0_tg1030,NASDAQ_ORB_15m_p0_short_switch_tp2r_p0_st5_20_bearish_sr350_lr750_buf0_tg1030_2024-07-26,2024-07-26,1,SHORT,15,09:45,2.0,2024-07-26 13:50:00+00:00,2024-07-26 13:51:00+00:00,2024-07-26 14:28:00+00:00,20,SWITCH_TO_LONG,19166.0,19078.75,87.25,19062.75,19177.5,19166.0,103.25,206.5,350.0,1.694915254237288,1,-230.74,-230.74,0
p0_st5_20_bearish_sr350_lr750_buf0_tg1030,NASDAQ_ORB_15m_p0_short_switch_tp2r_p0_st5_20_bearish_sr350_lr750_buf0_tg1030_2024-07-26,2024-07-26,2,LONG,15,09:45,2.0,2024-07-26 14:27:00+00:00,2024-07-26 14:28:00+00:00,2024-07-26 19:00:00+00:00,57,TIME_EXIT,19166.0,19078.75,87.25,19177.5,19129.25,19078.75,98.75,197.5,750.0,3.7974683544303796,3,-97.74,-293.21999999999997,0
p0_st5_20_bearish_sr350_lr750_buf0_tg1030,NASDAQ_ORB_15m_p0_short_switch_tp2r_p0_st5_20_bearish_sr350_lr750_buf0_tg1030_2024-07-29,2024-07-29,1,LONG,15,09:45,2.0,2024-07-29 13:46:00+00:00,2024-07-29 13:47:00+00:00,2024-07-29 19:00:00+00:00,16,TIME_EXIT,19342.75,19222.5,120.25,19358.25,19220.0,19222.5,135.75,271.5,500.0,1.8416206261510129,1,-277.74,-277.74,0
p0_st5_20_bearish_sr350_lr750_buf0_tg1030,NASDAQ_ORB_15m_p0_short_switch_tp2r_p0_st5_20_bearish_sr350_lr750_buf0_tg1030_2024-07-30,2024-07-30,1,SHORT,15,09:45,2.0,2024-07-30 13:55:00+00:00,2024-07-30 13:56:00+00:00,2024-07-30 15:03:00+00:00,25,TP_2R,19319.25,19255.25,64.0,19229.75,19051.0,19319.25,89.5,179.0,350.0,1.9553072625698324,1,356.26,356.26,1
p0_st5_20_bearish_sr350_lr750_buf0_tg1030,NASDAQ_ORB_15m_p0_short_switch_tp2r_p0_st5_20_bearish_sr350_lr750_buf0_tg1030_2024-07-31,2024-07-31,1,LONG,15,09:45,2.0,2024-07-31 14:02:00+00:00,2024-07-31 14:03:00+00:00,2024-07-31 19:00:00+00:00,32,TIME_EXIT,19412.0,19310.5,101.5,19420.75,19554.5,19310.5,110.25,220.5,500.0,2.2675736961451247,2,266.26,532.52,1
p0_st5_20_bearish_sr350_lr750_buf0_tg1030,NASDAQ_ORB_15m_p0_short_switch_tp2r_p0_st5_20_bearish_sr350_lr750_buf0_tg1030_2024-08-01,2024-08-01,1,LONG,15,09:45,2.0,2024-08-01 13:48:00+00:00,2024-08-01 13:49:00+00:00,2024-08-01 19:00:00+00:00,18,TIME_EXIT,19636.5,19505.0,131.5,19643.5,18891.0,19505.0,138.5,277.0,500.0,1.8050541516245486,1,-1506.24,-1506.24,0
p0_st5_20_bearish_sr350_lr750_buf0_tg1030,NASDAQ_ORB_15m_p0_short_switch_tp2r_p0_st5_20_bearish_sr350_lr750_buf0_tg1030_2024-08-06,2024-08-06,1,LONG,15,09:45,2.0,2024-08-06 14:03:00+00:00,2024-08-06 14:04:00+00:00,2024-08-06 19:00:00+00:00,33,TIME_EXIT,18173.75,17970.75,203.0,18179.0,18386.0,17970.75,208.25,416.5,500.0,1.2004801920768307,1,412.76,412.76,1
p0_st5_20_bearish_sr350_lr750_buf0_tg1030,NASDAQ_ORB_15m_p0_short_switch_tp2r_p0_st5_20_bearish_sr350_lr750_buf0_tg1030_2024-08-07,2024-08-07,1,LONG,15,09:45,2.0,2024-08-07 13:51:00+00:00,2024-08-07 13:52:00+00:00,2024-08-07 19:00:00+00:00,21,TIME_EXIT,18540.75,18438.75,102.0,18547.25,18030.25,18438.75,108.5,217.0,500.0,2.304147465437788,2,-1035.24,-2070.48,0
p0_st5_20_bearish_sr350_lr750_buf0_tg1030,NASDAQ_ORB_15m_p0_short_switch_tp2r_p0_st5_20_bearish_sr350_lr750_buf0_tg1030_2024-08-08,2024-08-08,1,LONG,15,09:45,2.0,2024-08-08 14:03:00+00:00,2024-08-08 14:04:00+00:00,2024-08-08 17:47:00+00:00,33,TP_2R,18244.0,18130.25,113.75,18260.25,18520.0,18130.25,130.0,260.0,500.0,1.9230769230769231,1,518.26,518.26,1
p0_st5_20_bearish_sr350_lr750_buf0_tg1030,NASDAQ_ORB_15m_p0_short_switch_tp2r_p0_st5_20_bearish_sr350_lr750_buf0_tg1030_2024-08-09,2024-08-09,1,LONG,15,09:45,2.0,2024-08-09 14:13:00+00:00,2024-08-09 14:14:00+00:00,2024-08-09 19:00:00+00:00,43,TIME_EXIT,18528.75,18445.5,83.25,18547.25,18594.0,18445.5,101.75,203.5,500.0,2.457002457002457,2,92.26,184.52,1
p0_st5_20_bearish_sr350_lr750_buf0_tg1030,NASDAQ_ORB_15m_p0_short_switch_tp2r_p0_st5_20_bearish_sr350_lr750_buf0_tg1030_2024-08-12,2024-08-12,1,SHORT,15,09:45,2.0,2024-08-12 13:47:00+00:00,2024-08-12 13:48:00+00:00,2024-08-12 14:18:00+00:00,17,SWITCH_TO_LONG,18672.75,18557.25,115.5,18552.75,18674.25,18672.75,120.0,240.0,350.0,1.4583333333333333,1,-244.24,-244.24,0
p0_st5_20_bearish_sr350_lr750_buf0_tg1030,NASDAQ_ORB_15m_p0_short_switch_tp2r_p0_st5_20_bearish_sr350_lr750_buf0_tg1030_2024-08-12,2024-08-12,2,LONG,15,09:45,2.0,2024-08-12 14:17:00+00:00,2024-08-12 14:18:00+00:00,2024-08-12 19:00:00+00:00,47,TIME_EXIT,18672.75,18557.25,115.5,18674.25,18647.0,18557.25,117.0,234.0,750.0,3.2051282051282053,3,-55.74,-167.22,0
p0_st5_20_bearish_sr350_lr750_buf0_tg1030,NASDAQ_ORB_15m_p0_short_switch_tp2r_p0_st5_20_bearish_sr350_lr750_buf0_tg1030_2024-08-13,2024-08-13,1,LONG,15,09:45,2.0,2024-08-13 13:50:00+00:00,2024-08-13 13:51:00+00:00,2024-08-13 17:02:00+00:00,20,TP_2R,18891.25,18815.75,75.5,18903.0,19077.25,18815.75,87.25,174.5,500.0,2.865329512893983,2,347.26,694.52,1
p0_st5_20_bearish_sr350_lr750_buf0_tg1030,NASDAQ_ORB_15m_p0_short_switch_tp2r_p0_st5_20_bearish_sr350_lr750_buf0_tg1030_2024-08-14,2024-08-14,1,SHORT,15,09:45,2.0,2024-08-14 13:55:00+00:00,2024-08-14 13:56:00+00:00,2024-08-14 15:56:00+00:00,25,SWITCH_TO_LONG,19175.0,19043.5,131.5,19029.0,19176.0,19175.0,146.0,292.0,350.0,1.1986301369863013,1,-295.24,-295.24,0
p0_st5_20_bearish_sr350_lr750_buf0_tg1030,NASDAQ_ORB_15m_p0_short_switch_tp2r_p0_st5_20_bearish_sr350_lr750_buf0_tg1030_2024-08-14,2024-08-14,2,LONG,15,09:45,2.0,2024-08-14 15:55:00+00:00,2024-08-14 15:56:00+00:00,2024-08-14 19:00:00+00:00,145,TIME_EXIT,19175.0,19043.5,131.5,19176.0,19109.5,19043.5,132.5,265.0,750.0,2.830188679245283,2,-134.24,-268.48,0
p0_st5_20_bearish_sr350_lr750_buf0_tg1030,NASDAQ_ORB_15m_p0_short_switch_tp2r_p0_st5_20_bearish_sr350_lr750_buf0_tg1030_2024-08-15,2024-08-15,1,LONG,15,09:45,2.0,2024-08-15 13:50:00+00:00,2024-08-15 13:51:00+00:00,2024-08-15 16:18:00+00:00,20,TP_2R,19395.75,19336.25,59.5,19409.5,19555.75,19336.25,73.25,146.5,500.0,3.4129692832764507,3,291.26,873.78,1
p0_st5_20_bearish_sr350_lr750_buf0_tg1030,NASDAQ_ORB_15m_p0_short_switch_tp2r_p0_st5_20_bearish_sr350_lr750_buf0_tg1030_2024-08-16,2024-08-16,1,LONG,15,09:45,2.0,2024-08-16 14:04:00+00:00,2024-08-16 14:05:00+00:00,2024-08-16 19:00:00+00:00,34,TIME_EXIT,19534.75,19462.5,72.25,19537.75,19622.5,19462.5,75.25,150.5,500.0,3.3222591362126246,3,168.26,504.78,1
p0_st5_20_bearish_sr350_lr750_buf0_tg1030,NASDAQ_ORB_15m_p0_short_switch_tp2r_p0_st5_20_bearish_sr350_lr750_buf0_tg1030_2024-08-19,2024-08-19,1,LONG,15,09:45,2.0,2024-08-19 13:49:00+00:00,2024-08-19 13:50:00+00:00,2024-08-19 18:45:00+00:00,19,TP_2R,19616.75,19545.0,71.75,19623.25,19779.5,19545.0,78.25,156.5,500.0,3.194888178913738,3,311.26,933.78,1
p0_st5_20_bearish_sr350_lr750_buf0_tg1030,NASDAQ_ORB_15m_p0_short_switch_tp2r_p0_st5_20_bearish_sr350_lr750_buf0_tg1030_2024-08-20,2024-08-20,1,LONG,15,09:45,2.0,2024-08-20 13:49:00+00:00,2024-08-20 13:50:00+00:00,2024-08-20 19:00:00+00:00,19,TIME_EXIT,19878.5,19816.75,61.75,19882.25,19851.25,19816.75,65.5,131.0,500.0,3.816793893129771,3,-63.24,-189.72,0
p0_st5_20_bearish_sr350_lr750_buf0_tg1030,NASDAQ_ORB_15m_p0_short_switch_tp2r_p0_st5_20_bearish_sr350_lr750_buf0_tg1030_2024-08-21,2024-08-21,1,LONG,15,09:45,2.0,2024-08-21 13:46:00+00:00,2024-08-21 13:47:00+00:00,2024-08-21 14:42:00+00:00,16,TP_2R,19860.5,19813.25,47.25,19861.25,19957.0,19813.25,48.0,96.0,500.0,5.208333333333333,5,190.26,951.3,1
p0_st5_20_bearish_sr350_lr750_buf0_tg1030,NASDAQ_ORB_15m_p0_short_switch_tp2r_p0_st5_20_bearish_sr350_lr750_buf0_tg1030_2024-08-22,2024-08-22,1,SHORT,15,09:45,2.0,2024-08-22 14:10:00+00:00,2024-08-22 14:11:00+00:00,2024-08-22 15:51:00+00:00,40,TP_2R,20025.75,19970.0,55.75,19907.75,19672.0,20025.75,118.0,236.0,350.0,1.4830508474576272,1,470.26,470.26,1
p0_st5_20_bearish_sr350_lr750_buf0_tg1030,NASDAQ_ORB_15m_p0_short_switch_tp2r_p0_st5_20_bearish_sr350_lr750_buf0_tg1030_2024-08-23,2024-08-23,1,LONG,15,09:45,2.0,2024-08-23 14:01:00+00:00,2024-08-23 14:02:00+00:00,2024-08-23 19:00:00+00:00,31,TIME_EXIT,19764.5,19706.5,58.0,19818.5,19738.5,19706.5,112.0,224.0,500.0,2.232142857142857,2,-161.24,-322.48,0
p0_st5_20_bearish_sr350_lr750_buf0_tg1030,NASDAQ_ORB_15m_p0_short_switch_tp2r_p0_st5_20_bearish_sr350_lr750_buf0_tg1030_2024-08-26,2024-08-26,1,SHORT,15,09:45,2.0,2024-08-26 13:46:00+00:00,2024-08-26 13:47:00+00:00,2024-08-26 14:20:00+00:00,16,TP_2R,19801.5,19742.75,58.75,19740.75,19619.5,19801.5,60.75,121.5,350.0,2.880658436213992,2,241.26,482.52,1
p0_st5_20_bearish_sr350_lr750_buf0_tg1030,NASDAQ_ORB_15m_p0_short_switch_tp2r_p0_st5_20_bearish_sr350_lr750_buf0_tg1030_2024-08-27,2024-08-27,1,SHORT,15,09:45,2.0,2024-08-27 13:46:00+00:00,2024-08-27 13:47:00+00:00,2024-08-27 13:55:00+00:00,16,SWITCH_TO_LONG,19539.25,19454.5,84.75,19449.5,19553.75,19539.25,89.75,179.5,350.0,1.9498607242339834,1,-209.74,-209.74,0
p0_st5_20_bearish_sr350_lr750_buf0_tg1030,NASDAQ_ORB_15m_p0_short_switch_tp2r_p0_st5_20_bearish_sr350_lr750_buf0_tg1030_2024-08-27,2024-08-27,2,LONG,15,09:45,2.0,2024-08-27 13:54:00+00:00,2024-08-27 13:55:00+00:00,2024-08-27 19:00:00+00:00,24,TIME_EXIT,19539.25,19454.5,84.75,19553.75,19655.75,19454.5,99.25,198.5,750.0,3.7783375314861463,3,202.76,608.28,1
p0_st5_20_bearish_sr350_lr750_buf0_tg1030,NASDAQ_ORB_15m_p0_short_switch_tp2r_p0_st5_20_bearish_sr350_lr750_buf0_tg1030_2024-08-28,2024-08-28,1,SHORT,15,09:45,2.0,2024-08-28 13:46:00+00:00,2024-08-28 13:47:00+00:00,2024-08-28 15:04:00+00:00,16,TP_2R,19656.75,19584.0,72.75,19575.75,19414.0,19656.75,81.0,162.0,350.0,2.1604938271604937,2,322.26,644.52,1
p0_st5_20_bearish_sr350_lr750_buf0_tg1030,NASDAQ_ORB_15m_p0_short_switch_tp2r_p0_st5_20_bearish_sr350_lr750_buf0_tg1030_2024-08-29,2024-08-29,1,LONG,15,09:45,2.0,2024-08-29 13:50:00+00:00,2024-08-29 13:51:00+00:00,2024-08-29 19:00:00+00:00,20,TIME_EXIT,19610.0,19478.0,132.0,19616.5,19400.5,19478.0,138.5,277.0,500.0,1.8050541516245486,1,-433.24,-433.24,0
p0_st5_20_bearish_sr350_lr750_buf0_tg1030,NASDAQ_ORB_15m_p0_short_switch_tp2r_p0_st5_20_bearish_sr350_lr750_buf0_tg1030_2024-08-30,2024-08-30,1,LONG,15,09:45,2.0,2024-08-30 13:46:00+00:00,2024-08-30 13:47:00+00:00,2024-08-30 19:00:00+00:00,16,TIME_EXIT,19577.0,19513.0,64.0,19581.5,19523.5,19513.0,68.5,137.0,500.0,3.6496350364963503,3,-117.24,-351.71999999999997,0
p0_st5_20_bearish_sr350_lr750_buf0_tg1030,NASDAQ_ORB_15m_p0_short_switch_tp2r_p0_st5_20_bearish_sr350_lr750_buf0_tg1030_2024-09-02,2024-09-02,1,LONG,15,09:45,2.0,2024-09-02 13:46:00+00:00,2024-09-02 13:47:00+00:00,2024-09-02 22:02:00+00:00,16,TIME_EXIT,19644.0,19614.0,30.0,19644.75,19659.25,19614.0,30.75,61.5,500.0,8.130081300813009,8,27.76,222.08,1
p0_st5_20_bearish_sr350_lr750_buf0_tg1030,NASDAQ_ORB_15m_p0_short_switch_tp2r_p0_st5_20_bearish_sr350_lr750_buf0_tg1030_2024-09-03,2024-09-03,1,SHORT,15,09:45,2.0,2024-09-03 13:55:00+00:00,2024-09-03 13:56:00+00:00,2024-09-03 18:09:00+00:00,25,TP_2R,19483.25,19357.5,125.75,19340.75,19056.0,19483.25,142.5,285.0,350.0,1.2280701754385965,1,568.26,568.26,1
p0_st5_20_bearish_sr350_lr750_buf0_tg1030,NASDAQ_ORB_15m_p0_short_switch_tp2r_p0_st5_20_bearish_sr350_lr750_buf0_tg1030_2024-09-04,2024-09-04,1,LONG,15,09:45,2.0,2024-09-04 13:46:00+00:00,2024-09-04 13:47:00+00:00,2024-09-04 19:00:00+00:00,16,TIME_EXIT,18965.75,18860.0,105.75,18967.5,18937.25,18860.0,107.5,215.0,500.0,2.3255813953488373,2,-61.74,-123.48,0
p0_st5_20_bearish_sr350_lr750_buf0_tg1030,NASDAQ_ORB_15m_p0_short_switch_tp2r_p0_st5_20_bearish_sr350_lr750_buf0_tg1030_2024-09-05,2024-09-05,1,LONG,15,09:45,2.0,2024-09-05 13:55:00+00:00,2024-09-05 13:56:00+00:00,2024-09-05 19:00:00+00:00,25,TIME_EXIT,19033.0,18884.75,148.25,19034.75,18989.25,18884.75,150.0,300.0,500.0,1.6666666666666667,1,-92.24,-92.24,0
p0_st5_20_bearish_sr350_lr750_buf0_tg1030,NASDAQ_ORB_15m_p0_short_switch_tp2r_p0_st5_20_bearish_sr350_lr750_buf0_tg1030_2024-09-09,2024-09-09,1,LONG,15,09:45,2.0,2024-09-09 13:59:00+00:00,2024-09-09 14:00:00+00:00,2024-09-09 19:00:00+00:00,29,TIME_EXIT,18675.0,18605.0,70.0,18693.0,18603.5,18605.0,88.0,176.0,500.0,2.840909090909091,2,-180.24,-360.48,0
p0_st5_20_bearish_sr350_lr750_buf0_tg1030,NASDAQ_ORB_15m_p0_short_switch_tp2r_p0_st5_20_bearish_sr350_lr750_buf0_tg1030_2024-09-10,2024-09-10,1,SHORT,15,09:45,2.0,2024-09-10 14:25:00+00:00,2024-09-10 14:26:00+00:00,2024-09-10 18:03:00+00:00,55,SWITCH_TO_LONG,18821.75,18721.5,100.25,18709.5,18828.0,18821.75,112.25,224.5,350.0,1.55902004454343,1,-238.24,-238.24,0
p0_st5_20_bearish_sr350_lr750_buf0_tg1030,NASDAQ_ORB_15m_p0_short_switch_tp2r_p0_st5_20_bearish_sr350_lr750_buf0_tg1030_2024-09-10,2024-09-10,2,LONG,15,09:45,2.0,2024-09-10 18:02:00+00:00,2024-09-10 18:03:00+00:00,2024-09-10 19:00:00+00:00,272,TIME_EXIT,18821.75,18721.5,100.25,18828.0,18823.25,18721.5,106.5,213.0,750.0,3.5211267605633805,3,-10.74,-32.22,0
p0_st5_20_bearish_sr350_lr750_buf0_tg1030,NASDAQ_ORB_15m_p0_short_switch_tp2r_p0_st5_20_bearish_sr350_lr750_buf0_tg1030_2024-09-11,2024-09-11,1,SHORT,15,09:45,2.0,2024-09-11 13:53:00+00:00,2024-09-11 13:54:00+00:00,2024-09-11 14:35:00+00:00,23,TP_2R,18906.5,18808.75,97.75,18808.5,18612.75,18906.5,98.0,196.0,350.0,1.7857142857142858,1,390.26,390.26,1
p0_st5_20_bearish_sr350_lr750_buf0_tg1030,NASDAQ_ORB_15m_p0_short_switch_tp2r_p0_st5_20_bearish_sr350_lr750_buf0_tg1030_2024-09-12,2024-09-12,1,SHORT,15,09:45,2.0,2024-09-12 13:50:00+00:00,2024-09-12 13:51:00+00:00,2024-09-12 14:14:00+00:00,20,SWITCH_TO_LONG,19289.5,19210.0,79.5,19208.75,19296.0,19289.5,80.75,161.5,350.0,2.1671826625387,2,-175.74,-351.48,0
p0_st5_20_bearish_sr350_lr750_buf0_tg1030,NASDAQ_ORB_15m_p0_short_switch_tp2r_p0_st5_20_bearish_sr350_lr750_buf0_tg1030_2024-09-12,2024-09-12,2,LONG,15,09:45,2.0,2024-09-12 14:13:00+00:00,2024-09-12 14:14:00+00:00,2024-09-12 17:57:00+00:00,43,TP_2R,19289.5,19210.0,79.5,19296.0,19467.75,19210.0,86.0,172.0,750.0,4.3604651162790695,4,342.26,1369.04,1
p0_st5_20_bearish_sr350_lr750_buf0_tg1030,NASDAQ_ORB_15m_p0_short_switch_tp2r_p0_st5_20_bearish_sr350_lr750_buf0_tg1030_2024-09-13,2024-09-13,1,LONG,15,09:45,2.0,2024-09-13 14:08:00+00:00,2024-09-13 14:09:00+00:00,2024-09-13 19:00:00+00:00,38,TIME_EXIT,19503.0,19396.0,107.0,19504.5,19513.0,19396.0,108.5,217.0,500.0,2.304147465437788,2,15.76,31.52,1
p0_st5_20_bearish_sr350_lr750_buf0_tg1030,NASDAQ_ORB_15m_p0_short_switch_tp2r_p0_st5_20_bearish_sr350_lr750_buf0_tg1030_2024-09-17,2024-09-17,1,SHORT,15,09:45,2.0,2024-09-17 13:50:00+00:00,2024-09-17 13:51:00+00:00,2024-09-17 14:47:00+00:00,20,SWITCH_TO_LONG,19828.75,19756.5,72.25,19749.0,19840.25,19828.75,79.75,159.5,350.0,2.19435736677116,2,-183.74,-367.48,0
p0_st5_20_bearish_sr350_lr750_buf0_tg1030,NASDAQ_ORB_15m_p0_short_switch_tp2r_p0_st5_20_bearish_sr350_lr750_buf0_tg1030_2024-09-17,2024-09-17,2,LONG,15,09:45,2.0,2024-09-17 14:46:00+00:00,2024-09-17 14:47:00+00:00,2024-09-17 19:00:00+00:00,76,TIME_EXIT,19828.75,19756.5,72.25,19840.25,19640.25,19756.5,83.75,167.5,750.0,4.477611940298507,4,-401.24,-1604.96,0
p0_st5_20_bearish_sr350_lr750_buf0_tg1030,NASDAQ_ORB_15m_p0_short_switch_tp2r_p0_st5_20_bearish_sr350_lr750_buf0_tg1030_2024-09-18,2024-09-18,1,SHORT,15,09:45,2.0,2024-09-18 14:12:00+00:00,2024-09-18 14:13:00+00:00,2024-09-18 18:02:00+00:00,42,SWITCH_TO_LONG,19736.75,19669.25,67.5,19658.75,19849.5,19736.75,78.0,156.0,350.0,2.2435897435897436,2,-382.74,-765.48,0
p0_st5_20_bearish_sr350_lr750_buf0_tg1030,NASDAQ_ORB_15m_p0_short_switch_tp2r_p0_st5_20_bearish_sr350_lr750_buf0_tg1030_2024-09-18,2024-09-18,2,LONG,15,09:45,2.0,2024-09-18 18:01:00+00:00,2024-09-18 18:02:00+00:00,2024-09-18 19:00:00+00:00,271,TIME_EXIT,19736.75,19669.25,67.5,19849.5,19722.25,19669.25,180.25,360.5,750.0,2.0804438280166435,2,-255.74,-511.48,0
p0_st5_20_bearish_sr350_lr750_buf0_tg1030,NASDAQ_ORB_15m_p0_short_switch_tp2r_p0_st5_20_bearish_sr350_lr750_buf0_tg1030_2024-09-19,2024-09-19,1,LONG,15,09:45,2.0,2024-09-19 14:19:00+00:00,2024-09-19 14:20:00+00:00,2024-09-19 19:00:00+00:00,49,TIME_EXIT,20073.25,20003.75,69.5,20081.75,20148.5,20003.75,78.0,156.0,500.0,3.2051282051282053,3,132.26,396.78,1
p0_st5_20_bearish_sr350_lr750_buf0_tg1030,NASDAQ_ORB_15m_p0_short_switch_tp2r_p0_st5_20_bearish_sr350_lr750_buf0_tg1030_2024-09-20,2024-09-20,1,SHORT,15,09:45,2.0,2024-09-20 14:00:00+00:00,2024-09-20 14:01:00+00:00,2024-09-20 19:00:00+00:00,30,TIME_EXIT,20082.5,20030.25,52.25,20001.0,19998.25,20082.5,81.5,163.0,350.0,2.147239263803681,2,4.26,8.52,1
p0_st5_20_bearish_sr350_lr750_buf0_tg1030,NASDAQ_ORB_15m_p0_short_switch_tp2r_p0_st5_20_bearish_sr350_lr750_buf0_tg1030_2024-09-23,2024-09-23,1,LONG,15,09:45,2.0,2024-09-23 13:50:00+00:00,2024-09-23 13:51:00+00:00,2024-09-23 19:00:00+00:00,20,TIME_EXIT,20086.5,20031.75,54.75,20100.5,20081.0,20031.75,68.75,137.5,500.0,3.6363636363636362,3,-40.24,-120.72,0
p0_st5_20_bearish_sr350_lr750_buf0_tg1030,NASDAQ_ORB_15m_p0_short_switch_tp2r_p0_st5_20_bearish_sr350_lr750_buf0_tg1030_2024-09-24,2024-09-24,1,SHORT,15,09:45,2.0,2024-09-24 14:05:00+00:00,2024-09-24 14:06:00+00:00,2024-09-24 15:48:00+00:00,35,SWITCH_TO_LONG,20154.0,20094.25,59.75,20003.25,20156.5,20154.0,150.75,301.5,350.0,1.1608623548922057,1,-307.74,-307.74,0
p0_st5_20_bearish_sr350_lr750_buf0_tg1030,NASDAQ_ORB_15m_p0_short_switch_tp2r_p0_st5_20_bearish_sr350_lr750_buf0_tg1030_2024-09-24,2024-09-24,2,LONG,15,09:45,2.0,2024-09-24 15:47:00+00:00,2024-09-24 15:48:00+00:00,2024-09-24 19:00:00+00:00,137,TIME_EXIT,20154.0,20094.25,59.75,20156.5,20147.25,20094.25,62.25,124.5,750.0,6.024096385542169,6,-19.74,-118.44,0
p0_st5_20_bearish_sr350_lr750_buf0_tg1030,NASDAQ_ORB_15m_p0_short_switch_tp2r_p0_st5_20_bearish_sr350_lr750_buf0_tg1030_2024-09-25,2024-09-25,1,LONG,15,09:45,2.0,2024-09-25 13:57:00+00:00,2024-09-25 13:58:00+00:00,2024-09-25 19:00:00+00:00,27,TIME_EXIT,20205.75,20138.25,67.5,20221.0,20189.75,20138.25,82.75,165.5,500.0,3.0211480362537766,3,-63.74,-191.22,0
p0_st5_20_bearish_sr350_lr750_buf0_tg1030,NASDAQ_ORB_15m_p0_short_switch_tp2r_p0_st5_20_bearish_sr350_lr750_buf0_tg1030_2024-09-26,2024-09-26,1,SHORT,15,09:45,2.0,2024-09-26 13:49:00+00:00,2024-09-26 13:50:00+00:00,2024-09-26 15:01:00+00:00,19,TP_2R,20518.0,20419.25,98.75,20411.75,20199.5,20518.0,106.25,212.5,350.0,1.6470588235294117,1,423.26,423.26,1
p0_st5_20_bearish_sr350_lr750_buf0_tg1030,NASDAQ_ORB_15m_p0_short_switch_tp2r_p0_st5_20_bearish_sr350_lr750_buf0_tg1030_2024-09-27,2024-09-27,1,SHORT,15,09:45,2.0,2024-09-27 14:17:00+00:00,2024-09-27 14:18:00+00:00,2024-09-27 19:00:00+00:00,47,TIME_EXIT,20383.0,20310.25,72.75,20307.75,20249.5,20383.0,75.25,150.5,350.0,2.3255813953488373,2,115.26,230.52,1
p0_st5_20_bearish_sr350_lr750_buf0_tg1030,NASDAQ_ORB_15m_p0_short_switch_tp2r_p0_st5_20_bearish_sr350_lr750_buf0_tg1030_2024-09-30,2024-09-30,1,SHORT,15,09:45,2.0,2024-09-30 14:15:00+00:00,2024-09-30 14:16:00+00:00,2024-09-30 19:00:00+00:00,45,TIME_EXIT,20260.0,20168.5,91.5,20168.0,20147.25,20260.0,92.0,184.0,350.0,1.9021739130434783,1,40.26,40.26,1
p0_st5_20_bearish_sr350_lr750_buf0_tg1030,NASDAQ_ORB_15m_p0_short_switch_tp2r_p0_st5_20_bearish_sr350_lr750_buf0_tg1030_2024-10-02,2024-10-02,1,LONG,15,09:45,2.0,2024-10-02 14:12:00+00:00,2024-10-02 14:13:00+00:00,2024-10-02 19:00:00+00:00,42,TIME_EXIT,19967.0,19836.0,131.0,19971.5,20024.25,19836.0,135.5,271.0,500.0,1.845018450184502,1,104.26,104.26,1
p0_st5_20_bearish_sr350_lr750_buf0_tg1030,NASDAQ_ORB_15m_p0_short_switch_tp2r_p0_st5_20_bearish_sr350_lr750_buf0_tg1030_2024-10-03,2024-10-03,1,LONG,15,09:45,2.0,2024-10-03 13:55:00+00:00,2024-10-03 13:56:00+00:00,2024-10-03 19:00:00+00:00,25,TIME_EXIT,20006.25,19894.5,111.75,20011.75,19942.5,19894.5,117.25,234.5,500.0,2.1321961620469083,2,-139.74,-279.48,0
p0_st5_20_bearish_sr350_lr750_buf0_tg1030,NASDAQ_ORB_15m_p0_short_switch_tp2r_p0_st5_20_bearish_sr350_lr750_buf0_tg1030_2024-10-04,2024-10-04,1,SHORT,15,09:45,2.0,2024-10-04 13:55:00+00:00,2024-10-04 13:56:00+00:00,2024-10-04 19:00:00+00:00,25,TIME_EXIT,20239.75,20186.25,53.5,20148.75,20171.25,20239.75,91.0,182.0,350.0,1.9230769230769231,1,-46.24,-46.24,0
p0_st5_20_bearish_sr350_lr750_buf0_tg1030,NASDAQ_ORB_15m_p0_short_switch_tp2r_p0_st5_20_bearish_sr350_lr750_buf0_tg1030_2024-10-07,2024-10-07,1,LONG,15,09:45,2.0,2024-10-07 14:20:00+00:00,2024-10-07 14:21:00+00:00,2024-10-07 19:00:00+00:00,50,TIME_EXIT,20163.75,20107.25,56.5,20169.0,19969.25,20107.25,61.75,123.5,500.0,4.048582995951417,4,-400.74,-1602.96,0
p0_st5_20_bearish_sr350_lr750_buf0_tg1030,NASDAQ_ORB_15m_p0_short_switch_tp2r_p0_st5_20_bearish_sr350_lr750_buf0_tg1030_2024-10-08,2024-10-08,1,LONG,15,09:45,2.0,2024-10-08 13:53:00+00:00,2024-10-08 13:54:00+00:00,2024-10-08 14:36:00+00:00,23,TP_2R,20115.75,20069.5,46.25,20117.75,20214.0,20069.5,48.25,96.5,500.0,5.181347150259067,5,191.26,956.3,1
p0_st5_20_bearish_sr350_lr750_buf0_tg1030,NASDAQ_ORB_15m_p0_short_switch_tp2r_p0_st5_20_bearish_sr350_lr750_buf0_tg1030_2024-10-09,2024-10-09,1,LONG,15,09:45,2.0,2024-10-09 14:12:00+00:00,2024-10-09 14:13:00+00:00,2024-10-09 15:51:00+00:00,42,TP_2R,20299.25,20238.25,61.0,20302.0,20429.25,20238.25,63.75,127.5,500.0,3.9215686274509802,3,253.26,759.78,1
p0_st5_20_bearish_sr350_lr750_buf0_tg1030,NASDAQ_ORB_15m_p0_short_switch_tp2r_p0_st5_20_bearish_sr350_lr750_buf0_tg1030_2024-10-10,2024-10-10,1,SHORT,15,09:45,2.0,2024-10-10 13:48:00+00:00,2024-10-10 13:49:00+00:00,2024-10-10 14:07:00+00:00,18,SWITCH_TO_LONG,20390.0,20340.0,50.0,20331.0,20397.5,20390.0,59.0,118.0,350.0,2.9661016949152543,2,-134.24,-268.48,0
p0_st5_20_bearish_sr350_lr750_buf0_tg1030,NASDAQ_ORB_15m_p0_short_switch_tp2r_p0_st5_20_bearish_sr350_lr750_buf0_tg1030_2024-10-10,2024-10-10,2,LONG,15,09:45,2.0,2024-10-10 14:06:00+00:00,2024-10-10 14:07:00+00:00,2024-10-10 19:00:00+00:00,36,TIME_EXIT,20390.0,20340.0,50.0,20397.5,20419.0,20340.0,57.5,115.0,750.0,6.521739130434782,6,41.76,250.56,1
p0_st5_20_bearish_sr350_lr750_buf0_tg1030,NASDAQ_ORB_15m_p0_short_switch_tp2r_p0_st5_20_bearish_sr350_lr750_buf0_tg1030_2024-10-11,2024-10-11,1,LONG,15,09:45,2.0,2024-10-11 13:47:00+00:00,2024-10-11 13:48:00+00:00,2024-10-11 14:16:00+00:00,17,TP_2R,20352.25,20313.25,39.0,20357.0,20444.25,20313.25,43.75,87.5,500.0,5.714285714285714,5,173.26,866.3,1
p0_st5_20_bearish_sr350_lr750_buf0_tg1030,NASDAQ_ORB_15m_p0_short_switch_tp2r_p0_st5_20_bearish_sr350_lr750_buf0_tg1030_2024-10-14,2024-10-14,1,LONG,15,09:45,2.0,2024-10-14 13:47:00+00:00,2024-10-14 13:48:00+00:00,2024-10-14 19:00:00+00:00,17,TIME_EXIT,20609.0,20540.75,68.25,20615.5,20625.5,20540.75,74.75,149.5,500.0,3.3444816053511706,3,18.76,56.28,1
p0_st5_20_bearish_sr350_lr750_buf0_tg1030,NASDAQ_ORB_15m_p0_short_switch_tp2r_p0_st5_20_bearish_sr350_lr750_buf0_tg1030_2024-10-15,2024-10-15,1,SHORT,15,09:45,2.0,2024-10-15 14:15:00+00:00,2024-10-15 14:16:00+00:00,2024-10-15 14:35:00+00:00,45,TP_2R,20659.25,20605.75,53.5,20582.0,20427.75,20659.25,77.25,154.5,350.0,2.26537216828479,2,307.26,614.52,1
p0_st5_20_bearish_sr350_lr750_buf0_tg1030,NASDAQ_ORB_15m_p0_short_switch_tp2r_p0_st5_20_bearish_sr350_lr750_buf0_tg1030_2024-10-16,2024-10-16,1,SHORT,15,09:45,2.0,2024-10-16 13:51:00+00:00,2024-10-16 13:52:00+00:00,2024-10-16 18:24:00+00:00,21,SWITCH_TO_LONG,20357.5,20241.75,115.75,20231.0,20363.5,20357.5,126.5,253.0,350.0,1.383399209486166,1,-266.24,-266.24,0
p0_st5_20_bearish_sr350_lr750_buf0_tg1030,NASDAQ_ORB_15m_p0_short_switch_tp2r_p0_st5_20_bearish_sr350_lr750_buf0_tg1030_2024-10-16,2024-10-16,2,LONG,15,09:45,2.0,2024-10-16 18:23:00+00:00,2024-10-16 18:24:00+00:00,2024-10-16 19:00:00+00:00,293,TIME_EXIT,20357.5,20241.75,115.75,20363.5,20361.25,20241.75,121.75,243.5,750.0,3.080082135523614,3,-5.74,-17.22,0
p0_st5_20_bearish_sr350_lr750_buf0_tg1030,NASDAQ_ORB_15m_p0_short_switch_tp2r_p0_st5_20_bearish_sr350_lr750_buf0_tg1030_2024-10-18,2024-10-18,1,LONG,15,09:45,2.0,2024-10-18 14:08:00+00:00,2024-10-18 14:09:00+00:00,2024-10-18 19:00:00+00:00,38,TIME_EXIT,20502.25,20433.0,69.25,20506.5,20492.25,20433.0,73.5,147.0,500.0,3.401360544217687,3,-29.74,-89.22,0
p0_st5_20_bearish_sr350_lr750_buf0_tg1030,NASDAQ_ORB_15m_p0_short_switch_tp2r_p0_st5_20_bearish_sr350_lr750_buf0_tg1030_2024-10-21,2024-10-21,1,LONG,15,09:45,2.0,2024-10-21 13:50:00+00:00,2024-10-21 13:51:00+00:00,2024-10-21 19:00:00+00:00,20,TIME_EXIT,20488.25,20423.0,65.25,20490.75,20457.75,20423.0,67.75,135.5,500.0,3.690036900369004,3,-67.24,-201.71999999999997,0
p0_st5_20_bearish_sr350_lr750_buf0_tg1030,NASDAQ_ORB_15m_p0_short_switch_tp2r_p0_st5_20_bearish_sr350_lr750_buf0_tg1030_2024-10-22,2024-10-22,1,LONG,15,09:45,2.0,2024-10-22 13:46:00+00:00,2024-10-22 13:47:00+00:00,2024-10-22 19:00:00+00:00,16,TIME_EXIT,20458.25,20368.75,89.5,20469.75,20521.5,20368.75,101.0,202.0,500.0,2.4752475247524752,2,102.26,204.52,1
p0_st5_20_bearish_sr350_lr750_buf0_tg1030,NASDAQ_ORB_15m_p0_short_switch_tp2r_p0_st5_20_bearish_sr350_lr750_buf0_tg1030_2024-10-23,2024-10-23,1,SHORT,15,09:45,2.0,2024-10-23 14:03:00+00:00,2024-10-23 14:04:00+00:00,2024-10-23 16:09:00+00:00,33,TP_2R,20462.75,20407.0,55.75,20403.25,20284.5,20462.75,59.5,119.0,350.0,2.9411764705882355,2,236.26,472.52,1
p0_st5_20_bearish_sr350_lr750_buf0_tg1030,NASDAQ_ORB_15m_p0_short_switch_tp2r_p0_st5_20_bearish_sr350_lr750_buf0_tg1030_2024-10-24,2024-10-24,1,SHORT,15,09:45,2.0,2024-10-24 13:49:00+00:00,2024-10-24 13:50:00+00:00,2024-10-24 17:08:00+00:00,19,SWITCH_TO_LONG,20376.75,20312.0,64.75,20304.75,20380.0,20376.75,72.0,144.0,350.0,2.4305555555555554,2,-151.74,-303.48,0
p0_st5_20_bearish_sr350_lr750_buf0_tg1030,NASDAQ_ORB_15m_p0_short_switch_tp2r_p0_st5_20_bearish_sr350_lr750_buf0_tg1030_2024-10-24,2024-10-24,2,LONG,15,09:45,2.0,2024-10-24 17:07:00+00:00,2024-10-24 17:08:00+00:00,2024-10-24 19:00:00+00:00,217,TIME_EXIT,20376.75,20312.0,64.75,20380.0,20368.0,20312.0,68.0,136.0,750.0,5.514705882352941,5,-25.24,-126.19999999999999,0
p0_st5_20_bearish_sr350_lr750_buf0_tg1030,NASDAQ_ORB_15m_p0_short_switch_tp2r_p0_st5_20_bearish_sr350_lr750_buf0_tg1030_2024-10-25,2024-10-25,1,LONG,15,09:45,2.0,2024-10-25 13:46:00+00:00,2024-10-25 13:47:00+00:00,2024-10-25 19:00:00+00:00,16,TIME_EXIT,20588.75,20490.0,98.75,20593.0,20543.0,20490.0,103.0,206.0,500.0,2.4271844660194173,2,-101.24,-202.48,0
p0_st5_20_bearish_sr350_lr750_buf0_tg1030,NASDAQ_ORB_15m_p0_short_switch_tp2r_p0_st5_20_bearish_sr350_lr750_buf0_tg1030_2024-10-28,2024-10-28,1,SHORT,15,09:45,2.0,2024-10-28 13:51:00+00:00,2024-10-28 13:52:00+00:00,2024-10-28 19:00:00+00:00,21,TIME_EXIT,20627.0,20556.5,70.5,20541.5,20523.0,20627.0,85.5,171.0,350.0,2.046783625730994,2,35.76,71.52,1
p0_st5_20_bearish_sr350_lr750_buf0_tg1030,NASDAQ_ORB_15m_p0_short_switch_tp2r_p0_st5_20_bearish_sr350_lr750_buf0_tg1030_2024-10-29,2024-10-29,1,LONG,15,09:45,2.0,2024-10-29 14:04:00+00:00,2024-10-29 14:05:00+00:00,2024-10-29 19:00:00+00:00,34,TIME_EXIT,20526.75,20432.0,94.75,20531.75,20694.75,20432.0,99.75,199.5,500.0,2.506265664160401,2,324.76,649.52,1
p0_st5_20_bearish_sr350_lr750_buf0_tg1030,NASDAQ_ORB_15m_p0_short_switch_tp2r_p0_st5_20_bearish_sr350_lr750_buf0_tg1030_2024-10-30,2024-10-30,1,LONG,15,09:45,2.0,2024-10-30 14:20:00+00:00,2024-10-30 14:21:00+00:00,2024-10-30 19:00:00+00:00,50,TIME_EXIT,20669.5,20543.0,126.5,20679.5,20604.25,20543.0,136.5,273.0,500.0,1.8315018315018314,1,-151.74,-151.74,0
p0_st5_20_bearish_sr350_lr750_buf0_tg1030,NASDAQ_ORB_15m_p0_short_switch_tp2r_p0_st5_20_bearish_sr350_lr750_buf0_tg1030_2024-10-31,2024-10-31,1,SHORT,15,09:45,2.0,2024-10-31 13:46:00+00:00,2024-10-31 13:47:00+00:00,2024-10-31 19:00:00+00:00,16,TIME_EXIT,20369.0,20252.5,116.5,20239.75,20048.5,20369.0,129.25,258.5,350.0,1.3539651837524178,1,381.26,381.26,1
p0_st5_20_bearish_sr350_lr750_buf0_tg1030,NASDAQ_ORB_15m_p0_short_switch_tp2r_p0_st5_20_bearish_sr350_lr750_buf0_tg1030_2024-11-01,2024-11-01,1,LONG,15,09:45,2.0,2024-11-01 13:56:00+00:00,2024-11-01 13:57:00+00:00,2024-11-01 19:00:00+00:00,26,TIME_EXIT,20164.75,20057.25,107.5,20169.5,20166.0,20057.25,112.25,224.5,500.0,2.2271714922048997,2,-8.24,-16.48,0
p0_st5_20_bearish_sr350_lr750_buf0_tg1030,NASDAQ_ORB_15m_p0_short_switch_tp2r_p0_st5_20_bearish_sr350_lr750_buf0_tg1030_2024-11-04,2024-11-04,1,LONG,15,09:45,2.0,2024-11-04 15:02:00+00:00,2024-11-04 15:03:00+00:00,2024-11-04 20:00:00+00:00,32,TIME_EXIT,20142.0,20013.25,128.75,20145.0,20136.0,20013.25,131.75,263.5,500.0,1.8975332068311195,1,-19.24,-19.24,0
p0_st5_20_bearish_sr350_lr750_buf0_tg1030,NASDAQ_ORB_15m_p0_short_switch_tp2r_p0_st5_20_bearish_sr350_lr750_buf0_tg1030_2024-11-05,2024-11-05,1,LONG,15,09:45,2.0,2024-11-05 14:50:00+00:00,2024-11-05 14:51:00+00:00,2024-11-05 20:00:00+00:00,20,TIME_EXIT,20243.0,20147.0,96.0,20249.75,20293.5,20147.0,102.75,205.5,500.0,2.4330900243309004,2,86.26,172.52,1
p0_st5_20_bearish_sr350_lr750_buf0_tg1030,NASDAQ_ORB_15m_p0_short_switch_tp2r_p0_st5_20_bearish_sr350_lr750_buf0_tg1030_2024-11-06,2024-11-06,1,LONG,15,09:45,2.0,2024-11-06 15:32:00+00:00,2024-11-06 15:33:00+00:00,2024-11-06 20:00:00+00:00,62,TIME_EXIT,20806.75,20668.25,138.5,20819.0,20889.75,20668.25,150.75,301.5,500.0,1.658374792703151,1,140.26,140.26,1
p0_st5_20_bearish_sr350_lr750_buf0_tg1030,NASDAQ_ORB_15m_p0_short_switch_tp2r_p0_st5_20_bearish_sr350_lr750_buf0_tg1030_2024-11-07,2024-11-07,1,LONG,15,09:45,2.0,2024-11-07 14:57:00+00:00,2024-11-07 14:58:00+00:00,2024-11-07 20:00:00+00:00,27,TIME_EXIT,21091.5,21003.75,87.75,21097.75,21232.5,21003.75,94.0,188.0,500.0,2.6595744680851063,2,268.26,536.52,1
p0_st5_20_bearish_sr350_lr750_buf0_tg1030,NASDAQ_ORB_15m_p0_short_switch_tp2r_p0_st5_20_bearish_sr350_lr750_buf0_tg1030_2024-11-08,2024-11-08,1,LONG,15,09:45,2.0,2024-11-08 16:56:00+00:00,2024-11-08 16:57:00+00:00,2024-11-08 20:00:00+00:00,146,TIME_EXIT,21232.0,21186.25,45.75,21233.0,21234.75,21186.25,46.75,93.5,500.0,5.347593582887701,5,2.26,11.299999999999999,1
p0_st5_20_bearish_sr350_lr750_buf0_tg1030,NASDAQ_ORB_15m_p0_short_switch_tp2r_p0_st5_20_bearish_sr350_lr750_buf0_tg1030_2024-11-11,2024-11-11,1,SHORT,15,09:45,2.0,2024-11-11 14:46:00+00:00,2024-11-11 14:47:00+00:00,2024-11-11 20:00:00+00:00,16,TIME_EXIT,21292.5,21206.25,86.25,21194.5,21175.25,21292.5,98.0,196.0,350.0,1.7857142857142858,1,37.26,37.26,1
p0_st5_20_bearish_sr350_lr750_buf0_tg1030,NASDAQ_ORB_15m_p0_short_switch_tp2r_p0_st5_20_bearish_sr350_lr750_buf0_tg1030_2024-11-12,2024-11-12,1,LONG,15,09:45,2.0,2024-11-12 14:58:00+00:00,2024-11-12 14:59:00+00:00,2024-11-12 20:00:00+00:00,28,TIME_EXIT,21241.25,21181.5,59.75,21246.25,21188.25,21181.5,64.75,129.5,500.0,3.861003861003861,3,-117.24,-351.71999999999997,0
p0_st5_20_bearish_sr350_lr750_buf0_tg1030,NASDAQ_ORB_15m_p0_short_switch_tp2r_p0_st5_20_bearish_sr350_lr750_buf0_tg1030_2024-11-13,2024-11-13,1,SHORT,15,09:45,2.0,2024-11-13 14:50:00+00:00,2024-11-13 14:51:00+00:00,2024-11-13 17:10:00+00:00,20,SWITCH_TO_LONG,21184.75,21139.0,45.75,21130.5,21186.75,21184.75,54.25,108.5,350.0,3.225806451612903,3,-113.74,-341.21999999999997,0
p0_st5_20_bearish_sr350_lr750_buf0_tg1030,NASDAQ_ORB_15m_p0_short_switch_tp2r_p0_st5_20_bearish_sr350_lr750_buf0_tg1030_2024-11-13,2024-11-13,2,LONG,15,09:45,2.0,2024-11-13 17:09:00+00:00,2024-11-13 17:10:00+00:00,2024-11-13 20:00:00+00:00,159,TIME_EXIT,21184.75,21139.0,45.75,21186.75,21182.5,21139.0,47.75,95.5,750.0,7.853403141361256,7,-9.74,-68.18,0
p0_st5_20_bearish_sr350_lr750_buf0_tg1030,NASDAQ_ORB_15m_p0_short_switch_tp2r_p0_st5_20_bearish_sr350_lr750_buf0_tg1030_2024-11-14,2024-11-14,1,SHORT,15,09:45,2.0,2024-11-14 14:47:00+00:00,2024-11-14 14:48:00+00:00,2024-11-14 20:00:00+00:00,17,TIME_EXIT,21174.5,21078.75,95.75,21076.0,21069.5,21174.5,98.5,197.0,350.0,1.7766497461928934,1,11.76,11.76,1
p0_st5_20_bearish_sr350_lr750_buf0_tg1030,NASDAQ_ORB_15m_p0_short_switch_tp2r_p0_st5_20_bearish_sr350_lr750_buf0_tg1030_2024-11-15,2024-11-15,1,SHORT,15,09:45,2.0,2024-11-15 14:59:00+00:00,2024-11-15 15:00:00+00:00,2024-11-15 16:56:00+00:00,29,TP_2R,20774.0,20687.0,87.0,20686.75,20512.5,20774.0,87.25,174.5,350.0,2.005730659025788,2,347.26,694.52,1
p0_st5_20_bearish_sr350_lr750_buf0_tg1030,NASDAQ_ORB_15m_p0_short_switch_tp2r_p0_st5_20_bearish_sr350_lr750_buf0_tg1030_2024-11-18,2024-11-18,1,SHORT,15,09:45,2.0,2024-11-18 14:55:00+00:00,2024-11-18 14:56:00+00:00,2024-11-18 15:06:00+00:00,25,SWITCH_TO_LONG,20571.5,20520.25,51.25,20515.0,20587.25,20571.5,56.5,113.0,350.0,3.0973451327433628,3,-145.74,-437.22,0
p0_st5_20_bearish_sr350_lr750_buf0_tg1030,NASDAQ_ORB_15m_p0_short_switch_tp2r_p0_st5_20_bearish_sr350_lr750_buf0_tg1030_2024-11-18,2024-11-18,2,LONG,15,09:45,2.0,2024-11-18 15:05:00+00:00,2024-11-18 15:06:00+00:00,2024-11-18 16:39:00+00:00,35,TP_2R,20571.5,20520.25,51.25,20587.25,20721.0,20520.25,67.0,134.0,750.0,5.597014925373134,5,266.26,1331.3,1
p0_st5_20_bearish_sr350_lr750_buf0_tg1030,NASDAQ_ORB_15m_p0_short_switch_tp2r_p0_st5_20_bearish_sr350_lr750_buf0_tg1030_2024-11-19,2024-11-19,1,LONG,15,09:45,2.0,2024-11-19 15:30:00+00:00,2024-11-19 15:31:00+00:00,2024-11-19 18:54:00+00:00,60,TP_2R,20587.5,20508.0,79.5,20602.5,20791.25,20508.0,94.5,189.0,500.0,2.6455026455026456,2,376.26,752.52,1
p0_st5_20_bearish_sr350_lr750_buf0_tg1030,NASDAQ_ORB_15m_p0_short_switch_tp2r_p0_st5_20_bearish_sr350_lr750_buf0_tg1030_2024-11-20,2024-11-20,1,SHORT,15,09:45,2.0,2024-11-20 14:59:00+00:00,2024-11-20 15:00:00+00:00,2024-11-20 20:00:00+00:00,29,TIME_EXIT,20756.0,20636.25,119.75,20625.25,20609.0,20756.0,130.75,261.5,350.0,1.338432122370937,1,31.26,31.26,1
p0_st5_20_bearish_sr350_lr750_buf0_tg1030,NASDAQ_ORB_15m_p0_short_switch_tp2r_p0_st5_20_bearish_sr350_lr750_buf0_tg1030_2024-11-22,2024-11-22,1,LONG,15,09:45,2.0,2024-11-22 14:49:00+00:00,2024-11-22 14:50:00+00:00,2024-11-22 20:00:00+00:00,19,TIME_EXIT,20857.0,20773.25,83.75,20867.25,20846.75,20773.25,94.0,188.0,500.0,2.6595744680851063,2,-42.24,-84.48,0
p0_st5_20_bearish_sr350_lr750_buf0_tg1030,NASDAQ_ORB_15m_p0_short_switch_tp2r_p0_st5_20_bearish_sr350_lr750_buf0_tg1030_2024-11-25,2024-11-25,1,SHORT,15,09:45,2.0,2024-11-25 14:55:00+00:00,2024-11-25 14:56:00+00:00,2024-11-25 20:00:00+00:00,25,TIME_EXIT,21081.25,20956.25,125.0,20929.75,20861.75,21081.25,151.5,303.0,350.0,1.155115511551155,1,134.76,134.76,1
p0_st5_20_bearish_sr350_lr750_buf0_tg1030,NASDAQ_ORB_15m_p0_short_switch_tp2r_p0_st5_20_bearish_sr350_lr750_buf0_tg1030_2024-11-26,2024-11-26,1,LONG,15,09:45,2.0,2024-11-26 14:46:00+00:00,2024-11-26 14:47:00+00:00,2024-11-26 20:00:00+00:00,16,TIME_EXIT,21003.0,20938.5,64.5,21006.0,20932.0,20938.5,67.5,135.0,500.0,3.7037037037037037,3,-149.24,-447.72,0
p0_st5_20_bearish_sr350_lr750_buf0_tg1030,NASDAQ_ORB_15m_p0_short_switch_tp2r_p0_st5_20_bearish_sr350_lr750_buf0_tg1030_2024-11-27,2024-11-27,1,SHORT,15,09:45,2.0,2024-11-27 14:55:00+00:00,2024-11-27 14:56:00+00:00,2024-11-27 20:00:00+00:00,25,TIME_EXIT,20939.75,20852.75,87.0,20842.25,20804.5,20939.75,97.5,195.0,350.0,1.794871794871795,1,74.26,74.26,1
p0_st5_20_bearish_sr350_lr750_buf0_tg1030,NASDAQ_ORB_15m_p0_short_switch_tp2r_p0_st5_20_bearish_sr350_lr750_buf0_tg1030_2024-11-28,2024-11-28,1,LONG,15,09:45,2.0,2024-11-28 14:56:00+00:00,2024-11-28 14:57:00+00:00,2024-11-28 23:02:00+00:00,26,TIME_EXIT,20892.5,20873.75,18.75,20894.75,20880.25,20873.75,21.0,42.0,500.0,11.904761904761905,11,-30.24,-332.64,0
p0_st5_20_bearish_sr350_lr750_buf0_tg1030,NASDAQ_ORB_15m_p0_short_switch_tp2r_p0_st5_20_bearish_sr350_lr750_buf0_tg1030_2024-12-02,2024-12-02,1,LONG,15,09:45,2.0,2024-12-02 14:50:00+00:00,2024-12-02 14:51:00+00:00,2024-12-02 20:00:00+00:00,20,TIME_EXIT,21139.5,21026.5,113.0,21149.0,21219.5,21026.5,122.5,245.0,500.0,2.0408163265306123,2,139.76,279.52,1
p0_st5_20_bearish_sr350_lr750_buf0_tg1030,NASDAQ_ORB_15m_p0_short_switch_tp2r_p0_st5_20_bearish_sr350_lr750_buf0_tg1030_2024-12-03,2024-12-03,1,LONG,15,09:45,2.0,2024-12-03 15:00:00+00:00,2024-12-03 15:01:00+00:00,2024-12-03 20:00:00+00:00,30,TIME_EXIT,21203.25,21134.75,68.5,21202.5,21254.75,21134.75,67.75,135.5,500.0,3.690036900369004,3,103.26,309.78000000000003,1
p0_st5_20_bearish_sr350_lr750_buf0_tg1030,NASDAQ_ORB_15m_p0_short_switch_tp2r_p0_st5_20_bearish_sr350_lr750_buf0_tg1030_2024-12-04,2024-12-04,1,LONG,15,09:45,2.0,2024-12-04 15:08:00+00:00,2024-12-04 15:09:00+00:00,2024-12-04 20:00:00+00:00,38,TIME_EXIT,21437.0,21388.25,48.75,21440.5,21511.75,21388.25,52.25,104.5,500.0,4.784688995215311,4,141.26,565.04,1
p0_st5_20_bearish_sr350_lr750_buf0_tg1030,NASDAQ_ORB_15m_p0_short_switch_tp2r_p0_st5_20_bearish_sr350_lr750_buf0_tg1030_2024-12-05,2024-12-05,1,SHORT,15,09:45,2.0,2024-12-05 15:25:00+00:00,2024-12-05 15:26:00+00:00,2024-12-05 17:14:00+00:00,55,SWITCH_TO_LONG,21552.0,21518.5,33.5,21506.75,21555.5,21552.0,45.25,90.5,350.0,3.867403314917127,3,-98.74,-296.21999999999997,0
p0_st5_20_bearish_sr350_lr750_buf0_tg1030,NASDAQ_ORB_15m_p0_short_switch_tp2r_p0_st5_20_bearish_sr350_lr750_buf0_tg1030_2024-12-05,2024-12-05,2,LONG,15,09:45,2.0,2024-12-05 17:13:00+00:00,2024-12-05 17:14:00+00:00,2024-12-05 20:00:00+00:00,163,TIME_EXIT,21552.0,21518.5,33.5,21555.5,21494.0,21518.5,37.0,74.0,750.0,10.135135135135135,10,-124.24,-1242.3999999999999,0
p0_st5_20_bearish_sr350_lr750_buf0_tg1030,NASDAQ_ORB_15m_p0_short_switch_tp2r_p0_st5_20_bearish_sr350_lr750_buf0_tg1030_2024-12-06,2024-12-06,1,LONG,15,09:45,2.0,2024-12-06 14:46:00+00:00,2024-12-06 14:47:00+00:00,2024-12-06 20:00:00+00:00,16,TIME_EXIT,21555.0,21485.0,70.0,21566.25,21635.5,21485.0,81.25,162.5,500.0,3.076923076923077,3,137.26,411.78,1
p0_st5_20_bearish_sr350_lr750_buf0_tg1030,NASDAQ_ORB_15m_p0_short_switch_tp2r_p0_st5_20_bearish_sr350_lr750_buf0_tg1030_2024-12-09,2024-12-09,1,LONG,15,09:45,2.0,2024-12-09 14:50:00+00:00,2024-12-09 14:51:00+00:00,2024-12-09 20:00:00+00:00,20,TIME_EXIT,21642.25,21582.75,59.5,21645.0,21476.5,21582.75,62.25,124.5,500.0,4.016064257028113,4,-338.24,-1352.96,0
p0_st5_20_bearish_sr350_lr750_buf0_tg1030,NASDAQ_ORB_15m_p0_short_switch_tp2r_p0_st5_20_bearish_sr350_lr750_buf0_tg1030_2024-12-10,2024-12-10,1,LONG,15,09:45,2.0,2024-12-10 14:46:00+00:00,2024-12-10 14:47:00+00:00,2024-12-10 20:00:00+00:00,16,TIME_EXIT,21576.5,21505.25,71.25,21586.75,21410.75,21505.25,81.5,163.0,500.0,3.067484662576687,3,-353.24,-1059.72,0
p0_st5_20_bearish_sr350_lr750_buf0_tg1030,NASDAQ_ORB_15m_p0_short_switch_tp2r_p0_st5_20_bearish_sr350_lr750_buf0_tg1030_2024-12-11,2024-12-11,1,LONG,15,09:45,2.0,2024-12-11 14:46:00+00:00,2024-12-11 14:47:00+00:00,2024-12-11 20:00:00+00:00,16,TIME_EXIT,21639.5,21573.0,66.5,21654.25,21800.0,21573.0,81.25,162.5,500.0,3.076923076923077,3,290.26,870.78,1
p0_st5_20_bearish_sr350_lr750_buf0_tg1030,NASDAQ_ORB_15m_p0_short_switch_tp2r_p0_st5_20_bearish_sr350_lr750_buf0_tg1030_2024-12-12,2024-12-12,1,SHORT,15,09:45,2.0,2024-12-12 15:10:00+00:00,2024-12-12 15:11:00+00:00,2024-12-12 15:25:00+00:00,40,SWITCH_TO_LONG,21696.5,21655.75,40.75,21650.25,21698.75,21696.5,46.25,92.5,350.0,3.7837837837837838,3,-98.24,-294.71999999999997,0
p0_st5_20_bearish_sr350_lr750_buf0_tg1030,NASDAQ_ORB_15m_p0_short_switch_tp2r_p0_st5_20_bearish_sr350_lr750_buf0_tg1030_2024-12-12,2024-12-12,2,LONG,15,09:45,2.0,2024-12-12 15:24:00+00:00,2024-12-12 15:25:00+00:00,2024-12-12 20:00:00+00:00,54,TIME_EXIT,21696.5,21655.75,40.75,21698.75,21684.0,21655.75,43.0,86.0,750.0,8.720930232558139,8,-30.74,-245.92,0
p0_st5_20_bearish_sr350_lr750_buf0_tg1030,NASDAQ_ORB_15m_p0_short_switch_tp2r_p0_st5_20_bearish_sr350_lr750_buf0_tg1030_2024-12-13,2024-12-13,1,LONG,15,09:45,2.0,2024-12-13 14:46:00+00:00,2024-12-13 14:47:00+00:00,2024-12-13 20:00:00+00:00,16,TIME_EXIT,21895.0,21790.25,104.75,21902.25,21801.25,21790.25,112.0,224.0,500.0,2.232142857142857,2,-203.24,-406.48,0
p0_st5_20_bearish_sr350_lr750_buf0_tg1030,NASDAQ_ORB_15m_p0_short_switch_tp2r_p0_st5_20_bearish_sr350_lr750_buf0_tg1030_2024-12-17,2024-12-17,1,LONG,15,09:45,2.0,2024-12-17 16:36:00+00:00,2024-12-17 16:37:00+00:00,2024-12-17 20:00:00+00:00,126,TIME_EXIT,22366.25,22279.5,86.75,22367.25,22281.0,22279.5,87.75,175.5,500.0,2.849002849002849,2,-173.74,-347.48,0
p0_st5_20_bearish_sr350_lr750_buf0_tg1030,NASDAQ_ORB_15m_p0_short_switch_tp2r_p0_st5_20_bearish_sr350_lr750_buf0_tg1030_2024-12-18,2024-12-18,1,LONG,15,09:45,2.0,2024-12-18 15:06:00+00:00,2024-12-18 15:07:00+00:00,2024-12-18 20:00:00+00:00,36,TIME_EXIT,22302.75,22211.25,91.5,22305.25,21913.5,22211.25,94.0,188.0,500.0,2.6595744680851063,2,-784.74,-1569.48,0
p0_st5_20_bearish_sr350_lr750_buf0_tg1030,NASDAQ_ORB_15m_p0_short_switch_tp2r_p0_st5_20_bearish_sr350_lr750_buf0_tg1030_2024-12-19,2024-12-19,1,SHORT,15,09:45,2.0,2024-12-19 14:55:00+00:00,2024-12-19 14:56:00+00:00,2024-12-19 20:00:00+00:00,25,TIME_EXIT,21698.0,21568.0,130.0,21562.25,21462.5,21698.0,135.75,271.5,350.0,1.289134438305709,1,198.26,198.26,1
p0_st5_20_bearish_sr350_lr750_buf0_tg1030,NASDAQ_ORB_15m_p0_short_switch_tp2r_p0_st5_20_bearish_sr350_lr750_buf0_tg1030_2024-12-20,2024-12-20,1,LONG,15,09:45,2.0,2024-12-20 15:06:00+00:00,2024-12-20 15:07:00+00:00,2024-12-20 16:05:00+00:00,36,TP_2R,21309.25,21184.25,125.0,21317.75,21584.5,21184.25,133.5,267.0,500.0,1.8726591760299625,1,532.26,532.26,1
p0_st5_20_bearish_sr350_lr750_buf0_tg1030,NASDAQ_ORB_15m_p0_short_switch_tp2r_p0_st5_20_bearish_sr350_lr750_buf0_tg1030_2024-12-23,2024-12-23,1,SHORT,15,09:45,2.0,2024-12-23 15:10:00+00:00,2024-12-23 15:11:00+00:00,2024-12-23 16:45:00+00:00,40,SWITCH_TO_LONG,21675.5,21605.5,70.0,21514.0,21679.5,21675.5,161.5,323.0,350.0,1.08359133126935,1,-332.24,-332.24,0
p0_st5_20_bearish_sr350_lr750_buf0_tg1030,NASDAQ_ORB_15m_p0_short_switch_tp2r_p0_st5_20_bearish_sr350_lr750_buf0_tg1030_2024-12-23,2024-12-23,2,LONG,15,09:45,2.0,2024-12-23 16:44:00+00:00,2024-12-23 16:45:00+00:00,2024-12-23 20:00:00+00:00,134,TIME_EXIT,21675.5,21605.5,70.0,21679.5,21707.5,21605.5,74.0,148.0,750.0,5.0675675675675675,5,54.76,273.8,1
p0_st5_20_bearish_sr350_lr750_buf0_tg1030,NASDAQ_ORB_15m_p0_short_switch_tp2r_p0_st5_20_bearish_sr350_lr750_buf0_tg1030_2024-12-26,2024-12-26,1,SHORT,15,09:45,2.0,2024-12-26 14:55:00+00:00,2024-12-26 14:56:00+00:00,2024-12-26 15:40:00+00:00,25,SWITCH_TO_LONG,22008.5,21955.25,53.25,21882.0,22009.75,22008.5,126.5,253.0,350.0,1.383399209486166,1,-256.74,-256.74,0
p0_st5_20_bearish_sr350_lr750_buf0_tg1030,NASDAQ_ORB_15m_p0_short_switch_tp2r_p0_st5_20_bearish_sr350_lr750_buf0_tg1030_2024-12-26,2024-12-26,2,LONG,15,09:45,2.0,2024-12-26 15:39:00+00:00,2024-12-26 15:40:00+00:00,2024-12-26 20:00:00+00:00,69,TIME_EXIT,22008.5,21955.25,53.25,22009.75,22044.0,21955.25,54.5,109.0,750.0,6.8807339449541285,6,67.26,403.56000000000006,1
p0_st5_20_bearish_sr350_lr750_buf0_tg1030,NASDAQ_ORB_15m_p0_short_switch_tp2r_p0_st5_20_bearish_sr350_lr750_buf0_tg1030_2024-12-30,2024-12-30,1,SHORT,15,09:45,2.0,2024-12-30 14:58:00+00:00,2024-12-30 14:59:00+00:00,2024-12-30 16:22:00+00:00,28,SWITCH_TO_LONG,21417.0,21309.5,107.5,21297.0,21421.0,21417.0,120.0,240.0,350.0,1.4583333333333333,1,-249.24,-249.24,0
p0_st5_20_bearish_sr350_lr750_buf0_tg1030,NASDAQ_ORB_15m_p0_short_switch_tp2r_p0_st5_20_bearish_sr350_lr750_buf0_tg1030_2024-12-30,2024-12-30,2,LONG,15,09:45,2.0,2024-12-30 16:21:00+00:00,2024-12-30 16:22:00+00:00,2024-12-30 20:00:00+00:00,111,TIME_EXIT,21417.0,21309.5,107.5,21421.0,21529.0,21309.5,111.5,223.0,750.0,3.3632286995515694,3,214.76,644.28,1
p0_st5_20_bearish_sr350_lr750_buf0_tg1030,NASDAQ_ORB_15m_p0_short_switch_tp2r_p0_st5_20_bearish_sr350_lr750_buf0_tg1030_2024-12-31,2024-12-31,1,SHORT,15,09:45,2.0,2024-12-31 15:09:00+00:00,2024-12-31 15:10:00+00:00,2024-12-31 20:00:00+00:00,39,TIME_EXIT,21489.5,21367.75,121.75,21359.5,21268.5,21489.5,130.0,260.0,350.0,1.3461538461538463,1,180.76,180.76,1
p0_st5_20_bearish_sr350_lr750_buf0_tg1030,NASDAQ_ORB_15m_p0_short_switch_tp2r_p0_st5_20_bearish_sr350_lr750_buf0_tg1030_2025-01-02,2025-01-02,1,LONG,15,09:45,2.0,2025-01-02 14:55:00+00:00,2025-01-02 14:56:00+00:00,2025-01-02 20:00:00+00:00,25,TIME_EXIT,21373.0,21166.5,206.5,21379.5,21063.0,21166.5,213.0,426.0,500.0,1.1737089201877935,1,-634.24,-634.24,0
p0_st5_20_bearish_sr350_lr750_buf0_tg1030,NASDAQ_ORB_15m_p0_short_switch_tp2r_p0_st5_20_bearish_sr350_lr750_buf0_tg1030_2025-01-03,2025-01-03,1,LONG,15,09:45,2.0,2025-01-03 16:31:00+00:00,2025-01-03 16:32:00+00:00,2025-01-03 20:00:00+00:00,121,TIME_EXIT,21431.5,21276.75,154.75,21437.25,21533.75,21276.75,160.5,321.0,500.0,1.557632398753894,1,191.76,191.76,1
p0_st5_20_bearish_sr350_lr750_buf0_tg1030,NASDAQ_ORB_15m_p0_short_switch_tp2r_p0_st5_20_bearish_sr350_lr750_buf0_tg1030_2025-01-06,2025-01-06,1,LONG,15,09:45,2.0,2025-01-06 14:50:00+00:00,2025-01-06 14:51:00+00:00,2025-01-06 20:00:00+00:00,20,TIME_EXIT,21828.75,21723.75,105.0,21830.75,21659.5,21723.75,107.0,214.0,500.0,2.336448598130841,2,-343.74,-687.48,0
p0_st5_20_bearish_sr350_lr750_buf0_tg1030,NASDAQ_ORB_15m_p0_short_switch_tp2r_p0_st5_20_bearish_sr350_lr750_buf0_tg1030_2025-01-07,2025-01-07,1,SHORT,15,09:45,2.0,2025-01-07 15:01:00+00:00,2025-01-07 15:02:00+00:00,2025-01-07 20:00:00+00:00,31,TIME_EXIT,21806.25,21695.0,111.25,21653.5,21417.5,21806.25,152.75,305.5,350.0,1.1456628477905073,1,470.76,470.76,1
p0_st5_20_bearish_sr350_lr750_buf0_tg1030,NASDAQ_ORB_15m_p0_short_switch_tp2r_p0_st5_20_bearish_sr350_lr750_buf0_tg1030_2025-01-08,2025-01-08,1,LONG,15,09:45,2.0,2025-01-08 15:03:00+00:00,2025-01-08 15:04:00+00:00,2025-01-08 20:00:00+00:00,33,TIME_EXIT,21384.75,21289.75,95.0,21393.25,21336.75,21289.75,103.5,207.0,500.0,2.4154589371980677,2,-114.24,-228.48,0
p0_st5_20_bearish_sr350_lr750_buf0_tg1030,NASDAQ_ORB_15m_p0_short_switch_tp2r_p0_st5_20_bearish_sr350_lr750_buf0_tg1030_2025-01-10,2025-01-10,1,SHORT,15,09:45,2.0,2025-01-10 14:47:00+00:00,2025-01-10 14:48:00+00:00,2025-01-10 20:00:00+00:00,17,TIME_EXIT,21197.25,21067.75,129.5,21062.25,21086.5,21197.25,135.0,270.0,350.0,1.2962962962962963,1,-49.74,-49.74,0
p0_st5_20_bearish_sr350_lr750_buf0_tg1030,NASDAQ_ORB_15m_p0_short_switch_tp2r_p0_st5_20_bearish_sr350_lr750_buf0_tg1030_2025-01-13,2025-01-13,1,LONG,15,09:45,2.0,2025-01-13 14:54:00+00:00,2025-01-13 14:55:00+00:00,2025-01-13 20:00:00+00:00,24,TIME_EXIT,20786.0,20701.5,84.5,20792.5,20905.25,20701.5,91.0,182.0,500.0,2.7472527472527473,2,224.26,448.52,1
p0_st5_20_bearish_sr350_lr750_buf0_tg1030,NASDAQ_ORB_15m_p0_short_switch_tp2r_p0_st5_20_bearish_sr350_lr750_buf0_tg1030_2025-01-15,2025-01-15,1,LONG,15,09:45,2.0,2025-01-15 14:48:00+00:00,2025-01-15 14:49:00+00:00,2025-01-15 20:00:00+00:00,18,TIME_EXIT,21307.5,21186.5,121.0,21324.5,21418.75,21186.5,138.0,276.0,500.0,1.8115942028985508,1,187.26,187.26,1
p0_st5_20_bearish_sr350_lr750_buf0_tg1030,NASDAQ_ORB_15m_p0_short_switch_tp2r_p0_st5_20_bearish_sr350_lr750_buf0_tg1030_2025-01-16,2025-01-16,1,SHORT,15,09:45,2.0,2025-01-16 14:50:00+00:00,2025-01-16 14:51:00+00:00,2025-01-16 20:00:00+00:00,20,TIME_EXIT,21498.0,21404.5,93.5,21385.0,21374.0,21498.0,113.0,226.0,350.0,1.5486725663716814,1,20.76,20.76,1
p0_st5_20_bearish_sr350_lr750_buf0_tg1030,NASDAQ_ORB_15m_p0_short_switch_tp2r_p0_st5_20_bearish_sr350_lr750_buf0_tg1030_2025-01-17,2025-01-17,1,SHORT,15,09:45,2.0,2025-01-17 15:28:00+00:00,2025-01-17 15:29:00+00:00,2025-01-17 18:14:00+00:00,58,SWITCH_TO_LONG,21653.5,21492.25,161.25,21487.75,21656.25,21653.5,165.75,331.5,350.0,1.0558069381598794,1,-338.24,-338.24,0
p0_st5_20_bearish_sr350_lr750_buf0_tg1030,NASDAQ_ORB_15m_p0_short_switch_tp2r_p0_st5_20_bearish_sr350_lr750_buf0_tg1030_2025-01-17,2025-01-17,2,LONG,15,09:45,2.0,2025-01-17 18:13:00+00:00,2025-01-17 18:14:00+00:00,2025-01-17 20:00:00+00:00,223,TIME_EXIT,21653.5,21492.25,161.25,21656.25,21622.25,21492.25,164.0,328.0,750.0,2.2865853658536586,2,-69.24,-138.48,0
p0_st5_20_bearish_sr350_lr750_buf0_tg1030,NASDAQ_ORB_15m_p0_short_switch_tp2r_p0_st5_20_bearish_sr350_lr750_buf0_tg1030_2025-01-21,2025-01-21,1,SHORT,15,09:45,2.0,2025-01-21 14:55:00+00:00,2025-01-21 14:56:00+00:00,2025-01-21 17:48:00+00:00,25,SWITCH_TO_LONG,21718.5,21589.5,129.0,21583.5,21721.0,21718.5,135.0,270.0,350.0,1.2962962962962963,1,-276.24,-276.24,0
p0_st5_20_bearish_sr350_lr750_buf0_tg1030,NASDAQ_ORB_15m_p0_short_switch_tp2r_p0_st5_20_bearish_sr350_lr750_buf0_tg1030_2025-01-21,2025-01-21,2,LONG,15,09:45,2.0,2025-01-21 17:47:00+00:00,2025-01-21 17:48:00+00:00,2025-01-21 20:00:00+00:00,197,TIME_EXIT,21718.5,21589.5,129.0,21721.0,21724.75,21589.5,131.5,263.0,750.0,2.8517110266159698,2,6.26,12.52,1
p0_st5_20_bearish_sr350_lr750_buf0_tg1030,NASDAQ_ORB_15m_p0_short_switch_tp2r_p0_st5_20_bearish_sr350_lr750_buf0_tg1030_2025-01-22,2025-01-22,1,LONG,15,09:45,2.0,2025-01-22 14:50:00+00:00,2025-01-22 14:51:00+00:00,2025-01-22 20:00:00+00:00,20,TIME_EXIT,21982.0,21902.5,79.5,21987.0,22039.75,21902.5,84.5,169.0,500.0,2.9585798816568047,2,104.26,208.52,1
p0_st5_20_bearish_sr350_lr750_buf0_tg1030,NASDAQ_ORB_15m_p0_short_switch_tp2r_p0_st5_20_bearish_sr350_lr750_buf0_tg1030_2025-01-23,2025-01-23,1,LONG,15,09:45,2.0,2025-01-23 15:35:00+00:00,2025-01-23 15:36:00+00:00,2025-01-23 20:00:00+00:00,65,TIME_EXIT,21915.75,21866.0,49.75,21921.0,21954.0,21866.0,55.0,110.0,500.0,4.545454545454546,4,64.76,259.04,1
p0_st5_20_bearish_sr350_lr750_buf0_tg1030,NASDAQ_ORB_15m_p0_short_switch_tp2r_p0_st5_20_bearish_sr350_lr750_buf0_tg1030_2025-01-24,2025-01-24,1,LONG,15,09:45,2.0,2025-01-24 14:47:00+00:00,2025-01-24 14:48:00+00:00,2025-01-24 20:00:00+00:00,17,TIME_EXIT,22052.75,22000.0,52.75,22054.0,21867.75,22000.0,54.0,108.0,500.0,4.62962962962963,4,-373.74,-1494.96,0
p0_st5_20_bearish_sr350_lr750_buf0_tg1030,NASDAQ_ORB_15m_p0_short_switch_tp2r_p0_st5_20_bearish_sr350_lr750_buf0_tg1030_2025-01-27,2025-01-27,1,LONG,15,09:45,2.0,2025-01-27 14:48:00+00:00,2025-01-27 14:49:00+00:00,2025-01-27 20:00:00+00:00,18,TIME_EXIT,21303.0,21108.25,194.75,21308.25,21132.75,21108.25,200.0,400.0,500.0,1.25,1,-352.24,-352.24,0
p0_st5_20_bearish_sr350_lr750_buf0_tg1030,NASDAQ_ORB_15m_p0_short_switch_tp2r_p0_st5_20_bearish_sr350_lr750_buf0_tg1030_2025-01-28,2025-01-28,1,SHORT,15,09:45,2.0,2025-01-28 14:48:00+00:00,2025-01-28 14:49:00+00:00,2025-01-28 15:03:00+00:00,18,SWITCH_TO_LONG,21319.75,21172.5,147.25,21165.25,21339.25,21319.75,154.5,309.0,350.0,1.132686084142395,1,-349.24,-349.24,0
p0_st5_20_bearish_sr350_lr750_buf0_tg1030,NASDAQ_ORB_15m_p0_short_switch_tp2r_p0_st5_20_bearish_sr350_lr750_buf0_tg1030_2025-01-28,2025-01-28,2,LONG,15,09:45,2.0,2025-01-28 15:02:00+00:00,2025-01-28 15:03:00+00:00,2025-01-28 20:00:00+00:00,32,TIME_EXIT,21319.75,21172.5,147.25,21339.25,21615.25,21172.5,166.75,333.5,750.0,2.2488755622188905,2,550.76,1101.52,1
p0_st5_20_bearish_sr350_lr750_buf0_tg1030,NASDAQ_ORB_15m_p0_short_switch_tp2r_p0_st5_20_bearish_sr350_lr750_buf0_tg1030_2025-01-29,2025-01-29,1,SHORT,15,09:45,2.0,2025-01-29 15:27:00+00:00,2025-01-29 15:28:00+00:00,2025-01-29 20:00:00+00:00,57,TIME_EXIT,21606.25,21498.5,107.75,21496.75,21538.25,21606.25,109.5,219.0,350.0,1.5981735159817352,1,-84.24,-84.24,0
p0_st5_20_bearish_sr350_lr750_buf0_tg1030,NASDAQ_ORB_15m_p0_short_switch_tp2r_p0_st5_20_bearish_sr350_lr750_buf0_tg1030_2025-01-30,2025-01-30,1,LONG,15,09:45,2.0,2025-01-30 14:47:00+00:00,2025-01-30 14:48:00+00:00,2025-01-30 20:00:00+00:00,17,TIME_EXIT,21668.75,21597.25,71.5,21672.25,21659.25,21597.25,75.0,150.0,500.0,3.3333333333333335,3,-27.24,-81.72,0
p0_st5_20_bearish_sr350_lr750_buf0_tg1030,NASDAQ_ORB_15m_p0_short_switch_tp2r_p0_st5_20_bearish_sr350_lr750_buf0_tg1030_2025-01-31,2025-01-31,1,LONG,15,09:45,2.0,2025-01-31 14:53:00+00:00,2025-01-31 14:54:00+00:00,2025-01-31 20:00:00+00:00,23,TIME_EXIT,21838.25,21764.0,74.25,21840.0,21661.5,21764.0,76.0,152.0,500.0,3.289473684210526,3,-358.24,-1074.72,0
p0_st5_20_bearish_sr350_lr750_buf0_tg1030,NASDAQ_ORB_15m_p0_short_switch_tp2r_p0_st5_20_bearish_sr350_lr750_buf0_tg1030_2025-02-04,2025-02-04,1,LONG,15,09:45,2.0,2025-02-04 14:51:00+00:00,2025-02-04 14:52:00+00:00,2025-02-04 20:00:00+00:00,21,TIME_EXIT,21523.5,21405.0,118.5,21523.5,21638.25,21405.0,118.5,237.0,500.0,2.109704641350211,2,228.26,456.52,1
p0_st5_20_bearish_sr350_lr750_buf0_tg1030,NASDAQ_ORB_15m_p0_short_switch_tp2r_p0_st5_20_bearish_sr350_lr750_buf0_tg1030_2025-02-05,2025-02-05,1,LONG,15,09:45,2.0,2025-02-05 15:01:00+00:00,2025-02-05 15:02:00+00:00,2025-02-05 17:01:00+00:00,31,TP_2R,21587.75,21519.0,68.75,21589.5,21730.25,21519.0,70.5,141.0,500.0,3.5460992907801416,3,280.26,840.78,1
p0_st5_20_bearish_sr350_lr750_buf0_tg1030,NASDAQ_ORB_15m_p0_short_switch_tp2r_p0_st5_20_bearish_sr350_lr750_buf0_tg1030_2025-02-06,2025-02-06,1,LONG,15,09:45,2.0,2025-02-06 14:46:00+00:00,2025-02-06 14:47:00+00:00,2025-02-06 20:00:00+00:00,16,TIME_EXIT,21790.0,21738.0,52.0,21808.25,21747.0,21738.0,70.25,140.5,500.0,3.5587188612099645,3,-123.74,-371.21999999999997,0
p0_st5_20_bearish_sr350_lr750_buf0_tg1030,NASDAQ_ORB_15m_p0_short_switch_tp2r_p0_st5_20_bearish_sr350_lr750_buf0_tg1030_2025-02-10,2025-02-10,1,LONG,15,09:45,2.0,2025-02-10 14:47:00+00:00,2025-02-10 14:48:00+00:00,2025-02-10 20:00:00+00:00,17,TIME_EXIT,21803.0,21742.25,60.75,21804.25,21862.25,21742.25,62.0,124.0,500.0,4.032258064516129,4,114.76,459.04,1
p0_st5_20_bearish_sr350_lr750_buf0_tg1030,NASDAQ_ORB_15m_p0_short_switch_tp2r_p0_st5_20_bearish_sr350_lr750_buf0_tg1030_2025-02-11,2025-02-11,1,LONG,15,09:45,2.0,2025-02-11 15:02:00+00:00,2025-02-11 15:03:00+00:00,2025-02-11 20:00:00+00:00,32,TIME_EXIT,21797.0,21700.25,96.75,21813.25,21825.75,21700.25,113.0,226.0,500.0,2.2123893805309733,2,23.76,47.52,1
p0_st5_20_bearish_sr350_lr750_buf0_tg1030,NASDAQ_ORB_15m_p0_short_switch_tp2r_p0_st5_20_bearish_sr350_lr750_buf0_tg1030_2025-02-12,2025-02-12,1,LONG,15,09:45,2.0,2025-02-12 14:47:00+00:00,2025-02-12 14:48:00+00:00,2025-02-12 20:00:00+00:00,17,TIME_EXIT,21667.75,21535.75,132.0,21674.75,21828.25,21535.75,139.0,278.0,500.0,1.7985611510791366,1,305.76,305.76,1
p0_st5_20_bearish_sr350_lr750_buf0_tg1030,NASDAQ_ORB_15m_p0_short_switch_tp2r_p0_st5_20_bearish_sr350_lr750_buf0_tg1030_2025-02-13,2025-02-13,1,LONG,15,09:45,2.0,2025-02-13 15:03:00+00:00,2025-02-13 15:04:00+00:00,2025-02-13 20:00:00+00:00,33,TIME_EXIT,21951.0,21835.0,116.0,21951.25,22057.5,21835.0,116.25,232.5,500.0,2.150537634408602,2,211.26,422.52,1
p0_st5_20_bearish_sr350_lr750_buf0_tg1030,NASDAQ_ORB_15m_p0_short_switch_tp2r_p0_st5_20_bearish_sr350_lr750_buf0_tg1030_2025-02-14,2025-02-14,1,LONG,15,09:45,2.0,2025-02-14 14:52:00+00:00,2025-02-14 14:53:00+00:00,2025-02-14 20:00:00+00:00,22,TIME_EXIT,22138.0,22088.0,50.0,22138.5,22178.75,22088.0,50.5,101.0,500.0,4.9504950495049505,4,79.26,317.04,1
p0_st5_20_bearish_sr350_lr750_buf0_tg1030,NASDAQ_ORB_15m_p0_short_switch_tp2r_p0_st5_20_bearish_sr350_lr750_buf0_tg1030_2025-02-17,2025-02-17,1,LONG,15,09:45,2.0,2025-02-17 16:03:00+00:00,2025-02-17 16:04:00+00:00,2025-02-17 23:02:00+00:00,93,TIME_EXIT,22242.0,22192.0,50.0,22243.75,22222.0,22192.0,51.75,103.5,500.0,4.830917874396135,4,-44.74,-178.96,0
p0_st5_20_bearish_sr350_lr750_buf0_tg1030,NASDAQ_ORB_15m_p0_short_switch_tp2r_p0_st5_20_bearish_sr350_lr750_buf0_tg1030_2025-02-18,2025-02-18,1,SHORT,15,09:45,2.0,2025-02-18 14:46:00+00:00,2025-02-18 14:47:00+00:00,2025-02-18 20:00:00+00:00,16,TIME_EXIT,22268.0,22211.0,57.0,22202.25,22178.75,22268.0,65.75,131.5,350.0,2.661596958174905,2,45.76,91.52,1
p0_st5_20_bearish_sr350_lr750_buf0_tg1030,NASDAQ_ORB_15m_p0_short_switch_tp2r_p0_st5_20_bearish_sr350_lr750_buf0_tg1030_2025-02-19,2025-02-19,1,SHORT,15,09:45,2.0,2025-02-19 14:50:00+00:00,2025-02-19 14:51:00+00:00,2025-02-19 16:17:00+00:00,20,SWITCH_TO_LONG,22221.5,22172.75,48.75,22166.25,22223.0,22221.5,55.25,110.5,350.0,3.167420814479638,3,-114.74,-344.21999999999997,0
p0_st5_20_bearish_sr350_lr750_buf0_tg1030,NASDAQ_ORB_15m_p0_short_switch_tp2r_p0_st5_20_bearish_sr350_lr750_buf0_tg1030_2025-02-19,2025-02-19,2,LONG,15,09:45,2.0,2025-02-19 16:16:00+00:00,2025-02-19 16:17:00+00:00,2025-02-19 20:00:00+00:00,106,TIME_EXIT,22221.5,22172.75,48.75,22223.0,22295.25,22172.75,50.25,100.5,750.0,7.462686567164179,7,143.26,1002.8199999999999,1
p0_st5_20_bearish_sr350_lr750_buf0_tg1030,NASDAQ_ORB_15m_p0_short_switch_tp2r_p0_st5_20_bearish_sr350_lr750_buf0_tg1030_2025-02-20,2025-02-20,1,SHORT,15,09:45,2.0,2025-02-20 14:47:00+00:00,2025-02-20 14:48:00+00:00,2025-02-20 14:58:00+00:00,17,TP_2R,22227.0,22166.0,61.0,22160.0,22026.25,22227.0,67.0,134.0,350.0,2.611940298507463,2,266.26,532.52,1
p0_st5_20_bearish_sr350_lr750_buf0_tg1030,NASDAQ_ORB_15m_p0_short_switch_tp2r_p0_st5_20_bearish_sr350_lr750_buf0_tg1030_2025-02-21,2025-02-21,1,SHORT,15,09:45,2.0,2025-02-21 14:57:00+00:00,2025-02-21 14:58:00+00:00,2025-02-21 17:21:00+00:00,27,TP_2R,22188.0,22096.75,91.25,22093.75,21905.5,22188.0,94.25,188.5,350.0,1.856763925729443,1,375.26,375.26,1
p0_st5_20_bearish_sr350_lr750_buf0_tg1030,NASDAQ_ORB_15m_p0_short_switch_tp2r_p0_st5_20_bearish_sr350_lr750_buf0_tg1030_2025-02-24,2025-02-24,1,SHORT,15,09:45,2.0,2025-02-24 14:51:00+00:00,2025-02-24 14:52:00+00:00,2025-02-24 20:00:00+00:00,21,TIME_EXIT,21801.75,21684.0,117.75,21674.25,21553.75,21801.75,127.5,255.0,350.0,1.3725490196078431,1,239.76,239.76,1
p0_st5_20_bearish_sr350_lr750_buf0_tg1030,NASDAQ_ORB_15m_p0_short_switch_tp2r_p0_st5_20_bearish_sr350_lr750_buf0_tg1030_2025-02-25,2025-02-25,1,SHORT,15,09:45,2.0,2025-02-25 14:48:00+00:00,2025-02-25 14:49:00+00:00,2025-02-25 15:21:00+00:00,18,TP_2R,21397.5,21311.0,86.5,21286.5,21064.75,21397.5,111.0,222.0,350.0,1.5765765765765767,1,442.26,442.26,1
p0_st5_20_bearish_sr350_lr750_buf0_tg1030,NASDAQ_ORB_15m_p0_short_switch_tp2r_p0_st5_20_bearish_sr350_lr750_buf0_tg1030_2025-02-26,2025-02-26,1,LONG,15,09:45,2.0,2025-02-26 14:50:00+00:00,2025-02-26 14:51:00+00:00,2025-02-26 20:00:00+00:00,20,TIME_EXIT,21274.25,21188.5,85.75,21277.5,21093.5,21188.5,89.0,178.0,500.0,2.808988764044944,2,-369.24,-738.48,0
p0_st5_20_bearish_sr350_lr750_buf0_tg1030,NASDAQ_ORB_15m_p0_short_switch_tp2r_p0_st5_20_bearish_sr350_lr750_buf0_tg1030_2025-02-28,2025-02-28,1,LONG,15,09:45,2.0,2025-02-28 15:11:00+00:00,2025-02-28 15:12:00+00:00,2025-02-28 20:00:00+00:00,41,TIME_EXIT,20644.75,20460.25,184.5,20662.25,20710.75,20460.25,202.0,404.0,500.0,1.2376237623762376,1,95.76,95.76,1
p0_st5_20_bearish_sr350_lr750_buf0_tg1030,NASDAQ_ORB_15m_p0_short_switch_tp2r_p0_st5_20_bearish_sr350_lr750_buf0_tg1030_2025-03-05,2025-03-05,1,SHORT,15,09:45,2.0,2025-03-05 14:57:00+00:00,2025-03-05 14:58:00+00:00,2025-03-05 15:02:00+00:00,27,SWITCH_TO_LONG,20455.75,20313.0,142.75,20293.0,20456.75,20455.75,162.75,325.5,350.0,1.075268817204301,1,-328.74,-328.74,0
p0_st5_20_bearish_sr350_lr750_buf0_tg1030,NASDAQ_ORB_15m_p0_short_switch_tp2r_p0_st5_20_bearish_sr350_lr750_buf0_tg1030_2025-03-05,2025-03-05,2,LONG,15,09:45,2.0,2025-03-05 15:01:00+00:00,2025-03-05 15:02:00+00:00,2025-03-05 20:00:00+00:00,31,TIME_EXIT,20455.75,20313.0,142.75,20456.75,20651.5,20313.0,143.75,287.5,750.0,2.608695652173913,2,388.26,776.52,1
p0_st5_20_bearish_sr350_lr750_buf0_tg1030,NASDAQ_ORB_15m_p0_short_switch_tp2r_p0_st5_20_bearish_sr350_lr750_buf0_tg1030_2025-03-06,2025-03-06,1,LONG,15,09:45,2.0,2025-03-06 14:51:00+00:00,2025-03-06 14:52:00+00:00,2025-03-06 15:41:00+00:00,21,TP_2R,20319.75,20228.25,91.5,20323.0,20512.25,20228.25,94.75,189.5,500.0,2.638522427440633,2,377.26,754.52,1
p0_st5_20_bearish_sr350_lr750_buf0_tg1030,NASDAQ_ORB_15m_p0_short_switch_tp2r_p0_st5_20_bearish_sr350_lr750_buf0_tg1030_2025-03-07,2025-03-07,1,LONG,15,09:45,2.0,2025-03-07 14:49:00+00:00,2025-03-07 14:50:00+00:00,2025-03-07 20:00:00+00:00,19,TIME_EXIT,20190.75,20024.25,166.5,20196.0,20192.75,20024.25,171.75,343.5,500.0,1.455604075691412,1,-7.74,-7.74,0
p0_st5_20_bearish_sr350_lr750_buf0_tg1030,NASDAQ_ORB_15m_p0_short_switch_tp2r_p0_st5_20_bearish_sr350_lr750_buf0_tg1030_2025-03-10,2025-03-10,1,SHORT,15,09:45,2.0,2025-03-10 13:54:00+00:00,2025-03-10 13:55:00+00:00,2025-03-10 14:57:00+00:00,24,TP_2R,19902.0,19787.75,114.25,19779.0,19533.25,19902.0,123.0,246.0,350.0,1.4227642276422765,1,490.26,490.26,1
p0_st5_20_bearish_sr350_lr750_buf0_tg1030,NASDAQ_ORB_15m_p0_short_switch_tp2r_p0_st5_20_bearish_sr350_lr750_buf0_tg1030_2025-03-11,2025-03-11,1,LONG,15,09:45,2.0,2025-03-11 13:49:00+00:00,2025-03-11 13:50:00+00:00,2025-03-11 19:00:00+00:00,19,TIME_EXIT,19553.0,19386.5,166.5,19571.25,19639.0,19386.5,184.75,369.5,500.0,1.3531799729364005,1,134.26,134.26,1
p0_st5_20_bearish_sr350_lr750_buf0_tg1030,NASDAQ_ORB_15m_p0_short_switch_tp2r_p0_st5_20_bearish_sr350_lr750_buf0_tg1030_2025-03-13,2025-03-13,1,SHORT,15,09:45,2.0,2025-03-13 13:51:00+00:00,2025-03-13 13:52:00+00:00,2025-03-13 17:13:00+00:00,21,TP_2R,19577.0,19470.25,106.75,19460.5,19227.75,19577.0,116.5,233.0,350.0,1.502145922746781,1,464.26,464.26,1
p0_st5_20_bearish_sr350_lr750_buf0_tg1030,NASDAQ_ORB_15m_p0_short_switch_tp2r_p0_st5_20_bearish_sr350_lr750_buf0_tg1030_2025-03-14,2025-03-14,1,LONG,15,09:45,2.0,2025-03-14 13:51:00+00:00,2025-03-14 13:52:00+00:00,2025-03-14 19:00:00+00:00,21,TIME_EXIT,19600.5,19450.0,150.5,19617.0,19674.25,19450.0,167.0,334.0,500.0,1.4970059880239521,1,113.26,113.26,1
p0_st5_20_bearish_sr350_lr750_buf0_tg1030,NASDAQ_ORB_15m_p0_short_switch_tp2r_p0_st5_20_bearish_sr350_lr750_buf0_tg1030_2025-03-19,2025-03-19,1,LONG,15,09:45,2.0,2025-03-19 13:55:00+00:00,2025-03-19 13:56:00+00:00,2025-03-19 19:00:00+00:00,25,TIME_EXIT,19815.0,19706.5,108.5,19833.75,20024.0,19706.5,127.25,254.5,500.0,1.9646365422396856,1,379.26,379.26,1
p0_st5_20_bearish_sr350_lr750_buf0_tg1030,NASDAQ_ORB_15m_p0_short_switch_tp2r_p0_st5_20_bearish_sr350_lr750_buf0_tg1030_2025-03-20,2025-03-20,1,LONG,15,09:45,2.0,2025-03-20 13:46:00+00:00,2025-03-20 13:47:00+00:00,2025-03-20 19:00:00+00:00,16,TIME_EXIT,19907.25,19756.75,150.5,19914.5,19819.25,19756.75,157.75,315.5,500.0,1.5847860538827259,1,-191.74,-191.74,0
p0_st5_20_bearish_sr350_lr750_buf0_tg1030,NASDAQ_ORB_15m_p0_short_switch_tp2r_p0_st5_20_bearish_sr350_lr750_buf0_tg1030_2025-03-21,2025-03-21,1,LONG,15,09:45,2.0,2025-03-21 13:51:00+00:00,2025-03-21 13:52:00+00:00,2025-03-21 19:00:00+00:00,21,TIME_EXIT,19711.75,19607.0,104.75,19720.75,19859.0,19607.0,113.75,227.5,500.0,2.197802197802198,2,275.26,550.52,1
p0_st5_20_bearish_sr350_lr750_buf0_tg1030,NASDAQ_ORB_15m_p0_short_switch_tp2r_p0_st5_20_bearish_sr350_lr750_buf0_tg1030_2025-03-24,2025-03-24,1,LONG,15,09:45,2.0,2025-03-24 13:47:00+00:00,2025-03-24 13:48:00+00:00,2025-03-24 19:00:00+00:00,17,TIME_EXIT,20293.0,20228.75,64.25,20298.0,20365.5,20228.75,69.25,138.5,500.0,3.6101083032490973,3,133.76,401.28,1
p0_st5_20_bearish_sr350_lr750_buf0_tg1030,NASDAQ_ORB_15m_p0_short_switch_tp2r_p0_st5_20_bearish_sr350_lr750_buf0_tg1030_2025-03-25,2025-03-25,1,LONG,15,09:45,2.0,2025-03-25 14:16:00+00:00,2025-03-25 14:17:00+00:00,2025-03-25 19:00:00+00:00,46,TIME_EXIT,20429.0,20368.5,60.5,20435.5,20427.25,20368.5,67.0,134.0,500.0,3.7313432835820897,3,-17.74,-53.22,0
p0_st5_20_bearish_sr350_lr750_buf0_tg1030,NASDAQ_ORB_15m_p0_short_switch_tp2r_p0_st5_20_bearish_sr350_lr750_buf0_tg1030_2025-03-26,2025-03-26,1,SHORT,15,09:45,2.0,2025-03-26 13:49:00+00:00,2025-03-26 13:50:00+00:00,2025-03-26 14:20:00+00:00,19,TP_2R,20475.0,20412.75,62.25,20409.75,20279.5,20475.0,65.25,130.5,350.0,2.681992337164751,2,259.26,518.52,1
p0_st5_20_bearish_sr350_lr750_buf0_tg1030,NASDAQ_ORB_15m_p0_short_switch_tp2r_p0_st5_20_bearish_sr350_lr750_buf0_tg1030_2025-03-27,2025-03-27,1,LONG,15,09:45,2.0,2025-03-27 13:56:00+00:00,2025-03-27 13:57:00+00:00,2025-03-27 19:00:00+00:00,26,TIME_EXIT,20069.75,19937.75,132.0,20078.0,20045.5,19937.75,140.25,280.5,500.0,1.7825311942959001,1,-66.24,-66.24,0
p0_st5_20_bearish_sr350_lr750_buf0_tg1030,NASDAQ_ORB_15m_p0_short_switch_tp2r_p0_st5_20_bearish_sr350_lr750_buf0_tg1030_2025-03-28,2025-03-28,1,SHORT,15,09:45,2.0,2025-03-28 14:04:00+00:00,2025-03-28 14:05:00+00:00,2025-03-28 14:30:00+00:00,34,TP_2R,19941.25,19839.5,101.75,19838.5,19633.25,19941.25,102.75,205.5,350.0,1.70316301703163,1,409.26,409.26,1
p0_st5_20_bearish_sr350_lr750_buf0_tg1030,NASDAQ_ORB_15m_p0_short_switch_tp2r_p0_st5_20_bearish_sr350_lr750_buf0_tg1030_2025-04-01,2025-04-01,1,LONG,15,09:45,2.0,2025-04-01 13:48:00+00:00,2025-04-01 13:49:00+00:00,2025-04-01 16:18:00+00:00,18,TP_2R,19433.0,19338.25,94.75,19436.0,19631.25,19338.25,97.75,195.5,500.0,2.557544757033248,2,389.26,778.52,1
p0_st5_20_bearish_sr350_lr750_buf0_tg1030,NASDAQ_ORB_15m_p0_short_switch_tp2r_p0_st5_20_bearish_sr350_lr750_buf0_tg1030_2025-04-02,2025-04-02,1,LONG,15,09:45,2.0,2025-04-02 13:46:00+00:00,2025-04-02 13:47:00+00:00,2025-04-02 19:00:00+00:00,16,TIME_EXIT,19533.75,19317.0,216.75,19549.5,19607.5,19317.0,232.5,465.0,500.0,1.075268817204301,1,114.76,114.76,1
p0_st5_20_bearish_sr350_lr750_buf0_tg1030,NASDAQ_ORB_15m_p0_short_switch_tp2r_p0_st5_20_bearish_sr350_lr750_buf0_tg1030_2025-04-08,2025-04-08,1,LONG,15,09:45,2.0,2025-04-08 13:47:00+00:00,2025-04-08 13:48:00+00:00,2025-04-08 19:00:00+00:00,17,TIME_EXIT,18202.0,18062.25,139.75,18204.5,17439.75,18062.25,142.25,284.5,500.0,1.757469244288225,1,-1530.74,-1530.74,0
p0_st5_20_bearish_sr350_lr750_buf0_tg1030,NASDAQ_ORB_15m_p0_short_switch_tp2r_p0_st5_20_bearish_sr350_lr750_buf0_tg1030_2025-04-11,2025-04-11,1,LONG,15,09:45,2.0,2025-04-11 13:47:00+00:00,2025-04-11 13:48:00+00:00,2025-04-11 19:00:00+00:00,17,TIME_EXIT,18571.25,18353.5,217.75,18591.5,18738.75,18353.5,238.0,476.0,500.0,1.050420168067227,1,293.26,293.26,1
p0_st5_20_bearish_sr350_lr750_buf0_tg1030,NASDAQ_ORB_15m_p0_short_switch_tp2r_p0_st5_20_bearish_sr350_lr750_buf0_tg1030_2025-04-15,2025-04-15,1,LONG,15,09:45,2.0,2025-04-15 13:49:00+00:00,2025-04-15 13:50:00+00:00,2025-04-15 19:00:00+00:00,19,TIME_EXIT,19086.75,18968.0,118.75,19098.75,18975.25,18968.0,130.75,261.5,500.0,1.9120458891013383,1,-248.24,-248.24,0
p0_st5_20_bearish_sr350_lr750_buf0_tg1030,NASDAQ_ORB_15m_p0_short_switch_tp2r_p0_st5_20_bearish_sr350_lr750_buf0_tg1030_2025-04-16,2025-04-16,1,SHORT,15,09:45,2.0,2025-04-16 13:53:00+00:00,2025-04-16 13:54:00+00:00,2025-04-16 15:26:00+00:00,23,SWITCH_TO_LONG,18679.0,18572.5,106.5,18557.25,18705.25,18679.0,121.75,243.5,350.0,1.4373716632443532,1,-297.24,-297.24,0
p0_st5_20_bearish_sr350_lr750_buf0_tg1030,NASDAQ_ORB_15m_p0_short_switch_tp2r_p0_st5_20_bearish_sr350_lr750_buf0_tg1030_2025-04-16,2025-04-16,2,LONG,15,09:45,2.0,2025-04-16 15:25:00+00:00,2025-04-16 15:26:00+00:00,2025-04-16 19:00:00+00:00,115,TIME_EXIT,18679.0,18572.5,106.5,18705.25,18212.75,18572.5,132.75,265.5,750.0,2.824858757062147,2,-986.24,-1972.48,0
p0_st5_20_bearish_sr350_lr750_buf0_tg1030,NASDAQ_ORB_15m_p0_short_switch_tp2r_p0_st5_20_bearish_sr350_lr750_buf0_tg1030_2025-04-17,2025-04-17,1,SHORT,15,09:45,2.0,2025-04-17 14:19:00+00:00,2025-04-17 14:20:00+00:00,2025-04-17 18:22:00+00:00,49,SWITCH_TO_LONG,18509.5,18382.25,127.25,18380.5,18511.5,18509.5,129.0,258.0,350.0,1.3565891472868217,1,-263.24,-263.24,0
p0_st5_20_bearish_sr350_lr750_buf0_tg1030,NASDAQ_ORB_15m_p0_short_switch_tp2r_p0_st5_20_bearish_sr350_lr750_buf0_tg1030_2025-04-17,2025-04-17,2,LONG,15,09:45,2.0,2025-04-17 18:21:00+00:00,2025-04-17 18:22:00+00:00,2025-04-17 19:00:00+00:00,291,TIME_EXIT,18509.5,18382.25,127.25,18511.5,18420.0,18382.25,129.25,258.5,750.0,2.9013539651837523,2,-184.24,-368.48,0
p0_st5_20_bearish_sr350_lr750_buf0_tg1030,NASDAQ_ORB_15m_p0_short_switch_tp2r_p0_st5_20_bearish_sr350_lr750_buf0_tg1030_2025-04-21,2025-04-21,1,SHORT,15,09:45,2.0,2025-04-21 13:54:00+00:00,2025-04-21 13:55:00+00:00,2025-04-21 15:35:00+00:00,24,TP_2R,18165.75,18060.75,105.0,18055.5,17835.25,18165.75,110.25,220.5,350.0,1.5873015873015872,1,439.26,439.26,1
p0_st5_20_bearish_sr350_lr750_buf0_tg1030,NASDAQ_ORB_15m_p0_short_switch_tp2r_p0_st5_20_bearish_sr350_lr750_buf0_tg1030_2025-04-22,2025-04-22,1,LONG,15,09:45,2.0,2025-04-22 13:46:00+00:00,2025-04-22 13:47:00+00:00,2025-04-22 19:00:00+00:00,16,TIME_EXIT,18211.0,18100.25,110.75,18243.5,18383.0,18100.25,143.25,286.5,500.0,1.7452006980802792,1,277.76,277.76,1
p0_st5_20_bearish_sr350_lr750_buf0_tg1030,NASDAQ_ORB_15m_p0_short_switch_tp2r_p0_st5_20_bearish_sr350_lr750_buf0_tg1030_2025-04-23,2025-04-23,1,LONG,15,09:45,2.0,2025-04-23 13:52:00+00:00,2025-04-23 13:53:00+00:00,2025-04-23 19:00:00+00:00,22,TIME_EXIT,19113.0,18917.0,196.0,19116.5,18869.5,18917.0,199.5,399.0,500.0,1.2531328320802004,1,-495.24,-495.24,0
p0_st5_20_bearish_sr350_lr750_buf0_tg1030,NASDAQ_ORB_15m_p0_short_switch_tp2r_p0_st5_20_bearish_sr350_lr750_buf0_tg1030_2025-04-24,2025-04-24,1,LONG,15,09:45,2.0,2025-04-24 13:46:00+00:00,2025-04-24 13:47:00+00:00,2025-04-24 15:12:00+00:00,16,TP_2R,18961.25,18846.5,114.75,18965.25,19202.5,18846.5,118.75,237.5,500.0,2.1052631578947367,2,473.26,946.52,1
p0_st5_20_bearish_sr350_lr750_buf0_tg1030,NASDAQ_ORB_15m_p0_short_switch_tp2r_p0_st5_20_bearish_sr350_lr750_buf0_tg1030_2025-04-25,2025-04-25,1,SHORT,15,09:45,2.0,2025-04-25 13:53:00+00:00,2025-04-25 13:54:00+00:00,2025-04-25 14:11:00+00:00,23,SWITCH_TO_LONG,19363.25,19256.25,107.0,19252.75,19376.0,19363.25,110.5,221.0,350.0,1.583710407239819,1,-247.74,-247.74,0
p0_st5_20_bearish_sr350_lr750_buf0_tg1030,NASDAQ_ORB_15m_p0_short_switch_tp2r_p0_st5_20_bearish_sr350_lr750_buf0_tg1030_2025-04-25,2025-04-25,2,LONG,15,09:45,2.0,2025-04-25 14:10:00+00:00,2025-04-25 14:11:00+00:00,2025-04-25 19:00:00+00:00,40,TIME_EXIT,19363.25,19256.25,107.0,19376.0,19499.5,19256.25,119.75,239.5,750.0,3.1315240083507305,3,245.76,737.28,1
p0_st5_20_bearish_sr350_lr750_buf0_tg1030,NASDAQ_ORB_15m_p0_short_switch_tp2r_p0_st5_20_bearish_sr350_lr750_buf0_tg1030_2025-04-28,2025-04-28,1,LONG,15,09:45,2.0,2025-04-28 13:46:00+00:00,2025-04-28 13:47:00+00:00,2025-04-28 19:00:00+00:00,16,TIME_EXIT,19599.0,19482.75,116.25,19601.75,19427.5,19482.75,119.0,238.0,500.0,2.100840336134454,2,-349.74,-699.48,0
p0_st5_20_bearish_sr350_lr750_buf0_tg1030,NASDAQ_ORB_15m_p0_short_switch_tp2r_p0_st5_20_bearish_sr350_lr750_buf0_tg1030_2025-04-29,2025-04-29,1,LONG,15,09:45,2.0,2025-04-29 13:46:00+00:00,2025-04-29 13:47:00+00:00,2025-04-29 18:05:00+00:00,16,TP_2R,19477.5,19404.0,73.5,19494.25,19674.5,19404.0,90.25,180.5,500.0,2.770083102493075,2,359.26,718.52,1
p0_st5_20_bearish_sr350_lr750_buf0_tg1030,NASDAQ_ORB_15m_p0_short_switch_tp2r_p0_st5_20_bearish_sr350_lr750_buf0_tg1030_2025-05-01,2025-05-01,1,SHORT,15,09:45,2.0,2025-05-01 14:00:00+00:00,2025-05-01 14:01:00+00:00,2025-05-01 14:29:00+00:00,30,SWITCH_TO_LONG,19990.5,19888.5,102.0,19905.75,19994.25,19990.5,84.75,169.5,350.0,2.0648967551622417,2,-178.24,-356.48,0
p0_st5_20_bearish_sr350_lr750_buf0_tg1030,NASDAQ_ORB_15m_p0_short_switch_tp2r_p0_st5_20_bearish_sr350_lr750_buf0_tg1030_2025-05-01,2025-05-01,2,LONG,15,09:45,2.0,2025-05-01 14:28:00+00:00,2025-05-01 14:29:00+00:00,2025-05-01 19:00:00+00:00,58,TIME_EXIT,19990.5,19888.5,102.0,19994.25,20008.75,19888.5,105.75,211.5,750.0,3.5460992907801416,3,27.76,83.28,1
p0_st5_20_bearish_sr350_lr750_buf0_tg1030,NASDAQ_ORB_15m_p0_short_switch_tp2r_p0_st5_20_bearish_sr350_lr750_buf0_tg1030_2025-05-02,2025-05-02,1,LONG,15,09:45,2.0,2025-05-02 14:06:00+00:00,2025-05-02 14:07:00+00:00,2025-05-02 19:00:00+00:00,36,TIME_EXIT,20125.0,20033.0,92.0,20129.25,20221.75,20033.0,96.25,192.5,500.0,2.5974025974025974,2,183.76,367.52,1
p0_st5_20_bearish_sr350_lr750_buf0_tg1030,NASDAQ_ORB_15m_p0_short_switch_tp2r_p0_st5_20_bearish_sr350_lr750_buf0_tg1030_2025-05-05,2025-05-05,1,LONG,15,09:45,2.0,2025-05-05 13:57:00+00:00,2025-05-05 13:58:00+00:00,2025-05-05 19:00:00+00:00,27,TIME_EXIT,20053.75,19985.25,68.5,20054.75,20151.5,19985.25,69.5,139.0,500.0,3.597122302158273,3,192.26,576.78,1
p0_st5_20_bearish_sr350_lr750_buf0_tg1030,NASDAQ_ORB_15m_p0_short_switch_tp2r_p0_st5_20_bearish_sr350_lr750_buf0_tg1030_2025-05-06,2025-05-06,1,SHORT,15,09:45,2.0,2025-05-06 13:52:00+00:00,2025-05-06 13:53:00+00:00,2025-05-06 14:21:00+00:00,22,SWITCH_TO_LONG,19864.5,19779.25,85.25,19770.75,19868.0,19864.5,93.75,187.5,350.0,1.8666666666666667,1,-195.74,-195.74,0
p0_st5_20_bearish_sr350_lr750_buf0_tg1030,NASDAQ_ORB_15m_p0_short_switch_tp2r_p0_st5_20_bearish_sr350_lr750_buf0_tg1030_2025-05-06,2025-05-06,2,LONG,15,09:45,2.0,2025-05-06 14:20:00+00:00,2025-05-06 14:21:00+00:00,2025-05-06 19:00:00+00:00,50,TIME_EXIT,19864.5,19779.25,85.25,19868.0,19953.75,19779.25,88.75,177.5,750.0,4.225352112676056,4,170.26,681.04,1
p0_st5_20_bearish_sr350_lr750_buf0_tg1030,NASDAQ_ORB_15m_p0_short_switch_tp2r_p0_st5_20_bearish_sr350_lr750_buf0_tg1030_2025-05-07,2025-05-07,1,LONG,15,09:45,2.0,2025-05-07 13:58:00+00:00,2025-05-07 13:59:00+00:00,2025-05-07 19:00:00+00:00,28,TIME_EXIT,19934.25,19866.0,68.25,19935.25,19885.5,19866.0,69.25,138.5,500.0,3.6101083032490973,3,-100.74,-302.21999999999997,0
p0_st5_20_bearish_sr350_lr750_buf0_tg1030,NASDAQ_ORB_15m_p0_short_switch_tp2r_p0_st5_20_bearish_sr350_lr750_buf0_tg1030_2025-05-08,2025-05-08,1,SHORT,15,09:45,2.0,2025-05-08 13:49:00+00:00,2025-05-08 13:50:00+00:00,2025-05-08 15:30:00+00:00,19,SWITCH_TO_LONG,20174.5,20097.75,76.75,20079.5,20194.25,20174.5,95.0,190.0,350.0,1.8421052631578947,1,-230.74,-230.74,0
p0_st5_20_bearish_sr350_lr750_buf0_tg1030,NASDAQ_ORB_15m_p0_short_switch_tp2r_p0_st5_20_bearish_sr350_lr750_buf0_tg1030_2025-05-08,2025-05-08,2,LONG,15,09:45,2.0,2025-05-08 15:29:00+00:00,2025-05-08 15:30:00+00:00,2025-05-08 19:00:00+00:00,119,TIME_EXIT,20174.5,20097.75,76.75,20194.25,20283.75,20097.75,96.5,193.0,750.0,3.8860103626943006,3,177.76,533.28,1
p0_st5_20_bearish_sr350_lr750_buf0_tg1030,NASDAQ_ORB_15m_p0_short_switch_tp2r_p0_st5_20_bearish_sr350_lr750_buf0_tg1030_2025-05-09,2025-05-09,1,SHORT,15,09:45,2.0,2025-05-09 14:25:00+00:00,2025-05-09 14:26:00+00:00,2025-05-09 19:00:00+00:00,55,TIME_EXIT,20279.75,20220.0,59.75,20179.25,20142.0,20279.75,100.5,201.0,350.0,1.7412935323383085,1,73.26,73.26,1
p0_st5_20_bearish_sr350_lr750_buf0_tg1030,NASDAQ_ORB_15m_p0_short_switch_tp2r_p0_st5_20_bearish_sr350_lr750_buf0_tg1030_2025-05-13,2025-05-13,1,LONG,15,09:45,2.0,2025-05-13 13:51:00+00:00,2025-05-13 13:52:00+00:00,2025-05-13 16:36:00+00:00,21,TP_2R,21080.5,20973.25,107.25,21087.0,21314.25,20973.25,113.75,227.5,500.0,2.197802197802198,2,453.26,906.52,1
p0_st5_20_bearish_sr350_lr750_buf0_tg1030,NASDAQ_ORB_15m_p0_short_switch_tp2r_p0_st5_20_bearish_sr350_lr750_buf0_tg1030_2025-05-14,2025-05-14,1,SHORT,15,09:45,2.0,2025-05-14 13:55:00+00:00,2025-05-14 13:56:00+00:00,2025-05-14 16:34:00+00:00,25,SWITCH_TO_LONG,21404.75,21314.0,90.75,21301.5,21409.75,21404.75,103.25,206.5,350.0,1.694915254237288,1,-217.74,-217.74,0
p0_st5_20_bearish_sr350_lr750_buf0_tg1030,NASDAQ_ORB_15m_p0_short_switch_tp2r_p0_st5_20_bearish_sr350_lr750_buf0_tg1030_2025-05-14,2025-05-14,2,LONG,15,09:45,2.0,2025-05-14 16:33:00+00:00,2025-05-14 16:34:00+00:00,2025-05-14 19:00:00+00:00,183,TIME_EXIT,21404.75,21314.0,90.75,21409.75,21369.25,21314.0,95.75,191.5,750.0,3.91644908616188,3,-82.24,-246.71999999999997,0
p0_st5_20_bearish_sr350_lr750_buf0_tg1030,NASDAQ_ORB_15m_p0_short_switch_tp2r_p0_st5_20_bearish_sr350_lr750_buf0_tg1030_2025-05-15,2025-05-15,1,LONG,15,09:45,2.0,2025-05-15 15:04:00+00:00,2025-05-15 15:05:00+00:00,2025-05-15 17:19:00+00:00,94,TP_2R,21339.5,21276.75,62.75,21354.75,21510.5,21276.75,78.0,156.0,500.0,3.2051282051282053,3,310.26,930.78,1
p0_st5_20_bearish_sr350_lr750_buf0_tg1030,NASDAQ_ORB_15m_p0_short_switch_tp2r_p0_st5_20_bearish_sr350_lr750_buf0_tg1030_2025-05-16,2025-05-16,1,LONG,15,09:45,2.0,2025-05-16 17:34:00+00:00,2025-05-16 17:35:00+00:00,2025-05-16 19:00:00+00:00,244,TIME_EXIT,21470.25,21388.75,81.5,21470.75,21476.25,21388.75,82.0,164.0,500.0,3.048780487804878,3,9.76,29.28,1
p0_st5_20_bearish_sr350_lr750_buf0_tg1030,NASDAQ_ORB_15m_p0_short_switch_tp2r_p0_st5_20_bearish_sr350_lr750_buf0_tg1030_2025-05-19,2025-05-19,1,LONG,15,09:45,2.0,2025-05-19 13:46:00+00:00,2025-05-19 13:47:00+00:00,2025-05-19 19:00:00+00:00,16,TIME_EXIT,21335.0,21201.5,133.5,21337.5,21495.75,21201.5,136.0,272.0,500.0,1.838235294117647,1,315.26,315.26,1
p0_st5_20_bearish_sr350_lr750_buf0_tg1030,NASDAQ_ORB_15m_p0_short_switch_tp2r_p0_st5_20_bearish_sr350_lr750_buf0_tg1030_2025-05-20,2025-05-20,1,SHORT,15,09:45,2.0,2025-05-20 13:48:00+00:00,2025-05-20 13:49:00+00:00,2025-05-20 14:42:00+00:00,18,SWITCH_TO_LONG,21439.75,21390.5,49.25,21365.0,21441.75,21439.75,74.75,149.5,350.0,2.3411371237458196,2,-154.74,-309.48,0
p0_st5_20_bearish_sr350_lr750_buf0_tg1030,NASDAQ_ORB_15m_p0_short_switch_tp2r_p0_st5_20_bearish_sr350_lr750_buf0_tg1030_2025-05-20,2025-05-20,2,LONG,15,09:45,2.0,2025-05-20 14:41:00+00:00,2025-05-20 14:42:00+00:00,2025-05-20 19:00:00+00:00,71,TIME_EXIT,21439.75,21390.5,49.25,21441.75,21348.5,21390.5,51.25,102.5,750.0,7.317073170731708,7,-187.74,-1314.18,0
p0_st5_20_bearish_sr350_lr750_buf0_tg1030,NASDAQ_ORB_15m_p0_short_switch_tp2r_p0_st5_20_bearish_sr350_lr750_buf0_tg1030_2025-05-21,2025-05-21,1,LONG,15,09:45,2.0,2025-05-21 13:49:00+00:00,2025-05-21 13:50:00+00:00,2025-05-21 19:00:00+00:00,19,TIME_EXIT,21372.25,21277.0,95.25,21374.25,21177.5,21277.0,97.25,194.5,500.0,2.570694087403599,2,-394.74,-789.48,0
p0_st5_20_bearish_sr350_lr750_buf0_tg1030,NASDAQ_ORB_15m_p0_short_switch_tp2r_p0_st5_20_bearish_sr350_lr750_buf0_tg1030_2025-05-22,2025-05-22,1,LONG,15,09:45,2.0,2025-05-22 13:53:00+00:00,2025-05-22 13:54:00+00:00,2025-05-22 19:00:00+00:00,23,TIME_EXIT,21219.5,21113.75,105.75,21238.5,21304.75,21113.75,124.75,249.5,500.0,2.004008016032064,2,131.26,262.52,1
p0_st5_20_bearish_sr350_lr750_buf0_tg1030,NASDAQ_ORB_15m_p0_short_switch_tp2r_p0_st5_20_bearish_sr350_lr750_buf0_tg1030_2025-05-23,2025-05-23,1,LONG,15,09:45,2.0,2025-05-23 14:13:00+00:00,2025-05-23 14:14:00+00:00,2025-05-23 19:00:00+00:00,43,TIME_EXIT,20953.5,20821.5,132.0,20978.25,21039.0,20821.5,156.75,313.5,500.0,1.594896331738437,1,120.26,120.26,1
p0_st5_20_bearish_sr350_lr750_buf0_tg1030,NASDAQ_ORB_15m_p0_short_switch_tp2r_p0_st5_20_bearish_sr350_lr750_buf0_tg1030_2025-05-27,2025-05-27,1,LONG,15,09:45,2.0,2025-05-27 13:56:00+00:00,2025-05-27 13:57:00+00:00,2025-05-27 17:49:00+00:00,26,TP_2R,21284.5,21193.25,91.25,21285.25,21469.0,21193.25,92.0,184.0,500.0,2.717391304347826,2,366.26,732.52,1
p0_st5_20_bearish_sr350_lr750_buf0_tg1030,NASDAQ_ORB_15m_p0_short_switch_tp2r_p0_st5_20_bearish_sr350_lr750_buf0_tg1030_2025-05-28,2025-05-28,1,SHORT,15,09:45,2.0,2025-05-28 14:00:00+00:00,2025-05-28 14:01:00+00:00,2025-05-28 19:00:00+00:00,30,TIME_EXIT,21564.75,21490.25,74.5,21466.75,21469.25,21564.75,98.0,196.0,350.0,1.7857142857142858,1,-6.24,-6.24,0
p0_st5_20_bearish_sr350_lr750_buf0_tg1030,NASDAQ_ORB_15m_p0_short_switch_tp2r_p0_st5_20_bearish_sr350_lr750_buf0_tg1030_2025-05-29,2025-05-29,1,SHORT,15,09:45,2.0,2025-05-29 13:47:00+00:00,2025-05-29 13:48:00+00:00,2025-05-29 19:00:00+00:00,17,TIME_EXIT,21679.25,21522.5,156.75,21517.5,21363.0,21679.25,161.75,323.5,350.0,1.0819165378670788,1,307.76,307.76,1
p0_st5_20_bearish_sr350_lr750_buf0_tg1030,NASDAQ_ORB_15m_p0_short_switch_tp2r_p0_st5_20_bearish_sr350_lr750_buf0_tg1030_2025-05-30,2025-05-30,1,SHORT,15,09:45,2.0,2025-05-30 13:50:00+00:00,2025-05-30 13:51:00+00:00,2025-05-30 14:39:00+00:00,20,SWITCH_TO_LONG,21390.75,21295.25,95.5,21289.5,21396.0,21390.75,101.25,202.5,350.0,1.728395061728395,1,-214.24,-214.24,0
p0_st5_20_bearish_sr350_lr750_buf0_tg1030,NASDAQ_ORB_15m_p0_short_switch_tp2r_p0_st5_20_bearish_sr350_lr750_buf0_tg1030_2025-05-30,2025-05-30,2,LONG,15,09:45,2.0,2025-05-30 14:38:00+00:00,2025-05-30 14:39:00+00:00,2025-05-30 19:00:00+00:00,68,TIME_EXIT,21390.75,21295.25,95.5,21396.0,21300.75,21295.25,100.75,201.5,750.0,3.7220843672456576,3,-191.74,-575.22,0
p0_st5_20_bearish_sr350_lr750_buf0_tg1030,NASDAQ_ORB_15m_p0_short_switch_tp2r_p0_st5_20_bearish_sr350_lr750_buf0_tg1030_2025-06-03,2025-06-03,1,LONG,15,09:45,2.0,2025-06-03 13:58:00+00:00,2025-06-03 13:59:00+00:00,2025-06-03 19:00:00+00:00,28,TIME_EXIT,21595.75,21510.0,85.75,21602.75,21710.25,21510.0,92.75,185.5,500.0,2.6954177897574123,2,213.76,427.52,1
p0_st5_20_bearish_sr350_lr750_buf0_tg1030,NASDAQ_ORB_15m_p0_short_switch_tp2r_p0_st5_20_bearish_sr350_lr750_buf0_tg1030_2025-06-04,2025-06-04,1,SHORT,15,09:45,2.0,2025-06-04 14:10:00+00:00,2025-06-04 14:11:00+00:00,2025-06-04 18:08:00+00:00,40,SWITCH_TO_LONG,21793.5,21716.75,76.75,21685.25,21798.0,21793.5,108.25,216.5,350.0,1.6166281755196306,1,-226.74,-226.74,0
p0_st5_20_bearish_sr350_lr750_buf0_tg1030,NASDAQ_ORB_15m_p0_short_switch_tp2r_p0_st5_20_bearish_sr350_lr750_buf0_tg1030_2025-06-04,2025-06-04,2,LONG,15,09:45,2.0,2025-06-04 18:07:00+00:00,2025-06-04 18:08:00+00:00,2025-06-04 19:00:00+00:00,277,TIME_EXIT,21793.5,21716.75,76.75,21798.0,21782.25,21716.75,81.25,162.5,750.0,4.615384615384615,4,-32.74,-130.96,0
p0_st5_20_bearish_sr350_lr750_buf0_tg1030,NASDAQ_ORB_15m_p0_short_switch_tp2r_p0_st5_20_bearish_sr350_lr750_buf0_tg1030_2025-06-05,2025-06-05,1,SHORT,15,09:45,2.0,2025-06-05 13:52:00+00:00,2025-06-05 13:53:00+00:00,2025-06-05 14:48:00+00:00,22,SWITCH_TO_LONG,21840.0,21735.0,105.0,21725.5,21855.75,21840.0,114.5,229.0,350.0,1.5283842794759825,1,-261.74,-261.74,0
p0_st5_20_bearish_sr350_lr750_buf0_tg1030,NASDAQ_ORB_15m_p0_short_switch_tp2r_p0_st5_20_bearish_sr350_lr750_buf0_tg1030_2025-06-05,2025-06-05,2,LONG,15,09:45,2.0,2025-06-05 14:47:00+00:00,2025-06-05 14:48:00+00:00,2025-06-05 19:00:00+00:00,77,TIME_EXIT,21840.0,21735.0,105.0,21855.75,21686.25,21735.0,120.75,241.5,750.0,3.1055900621118013,3,-340.24,-1020.72,0
p0_st5_20_bearish_sr350_lr750_buf0_tg1030,NASDAQ_ORB_15m_p0_short_switch_tp2r_p0_st5_20_bearish_sr350_lr750_buf0_tg1030_2025-06-06,2025-06-06,1,LONG,15,09:45,2.0,2025-06-06 13:47:00+00:00,2025-06-06 13:48:00+00:00,2025-06-06 19:00:00+00:00,17,TIME_EXIT,21852.25,21768.0,84.25,21858.25,21834.75,21768.0,90.25,180.5,500.0,2.770083102493075,2,-48.24,-96.48,0
p0_st5_20_bearish_sr350_lr750_buf0_tg1030,NASDAQ_ORB_15m_p0_short_switch_tp2r_p0_st5_20_bearish_sr350_lr750_buf0_tg1030_2025-06-09,2025-06-09,1,LONG,15,09:45,2.0,2025-06-09 13:55:00+00:00,2025-06-09 13:56:00+00:00,2025-06-09 19:00:00+00:00,25,TIME_EXIT,21815.0,21750.25,64.75,21816.0,21868.75,21750.25,65.75,131.5,500.0,3.802281368821293,3,104.26,312.78000000000003,1
p0_st5_20_bearish_sr350_lr750_buf0_tg1030,NASDAQ_ORB_15m_p0_short_switch_tp2r_p0_st5_20_bearish_sr350_lr750_buf0_tg1030_2025-06-10,2025-06-10,1,LONG,15,09:45,2.0,2025-06-10 13:53:00+00:00,2025-06-10 13:54:00+00:00,2025-06-10 19:00:00+00:00,23,TIME_EXIT,21886.5,21818.0,68.5,21889.25,21949.0,21818.0,71.25,142.5,500.0,3.508771929824561,3,118.26,354.78000000000003,1
p0_st5_20_bearish_sr350_lr750_buf0_tg1030,NASDAQ_ORB_15m_p0_short_switch_tp2r_p0_st5_20_bearish_sr350_lr750_buf0_tg1030_2025-06-11,2025-06-11,1,SHORT,15,09:45,2.0,2025-06-11 13:50:00+00:00,2025-06-11 13:51:00+00:00,2025-06-11 14:25:00+00:00,20,SWITCH_TO_LONG,22024.75,21960.0,64.75,21953.5,22026.0,22024.75,71.25,142.5,350.0,2.456140350877193,2,-146.24,-292.48,0
p0_st5_20_bearish_sr350_lr750_buf0_tg1030,NASDAQ_ORB_15m_p0_short_switch_tp2r_p0_st5_20_bearish_sr350_lr750_buf0_tg1030_2025-06-11,2025-06-11,2,LONG,15,09:45,2.0,2025-06-11 14:24:00+00:00,2025-06-11 14:25:00+00:00,2025-06-11 19:00:00+00:00,54,TIME_EXIT,22024.75,21960.0,64.75,22026.0,21860.75,21960.0,66.0,132.0,750.0,5.681818181818182,5,-331.74,-1658.7,0
p0_st5_20_bearish_sr350_lr750_buf0_tg1030,NASDAQ_ORB_15m_p0_short_switch_tp2r_p0_st5_20_bearish_sr350_lr750_buf0_tg1030_2025-06-12,2025-06-12,1,LONG,15,09:45,2.0,2025-06-12 13:50:00+00:00,2025-06-12 13:51:00+00:00,2025-06-12 19:00:00+00:00,20,TIME_EXIT,21884.75,21816.0,68.75,21886.75,21937.25,21816.0,70.75,141.5,500.0,3.5335689045936394,3,99.76,299.28000000000003,1
p0_st5_20_bearish_sr350_lr750_buf0_tg1030,NASDAQ_ORB_15m_p0_short_switch_tp2r_p0_st5_20_bearish_sr350_lr750_buf0_tg1030_2025-06-13,2025-06-13,1,SHORT,15,09:45,2.0,2025-06-13 14:30:00+00:00,2025-06-13 14:31:00+00:00,2025-06-13 15:24:00+00:00,60,SWITCH_TO_LONG,21788.25,21663.5,124.75,21627.0,21803.5,21788.25,161.25,322.5,350.0,1.0852713178294573,1,-354.24,-354.24,0
p0_st5_20_bearish_sr350_lr750_buf0_tg1030,NASDAQ_ORB_15m_p0_short_switch_tp2r_p0_st5_20_bearish_sr350_lr750_buf0_tg1030_2025-06-13,2025-06-13,2,LONG,15,09:45,2.0,2025-06-13 15:23:00+00:00,2025-06-13 15:24:00+00:00,2025-06-13 19:00:00+00:00,113,TIME_EXIT,21788.25,21663.5,124.75,21803.5,21668.25,21663.5,140.0,280.0,750.0,2.6785714285714284,2,-271.74,-543.48,0
p0_st5_20_bearish_sr350_lr750_buf0_tg1030,NASDAQ_ORB_15m_p0_short_switch_tp2r_p0_st5_20_bearish_sr350_lr750_buf0_tg1030_2025-06-16,2025-06-16,1,LONG,15,09:45,2.0,2025-06-16 13:46:00+00:00,2025-06-16 13:47:00+00:00,2025-06-16 19:00:00+00:00,16,TIME_EXIT,22098.75,22013.5,85.25,22101.75,22167.0,22013.5,88.25,176.5,500.0,2.8328611898016995,2,129.26,258.52,1
p0_st5_20_bearish_sr350_lr750_buf0_tg1030,NASDAQ_ORB_15m_p0_short_switch_tp2r_p0_st5_20_bearish_sr350_lr750_buf0_tg1030_2025-06-17,2025-06-17,1,LONG,15,09:45,2.0,2025-06-17 14:12:00+00:00,2025-06-17 14:13:00+00:00,2025-06-17 19:00:00+00:00,42,TIME_EXIT,22110.0,22029.0,81.0,22114.5,21976.25,22029.0,85.5,171.0,500.0,2.9239766081871346,2,-277.74,-555.48,0
p0_st5_20_bearish_sr350_lr750_buf0_tg1030,NASDAQ_ORB_15m_p0_short_switch_tp2r_p0_st5_20_bearish_sr350_lr750_buf0_tg1030_2025-06-18,2025-06-18,1,LONG,15,09:45,2.0,2025-06-18 13:50:00+00:00,2025-06-18 13:51:00+00:00,2025-06-18 19:00:00+00:00,20,TIME_EXIT,21995.75,21926.5,69.25,22002.75,21917.25,21926.5,76.25,152.5,500.0,3.278688524590164,3,-172.24,-516.72,0
p0_st5_20_bearish_sr350_lr750_buf0_tg1030,NASDAQ_ORB_15m_p0_short_switch_tp2r_p0_st5_20_bearish_sr350_lr750_buf0_tg1030_2025-06-19,2025-06-19,1,SHORT,15,09:45,2.0,2025-06-19 13:47:00+00:00,2025-06-19 13:48:00+00:00,2025-06-19 22:02:00+00:00,17,TIME_EXIT,21786.75,21716.0,70.75,21707.5,21821.5,21786.75,79.25,158.5,350.0,2.2082018927444795,2,-229.24,-458.48,0
p0_st5_20_bearish_sr350_lr750_buf0_tg1030,NASDAQ_ORB_15m_p0_short_switch_tp2r_p0_st5_20_bearish_sr350_lr750_buf0_tg1030_2025-06-20,2025-06-20,1,SHORT,15,09:45,2.0,2025-06-20 14:00:00+00:00,2025-06-20 14:01:00+00:00,2025-06-20 15:01:00+00:00,30,TP_2R,22130.75,22040.0,90.75,22018.0,21792.75,22130.75,112.75,225.5,350.0,1.5521064301552105,1,449.26,449.26,1
p0_st5_20_bearish_sr350_lr750_buf0_tg1030,NASDAQ_ORB_15m_p0_short_switch_tp2r_p0_st5_20_bearish_sr350_lr750_buf0_tg1030_2025-06-23,2025-06-23,1,LONG,15,09:45,2.0,2025-06-23 13:48:00+00:00,2025-06-23 13:49:00+00:00,2025-06-23 19:00:00+00:00,18,TIME_EXIT,21885.5,21758.5,127.0,21897.0,22036.0,21758.5,138.5,277.0,500.0,1.8050541516245486,1,276.76,276.76,1
p0_st5_20_bearish_sr350_lr750_buf0_tg1030,NASDAQ_ORB_15m_p0_short_switch_tp2r_p0_st5_20_bearish_sr350_lr750_buf0_tg1030_2025-06-24,2025-06-24,1,LONG,15,09:45,2.0,2025-06-24 13:48:00+00:00,2025-06-24 13:49:00+00:00,2025-06-24 19:00:00+00:00,18,TIME_EXIT,22327.75,22260.0,67.75,22329.75,22425.25,22260.0,69.75,139.5,500.0,3.5842293906810037,3,189.76,569.28,1
p0_st5_20_bearish_sr350_lr750_buf0_tg1030,NASDAQ_ORB_15m_p0_short_switch_tp2r_p0_st5_20_bearish_sr350_lr750_buf0_tg1030_2025-06-25,2025-06-25,1,SHORT,15,09:45,2.0,2025-06-25 14:15:00+00:00,2025-06-25 14:16:00+00:00,2025-06-25 19:00:00+00:00,45,TIME_EXIT,22548.25,22490.25,58.0,22474.5,22420.75,22548.25,73.75,147.5,350.0,2.3728813559322033,2,106.26,212.52,1
p0_st5_20_bearish_sr350_lr750_buf0_tg1030,NASDAQ_ORB_15m_p0_short_switch_tp2r_p0_st5_20_bearish_sr350_lr750_buf0_tg1030_2025-06-26,2025-06-26,1,SHORT,15,09:45,2.0,2025-06-26 13:51:00+00:00,2025-06-26 13:52:00+00:00,2025-06-26 14:23:00+00:00,21,SWITCH_TO_LONG,22566.5,22495.0,71.5,22487.0,22570.5,22566.5,79.5,159.0,350.0,2.20125786163522,2,-168.24,-336.48,0
p0_st5_20_bearish_sr350_lr750_buf0_tg1030,NASDAQ_ORB_15m_p0_short_switch_tp2r_p0_st5_20_bearish_sr350_lr750_buf0_tg1030_2025-06-26,2025-06-26,2,LONG,15,09:45,2.0,2025-06-26 14:22:00+00:00,2025-06-26 14:23:00+00:00,2025-06-26 19:00:00+00:00,52,TIME_EXIT,22566.5,22495.0,71.5,22570.5,22666.25,22495.0,75.5,151.0,750.0,4.966887417218543,4,190.26,761.04,1
p0_st5_20_bearish_sr350_lr750_buf0_tg1030,NASDAQ_ORB_15m_p0_short_switch_tp2r_p0_st5_20_bearish_sr350_lr750_buf0_tg1030_2025-06-27,2025-06-27,1,LONG,15,09:45,2.0,2025-06-27 13:55:00+00:00,2025-06-27 13:56:00+00:00,2025-06-27 19:00:00+00:00,25,TIME_EXIT,22743.0,22682.0,61.0,22744.0,22610.25,22682.0,62.0,124.0,500.0,4.032258064516129,4,-268.74,-1074.96,0
p0_st5_20_bearish_sr350_lr750_buf0_tg1030,NASDAQ_ORB_15m_p0_short_switch_tp2r_p0_st5_20_bearish_sr350_lr750_buf0_tg1030_2025-06-30,2025-06-30,1,SHORT,15,09:45,2.0,2025-06-30 13:50:00+00:00,2025-06-30 13:51:00+00:00,2025-06-30 19:00:00+00:00,20,TIME_EXIT,22875.5,22801.25,74.25,22800.0,22849.5,22875.5,75.5,151.0,350.0,2.3178807947019866,2,-100.24,-200.48,0
p0_st5_20_bearish_sr350_lr750_buf0_tg1030,NASDAQ_ORB_15m_p0_short_switch_tp2r_p0_st5_20_bearish_sr350_lr750_buf0_tg1030_2025-07-01,2025-07-01,1,LONG,15,09:45,2.0,2025-07-01 13:51:00+00:00,2025-07-01 13:52:00+00:00,2025-07-01 19:00:00+00:00,21,TIME_EXIT,22821.25,22779.75,41.5,22829.5,22702.25,22779.75,49.75,99.5,500.0,5.025125628140704,5,-255.74,-1278.7,0
p0_st5_20_bearish_sr350_lr750_buf0_tg1030,NASDAQ_ORB_15m_p0_short_switch_tp2r_p0_st5_20_bearish_sr350_lr750_buf0_tg1030_2025-07-02,2025-07-02,1,LONG,15,09:45,2.0,2025-07-02 13:46:00+00:00,2025-07-02 13:47:00+00:00,2025-07-02 19:00:00+00:00,16,TIME_EXIT,22707.25,22650.75,56.5,22721.5,22828.25,22650.75,70.75,141.5,500.0,3.5335689045936394,3,212.26,636.78,1
p0_st5_20_bearish_sr350_lr750_buf0_tg1030,NASDAQ_ORB_15m_p0_short_switch_tp2r_p0_st5_20_bearish_sr350_lr750_buf0_tg1030_2025-07-03,2025-07-03,1,LONG,15,09:45,2.0,2025-07-03 13:52:00+00:00,2025-07-03 13:53:00+00:00,2025-07-03 22:02:00+00:00,22,TIME_EXIT,22986.0,22929.75,56.25,22992.5,23033.5,22929.75,62.75,125.5,500.0,3.9840637450199203,3,80.76,242.28000000000003,1
p0_st5_20_bearish_sr350_lr750_buf0_tg1030,NASDAQ_ORB_15m_p0_short_switch_tp2r_p0_st5_20_bearish_sr350_lr750_buf0_tg1030_2025-07-08,2025-07-08,1,SHORT,15,09:45,2.0,2025-07-08 14:00:00+00:00,2025-07-08 14:01:00+00:00,2025-07-08 16:26:00+00:00,30,SWITCH_TO_LONG,22944.0,22889.0,55.0,22881.5,22947.0,22944.0,62.5,125.0,350.0,2.8,2,-132.24,-264.48,0
p0_st5_20_bearish_sr350_lr750_buf0_tg1030,NASDAQ_ORB_15m_p0_short_switch_tp2r_p0_st5_20_bearish_sr350_lr750_buf0_tg1030_2025-07-08,2025-07-08,2,LONG,15,09:45,2.0,2025-07-08 16:25:00+00:00,2025-07-08 16:26:00+00:00,2025-07-08 19:00:00+00:00,175,TIME_EXIT,22944.0,22889.0,55.0,22947.0,22898.75,22889.0,58.0,116.0,750.0,6.4655172413793105,6,-97.74,-586.4399999999999,0
p0_st5_20_bearish_sr350_lr750_buf0_tg1030,NASDAQ_ORB_15m_p0_short_switch_tp2r_p0_st5_20_bearish_sr350_lr750_buf0_tg1030_2025-07-09,2025-07-09,1,LONG,15,09:45,2.0,2025-07-09 13:46:00+00:00,2025-07-09 13:47:00+00:00,2025-07-09 19:00:00+00:00,16,TIME_EXIT,23064.75,22977.75,87.0,23074.5,23031.75,22977.75,96.75,193.5,500.0,2.5839793281653747,2,-86.74,-173.48,0
p0_st5_20_bearish_sr350_lr750_buf0_tg1030,NASDAQ_ORB_15m_p0_short_switch_tp2r_p0_st5_20_bearish_sr350_lr750_buf0_tg1030_2025-07-10,2025-07-10,1,SHORT,15,09:45,2.0,2025-07-10 13:46:00+00:00,2025-07-10 13:47:00+00:00,2025-07-10 19:00:00+00:00,16,TIME_EXIT,23089.75,23022.0,67.75,23021.5,23038.0,23089.75,68.25,136.5,350.0,2.5641025641025643,2,-34.24,-68.48,0
p0_st5_20_bearish_sr350_lr750_buf0_tg1030,NASDAQ_ORB_15m_p0_short_switch_tp2r_p0_st5_20_bearish_sr350_lr750_buf0_tg1030_2025-07-11,2025-07-11,1,LONG,15,09:45,2.0,2025-07-11 13:59:00+00:00,2025-07-11 14:00:00+00:00,2025-07-11 19:00:00+00:00,29,TIME_EXIT,22958.25,22870.0,88.25,22961.0,22976.5,22870.0,91.0,182.0,500.0,2.7472527472527473,2,29.76,59.52,1
p0_st5_20_bearish_sr350_lr750_buf0_tg1030,NASDAQ_ORB_15m_p0_short_switch_tp2r_p0_st5_20_bearish_sr350_lr750_buf0_tg1030_2025-07-14,2025-07-14,1,LONG,15,09:45,2.0,2025-07-14 14:22:00+00:00,2025-07-14 14:23:00+00:00,2025-07-14 19:00:00+00:00,52,TIME_EXIT,22979.0,22852.0,127.0,22980.25,23051.25,22852.0,128.25,256.5,500.0,1.949317738791423,1,140.76,140.76,1
p0_st5_20_bearish_sr350_lr750_buf0_tg1030,NASDAQ_ORB_15m_p0_short_switch_tp2r_p0_st5_20_bearish_sr350_lr750_buf0_tg1030_2025-07-16,2025-07-16,1,SHORT,15,09:45,2.0,2025-07-16 13:50:00+00:00,2025-07-16 13:51:00+00:00,2025-07-16 19:00:00+00:00,20,TIME_EXIT,23090.0,23004.25,85.75,22997.25,23073.25,23090.0,92.75,185.5,350.0,1.8867924528301887,1,-153.24,-153.24,0
p0_st5_20_bearish_sr350_lr750_buf0_tg1030,NASDAQ_ORB_15m_p0_short_switch_tp2r_p0_st5_20_bearish_sr350_lr750_buf0_tg1030_2025-07-17,2025-07-17,1,LONG,15,09:45,2.0,2025-07-17 13:49:00+00:00,2025-07-17 13:50:00+00:00,2025-07-17 15:59:00+00:00,19,TP_2R,23128.25,23065.75,62.5,23129.0,23255.25,23065.75,63.25,126.5,500.0,3.952569169960474,3,251.26,753.78,1
p0_st5_20_bearish_sr350_lr750_buf0_tg1030,NASDAQ_ORB_15m_p0_short_switch_tp2r_p0_st5_20_bearish_sr350_lr750_buf0_tg1030_2025-07-18,2025-07-18,1,SHORT,15,09:45,2.0,2025-07-18 14:05:00+00:00,2025-07-18 14:06:00+00:00,2025-07-18 19:00:00+00:00,35,TIME_EXIT,23310.0,23257.25,52.75,23247.5,23204.25,23310.0,62.5,125.0,350.0,2.8,2,85.26,170.52,1
p0_st5_20_bearish_sr350_lr750_buf0_tg1030,NASDAQ_ORB_15m_p0_short_switch_tp2r_p0_st5_20_bearish_sr350_lr750_buf0_tg1030_2025-07-21,2025-07-21,1,LONG,15,09:45,2.0,2025-07-21 13:46:00+00:00,2025-07-21 13:47:00+00:00,2025-07-21 19:00:00+00:00,16,TIME_EXIT,23348.75,23255.0,93.75,23368.25,23389.75,23255.0,113.25,226.5,500.0,2.207505518763797,2,41.76,83.52,1
p0_st5_20_bearish_sr350_lr750_buf0_tg1030,NASDAQ_ORB_15m_p0_short_switch_tp2r_p0_st5_20_bearish_sr350_lr750_buf0_tg1030_2025-07-22,2025-07-22,1,SHORT,15,09:45,2.0,2025-07-22 13:46:00+00:00,2025-07-22 13:47:00+00:00,2025-07-22 19:00:00+00:00,16,TIME_EXIT,23349.75,23258.75,91.0,23254.0,23252.25,23349.75,95.75,191.5,350.0,1.8276762402088773,1,2.26,2.26,1
p0_st5_20_bearish_sr350_lr750_buf0_tg1030,NASDAQ_ORB_15m_p0_short_switch_tp2r_p0_st5_20_bearish_sr350_lr750_buf0_tg1030_2025-07-23,2025-07-23,1,SHORT,15,09:45,2.0,2025-07-23 13:46:00+00:00,2025-07-23 13:47:00+00:00,2025-07-23 15:57:00+00:00,16,SWITCH_TO_LONG,23264.25,23183.0,81.25,23166.5,23266.5,23264.25,97.75,195.5,350.0,1.7902813299232736,1,-201.24,-201.24,0
p0_st5_20_bearish_sr350_lr750_buf0_tg1030,NASDAQ_ORB_15m_p0_short_switch_tp2r_p0_st5_20_bearish_sr350_lr750_buf0_tg1030_2025-07-23,2025-07-23,2,LONG,15,09:45,2.0,2025-07-23 15:56:00+00:00,2025-07-23 15:57:00+00:00,2025-07-23 19:00:00+00:00,146,TIME_EXIT,23264.25,23183.0,81.25,23266.5,23301.25,23183.0,83.5,167.0,750.0,4.491017964071856,4,68.26,273.04,1
p0_st5_20_bearish_sr350_lr750_buf0_tg1030,NASDAQ_ORB_15m_p0_short_switch_tp2r_p0_st5_20_bearish_sr350_lr750_buf0_tg1030_2025-07-24,2025-07-24,1,SHORT,15,09:45,2.0,2025-07-24 14:10:00+00:00,2025-07-24 14:11:00+00:00,2025-07-24 17:14:00+00:00,40,SWITCH_TO_LONG,23399.5,23333.5,66.0,23329.0,23402.0,23399.5,70.5,141.0,350.0,2.482269503546099,2,-147.24,-294.48,0
p0_st5_20_bearish_sr350_lr750_buf0_tg1030,NASDAQ_ORB_15m_p0_short_switch_tp2r_p0_st5_20_bearish_sr350_lr750_buf0_tg1030_2025-07-24,2025-07-24,2,LONG,15,09:45,2.0,2025-07-24 17:13:00+00:00,2025-07-24 17:14:00+00:00,2025-07-24 19:00:00+00:00,223,TIME_EXIT,23399.5,23333.5,66.0,23402.0,23400.25,23333.5,68.5,137.0,750.0,5.474452554744525,5,-4.74,-23.700000000000003,0
p0_st5_20_bearish_sr350_lr750_buf0_tg1030,NASDAQ_ORB_15m_p0_short_switch_tp2r_p0_st5_20_bearish_sr350_lr750_buf0_tg1030_2025-07-25,2025-07-25,1,LONG,15,09:45,2.0,2025-07-25 13:50:00+00:00,2025-07-25 13:51:00+00:00,2025-07-25 19:00:00+00:00,20,TIME_EXIT,23378.5,23330.25,48.25,23384.5,23442.75,23330.25,54.25,108.5,500.0,4.608294930875576,4,115.26,461.04,1
p0_st5_20_bearish_sr350_lr750_buf0_tg1030,NASDAQ_ORB_15m_p0_short_switch_tp2r_p0_st5_20_bearish_sr350_lr750_buf0_tg1030_2025-07-28,2025-07-28,1,LONG,15,09:45,2.0,2025-07-28 13:46:00+00:00,2025-07-28 13:47:00+00:00,2025-07-28 19:00:00+00:00,16,TIME_EXIT,23505.0,23462.5,42.5,23512.75,23462.5,23462.5,50.25,100.5,500.0,4.975124378109452,4,-101.74,-406.96,0
p0_st5_20_bearish_sr350_lr750_buf0_tg1030,NASDAQ_ORB_15m_p0_short_switch_tp2r_p0_st5_20_bearish_sr350_lr750_buf0_tg1030_2025-07-29,2025-07-29,1,SHORT,15,09:45,2.0,2025-07-29 13:50:00+00:00,2025-07-29 13:51:00+00:00,2025-07-29 15:29:00+00:00,20,TP_2R,23652.25,23592.75,59.5,23590.0,23465.75,23652.25,62.25,124.5,350.0,2.8112449799196786,2,247.26,494.52,1
p0_st5_20_bearish_sr350_lr750_buf0_tg1030,NASDAQ_ORB_15m_p0_short_switch_tp2r_p0_st5_20_bearish_sr350_lr750_buf0_tg1030_2025-07-30,2025-07-30,1,LONG,15,09:45,2.0,2025-07-30 13:46:00+00:00,2025-07-30 13:47:00+00:00,2025-07-30 19:00:00+00:00,16,TIME_EXIT,23509.75,23450.25,59.5,23520.0,23411.75,23450.25,69.75,139.5,500.0,3.5842293906810037,3,-217.74,-653.22,0
p0_st5_20_bearish_sr350_lr750_buf0_tg1030,NASDAQ_ORB_15m_p0_short_switch_tp2r_p0_st5_20_bearish_sr350_lr750_buf0_tg1030_2025-07-31,2025-07-31,1,SHORT,15,09:45,2.0,2025-07-31 13:46:00+00:00,2025-07-31 13:47:00+00:00,2025-07-31 18:16:00+00:00,16,TP_2R,23752.25,23620.5,131.75,23618.25,23350.5,23752.25,134.0,268.0,350.0,1.3059701492537314,1,534.26,534.26,1
p0_st5_20_bearish_sr350_lr750_buf0_tg1030,NASDAQ_ORB_15m_p0_short_switch_tp2r_p0_st5_20_bearish_sr350_lr750_buf0_tg1030_2025-08-04,2025-08-04,1,LONG,15,09:45,2.0,2025-08-04 13:46:00+00:00,2025-08-04 13:47:00+00:00,2025-08-04 19:00:00+00:00,16,TIME_EXIT,23197.0,23088.75,108.25,23213.75,23261.0,23088.75,125.0,250.0,500.0,2.0,2,93.26,186.52,1
p0_st5_20_bearish_sr350_lr750_buf0_tg1030,NASDAQ_ORB_15m_p0_short_switch_tp2r_p0_st5_20_bearish_sr350_lr750_buf0_tg1030_2025-08-05,2025-08-05,1,LONG,15,09:45,2.0,2025-08-05 13:46:00+00:00,2025-08-05 13:47:00+00:00,2025-08-05 19:00:00+00:00,16,TIME_EXIT,23366.75,23303.5,63.25,23379.5,23147.0,23303.5,76.0,152.0,500.0,3.289473684210526,3,-466.24,-1398.72,0
p0_st5_20_bearish_sr350_lr750_buf0_tg1030,NASDAQ_ORB_15m_p0_short_switch_tp2r_p0_st5_20_bearish_sr350_lr750_buf0_tg1030_2025-08-06,2025-08-06,1,LONG,15,09:45,2.0,2025-08-06 13:49:00+00:00,2025-08-06 13:50:00+00:00,2025-08-06 18:09:00+00:00,19,TP_2R,23228.0,23148.75,79.25,23235.75,23409.5,23148.75,87.0,174.0,500.0,2.8735632183908044,2,346.26,692.52,1
p0_st5_20_bearish_sr350_lr750_buf0_tg1030,NASDAQ_ORB_15m_p0_short_switch_tp2r_p0_st5_20_bearish_sr350_lr750_buf0_tg1030_2025-08-07,2025-08-07,1,LONG,15,09:45,2.0,2025-08-07 13:57:00+00:00,2025-08-07 13:58:00+00:00,2025-08-07 19:00:00+00:00,27,TIME_EXIT,23648.0,23582.75,65.25,23650.25,23406.25,23582.75,67.5,135.0,500.0,3.7037037037037037,3,-489.24,-1467.72,0
p0_st5_20_bearish_sr350_lr750_buf0_tg1030,NASDAQ_ORB_15m_p0_short_switch_tp2r_p0_st5_20_bearish_sr350_lr750_buf0_tg1030_2025-08-08,2025-08-08,1,LONG,15,09:45,2.0,2025-08-08 13:46:00+00:00,2025-08-08 13:47:00+00:00,2025-08-08 19:00:00+00:00,16,TIME_EXIT,23614.25,23530.0,84.25,23628.0,23710.75,23530.0,98.0,196.0,500.0,2.5510204081632653,2,164.26,328.52,1
p0_st5_20_bearish_sr350_lr750_buf0_tg1030,NASDAQ_ORB_15m_p0_short_switch_tp2r_p0_st5_20_bearish_sr350_lr750_buf0_tg1030_2025-08-11,2025-08-11,1,LONG,15,09:45,2.0,2025-08-11 13:58:00+00:00,2025-08-11 13:59:00+00:00,2025-08-11 19:00:00+00:00,28,TIME_EXIT,23738.5,23681.0,57.5,23739.5,23685.75,23681.0,58.5,117.0,500.0,4.273504273504273,4,-108.74,-434.96,0
p0_st5_20_bearish_sr350_lr750_buf0_tg1030,NASDAQ_ORB_15m_p0_short_switch_tp2r_p0_st5_20_bearish_sr350_lr750_buf0_tg1030_2025-08-12,2025-08-12,1,SHORT,15,09:45,2.0,2025-08-12 13:50:00+00:00,2025-08-12 13:51:00+00:00,2025-08-12 15:11:00+00:00,20,SWITCH_TO_LONG,23808.5,23710.0,98.5,23699.0,23810.25,23808.5,109.5,219.0,350.0,1.5981735159817352,1,-223.74,-223.74,0
p0_st5_20_bearish_sr350_lr750_buf0_tg1030,NASDAQ_ORB_15m_p0_short_switch_tp2r_p0_st5_20_bearish_sr350_lr750_buf0_tg1030_2025-08-12,2025-08-12,2,LONG,15,09:45,2.0,2025-08-12 15:10:00+00:00,2025-08-12 15:11:00+00:00,2025-08-12 19:00:00+00:00,100,TIME_EXIT,23808.5,23710.0,98.5,23810.25,23907.25,23710.0,100.25,200.5,750.0,3.7406483790523692,3,192.76,578.28,1
p0_st5_20_bearish_sr350_lr750_buf0_tg1030,NASDAQ_ORB_15m_p0_short_switch_tp2r_p0_st5_20_bearish_sr350_lr750_buf0_tg1030_2025-08-13,2025-08-13,1,SHORT,15,09:45,2.0,2025-08-13 14:05:00+00:00,2025-08-13 14:06:00+00:00,2025-08-13 19:00:00+00:00,35,TIME_EXIT,24069.0,24028.75,40.25,23992.25,23933.5,24069.0,76.75,153.5,350.0,2.2801302931596092,2,116.26,232.52,1
p0_st5_20_bearish_sr350_lr750_buf0_tg1030,NASDAQ_ORB_15m_p0_short_switch_tp2r_p0_st5_20_bearish_sr350_lr750_buf0_tg1030_2025-08-14,2025-08-14,1,LONG,15,09:45,2.0,2025-08-14 13:48:00+00:00,2025-08-14 13:49:00+00:00,2025-08-14 19:00:00+00:00,18,TIME_EXIT,23924.0,23841.25,82.75,23929.0,23923.5,23841.25,87.75,175.5,500.0,2.849002849002849,2,-12.24,-24.48,0
p0_st5_20_bearish_sr350_lr750_buf0_tg1030,NASDAQ_ORB_15m_p0_short_switch_tp2r_p0_st5_20_bearish_sr350_lr750_buf0_tg1030_2025-08-15,2025-08-15,1,SHORT,15,09:45,2.0,2025-08-15 13:46:00+00:00,2025-08-15 13:47:00+00:00,2025-08-15 19:00:00+00:00,16,TIME_EXIT,23910.75,23834.75,76.0,23814.25,23811.25,23910.75,96.5,193.0,350.0,1.8134715025906736,1,4.76,4.76,1
p0_st5_20_bearish_sr350_lr750_buf0_tg1030,NASDAQ_ORB_15m_p0_short_switch_tp2r_p0_st5_20_bearish_sr350_lr750_buf0_tg1030_2025-08-18,2025-08-18,1,LONG,15,09:45,2.0,2025-08-18 14:26:00+00:00,2025-08-18 14:27:00+00:00,2025-08-18 19:00:00+00:00,56,TIME_EXIT,23818.25,23767.75,50.5,23819.5,23795.25,23767.75,51.75,103.5,500.0,4.830917874396135,4,-49.74,-198.96,0
p0_st5_20_bearish_sr350_lr750_buf0_tg1030,NASDAQ_ORB_15m_p0_short_switch_tp2r_p0_st5_20_bearish_sr350_lr750_buf0_tg1030_2025-08-19,2025-08-19,1,SHORT,15,09:45,2.0,2025-08-19 13:47:00+00:00,2025-08-19 13:48:00+00:00,2025-08-19 19:00:00+00:00,17,TIME_EXIT,23770.75,23660.0,110.75,23655.25,23462.5,23770.75,115.5,231.0,350.0,1.5151515151515151,1,384.26,384.26,1
p0_st5_20_bearish_sr350_lr750_buf0_tg1030,NASDAQ_ORB_15m_p0_short_switch_tp2r_p0_st5_20_bearish_sr350_lr750_buf0_tg1030_2025-08-20,2025-08-20,1,SHORT,15,09:45,2.0,2025-08-20 13:46:00+00:00,2025-08-20 13:47:00+00:00,2025-08-20 14:47:00+00:00,16,TP_2R,23432.0,23322.5,109.5,23304.0,23048.25,23432.0,128.0,256.0,350.0,1.3671875,1,510.26,510.26,1
p0_st5_20_bearish_sr350_lr750_buf0_tg1030,NASDAQ_ORB_15m_p0_short_switch_tp2r_p0_st5_20_bearish_sr350_lr750_buf0_tg1030_2025-08-21,2025-08-21,1,SHORT,15,09:45,2.0,2025-08-21 13:47:00+00:00,2025-08-21 13:48:00+00:00,2025-08-21 14:14:00+00:00,17,SWITCH_TO_LONG,23290.5,23199.5,91.0,23181.0,23296.0,23290.5,109.5,219.0,350.0,1.5981735159817352,1,-231.24,-231.24,0
p0_st5_20_bearish_sr350_lr750_buf0_tg1030,NASDAQ_ORB_15m_p0_short_switch_tp2r_p0_st5_20_bearish_sr350_lr750_buf0_tg1030_2025-08-21,2025-08-21,2,LONG,15,09:45,2.0,2025-08-21 14:13:00+00:00,2025-08-21 14:14:00+00:00,2025-08-21 19:00:00+00:00,43,TIME_EXIT,23290.5,23199.5,91.0,23296.0,23225.25,23199.5,96.5,193.0,750.0,3.8860103626943006,3,-142.74,-428.22,0
p0_st5_20_bearish_sr350_lr750_buf0_tg1030,NASDAQ_ORB_15m_p0_short_switch_tp2r_p0_st5_20_bearish_sr350_lr750_buf0_tg1030_2025-08-22,2025-08-22,1,LONG,15,09:45,2.0,2025-08-22 13:46:00+00:00,2025-08-22 13:47:00+00:00,2025-08-22 14:15:00+00:00,16,TP_2R,23324.0,23206.25,117.75,23333.25,23587.0,23206.25,127.0,254.0,500.0,1.968503937007874,1,506.26,506.26,1
p0_st5_20_bearish_sr350_lr750_buf0_tg1030,NASDAQ_ORB_15m_p0_short_switch_tp2r_p0_st5_20_bearish_sr350_lr750_buf0_tg1030_2025-08-25,2025-08-25,1,LONG,15,09:45,2.0,2025-08-25 14:00:00+00:00,2025-08-25 14:01:00+00:00,2025-08-25 19:00:00+00:00,30,TIME_EXIT,23518.5,23445.0,73.5,23519.25,23552.0,23445.0,74.25,148.5,500.0,3.367003367003367,3,64.26,192.78000000000003,1
p0_st5_20_bearish_sr350_lr750_buf0_tg1030,NASDAQ_ORB_15m_p0_short_switch_tp2r_p0_st5_20_bearish_sr350_lr750_buf0_tg1030_2025-08-26,2025-08-26,1,LONG,15,09:45,2.0,2025-08-26 14:11:00+00:00,2025-08-26 14:12:00+00:00,2025-08-26 19:00:00+00:00,41,TIME_EXIT,23518.5,23463.25,55.25,23519.25,23549.75,23463.25,56.0,112.0,500.0,4.464285714285714,4,59.76,239.04,1
p0_st5_20_bearish_sr350_lr750_buf0_tg1030,NASDAQ_ORB_15m_p0_short_switch_tp2r_p0_st5_20_bearish_sr350_lr750_buf0_tg1030_2025-08-27,2025-08-27,1,SHORT,15,09:45,2.0,2025-08-27 13:46:00+00:00,2025-08-27 13:47:00+00:00,2025-08-27 14:16:00+00:00,16,SWITCH_TO_LONG,23565.25,23513.75,51.5,23501.0,23566.75,23565.25,64.25,128.5,350.0,2.7237354085603114,2,-132.74,-265.48,0
p0_st5_20_bearish_sr350_lr750_buf0_tg1030,NASDAQ_ORB_15m_p0_short_switch_tp2r_p0_st5_20_bearish_sr350_lr750_buf0_tg1030_2025-08-27,2025-08-27,2,LONG,15,09:45,2.0,2025-08-27 14:15:00+00:00,2025-08-27 14:16:00+00:00,2025-08-27 19:00:00+00:00,45,TIME_EXIT,23565.25,23513.75,51.5,23566.75,23626.5,23513.75,53.0,106.0,750.0,7.0754716981132075,7,118.26,827.82,1
p0_st5_20_bearish_sr350_lr750_buf0_tg1030,NASDAQ_ORB_15m_p0_short_switch_tp2r_p0_st5_20_bearish_sr350_lr750_buf0_tg1030_2025-08-28,2025-08-28,1,SHORT,15,09:45,2.0,2025-08-28 13:55:00+00:00,2025-08-28 13:56:00+00:00,2025-08-28 15:18:00+00:00,25,SWITCH_TO_LONG,23743.25,23629.25,114.0,23615.0,23748.5,23743.25,128.25,256.5,350.0,1.364522417153996,1,-268.24,-268.24,0
p0_st5_20_bearish_sr350_lr750_buf0_tg1030,NASDAQ_ORB_15m_p0_short_switch_tp2r_p0_st5_20_bearish_sr350_lr750_buf0_tg1030_2025-08-28,2025-08-28,2,LONG,15,09:45,2.0,2025-08-28 15:17:00+00:00,2025-08-28 15:18:00+00:00,2025-08-28 19:00:00+00:00,107,TIME_EXIT,23743.25,23629.25,114.0,23748.5,23788.0,23629.25,119.25,238.5,750.0,3.1446540880503147,3,77.76,233.28000000000003,1
p0_st5_20_bearish_sr350_lr750_buf0_tg1030,NASDAQ_ORB_15m_p0_short_switch_tp2r_p0_st5_20_bearish_sr350_lr750_buf0_tg1030_2025-08-29,2025-08-29,1,SHORT,15,09:45,2.0,2025-08-29 13:46:00+00:00,2025-08-29 13:47:00+00:00,2025-08-29 19:00:00+00:00,16,TIME_EXIT,23668.0,23585.25,82.75,23565.5,23459.5,23668.0,102.5,205.0,350.0,1.7073170731707317,1,210.76,210.76,1
p0_st5_20_bearish_sr350_lr750_buf0_tg1030,NASDAQ_ORB_15m_p0_short_switch_tp2r_p0_st5_20_bearish_sr350_lr750_buf0_tg1030_2025-09-01,2025-09-01,1,LONG,15,09:45,2.0,2025-09-01 13:50:00+00:00,2025-09-01 13:51:00+00:00,2025-09-01 22:02:00+00:00,20,TIME_EXIT,23484.0,23443.25,40.75,23485.5,23495.0,23443.25,42.25,84.5,500.0,5.9171597633136095,5,17.76,88.80000000000001,1
p0_st5_20_bearish_sr350_lr750_buf0_tg1030,NASDAQ_ORB_15m_p0_short_switch_tp2r_p0_st5_20_bearish_sr350_lr750_buf0_tg1030_2025-09-02,2025-09-02,1,LONG,15,09:45,2.0,2025-09-02 13:47:00+00:00,2025-09-02 13:48:00+00:00,2025-09-02 19:00:00+00:00,17,TIME_EXIT,23177.5,23025.0,152.5,23181.5,23189.0,23025.0,156.5,313.0,500.0,1.597444089456869,1,13.76,13.76,1
p0_st5_20_bearish_sr350_lr750_buf0_tg1030,NASDAQ_ORB_15m_p0_short_switch_tp2r_p0_st5_20_bearish_sr350_lr750_buf0_tg1030_2025-09-03,2025-09-03,1,LONG,15,09:45,2.0,2025-09-03 14:08:00+00:00,2025-09-03 14:09:00+00:00,2025-09-03 19:00:00+00:00,38,TIME_EXIT,23438.0,23372.0,66.0,23458.75,23341.5,23372.0,86.75,173.5,500.0,2.881844380403458,2,-235.74,-471.48,0
p0_st5_20_bearish_sr350_lr750_buf0_tg1030,NASDAQ_ORB_15m_p0_short_switch_tp2r_p0_st5_20_bearish_sr350_lr750_buf0_tg1030_2025-09-04,2025-09-04,1,SHORT,15,09:45,2.0,2025-09-04 14:05:00+00:00,2025-09-04 14:06:00+00:00,2025-09-04 15:29:00+00:00,35,SWITCH_TO_LONG,23548.25,23457.25,91.0,23432.0,23552.0,23548.25,116.25,232.5,350.0,1.5053763440860215,1,-241.24,-241.24,0
p0_st5_20_bearish_sr350_lr750_buf0_tg1030,NASDAQ_ORB_15m_p0_short_switch_tp2r_p0_st5_20_bearish_sr350_lr750_buf0_tg1030_2025-09-04,2025-09-04,2,LONG,15,09:45,2.0,2025-09-04 15:28:00+00:00,2025-09-04 15:29:00+00:00,2025-09-04 19:00:00+00:00,118,TIME_EXIT,23548.25,23457.25,91.0,23552.0,23619.75,23457.25,94.75,189.5,750.0,3.9577836411609497,3,134.26,402.78,1
p0_st5_20_bearish_sr350_lr750_buf0_tg1030,NASDAQ_ORB_15m_p0_short_switch_tp2r_p0_st5_20_bearish_sr350_lr750_buf0_tg1030_2025-09-05,2025-09-05,1,SHORT,15,09:45,2.0,2025-09-05 14:10:00+00:00,2025-09-05 14:11:00+00:00,2025-09-05 14:46:00+00:00,40,TP_2R,23902.5,23821.5,81.0,23796.25,23584.0,23902.5,106.25,212.5,350.0,1.6470588235294117,1,423.26,423.26,1
p0_st5_20_bearish_sr350_lr750_buf0_tg1030,NASDAQ_ORB_15m_p0_short_switch_tp2r_p0_st5_20_bearish_sr350_lr750_buf0_tg1030_2025-09-08,2025-09-08,1,LONG,15,09:45,2.0,2025-09-08 13:50:00+00:00,2025-09-08 13:51:00+00:00,2025-09-08 19:00:00+00:00,20,TIME_EXIT,23846.75,23771.25,75.5,23849.5,23793.25,23771.25,78.25,156.5,500.0,3.194888178913738,3,-113.74,-341.21999999999997,0
p0_st5_20_bearish_sr350_lr750_buf0_tg1030,NASDAQ_ORB_15m_p0_short_switch_tp2r_p0_st5_20_bearish_sr350_lr750_buf0_tg1030_2025-09-09,2025-09-09,1,SHORT,15,09:45,2.0,2025-09-09 13:52:00+00:00,2025-09-09 13:53:00+00:00,2025-09-09 19:00:00+00:00,22,TIME_EXIT,23857.75,23815.0,42.75,23809.5,23844.25,23857.75,48.25,96.5,350.0,3.626943005181347,3,-70.74,-212.21999999999997,0
p0_st5_20_bearish_sr350_lr750_buf0_tg1030,NASDAQ_ORB_15m_p0_short_switch_tp2r_p0_st5_20_bearish_sr350_lr750_buf0_tg1030_2025-09-10,2025-09-10,1,SHORT,15,09:45,2.0,2025-09-10 13:52:00+00:00,2025-09-10 13:53:00+00:00,2025-09-10 19:00:00+00:00,22,TIME_EXIT,24000.75,23918.0,82.75,23915.0,23862.75,24000.75,85.75,171.5,350.0,2.0408163265306123,2,103.26,206.52,1
p0_st5_20_bearish_sr350_lr750_buf0_tg1030,NASDAQ_ORB_15m_p0_short_switch_tp2r_p0_st5_20_bearish_sr350_lr750_buf0_tg1030_2025-09-11,2025-09-11,1,LONG,15,09:45,2.0,2025-09-11 14:08:00+00:00,2025-09-11 14:09:00+00:00,2025-09-11 19:00:00+00:00,38,TIME_EXIT,23997.75,23911.5,86.25,23998.5,24033.25,23911.5,87.0,174.0,500.0,2.8735632183908044,2,68.26,136.52,1
p0_st5_20_bearish_sr350_lr750_buf0_tg1030,NASDAQ_ORB_15m_p0_short_switch_tp2r_p0_st5_20_bearish_sr350_lr750_buf0_tg1030_2025-09-12,2025-09-12,1,LONG,15,09:45,2.0,2025-09-12 14:22:00+00:00,2025-09-12 14:23:00+00:00,2025-09-12 19:00:00+00:00,52,TIME_EXIT,24063.5,24002.0,61.5,24069.5,24153.75,24002.0,67.5,135.0,500.0,3.7037037037037037,3,167.26,501.78,1
p0_st5_20_bearish_sr350_lr750_buf0_tg1030,NASDAQ_ORB_15m_p0_short_switch_tp2r_p0_st5_20_bearish_sr350_lr750_buf0_tg1030_2025-09-17,2025-09-17,1,SHORT,15,09:45,2.0,2025-09-17 14:02:00+00:00,2025-09-17 14:03:00+00:00,2025-09-17 18:16:00+00:00,32,TP_2R,24540.75,24462.0,78.75,24459.25,24296.5,24540.75,81.5,163.0,350.0,2.147239263803681,2,324.26,648.52,1
p0_st5_20_bearish_sr350_lr750_buf0_tg1030,NASDAQ_ORB_15m_p0_short_switch_tp2r_p0_st5_20_bearish_sr350_lr750_buf0_tg1030_2025-09-18,2025-09-18,1,SHORT,15,09:45,2.0,2025-09-18 13:46:00+00:00,2025-09-18 13:47:00+00:00,2025-09-18 14:04:00+00:00,16,SWITCH_TO_LONG,24713.5,24624.5,89.0,24612.75,24716.5,24713.5,100.75,201.5,350.0,1.7369727047146402,1,-208.74,-208.74,0
p0_st5_20_bearish_sr350_lr750_buf0_tg1030,NASDAQ_ORB_15m_p0_short_switch_tp2r_p0_st5_20_bearish_sr350_lr750_buf0_tg1030_2025-09-18,2025-09-18,2,LONG,15,09:45,2.0,2025-09-18 14:03:00+00:00,2025-09-18 14:04:00+00:00,2025-09-18 19:00:00+00:00,33,TIME_EXIT,24713.5,24624.5,89.0,24716.5,24756.0,24624.5,92.0,184.0,750.0,4.076086956521739,4,77.76,311.04,1
p0_st5_20_bearish_sr350_lr750_buf0_tg1030,NASDAQ_ORB_15m_p0_short_switch_tp2r_p0_st5_20_bearish_sr350_lr750_buf0_tg1030_2025-09-19,2025-09-19,1,LONG,15,09:45,2.0,2025-09-19 13:50:00+00:00,2025-09-19 13:51:00+00:00,2025-09-19 19:00:00+00:00,20,TIME_EXIT,24783.75,24737.25,46.5,24793.5,24825.25,24737.25,56.25,112.5,500.0,4.444444444444445,4,62.26,249.04,1
p0_st5_20_bearish_sr350_lr750_buf0_tg1030,NASDAQ_ORB_15m_p0_short_switch_tp2r_p0_st5_20_bearish_sr350_lr750_buf0_tg1030_2025-09-22,2025-09-22,1,LONG,15,09:45,2.0,2025-09-22 13:49:00+00:00,2025-09-22 13:50:00+00:00,2025-09-22 16:12:00+00:00,19,TP_2R,24858.25,24814.25,44.0,24859.25,24949.0,24814.25,45.0,90.0,500.0,5.555555555555555,5,178.26,891.3,1
p0_st5_20_bearish_sr350_lr750_buf0_tg1030,NASDAQ_ORB_15m_p0_short_switch_tp2r_p0_st5_20_bearish_sr350_lr750_buf0_tg1030_2025-09-23,2025-09-23,1,SHORT,15,09:45,2.0,2025-09-23 13:59:00+00:00,2025-09-23 14:00:00+00:00,2025-09-23 17:42:00+00:00,29,TP_2R,25009.75,24942.75,67.0,24941.5,24805.25,25009.75,68.25,136.5,350.0,2.5641025641025643,2,271.26,542.52,1
p0_st5_20_bearish_sr350_lr750_buf0_tg1030,NASDAQ_ORB_15m_p0_short_switch_tp2r_p0_st5_20_bearish_sr350_lr750_buf0_tg1030_2025-09-24,2025-09-24,1,SHORT,15,09:45,2.0,2025-09-24 13:49:00+00:00,2025-09-24 13:50:00+00:00,2025-09-24 16:03:00+00:00,19,TP_2R,24899.25,24823.5,75.75,24822.5,24669.25,24899.25,76.75,153.5,350.0,2.2801302931596092,2,305.26,610.52,1
p0_st5_20_bearish_sr350_lr750_buf0_tg1030,NASDAQ_ORB_15m_p0_short_switch_tp2r_p0_st5_20_bearish_sr350_lr750_buf0_tg1030_2025-09-25,2025-09-25,1,LONG,15,09:45,2.0,2025-09-25 14:11:00+00:00,2025-09-25 14:12:00+00:00,2025-09-25 19:00:00+00:00,41,TIME_EXIT,24578.75,24422.0,156.75,24580.75,24628.0,24422.0,158.75,317.5,500.0,1.5748031496062993,1,93.26,93.26,1
p0_st5_20_bearish_sr350_lr750_buf0_tg1030,NASDAQ_ORB_15m_p0_short_switch_tp2r_p0_st5_20_bearish_sr350_lr750_buf0_tg1030_2025-09-26,2025-09-26,1,LONG,15,09:45,2.0,2025-09-26 14:01:00+00:00,2025-09-26 14:02:00+00:00,2025-09-26 19:00:00+00:00,31,TIME_EXIT,24712.5,24596.75,115.75,24722.5,24725.5,24596.75,125.75,251.5,500.0,1.9880715705765408,1,4.76,4.76,1
p0_st5_20_bearish_sr350_lr750_buf0_tg1030,NASDAQ_ORB_15m_p0_short_switch_tp2r_p0_st5_20_bearish_sr350_lr750_buf0_tg1030_2025-09-29,2025-09-29,1,LONG,15,09:45,2.0,2025-09-29 13:46:00+00:00,2025-09-29 13:47:00+00:00,2025-09-29 19:00:00+00:00,16,TIME_EXIT,24916.0,24848.25,67.75,24929.25,24842.25,24848.25,81.0,162.0,500.0,3.0864197530864197,3,-175.24,-525.72,0
p0_st5_20_bearish_sr350_lr750_buf0_tg1030,NASDAQ_ORB_15m_p0_short_switch_tp2r_p0_st5_20_bearish_sr350_lr750_buf0_tg1030_2025-09-30,2025-09-30,1,SHORT,15,09:45,2.0,2025-09-30 13:55:00+00:00,2025-09-30 13:56:00+00:00,2025-09-30 14:50:00+00:00,25,SWITCH_TO_LONG,24830.75,24741.25,89.5,24734.0,24832.75,24830.75,96.75,193.5,350.0,1.8087855297157622,1,-198.74,-198.74,0
p0_st5_20_bearish_sr350_lr750_buf0_tg1030,NASDAQ_ORB_15m_p0_short_switch_tp2r_p0_st5_20_bearish_sr350_lr750_buf0_tg1030_2025-09-30,2025-09-30,2,LONG,15,09:45,2.0,2025-09-30 14:49:00+00:00,2025-09-30 14:50:00+00:00,2025-09-30 19:00:00+00:00,79,TIME_EXIT,24830.75,24741.25,89.5,24832.75,24837.5,24741.25,91.5,183.0,750.0,4.098360655737705,4,8.26,33.04,1
p0_st5_20_bearish_sr350_lr750_buf0_tg1030,NASDAQ_ORB_15m_p0_short_switch_tp2r_p0_st5_20_bearish_sr350_lr750_buf0_tg1030_2025-10-01,2025-10-01,1,SHORT,15,09:45,2.0,2025-10-01 13:50:00+00:00,2025-10-01 13:51:00+00:00,2025-10-01 14:20:00+00:00,20,SWITCH_TO_LONG,24841.5,24743.5,98.0,24736.25,24845.75,24841.5,105.25,210.5,350.0,1.66270783847981,1,-220.24,-220.24,0
p0_st5_20_bearish_sr350_lr750_buf0_tg1030,NASDAQ_ORB_15m_p0_short_switch_tp2r_p0_st5_20_bearish_sr350_lr750_buf0_tg1030_2025-10-01,2025-10-01,2,LONG,15,09:45,2.0,2025-10-01 14:19:00+00:00,2025-10-01 14:20:00+00:00,2025-10-01 19:00:00+00:00,49,TIME_EXIT,24841.5,24743.5,98.0,24845.75,25023.75,24743.5,102.25,204.5,750.0,3.667481662591687,3,354.76,1064.28,1
p0_st5_20_bearish_sr350_lr750_buf0_tg1030,NASDAQ_ORB_15m_p0_short_switch_tp2r_p0_st5_20_bearish_sr350_lr750_buf0_tg1030_2025-10-02,2025-10-02,1,SHORT,15,09:45,2.0,2025-10-02 13:50:00+00:00,2025-10-02 13:51:00+00:00,2025-10-02 19:00:00+00:00,20,TIME_EXIT,25169.0,25036.25,132.75,25028.75,25112.0,25169.0,140.25,280.5,350.0,1.2477718360071302,1,-167.74,-167.74,0
p0_st5_20_bearish_sr350_lr750_buf0_tg1030,NASDAQ_ORB_15m_p0_short_switch_tp2r_p0_st5_20_bearish_sr350_lr750_buf0_tg1030_2025-10-03,2025-10-03,1,SHORT,15,09:45,2.0,2025-10-03 14:05:00+00:00,2025-10-03 14:06:00+00:00,2025-10-03 19:00:00+00:00,35,TIME_EXIT,25166.75,25113.75,53.0,25085.25,25009.25,25166.75,81.5,163.0,350.0,2.147239263803681,2,150.76,301.52,1
p0_st5_20_bearish_sr350_lr750_buf0_tg1030,NASDAQ_ORB_15m_p0_short_switch_tp2r_p0_st5_20_bearish_sr350_lr750_buf0_tg1030_2025-10-06,2025-10-06,1,LONG,15,09:45,2.0,2025-10-06 17:24:00+00:00,2025-10-06 17:25:00+00:00,2025-10-06 19:00:00+00:00,234,TIME_EXIT,25221.75,25117.0,104.75,25224.5,25238.25,25117.0,107.5,215.0,500.0,2.3255813953488373,2,26.26,52.52,1
p0_st5_20_bearish_sr350_lr750_buf0_tg1030,NASDAQ_ORB_15m_p0_short_switch_tp2r_p0_st5_20_bearish_sr350_lr750_buf0_tg1030_2025-10-07,2025-10-07,1,SHORT,15,09:45,2.0,2025-10-07 14:28:00+00:00,2025-10-07 14:29:00+00:00,2025-10-07 15:07:00+00:00,58,TP_2R,25263.0,25217.0,46.0,25210.5,25105.75,25263.0,52.5,105.0,350.0,3.3333333333333335,3,208.26,624.78,1
p0_st5_20_bearish_sr350_lr750_buf0_tg1030,NASDAQ_ORB_15m_p0_short_switch_tp2r_p0_st5_20_bearish_sr350_lr750_buf0_tg1030_2025-10-08,2025-10-08,1,LONG,15,09:45,2.0,2025-10-08 13:48:00+00:00,2025-10-08 13:49:00+00:00,2025-10-08 19:00:00+00:00,18,TIME_EXIT,25152.75,25073.25,79.5,25153.25,25270.25,25073.25,80.0,160.0,500.0,3.125,3,232.76,698.28,1
p0_st5_20_bearish_sr350_lr750_buf0_tg1030,NASDAQ_ORB_15m_p0_short_switch_tp2r_p0_st5_20_bearish_sr350_lr750_buf0_tg1030_2025-10-09,2025-10-09,1,SHORT,15,09:45,2.0,2025-10-09 13:56:00+00:00,2025-10-09 13:57:00+00:00,2025-10-09 19:00:00+00:00,26,TIME_EXIT,25334.75,25258.75,76.0,25257.5,25235.25,25334.75,77.25,154.5,350.0,2.26537216828479,2,43.26,86.52,1
p0_st5_20_bearish_sr350_lr750_buf0_tg1030,NASDAQ_ORB_15m_p0_short_switch_tp2r_p0_st5_20_bearish_sr350_lr750_buf0_tg1030_2025-10-10,2025-10-10,1,LONG,15,09:45,2.0,2025-10-10 13:46:00+00:00,2025-10-10 13:47:00+00:00,2025-10-10 19:00:00+00:00,16,TIME_EXIT,25376.75,25293.75,83.0,25384.75,24588.25,25293.75,91.0,182.0,500.0,2.7472527472527473,2,-1594.24,-3188.48,0
p0_st5_20_bearish_sr350_lr750_buf0_tg1030,NASDAQ_ORB_15m_p0_short_switch_tp2r_p0_st5_20_bearish_sr350_lr750_buf0_tg1030_2025-10-13,2025-10-13,1,LONG,15,09:45,2.0,2025-10-13 13:51:00+00:00,2025-10-13 13:52:00+00:00,2025-10-13 19:00:00+00:00,21,TIME_EXIT,24842.75,24724.5,118.25,24853.25,24901.0,24724.5,128.75,257.5,500.0,1.941747572815534,1,94.26,94.26,1
p0_st5_20_bearish_sr350_lr750_buf0_tg1030,NASDAQ_ORB_15m_p0_short_switch_tp2r_p0_st5_20_bearish_sr350_lr750_buf0_tg1030_2025-10-14,2025-10-14,1,LONG,15,09:45,2.0,2025-10-14 14:21:00+00:00,2025-10-14 14:22:00+00:00,2025-10-14 19:00:00+00:00,51,TIME_EXIT,24642.0,24430.25,211.75,24644.75,24899.0,24430.25,214.5,429.0,500.0,1.1655011655011656,1,507.26,507.26,1
p0_st5_20_bearish_sr350_lr750_buf0_tg1030,NASDAQ_ORB_15m_p0_short_switch_tp2r_p0_st5_20_bearish_sr350_lr750_buf0_tg1030_2025-10-15,2025-10-15,1,SHORT,15,09:45,2.0,2025-10-15 13:49:00+00:00,2025-10-15 13:50:00+00:00,2025-10-15 13:57:00+00:00,19,SWITCH_TO_LONG,25004.25,24920.5,83.75,24907.5,25009.75,25004.25,96.75,193.5,350.0,1.8087855297157622,1,-205.74,-205.74,0
p0_st5_20_bearish_sr350_lr750_buf0_tg1030,NASDAQ_ORB_15m_p0_short_switch_tp2r_p0_st5_20_bearish_sr350_lr750_buf0_tg1030_2025-10-15,2025-10-15,2,LONG,15,09:45,2.0,2025-10-15 13:56:00+00:00,2025-10-15 13:57:00+00:00,2025-10-15 19:00:00+00:00,26,TIME_EXIT,25004.25,24920.5,83.75,25009.75,24952.25,24920.5,89.25,178.5,750.0,4.201680672268908,4,-116.24,-464.96,0
p0_st5_20_bearish_sr350_lr750_buf0_tg1030,NASDAQ_ORB_15m_p0_short_switch_tp2r_p0_st5_20_bearish_sr350_lr750_buf0_tg1030_2025-10-16,2025-10-16,1,LONG,15,09:45,2.0,2025-10-16 13:46:00+00:00,2025-10-16 13:47:00+00:00,2025-10-16 19:00:00+00:00,16,TIME_EXIT,25106.0,25036.0,70.0,25123.25,24798.0,25036.0,87.25,174.5,500.0,2.865329512893983,2,-651.74,-1303.48,0
p0_st5_20_bearish_sr350_lr750_buf0_tg1030,NASDAQ_ORB_15m_p0_short_switch_tp2r_p0_st5_20_bearish_sr350_lr750_buf0_tg1030_2025-10-17,2025-10-17,1,LONG,15,09:45,2.0,2025-10-17 13:54:00+00:00,2025-10-17 13:55:00+00:00,2025-10-17 19:00:00+00:00,24,TIME_EXIT,24817.75,24672.25,145.5,24843.5,24996.5,24672.25,171.25,342.5,500.0,1.4598540145985401,1,304.76,304.76,1
p0_st5_20_bearish_sr350_lr750_buf0_tg1030,NASDAQ_ORB_15m_p0_short_switch_tp2r_p0_st5_20_bearish_sr350_lr750_buf0_tg1030_2025-10-20,2025-10-20,1,LONG,15,09:45,2.0,2025-10-20 13:52:00+00:00,2025-10-20 13:53:00+00:00,2025-10-20 19:00:00+00:00,22,TIME_EXIT,25224.75,25114.75,110.0,25225.75,25327.0,25114.75,111.0,222.0,500.0,2.2522522522522523,2,201.26,402.52,1
p0_st5_20_bearish_sr350_lr750_buf0_tg1030,NASDAQ_ORB_15m_p0_short_switch_tp2r_p0_st5_20_bearish_sr350_lr750_buf0_tg1030_2025-10-21,2025-10-21,1,SHORT,15,09:45,2.0,2025-10-21 13:49:00+00:00,2025-10-21 13:50:00+00:00,2025-10-21 15:49:00+00:00,19,SWITCH_TO_LONG,25304.5,25233.0,71.5,25225.25,25311.5,25304.5,79.25,158.5,350.0,2.2082018927444795,2,-173.74,-347.48,0
p0_st5_20_bearish_sr350_lr750_buf0_tg1030,NASDAQ_ORB_15m_p0_short_switch_tp2r_p0_st5_20_bearish_sr350_lr750_buf0_tg1030_2025-10-21,2025-10-21,2,LONG,15,09:45,2.0,2025-10-21 15:48:00+00:00,2025-10-21 15:49:00+00:00,2025-10-21 19:00:00+00:00,138,TIME_EXIT,25304.5,25233.0,71.5,25311.5,25309.25,25233.0,78.5,157.0,750.0,4.777070063694268,4,-5.74,-22.96,0
p0_st5_20_bearish_sr350_lr750_buf0_tg1030,NASDAQ_ORB_15m_p0_short_switch_tp2r_p0_st5_20_bearish_sr350_lr750_buf0_tg1030_2025-10-22,2025-10-22,1,LONG,15,09:45,2.0,2025-10-22 13:52:00+00:00,2025-10-22 13:53:00+00:00,2025-10-22 19:00:00+00:00,22,TIME_EXIT,25271.5,25172.75,98.75,25273.5,24957.75,25172.75,100.75,201.5,500.0,2.4813895781637716,2,-632.74,-1265.48,0
p0_st5_20_bearish_sr350_lr750_buf0_tg1030,NASDAQ_ORB_15m_p0_short_switch_tp2r_p0_st5_20_bearish_sr350_lr750_buf0_tg1030_2025-10-23,2025-10-23,1,LONG,15,09:45,2.0,2025-10-23 13:46:00+00:00,2025-10-23 13:47:00+00:00,2025-10-23 19:00:00+00:00,16,TIME_EXIT,25092.75,24998.75,94.0,25118.0,25273.5,24998.75,119.25,238.5,500.0,2.0964360587002098,2,309.76,619.52,1
p0_st5_20_bearish_sr350_lr750_buf0_tg1030,NASDAQ_ORB_15m_p0_short_switch_tp2r_p0_st5_20_bearish_sr350_lr750_buf0_tg1030_2025-10-24,2025-10-24,1,LONG,15,09:45,2.0,2025-10-24 14:08:00+00:00,2025-10-24 14:09:00+00:00,2025-10-24 19:00:00+00:00,38,TIME_EXIT,25530.75,25430.0,100.75,25534.75,25543.5,25430.0,104.75,209.5,500.0,2.386634844868735,2,16.26,32.52,1
p0_st5_20_bearish_sr350_lr750_buf0_tg1030,NASDAQ_ORB_15m_p0_short_switch_tp2r_p0_st5_20_bearish_sr350_lr750_buf0_tg1030_2025-10-27,2025-10-27,1,LONG,15,09:45,2.0,2025-10-27 14:02:00+00:00,2025-10-27 14:03:00+00:00,2025-10-27 19:00:00+00:00,32,TIME_EXIT,25859.75,25796.25,63.5,25860.0,25941.75,25796.25,63.75,127.5,500.0,3.9215686274509802,3,162.26,486.78,1
p0_st5_20_bearish_sr350_lr750_buf0_tg1030,NASDAQ_ORB_15m_p0_short_switch_tp2r_p0_st5_20_bearish_sr350_lr750_buf0_tg1030_2025-10-28,2025-10-28,1,LONG,15,09:45,2.0,2025-10-28 16:31:00+00:00,2025-10-28 16:32:00+00:00,2025-10-28 19:00:00+00:00,181,TIME_EXIT,26094.0,26041.75,52.25,26117.5,26194.25,26041.75,75.75,151.5,500.0,3.3003300330033003,3,152.26,456.78,1
p0_st5_20_bearish_sr350_lr750_buf0_tg1030,NASDAQ_ORB_15m_p0_short_switch_tp2r_p0_st5_20_bearish_sr350_lr750_buf0_tg1030_2025-10-29,2025-10-29,1,LONG,15,09:45,2.0,2025-10-29 13:53:00+00:00,2025-10-29 13:54:00+00:00,2025-10-29 19:00:00+00:00,23,TIME_EXIT,26292.5,26254.25,38.25,26296.75,26184.5,26254.25,42.5,85.0,500.0,5.882352941176471,5,-225.74,-1128.7,0
p0_st5_20_bearish_sr350_lr750_buf0_tg1030,NASDAQ_ORB_15m_p0_short_switch_tp2r_p0_st5_20_bearish_sr350_lr750_buf0_tg1030_2025-10-30,2025-10-30,1,LONG,15,09:45,2.0,2025-10-30 13:55:00+00:00,2025-10-30 13:56:00+00:00,2025-10-30 19:00:00+00:00,25,TIME_EXIT,26127.5,25941.5,186.0,26133.0,25988.5,25941.5,191.5,383.0,500.0,1.3054830287206267,1,-290.24,-290.24,0
p0_st5_20_bearish_sr350_lr750_buf0_tg1030,NASDAQ_ORB_15m_p0_short_switch_tp2r_p0_st5_20_bearish_sr350_lr750_buf0_tg1030_2025-10-31,2025-10-31,1,SHORT,15,09:45,2.0,2025-10-31 13:46:00+00:00,2025-10-31 13:47:00+00:00,2025-10-31 17:37:00+00:00,16,TP_2R,26199.5,26103.5,96.0,26096.0,25889.25,26199.5,103.5,207.0,350.0,1.6908212560386473,1,412.26,412.26,1
p0_st5_20_bearish_sr350_lr750_buf0_tg1030,NASDAQ_ORB_15m_p0_short_switch_tp2r_p0_st5_20_bearish_sr350_lr750_buf0_tg1030_2025-11-03,2025-11-03,1,SHORT,15,09:45,2.0,2025-11-03 14:50:00+00:00,2025-11-03 14:51:00+00:00,2025-11-03 20:00:00+00:00,20,TIME_EXIT,26265.75,26155.0,110.75,26154.0,26116.75,26265.75,111.75,223.5,350.0,1.5659955257270695,1,73.26,73.26,1
p0_st5_20_bearish_sr350_lr750_buf0_tg1030,NASDAQ_ORB_15m_p0_short_switch_tp2r_p0_st5_20_bearish_sr350_lr750_buf0_tg1030_2025-11-04,2025-11-04,1,LONG,15,09:45,2.0,2025-11-04 14:51:00+00:00,2025-11-04 14:52:00+00:00,2025-11-04 20:00:00+00:00,21,TIME_EXIT,25782.0,25663.0,119.0,25794.0,25605.75,25663.0,131.0,262.0,500.0,1.9083969465648856,1,-377.74,-377.74,0
p0_st5_20_bearish_sr350_lr750_buf0_tg1030,NASDAQ_ORB_15m_p0_short_switch_tp2r_p0_st5_20_bearish_sr350_lr750_buf0_tg1030_2025-11-05,2025-11-05,1,LONG,15,09:45,2.0,2025-11-05 14:48:00+00:00,2025-11-05 14:49:00+00:00,2025-11-05 17:46:00+00:00,18,TP_2R,25577.25,25487.75,89.5,25600.5,25825.75,25487.75,112.75,225.5,500.0,2.2172949002217295,2,449.26,898.52,1
p0_st5_20_bearish_sr350_lr750_buf0_tg1030,NASDAQ_ORB_15m_p0_short_switch_tp2r_p0_st5_20_bearish_sr350_lr750_buf0_tg1030_2025-11-06,2025-11-06,1,SHORT,15,09:45,2.0,2025-11-06 14:52:00+00:00,2025-11-06 14:53:00+00:00,2025-11-06 15:45:00+00:00,22,TP_2R,25684.75,25585.75,99.0,25568.25,25335.5,25684.75,116.5,233.0,350.0,1.502145922746781,1,464.26,464.26,1
p0_st5_20_bearish_sr350_lr750_buf0_tg1030,NASDAQ_ORB_15m_p0_short_switch_tp2r_p0_st5_20_bearish_sr350_lr750_buf0_tg1030_2025-11-10,2025-11-10,1,LONG,15,09:45,2.0,2025-11-10 14:47:00+00:00,2025-11-10 14:48:00+00:00,2025-11-10 20:00:00+00:00,17,TIME_EXIT,25639.75,25524.0,115.75,25641.5,25702.25,25524.0,117.5,235.0,500.0,2.127659574468085,2,120.26,240.52,1
p0_st5_20_bearish_sr350_lr750_buf0_tg1030,NASDAQ_ORB_15m_p0_short_switch_tp2r_p0_st5_20_bearish_sr350_lr750_buf0_tg1030_2025-11-11,2025-11-11,1,SHORT,15,09:45,2.0,2025-11-11 14:50:00+00:00,2025-11-11 14:51:00+00:00,2025-11-11 18:20:00+00:00,20,SWITCH_TO_LONG,25646.0,25583.75,62.25,25582.25,25648.5,25646.0,63.75,127.5,350.0,2.7450980392156863,2,-133.74,-267.48,0
p0_st5_20_bearish_sr350_lr750_buf0_tg1030,NASDAQ_ORB_15m_p0_short_switch_tp2r_p0_st5_20_bearish_sr350_lr750_buf0_tg1030_2025-11-11,2025-11-11,2,LONG,15,09:45,2.0,2025-11-11 18:19:00+00:00,2025-11-11 18:20:00+00:00,2025-11-11 20:00:00+00:00,229,TIME_EXIT,25646.0,25583.75,62.25,25648.5,25663.25,25583.75,64.75,129.5,750.0,5.7915057915057915,5,28.26,141.3,1
p0_st5_20_bearish_sr350_lr750_buf0_tg1030,NASDAQ_ORB_15m_p0_short_switch_tp2r_p0_st5_20_bearish_sr350_lr750_buf0_tg1030_2025-11-14,2025-11-14,1,LONG,15,09:45,2.0,2025-11-14 14:46:00+00:00,2025-11-14 14:47:00+00:00,2025-11-14 17:11:00+00:00,16,TP_2R,24844.75,24626.0,218.75,24846.75,25288.0,24626.0,220.75,441.5,500.0,1.1325028312570782,1,881.26,881.26,1
p0_st5_20_bearish_sr350_lr750_buf0_tg1030,NASDAQ_ORB_15m_p0_short_switch_tp2r_p0_st5_20_bearish_sr350_lr750_buf0_tg1030_2025-11-17,2025-11-17,1,LONG,15,09:45,2.0,2025-11-17 14:47:00+00:00,2025-11-17 14:48:00+00:00,2025-11-17 20:00:00+00:00,17,TIME_EXIT,25199.25,24955.25,244.0,25200.25,24755.75,24955.25,245.0,490.0,500.0,1.0204081632653061,1,-890.24,-890.24,0
p0_st5_20_bearish_sr350_lr750_buf0_tg1030,NASDAQ_ORB_15m_p0_short_switch_tp2r_p0_st5_20_bearish_sr350_lr750_buf0_tg1030_2025-11-19,2025-11-19,1,LONG,15,09:45,2.0,2025-11-19 14:46:00+00:00,2025-11-19 14:47:00+00:00,2025-11-19 20:00:00+00:00,16,TIME_EXIT,24758.5,24572.75,185.75,24763.25,24658.0,24572.75,190.5,381.0,500.0,1.3123359580052494,1,-211.74,-211.74,0
p0_st5_20_bearish_sr350_lr750_buf0_tg1030,NASDAQ_ORB_15m_p0_short_switch_tp2r_p0_st5_20_bearish_sr350_lr750_buf0_tg1030_2025-11-20,2025-11-20,1,LONG,15,09:45,2.0,2025-11-20 14:48:00+00:00,2025-11-20 14:49:00+00:00,2025-11-20 20:00:00+00:00,18,TIME_EXIT,25242.25,25145.0,97.25,25261.75,24397.5,25145.0,116.75,233.5,500.0,2.1413276231263385,2,-1729.74,-3459.48,0
p0_st5_20_bearish_sr350_lr750_buf0_tg1030,NASDAQ_ORB_15m_p0_short_switch_tp2r_p0_st5_20_bearish_sr350_lr750_buf0_tg1030_2025-11-21,2025-11-21,1,LONG,15,09:45,2.0,2025-11-21 14:55:00+00:00,2025-11-21 14:56:00+00:00,2025-11-21 18:51:00+00:00,25,TP_2R,24280.0,24152.75,127.25,24281.5,24538.75,24152.75,128.75,257.5,500.0,1.941747572815534,1,513.26,513.26,1
p0_st5_20_bearish_sr350_lr750_buf0_tg1030,NASDAQ_ORB_15m_p0_short_switch_tp2r_p0_st5_20_bearish_sr350_lr750_buf0_tg1030_2025-11-24,2025-11-24,1,LONG,15,09:45,2.0,2025-11-24 15:03:00+00:00,2025-11-24 15:04:00+00:00,2025-11-24 20:00:00+00:00,33,TIME_EXIT,24722.25,24513.5,208.75,24731.75,24913.5,24513.5,218.25,436.5,500.0,1.145475372279496,1,362.26,362.26,1
p0_st5_20_bearish_sr350_lr750_buf0_tg1030,NASDAQ_ORB_15m_p0_short_switch_tp2r_p0_st5_20_bearish_sr350_lr750_buf0_tg1030_2025-11-26,2025-11-26,1,LONG,15,09:45,2.0,2025-11-26 14:51:00+00:00,2025-11-26 14:52:00+00:00,2025-11-26 20:00:00+00:00,21,TIME_EXIT,25271.0,25189.25,81.75,25272.0,25332.0,25189.25,82.75,165.5,500.0,3.0211480362537766,3,118.76,356.28000000000003,1
p0_st5_20_bearish_sr350_lr750_buf0_tg1030,NASDAQ_ORB_15m_p0_short_switch_tp2r_p0_st5_20_bearish_sr350_lr750_buf0_tg1030_2025-12-01,2025-12-01,1,LONG,15,09:45,2.0,2025-12-01 14:51:00+00:00,2025-12-01 14:52:00+00:00,2025-12-01 20:00:00+00:00,21,TIME_EXIT,25319.75,25209.0,110.75,25322.0,25374.0,25209.0,113.0,226.0,500.0,2.2123893805309733,2,102.76,205.52,1
p0_st5_20_bearish_sr350_lr750_buf0_tg1030,NASDAQ_ORB_15m_p0_short_switch_tp2r_p0_st5_20_bearish_sr350_lr750_buf0_tg1030_2025-12-02,2025-12-02,1,LONG,15,09:45,2.0,2025-12-02 15:01:00+00:00,2025-12-02 15:02:00+00:00,2025-12-02 20:00:00+00:00,31,TIME_EXIT,25613.0,25471.25,141.75,25618.75,25633.25,25471.25,147.5,295.0,500.0,1.694915254237288,1,27.76,27.76,1
p0_st5_20_bearish_sr350_lr750_buf0_tg1030,NASDAQ_ORB_15m_p0_short_switch_tp2r_p0_st5_20_bearish_sr350_lr750_buf0_tg1030_2025-12-03,2025-12-03,1,SHORT,15,09:45,2.0,2025-12-03 14:54:00+00:00,2025-12-03 14:55:00+00:00,2025-12-03 15:04:00+00:00,24,SWITCH_TO_LONG,25538.0,25451.5,86.5,25446.5,25552.5,25538.0,91.5,183.0,350.0,1.9125683060109289,1,-213.24,-213.24,0
p0_st5_20_bearish_sr350_lr750_buf0_tg1030,NASDAQ_ORB_15m_p0_short_switch_tp2r_p0_st5_20_bearish_sr350_lr750_buf0_tg1030_2025-12-03,2025-12-03,2,LONG,15,09:45,2.0,2025-12-03 15:03:00+00:00,2025-12-03 15:04:00+00:00,2025-12-03 20:00:00+00:00,33,TIME_EXIT,25538.0,25451.5,86.5,25552.5,25669.5,25451.5,101.0,202.0,750.0,3.712871287128713,3,232.76,698.28,1
p0_st5_20_bearish_sr350_lr750_buf0_tg1030,NASDAQ_ORB_15m_p0_short_switch_tp2r_p0_st5_20_bearish_sr350_lr750_buf0_tg1030_2025-12-05,2025-12-05,1,LONG,15,09:45,2.0,2025-12-05 14:54:00+00:00,2025-12-05 14:55:00+00:00,2025-12-05 20:00:00+00:00,24,TIME_EXIT,25777.75,25660.5,117.25,25788.25,25737.25,25660.5,127.75,255.5,500.0,1.9569471624266144,1,-103.24,-103.24,0
p0_st5_20_bearish_sr350_lr750_buf0_tg1030,NASDAQ_ORB_15m_p0_short_switch_tp2r_p0_st5_20_bearish_sr350_lr750_buf0_tg1030_2025-12-08,2025-12-08,1,SHORT,15,09:45,2.0,2025-12-08 14:50:00+00:00,2025-12-08 14:51:00+00:00,2025-12-08 20:00:00+00:00,20,TIME_EXIT,25860.75,25768.0,92.75,25758.25,25591.75,25860.75,102.5,205.0,350.0,1.7073170731707317,1,331.76,331.76,1
p0_st5_20_bearish_sr350_lr750_buf0_tg1030,NASDAQ_ORB_15m_p0_short_switch_tp2r_p0_st5_20_bearish_sr350_lr750_buf0_tg1030_2025-12-09,2025-12-09,1,LONG,15,09:45,2.0,2025-12-09 15:03:00+00:00,2025-12-09 15:04:00+00:00,2025-12-09 20:00:00+00:00,33,TIME_EXIT,25653.25,25560.0,93.25,25667.5,25702.25,25560.0,107.5,215.0,500.0,2.3255813953488373,2,68.26,136.52,1
p0_st5_20_bearish_sr350_lr750_buf0_tg1030,NASDAQ_ORB_15m_p0_short_switch_tp2r_p0_st5_20_bearish_sr350_lr750_buf0_tg1030_2025-12-10,2025-12-10,1,LONG,15,09:45,2.0,2025-12-10 14:48:00+00:00,2025-12-10 14:49:00+00:00,2025-12-10 20:00:00+00:00,18,TIME_EXIT,25663.25,25567.0,96.25,25666.0,25823.75,25567.0,99.0,198.0,500.0,2.525252525252525,2,314.26,628.52,1
p0_st5_20_bearish_sr350_lr750_buf0_tg1030,NASDAQ_ORB_15m_p0_short_switch_tp2r_p0_st5_20_bearish_sr350_lr750_buf0_tg1030_2025-12-11,2025-12-11,1,SHORT,15,09:45,2.0,2025-12-11 14:47:00+00:00,2025-12-11 14:48:00+00:00,2025-12-11 18:38:00+00:00,17,SWITCH_TO_LONG,25649.75,25555.75,94.0,25545.0,25654.25,25649.75,104.75,209.5,350.0,1.6706443914081146,1,-219.74,-219.74,0
p0_st5_20_bearish_sr350_lr750_buf0_tg1030,NASDAQ_ORB_15m_p0_short_switch_tp2r_p0_st5_20_bearish_sr350_lr750_buf0_tg1030_2025-12-11,2025-12-11,2,LONG,15,09:45,2.0,2025-12-11 18:37:00+00:00,2025-12-11 18:38:00+00:00,2025-12-11 20:00:00+00:00,247,TIME_EXIT,25649.75,25555.75,94.0,25654.25,25689.5,25555.75,98.5,197.0,750.0,3.8071065989847717,3,69.26,207.78000000000003,1
p0_st5_20_bearish_sr350_lr750_buf0_tg1030,NASDAQ_ORB_15m_p0_short_switch_tp2r_p0_st5_20_bearish_sr350_lr750_buf0_tg1030_2025-12-12,2025-12-12,1,SHORT,15,09:45,2.0,2025-12-12 14:50:00+00:00,2025-12-12 14:51:00+00:00,2025-12-12 15:59:00+00:00,20,TP_2R,25620.5,25522.0,98.5,25507.25,25281.0,25620.5,113.25,226.5,350.0,1.5452538631346577,1,451.26,451.26,1
p0_st5_20_bearish_sr350_lr750_buf0_tg1030,NASDAQ_ORB_15m_p0_short_switch_tp2r_p0_st5_20_bearish_sr350_lr750_buf0_tg1030_2025-12-16,2025-12-16,1,LONG,15,09:45,2.0,2025-12-16 14:51:00+00:00,2025-12-16 14:52:00+00:00,2025-12-16 20:00:00+00:00,21,TIME_EXIT,25351.0,25209.75,141.25,25372.25,25318.0,25209.75,162.5,325.0,500.0,1.5384615384615385,1,-109.74,-109.74,0
p0_st5_20_bearish_sr350_lr750_buf0_tg1030,NASDAQ_ORB_15m_p0_short_switch_tp2r_p0_st5_20_bearish_sr350_lr750_buf0_tg1030_2025-12-18,2025-12-18,1,LONG,15,09:45,2.0,2025-12-18 15:29:00+00:00,2025-12-18 15:30:00+00:00,2025-12-18 20:00:00+00:00,59,TIME_EXIT,25329.5,25173.0,156.5,25335.25,25208.5,25173.0,162.25,324.5,500.0,1.5408320493066257,1,-254.74,-254.74,0
p0_st5_20_bearish_sr350_lr750_buf0_tg1030,NASDAQ_ORB_15m_p0_short_switch_tp2r_p0_st5_20_bearish_sr350_lr750_buf0_tg1030_2025-12-19,2025-12-19,1,LONG,15,09:45,2.0,2025-12-19 14:48:00+00:00,2025-12-19 14:49:00+00:00,2025-12-19 20:00:00+00:00,18,TIME_EXIT,25548.75,25356.25,192.5,25567.0,25568.5,25356.25,210.75,421.5,500.0,1.1862396204033214,1,1.76,1.76,1
p0_st5_20_bearish_sr350_lr750_buf0_tg1030,NASDAQ_ORB_15m_p0_short_switch_tp2r_p0_st5_20_bearish_sr350_lr750_buf0_tg1030_2025-12-23,2025-12-23,1,LONG,15,09:45,2.0,2025-12-23 14:48:00+00:00,2025-12-23 14:49:00+00:00,2025-12-23 20:00:00+00:00,18,TIME_EXIT,25737.5,25638.0,99.5,25739.25,25796.75,25638.0,101.25,202.5,500.0,2.4691358024691357,2,113.76,227.52,1
p0_st5_20_bearish_sr350_lr750_buf0_tg1030,NASDAQ_ORB_15m_p0_short_switch_tp2r_p0_st5_20_bearish_sr350_lr750_buf0_tg1030_2025-12-26,2025-12-26,1,SHORT,15,09:45,2.0,2025-12-26 15:02:00+00:00,2025-12-26 15:03:00+00:00,2025-12-26 20:00:00+00:00,32,TIME_EXIT,25932.5,25864.5,68.0,25850.5,25891.5,25932.5,82.0,164.0,350.0,2.1341463414634148,2,-83.24,-166.48,0
p0_st5_20_bearish_sr350_lr750_buf0_tg1030,NASDAQ_ORB_15m_p0_short_switch_tp2r_p0_st5_20_bearish_sr350_lr750_buf0_tg1030_2025-12-30,2025-12-30,1,LONG,15,09:45,2.0,2025-12-30 14:50:00+00:00,2025-12-30 14:51:00+00:00,2025-12-30 20:00:00+00:00,20,TIME_EXIT,25733.0,25675.5,57.5,25736.75,25711.5,25675.5,61.25,122.5,500.0,4.081632653061225,4,-51.74,-206.96,0
p0_st5_20_bearish_sr350_lr750_buf0_tg1030,NASDAQ_ORB_15m_p0_short_switch_tp2r_p0_st5_20_bearish_sr350_lr750_buf0_tg1030_2025-12-31,2025-12-31,1,SHORT,15,09:45,2.0,2025-12-31 14:46:00+00:00,2025-12-31 14:47:00+00:00,2025-12-31 20:00:00+00:00,16,TIME_EXIT,25692.25,25608.75,83.5,25594.25,25536.5,25692.25,98.0,196.0,350.0,1.7857142857142858,1,114.26,114.26,1
p0_st5_20_bearish_sr350_lr750_buf0_tg1030,NASDAQ_ORB_15m_p0_short_switch_tp2r_p0_st5_20_bearish_sr350_lr750_buf0_tg1030_2026-01-02,2026-01-02,1,LONG,15,09:45,2.0,2026-01-02 14:48:00+00:00,2026-01-02 14:49:00+00:00,2026-01-02 20:00:00+00:00,18,TIME_EXIT,25733.5,25638.0,95.5,25758.0,25399.75,25638.0,120.0,240.0,500.0,2.0833333333333335,2,-717.74,-1435.48,0
p0_st5_20_bearish_sr350_lr750_buf0_tg1030,NASDAQ_ORB_15m_p0_short_switch_tp2r_p0_st5_20_bearish_sr350_lr750_buf0_tg1030_2026-01-05,2026-01-05,1,LONG,15,09:45,2.0,2026-01-05 15:29:00+00:00,2026-01-05 15:30:00+00:00,2026-01-05 20:00:00+00:00,59,TIME_EXIT,25673.25,25538.5,134.75,25676.5,25576.75,25538.5,138.0,276.0,500.0,1.8115942028985508,1,-200.74,-200.74,0
p0_st5_20_bearish_sr350_lr750_buf0_tg1030,NASDAQ_ORB_15m_p0_short_switch_tp2r_p0_st5_20_bearish_sr350_lr750_buf0_tg1030_2026-01-06,2026-01-06,1,LONG,15,09:45,2.0,2026-01-06 14:46:00+00:00,2026-01-06 14:47:00+00:00,2026-01-06 20:00:00+00:00,16,TIME_EXIT,25679.0,25608.75,70.25,25689.0,25807.5,25608.75,80.25,160.5,500.0,3.115264797507788,3,235.76,707.28,1
p0_st5_20_bearish_sr350_lr750_buf0_tg1030,NASDAQ_ORB_15m_p0_short_switch_tp2r_p0_st5_20_bearish_sr350_lr750_buf0_tg1030_2026-01-07,2026-01-07,1,LONG,15,09:45,2.0,2026-01-07 14:47:00+00:00,2026-01-07 14:48:00+00:00,2026-01-07 20:00:00+00:00,17,TIME_EXIT,25864.25,25770.75,93.5,25870.0,25902.5,25770.75,99.25,198.5,500.0,2.5188916876574305,2,63.76,127.52,1
p0_st5_20_bearish_sr350_lr750_buf0_tg1030,NASDAQ_ORB_15m_p0_short_switch_tp2r_p0_st5_20_bearish_sr350_lr750_buf0_tg1030_2026-01-09,2026-01-09,1,SHORT,15,09:45,2.0,2026-01-09 15:09:00+00:00,2026-01-09 15:10:00+00:00,2026-01-09 15:24:00+00:00,39,SWITCH_TO_LONG,25791.0,25648.25,142.75,25638.25,25805.0,25791.0,152.75,305.5,350.0,1.1456628477905073,1,-334.74,-334.74,0
p0_st5_20_bearish_sr350_lr750_buf0_tg1030,NASDAQ_ORB_15m_p0_short_switch_tp2r_p0_st5_20_bearish_sr350_lr750_buf0_tg1030_2026-01-09,2026-01-09,2,LONG,15,09:45,2.0,2026-01-09 15:23:00+00:00,2026-01-09 15:24:00+00:00,2026-01-09 20:00:00+00:00,53,TIME_EXIT,25791.0,25648.25,142.75,25805.0,25954.25,25648.25,156.75,313.5,750.0,2.3923444976076556,2,297.26,594.52,1
p0_st5_20_bearish_sr350_lr750_buf0_tg1030,NASDAQ_ORB_15m_p0_short_switch_tp2r_p0_st5_20_bearish_sr350_lr750_buf0_tg1030_2026-01-12,2026-01-12,1,LONG,15,09:45,2.0,2026-01-12 14:51:00+00:00,2026-01-12 14:52:00+00:00,2026-01-12 20:00:00+00:00,21,TIME_EXIT,25892.5,25743.75,148.75,25905.25,26014.5,25743.75,161.5,323.0,500.0,1.5479876160990713,1,217.26,217.26,1
p0_st5_20_bearish_sr350_lr750_buf0_tg1030,NASDAQ_ORB_15m_p0_short_switch_tp2r_p0_st5_20_bearish_sr350_lr750_buf0_tg1030_2026-01-13,2026-01-13,1,SHORT,15,09:45,2.0,2026-01-13 15:10:00+00:00,2026-01-13 15:11:00+00:00,2026-01-13 20:00:00+00:00,40,TIME_EXIT,26043.0,25930.75,112.25,25913.0,25866.5,26043.0,130.0,260.0,350.0,1.3461538461538463,1,91.76,91.76,1
p0_st5_20_bearish_sr350_lr750_buf0_tg1030,NASDAQ_ORB_15m_p0_short_switch_tp2r_p0_st5_20_bearish_sr350_lr750_buf0_tg1030_2026-01-14,2026-01-14,1,SHORT,15,09:45,2.0,2026-01-14 14:46:00+00:00,2026-01-14 14:47:00+00:00,2026-01-14 20:00:00+00:00,16,TIME_EXIT,25791.25,25623.5,167.75,25616.75,25500.75,25791.25,174.5,349.0,350.0,1.002865329512894,1,230.76,230.76,1
p0_st5_20_bearish_sr350_lr750_buf0_tg1030,NASDAQ_ORB_15m_p0_short_switch_tp2r_p0_st5_20_bearish_sr350_lr750_buf0_tg1030_2026-01-15,2026-01-15,1,SHORT,15,09:45,2.0,2026-01-15 15:08:00+00:00,2026-01-15 15:09:00+00:00,2026-01-15 20:00:00+00:00,38,TIME_EXIT,25946.75,25853.0,93.75,25847.75,25757.25,25946.75,99.0,198.0,350.0,1.7676767676767677,1,179.76,179.76,1
p0_st5_20_bearish_sr350_lr750_buf0_tg1030,NASDAQ_ORB_15m_p0_short_switch_tp2r_p0_st5_20_bearish_sr350_lr750_buf0_tg1030_2026-01-16,2026-01-16,1,SHORT,15,09:45,2.0,2026-01-16 14:55:00+00:00,2026-01-16 14:56:00+00:00,2026-01-16 20:00:00+00:00,25,TIME_EXIT,25891.25,25817.5,73.75,25785.25,25716.25,25891.25,106.0,212.0,350.0,1.650943396226415,1,136.76,136.76,1
p0_st5_20_bearish_sr350_lr750_buf0_tg1030,NASDAQ_ORB_15m_p0_short_switch_tp2r_p0_st5_20_bearish_sr350_lr750_buf0_tg1030_2026-01-19,2026-01-19,1,SHORT,15,09:45,2.0,2026-01-19 14:46:00+00:00,2026-01-19 14:47:00+00:00,2026-01-19 14:58:00+00:00,16,SWITCH_TO_LONG,25298.0,25240.0,58.0,25239.5,25304.75,25298.0,58.5,117.0,350.0,2.9914529914529915,2,-131.74,-263.48,0
p0_st5_20_bearish_sr350_lr750_buf0_tg1030,NASDAQ_ORB_15m_p0_short_switch_tp2r_p0_st5_20_bearish_sr350_lr750_buf0_tg1030_2026-01-19,2026-01-19,2,LONG,15,09:45,2.0,2026-01-19 14:57:00+00:00,2026-01-19 14:58:00+00:00,2026-01-19 23:02:00+00:00,27,TIME_EXIT,25298.0,25240.0,58.0,25304.75,25395.75,25240.0,64.75,129.5,750.0,5.7915057915057915,5,180.76,903.8,1
p0_st5_20_bearish_sr350_lr750_buf0_tg1030,NASDAQ_ORB_15m_p0_short_switch_tp2r_p0_st5_20_bearish_sr350_lr750_buf0_tg1030_2026-01-20,2026-01-20,1,LONG,15,09:45,2.0,2026-01-20 14:52:00+00:00,2026-01-20 14:53:00+00:00,2026-01-20 20:00:00+00:00,22,TIME_EXIT,25357.25,25232.5,124.75,25359.5,25169.25,25232.5,127.0,254.0,500.0,1.968503937007874,1,-381.74,-381.74,0
p0_st5_20_bearish_sr350_lr750_buf0_tg1030,NASDAQ_ORB_15m_p0_short_switch_tp2r_p0_st5_20_bearish_sr350_lr750_buf0_tg1030_2026-01-21,2026-01-21,1,LONG,15,09:45,2.0,2026-01-21 14:48:00+00:00,2026-01-21 14:49:00+00:00,2026-01-21 15:37:00+00:00,18,TP_2R,25223.0,25128.5,94.5,25235.5,25449.25,25128.5,107.0,214.0,500.0,2.336448598130841,2,426.26,852.52,1
p0_st5_20_bearish_sr350_lr750_buf0_tg1030,NASDAQ_ORB_15m_p0_short_switch_tp2r_p0_st5_20_bearish_sr350_lr750_buf0_tg1030_2026-01-22,2026-01-22,1,SHORT,15,09:45,2.0,2026-01-22 14:47:00+00:00,2026-01-22 14:48:00+00:00,2026-01-22 20:00:00+00:00,17,TIME_EXIT,25732.25,25612.25,120.0,25611.75,25640.0,25732.25,120.5,241.0,350.0,1.4522821576763485,1,-57.74,-57.74,0
p0_st5_20_bearish_sr350_lr750_buf0_tg1030,NASDAQ_ORB_15m_p0_short_switch_tp2r_p0_st5_20_bearish_sr350_lr750_buf0_tg1030_2026-01-23,2026-01-23,1,LONG,15,09:45,2.0,2026-01-23 15:00:00+00:00,2026-01-23 15:01:00+00:00,2026-01-23 20:00:00+00:00,30,TIME_EXIT,25652.75,25562.5,90.25,25673.5,25747.75,25562.5,111.0,222.0,500.0,2.2522522522522523,2,147.26,294.52,1
p0_st5_20_bearish_sr350_lr750_buf0_tg1030,NASDAQ_ORB_15m_p0_short_switch_tp2r_p0_st5_20_bearish_sr350_lr750_buf0_tg1030_2026-01-26,2026-01-26,1,LONG,15,09:45,2.0,2026-01-26 14:47:00+00:00,2026-01-26 14:48:00+00:00,2026-01-26 20:00:00+00:00,17,TIME_EXIT,25827.25,25704.25,123.0,25829.25,25878.25,25704.25,125.0,250.0,500.0,2.0,2,96.76,193.52,1
p0_st5_20_bearish_sr350_lr750_buf0_tg1030,NASDAQ_ORB_15m_p0_short_switch_tp2r_p0_st5_20_bearish_sr350_lr750_buf0_tg1030_2026-01-27,2026-01-27,1,LONG,15,09:45,2.0,2026-01-27 14:54:00+00:00,2026-01-27 14:55:00+00:00,2026-01-27 20:00:00+00:00,24,TIME_EXIT,26012.5,25917.25,95.25,26028.25,26092.0,25917.25,111.0,222.0,500.0,2.2522522522522523,2,126.26,252.52,1
p0_st5_20_bearish_sr350_lr750_buf0_tg1030,NASDAQ_ORB_15m_p0_short_switch_tp2r_p0_st5_20_bearish_sr350_lr750_buf0_tg1030_2026-02-02,2026-02-02,1,LONG,15,09:45,2.0,2026-02-02 14:47:00+00:00,2026-02-02 14:48:00+00:00,2026-02-02 20:00:00+00:00,17,TIME_EXIT,25734.0,25540.25,193.75,25736.0,25847.0,25540.25,195.75,391.5,500.0,1.277139208173691,1,220.76,220.76,1
p0_st5_20_bearish_sr350_lr750_buf0_tg1030,NASDAQ_ORB_15m_p0_short_switch_tp2r_p0_st5_20_bearish_sr350_lr750_buf0_tg1030_2026-02-06,2026-02-06,1,LONG,15,09:45,2.0,2026-02-06 14:46:00+00:00,2026-02-06 14:47:00+00:00,2026-02-06 20:00:00+00:00,16,TIME_EXIT,24927.5,24700.5,227.0,24932.25,25069.5,24700.5,231.75,463.5,500.0,1.0787486515641855,1,273.26,273.26,1
p0_st5_20_bearish_sr350_lr750_buf0_tg1030,NASDAQ_ORB_15m_p0_short_switch_tp2r_p0_st5_20_bearish_sr350_lr750_buf0_tg1030_2026-02-09,2026-02-09,1,LONG,15,09:45,2.0,2026-02-09 14:47:00+00:00,2026-02-09 14:48:00+00:00,2026-02-09 20:00:00+00:00,17,TIME_EXIT,25152.5,24955.5,197.0,25178.25,25398.75,24955.5,222.75,445.5,500.0,1.122334455667789,1,439.76,439.76,1
p0_st5_20_bearish_sr350_lr750_buf0_tg1030,NASDAQ_ORB_15m_p0_short_switch_tp2r_p0_st5_20_bearish_sr350_lr750_buf0_tg1030_2026-02-10,2026-02-10,1,SHORT,15,09:45,2.0,2026-02-10 14:49:00+00:00,2026-02-10 14:50:00+00:00,2026-02-10 15:08:00+00:00,19,SWITCH_TO_LONG,25410.25,25265.25,145.0,25262.25,25436.75,25410.25,148.0,296.0,350.0,1.1824324324324325,1,-350.24,-350.24,0
p0_st5_20_bearish_sr350_lr750_buf0_tg1030,NASDAQ_ORB_15m_p0_short_switch_tp2r_p0_st5_20_bearish_sr350_lr750_buf0_tg1030_2026-02-10,2026-02-10,2,LONG,15,09:45,2.0,2026-02-10 15:07:00+00:00,2026-02-10 15:08:00+00:00,2026-02-10 20:00:00+00:00,37,TIME_EXIT,25410.25,25265.25,145.0,25436.75,25294.0,25265.25,171.5,343.0,750.0,2.186588921282799,2,-286.74,-573.48,0
p0_st5_20_bearish_sr350_lr750_buf0_tg1030,NASDAQ_ORB_15m_p0_short_switch_tp2r_p0_st5_20_bearish_sr350_lr750_buf0_tg1030_2026-02-11,2026-02-11,1,SHORT,15,09:45,2.0,2026-02-11 15:00:00+00:00,2026-02-11 15:01:00+00:00,2026-02-11 20:00:00+00:00,30,TIME_EXIT,25465.5,25339.0,126.5,25305.25,25309.25,25465.5,160.25,320.5,350.0,1.0920436817472698,1,-9.24,-9.24,0
p0_st5_20_bearish_sr350_lr750_buf0_tg1030,NASDAQ_ORB_15m_p0_short_switch_tp2r_p0_st5_20_bearish_sr350_lr750_buf0_tg1030_2026-02-12,2026-02-12,1,SHORT,15,09:45,2.0,2026-02-12 14:46:00+00:00,2026-02-12 14:47:00+00:00,2026-02-12 15:58:00+00:00,16,TP_2R,25393.75,25303.75,90.0,25273.0,25031.75,25393.75,120.75,241.5,350.0,1.4492753623188406,1,481.26,481.26,1
p0_st5_20_bearish_sr350_lr750_buf0_tg1030,NASDAQ_ORB_15m_p0_short_switch_tp2r_p0_st5_20_bearish_sr350_lr750_buf0_tg1030_2026-02-13,2026-02-13,1,LONG,15,09:45,2.0,2026-02-13 14:46:00+00:00,2026-02-13 14:47:00+00:00,2026-02-13 20:00:00+00:00,16,TIME_EXIT,24800.0,24578.75,221.25,24802.0,24852.5,24578.75,223.25,446.5,500.0,1.1198208286674132,1,99.76,99.76,1
p0_st5_20_bearish_sr350_lr750_buf0_tg1030,NASDAQ_ORB_15m_p0_short_switch_tp2r_p0_st5_20_bearish_sr350_lr750_buf0_tg1030_2026-02-16,2026-02-16,1,SHORT,15,09:45,2.0,2026-02-16 14:46:00+00:00,2026-02-16 14:47:00+00:00,2026-02-16 14:58:00+00:00,16,SWITCH_TO_LONG,24777.0,24710.25,66.75,24704.25,24782.0,24777.0,72.75,145.5,350.0,2.4054982817869415,2,-156.74,-313.48,0
p0_st5_20_bearish_sr350_lr750_buf0_tg1030,NASDAQ_ORB_15m_p0_short_switch_tp2r_p0_st5_20_bearish_sr350_lr750_buf0_tg1030_2026-02-16,2026-02-16,2,LONG,15,09:45,2.0,2026-02-16 14:57:00+00:00,2026-02-16 14:58:00+00:00,2026-02-16 23:02:00+00:00,27,TIME_EXIT,24777.0,24710.25,66.75,24782.0,24757.25,24710.25,71.75,143.5,750.0,5.2264808362369335,5,-50.74,-253.70000000000002,0
p0_st5_20_bearish_sr350_lr750_buf0_tg1030,NASDAQ_ORB_15m_p0_short_switch_tp2r_p0_st5_20_bearish_sr350_lr750_buf0_tg1030_2026-02-18,2026-02-18,1,LONG,15,09:45,2.0,2026-02-18 14:46:00+00:00,2026-02-18 14:47:00+00:00,2026-02-18 17:07:00+00:00,16,TP_2R,24868.75,24752.0,116.75,24874.5,25119.25,24752.0,122.5,245.0,500.0,2.0408163265306123,2,488.26,976.52,1
p0_st5_20_bearish_sr350_lr750_buf0_tg1030,NASDAQ_ORB_15m_p0_short_switch_tp2r_p0_st5_20_bearish_sr350_lr750_buf0_tg1030_2026-02-19,2026-02-19,1,LONG,15,09:45,2.0,2026-02-19 14:54:00+00:00,2026-02-19 14:55:00+00:00,2026-02-19 20:00:00+00:00,24,TIME_EXIT,24883.25,24762.5,120.75,24886.75,24782.0,24762.5,124.25,248.5,500.0,2.0120724346076457,2,-210.74,-421.48,0
p0_st5_20_bearish_sr350_lr750_buf0_tg1030,NASDAQ_ORB_15m_p0_short_switch_tp2r_p0_st5_20_bearish_sr350_lr750_buf0_tg1030_2026-02-23,2026-02-23,1,SHORT,15,09:45,2.0,2026-02-23 14:46:00+00:00,2026-02-23 14:47:00+00:00,2026-02-23 20:00:00+00:00,16,TIME_EXIT,25040.0,24880.25,159.75,24868.0,24692.25,25040.0,172.0,344.0,350.0,1.0174418604651163,1,350.26,350.26,1
p0_st5_20_bearish_sr350_lr750_buf0_tg1030,NASDAQ_ORB_15m_p0_short_switch_tp2r_p0_st5_20_bearish_sr350_lr750_buf0_tg1030_2026-02-24,2026-02-24,1,LONG,15,09:45,2.0,2026-02-24 14:46:00+00:00,2026-02-24 14:47:00+00:00,2026-02-24 20:00:00+00:00,16,TIME_EXIT,24912.25,24694.0,218.25,24922.0,25021.0,24694.0,228.0,456.0,500.0,1.0964912280701755,1,196.76,196.76,1
p0_st5_20_bearish_sr350_lr750_buf0_tg1030,NASDAQ_ORB_15m_p0_short_switch_tp2r_p0_st5_20_bearish_sr350_lr750_buf0_tg1030_2026-02-25,2026-02-25,1,LONG,15,09:45,2.0,2026-02-25 14:46:00+00:00,2026-02-25 14:47:00+00:00,2026-02-25 20:00:00+00:00,16,TIME_EXIT,25279.75,25156.75,123.0,25298.75,25368.25,25156.75,142.0,284.0,500.0,1.7605633802816902,1,137.76,137.76,1
p0_st5_20_bearish_sr350_lr750_buf0_tg1030,NASDAQ_ORB_15m_p0_short_switch_tp2r_p0_st5_20_bearish_sr350_lr750_buf0_tg1030_2026-02-26,2026-02-26,1,SHORT,15,09:45,2.0,2026-02-26 14:49:00+00:00,2026-02-26 14:50:00+00:00,2026-02-26 15:19:00+00:00,19,TP_2R,25342.0,25224.75,117.25,25218.75,24972.5,25342.0,123.25,246.5,350.0,1.4198782961460445,1,491.26,491.26,1
p0_st5_20_bearish_sr350_lr750_buf0_tg1030,NASDAQ_ORB_15m_p0_short_switch_tp2r_p0_st5_20_bearish_sr350_lr750_buf0_tg1030_2026-02-27,2026-02-27,1,LONG,15,09:45,2.0,2026-02-27 14:49:00+00:00,2026-02-27 14:50:00+00:00,2026-02-27 20:00:00+00:00,19,TIME_EXIT,24910.0,24780.0,130.0,24924.25,24894.25,24780.0,144.25,288.5,500.0,1.733102253032929,1,-61.24,-61.24,0
p0_st5_20_bearish_sr350_lr750_buf0_tg1030,NASDAQ_ORB_15m_p0_short_switch_tp2r_p0_st5_20_bearish_sr350_lr750_buf0_tg1030_2026-03-04,2026-03-04,1,LONG,15,09:45,2.0,2026-03-04 15:02:00+00:00,2026-03-04 15:03:00+00:00,2026-03-04 20:00:00+00:00,32,TIME_EXIT,24970.5,24837.25,133.25,24972.75,25188.75,24837.25,135.5,271.0,500.0,1.845018450184502,1,430.76,430.76,1
p0_st5_20_bearish_sr350_lr750_buf0_tg1030,NASDAQ_ORB_15m_p0_short_switch_tp2r_p0_st5_20_bearish_sr350_lr750_buf0_tg1030_2026-03-05,2026-03-05,1,LONG,15,09:45,2.0,2026-03-05 14:52:00+00:00,2026-03-05 14:53:00+00:00,2026-03-05 20:00:00+00:00,22,TIME_EXIT,25125.25,24985.25,140.0,25144.5,24857.75,24985.25,159.25,318.5,500.0,1.5698587127158556,1,-574.74,-574.74,0
p0_st5_20_bearish_sr350_lr750_buf0_tg1030,NASDAQ_ORB_15m_p0_short_switch_tp2r_p0_st5_20_bearish_sr350_lr750_buf0_tg1030_2026-03-06,2026-03-06,1,LONG,15,09:45,2.0,2026-03-06 15:01:00+00:00,2026-03-06 15:02:00+00:00,2026-03-06 20:00:00+00:00,31,TIME_EXIT,24732.25,24611.75,120.5,24738.25,24808.5,24611.75,126.5,253.0,500.0,1.976284584980237,1,139.26,139.26,1
p0_st5_20_bearish_sr350_lr750_buf0_tg1030,NASDAQ_ORB_15m_p0_short_switch_tp2r_p0_st5_20_bearish_sr350_lr750_buf0_tg1030_2026-03-09,2026-03-09,1,LONG,15,09:45,2.0,2026-03-09 14:45:00+00:00,2026-03-09 14:46:00+00:00,2026-03-09 19:00:00+00:00,75,TIME_EXIT,24526.0,24354.75,171.25,24535.75,24655.5,24354.75,181.0,362.0,500.0,1.3812154696132597,1,238.26,238.26,1
p0_st5_20_bearish_sr350_lr750_buf0_tg1030,NASDAQ_ORB_15m_p0_short_switch_tp2r_p0_st5_20_bearish_sr350_lr750_buf0_tg1030_2026-03-11,2026-03-11,1,LONG,15,09:45,2.0,2026-03-11 14:01:00+00:00,2026-03-11 14:02:00+00:00,2026-03-11 19:00:00+00:00,31,TIME_EXIT,25115.5,25035.0,80.5,25173.25,24957.5,25035.0,138.25,276.5,500.0,1.8083182640144666,1,-432.74,-432.74,0
p0_st5_20_bearish_sr350_lr750_buf0_tg1030,NASDAQ_ORB_15m_p0_short_switch_tp2r_p0_st5_20_bearish_sr350_lr750_buf0_tg1030_2026-03-12,2026-03-12,1,SHORT,15,09:45,2.0,2026-03-12 13:46:00+00:00,2026-03-12 13:47:00+00:00,2026-03-12 19:00:00+00:00,16,TIME_EXIT,24834.75,24742.0,92.75,24729.0,24600.25,24834.75,105.75,211.5,350.0,1.6548463356973995,1,256.26,256.26,1
p0_st5_20_bearish_sr350_lr750_buf0_tg1030,NASDAQ_ORB_15m_p0_short_switch_tp2r_p0_st5_20_bearish_sr350_lr750_buf0_tg1030_2026-03-13,2026-03-13,1,LONG,15,09:45,2.0,2026-03-13 13:46:00+00:00,2026-03-13 13:47:00+00:00,2026-03-13 19:00:00+00:00,16,TIME_EXIT,24772.75,24611.0,161.75,24795.5,24448.5,24611.0,184.5,369.0,500.0,1.3550135501355014,1,-695.24,-695.24,0
p0_st5_20_bearish_sr350_lr750_buf0_tg1030,NASDAQ_ORB_15m_p0_short_switch_tp2r_p0_st5_20_bearish_sr350_lr750_buf0_tg1030_2026-03-17,2026-03-17,1,LONG,15,09:45,2.0,2026-03-17 13:46:00+00:00,2026-03-17 13:47:00+00:00,2026-03-17 19:00:00+00:00,16,TIME_EXIT,25076.0,24964.25,111.75,25085.75,25003.0,24964.25,121.5,243.0,500.0,2.05761316872428,2,-166.74,-333.48,0
p0_st5_20_bearish_sr350_lr750_buf0_tg1030,NASDAQ_ORB_15m_p0_short_switch_tp2r_p0_st5_20_bearish_sr350_lr750_buf0_tg1030_2026-03-18,2026-03-18,1,LONG,15,09:45,2.0,2026-03-18 13:47:00+00:00,2026-03-18 13:48:00+00:00,2026-03-18 19:00:00+00:00,17,TIME_EXIT,24990.5,24903.75,86.75,24997.0,24743.5,24903.75,93.25,186.5,500.0,2.680965147453083,2,-508.24,-1016.48,0
p0_st5_20_bearish_sr350_lr750_buf0_tg1030,NASDAQ_ORB_15m_p0_short_switch_tp2r_p0_st5_20_bearish_sr350_lr750_buf0_tg1030_2026-03-19,2026-03-19,1,LONG,15,09:45,2.0,2026-03-19 13:50:00+00:00,2026-03-19 13:51:00+00:00,2026-03-19 19:00:00+00:00,20,TIME_EXIT,24453.0,24324.25,128.75,24458.75,24508.75,24324.25,134.5,269.0,500.0,1.858736059479554,1,98.76,98.76,1
p0_st5_20_bearish_sr350_lr750_buf0_tg1030,NASDAQ_ORB_15m_p0_short_switch_tp2r_p0_st5_20_bearish_sr350_lr750_buf0_tg1030_2026-03-20,2026-03-20,1,SHORT,15,09:45,2.0,2026-03-20 13:51:00+00:00,2026-03-20 13:52:00+00:00,2026-03-20 18:38:00+00:00,21,TP_2R,24491.0,24379.25,111.75,24361.0,24101.25,24491.0,130.0,260.0,350.0,1.3461538461538463,1,518.26,518.26,1
p0_st5_20_bearish_sr350_lr750_buf0_tg1030,NASDAQ_ORB_15m_p0_short_switch_tp2r_p0_st5_20_bearish_sr350_lr750_buf0_tg1030_2026-03-23,2026-03-23,1,LONG,15,09:45,2.0,2026-03-23 13:50:00+00:00,2026-03-23 13:51:00+00:00,2026-03-23 19:00:00+00:00,20,TIME_EXIT,24568.5,24432.5,136.0,24576.75,24514.5,24432.5,144.25,288.5,500.0,1.733102253032929,1,-125.74,-125.74,0
p0_st5_20_bearish_sr350_lr750_buf0_tg1030,NASDAQ_ORB_15m_p0_short_switch_tp2r_p0_st5_20_bearish_sr350_lr750_buf0_tg1030_2026-03-24,2026-03-24,1,LONG,15,09:45,2.0,2026-03-24 14:57:00+00:00,2026-03-24 14:58:00+00:00,2026-03-24 19:00:00+00:00,87,TIME_EXIT,24317.0,24140.25,176.75,24319.75,24274.5,24140.25,179.5,359.0,500.0,1.392757660167131,1,-91.74,-91.74,0
p0_st5_20_bearish_sr350_lr750_buf0_tg1030,NASDAQ_ORB_15m_p0_short_switch_tp2r_p0_st5_20_bearish_sr350_lr750_buf0_tg1030_2026-03-25,2026-03-25,1,SHORT,15,09:45,2.0,2026-03-25 13:50:00+00:00,2026-03-25 13:51:00+00:00,2026-03-25 19:00:00+00:00,20,TIME_EXIT,24526.0,24426.0,100.0,24418.5,24355.5,24526.0,107.5,215.0,350.0,1.627906976744186,1,124.76,124.76,1
p0_st5_20_bearish_sr350_lr750_buf0_tg1030,NASDAQ_ORB_15m_p0_short_switch_tp2r_p0_st5_20_bearish_sr350_lr750_buf0_tg1030_2026-03-26,2026-03-26,1,LONG,15,09:45,2.0,2026-03-26 13:46:00+00:00,2026-03-26 13:47:00+00:00,2026-03-26 19:00:00+00:00,16,TIME_EXIT,24158.5,24066.0,92.5,24172.75,23882.25,24066.0,106.75,213.5,500.0,2.34192037470726,2,-582.24,-1164.48,0
p0_st5_20_bearish_sr350_lr750_buf0_tg1030,NASDAQ_ORB_15m_p0_short_switch_tp2r_p0_st5_20_bearish_sr350_lr750_buf0_tg1030_2026-03-27,2026-03-27,1,SHORT,15,09:45,2.0,2026-03-27 13:55:00+00:00,2026-03-27 13:56:00+00:00,2026-03-27 19:00:00+00:00,25,TIME_EXIT,23664.25,23531.5,132.75,23525.5,23340.25,23664.25,138.75,277.5,350.0,1.2612612612612613,1,369.26,369.26,1
p0_st5_20_bearish_sr350_lr750_buf0_tg1030,NASDAQ_ORB_15m_p0_short_switch_tp2r_p0_st5_20_bearish_sr350_lr750_buf0_tg1030_2026-03-30,2026-03-30,1,SHORT,15,09:45,2.0,2026-03-30 13:47:00+00:00,2026-03-30 13:48:00+00:00,2026-03-30 19:00:00+00:00,17,TIME_EXIT,23538.0,23374.25,163.75,23363.5,23121.0,23538.0,174.5,349.0,350.0,1.002865329512894,1,483.76,483.76,1
p0_st5_20_bearish_sr350_lr750_buf0_tg1030,NASDAQ_ORB_15m_p0_short_switch_tp2r_p0_st5_20_bearish_sr350_lr750_buf0_tg1030_2026-03-31,2026-03-31,1,LONG,15,09:45,2.0,2026-03-31 13:47:00+00:00,2026-03-31 13:48:00+00:00,2026-03-31 16:41:00+00:00,17,TP_2R,23470.0,23378.75,91.25,23479.25,23680.0,23378.75,100.5,201.0,500.0,2.487562189054726,2,400.26,800.52,1
p0_st5_20_bearish_sr350_lr750_buf0_tg1030,NASDAQ_ORB_15m_p0_short_switch_tp2r_p0_st5_20_bearish_sr350_lr750_buf0_tg1030_2026-04-01,2026-04-01,1,LONG,15,09:45,2.0,2026-04-01 14:23:00+00:00,2026-04-01 14:24:00+00:00,2026-04-01 19:00:00+00:00,53,TIME_EXIT,24194.5,24043.5,151.0,24204.0,24158.75,24043.5,160.5,321.0,500.0,1.557632398753894,1,-91.74,-91.74,0
p0_st5_20_bearish_sr350_lr750_buf0_tg1030,NASDAQ_ORB_15m_p0_short_switch_tp2r_p0_st5_20_bearish_sr350_lr750_buf0_tg1030_2026-04-02,2026-04-02,1,LONG,15,09:45,2.0,2026-04-02 13:54:00+00:00,2026-04-02 13:55:00+00:00,2026-04-02 14:37:00+00:00,24,TP_2R,23819.0,23678.0,141.0,23832.75,24142.0,23678.0,154.75,309.5,500.0,1.615508885298869,1,617.26,617.26,1
p0_st5_20_bearish_sr350_lr750_buf0_tg1030,NASDAQ_ORB_15m_p0_short_switch_tp2r_p0_st5_20_bearish_sr350_lr750_buf0_tg1030_2026-04-06,2026-04-06,1,LONG,15,09:45,2.0,2026-04-06 13:51:00+00:00,2026-04-06 13:52:00+00:00,2026-04-06 19:00:00+00:00,21,TIME_EXIT,24373.75,24245.25,128.5,24380.5,24351.5,24245.25,135.25,270.5,500.0,1.8484288354898337,1,-59.24,-59.24,0
p0_st5_20_bearish_sr350_lr750_buf0_tg1030,NASDAQ_ORB_15m_p0_short_switch_tp2r_p0_st5_20_bearish_sr350_lr750_buf0_tg1030_2026-04-07,2026-04-07,1,SHORT,15,09:45,2.0,2026-04-07 13:47:00+00:00,2026-04-07 13:48:00+00:00,2026-04-07 15:06:00+00:00,17,TP_2R,24303.25,24187.75,115.5,24184.25,23946.5,24303.25,119.0,238.0,350.0,1.4705882352941178,1,474.26,474.26,1
p0_st5_20_bearish_sr350_lr750_buf0_tg1030,NASDAQ_ORB_15m_p0_short_switch_tp2r_p0_st5_20_bearish_sr350_lr750_buf0_tg1030_2026-04-08,2026-04-08,1,SHORT,15,09:45,2.0,2026-04-08 13:52:00+00:00,2026-04-08 13:53:00+00:00,2026-04-08 19:00:00+00:00,22,TIME_EXIT,25251.75,25089.5,162.25,25085.25,24953.75,25251.75,166.5,333.0,350.0,1.0510510510510511,1,261.76,261.76,1
p0_st5_20_bearish_sr350_lr750_buf0_tg1030,NASDAQ_ORB_15m_p0_short_switch_tp2r_p0_st5_20_bearish_sr350_lr750_buf0_tg1030_2026-04-09,2026-04-09,1,SHORT,15,09:45,2.0,2026-04-09 14:30:00+00:00,2026-04-09 14:31:00+00:00,2026-04-09 15:34:00+00:00,60,SWITCH_TO_LONG,25112.75,25019.0,93.75,24981.5,25126.25,25112.75,131.25,262.5,350.0,1.3333333333333333,1,-290.74,-290.74,0
p0_st5_20_bearish_sr350_lr750_buf0_tg1030,NASDAQ_ORB_15m_p0_short_switch_tp2r_p0_st5_20_bearish_sr350_lr750_buf0_tg1030_2026-04-09,2026-04-09,2,LONG,15,09:45,2.0,2026-04-09 15:33:00+00:00,2026-04-09 15:34:00+00:00,2026-04-09 19:00:00+00:00,123,TIME_EXIT,25112.75,25019.0,93.75,25126.25,25179.5,25019.0,107.25,214.5,750.0,3.4965034965034967,3,105.26,315.78000000000003,1
p0_st5_20_bearish_sr350_lr750_buf0_tg1030,NASDAQ_ORB_15m_p0_short_switch_tp2r_p0_st5_20_bearish_sr350_lr750_buf0_tg1030_2026-04-10,2026-04-10,1,LONG,15,09:45,2.0,2026-04-10 15:16:00+00:00,2026-04-10 15:17:00+00:00,2026-04-10 19:00:00+00:00,106,TIME_EXIT,25372.0,25290.0,82.0,25379.5,25260.5,25290.0,89.5,179.0,500.0,2.793296089385475,2,-239.24,-478.48,0
p0_st5_20_bearish_sr350_lr750_buf0_tg1030,NASDAQ_ORB_15m_p0_short_switch_tp2r_p0_st5_20_bearish_sr350_lr750_buf0_tg1030_2026-04-13,2026-04-13,1,LONG,15,09:45,2.0,2026-04-13 13:50:00+00:00,2026-04-13 13:51:00+00:00,2026-04-13 19:00:00+00:00,20,TIME_EXIT,25239.25,25174.5,64.75,25271.5,25444.75,25174.5,97.0,194.0,500.0,2.577319587628866,2,345.26,690.52,1
p0_st5_20_bearish_sr350_lr750_buf0_tg1030,NASDAQ_ORB_15m_p0_short_switch_tp2r_p0_st5_20_bearish_sr350_lr750_buf0_tg1030_2026-04-14,2026-04-14,1,LONG,15,09:45,2.0,2026-04-14 13:46:00+00:00,2026-04-14 13:47:00+00:00,2026-04-14 17:43:00+00:00,16,TP_2R,25756.25,25655.75,100.5,25758.75,25964.5,25655.75,103.0,206.0,500.0,2.4271844660194173,2,410.26,820.52,1
p0_st5_20_bearish_sr350_lr750_buf0_tg1030,NASDAQ_ORB_15m_p0_short_switch_tp2r_p0_st5_20_bearish_sr350_lr750_buf0_tg1030_2026-04-15,2026-04-15,1,LONG,15,09:45,2.0,2026-04-15 13:58:00+00:00,2026-04-15 13:59:00+00:00,2026-04-15 16:09:00+00:00,28,TP_2R,26059.5,25982.75,76.75,26062.0,26220.25,25982.75,79.25,158.5,500.0,3.1545741324921135,3,315.26,945.78,1
p0_st5_20_bearish_sr350_lr750_buf0_tg1030,NASDAQ_ORB_15m_p0_short_switch_tp2r_p0_st5_20_bearish_sr350_lr750_buf0_tg1030_2026-04-16,2026-04-16,1,SHORT,15,09:45,2.0,2026-04-16 13:52:00+00:00,2026-04-16 13:53:00+00:00,2026-04-16 15:10:00+00:00,22,SWITCH_TO_LONG,26453.5,26345.5,108.0,26333.25,26454.25,26453.5,120.25,240.5,350.0,1.4553014553014554,1,-243.24,-243.24,0
p0_st5_20_bearish_sr350_lr750_buf0_tg1030,NASDAQ_ORB_15m_p0_short_switch_tp2r_p0_st5_20_bearish_sr350_lr750_buf0_tg1030_2026-04-16,2026-04-16,2,LONG,15,09:45,2.0,2026-04-16 15:09:00+00:00,2026-04-16 15:10:00+00:00,2026-04-16 19:00:00+00:00,99,TIME_EXIT,26453.5,26345.5,108.0,26454.25,26437.75,26345.5,108.75,217.5,750.0,3.4482758620689653,3,-34.24,-102.72,0
p0_st5_20_bearish_sr350_lr750_buf0_tg1030,NASDAQ_ORB_15m_p0_short_switch_tp2r_p0_st5_20_bearish_sr350_lr750_buf0_tg1030_2026-04-17,2026-04-17,1,LONG,15,09:45,2.0,2026-04-17 13:52:00+00:00,2026-04-17 13:53:00+00:00,2026-04-17 19:00:00+00:00,22,TIME_EXIT,26720.75,26629.5,91.25,26733.0,26784.5,26629.5,103.5,207.0,500.0,2.4154589371980677,2,101.76,203.52,1
p0_st5_20_bearish_sr350_lr750_buf0_tg1030,NASDAQ_ORB_15m_p0_short_switch_tp2r_p0_st5_20_bearish_sr350_lr750_buf0_tg1030_2026-04-21,2026-04-21,1,LONG,15,09:45,2.0,2026-04-21 14:00:00+00:00,2026-04-21 14:01:00+00:00,2026-04-21 19:00:00+00:00,30,TIME_EXIT,26838.0,26726.25,111.75,26838.75,26723.75,26726.25,112.5,225.0,500.0,2.2222222222222223,2,-231.24,-462.48,0
p0_st5_20_bearish_sr350_lr750_buf0_tg1030,NASDAQ_ORB_15m_p0_short_switch_tp2r_p0_st5_20_bearish_sr350_lr750_buf0_tg1030_2026-04-22,2026-04-22,1,LONG,15,09:45,2.0,2026-04-22 14:02:00+00:00,2026-04-22 14:03:00+00:00,2026-04-22 19:00:00+00:00,32,TIME_EXIT,26892.5,26813.0,79.5,26896.5,27013.75,26813.0,83.5,167.0,500.0,2.9940119760479043,2,233.26,466.52,1
p0_st5_20_bearish_sr350_lr750_buf0_tg1030,NASDAQ_ORB_15m_p0_short_switch_tp2r_p0_st5_20_bearish_sr350_lr750_buf0_tg1030_2026-04-23,2026-04-23,1,LONG,15,09:45,2.0,2026-04-23 13:47:00+00:00,2026-04-23 13:48:00+00:00,2026-04-23 19:00:00+00:00,17,TIME_EXIT,27067.75,26964.0,103.75,27074.5,26859.75,26964.0,110.5,221.0,500.0,2.262443438914027,2,-430.74,-861.48,0
p0_st5_20_bearish_sr350_lr750_buf0_tg1030,NASDAQ_ORB_15m_p0_short_switch_tp2r_p0_st5_20_bearish_sr350_lr750_buf0_tg1030_2026-04-24,2026-04-24,1,SHORT,15,09:45,2.0,2026-04-24 13:55:00+00:00,2026-04-24 13:56:00+00:00,2026-04-24 14:14:00+00:00,25,SWITCH_TO_LONG,27260.25,27177.0,83.25,27173.0,27262.25,27260.25,87.25,174.5,350.0,2.005730659025788,2,-179.74,-359.48,0
p0_st5_20_bearish_sr350_lr750_buf0_tg1030,NASDAQ_ORB_15m_p0_short_switch_tp2r_p0_st5_20_bearish_sr350_lr750_buf0_tg1030_2026-04-24,2026-04-24,2,LONG,15,09:45,2.0,2026-04-24 14:13:00+00:00,2026-04-24 14:14:00+00:00,2026-04-24 17:55:00+00:00,43,TP_2R,27260.25,27177.0,83.25,27262.25,27432.5,27177.0,85.25,170.5,750.0,4.39882697947214,4,339.26,1357.04,1
p0_st5_20_bearish_sr350_lr750_buf0_tg1030,NASDAQ_ORB_15m_p0_short_switch_tp2r_p0_st5_20_bearish_sr350_lr750_buf0_tg1030_2026-04-27,2026-04-27,1,SHORT,15,09:45,2.0,2026-04-27 13:48:00+00:00,2026-04-27 13:49:00+00:00,2026-04-27 17:35:00+00:00,18,SWITCH_TO_LONG,27429.75,27354.25,75.5,27346.0,27435.25,27429.75,83.75,167.5,350.0,2.08955223880597,2,-179.74,-359.48,0
p0_st5_20_bearish_sr350_lr750_buf0_tg1030,NASDAQ_ORB_15m_p0_short_switch_tp2r_p0_st5_20_bearish_sr350_lr750_buf0_tg1030_2026-04-27,2026-04-27,2,LONG,15,09:45,2.0,2026-04-27 17:34:00+00:00,2026-04-27 17:35:00+00:00,2026-04-27 19:00:00+00:00,244,TIME_EXIT,27429.75,27354.25,75.5,27435.25,27399.25,27354.25,81.0,162.0,750.0,4.62962962962963,4,-73.24,-292.96,0
p0_st5_20_bearish_sr350_lr750_buf0_tg1030,NASDAQ_ORB_15m_p0_short_switch_tp2r_p0_st5_20_bearish_sr350_lr750_buf0_tg1030_2026-04-28,2026-04-28,1,LONG,15,09:45,2.0,2026-04-28 13:49:00+00:00,2026-04-28 13:50:00+00:00,2026-04-28 19:00:00+00:00,19,TIME_EXIT,27240.0,27069.25,170.75,27247.0,27194.25,27069.25,177.75,355.5,500.0,1.4064697609001406,1,-106.74,-106.74,0
p0_st5_20_bearish_sr350_lr750_buf0_tg1030,NASDAQ_ORB_15m_p0_short_switch_tp2r_p0_st5_20_bearish_sr350_lr750_buf0_tg1030_2026-04-29,2026-04-29,1,LONG,15,09:45,2.0,2026-04-29 13:55:00+00:00,2026-04-29 13:56:00+00:00,2026-04-29 19:00:00+00:00,25,TIME_EXIT,27218.5,27124.25,94.25,27226.0,27295.5,27124.25,101.75,203.5,500.0,2.457002457002457,2,137.76,275.52,1
p0_st5_20_bearish_sr350_lr750_buf0_tg1030,NASDAQ_ORB_15m_p0_short_switch_tp2r_p0_st5_20_bearish_sr350_lr750_buf0_tg1030_2026-05-01,2026-05-01,1,LONG,15,09:45,2.0,2026-05-01 13:51:00+00:00,2026-05-01 13:52:00+00:00,2026-05-01 19:00:00+00:00,21,TIME_EXIT,27795.0,27615.0,180.0,27808.75,27822.25,27615.0,193.75,387.5,500.0,1.2903225806451613,1,25.76,25.76,1
p0_st5_20_bearish_sr350_lr750_buf0_tg1030,NASDAQ_ORB_15m_p0_short_switch_tp2r_p0_st5_20_bearish_sr350_lr750_buf0_tg1030_2026-05-04,2026-05-04,1,LONG,15,09:45,2.0,2026-05-04 14:00:00+00:00,2026-05-04 14:01:00+00:00,2026-05-04 19:00:00+00:00,30,TIME_EXIT,27887.5,27808.25,79.25,27896.0,27758.75,27808.25,87.75,175.5,500.0,2.849002849002849,2,-275.74,-551.48,0
p0_st5_20_bearish_sr350_lr750_buf0_tg1030,NASDAQ_ORB_15m_p0_short_switch_tp2r_p0_st5_20_bearish_sr350_lr750_buf0_tg1030_2026-05-05,2026-05-05,1,LONG,15,09:45,2.0,2026-05-05 13:46:00+00:00,2026-05-05 13:47:00+00:00,2026-05-05 19:00:00+00:00,16,TIME_EXIT,28083.75,27970.5,113.25,28095.5,28168.25,27970.5,125.0,250.0,500.0,2.0,2,144.26,288.52,1
p0_st5_20_bearish_sr350_lr750_buf0_tg1030,NASDAQ_ORB_15m_p0_short_switch_tp2r_p0_st5_20_bearish_sr350_lr750_buf0_tg1030_2026-05-06,2026-05-06,1,LONG,15,09:45,2.0,2026-05-06 13:55:00+00:00,2026-05-06 13:56:00+00:00,2026-05-06 19:00:00+00:00,25,TIME_EXIT,28482.75,28336.5,146.25,28495.25,28639.75,28336.5,158.75,317.5,500.0,1.5748031496062993,1,287.76,287.76,1
p0_st5_20_bearish_sr350_lr750_buf0_tg1030,NASDAQ_ORB_15m_p0_short_switch_tp2r_p0_st5_20_bearish_sr350_lr750_buf0_tg1030_2026-05-07,2026-05-07,1,SHORT,15,09:45,2.0,2026-05-07 13:46:00+00:00,2026-05-07 13:47:00+00:00,2026-05-07 13:56:00+00:00,16,SWITCH_TO_LONG,28782.5,28722.0,60.5,28712.0,28787.75,28782.5,70.5,141.0,350.0,2.482269503546099,2,-152.74,-305.48,0
p0_st5_20_bearish_sr350_lr750_buf0_tg1030,NASDAQ_ORB_15m_p0_short_switch_tp2r_p0_st5_20_bearish_sr350_lr750_buf0_tg1030_2026-05-07,2026-05-07,2,LONG,15,09:45,2.0,2026-05-07 13:55:00+00:00,2026-05-07 13:56:00+00:00,2026-05-07 14:55:00+00:00,25,TP_2R,28782.5,28722.0,60.5,28787.75,28919.0,28722.0,65.75,131.5,750.0,5.7034220532319395,5,261.26,1306.3,1
p0_st5_20_bearish_sr350_lr750_buf0_tg1030,NASDAQ_ORB_15m_p0_short_switch_tp2r_p0_st5_20_bearish_sr350_lr750_buf0_tg1030_2026-05-08,2026-05-08,1,LONG,15,09:45,2.0,2026-05-08 13:46:00+00:00,2026-05-08 13:47:00+00:00,2026-05-08 19:00:00+00:00,16,TIME_EXIT,28998.25,28863.5,134.75,29041.25,29240.25,28863.5,177.75,355.5,500.0,1.4064697609001406,1,396.76,396.76,1
p0_st5_20_bearish_sr350_lr750_buf0_tg1030,NASDAQ_ORB_15m_p0_short_switch_tp2r_p0_st5_20_bearish_sr350_lr750_buf0_tg1030_2026-05-11,2026-05-11,1,LONG,15,09:45,2.0,2026-05-11 15:44:00+00:00,2026-05-11 15:45:00+00:00,2026-05-11 19:00:00+00:00,134,TIME_EXIT,29437.25,29280.25,157.0,29438.25,29387.75,29280.25,158.0,316.0,500.0,1.5822784810126582,1,-102.24,-102.24,0
p0_st5_20_bearish_sr350_lr750_buf0_tg1030,NASDAQ_ORB_15m_p0_short_switch_tp2r_p0_st5_20_bearish_sr350_lr750_buf0_tg1030_2026-05-12,2026-05-12,1,SHORT,15,09:45,2.0,2026-05-12 14:05:00+00:00,2026-05-12 14:06:00+00:00,2026-05-12 16:49:00+00:00,35,TP_2R,29285.75,29143.75,142.0,29110.75,28761.0,29285.75,175.0,350.0,350.0,1.0,1,698.26,698.26,1
p0_st5_20_bearish_sr350_lr750_buf0_tg1030,NASDAQ_ORB_15m_p0_short_switch_tp2r_p0_st5_20_bearish_sr350_lr750_buf0_tg1030_2026-05-13,2026-05-13,1,SHORT,15,09:45,2.0,2026-05-13 13:46:00+00:00,2026-05-13 13:47:00+00:00,2026-05-13 14:54:00+00:00,16,SWITCH_TO_LONG,29289.25,29180.25,109.0,29168.25,29291.25,29289.25,121.0,242.0,350.0,1.4462809917355373,1,-247.24,-247.24,0
p0_st5_20_bearish_sr350_lr750_buf0_tg1030,NASDAQ_ORB_15m_p0_short_switch_tp2r_p0_st5_20_bearish_sr350_lr750_buf0_tg1030_2026-05-13,2026-05-13,2,LONG,15,09:45,2.0,2026-05-13 14:53:00+00:00,2026-05-13 14:54:00+00:00,2026-05-13 18:14:00+00:00,83,TP_2R,29289.25,29180.25,109.0,29291.25,29513.0,29180.25,111.0,222.0,750.0,3.3783783783783785,3,442.26,1326.78,1
p0_st5_20_bearish_sr350_lr750_buf0_tg1030,NASDAQ_ORB_15m_p0_short_switch_tp2r_p0_st5_20_bearish_sr350_lr750_buf0_tg1030_2026-05-14,2026-05-14,1,LONG,15,09:45,2.0,2026-05-14 13:46:00+00:00,2026-05-14 13:47:00+00:00,2026-05-14 19:00:00+00:00,16,TIME_EXIT,29629.75,29454.0,175.75,29658.75,29708.5,29454.0,204.75,409.5,500.0,1.221001221001221,1,98.26,98.26,1
p0_st5_20_bearish_sr350_lr750_buf0_tg1030,NASDAQ_ORB_15m_p0_short_switch_tp2r_p0_st5_20_bearish_sr350_lr750_buf0_tg1030_2026-05-15,2026-05-15,1,SHORT,15,09:45,2.0,2026-05-15 13:46:00+00:00,2026-05-15 13:47:00+00:00,2026-05-15 14:16:00+00:00,16,SWITCH_TO_LONG,29291.75,29150.25,141.5,29133.5,29301.5,29291.75,158.25,316.5,350.0,1.1058451816745656,1,-337.24,-337.24,0
p0_st5_20_bearish_sr350_lr750_buf0_tg1030,NASDAQ_ORB_15m_p0_short_switch_tp2r_p0_st5_20_bearish_sr350_lr750_buf0_tg1030_2026-05-15,2026-05-15,2,LONG,15,09:45,2.0,2026-05-15 14:15:00+00:00,2026-05-15 14:16:00+00:00,2026-05-15 19:00:00+00:00,45,TIME_EXIT,29291.75,29150.25,141.5,29301.5,29389.75,29150.25,151.25,302.5,750.0,2.479338842975207,2,175.26,350.52,1
p0_st5_20_bearish_sr350_lr750_buf0_tg1030,NASDAQ_ORB_15m_p0_short_switch_tp2r_p0_st5_20_bearish_sr350_lr750_buf0_tg1030_2026-05-20,2026-05-20,1,LONG,15,09:45,2.0,2026-05-20 13:47:00+00:00,2026-05-20 13:48:00+00:00,2026-05-20 19:00:00+00:00,17,TIME_EXIT,29154.75,29022.75,132.0,29194.0,29301.0,29022.75,171.25,342.5,500.0,1.4598540145985401,1,212.76,212.76,1
p0_st5_20_bearish_sr350_lr750_buf0_tg1030,NASDAQ_ORB_15m_p0_short_switch_tp2r_p0_st5_20_bearish_sr350_lr750_buf0_tg1030_2026-05-21,2026-05-21,1,LONG,15,09:45,2.0,2026-05-21 13:55:00+00:00,2026-05-21 13:56:00+00:00,2026-05-21 17:55:00+00:00,25,TP_2R,29268.5,29172.25,96.25,29295.0,29540.25,29172.25,122.75,245.5,500.0,2.0366598778004072,2,489.26,978.52,1
p0_st5_20_bearish_sr350_lr750_buf0_tg1030,NASDAQ_ORB_15m_p0_short_switch_tp2r_p0_st5_20_bearish_sr350_lr750_buf0_tg1030_2026-05-26,2026-05-26,1,LONG,15,09:45,2.0,2026-05-26 13:46:00+00:00,2026-05-26 13:47:00+00:00,2026-05-26 19:00:00+00:00,16,TIME_EXIT,29939.0,29826.5,112.5,29962.75,30013.75,29826.5,136.25,272.5,500.0,1.834862385321101,1,100.76,100.76,1
