variant_id,label,short_filter,short_risk_usd,switch_long_risk_usd,switch_buffer_mode,short_entry_until,trades,win_rate,pnl_usd,max_dd_usd,return_dd,profit_factor,avg_trade_usd,long_first_trades,short_first_trades,switch_count,long_pnl_usd,short_pnl_usd,switch_long_pnl_usd,gross_profit_usd,gross_loss_usd,legs,leg_short_pnl_usd,leg_switch_long_pnl_usd,jan_may_2026_trades,jan_may_2026_pnl_usd,jan_may_2026_max_dd_usd,jan_may_2026_win_rate,march_2026_trades,march_2026_pnl_usd,march_2026_max_dd_usd,march_2026_win_rate,last_5d_trades,last_5d_pnl_usd,last_5d_max_dd_usd,last_10d_trades,last_10d_pnl_usd,last_10d_max_dd_usd,last_20d_trades,last_20d_pnl_usd,last_20d_max_dd_usd,last_30d_trades,last_30d_pnl_usd,last_30d_max_dd_usd,last_50d_trades,last_50d_pnl_usd,last_50d_max_dd_usd,last_100d_trades,last_100d_pnl_usd,last_100d_max_dd_usd,last_200d_trades,last_200d_pnl_usd,last_200d_max_dd_usd,short_filter_evaluations,short_filter_rejections,short_time_guard_rejections,short_filter_lookahead_violations,short_filter_max_lag_minutes,pnl_usd_delta_vs_baseline,max_dd_usd_delta_vs_baseline,march_2026_pnl_usd_delta_vs_baseline,march_2026_max_dd_usd_delta_vs_baseline,last_5d_pnl_delta_vs_baseline,last_5d_dd_delta_vs_baseline,last_10d_pnl_delta_vs_baseline,last_10d_dd_delta_vs_baseline,last_20d_pnl_delta_vs_baseline,last_20d_dd_delta_vs_baseline,last_30d_pnl_delta_vs_baseline,last_30d_dd_delta_vs_baseline,last_50d_pnl_delta_vs_baseline,last_50d_dd_delta_vs_baseline,last_100d_pnl_delta_vs_baseline,last_100d_dd_delta_vs_baseline,last_200d_pnl_delta_vs_baseline,last_200d_dd_delta_vs_baseline,p0_recent_score,beats_baseline_30d_pnl,beats_baseline_30d_dd,improves_march_pnl
long_only_no_st,"Long only, no ST",baseline,0.0,0.0,baseline,baseline,1296,0.5648148148148148,33091.07999999999,-12124.439999999999,2.7292872907944608,1.1175208199325852,25.53324074074073,1296,0,0,0.0,0.0,0.0,314667.4,-281576.32,0,0.0,0.0,72,6096.359999999999,-4085.0999999999985,0.5972222222222222,15,-2633.0599999999995,-4085.0999999999995,0.4,1,100.76,0.0,5,895.06,-222.24,10,2347.62,-222.24,18,3460.0,-551.48,30,5385.26,-861.48,54,4035.0599999999995,-4085.1,94,5385.480000000003,-4561.46,0,0,0,0,,0.0,0.0,0.0,0.0,0.0,0.0,0.0,0.0,0.0,0.0,0.0,0.0,0.0,0.0,0.0,0.0,0.0,0.0,2908.52,False,False,False
p0_none_sr250_lr500_buf0_tgnone,"P0 none, short $250, switch long $500, buffer 0, guard none",none,250.0,500.0,0,none,1615,0.5708978328173374,33723.73999999998,-10801.799999999996,3.122048177155659,1.1058881938400629,20.881572755417945,905,710,319,31368.83999999998,2354.899999999996,7458.299999999997,352208.16,-318484.42,1934,2354.899999999994,7458.299999999997,71,6023.219999999999,-4106.34,0.6338028169014085,14,-2875.0599999999995,-4106.339999999999,0.42857142857142855,1,100.76,0.0,3,1292.04,0.0,6,2424.34,0.0,13,3274.72,-551.48,26,3985.2999999999997,-1226.0000000000002,50,3370.3599999999997,-4106.34,95,4700.139999999999,-4561.46,869,0,0,0,,632.6599999999962,1322.640000000003,-242.0,-21.23999999999978,0.0,0.0,396.98,222.24,76.72000000000025,222.24,-185.2800000000002,0.0,-1399.9600000000005,-364.5200000000002,-664.6999999999998,-21.240000000000236,-685.3400000000038,0.0,2726.0059999999994,False,False,False
p0_none_sr250_lr500_buf0_tg1030,"P0 none, short $250, switch long $500, buffer 0, guard 10:30",none,250.0,500.0,0,10:30,1587,0.5721487082545683,34525.099999999984,-10517.099999999999,3.2827585551150023,1.108984350239869,21.754946439823556,917,670,308,31266.599999999984,3258.4999999999936,5311.7599999999975,351314.62,-316789.52,1895,3258.4999999999945,5311.759999999998,71,5821.219999999999,-4106.34,0.6197183098591549,14,-2875.0599999999995,-4106.339999999999,0.42857142857142855,1,100.76,0.0,3,1292.04,0.0,7,2322.1000000000004,-102.24000000000001,14,3172.48,-551.48,27,3883.06,-1226.0000000000002,51,3268.1199999999994,-4106.34,95,4498.139999999999,-4561.46,819,0,264,0,,1434.0199999999968,1607.3400000000001,-242.0,-21.23999999999978,0.0,0.0,396.98,222.24,-25.519999999999527,120.0,-287.52,0.0,-1502.2000000000003,-364.5200000000002,-766.94,-21.240000000000236,-887.3400000000038,0.0,2703.9019999999996,False,False,False
p0_none_sr250_lr500_buf0_tg1100,"P0 none, short $250, switch long $500, buffer 0, guard 11:00",none,250.0,500.0,0,11:00,1605,0.5713395638629284,34890.73999999999,-10517.099999999999,3.317524792956233,1.109801555756545,21.73877881619937,910,695,314,31368.839999999982,3521.8999999999955,6768.659999999998,352652.54000000004,-317761.79999999993,1919,3521.8999999999946,6768.659999999998,71,6023.219999999999,-4106.34,0.6338028169014085,14,-2875.0599999999995,-4106.339999999999,0.42857142857142855,1,100.76,0.0,3,1292.04,0.0,6,2424.34,0.0,13,3274.72,-551.48,26,3985.2999999999997,-1226.0000000000002,50,3370.3599999999997,-4106.34,95,4700.139999999999,-4561.46,852,0,37,0,,1799.6600000000035,1607.3400000000001,-242.0,-21.23999999999978,0.0,0.0,396.98,222.24,76.72000000000025,222.24,-185.2800000000002,0.0,-1399.9600000000005,-364.5200000000002,-664.6999999999998,-21.240000000000236,-685.3400000000038,0.0,2842.706,False,False,False
p0_none_sr250_lr500_buf2ticks_tgnone,"P0 none, short $250, switch long $500, buffer 2ticks, guard none",none,250.0,500.0,2ticks,none,1615,0.5684210526315789,31339.219999999987,-11455.379999999997,2.735764330820976,1.098084248642185,19.405089783281724,905,710,318,29559.31999999998,1779.8999999999958,5648.779999999999,350852.50000000006,-319513.28,1933,1779.8999999999946,5648.779999999999,71,5957.219999999999,-4106.34,0.6338028169014085,14,-2875.0599999999995,-4106.339999999999,0.42857142857142855,1,100.76,0.0,3,1292.04,0.0,6,2424.34,0.0,13,3274.72,-551.48,26,3919.2999999999997,-1292.0000000000002,50,3304.3599999999997,-4106.34,95,4634.139999999999,-4561.46,869,0,0,0,,-1751.8600000000006,669.0600000000013,-242.0,-21.23999999999978,0.0,0.0,396.98,222.24,76.72000000000025,222.24,-185.2800000000002,0.0,-1465.9600000000005,-430.5200000000002,-730.6999999999998,-21.240000000000236,-751.3400000000038,0.0,2487.5539999999996,False,False,False
p0_none_sr250_lr500_buf2ticks_tg1030,"P0 none, short $250, switch long $500, buffer 2ticks, guard 10:30",none,250.0,500.0,2ticks,10:30,1587,0.569628229363579,32165.339999999986,-11170.679999999997,2.8794433284276333,1.1012145555345008,20.268015122873337,917,670,307,29476.839999999982,2688.4999999999945,3521.9999999999973,349958.96,-317793.62,1894,2688.4999999999945,3522.000000000002,71,5755.219999999999,-4106.34,0.6197183098591549,14,-2875.0599999999995,-4106.339999999999,0.42857142857142855,1,100.76,0.0,3,1292.04,0.0,7,2322.1000000000004,-102.24000000000001,14,3172.48,-551.48,27,3817.06,-1292.0000000000002,51,3202.1199999999994,-4106.34,95,4432.139999999999,-4561.46,819,0,264,0,,-925.7400000000016,953.760000000002,-242.0,-21.23999999999978,0.0,0.0,396.98,222.24,-25.519999999999527,120.0,-287.52,0.0,-1568.2000000000003,-430.5200000000002,-832.94,-21.240000000000236,-953.3400000000038,0.0,2467.926,False,False,False
p0_none_sr250_lr500_buf2ticks_tg1100,"P0 none, short $250, switch long $500, buffer 2ticks, guard 11:00",none,250.0,500.0,2ticks,11:00,1605,0.5688473520249221,32506.219999999987,-11170.679999999997,2.909958928194165,1.1019672910115998,20.253096573208715,910,695,313,29559.319999999985,2946.8999999999955,4959.139999999997,351296.88,-318790.66000000003,1918,2946.899999999995,4959.139999999998,71,5957.219999999999,-4106.34,0.6338028169014085,14,-2875.0599999999995,-4106.339999999999,0.42857142857142855,1,100.76,0.0,3,1292.04,0.0,6,2424.34,0.0,13,3274.72,-551.48,26,3919.2999999999997,-1292.0000000000002,50,3304.3599999999997,-4106.34,95,4634.139999999999,-4561.46,852,0,37,0,,-584.8600000000006,953.760000000002,-242.0,-21.23999999999978,0.0,0.0,396.98,222.24,76.72000000000025,222.24,-185.2800000000002,0.0,-1465.9600000000005,-430.5200000000002,-730.6999999999998,-21.240000000000236,-751.3400000000038,0.0,2604.254,False,False,False
p0_none_sr250_lr500_buf0_25r_tgnone,"P0 none, short $250, switch long $500, buffer 0.25r, guard none",none,250.0,500.0,0.25r,none,1615,0.5585139318885449,31699.899999999987,-12043.119999999992,2.6321999614717786,1.1046871179486069,19.62842105263157,905,710,250,27734.999999999985,3964.899999999995,3824.4599999999987,334506.02,-302806.12,1865,3964.8999999999933,3824.4599999999978,71,4550.359999999999,-4106.34,0.6197183098591549,14,-2875.0599999999995,-4106.339999999999,0.42857142857142855,1,100.76,0.0,3,1292.04,0.0,6,1734.08,-52.98000000000002,13,1095.6999999999998,-857.72,26,2404.22,-1561.9800000000002,50,1789.2799999999993,-4106.34,95,2860.0199999999986,-4561.46,869,0,0,0,,-1391.1800000000003,81.32000000000698,-242.0,-21.23999999999978,0.0,0.0,396.98,222.24,-613.54,169.26,-2364.3,-306.24,-2981.0400000000004,-700.5000000000002,-2245.78,-21.240000000000236,-2525.4600000000046,0.0,38.36199999999977,False,False,False
p0_none_sr250_lr500_buf0_25r_tg1030,"P0 none, short $250, switch long $500, buffer 0.25r, guard 10:30",none,250.0,500.0,0.25r,10:30,1587,0.5608065532451165,32303.599999999988,-13000.259999999987,2.4848426108400923,1.1071386095064406,20.355135475740383,917,670,241,27515.099999999988,4788.499999999994,1560.2599999999975,333815.82,-301512.22,1828,4788.499999999995,1560.2599999999998,71,4348.359999999999,-4106.34,0.6056338028169014,14,-2875.0599999999995,-4106.339999999999,0.42857142857142855,1,100.76,0.0,3,1292.04,0.0,7,1631.84,-155.22000000000003,14,993.4599999999998,-857.72,27,2301.9799999999996,-1561.9800000000002,51,1687.0399999999993,-4106.34,95,2658.0200000000004,-4561.46,819,0,264,0,,-787.4799999999996,-875.8199999999888,-242.0,-21.23999999999978,0.0,0.0,396.98,222.24,-715.78,67.01999999999998,-2466.54,-306.24,-3083.2800000000007,-700.5000000000002,-2348.0200000000004,-21.240000000000236,-2727.4600000000028,0.0,-3.5080000000001803,False,False,False
p0_none_sr250_lr500_buf0_25r_tg1100,"P0 none, short $250, switch long $500, buffer 0.25r, guard 11:00",none,250.0,500.0,0.25r,11:00,1605,0.5595015576323987,32069.219999999983,-12786.979999999989,2.507958876920118,1.105858490658215,19.98082242990653,910,695,247,27234.31999999999,4834.899999999993,2634.1399999999967,335013.46,-302944.24,1852,4834.899999999994,2634.139999999999,71,4550.359999999999,-4106.34,0.6197183098591549,14,-2875.0599999999995,-4106.339999999999,0.42857142857142855,1,100.76,0.0,3,1292.04,0.0,6,1734.08,-52.98000000000002,13,1095.6999999999998,-857.72,26,2404.22,-1561.9800000000002,50,1789.2799999999993,-4106.34,95,2860.0199999999986,-4561.46,852,0,37,0,,-1021.8600000000042,-662.53999999999,-242.0,-21.23999999999978,0.0,0.0,396.98,222.24,-613.54,169.26,-2364.3,-306.24,-2981.0400000000004,-700.5000000000002,-2245.78,-21.240000000000236,-2525.4600000000046,0.0,75.29399999999936,False,False,False
p0_none_sr250_lr750_buf0_tgnone,"P0 none, short $250, switch long $750, buffer 0, guard none",none,250.0,750.0,0,none,1615,0.5882352941176471,34202.57999999999,-13437.319999999998,2.545342374818788,1.0969489573330913,21.1780681114551,905,710,319,31847.679999999986,2354.899999999996,7937.139999999996,386992.14,-352789.56,1934,2354.899999999994,7937.139999999996,71,7358.379999999999,-4539.08,0.647887323943662,14,-3307.7999999999997,-4539.08,0.42857142857142855,1,100.76,0.0,3,1292.04,0.0,6,2866.6000000000004,0.0,13,4239.5,-551.48,26,5493.16,-1142.7,50,4445.48,-4539.08,95,6393.84,-4561.46,869,0,0,0,,1111.5,-1312.8799999999992,-674.7400000000002,-453.9800000000005,0.0,0.0,396.98,222.24,518.9800000000005,222.24,779.5,0.0,107.89999999999964,-281.22,410.4200000000001,-453.98,1008.359999999997,0.0,3630.485,True,False,False
p0_none_sr250_lr750_buf0_tg1030,"P0 none, short $250, switch long $750, buffer 0, guard 10:30",none,250.0,750.0,0,10:30,1587,0.5891619407687461,33744.01999999999,-12619.399999999998,2.673979745471258,1.0962418470848472,21.262772526780083,917,670,308,30485.519999999982,3258.4999999999936,4530.679999999998,384360.94,-350616.9199999999,1895,3258.4999999999945,4530.679999999996,71,7156.380000000001,-4539.08,0.6338028169014085,14,-3307.7999999999997,-4539.08,0.42857142857142855,1,100.76,0.0,3,1292.04,0.0,7,2764.36,-102.24000000000001,14,4137.26,-551.48,27,5390.92,-1142.7,51,4343.24,-4539.08,95,6191.840000000002,-4561.46,819,0,264,0,,652.9400000000023,-494.9599999999991,-674.7400000000002,-453.9800000000005,0.0,0.0,396.98,222.24,416.74000000000024,120.0,677.2600000000002,0.0,5.6599999999998545,-281.22,308.1800000000003,-453.98,806.3599999999988,0.0,3482.3890000000006,True,False,False
p0_none_sr250_lr750_buf0_tg1100,"P0 none, short $250, switch long $750, buffer 0, guard 11:00",none,250.0,750.0,0,11:00,1605,0.5887850467289719,35202.499999999985,-12619.399999999998,2.7895541784870908,1.1001383973669114,21.933021806853574,910,695,314,31680.599999999984,3521.8999999999955,7080.419999999997,386740.98000000004,-351538.48,1919,3521.8999999999946,7080.4199999999955,71,7358.379999999999,-4539.08,0.647887323943662,14,-3307.7999999999997,-4539.08,0.42857142857142855,1,100.76,0.0,3,1292.04,0.0,6,2866.6000000000004,0.0,13,4239.5,-551.48,26,5493.16,-1142.7,50,4445.48,-4539.08,95,6393.84,-4561.46,852,0,37,0,,2111.4199999999983,-494.9599999999991,-674.7400000000002,-453.9800000000005,0.0,0.0,396.98,222.24,518.9800000000005,222.24,779.5,0.0,107.89999999999964,-281.22,410.4200000000001,-453.98,1008.359999999997,0.0,3730.477,True,False,False
p0_none_sr250_lr750_buf2ticks_tgnone,"P0 none, short $250, switch long $750, buffer 2ticks, guard none",none,250.0,750.0,2ticks,none,1615,0.5869969040247678,31146.019999999986,-14099.539999999994,2.2090096556341554,1.0880863126526437,19.28546130030959,905,710,318,29366.119999999984,1779.8999999999958,5455.579999999996,384731.26,-353585.24,1933,1779.8999999999946,5455.58,71,7270.379999999999,-4539.08,0.647887323943662,14,-3307.7999999999997,-4539.08,0.42857142857142855,1,100.76,0.0,3,1292.04,0.0,6,2866.6000000000004,0.0,13,4239.5,-551.48,26,5405.16,-1142.7,50,4357.48,-4539.08,95,6305.84,-4561.46,869,0,0,0,,-1945.0600000000013,-1975.099999999995,-674.7400000000002,-453.9800000000005,0.0,0.0,396.98,222.24,518.9800000000005,222.24,779.5,0.0,19.899999999999636,-281.22,322.4200000000001,-453.98,920.359999999997,0.0,3324.8289999999997,True,False,False
p0_none_sr250_lr750_buf2ticks_tg1030,"P0 none, short $250, switch long $750, buffer 2ticks, guard 10:30",none,250.0,750.0,2ticks,10:30,1587,0.5879017013232514,30710.459999999992,-13603.43999999998,2.2575510312097555,1.0873951899500738,19.351266540642715,917,670,307,28021.95999999999,2688.4999999999945,2067.119999999997,382108.06,-351397.6,1894,2688.4999999999945,2067.1199999999953,71,7068.380000000001,-4539.08,0.6338028169014085,14,-3307.7999999999997,-4539.08,0.42857142857142855,1,100.76,0.0,3,1292.04,0.0,7,2764.36,-102.24000000000001,14,4137.26,-551.48,27,5302.92,-1142.7,51,4255.24,-4539.08,95,6103.840000000002,-4561.46,819,0,264,0,,-2380.6199999999953,-1478.9999999999818,-674.7400000000002,-453.9800000000005,0.0,0.0,396.98,222.24,416.74000000000024,120.0,677.2600000000002,0.0,-82.34000000000015,-281.22,220.1800000000003,-453.98,718.3599999999988,0.0,3179.033000000001,True,False,False
p0_none_sr250_lr750_buf2ticks_tg1100,"P0 none, short $250, switch long $750, buffer 2ticks, guard 11:00",none,250.0,750.0,2ticks,11:00,1605,0.5875389408099688,32145.93999999999,-13211.199999999993,2.433233922732228,1.0912370801627638,20.028623052959496,910,695,313,29199.039999999986,2946.8999999999955,4598.859999999998,384480.10000000003,-352334.16000000003,1918,2946.899999999995,4598.859999999993,71,7270.379999999999,-4539.08,0.647887323943662,14,-3307.7999999999997,-4539.08,0.42857142857142855,1,100.76,0.0,3,1292.04,0.0,6,2866.6000000000004,0.0,13,4239.5,-551.48,26,5405.16,-1142.7,50,4357.48,-4539.08,95,6305.84,-4561.46,852,0,37,0,,-945.1399999999958,-1086.7599999999948,-674.7400000000002,-453.9800000000005,0.0,0.0,396.98,222.24,518.9800000000005,222.24,779.5,0.0,19.899999999999636,-281.22,322.4200000000001,-453.98,920.359999999997,0.0,3424.8210000000004,True,False,False
p0_none_sr250_lr750_buf0_25r_tgnone,"P0 none, short $250, switch long $750, buffer 0.25r, guard none",none,250.0,750.0,0.25r,none,1615,0.5727554179566563,32776.69999999998,-14392.239999999987,2.2773869807618556,1.1015253567916243,20.29517027863776,905,710,250,28811.799999999985,3964.899999999995,4901.259999999998,355619.2,-322842.5,1865,3964.8999999999933,4901.259999999999,71,4629.959999999999,-4539.08,0.647887323943662,14,-3307.7999999999997,-4539.08,0.42857142857142855,1,100.76,0.0,3,1292.04,0.0,6,2011.34,0.0,13,711.4799999999998,-1519.2,26,2592.04,-2080.9399999999996,50,1544.3599999999992,-4539.08,95,3145.6599999999994,-4561.46,869,0,0,0,,-314.38000000000466,-2267.7999999999884,-674.7400000000002,-453.9800000000005,0.0,0.0,396.98,222.24,-336.28,222.24,-2748.5200000000004,-967.72,-2793.2200000000003,-1219.4599999999996,-2490.7000000000003,-453.98,-2239.820000000004,0.0,-1007.8430000000008,False,False,False
p0_none_sr250_lr750_buf0_25r_tg1030,"P0 none, short $250, switch long $750, buffer 0.25r, guard 10:30",none,250.0,750.0,0.25r,10:30,1587,0.573408947700063,32042.279999999995,-15349.379999999986,2.0875292682831503,1.0996256530861237,20.19047258979206,917,670,241,27253.779999999988,4788.499999999994,1298.9399999999969,353669.08,-321626.79999999993,1828,4788.499999999995,1298.9400000000014,71,4427.959999999999,-4539.08,0.6338028169014085,14,-3307.7999999999997,-4539.08,0.42857142857142855,1,100.76,0.0,3,1292.04,0.0,7,1909.1,-102.24000000000001,14,609.2399999999998,-1519.2,27,2489.7999999999997,-2080.9399999999996,51,1442.1199999999992,-4539.08,95,2943.66,-4561.46,819,0,264,0,,-1048.799999999992,-3224.939999999988,-674.7400000000002,-453.9800000000005,0.0,0.0,396.98,222.24,-438.52,120.0,-2850.76,-967.72,-2895.4600000000005,-1219.4599999999996,-2592.9400000000005,-453.98,-2441.8200000000033,0.0,-1183.5249999999996,False,False,False
p0_none_sr250_lr750_buf0_25r_tg1100,"P0 none, short $250, switch long $750, buffer 0.25r, guard 11:00",none,250.0,750.0,0.25r,11:00,1605,0.5725856697819315,32529.97999999999,-15136.099999999984,2.149165240715906,1.1007039685374975,20.26790031152647,910,695,247,27695.079999999984,4834.899999999993,3094.899999999998,355555.78,-323025.80000000005,1852,4834.899999999994,3094.9000000000024,71,4629.959999999999,-4539.08,0.647887323943662,14,-3307.7999999999997,-4539.08,0.42857142857142855,1,100.76,0.0,3,1292.04,0.0,6,2011.34,0.0,13,711.4799999999998,-1519.2,26,2592.04,-2080.9399999999996,50,1544.3599999999992,-4539.08,95,3145.6599999999994,-4561.46,852,0,37,0,,-561.0999999999985,-3011.6599999999853,-674.7400000000002,-453.9800000000005,0.0,0.0,396.98,222.24,-336.28,222.24,-2748.5200000000004,-967.72,-2793.2200000000003,-1219.4599999999996,-2490.7000000000003,-453.98,-2239.820000000004,0.0,-1032.515,False,False,False
p0_none_sr350_lr500_buf0_tgnone,"P0 none, short $350, switch long $500, buffer 0, guard none",none,350.0,500.0,0,none,1723,0.562971561230412,35053.43999999998,-10777.419999999998,3.252489000150313,1.0981556885986095,20.344422518862437,905,818,363,33205.05999999998,1848.3799999999924,9294.519999999995,392174.26,-357120.81999999995,2086,1848.3799999999917,9294.519999999997,87,6801.780000000001,-4411.779999999999,0.632183908045977,20,-2454.9599999999996,-4411.78,0.45,1,100.76,0.0,3,1292.04,0.0,8,2868.62,-161.98000000000002,15,3566.2599999999998,-551.48,29,3790.64,-1585.4800000000002,60,3946.059999999999,-4411.780000000001,114,5225.26,-4561.46,869,0,0,0,,1962.3599999999933,1347.0200000000004,178.0999999999999,-326.6800000000003,0.0,0.0,396.98,222.24,521.0,60.25999999999999,106.25999999999976,0.0,-1594.6200000000003,-724.0000000000002,-89.00000000000045,-326.68000000000075,-160.22000000000298,0.0,3255.5409999999993,True,False,True
p0_none_sr350_lr500_buf0_tg1030,"P0 none, short $350, switch long $500, buffer 0, guard 10:30",none,350.0,500.0,0,10:30,1688,0.5651658767772512,36908.199999999975,-10313.759999999998,3.5785397372054404,1.1043133099478488,21.865047393364915,917,771,352,33102.819999999985,3805.379999999991,7147.979999999996,390728.82,-353820.62,2040,3805.379999999991,7147.979999999998,87,6500.02,-4411.78,0.6206896551724138,20,-2454.9599999999996,-4411.78,0.45,1,100.76,0.0,3,1292.04,0.0,9,2766.38,-161.98000000000002,16,3464.0199999999995,-551.48,30,3688.4,-1585.4800000000002,61,3843.8199999999993,-4411.780000000001,112,5198.479999999998,-4561.46,819,0,264,0,,3817.119999999988,1810.6800000000003,178.0999999999999,-326.6800000000003,0.0,0.0,396.98,222.24,418.7600000000002,60.25999999999999,4.019999999999527,0.0,-1696.8600000000001,-724.0000000000002,-191.24000000000024,-326.68000000000075,-187.00000000000546,0.0,3338.776999999998,True,False,True
p0_none_sr350_lr500_buf0_tg1100,"P0 none, short $350, switch long $500, buffer 0, guard 11:00",none,350.0,500.0,0,11:00,1712,0.5642523364485982,37205.79999999998,-10313.759999999998,3.6073943935092525,1.1045873343230852,21.732359813084102,910,802,358,33205.05999999998,4000.7399999999925,8604.879999999997,392944.86000000004,-355739.06,2070,4000.739999999993,8604.88,87,6801.780000000001,-4411.779999999999,0.632183908045977,20,-2454.9599999999996,-4411.78,0.45,1,100.76,0.0,3,1292.04,0.0,8,2868.62,-161.98000000000002,15,3566.2599999999998,-551.48,29,3790.64,-1585.4800000000002,60,3946.059999999999,-4411.780000000001,113,5437.0,-4561.46,852,0,37,0,,4114.719999999994,1810.6800000000003,178.0999999999999,-326.6800000000003,0.0,0.0,396.98,222.24,521.0,60.25999999999999,106.25999999999976,0.0,-1594.6200000000003,-724.0000000000002,-89.00000000000045,-326.68000000000075,51.5199999999968,0.0,3470.776999999999,True,False,True
p0_none_sr350_lr500_buf2ticks_tgnone,"P0 none, short $350, switch long $500, buffer 2ticks, guard none",none,350.0,500.0,2ticks,none,1723,0.5618107951247824,32425.419999999984,-11980.719999999994,2.7064667232019444,1.0904059821469942,18.819164248403936,905,818,362,31394.539999999986,1030.8799999999924,7483.999999999998,391089.95999999996,-358664.54000000004,2085,1030.8799999999924,7483.999999999998,87,6735.780000000001,-4411.779999999999,0.632183908045977,20,-2454.9599999999996,-4411.78,0.45,1,100.76,0.0,3,1292.04,0.0,8,2868.62,-161.98000000000002,15,3566.2599999999998,-551.48,29,3724.64,-1651.4800000000002,60,3880.059999999999,-4411.780000000001,114,5159.259999999999,-4561.46,869,0,0,0,,-665.6600000000035,143.7200000000048,178.0999999999999,-326.6800000000003,0.0,0.0,396.98,222.24,521.0,60.25999999999999,106.25999999999976,0.0,-1660.6200000000003,-790.0000000000002,-155.00000000000045,-326.68000000000075,-226.2200000000039,0.0,2992.7389999999996,True,False,True
p0_none_sr350_lr500_buf2ticks_tg1030,"P0 none, short $350, switch long $500, buffer 2ticks, guard 10:30",none,350.0,500.0,2ticks,10:30,1688,0.5639810426540285,34307.93999999997,-11556.239999999998,2.9687805030009744,1.0965505437126684,20.32460900473932,917,771,351,31312.059999999983,2995.879999999991,5357.219999999997,389644.52,-355336.57999999996,2039,2995.8799999999915,5357.220000000001,87,6434.02,-4411.78,0.6206896551724138,20,-2454.9599999999996,-4411.78,0.45,1,100.76,0.0,3,1292.04,0.0,9,2766.38,-161.98000000000002,16,3464.0199999999995,-551.48,30,3622.4,-1651.4800000000002,61,3777.8199999999993,-4411.780000000001,112,5132.479999999998,-4561.46,819,0,264,0,,1216.859999999986,568.2000000000007,178.0999999999999,-326.6800000000003,0.0,0.0,396.98,222.24,418.7600000000002,60.25999999999999,4.019999999999527,0.0,-1762.8600000000001,-790.0000000000002,-257.24000000000024,-326.68000000000075,-253.00000000000546,0.0,3078.7509999999984,True,False,True
p0_none_sr350_lr500_buf2ticks_tg1100,"P0 none, short $350, switch long $500, buffer 2ticks, guard 11:00",none,350.0,500.0,2ticks,11:00,1712,0.5630841121495327,34577.779999999984,-11470.199999999997,3.014575159979773,1.0967798671965105,20.19730140186915,910,802,357,31394.539999999983,3183.2399999999934,6794.359999999996,391860.56000000006,-357282.77999999997,2069,3183.2399999999934,6794.359999999997,87,6735.780000000001,-4411.779999999999,0.632183908045977,20,-2454.9599999999996,-4411.78,0.45,1,100.76,0.0,3,1292.04,0.0,8,2868.62,-161.98000000000002,15,3566.2599999999998,-551.48,29,3724.64,-1651.4800000000002,60,3880.059999999999,-4411.780000000001,113,5371.0,-4561.46,852,0,37,0,,1486.699999999997,654.2400000000016,178.0999999999999,-326.6800000000003,0.0,0.0,396.98,222.24,521.0,60.25999999999999,106.25999999999976,0.0,-1660.6200000000003,-790.0000000000002,-155.00000000000045,-326.68000000000075,-14.480000000003201,0.0,3207.9749999999995,True,False,True
p0_none_sr350_lr500_buf0_25r_tgnone,"P0 none, short $350, switch long $500, buffer 0.25r, guard none",none,350.0,500.0,0.25r,none,1723,0.5438189204875218,33986.71999999997,-13408.199999999986,2.53477125937859,1.0982059318524335,19.72531630876377,905,818,284,29648.839999999986,4337.87999999999,5738.299999999997,380062.76000000007,-346076.04,2007,4337.879999999992,5738.299999999997,87,5394.660000000002,-4655.779999999999,0.6206896551724138,20,-2868.9599999999996,-4655.78,0.45,1,100.76,0.0,3,1292.04,0.0,8,1966.36,-373.98,15,1131.7399999999998,-1053.96,29,2207.5599999999995,-2101.2,60,1948.9799999999993,-4655.780000000001,114,3062.3800000000006,-4721.32,869,0,0,0,,895.6399999999849,-1283.7599999999875,-235.9000000000001,-570.6800000000003,0.0,0.0,396.98,222.24,-381.26,-151.74,-2328.26,-502.48,-3177.7000000000007,-1239.7199999999998,-2086.08,-570.6800000000007,-2323.1000000000026,-159.85999999999967,108.36899999999821,False,False,False
p0_none_sr350_lr500_buf0_25r_tg1030,"P0 none, short $350, switch long $500, buffer 0.25r, guard 10:30",none,350.0,500.0,0.25r,10:30,1688,0.5462085308056872,35557.81999999998,-14221.179999999986,2.500342446969943,1.1036610511933327,21.065059241706148,917,771,275,29428.93999999999,6128.879999999992,3474.0999999999976,378577.88,-343020.05999999994,1963,6128.879999999992,3474.0999999999985,87,5092.899999999998,-4655.779999999999,0.6091954022988506,20,-2868.9599999999996,-4655.78,0.45,1,100.76,0.0,3,1292.04,0.0,9,1864.12,-373.98,16,1029.4999999999998,-1053.96,30,2105.3199999999997,-2101.2,61,1846.7399999999993,-4655.780000000001,112,3035.599999999998,-4671.9400000000005,819,0,264,0,,2466.7399999999907,-2096.739999999987,-235.9000000000001,-570.6800000000003,0.0,0.0,396.98,222.24,-483.5,-151.74,-2430.5,-502.48,-3279.9400000000005,-1239.7199999999998,-2188.32,-570.6800000000007,-2349.880000000005,-110.48000000000047,163.23899999999878,False,False,False
p0_none_sr350_lr500_buf0_25r_tg1100,"P0 none, short $350, switch long $500, buffer 0.25r, guard 11:00",none,350.0,500.0,0.25r,11:00,1712,0.5449766355140186,35212.89999999998,-14135.139999999987,2.4911603280901367,1.1019361526379314,20.56828271028036,910,802,281,29148.15999999998,6064.7399999999925,4547.979999999998,380653.64,-345440.74,1993,6064.739999999992,4547.98,87,5394.660000000002,-4655.779999999999,0.6206896551724138,20,-2868.9599999999996,-4655.78,0.45,1,100.76,0.0,3,1292.04,0.0,8,1966.36,-373.98,15,1131.7399999999998,-1053.96,29,2207.5599999999995,-2101.2,60,1948.9799999999993,-4655.780000000001,113,3274.1199999999985,-4671.9400000000005,852,0,37,0,,2121.8199999999924,-2010.699999999988,-235.9000000000001,-570.6800000000003,0.0,0.0,396.98,222.24,-381.26,-151.74,-2328.26,-502.48,-3177.7000000000007,-1239.7199999999998,-2086.08,-570.6800000000007,-2111.3600000000047,-110.48000000000047,230.98699999999897,False,False,False
p0_none_sr350_lr750_buf0_tgnone,"P0 none, short $350, switch long $750, buffer 0, guard none",none,350.0,750.0,0,none,1723,0.5815438189204876,37333.21999999999,-14871.479999999992,2.5103903579199924,1.095136131808521,21.6675681950087,905,818,363,35484.83999999998,1848.3799999999924,11574.299999999992,429752.16000000003,-392418.93999999994,2086,1848.3799999999917,11574.300000000001,87,8655.0,-4733.0,0.6896551724137931,20,-2555.4200000000005,-4732.999999999999,0.55,1,100.76,0.0,3,1292.04,0.0,8,3486.1399999999994,0.0,15,4706.300000000001,-551.48,29,5473.76,-1328.44,60,5528.719999999999,-4733.0,114,7950.280000000001,-4733.0,869,0,0,0,,4242.139999999999,-2747.0399999999936,77.63999999999896,-647.8999999999996,0.0,0.0,396.98,222.24,1138.5199999999995,222.24,1246.300000000001,0.0,88.5,-466.96000000000004,1493.6599999999999,-647.9000000000001,2564.7999999999975,-171.53999999999996,4598.444000000001,True,False,True
p0_none_sr350_lr750_buf0_tg1030,"P0 none, short $350, switch long $750, buffer 0, guard 10:30",none,350.0,750.0,0,10:30,1688,0.5835308056872038,37928.059999999976,-13973.119999999999,2.7143587115833814,1.0975596844758937,22.46922985781989,917,771,352,34122.679999999986,3805.379999999991,8167.8399999999965,426695.82,-388767.76,2040,3805.379999999991,8167.839999999999,87,8353.24,-4733.0,0.6781609195402298,20,-2555.4200000000005,-4732.999999999999,0.55,1,100.76,0.0,3,1292.04,0.0,9,3383.9,-102.24000000000001,16,4604.0599999999995,-551.48,30,5371.52,-1328.44,61,5426.48,-4733.0,112,7923.499999999998,-4733.0,819,0,264,0,,4836.979999999989,-1848.6800000000003,77.63999999999896,-647.8999999999996,0.0,0.0,396.98,222.24,1036.2800000000002,120.0,1144.0599999999995,0.0,-13.739999999999782,-466.96000000000004,1391.42,-647.9000000000001,2538.019999999995,-171.53999999999996,4555.687999999998,True,False,True
p0_none_sr350_lr750_buf0_tg1100,"P0 none, short $350, switch long $750, buffer 0, guard 11:00",none,350.0,750.0,0,11:00,1712,0.5829439252336449,39318.49999999998,-13660.779999999999,2.8782031479900843,1.1006526596099258,22.966413551401857,910,802,358,35317.75999999999,4000.7399999999925,10717.579999999996,429953.98,-390635.48,2070,4000.739999999993,10717.579999999998,87,8655.0,-4733.0,0.6896551724137931,20,-2555.4200000000005,-4732.999999999999,0.55,1,100.76,0.0,3,1292.04,0.0,8,3486.1399999999994,0.0,15,4706.300000000001,-551.48,29,5473.76,-1328.44,60,5528.719999999999,-4733.0,113,8162.019999999998,-4733.0,852,0,37,0,,6227.419999999991,-1536.3400000000001,77.63999999999896,-647.8999999999996,0.0,0.0,396.98,222.24,1138.5199999999995,222.24,1246.300000000001,0.0,88.5,-466.96000000000004,1493.6599999999999,-647.9000000000001,2776.5399999999945,-171.53999999999996,4796.972000000001,True,False,True
p0_none_sr350_lr750_buf2ticks_tgnone,"P0 none, short $350, switch long $750, buffer 2ticks, guard none",none,350.0,750.0,2ticks,none,1723,0.579802669762043,34032.15999999998,-17372.559999999976,1.9589605676998685,1.0864633378573594,19.75168891468368,905,818,362,33001.27999999998,1030.8799999999924,9090.739999999994,427634.36,-393602.2,2085,1030.8799999999924,9090.739999999998,87,8567.0,-4733.0,0.6896551724137931,20,-2555.4200000000005,-4732.999999999999,0.55,1,100.76,0.0,3,1292.04,0.0,8,3486.1399999999994,0.0,15,4706.300000000001,-551.48,29,5385.76,-1328.44,60,5440.719999999999,-4733.0,114,7862.280000000001,-4733.0,869,0,0,0,,941.0799999999945,-5248.119999999977,77.63999999999896,-647.8999999999996,0.0,0.0,396.98,222.24,1138.5199999999995,222.24,1246.300000000001,0.0,0.5,-466.96000000000004,1405.6599999999999,-647.9000000000001,2476.7999999999975,-171.53999999999996,4268.338000000001,True,False,True
p0_none_sr350_lr750_buf2ticks_tg1030,"P0 none, short $350, switch long $750, buffer 2ticks, guard 10:30",none,350.0,750.0,2ticks,10:30,1688,0.5817535545023697,34652.999999999985,-16478.95999999998,2.1028632874890176,1.088869108853618,20.529028436018947,917,771,351,31657.119999999988,2995.879999999991,5702.279999999999,424586.02,-389933.02,2039,2995.8799999999915,5702.279999999999,87,8265.24,-4733.0,0.6781609195402298,20,-2555.4200000000005,-4732.999999999999,0.55,1,100.76,0.0,3,1292.04,0.0,9,3383.9,-102.24000000000001,16,4604.0599999999995,-551.48,30,5283.52,-1328.44,61,5338.48,-4733.0,112,7835.499999999998,-4733.0,819,0,264,0,,1561.9199999999983,-4354.519999999982,77.63999999999896,-647.8999999999996,0.0,0.0,396.98,222.24,1036.2800000000002,120.0,1144.0599999999995,0.0,-101.73999999999978,-466.96000000000004,1303.42,-647.9000000000001,2450.019999999995,-171.53999999999996,4228.181999999999,True,False,True
p0_none_sr350_lr750_buf2ticks_tg1100,"P0 none, short $350, switch long $750, buffer 2ticks, guard 11:00",none,350.0,750.0,2ticks,11:00,1712,0.5811915887850467,36017.43999999999,-16166.619999999984,2.2278893176186503,1.091923729834872,21.038224299065412,910,802,357,32834.19999999998,3183.2399999999934,8234.019999999995,427836.18,-391818.74,2069,3183.2399999999934,8234.019999999997,87,8567.0,-4733.0,0.6896551724137931,20,-2555.4200000000005,-4732.999999999999,0.55,1,100.76,0.0,3,1292.04,0.0,8,3486.1399999999994,0.0,15,4706.300000000001,-551.48,29,5385.76,-1328.44,60,5440.719999999999,-4733.0,113,8074.019999999998,-4733.0,852,0,37,0,,2926.3600000000006,-4042.1799999999857,77.63999999999896,-647.8999999999996,0.0,0.0,396.98,222.24,1138.5199999999995,222.24,1246.300000000001,0.0,0.5,-466.96000000000004,1405.6599999999999,-647.9000000000001,2688.5399999999945,-171.53999999999996,4466.866000000002,True,False,True
p0_none_sr350_lr750_buf0_25r_tgnone,"P0 none, short $350, switch long $750, buffer 0.25r, guard none",none,350.0,750.0,0.25r,none,1723,0.563551944283227,35099.239999999976,-15861.399999999987,2.212871499363234,1.0963598681395093,20.371004062681354,905,818,284,30761.359999999982,4337.87999999999,6850.819999999999,399350.88,-364251.64,2007,4337.879999999992,6850.819999999996,87,5299.019999999999,-5263.759999999999,0.6436781609195402,20,-3476.94,-5263.759999999999,0.45,1,100.76,0.0,3,1292.04,0.0,8,2243.62,-373.98,15,747.5199999999998,-1715.44,29,2395.3799999999997,-2620.1600000000003,60,1528.8199999999993,-5263.759999999998,114,3431.539999999999,-5263.759999999999,869,0,0,0,,2008.159999999989,-3736.959999999988,-843.8800000000006,-1178.6599999999999,0.0,0.0,396.98,222.24,-104.0,-151.74,-2712.4800000000005,-1163.96,-2989.8800000000006,-1758.6800000000003,-2506.2400000000002,-1178.6599999999985,-1953.9400000000041,-702.2999999999993,-978.0740000000014,False,False,False
p0_none_sr350_lr750_buf0_25r_tg1030,"P0 none, short $350, switch long $750, buffer 0.25r, guard 10:30",none,350.0,750.0,0.25r,10:30,1688,0.5657582938388626,35332.21999999998,-16674.37999999999,2.1189525487604337,1.0977582424830903,20.93140995260662,917,771,275,29203.33999999999,6128.879999999992,3248.4999999999945,396756.68,-361424.46,1963,6128.879999999992,3248.499999999998,87,4997.259999999998,-5263.759999999999,0.632183908045977,20,-3476.94,-5263.759999999999,0.45,1,100.76,0.0,3,1292.04,0.0,9,2141.38,-373.98,16,645.2799999999997,-1715.44,30,2293.1399999999994,-2620.1600000000003,61,1426.5799999999992,-5263.759999999998,112,3404.7599999999975,-5263.759999999999,819,0,264,0,,2241.139999999992,-4549.939999999991,-843.8800000000006,-1178.6599999999999,0.0,0.0,396.98,222.24,-206.23999999999978,-151.74,-2814.7200000000003,-1163.96,-3092.120000000001,-1758.6800000000003,-2608.4800000000005,-1178.6599999999985,-1980.7200000000057,-702.2999999999993,-1057.0160000000014,False,False,False
p0_none_sr350_lr750_buf0_25r_tg1100,"P0 none, short $350, switch long $750, buffer 0.25r, guard 11:00",none,350.0,750.0,0.25r,11:00,1712,0.5648364485981309,35709.37999999998,-16588.339999999993,2.1526795327320274,1.0981533545391506,20.858282710280363,910,802,281,29644.63999999998,6064.7399999999925,5044.459999999997,399521.5,-363812.12,1993,6064.739999999992,5044.459999999997,87,5299.019999999999,-5263.759999999999,0.6436781609195402,20,-3476.94,-5263.759999999999,0.45,1,100.76,0.0,3,1292.04,0.0,8,2243.62,-373.98,15,747.5199999999998,-1715.44,29,2395.3799999999997,-2620.1600000000003,60,1528.8199999999993,-5263.759999999998,113,3643.279999999999,-5263.759999999999,852,0,37,0,,2618.2999999999956,-4463.899999999994,-843.8800000000006,-1178.6599999999999,0.0,0.0,396.98,222.24,-104.0,-151.74,-2712.4800000000005,-1163.96,-2989.8800000000006,-1758.6800000000003,-2506.2400000000002,-1178.6599999999985,-1742.2000000000044,-702.2999999999993,-917.0600000000007,False,False,False
p0_none_sr500_lr500_buf0_tgnone,"P0 none, short $500, switch long $500, buffer 0, guard none",none,500.0,500.0,0,none,1767,0.5398981324278438,37730.97999999999,-12714.779999999999,2.9674898032054027,1.09123705920684,21.353129598189014,905,862,382,34059.499999999985,3671.479999999989,10148.959999999995,451279.82,-413548.83999999997,2149,3671.4799999999923,10148.959999999997,97,7084.599999999998,-4030.759999999998,0.5979381443298969,20,-2073.94,-4030.7599999999993,0.45,2,-65.48,-166.24,7,461.5999999999999,-692.48,13,1330.9599999999998,-692.48,21,1515.3799999999997,-886.2,35,1070.299999999999,-2191.9400000000005,67,2088.279999999999,-4030.76,130,6105.719999999999,-4858.2,869,0,0,0,,4639.9000000000015,-590.3400000000001,559.1199999999994,54.340000000000146,-166.24,-166.24,-433.46000000000004,-470.24,-1016.6600000000001,-470.24,-1944.6200000000003,-334.72,-4314.960000000001,-1330.4600000000005,-1946.7800000000007,54.33999999999969,720.2399999999961,-296.7399999999998,1232.9499999999996,False,False,True
p0_none_sr500_lr500_buf0_tg1030,"P0 none, short $500, switch long $500, buffer 0, guard 10:30",none,500.0,500.0,0,10:30,1729,0.5430884904569115,40429.199999999975,-12185.699999999997,3.3177576995987086,1.0991973662786665,23.38299595141699,917,812,370,34059.499999999985,6369.699999999988,8104.659999999997,447992.44000000006,-407563.24,2099,6369.69999999999,8104.659999999997,96,7242.82,-4030.7599999999984,0.59375,20,-2073.94,-4030.7599999999993,0.45,2,-65.48,-166.24,7,461.5999999999999,-692.48,13,1688.6999999999998,-692.48,21,1873.12,-886.2,35,1428.039999999999,-2191.9400000000005,67,2446.0199999999986,-4030.76,126,6127.160000000002,-4858.200000000001,819,0,264,0,,7338.119999999988,-61.2599999999984,559.1199999999994,54.340000000000146,-166.24,-166.24,-433.46000000000004,-470.24,-658.9200000000001,-470.24,-1586.88,-334.72,-3957.220000000001,-1330.4600000000005,-1589.0400000000009,54.33999999999969,741.6799999999985,-296.7400000000007,1860.5119999999988,False,False,True
p0_none_sr500_lr500_buf0_tg1100,"P0 none, short $500, switch long $500, buffer 0, guard 11:00",none,500.0,500.0,0,11:00,1755,0.5418803418803418,40979.639999999985,-11886.379999999997,3.4476131505134444,1.0996518719542443,23.350222222222214,910,845,377,34059.49999999998,6920.139999999992,9459.319999999996,452207.64,-411228.0,2132,6920.139999999995,9459.32,97,7084.599999999998,-4030.759999999998,0.5979381443298969,20,-2073.94,-4030.7599999999993,0.45,2,-65.48,-166.24,7,461.5999999999999,-692.48,13,1330.9599999999998,-692.48,21,1515.3799999999997,-886.2,35,1070.299999999999,-2191.9400000000005,67,2088.279999999999,-4030.76,129,6317.459999999999,-4858.2,852,0,37,0,,7888.559999999998,238.0600000000013,559.1199999999994,54.340000000000146,-166.24,-166.24,-433.46000000000004,-470.24,-1016.6600000000001,-470.24,-1944.6200000000003,-334.72,-4314.960000000001,-1330.4600000000005,-1946.7800000000007,54.33999999999969,931.9799999999959,-296.7399999999998,1557.8159999999993,False,False,True
p0_none_sr500_lr500_buf2ticks_tgnone,"P0 none, short $500, switch long $500, buffer 2ticks, guard none",none,500.0,500.0,2ticks,none,1767,0.5382003395585738,34691.959999999985,-14605.139999999996,2.3753253991403023,1.0834576788105443,19.633254102999427,905,862,381,32248.97999999998,2442.979999999989,8338.439999999995,450375.22000000003,-415683.26,2148,2442.9799999999923,8338.44,97,6996.599999999998,-4030.759999999998,0.5979381443298969,20,-2073.94,-4030.7599999999993,0.45,2,-65.48,-166.24,7,461.5999999999999,-692.48,13,1330.9599999999998,-692.48,21,1515.3799999999997,-886.2,35,982.299999999999,-2279.9400000000005,67,2000.279999999999,-4030.76,130,6017.719999999999,-4858.2,869,0,0,0,,1600.8799999999974,-2480.699999999997,559.1199999999994,54.340000000000146,-166.24,-166.24,-433.46000000000004,-470.24,-1016.6600000000001,-470.24,-1944.6200000000003,-334.72,-4402.960000000001,-1418.4600000000005,-2034.7800000000004,54.33999999999969,632.2399999999961,-296.7399999999998,929.0479999999992,False,False,True
p0_none_sr500_lr500_buf2ticks_tg1030,"P0 none, short $500, switch long $500, buffer 2ticks, guard 10:30",none,500.0,500.0,2ticks,10:30,1729,0.5413533834586466,37419.93999999997,-14085.919999999991,2.6565492349807465,1.0913421334695739,21.64253325621745,917,812,369,32268.739999999983,5151.199999999989,6313.899999999994,447087.84,-409667.89999999997,2098,5151.199999999992,6313.899999999998,96,7154.82,-4030.7599999999984,0.59375,20,-2073.94,-4030.7599999999993,0.45,2,-65.48,-166.24,7,461.5999999999999,-692.48,13,1688.6999999999998,-692.48,21,1873.12,-886.2,35,1340.0399999999993,-2279.9400000000005,67,2358.0199999999986,-4030.76,126,6039.160000000002,-4858.200000000001,819,0,264,0,,4328.859999999986,-1961.4799999999923,559.1199999999994,54.340000000000146,-166.24,-166.24,-433.46000000000004,-470.24,-658.9200000000001,-470.24,-1586.88,-334.72,-4045.220000000001,-1418.4600000000005,-1677.0400000000009,54.33999999999969,653.6799999999985,-296.7400000000007,1559.5859999999984,False,False,True
p0_none_sr500_lr500_buf2ticks_tg1100,"P0 none, short $500, switch long $500, buffer 2ticks, guard 11:00",none,500.0,500.0,2ticks,11:00,1755,0.5401709401709401,37940.61999999998,-13776.739999999996,2.753962112952701,1.0917853635557873,21.618586894586883,910,845,376,32248.97999999998,5691.639999999992,7648.799999999996,451303.04000000004,-413362.42,2131,5691.639999999995,7648.799999999996,97,6996.599999999998,-4030.759999999998,0.5979381443298969,20,-2073.94,-4030.7599999999993,0.45,2,-65.48,-166.24,7,461.5999999999999,-692.48,13,1330.9599999999998,-692.48,21,1515.3799999999997,-886.2,35,982.299999999999,-2279.9400000000005,67,2000.279999999999,-4030.76,129,6229.459999999999,-4858.2,852,0,37,0,,4849.539999999994,-1652.2999999999975,559.1199999999994,54.340000000000146,-166.24,-166.24,-433.46000000000004,-470.24,-1016.6600000000001,-470.24,-1944.6200000000003,-334.72,-4402.960000000001,-1418.4600000000005,-2034.7800000000004,54.33999999999969,843.9799999999959,-296.7399999999998,1253.9139999999989,False,False,True
p0_none_sr500_lr500_buf0_25r_tgnone,"P0 none, short $500, switch long $500, buffer 0.25r, guard none",none,500.0,500.0,0.25r,none,1767,0.5285795132993775,36984.15999999998,-16994.999999999993,2.176178876140041,1.089454150157323,20.930481041312948,905,862,298,30127.179999999986,6856.979999999989,6216.639999999998,450426.80000000005,-413442.64,2060,6856.979999999991,6216.6399999999985,97,6092.1799999999985,-4274.759999999998,0.5773195876288659,20,-2487.94,-4274.759999999999,0.45,2,-65.48,-166.24,7,1251.08,-321.72,13,1337.4199999999998,-658.94,21,-319.1800000000003,-1825.38,35,5.6799999999993815,-3229.6600000000003,67,494.39999999999895,-4274.76,130,4031.539999999999,-4968.68,869,0,0,0,,3893.0799999999945,-4870.559999999994,145.11999999999944,-189.65999999999985,-166.24,-166.24,356.02,-99.48000000000002,-1010.2,-436.70000000000005,-3779.1800000000003,-1273.9,-5379.580000000001,-2368.1800000000003,-3540.6600000000008,-189.6600000000003,-1353.9400000000041,-407.22000000000025,-1718.9720000000011,False,False,True
p0_none_sr500_lr500_buf0_25r_tg1030,"P0 none, short $500, switch long $500, buffer 0.25r, guard 10:30",none,500.0,500.0,0.25r,10:30,1729,0.5309427414690573,39059.479999999974,-18054.37999999999,2.1634351331920563,1.0957971471102255,22.590792365529193,917,812,289,29907.279999999984,9152.199999999986,3952.439999999997,446790.62,-407731.14,2013,9152.199999999993,3952.4399999999987,96,6048.16,-4274.759999999998,0.5729166666666666,20,-2487.94,-4274.759999999999,0.45,2,-65.48,-166.24,7,1251.08,-321.72,13,1492.9199999999998,-658.94,21,-163.6800000000003,-1825.38,35,161.17999999999938,-3229.6600000000003,67,649.899999999999,-4274.76,126,3850.74,-4968.68,819,0,264,0,,5968.399999999987,-5929.939999999991,145.11999999999944,-189.65999999999985,-166.24,-166.24,356.02,-99.48000000000002,-854.7,-436.70000000000005,-3623.6800000000003,-1273.9,-5224.080000000001,-2368.1800000000003,-3385.1600000000008,-189.6600000000003,-1534.7400000000034,-407.22000000000025,-1355.9400000000019,False,False,True
p0_none_sr500_lr500_buf0_25r_tg1100,"P0 none, short $500, switch long $500, buffer 0.25r, guard 11:00",none,500.0,500.0,0.25r,11:00,1755,0.5299145299145299,38995.139999999985,-17755.059999999994,2.196283200394704,1.094645944614834,22.219452991452982,910,845,295,29626.49999999999,9368.639999999989,5026.319999999997,451005.82,-412010.67999999993,2045,9368.639999999994,5026.319999999999,97,6092.1799999999985,-4274.759999999998,0.5773195876288659,20,-2487.94,-4274.759999999999,0.45,2,-65.48,-166.24,7,1251.08,-321.72,13,1337.4199999999998,-658.94,21,-319.1800000000003,-1825.38,35,5.6799999999993815,-3229.6600000000003,67,494.39999999999895,-4274.76,129,4243.279999999999,-4968.68,852,0,37,0,,5904.059999999998,-5630.619999999995,145.11999999999944,-189.65999999999985,-166.24,-166.24,356.02,-99.48000000000002,-1010.2,-436.70000000000005,-3779.1800000000003,-1273.9,-5379.580000000001,-2368.1800000000003,-3540.6600000000008,-189.6600000000003,-1142.2000000000044,-407.22000000000025,-1517.8740000000007,False,False,True
p0_none_sr500_lr750_buf0_tgnone,"P0 none, short $500, switch long $750, buffer 0, guard none",none,500.0,750.0,0,none,1767,0.5631013016411998,40320.34,-17747.399999999983,2.2719012362374227,1.0905547396764088,22.8185285795133,905,862,382,36648.859999999986,3671.479999999989,12738.319999999996,485579.64,-445259.3,2149,3671.4799999999923,12738.32,97,8835.58,-4351.979999999998,0.6391752577319587,20,-2174.4,-4351.98,0.55,2,-65.48,-166.24,7,461.5999999999999,-692.48,13,1846.2399999999998,-692.48,21,2553.1800000000003,-886.2,35,2651.1799999999994,-1620.9000000000003,67,3568.7,-4351.9800000000005,130,8983.759999999998,-4858.2,869,0,0,0,,7229.260000000009,-5622.959999999985,458.6599999999994,-266.8800000000001,-166.24,-166.24,-433.46000000000004,-470.24,-501.3800000000001,-470.24,-906.8199999999997,-334.72,-2734.080000000001,-759.4200000000003,-466.3599999999997,-266.88000000000056,3598.279999999995,-296.7399999999998,2504.571000000001,False,False,True
p0_none_sr500_lr750_buf0_tg1030,"P0 none, short $500, switch long $750, buffer 0, guard 10:30",none,500.0,750.0,0,10:30,1729,0.5656448814343551,41860.879999999976,-16885.65999999999,2.479078697545728,1.0953303893729573,24.211035280508952,917,812,370,35491.179999999986,6369.699999999988,9536.339999999997,480974.58,-439113.7,2099,6369.69999999999,9536.34,96,9096.039999999997,-4351.979999999999,0.6354166666666666,20,-2174.4,-4351.98,0.55,2,-65.48,-166.24,7,461.5999999999999,-692.48,13,2306.2200000000003,-692.48,21,3013.16,-886.2,35,3111.159999999999,-1620.9000000000003,67,4028.6799999999994,-4351.9800000000005,126,9107.44,-4858.2,819,0,264,0,,8769.799999999988,-4761.21999999999,458.6599999999994,-266.8800000000001,-166.24,-166.24,-433.46000000000004,-470.24,-41.399999999999636,-470.24,-446.84000000000015,-334.72,-2274.1000000000013,-759.4200000000003,-6.380000000000109,-266.88000000000056,3721.9599999999973,-296.7399999999998,3118.6049999999987,False,False,True
p0_none_sr500_lr750_buf0_tg1100,"P0 none, short $500, switch long $750, buffer 0, guard 11:00",none,500.0,750.0,0,11:00,1755,0.5646723646723647,43401.919999999984,-16322.159999999989,2.6590794355649017,1.098052204570142,24.730438746438736,910,845,377,36481.779999999984,6920.139999999992,11881.599999999993,486042.86,-442640.94,2132,6920.139999999995,11881.599999999999,97,8835.58,-4351.979999999998,0.6391752577319587,20,-2174.4,-4351.98,0.55,2,-65.48,-166.24,7,461.5999999999999,-692.48,13,1846.2399999999998,-692.48,21,2553.1800000000003,-886.2,35,2651.1799999999994,-1620.9000000000003,67,3568.7,-4351.9800000000005,129,9195.5,-4858.2,852,0,37,0,,10310.839999999997,-4197.71999999999,458.6599999999994,-266.8800000000001,-166.24,-166.24,-433.46000000000004,-470.24,-501.3800000000001,-470.24,-906.8199999999997,-334.72,-2734.080000000001,-759.4200000000003,-466.3599999999997,-266.88000000000056,3810.019999999997,-296.7399999999998,2812.7289999999994,False,False,True
p0_none_sr500_lr750_buf2ticks_tgnone,"P0 none, short $500, switch long $750, buffer 2ticks, guard none",none,500.0,750.0,2ticks,none,1767,0.5619694397283531,36608.279999999984,-20515.03999999996,1.7844605713661807,1.0818469693377593,20.717758913412556,905,862,381,34165.29999999999,2442.979999999989,10254.759999999997,483885.44000000006,-447277.16000000003,2148,2442.9799999999923,10254.760000000002,97,8725.58,-4351.979999999998,0.6391752577319587,20,-2174.4,-4351.98,0.55,2,-65.48,-166.24,7,461.5999999999999,-692.48,13,1846.2399999999998,-692.48,21,2553.1800000000003,-886.2,35,2541.1799999999994,-1730.9000000000003,67,3458.7,-4351.9800000000005,130,8873.759999999998,-4858.2,869,0,0,0,,3517.199999999997,-8390.599999999962,458.6599999999994,-266.8800000000001,-166.24,-166.24,-433.46000000000004,-470.24,-501.3800000000001,-470.24,-906.8199999999997,-334.72,-2844.080000000001,-869.4200000000003,-576.3599999999997,-266.88000000000056,3488.279999999995,-296.7399999999998,2133.365,False,False,True
p0_none_sr500_lr750_buf2ticks_tg1030,"P0 none, short $500, switch long $750, buffer 2ticks, guard 10:30",none,500.0,750.0,2ticks,10:30,1729,0.5644881434355119,38176.819999999985,-19653.299999999967,1.94251448866094,1.0865484286728497,22.0802891844997,917,812,369,33025.61999999998,5151.199999999989,7070.779999999994,479280.38,-441103.55999999994,2098,5151.199999999992,7070.779999999999,96,8986.039999999997,-4351.979999999999,0.6354166666666666,20,-2174.4,-4351.98,0.55,2,-65.48,-166.24,7,461.5999999999999,-692.48,13,2306.2200000000003,-692.48,21,3013.16,-886.2,35,3001.159999999999,-1730.9000000000003,67,3918.6799999999994,-4351.9800000000005,126,8997.44,-4858.2,819,0,264,0,,5085.739999999998,-7528.859999999968,458.6599999999994,-266.8800000000001,-166.24,-166.24,-433.46000000000004,-470.24,-41.399999999999636,-470.24,-446.84000000000015,-334.72,-2384.1000000000013,-869.4200000000003,-116.38000000000011,-266.88000000000056,3611.9599999999973,-296.7399999999998,2750.1989999999996,False,False,True
p0_none_sr500_lr750_buf2ticks_tg1100,"P0 none, short $500, switch long $750, buffer 2ticks, guard 11:00",none,500.0,750.0,2ticks,11:00,1755,0.5635327635327635,39689.859999999986,-19089.79999999998,2.079113453257762,1.0892591353190355,22.615304843304834,910,845,376,33998.21999999999,5691.639999999992,9398.039999999994,484348.66000000003,-444658.80000000005,2131,5691.639999999995,9398.039999999994,97,8725.58,-4351.979999999998,0.6391752577319587,20,-2174.4,-4351.98,0.55,2,-65.48,-166.24,7,461.5999999999999,-692.48,13,1846.2399999999998,-692.48,21,2553.1800000000003,-886.2,35,2541.1799999999994,-1730.9000000000003,67,3458.7,-4351.9800000000005,129,9085.5,-4858.2,852,0,37,0,,6598.779999999999,-6965.359999999982,458.6599999999994,-266.8800000000001,-166.24,-166.24,-433.46000000000004,-470.24,-501.3800000000001,-470.24,-906.8199999999997,-334.72,-2844.080000000001,-869.4200000000003,-576.3599999999997,-266.88000000000056,3700.019999999997,-296.7399999999998,2441.523,False,False,True
p0_none_sr500_lr750_buf0_25r_tgnone,"P0 none, short $500, switch long $750, buffer 0.25r, guard none",none,500.0,750.0,0.25r,none,1767,0.5393322014714205,37740.719999999994,-19234.55999999998,1.9621306648033556,1.0883521872929505,21.35864176570458,905,862,298,30883.739999999983,6856.979999999989,6973.199999999999,464902.98000000004,-427162.26,2064,6856.979999999991,6973.199999999999,97,5857.799999999997,-4882.739999999998,0.5876288659793815,20,-3095.9200000000005,-4882.739999999999,0.45,2,-65.48,-166.24,7,1251.08,-321.72,13,1614.6799999999998,-381.68000000000006,21,-703.4000000000003,-2486.8599999999997,35,193.49999999999932,-3748.6200000000003,67,-64.50000000000158,-4882.739999999999,130,4261.959999999997,-4882.74,869,0,0,0,,4649.640000000007,-7110.119999999981,-462.86000000000104,-797.6399999999994,-166.24,-166.24,356.02,-99.48000000000002,-732.94,-159.44000000000005,-4163.400000000001,-1935.3799999999997,-5191.760000000001,-2887.1400000000003,-4099.560000000001,-797.639999999999,-1123.520000000006,-321.27999999999975,-2841.0109999999995,False,False,False
p0_none_sr500_lr750_buf0_25r_tg1030,"P0 none, short $500, switch long $750, buffer 0.25r, guard 10:30",none,500.0,750.0,0.25r,10:30,1729,0.5419317524580682,38477.919999999984,-20225.379999999972,1.9024572097038492,1.0912239823933887,22.254436090225553,917,812,289,29325.719999999983,9152.199999999986,3370.8799999999937,460274.02,-421796.1,2017,9152.199999999993,3370.8799999999956,96,5813.779999999999,-4882.739999999998,0.5833333333333334,20,-3095.9200000000005,-4882.739999999999,0.45,2,-65.48,-166.24,7,1251.08,-321.72,13,1770.1799999999996,-381.68000000000006,21,-547.9000000000003,-2486.8599999999997,35,348.9999999999993,-3748.6200000000003,67,90.99999999999841,-4882.739999999999,126,4081.16,-4882.74,819,0,264,0,,5386.8399999999965,-8100.939999999973,-462.86000000000104,-797.6399999999994,-166.24,-166.24,356.02,-99.48000000000002,-577.4400000000003,-159.44000000000005,-4007.9000000000005,-1935.3799999999997,-5036.260000000001,-2887.1400000000003,-3944.0600000000013,-797.639999999999,-1304.3200000000033,-321.27999999999975,-2611.7910000000006,False,False,False
p0_none_sr500_lr750_buf0_25r_tg1100,"P0 none, short $500, switch long $750, buffer 0.25r, guard 11:00",none,500.0,750.0,0.25r,11:00,1755,0.5407407407407407,39135.65999999998,-19926.059999999976,1.9640440709302305,1.0918836902403348,22.299521367521358,910,845,295,29767.01999999998,9368.639999999989,5166.8399999999965,465061.74000000005,-425926.07999999996,2049,9368.639999999994,5166.839999999998,97,5857.799999999997,-4882.739999999998,0.5876288659793815,20,-3095.9200000000005,-4882.739999999999,0.45,2,-65.48,-166.24,7,1251.08,-321.72,13,1614.6799999999998,-381.68000000000006,21,-703.4000000000003,-2486.8599999999997,35,193.49999999999932,-3748.6200000000003,67,-64.50000000000158,-4882.739999999999,129,4473.699999999999,-4882.74,852,0,37,0,,6044.5799999999945,-7801.619999999977,-462.86000000000104,-797.6399999999994,-166.24,-166.24,356.02,-99.48000000000002,-732.94,-159.44000000000005,-4163.400000000001,-1935.3799999999997,-5191.760000000001,-2887.1400000000003,-4099.560000000001,-797.639999999999,-911.7800000000043,-321.27999999999975,-2701.5170000000007,False,False,False
p0_st5_50_bearish_sr250_lr500_buf0_tgnone,"P0 st5_50_bearish, short $250, switch long $500, buffer 0, guard none",st5_50_bearish,250.0,500.0,0,none,1599,0.5747342088805504,40523.679999999986,-11261.579999999998,3.598400934859939,1.1305387772552262,25.343139462163844,960,639,261,35308.51999999998,5215.159999999995,8255.259999999997,350957.72000000003,-310434.04000000004,1860,5215.159999999994,8255.259999999998,72,6831.199999999998,-3577.339999999999,0.6527777777777778,15,-2346.06,-3577.34,0.4666666666666667,1,100.76,0.0,3,1292.04,0.0,6,2424.34,0.0,13,3274.72,-551.48,25,4321.0199999999995,-1223.2600000000002,50,4235.08,-3577.34,97,6054.38,-4561.46,2578,1768,0,0,4.0,7432.5999999999985,862.8600000000006,286.99999999999955,507.7599999999993,0.0,0.0,396.98,222.24,76.72000000000025,222.24,-185.2800000000002,0.0,-1064.2400000000007,-361.7800000000002,200.02000000000044,507.75999999999976,668.8999999999969,0.0,3538.2499999999995,False,False,True
p0_st5_50_bearish_sr250_lr500_buf0_tg1030,"P0 st5_50_bearish, short $250, switch long $500, buffer 0, guard 10:30",st5_50_bearish,250.0,500.0,0,10:30,1565,0.576996805111821,41051.679999999986,-11035.919999999998,3.719823992924921,1.1330818206066935,26.231105431309896,973,592,250,34950.53999999998,6101.139999999996,7132.1799999999985,349521.16000000003,-308469.48,1815,6101.139999999996,7132.179999999998,72,6629.199999999999,-3577.339999999999,0.6388888888888888,15,-2346.06,-3577.34,0.4666666666666667,1,100.76,0.0,3,1292.04,0.0,7,2322.1000000000004,-102.24000000000001,14,3172.48,-551.48,26,4218.78,-1223.2600000000002,51,4132.839999999999,-3577.34,97,5852.379999999999,-4561.46,1956,1208,704,0,4.0,7960.5999999999985,1088.5200000000004,286.99999999999955,507.7599999999993,0.0,0.0,396.98,222.24,-25.519999999999527,120.0,-287.52,0.0,-1166.4800000000005,-361.7800000000002,97.77999999999975,507.75999999999976,466.899999999996,0.0,3488.81,False,False,True
p0_st5_50_bearish_sr250_lr500_buf0_tg1100,"P0 st5_50_bearish, short $250, switch long $500, buffer 0, guard 11:00",st5_50_bearish,250.0,500.0,0,11:00,1586,0.5775535939470365,41547.61999999998,-10976.879999999997,3.7850117701933508,1.1342589794996283,26.196481715006293,966,620,256,35052.779999999984,6494.8399999999965,8366.359999999997,351006.4,-309458.78,1842,6494.839999999994,8366.36,72,6831.199999999998,-3577.339999999999,0.6527777777777778,15,-2346.06,-3577.34,0.4666666666666667,1,100.76,0.0,3,1292.04,0.0,6,2424.34,0.0,13,3274.72,-551.48,25,4321.0199999999995,-1223.2600000000002,50,4235.08,-3577.34,97,6054.38,-4561.46,2246,1460,260,0,4.0,8456.539999999994,1147.5600000000013,286.99999999999955,507.7599999999993,0.0,0.0,396.98,222.24,76.72000000000025,222.24,-185.2800000000002,0.0,-1064.2400000000007,-361.7800000000002,200.02000000000044,507.75999999999976,668.8999999999969,0.0,3640.6439999999993,False,False,True
p0_st5_50_bearish_sr250_lr500_buf2ticks_tgnone,"P0 st5_50_bearish, short $250, switch long $500, buffer 2ticks, guard none",st5_50_bearish,250.0,500.0,2ticks,none,1599,0.5728580362726704,38197.15999999999,-11915.16,3.20576139976299,1.1226251016708304,23.888155096935577,960,639,260,33515.499999999985,4681.659999999996,6462.239999999996,349692.6,-311495.43999999994,1859,4681.659999999994,6462.239999999999,72,6765.199999999998,-3577.339999999999,0.6527777777777778,15,-2346.06,-3577.34,0.4666666666666667,1,100.76,0.0,3,1292.04,0.0,6,2424.34,0.0,13,3274.72,-551.48,25,4255.0199999999995,-1289.2600000000002,50,4169.079999999999,-3577.34,97,5988.38,-4561.46,2578,1768,0,0,4.0,5106.080000000002,209.27999999999884,286.99999999999955,507.7599999999993,0.0,0.0,396.98,222.24,76.72000000000025,222.24,-185.2800000000002,0.0,-1130.2400000000007,-427.7800000000002,134.01999999999953,507.75999999999976,602.8999999999969,0.0,3305.598,False,False,True
p0_st5_50_bearish_sr250_lr500_buf2ticks_tg1030,"P0 st5_50_bearish, short $250, switch long $500, buffer 2ticks, guard 10:30",st5_50_bearish,250.0,500.0,2ticks,10:30,1565,0.5750798722044729,38749.919999999984,-11689.499999999998,3.3149339150519688,1.1251992044616115,24.760332268370597,973,592,249,33177.279999999984,5572.639999999996,5358.919999999998,348256.04000000004,-309506.12,1814,5572.639999999996,5358.92,72,6563.199999999999,-3577.339999999999,0.6388888888888888,15,-2346.06,-3577.34,0.4666666666666667,1,100.76,0.0,3,1292.04,0.0,7,2322.1000000000004,-102.24000000000001,14,3172.48,-551.48,26,4152.78,-1289.2600000000002,51,4066.8399999999997,-3577.34,97,5786.379999999999,-4561.46,1956,1208,704,0,4.0,5658.8399999999965,434.9400000000005,286.99999999999955,507.7599999999993,0.0,0.0,396.98,222.24,-25.519999999999527,120.0,-287.52,0.0,-1232.4800000000005,-427.7800000000002,31.7800000000002,507.75999999999976,400.899999999996,0.0,3258.6339999999996,False,False,True
p0_st5_50_bearish_sr250_lr500_buf2ticks_tg1100,"P0 st5_50_bearish, short $250, switch long $500, buffer 2ticks, guard 11:00",st5_50_bearish,250.0,500.0,2ticks,11:00,1586,0.5756620428751577,39221.099999999984,-11630.46,3.372274183480274,1.1263077330433084,24.729571248423696,966,620,255,33259.75999999999,5961.3399999999965,6573.3399999999965,349741.28,-310520.17999999993,1841,5961.339999999994,6573.34,72,6765.199999999998,-3577.339999999999,0.6527777777777778,15,-2346.06,-3577.34,0.4666666666666667,1,100.76,0.0,3,1292.04,0.0,6,2424.34,0.0,13,3274.72,-551.48,25,4255.0199999999995,-1289.2600000000002,50,4169.079999999999,-3577.34,97,5988.38,-4561.46,2246,1460,260,0,4.0,6130.019999999997,493.97999999999956,286.99999999999955,507.7599999999993,0.0,0.0,396.98,222.24,76.72000000000025,222.24,-185.2800000000002,0.0,-1130.2400000000007,-427.7800000000002,134.01999999999953,507.75999999999976,602.8999999999969,0.0,3407.9919999999993,False,False,True
p0_st5_50_bearish_sr250_lr500_buf0_25r_tgnone,"P0 st5_50_bearish, short $250, switch long $500, buffer 0.25r, guard none",st5_50_bearish,250.0,500.0,0.25r,none,1599,0.5634771732332708,34793.07999999999,-11860.199999999997,2.93359977066154,1.1154607238318444,21.759274546591612,960,639,203,29337.919999999984,5455.159999999996,2284.659999999999,336134.34,-301341.26,1802,5455.159999999996,2284.659999999999,72,4477.599999999998,-3577.3399999999983,0.625,15,-2346.06,-3577.34,0.4666666666666667,1,100.76,0.0,3,1292.04,0.0,6,1734.08,-52.98000000000002,13,1095.6999999999998,-857.72,25,1859.1999999999996,-1559.2400000000002,50,1773.2599999999993,-3577.34,97,3333.5200000000013,-4561.46,2578,1768,0,0,4.0,1702.0,264.2400000000016,286.99999999999955,507.7599999999993,0.0,0.0,396.98,222.24,-613.54,169.26,-2364.3,-306.24,-3526.0600000000004,-697.7600000000002,-2261.8,507.75999999999976,-2051.960000000002,0.0,479.9299999999997,False,False,True
p0_st5_50_bearish_sr250_lr500_buf0_25r_tg1030,"P0 st5_50_bearish, short $250, switch long $500, buffer 0.25r, guard 10:30",st5_50_bearish,250.0,500.0,0.25r,10:30,1565,0.5661341853035143,34940.959999999985,-12696.499999999996,2.752015122277793,1.1165398371849125,22.326492012779543,973,592,195,28746.819999999985,6194.139999999994,928.4599999999991,334760.84,-299819.88,1760,6194.139999999994,928.4599999999987,72,4275.6,-3577.339999999999,0.6111111111111112,15,-2346.06,-3577.34,0.4666666666666667,1,100.76,0.0,3,1292.04,0.0,7,1631.84,-155.22000000000003,14,993.4599999999998,-857.72,26,1756.9599999999996,-1559.2400000000002,51,1671.0199999999993,-3577.34,97,3131.5199999999986,-4561.46,1956,1208,704,0,4.0,1849.8799999999974,-572.0599999999977,286.99999999999955,507.7599999999993,0.0,0.0,396.98,222.24,-715.78,67.01999999999998,-2466.54,-306.24,-3628.3000000000006,-697.7600000000002,-2364.04,507.75999999999976,-2253.9600000000046,0.0,392.4779999999994,False,False,True
p0_st5_50_bearish_sr250_lr500_buf0_25r_tg1100,"P0 st5_50_bearish, short $250, switch long $500, buffer 0.25r, guard 11:00",st5_50_bearish,250.0,500.0,0.25r,11:00,1586,0.5668348045397226,35074.61999999998,-12637.46,2.7754485474137987,1.116460636741609,22.1151450189155,966,620,201,28621.27999999999,6453.339999999995,1934.8599999999983,336246.08,-301171.45999999996,1787,6453.339999999994,1934.8599999999979,72,4477.599999999998,-3577.3399999999983,0.625,15,-2346.06,-3577.34,0.4666666666666667,1,100.76,0.0,3,1292.04,0.0,6,1734.08,-52.98000000000002,13,1095.6999999999998,-857.72,25,1859.1999999999996,-1559.2400000000002,50,1773.2599999999993,-3577.34,97,3333.5200000000013,-4561.46,2246,1460,260,0,4.0,1983.5399999999936,-513.0200000000004,286.99999999999955,507.7599999999993,0.0,0.0,396.98,222.24,-613.54,169.26,-2364.3,-306.24,-3526.0600000000004,-697.7600000000002,-2261.8,507.75999999999976,-2051.960000000002,0.0,508.08399999999904,False,False,True
p0_st5_50_bearish_sr250_lr750_buf0_tgnone,"P0 st5_50_bearish, short $250, switch long $750, buffer 0, guard none",st5_50_bearish,250.0,750.0,0,none,1599,0.5891181988742964,43332.11999999999,-13803.579999999996,3.1391943249504837,1.1291610214268037,27.099512195121942,960,639,261,38116.95999999999,5215.159999999995,11063.699999999997,378821.26,-335489.14,1860,5215.159999999994,11063.7,72,8732.32,-3577.339999999998,0.6666666666666666,15,-2346.06,-3577.34,0.4666666666666667,1,100.76,0.0,3,1292.04,0.0,6,2866.6000000000004,0.0,13,4239.5,-551.48,25,5962.1,-999.8800000000001,50,5876.16,-3577.34,97,8314.039999999999,-4561.46,2578,1768,0,0,4.0,10241.04,-1679.1399999999976,286.99999999999955,507.7599999999993,0.0,0.0,396.98,222.24,518.9800000000005,222.24,779.5,0.0,576.8400000000001,-138.4000000000001,1841.1000000000004,507.75999999999976,2928.559999999996,0.0,4783.874,True,False,True
p0_st5_50_bearish_sr250_lr750_buf0_tg1030,"P0 st5_50_bearish, short $250, switch long $750, buffer 0, guard 10:30",st5_50_bearish,250.0,750.0,0,10:30,1565,0.5910543130990416,43445.43999999999,-12985.66,3.3456474295492096,1.1305318096594186,27.760664536741206,973,592,250,37344.29999999998,6101.139999999996,9525.939999999999,376279.56000000006,-332834.12,1815,6101.139999999996,9525.939999999999,72,8530.32,-3577.3399999999983,0.6527777777777778,15,-2346.06,-3577.34,0.4666666666666667,1,100.76,0.0,3,1292.04,0.0,7,2764.36,-102.24000000000001,14,4137.26,-551.48,26,5859.860000000001,-999.8800000000001,51,5773.92,-3577.34,97,8112.039999999999,-4561.46,1956,1208,704,0,4.0,10354.36,-861.2200000000012,286.99999999999955,507.7599999999993,0.0,0.0,396.98,222.24,416.74000000000024,120.0,677.2600000000002,0.0,474.60000000000036,-138.4000000000001,1738.8600000000006,507.75999999999976,2726.559999999996,0.0,4692.966,True,False,True
p0_st5_50_bearish_sr250_lr750_buf0_tg1100,"P0 st5_50_bearish, short $250, switch long $750, buffer 0, guard 11:00",st5_50_bearish,250.0,750.0,0,11:00,1586,0.5920554854981085,44582.71999999999,-12985.659999999996,3.433227113600695,1.1334764260223753,28.11016393442622,966,620,256,38087.87999999998,6494.8399999999965,11401.46,378594.66000000003,-334011.94,1842,6494.839999999994,11401.459999999995,72,8732.32,-3577.339999999998,0.6666666666666666,15,-2346.06,-3577.34,0.4666666666666667,1,100.76,0.0,3,1292.04,0.0,6,2866.6000000000004,0.0,13,4239.5,-551.48,25,5962.1,-999.8800000000001,50,5876.16,-3577.34,97,8314.039999999999,-4561.46,2246,1460,260,0,4.0,11491.64,-861.2199999999975,286.99999999999955,507.7599999999993,0.0,0.0,396.98,222.24,518.9800000000005,222.24,779.5,0.0,576.8400000000001,-138.4000000000001,1841.1000000000004,507.75999999999976,2928.559999999996,0.0,4908.934,True,False,True
p0_st5_50_bearish_sr250_lr750_buf2ticks_tgnone,"P0 st5_50_bearish, short $250, switch long $750, buffer 2ticks, guard none",st5_50_bearish,250.0,750.0,2ticks,none,1599,0.5872420262664165,40344.55999999998,-14278.899999999994,2.825466947734069,1.119956166536714,25.231119449656024,960,639,260,35662.89999999999,4681.659999999996,8609.639999999996,376672.08,-336327.52,1859,4681.659999999994,8609.640000000001,72,8644.32,-3577.339999999998,0.6666666666666666,15,-2346.06,-3577.34,0.4666666666666667,1,100.76,0.0,3,1292.04,0.0,6,2866.6000000000004,0.0,13,4239.5,-551.48,25,5874.1,-1087.88,50,5788.16,-3577.34,97,8226.039999999999,-4561.46,2578,1768,0,0,4.0,7253.479999999996,-2154.4599999999955,286.99999999999955,507.7599999999993,0.0,0.0,396.98,222.24,518.9800000000005,222.24,779.5,0.0,488.84000000000015,-226.4000000000001,1753.1000000000004,507.75999999999976,2840.559999999996,0.0,4485.1179999999995,True,False,True
p0_st5_50_bearish_sr250_lr750_buf2ticks_tg1030,"P0 st5_50_bearish, short $250, switch long $750, buffer 2ticks, guard 10:30",st5_50_bearish,250.0,750.0,2ticks,10:30,1565,0.5891373801916933,40480.87999999998,-13520.019999999993,2.9941434997877225,1.1213246517761477,25.8663769968051,973,592,249,34908.23999999998,5572.639999999996,7089.879999999997,374138.38,-333657.5,1814,5572.639999999996,7089.879999999997,72,8442.32,-3577.3399999999983,0.6527777777777778,15,-2346.06,-3577.34,0.4666666666666667,1,100.76,0.0,3,1292.04,0.0,7,2764.36,-102.24000000000001,14,4137.26,-551.48,26,5771.860000000001,-1087.88,51,5685.92,-3577.34,97,8024.039999999999,-4561.46,1956,1208,704,0,4.0,7389.799999999996,-1395.5799999999945,286.99999999999955,507.7599999999993,0.0,0.0,396.98,222.24,416.74000000000024,120.0,677.2600000000002,0.0,386.60000000000036,-226.4000000000001,1650.8600000000006,507.75999999999976,2638.559999999996,0.0,4396.51,True,False,True
p0_st5_50_bearish_sr250_lr750_buf2ticks_tg1100,"P0 st5_50_bearish, short $250, switch long $750, buffer 2ticks, guard 11:00",st5_50_bearish,250.0,750.0,2ticks,11:00,1586,0.5901639344262295,41595.159999999996,-13460.979999999996,3.090054364541067,1.1242201590250833,26.226456494325344,966,620,255,35633.819999999985,5961.3399999999965,8947.399999999998,376445.48000000004,-334850.32,1841,5961.339999999994,8947.400000000001,72,8644.32,-3577.339999999998,0.6666666666666666,15,-2346.06,-3577.34,0.4666666666666667,1,100.76,0.0,3,1292.04,0.0,6,2866.6000000000004,0.0,13,4239.5,-551.48,25,5874.1,-1087.88,50,5788.16,-3577.34,97,8226.039999999999,-4561.46,2246,1460,260,0,4.0,8504.080000000009,-1336.5399999999972,286.99999999999955,507.7599999999993,0.0,0.0,396.98,222.24,518.9800000000005,222.24,779.5,0.0,488.84000000000015,-226.4000000000001,1753.1000000000004,507.75999999999976,2840.559999999996,0.0,4610.178000000001,True,False,True
p0_st5_50_bearish_sr250_lr750_buf0_25r_tgnone,"P0 st5_50_bearish, short $250, switch long $750, buffer 0.25r, guard none",st5_50_bearish,250.0,750.0,0.25r,none,1599,0.5716072545340838,35492.83999999998,-13895.219999999994,2.554320118717084,1.1118327617368844,22.196898061288294,960,639,203,30037.67999999999,5455.159999999996,2984.4199999999983,352867.1,-317374.26,1802,5455.159999999996,2984.42,72,4604.1799999999985,-3577.339999999998,0.6388888888888888,15,-2346.06,-3577.34,0.4666666666666667,1,100.76,0.0,3,1292.04,0.0,6,2011.34,0.0,13,711.4799999999998,-1519.2,25,1661.2599999999995,-2078.2000000000003,50,1575.319999999999,-3577.34,97,3666.1400000000003,-4561.46,2578,1768,0,0,4.0,2401.7599999999948,-1770.7799999999952,286.99999999999955,507.7599999999993,0.0,0.0,396.98,222.24,-336.28,222.24,-2748.5200000000004,-967.72,-3724.000000000001,-1216.7200000000003,-2459.7400000000007,507.75999999999976,-1719.3400000000029,0.0,-495.7940000000009,False,False,True
p0_st5_50_bearish_sr250_lr750_buf0_25r_tg1030,"P0 st5_50_bearish, short $250, switch long $750, buffer 0.25r, guard 10:30",st5_50_bearish,250.0,750.0,0.25r,10:30,1565,0.5731629392971246,34964.09999999999,-14731.52,2.373421072638804,1.1107671270059774,22.34127795527156,973,592,195,28769.959999999985,6194.139999999994,951.5999999999995,350618.22000000003,-315654.12,1760,6194.139999999994,951.5999999999985,72,4402.179999999999,-3577.339999999998,0.625,15,-2346.06,-3577.34,0.4666666666666667,1,100.76,0.0,3,1292.04,0.0,7,1909.1,-102.24000000000001,14,609.2399999999998,-1519.2,26,1559.0199999999995,-2078.2000000000003,51,1473.079999999999,-3577.34,97,3464.1399999999994,-4561.46,1956,1208,704,0,4.0,1873.020000000004,-2607.0800000000017,286.99999999999955,507.7599999999993,0.0,0.0,396.98,222.24,-438.52,120.0,-2850.76,-967.72,-3826.2400000000007,-1216.7200000000003,-2561.9800000000005,507.75999999999976,-1921.3400000000038,0.0,-650.9079999999999,False,False,True
p0_st5_50_bearish_sr250_lr750_buf0_25r_tg1100,"P0 st5_50_bearish, short $250, switch long $750, buffer 0.25r, guard 11:00",st5_50_bearish,250.0,750.0,0.25r,11:00,1586,0.5737704918032787,35578.599999999984,-14672.479999999996,2.4248525130039362,1.1121470145718684,22.432912988650685,966,620,201,29125.25999999998,6453.339999999995,2438.84,352828.24,-317249.64,1787,6453.339999999994,2438.84,72,4604.1799999999985,-3577.339999999998,0.6388888888888888,15,-2346.06,-3577.34,0.4666666666666667,1,100.76,0.0,3,1292.04,0.0,6,2011.34,0.0,13,711.4799999999998,-1519.2,25,1661.2599999999995,-2078.2000000000003,50,1575.319999999999,-3577.34,97,3666.1400000000003,-4561.46,2246,1460,260,0,4.0,2487.519999999997,-2548.0399999999972,286.99999999999955,507.7599999999993,0.0,0.0,396.98,222.24,-336.28,222.24,-2748.5200000000004,-967.72,-3724.000000000001,-1216.7200000000003,-2459.7400000000007,507.75999999999976,-1719.3400000000029,0.0,-487.21800000000064,False,False,True
p0_st5_50_bearish_sr350_lr500_buf0_tgnone,"P0 st5_50_bearish, short $350, switch long $500, buffer 0, guard none",st5_50_bearish,350.0,500.0,0,none,1711,0.5639976621858562,37959.55999999998,-11255.519999999999,3.372528323880193,1.1089959387918114,22.18559906487433,960,751,306,33802.359999999986,4157.199999999995,6749.099999999998,386225.38,-348265.82,2017,4157.199999999993,6749.099999999997,85,8400.66,-3059.0799999999977,0.6470588235294118,18,-974.7800000000004,-3059.08,0.5555555555555556,1,100.76,0.0,3,1292.04,0.0,8,2886.62,-161.98000000000002,15,3584.2599999999998,-551.48,29,4458.6,-1656.98,58,6094.199999999999,-3059.08,112,7131.879999999999,-4561.46,2578,1768,0,0,4.0,4868.479999999996,868.9200000000001,1658.279999999999,1026.0199999999995,0.0,0.0,396.98,222.24,539.0,60.25999999999999,124.25999999999976,0.0,-926.6599999999999,-795.5,2059.1399999999994,1026.02,1746.399999999996,0.0,3934.197999999999,True,False,True
p0_st5_50_bearish_sr350_lr500_buf0_tg1030,"P0 st5_50_bearish, short $350, switch long $500, buffer 0, guard 10:30",st5_50_bearish,350.0,500.0,0,10:30,1666,0.5672268907563025,40119.61999999997,-10880.419999999998,3.6873227320268867,1.1166928626979125,24.081404561824716,973,693,294,33700.11999999999,6419.499999999993,5881.759999999997,383924.88,-343805.25999999995,1960,6419.499999999994,5881.76,83,7961.879999999999,-3059.0799999999986,0.6385542168674698,18,-974.7800000000004,-3059.08,0.5555555555555556,1,100.76,0.0,3,1292.04,0.0,9,2784.38,-161.98000000000002,16,3482.0199999999995,-551.48,29,4430.6,-1582.74,58,6066.200000000001,-3059.08,108,6968.079999999998,-4561.46,1956,1208,704,0,4.0,7028.539999999986,1244.0200000000004,1658.279999999999,1026.0199999999995,0.0,0.0,396.98,222.24,436.7600000000002,60.25999999999999,22.019999999999527,0.0,-954.6599999999999,-721.26,2031.1400000000012,1026.02,1582.599999999995,0.0,4047.963999999998,True,False,True
p0_st5_50_bearish_sr350_lr500_buf0_tg1100,"P0 st5_50_bearish, short $350, switch long $500, buffer 0, guard 11:00",st5_50_bearish,350.0,500.0,0,11:00,1694,0.5672963400236127,40206.79999999999,-10791.859999999997,3.725659895513841,1.1162756263420046,23.734828807556074,966,728,300,33802.359999999986,6404.439999999994,7115.939999999997,385995.52,-345788.72,1994,6404.439999999992,7115.939999999998,84,8189.4,-3059.079999999998,0.6428571428571429,18,-974.7800000000004,-3059.08,0.5555555555555556,1,100.76,0.0,3,1292.04,0.0,8,2886.62,-161.98000000000002,15,3584.2599999999998,-551.48,29,4458.6,-1656.98,58,6094.199999999999,-3059.08,110,7132.359999999999,-4561.46,2246,1460,260,0,4.0,7115.720000000001,1332.5800000000017,1658.279999999999,1026.0199999999995,0.0,0.0,396.98,222.24,539.0,60.25999999999999,124.25999999999976,0.0,-926.6599999999999,-795.5,2059.1399999999994,1026.02,1746.8799999999956,0.0,4158.922,True,False,True
p0_st5_50_bearish_sr350_lr500_buf2ticks_tgnone,"P0 st5_50_bearish, short $350, switch long $500, buffer 2ticks, guard none",st5_50_bearish,350.0,500.0,2ticks,none,1711,0.5628287551139685,35416.039999999986,-12014.599999999995,2.947750237211393,1.1012463845824823,20.699029807130326,960,751,305,32008.339999999982,3407.699999999995,4955.079999999998,385216.58,-349800.54000000004,2016,3407.699999999994,4955.079999999999,85,8334.66,-3059.0799999999977,0.6470588235294118,18,-974.7800000000004,-3059.08,0.5555555555555556,1,100.76,0.0,3,1292.04,0.0,8,2886.62,-161.98000000000002,15,3584.2599999999998,-551.48,29,4392.6,-1722.9800000000002,58,6028.199999999999,-3059.08,112,7065.879999999999,-4561.46,2578,1768,0,0,4.0,2324.959999999999,109.84000000000378,1658.279999999999,1026.0199999999995,0.0,0.0,396.98,222.24,539.0,60.25999999999999,124.25999999999976,0.0,-992.6599999999999,-861.5000000000002,1993.1399999999994,1026.02,1680.399999999996,0.0,3679.8459999999995,True,False,True
p0_st5_50_bearish_sr350_lr500_buf2ticks_tg1030,"P0 st5_50_bearish, short $350, switch long $500, buffer 2ticks, guard 10:30",st5_50_bearish,350.0,500.0,2ticks,10:30,1666,0.5660264105642256,37603.859999999986,-11639.499999999996,3.230710941191632,1.1088981444097175,22.57134453781512,973,693,293,31925.859999999986,5677.999999999993,4107.499999999997,382916.0800000001,-345312.22,1959,5677.999999999993,4107.499999999999,83,7895.879999999999,-3059.0799999999986,0.6385542168674698,18,-974.7800000000004,-3059.08,0.5555555555555556,1,100.76,0.0,3,1292.04,0.0,9,2784.38,-161.98000000000002,16,3482.0199999999995,-551.48,29,4364.6,-1648.7400000000002,58,6000.200000000001,-3059.08,108,6902.079999999998,-4561.46,1956,1208,704,0,4.0,4512.779999999999,484.9400000000023,1658.279999999999,1026.0199999999995,0.0,0.0,396.98,222.24,436.7600000000002,60.25999999999999,22.019999999999527,0.0,-1020.6599999999999,-787.2600000000002,1965.1400000000012,1026.02,1516.599999999995,0.0,3796.387999999999,True,False,True
p0_st5_50_bearish_sr350_lr500_buf2ticks_tg1100,"P0 st5_50_bearish, short $350, switch long $500, buffer 2ticks, guard 11:00",st5_50_bearish,350.0,500.0,2ticks,11:00,1694,0.5661157024793388,37663.279999999984,-11550.939999999999,3.260624676433259,1.1084386357569187,22.233341204250287,966,728,299,32008.339999999986,5654.939999999995,5321.919999999996,384986.72,-347323.44,1993,5654.939999999994,5321.919999999999,84,8123.4,-3059.079999999998,0.6428571428571429,18,-974.7800000000004,-3059.08,0.5555555555555556,1,100.76,0.0,3,1292.04,0.0,8,2886.62,-161.98000000000002,15,3584.2599999999998,-551.48,29,4392.6,-1722.9800000000002,58,6028.199999999999,-3059.08,110,7066.360000000001,-4561.46,2246,1460,260,0,4.0,4572.199999999997,573.5,1658.279999999999,1026.0199999999995,0.0,0.0,396.98,222.24,539.0,60.25999999999999,124.25999999999976,0.0,-992.6599999999999,-861.5000000000002,1993.1399999999994,1026.02,1680.8799999999974,0.0,3904.5699999999993,True,False,True
p0_st5_50_bearish_sr350_lr500_buf0_25r_tgnone,"P0 st5_50_bearish, short $350, switch long $500, buffer 0.25r, guard none",st5_50_bearish,350.0,500.0,0.25r,none,1711,0.5493863237872589,33663.97999999998,-11934.139999999996,2.8208132299436737,1.0983188184678505,19.675032144944467,960,751,236,28189.27999999999,5474.699999999994,1136.0199999999986,376060.07999999996,-342396.1,1947,5474.699999999992,1136.0199999999995,85,6289.800000000001,-3059.0799999999977,0.6235294117647059,18,-974.7800000000004,-3059.08,0.5555555555555556,1,100.76,0.0,3,1292.04,0.0,8,1984.36,-373.98,15,1149.7399999999998,-1053.96,29,1757.7799999999995,-2172.7000000000003,58,3393.3799999999997,-3059.08,112,4614.26,-4561.46,2578,1768,0,0,4.0,572.8999999999942,190.3000000000029,1658.279999999999,1026.0199999999995,0.0,0.0,396.98,222.24,-363.26,-151.74,-2310.26,-502.48,-3627.4800000000005,-1311.2200000000003,-641.6799999999998,1026.02,-771.220000000003,0.0,567.639999999999,False,False,True
p0_st5_50_bearish_sr350_lr500_buf0_25r_tg1030,"P0 st5_50_bearish, short $350, switch long $500, buffer 0.25r, guard 10:30",st5_50_bearish,350.0,500.0,0.25r,10:30,1666,0.5522208883553421,35357.919999999984,-12796.499999999998,2.7630930332512786,1.1045405865746025,21.223241296518598,973,693,227,27853.919999999984,7503.999999999993,35.55999999999676,373579.86,-338221.93999999994,1893,7503.999999999993,35.55999999999858,83,5851.019999999999,-3059.0799999999977,0.6144578313253012,18,-974.7800000000004,-3059.08,0.5555555555555556,1,100.76,0.0,3,1292.04,0.0,9,1882.12,-373.98,16,1047.4999999999998,-1053.96,29,1729.7799999999995,-2098.46,58,3365.3799999999997,-3059.08,108,4450.459999999999,-4561.46,1956,1208,704,0,4.0,2266.8399999999965,-672.0599999999995,1658.279999999999,1026.0199999999995,0.0,0.0,396.98,222.24,-465.5,-151.74,-2412.5,-502.48,-3655.4800000000005,-1236.98,-669.6799999999998,1026.02,-935.0200000000041,0.0,634.7939999999992,False,False,True
p0_st5_50_bearish_sr350_lr500_buf0_25r_tg1100,"P0 st5_50_bearish, short $350, switch long $500, buffer 0.25r, guard 11:00",st5_50_bearish,350.0,500.0,0.25r,11:00,1694,0.5525383707201889,35040.319999999985,-12707.939999999997,2.7573564244086763,1.102875140138207,20.68495867768594,966,728,233,27728.379999999983,7311.939999999993,1041.9599999999964,375650.5,-340610.18000000005,1927,7311.939999999993,1041.9599999999982,84,6078.539999999999,-3059.0799999999977,0.6190476190476191,18,-974.7800000000004,-3059.08,0.5555555555555556,1,100.76,0.0,3,1292.04,0.0,8,1984.36,-373.98,15,1149.7399999999998,-1053.96,29,1757.7799999999995,-2172.7000000000003,58,3393.3799999999997,-3059.08,110,4614.74,-4561.46,2246,1460,260,0,4.0,1949.239999999998,-583.4999999999982,1658.279999999999,1026.0199999999995,0.0,0.0,396.98,222.24,-363.26,-151.74,-2310.26,-502.48,-3627.4800000000005,-1311.2200000000003,-641.6799999999998,1026.02,-770.7400000000034,0.0,705.2739999999993,False,False,True
p0_st5_50_bearish_sr350_lr750_buf0_tgnone,"P0 st5_50_bearish, short $350, switch long $750, buffer 0, guard none",st5_50_bearish,350.0,750.0,0,none,1711,0.5780245470485097,38949.73999999998,-14134.919999999996,2.7555684786330588,1.1035785662896875,22.764313267095257,960,751,306,34792.53999999999,4157.199999999995,7739.279999999997,414990.27999999997,-376040.54000000004,2017,4157.199999999993,7739.280000000002,85,10487.560000000001,-3059.0799999999977,0.6823529411764706,18,-974.7800000000004,-3059.08,0.5555555555555556,1,100.76,0.0,3,1292.04,0.0,8,3504.1399999999994,0.0,15,4724.300000000001,-551.48,29,6274.939999999999,-1085.94,58,7910.539999999999,-3059.08,112,9577.32,-4561.46,2578,1768,0,0,4.0,5858.659999999996,-2010.4799999999977,1658.279999999999,1026.0199999999995,0.0,0.0,396.98,222.24,1156.5199999999995,222.24,1264.300000000001,0.0,889.6799999999985,-224.46000000000004,3875.4799999999996,1026.02,4191.8399999999965,0.0,5173.256000000001,True,False,True
p0_st5_50_bearish_sr350_lr750_buf0_tg1030,"P0 st5_50_bearish, short $350, switch long $750, buffer 0, guard 10:30",st5_50_bearish,350.0,750.0,0,10:30,1666,0.581032412965186,40950.85999999998,-12888.779999999999,3.1772487388255506,1.1104509665456848,24.58034813925569,973,693,294,34531.35999999998,6419.499999999993,6712.999999999997,411711.4,-370760.54,1960,6419.499999999994,6713.0,83,10048.779999999999,-3059.079999999998,0.6746987951807228,18,-974.7800000000004,-3059.08,0.5555555555555556,1,100.76,0.0,3,1292.04,0.0,9,3401.9,-102.24000000000001,16,4622.0599999999995,-551.48,29,6246.939999999999,-1011.7000000000003,58,7882.540000000001,-3059.08,108,9413.519999999999,-4561.46,1956,1208,704,0,4.0,7859.779999999992,-764.3400000000001,1658.279999999999,1026.0199999999995,0.0,0.0,396.98,222.24,1054.2800000000002,120.0,1162.0599999999995,0.0,861.6799999999985,-150.22000000000025,3847.4800000000014,1026.02,4028.0399999999954,0.0,5271.127999999999,True,False,True
p0_st5_50_bearish_sr350_lr750_buf0_tg1100,"P0 st5_50_bearish, short $350, switch long $750, buffer 0, guard 11:00",st5_50_bearish,350.0,750.0,0,11:00,1694,0.5814639905548996,41679.37999999998,-13054.699999999997,3.1926723708702607,1.1117611840340444,24.604120425029507,966,728,300,35274.93999999999,6404.439999999994,8588.519999999997,414611.9,-372932.52,1994,6404.439999999992,8588.52,84,10276.300000000001,-3059.0799999999977,0.6785714285714286,18,-974.7800000000004,-3059.08,0.5555555555555556,1,100.76,0.0,3,1292.04,0.0,8,3504.1399999999994,0.0,15,4724.300000000001,-551.48,29,6274.939999999999,-1085.94,58,7910.539999999999,-3059.08,110,9577.800000000001,-4561.46,2246,1460,260,0,4.0,8588.299999999996,-930.2599999999984,1658.279999999999,1026.0199999999995,0.0,0.0,396.98,222.24,1156.5199999999995,222.24,1264.300000000001,0.0,889.6799999999985,-224.46000000000004,3875.4799999999996,1026.02,4192.319999999998,0.0,5446.220000000001,True,False,True
p0_st5_50_bearish_sr350_lr750_buf2ticks_tgnone,"P0 st5_50_bearish, short $350, switch long $750, buffer 2ticks, guard none",st5_50_bearish,350.0,750.0,2ticks,none,1711,0.575686732904734,35744.179999999986,-15752.779999999975,2.2690712369499253,1.0947625050537184,20.890812390414954,960,751,305,32336.47999999999,3407.699999999995,5283.219999999996,412941.68,-377197.5,2016,3407.699999999994,5283.219999999999,85,10399.560000000001,-3059.0799999999977,0.6823529411764706,18,-974.7800000000004,-3059.08,0.5555555555555556,1,100.76,0.0,3,1292.04,0.0,8,3504.1399999999994,0.0,15,4724.300000000001,-551.48,29,6186.939999999999,-1173.94,58,7822.539999999999,-3059.08,112,9489.319999999998,-4561.46,2578,1768,0,0,4.0,2653.0999999999985,-3628.3399999999765,1658.279999999999,1026.0199999999995,0.0,0.0,396.98,222.24,1156.5199999999995,222.24,1264.300000000001,0.0,801.6799999999985,-312.46000000000004,3787.4799999999996,1026.02,4103.839999999995,0.0,4852.700000000001,True,False,True
p0_st5_50_bearish_sr350_lr750_buf2ticks_tg1030,"P0 st5_50_bearish, short $350, switch long $750, buffer 2ticks, guard 10:30",st5_50_bearish,350.0,750.0,2ticks,10:30,1666,0.5786314525810324,37771.29999999999,-14441.919999999978,2.6153932441115892,1.1015631911309371,22.67184873949579,973,693,293,32093.299999999977,5677.999999999993,4274.939999999996,409670.8,-371899.5,1959,5677.999999999993,4274.939999999997,83,9960.779999999999,-3059.079999999998,0.6746987951807228,18,-974.7800000000004,-3059.08,0.5555555555555556,1,100.76,0.0,3,1292.04,0.0,9,3401.9,-102.24000000000001,16,4622.0599999999995,-551.48,29,6158.939999999999,-1099.7000000000003,58,7794.540000000001,-3059.08,108,9325.519999999999,-4561.46,1956,1208,704,0,4.0,4680.220000000001,-2317.4799999999796,1658.279999999999,1026.0199999999995,0.0,0.0,396.98,222.24,1054.2800000000002,120.0,1162.0599999999995,0.0,773.6799999999985,-238.22000000000025,3759.4800000000014,1026.02,3940.0399999999954,0.0,4953.172,True,False,True
p0_st5_50_bearish_sr350_lr750_buf2ticks_tg1100,"P0 st5_50_bearish, short $350, switch long $750, buffer 2ticks, guard 11:00",st5_50_bearish,350.0,750.0,2ticks,11:00,1694,0.5791027154663518,38473.819999999985,-14369.97999999998,2.6773746379605288,1.1028465702911507,22.711818181818174,966,728,299,32818.87999999998,5654.939999999995,6132.459999999997,412563.3,-374089.48,1993,5654.939999999994,6132.459999999997,84,10188.300000000001,-3059.0799999999977,0.6785714285714286,18,-974.7800000000004,-3059.08,0.5555555555555556,1,100.76,0.0,3,1292.04,0.0,8,3504.1399999999994,0.0,15,4724.300000000001,-551.48,29,6186.939999999999,-1173.94,58,7822.539999999999,-3059.08,110,9489.800000000001,-4561.46,2246,1460,260,0,4.0,5382.739999999998,-2245.539999999981,1658.279999999999,1026.0199999999995,0.0,0.0,396.98,222.24,1156.5199999999995,222.24,1264.300000000001,0.0,801.6799999999985,-312.46000000000004,3787.4799999999996,1026.02,4104.319999999998,0.0,5125.664000000001,True,False,True
p0_st5_50_bearish_sr350_lr750_buf0_25r_tgnone,"P0 st5_50_bearish, short $350, switch long $750, buffer 0.25r, guard none",st5_50_bearish,350.0,750.0,0.25r,none,1711,0.5604909409701929,32113.499999999985,-15806.11999999997,2.031713032673423,1.0895661482548387,18.768848626534183,960,751,236,26638.799999999992,5474.699999999994,-414.46000000000276,390658.56000000006,-358545.06000000006,1947,5474.699999999992,-414.4599999999991,85,6416.380000000001,-3059.0799999999977,0.6352941176470588,18,-974.7800000000004,-3059.08,0.5555555555555556,1,100.76,0.0,3,1292.04,0.0,8,2261.62,-373.98,15,765.5199999999998,-1715.44,29,1559.8399999999995,-2691.6600000000003,58,3195.439999999999,-3059.08,112,4946.879999999999,-4561.46,2578,1768,0,0,4.0,-977.5800000000017,-3681.679999999971,1658.279999999999,1026.0199999999995,0.0,0.0,396.98,222.24,-86.0,-151.74,-2694.4800000000005,-1163.96,-3825.420000000001,-1830.1800000000003,-839.6200000000003,1026.02,-438.600000000004,0.0,-633.1080000000007,False,False,True
p0_st5_50_bearish_sr350_lr750_buf0_25r_tg1030,"P0 st5_50_bearish, short $350, switch long $750, buffer 0.25r, guard 10:30",st5_50_bearish,350.0,750.0,0.25r,10:30,1666,0.563625450180072,33386.559999999976,-16133.559999999969,2.0693858020176603,1.0942944696907648,20.039951980792303,973,693,227,25882.55999999998,7503.999999999993,-1935.8000000000047,387453.56,-354067.0,1893,7503.999999999993,-1935.8000000000002,83,5977.6,-3059.0799999999977,0.6265060240963856,18,-974.7800000000004,-3059.08,0.5555555555555556,1,100.76,0.0,3,1292.04,0.0,9,2159.38,-373.98,16,663.2799999999997,-1715.44,29,1531.8399999999995,-2617.42,58,3167.4399999999996,-3059.08,108,4783.079999999998,-4561.46,1956,1208,704,0,4.0,295.47999999998865,-4009.11999999997,1658.279999999999,1026.0199999999995,0.0,0.0,396.98,222.24,-188.23999999999978,-151.74,-2796.7200000000003,-1163.96,-3853.420000000001,-1755.94,-867.6199999999999,1026.02,-602.4000000000051,0.0,-608.0420000000017,False,False,True
p0_st5_50_bearish_sr350_lr750_buf0_25r_tg1100,"P0 st5_50_bearish, short $350, switch long $750, buffer 0.25r, guard 11:00",st5_50_bearish,350.0,750.0,0.25r,11:00,1694,0.5637544273907911,33549.79999999998,-16115.879999999963,2.0817851708997623,1.094056285747559,19.805076741440367,966,728,233,26237.85999999998,7311.939999999993,-448.5600000000013,390248.98,-356699.18,1927,7311.939999999993,-448.5599999999995,84,6205.120000000001,-3059.0799999999977,0.6309523809523809,18,-974.7800000000004,-3059.08,0.5555555555555556,1,100.76,0.0,3,1292.04,0.0,8,2261.62,-373.98,15,765.5199999999998,-1715.44,29,1559.8399999999995,-2691.6600000000003,58,3195.439999999999,-3059.08,110,4947.360000000001,-4561.46,2246,1460,260,0,4.0,458.7199999999939,-3991.439999999964,1658.279999999999,1026.0199999999995,0.0,0.0,396.98,222.24,-86.0,-151.74,-2694.4800000000005,-1163.96,-3825.420000000001,-1830.1800000000003,-839.6200000000003,1026.02,-438.1200000000026,0.0,-489.4780000000012,False,False,True
p0_st5_50_bearish_sr500_lr500_buf0_tgnone,"P0 st5_50_bearish, short $500, switch long $500, buffer 0, guard none",st5_50_bearish,500.0,500.0,0,none,1760,0.5431818181818182,44337.19999999998,-11613.94,3.8175847300743744,1.1114368301523574,25.1915909090909,960,800,327,35128.07999999999,9209.119999999992,8074.819999999996,442205.66000000003,-397868.46,2087,9209.119999999992,8074.819999999998,95,9181.22,-3186.539999999997,0.6105263157894737,20,-1365.7199999999998,-3186.54,0.5,2,-65.48,-166.24,6,1154.08,-668.96,12,2041.4399999999998,-668.9599999999998,20,2225.8599999999997,-886.2,34,2580.7199999999993,-2260.7000000000003,65,4790.9,-3186.5400000000004,128,8543.080000000002,-4858.2,2578,1768,0,0,4.0,11246.119999999995,510.4999999999982,1267.3399999999997,898.5599999999995,-166.24,-166.24,259.02,-446.72,-306.18000000000006,-446.7199999999998,-1234.1400000000003,-334.72,-2804.540000000001,-1399.2200000000003,755.8400000000001,898.5599999999995,3157.5999999999985,-296.7399999999998,2781.106999999999,False,False,True
p0_st5_50_bearish_sr500_lr500_buf0_tg1030,"P0 st5_50_bearish, short $500, switch long $500, buffer 0, guard 10:30",st5_50_bearish,500.0,500.0,0,10:30,1712,0.5473130841121495,47226.37999999999,-10606.359999999997,4.452647279556794,1.1209905703640102,27.58550233644859,973,739,314,35128.07999999998,12098.299999999994,7309.719999999996,437557.4600000001,-390331.08,2026,12098.299999999994,7309.719999999999,92,9202.42,-3186.539999999997,0.6086956521739131,20,-1365.7199999999998,-3186.54,0.5,2,-65.48,-166.24,6,1154.08,-668.96,12,2399.1800000000003,-668.9599999999996,20,2583.6000000000004,-886.2,33,3012.7,-2186.46,64,5222.879999999999,-3186.5400000000004,122,8427.5,-4858.200000000001,1956,1208,704,0,4.0,14135.300000000003,1518.0800000000017,1267.3399999999997,898.5599999999995,-166.24,-166.24,259.02,-446.72,51.5600000000004,-446.7199999999996,-876.3999999999996,-334.72,-2372.5600000000004,-1324.98,1187.8199999999997,898.5599999999995,3042.019999999997,-296.7400000000007,3427.7650000000003,False,False,True
p0_st5_50_bearish_sr500_lr500_buf0_tg1100,"P0 st5_50_bearish, short $500, switch long $500, buffer 0, guard 11:00",st5_50_bearish,500.0,500.0,0,11:00,1742,0.5470723306544202,47738.43999999999,-10473.519999999997,4.558012969851588,1.1211761322431695,27.404385763490232,966,776,321,35128.07999999999,12610.359999999993,8441.659999999996,441697.54000000004,-393959.10000000003,2063,12610.359999999993,8441.659999999998,94,8969.960000000001,-3186.539999999997,0.6063829787234043,20,-1365.7199999999998,-3186.54,0.5,2,-65.48,-166.24,6,1154.08,-668.96,12,2041.4399999999998,-668.9599999999998,20,2225.8599999999997,-886.2,34,2580.7199999999993,-2260.7000000000003,65,4790.9,-3186.5400000000004,126,8543.560000000001,-4858.2,2246,1460,260,0,4.0,14647.36,1650.920000000002,1267.3399999999997,898.5599999999995,-166.24,-166.24,259.02,-446.72,-306.18000000000006,-446.7199999999998,-1234.1400000000003,-334.72,-2804.540000000001,-1399.2200000000003,755.8400000000001,898.5599999999995,3158.079999999998,-296.7399999999998,3121.2309999999998,False,False,True
p0_st5_50_bearish_sr500_lr500_buf2ticks_tgnone,"P0 st5_50_bearish, short $500, switch long $500, buffer 2ticks, guard none",st5_50_bearish,500.0,500.0,2ticks,none,1760,0.5426136363636364,41393.679999999986,-13737.819999999978,3.0131185297230605,1.1034821148353864,23.519136363636356,960,800,326,33334.05999999998,8059.6199999999935,6280.799999999996,441401.74000000005,-400008.05999999994,2086,8059.619999999993,6280.799999999998,95,9093.22,-3186.539999999997,0.6105263157894737,20,-1365.7199999999998,-3186.54,0.5,2,-65.48,-166.24,6,1154.08,-668.96,12,2041.4399999999998,-668.9599999999998,20,2225.8599999999997,-886.2,34,2492.7199999999993,-2348.7000000000003,65,4702.9,-3186.5400000000004,128,8455.080000000002,-4858.2,2578,1768,0,0,4.0,8302.599999999999,-1613.3799999999792,1267.3399999999997,898.5599999999995,-166.24,-166.24,259.02,-446.72,-306.18000000000006,-446.7199999999998,-1234.1400000000003,-334.72,-2892.540000000001,-1487.2200000000003,667.8400000000001,898.5599999999995,3069.5999999999985,-296.7399999999998,2486.754999999999,False,False,True
p0_st5_50_bearish_sr500_lr500_buf2ticks_tg1030,"P0 st5_50_bearish, short $500, switch long $500, buffer 2ticks, guard 10:30",st5_50_bearish,500.0,500.0,2ticks,10:30,1712,0.5467289719626168,44312.61999999999,-12567.979999999989,3.5258347005644524,1.1129153911880547,25.88353971962616,973,739,313,33353.81999999998,10958.799999999994,5535.4599999999955,436753.54000000004,-392440.92,2025,10958.799999999996,5535.459999999999,92,9114.42,-3186.539999999997,0.6086956521739131,20,-1365.7199999999998,-3186.54,0.5,2,-65.48,-166.24,6,1154.08,-668.96,12,2399.1800000000003,-668.9599999999996,20,2583.6000000000004,-886.2,33,2924.7,-2274.46,64,5134.879999999999,-3186.5400000000004,122,8339.5,-4858.200000000001,1956,1208,704,0,4.0,11221.54,-443.53999999998996,1267.3399999999997,898.5599999999995,-166.24,-166.24,259.02,-446.72,51.5600000000004,-446.7199999999996,-876.3999999999996,-334.72,-2460.5600000000004,-1412.98,1099.8199999999997,898.5599999999995,2954.019999999997,-296.7400000000007,3136.389,False,False,True
p0_st5_50_bearish_sr500_lr500_buf2ticks_tg1100,"P0 st5_50_bearish, short $500, switch long $500, buffer 2ticks, guard 11:00",st5_50_bearish,500.0,500.0,2ticks,11:00,1742,0.5464982778415615,44794.919999999984,-11866.739999999994,3.774829481390846,1.1130902979484658,25.714649827784147,966,776,320,33334.05999999998,11460.859999999993,6647.639999999998,440893.62,-396098.7,2062,11460.859999999993,6647.639999999998,94,8881.960000000001,-3186.539999999997,0.6063829787234043,20,-1365.7199999999998,-3186.54,0.5,2,-65.48,-166.24,6,1154.08,-668.96,12,2041.4399999999998,-668.9599999999998,20,2225.8599999999997,-886.2,34,2492.7199999999993,-2348.7000000000003,65,4702.9,-3186.5400000000004,126,8455.560000000001,-4858.2,2246,1460,260,0,4.0,11703.839999999997,257.70000000000437,1267.3399999999997,898.5599999999995,-166.24,-166.24,259.02,-446.72,-306.18000000000006,-446.7199999999998,-1234.1400000000003,-334.72,-2892.540000000001,-1487.2200000000003,667.8400000000001,898.5599999999995,3070.079999999998,-296.7399999999998,2826.878999999999,False,False,True
p0_st5_50_bearish_sr500_lr500_buf0_25r_tgnone,"P0 st5_50_bearish, short $500, switch long $500, buffer 0.25r, guard none",st5_50_bearish,500.0,500.0,0.25r,none,1760,0.5352272727272728,38619.01999999998,-14018.919999999975,2.7547785421416235,1.0962294874864853,21.94262499999999,960,800,252,28832.89999999999,9786.119999999988,1779.6399999999985,439941.12,-401322.1,2008,9786.11999999999,1779.6400000000012,95,6798.58,-3399.499999999995,0.5789473684210527,20,-1684.7200000000007,-3338.2599999999993,0.5,2,-65.48,-166.24,6,1501.32,-321.72,12,1605.6599999999999,-658.94,20,-50.94000000000027,-1825.38,34,-84.38000000000055,-3298.42,65,1806.7999999999988,-3399.5,128,5427.680000000002,-4858.200000000001,2578,1768,0,0,4.0,5527.939999999995,-1894.479999999976,948.3399999999988,746.8400000000001,-166.24,-166.24,606.26,-99.48000000000002,-741.96,-436.70000000000005,-3510.94,-1273.9,-5469.64,-2436.94,-2228.2600000000007,685.5999999999999,42.19999999999891,-296.7400000000007,-1086.4410000000012,False,False,True
p0_st5_50_bearish_sr500_lr500_buf0_25r_tg1030,"P0 st5_50_bearish, short $500, switch long $500, buffer 0.25r, guard 10:30",st5_50_bearish,500.0,500.0,0.25r,10:30,1712,0.5385514018691588,40635.83999999999,-14664.619999999983,2.771012136693623,1.1030560149535789,23.735887850467282,973,739,243,28497.539999999986,12138.299999999988,679.1799999999976,434944.12,-394308.28,1951,12138.299999999996,679.1800000000007,92,6617.540000000001,-3399.499999999996,0.5760869565217391,20,-1684.7200000000007,-3338.2599999999993,0.5,2,-65.48,-166.24,6,1501.32,-321.72,12,1761.16,-658.94,20,104.55999999999972,-1825.38,33,145.35999999999922,-3224.1800000000003,64,2036.5399999999995,-3399.5,122,5109.859999999999,-4858.200000000001,1956,1208,704,0,4.0,7544.760000000002,-2540.179999999984,948.3399999999988,746.8400000000001,-166.24,-166.24,606.26,-99.48000000000002,-586.4599999999998,-436.70000000000005,-3355.4400000000005,-1273.9,-5239.9000000000015,-2362.7000000000003,-1998.52,685.5999999999999,-275.62000000000444,-296.7400000000007,-729.2590000000004,False,False,True
p0_st5_50_bearish_sr500_lr500_buf0_25r_tg1100,"P0 st5_50_bearish, short $500, switch long $500, buffer 0.25r, guard 11:00",st5_50_bearish,500.0,500.0,0.25r,11:00,1742,0.5384615384615384,40853.35999999998,-13964.599999999979,2.9254944645747134,1.1025871326289045,23.45198622273248,966,776,249,28371.999999999985,12481.359999999988,1685.579999999999,439084.2,-398230.83999999997,1987,12481.35999999999,1685.5800000000017,94,6587.32,-3399.499999999995,0.574468085106383,20,-1684.7200000000007,-3338.2599999999993,0.5,2,-65.48,-166.24,6,1501.32,-321.72,12,1605.6599999999999,-658.94,20,-50.94000000000027,-1825.38,34,-84.38000000000055,-3298.42,65,1806.7999999999988,-3399.5,126,5428.160000000002,-4858.200000000001,2246,1460,260,0,4.0,7762.279999999992,-1840.1599999999798,948.3399999999988,746.8400000000001,-166.24,-166.24,606.26,-99.48000000000002,-741.96,-436.70000000000005,-3510.94,-1273.9,-5469.64,-2436.94,-2228.2600000000007,685.5999999999999,42.67999999999847,-296.7400000000007,-863.0070000000014,False,False,True
p0_st5_50_bearish_sr500_lr750_buf0_tgnone,"P0 st5_50_bearish, short $500, switch long $750, buffer 0, guard none",st5_50_bearish,500.0,750.0,0,none,1760,0.5619318181818181,45959.999999999985,-15633.259999999982,2.9398858587396384,1.1086806056243304,26.113636363636356,960,800,327,36750.87999999999,9209.119999999992,9697.619999999995,468850.54000000004,-422890.54,2087,9209.119999999992,9697.620000000003,95,11259.900000000003,-3313.2799999999966,0.631578947368421,20,-1271.7000000000003,-3313.2799999999997,0.5,2,-65.48,-166.24,6,1154.08,-668.96,12,2556.7200000000003,-668.9599999999996,20,3263.66,-886.2,34,4294.82,-1689.6600000000003,65,6599.019999999999,-3313.2800000000007,128,11235.56,-4858.2,2578,1768,0,0,4.0,12868.919999999998,-3508.8199999999833,1361.3599999999992,771.8199999999997,-166.24,-166.24,259.02,-446.72,209.10000000000036,-446.7199999999996,-196.34000000000015,-334.72,-1090.4400000000005,-828.1800000000003,2563.959999999999,771.8199999999993,5850.079999999996,-296.7399999999998,4004.6919999999996,False,False,True
p0_st5_50_bearish_sr500_lr750_buf0_tg1030,"P0 st5_50_bearish, short $500, switch long $750, buffer 0, guard 10:30",st5_50_bearish,500.0,750.0,0,10:30,1712,0.5654205607476636,48792.47999999998,-13805.239999999994,3.5343449298961844,1.117643059250752,28.500280373831764,973,739,314,36694.179999999986,12098.299999999994,8875.82,463542.66000000003,-414750.18,2026,12098.299999999994,8875.819999999996,92,11383.34,-3313.2799999999975,0.6304347826086957,20,-1271.7000000000003,-3313.2799999999997,0.5,2,-65.48,-166.24,6,1154.08,-668.96,12,3016.7,-668.9599999999996,20,3723.6400000000003,-886.2,33,4829.039999999999,-1615.4200000000003,64,7133.24,-3313.2800000000007,122,11222.22,-4858.2,1956,1208,704,0,4.0,15701.399999999994,-1680.7999999999956,1361.3599999999992,771.8199999999997,-166.24,-166.24,259.02,-446.72,669.0799999999999,-446.7199999999996,263.6400000000003,-334.72,-556.2200000000012,-753.9400000000003,3098.1800000000003,771.8199999999993,5836.739999999996,-296.7399999999998,4747.92,True,False,True
p0_st5_50_bearish_sr500_lr750_buf0_tg1100,"P0 st5_50_bearish, short $500, switch long $750, buffer 0, guard 11:00",st5_50_bearish,500.0,750.0,0,11:00,1742,0.5654420206659012,49843.63999999999,-13408.079999999994,3.7174330702084126,1.1191136602589282,28.612881745120546,966,776,321,37233.279999999984,12610.359999999993,10546.859999999999,468298.08,-418454.43999999994,2063,12610.359999999993,10546.86,94,11048.640000000001,-3313.2799999999966,0.6276595744680851,20,-1271.7000000000003,-3313.2799999999997,0.5,2,-65.48,-166.24,6,1154.08,-668.96,12,2556.7200000000003,-668.9599999999996,20,3263.66,-886.2,34,4294.82,-1689.6600000000003,65,6599.019999999999,-3313.2800000000007,126,11236.040000000003,-4858.2,2246,1460,260,0,4.0,16752.560000000005,-1283.6399999999958,1361.3599999999992,771.8199999999997,-166.24,-166.24,259.02,-446.72,209.10000000000036,-446.7199999999996,-196.34000000000015,-334.72,-1090.4400000000005,-828.1800000000003,2563.959999999999,771.8199999999993,5850.5599999999995,-296.7399999999998,4393.0560000000005,False,False,True
p0_st5_50_bearish_sr500_lr750_buf2ticks_tgnone,"P0 st5_50_bearish, short $500, switch long $750, buffer 2ticks, guard none",st5_50_bearish,500.0,750.0,2ticks,none,1760,0.5607954545454545,42354.44,-18323.39999999997,2.3114945916150975,1.099686436058879,24.06502272727273,960,800,326,34294.819999999985,8059.6199999999935,7241.559999999998,467231.1,-424876.66,2086,8059.619999999993,7241.56,95,11149.900000000003,-3313.2799999999966,0.631578947368421,20,-1271.7000000000003,-3313.2799999999997,0.5,2,-65.48,-166.24,6,1154.08,-668.96,12,2556.7200000000003,-668.9599999999996,20,3263.66,-886.2,34,4184.82,-1799.6600000000003,65,6489.019999999999,-3313.2800000000007,128,11125.56,-4858.2,2578,1768,0,0,4.0,9263.360000000015,-6198.95999999997,1361.3599999999992,771.8199999999997,-166.24,-166.24,259.02,-446.72,209.10000000000036,-446.7199999999996,-196.34000000000015,-334.72,-1200.4400000000005,-938.1800000000003,2453.959999999999,771.8199999999993,5740.079999999996,-296.7399999999998,3644.1360000000013,False,False,True
p0_st5_50_bearish_sr500_lr750_buf2ticks_tg1030,"P0 st5_50_bearish, short $500, switch long $750, buffer 2ticks, guard 10:30",st5_50_bearish,500.0,750.0,2ticks,10:30,1712,0.5642523364485982,45214.91999999999,-16495.37999999998,2.741065680208643,1.108504966183779,26.41058411214953,973,739,313,34256.11999999999,10958.799999999994,6437.759999999997,461923.22000000003,-416708.3,2025,10958.799999999996,6437.7599999999975,92,11273.34,-3313.2799999999975,0.6304347826086957,20,-1271.7000000000003,-3313.2799999999997,0.5,2,-65.48,-166.24,6,1154.08,-668.96,12,3016.7,-668.9599999999996,20,3723.6400000000003,-886.2,33,4719.039999999999,-1725.4200000000003,64,7023.24,-3313.2800000000007,122,11112.22,-4858.2,1956,1208,704,0,4.0,12123.840000000004,-4370.9399999999805,1361.3599999999992,771.8199999999997,-166.24,-166.24,259.02,-446.72,669.0799999999999,-446.7199999999996,263.6400000000003,-334.72,-666.2200000000012,-863.9400000000003,2988.1800000000003,771.8199999999993,5726.739999999996,-296.7399999999998,4390.164000000001,True,False,True
p0_st5_50_bearish_sr500_lr750_buf2ticks_tg1100,"P0 st5_50_bearish, short $500, switch long $750, buffer 2ticks, guard 11:00",st5_50_bearish,500.0,750.0,2ticks,11:00,1742,0.5642939150401837,46238.07999999999,-15882.73999999998,2.9112155711168253,1.109975307805698,26.54309988518943,966,776,320,34777.21999999999,11460.859999999993,8090.799999999998,466678.64,-420440.56,2062,11460.859999999993,8090.799999999999,94,10938.640000000001,-3313.2799999999966,0.6276595744680851,20,-1271.7000000000003,-3313.2799999999997,0.5,2,-65.48,-166.24,6,1154.08,-668.96,12,2556.7200000000003,-668.9599999999996,20,3263.66,-886.2,34,4184.82,-1799.6600000000003,65,6489.019999999999,-3313.2800000000007,126,11126.040000000003,-4858.2,2246,1460,260,0,4.0,13147.0,-3758.299999999981,1361.3599999999992,771.8199999999997,-166.24,-166.24,259.02,-446.72,209.10000000000036,-446.7199999999996,-196.34000000000015,-334.72,-1200.4400000000005,-938.1800000000003,2453.959999999999,771.8199999999993,5740.5599999999995,-296.7399999999998,4032.5,False,False,True
p0_st5_50_bearish_sr500_lr750_buf0_25r_tgnone,"P0 st5_50_bearish, short $500, switch long $750, buffer 0.25r, guard none",st5_50_bearish,500.0,750.0,0.25r,none,1760,0.5431818181818182,36650.07999999999,-17863.739999999976,2.0516465197097604,1.0884820862432167,20.823909090909083,960,800,252,26863.959999999985,9786.119999999988,-189.3000000000029,450859.12,-414209.04,2011,9786.11999999999,-189.29999999999836,95,6723.920000000002,-3817.3799999999974,0.5894736842105263,20,-1885.9600000000005,-3539.499999999999,0.5,2,-65.48,-166.24,6,1501.32,-321.72,12,1882.9199999999998,-381.68000000000006,20,-435.1600000000003,-2486.8599999999997,34,-282.3200000000006,-3817.3800000000006,65,1407.619999999999,-3817.38,128,5559.06,-4858.2,2578,1768,0,0,4.0,3559.0,-5739.299999999977,747.099999999999,545.6000000000004,-166.24,-166.24,606.26,-99.48000000000002,-464.70000000000005,-159.44000000000005,-3895.1600000000003,-1935.3799999999997,-5667.580000000001,-2955.9000000000005,-2627.4400000000005,267.7199999999998,173.5799999999972,-296.7399999999998,-2379.3450000000003,False,False,True
p0_st5_50_bearish_sr500_lr750_buf0_25r_tg1030,"P0 st5_50_bearish, short $500, switch long $750, buffer 0.25r, guard 10:30",st5_50_bearish,500.0,750.0,0.25r,10:30,1712,0.5461448598130841,38246.01999999999,-18305.959999999955,2.089266009540067,1.0939703896376018,22.33996495327102,973,739,243,26107.71999999998,12138.299999999988,-1710.640000000004,445246.78,-407000.75999999995,1954,12138.299999999996,-1710.6400000000012,92,6542.879999999999,-3743.1399999999976,0.5869565217391305,20,-1885.9600000000005,-3539.499999999999,0.5,2,-65.48,-166.24,6,1501.32,-321.72,12,2038.4199999999998,-381.68000000000006,20,-279.6600000000003,-2486.8599999999997,33,-52.58000000000084,-3743.1400000000003,64,1637.3600000000001,-3743.14,122,5241.239999999998,-4858.2,1956,1208,704,0,4.0,5154.940000000002,-6181.519999999957,747.099999999999,545.6000000000004,-166.24,-166.24,606.26,-99.48000000000002,-309.20000000000005,-159.44000000000005,-3739.6600000000003,-1935.3799999999997,-5437.840000000001,-2881.6600000000003,-2397.6999999999994,341.96000000000004,-144.24000000000524,-296.7399999999998,-2064.251,False,False,True
p0_st5_50_bearish_sr500_lr750_buf0_25r_tg1100,"P0 st5_50_bearish, short $500, switch long $750, buffer 0.25r, guard 11:00",st5_50_bearish,500.0,750.0,0.25r,11:00,1742,0.5464982778415615,38944.37999999999,-17809.419999999966,2.186729270240135,1.0947418540778522,22.356130884041328,966,776,249,26463.019999999986,12481.359999999988,-223.40000000000236,450002.20000000007,-411057.82,1990,12481.35999999999,-223.39999999999964,94,6512.66,-3817.3799999999974,0.5851063829787234,20,-1885.9600000000005,-3539.499999999999,0.5,2,-65.48,-166.24,6,1501.32,-321.72,12,1882.9199999999998,-381.68000000000006,20,-435.1600000000003,-2486.8599999999997,34,-282.3200000000006,-3817.3800000000006,65,1407.619999999999,-3817.38,126,5559.540000000001,-4858.2,2246,1460,260,0,4.0,5853.300000000003,-5684.979999999967,747.099999999999,545.6000000000004,-166.24,-166.24,606.26,-99.48000000000002,-464.70000000000005,-159.44000000000005,-3895.1600000000003,-1935.3799999999997,-5667.580000000001,-2955.9000000000005,-2627.4400000000005,267.7199999999998,174.05999999999767,-296.7399999999998,-2149.915,False,False,True
p0_st5_20_bearish_sr250_lr500_buf0_tgnone,"P0 st5_20_bearish, short $250, switch long $500, buffer 0, guard none",st5_20_bearish,250.0,500.0,0,none,1598,0.5694618272841051,40229.19999999998,-11290.179999999997,3.5632027124456824,1.1300800536911813,25.174718397997484,984,614,241,35215.81999999998,5013.379999999996,7477.739999999998,349494.14,-309264.94000000006,1839,5013.379999999998,7477.739999999998,71,6668.92,-3577.339999999999,0.647887323943662,15,-2346.06,-3577.34,0.4666666666666667,1,100.76,0.0,3,1292.04,0.0,7,2322.1000000000004,-102.24000000000001,14,3172.48,-551.48,25,4284.5,-1223.2600000000002,50,4198.5599999999995,-3577.34,96,5950.0999999999985,-4561.46,3262,2474,0,0,4.0,7138.119999999995,834.260000000002,286.99999999999955,507.7599999999993,0.0,0.0,396.98,222.24,-25.519999999999527,120.0,-287.52,0.0,-1100.7600000000002,-361.7800000000002,163.5,507.75999999999976,564.6199999999953,0.0,3406.5619999999994,False,False,True
p0_st5_20_bearish_sr250_lr500_buf0_tg1030,"P0 st5_20_bearish, short $250, switch long $500, buffer 0, guard 10:30",st5_20_bearish,250.0,500.0,0,10:30,1557,0.5748233782915864,42386.139999999985,-10926.3,3.879276607817833,1.1382959035757136,27.22295439948618,996,561,229,35215.819999999985,7170.319999999997,6214.619999999999,348874.9,-306488.76,1786,7170.319999999996,6214.619999999998,70,6569.16,-3577.339999999999,0.6428571428571429,15,-2346.06,-3577.34,0.4666666666666667,1,100.76,0.0,3,1292.04,0.0,7,2322.1000000000004,-102.24000000000001,14,3172.48,-551.48,25,4284.5,-1223.2600000000002,50,4198.5599999999995,-3577.34,95,5850.34,-4561.46,2204,1486,811,0,4.0,9295.059999999998,1198.1399999999994,286.99999999999955,507.7599999999993,0.0,0.0,396.98,222.24,-25.519999999999527,120.0,-287.52,0.0,-1100.7600000000002,-361.7800000000002,163.5,507.75999999999976,464.85999999999694,0.0,3622.256,False,False,True
p0_st5_20_bearish_sr250_lr500_buf0_tg1100,"P0 st5_20_bearish, short $250, switch long $500, buffer 0, guard 11:00",st5_20_bearish,250.0,500.0,0,11:00,1581,0.5736875395319418,42217.319999999985,-10981.739999999996,3.84431975260751,1.1372141242404235,26.70292220113851,991,590,234,35215.81999999998,7001.499999999996,6992.019999999999,349892.06,-307674.74,1815,7001.499999999998,6992.019999999999,71,6668.92,-3577.339999999999,0.647887323943662,15,-2346.06,-3577.34,0.4666666666666667,1,100.76,0.0,3,1292.04,0.0,7,2322.1000000000004,-102.24000000000001,14,3172.48,-551.48,25,4284.5,-1223.2600000000002,50,4198.5599999999995,-3577.34,96,5950.0999999999985,-4561.46,2640,1881,369,0,4.0,9126.239999999998,1142.7000000000025,286.99999999999955,507.7599999999993,0.0,0.0,396.98,222.24,-25.519999999999527,120.0,-287.52,0.0,-1100.7600000000002,-361.7800000000002,163.5,507.75999999999976,564.6199999999953,0.0,3605.374,False,False,True
p0_st5_20_bearish_sr250_lr500_buf2ticks_tgnone,"P0 st5_20_bearish, short $250, switch long $500, buffer 2ticks, guard none",st5_20_bearish,250.0,500.0,2ticks,none,1598,0.5682102628285357,38098.43999999998,-11943.759999999998,3.1898196212917864,1.1228028509994241,23.84132665832289,984,614,240,33572.559999999976,4525.8799999999965,5834.479999999998,348339.12,-310240.68,1838,4525.879999999998,5834.479999999998,71,6602.92,-3577.339999999999,0.647887323943662,15,-2346.06,-3577.34,0.4666666666666667,1,100.76,0.0,3,1292.04,0.0,7,2322.1000000000004,-102.24000000000001,14,3172.48,-551.48,25,4218.5,-1289.2600000000002,50,4132.5599999999995,-3577.34,96,5884.0999999999985,-4561.46,3262,2474,0,0,4.0,5007.359999999993,180.6800000000003,286.99999999999955,507.7599999999993,0.0,0.0,396.98,222.24,-25.519999999999527,120.0,-287.52,0.0,-1166.7600000000002,-427.7800000000002,97.5,507.75999999999976,498.61999999999534,0.0,3193.4859999999994,False,False,True
p0_st5_20_bearish_sr250_lr500_buf2ticks_tg1030,"P0 st5_20_bearish, short $250, switch long $500, buffer 2ticks, guard 10:30",st5_20_bearish,250.0,500.0,2ticks,10:30,1557,0.573538856775851,40280.139999999985,-11579.879999999997,3.478459189559822,1.1310180004705963,25.87035324341682,996,561,228,33592.319999999985,6687.819999999997,4591.119999999999,347719.88,-307439.74,1785,6687.819999999996,4591.12,70,6503.16,-3577.339999999999,0.6428571428571429,15,-2346.06,-3577.34,0.4666666666666667,1,100.76,0.0,3,1292.04,0.0,7,2322.1000000000004,-102.24000000000001,14,3172.48,-551.48,25,4218.5,-1289.2600000000002,50,4132.5599999999995,-3577.34,95,5784.34,-4561.46,2204,1486,811,0,4.0,7189.059999999998,544.5600000000013,286.99999999999955,507.7599999999993,0.0,0.0,396.98,222.24,-25.519999999999527,120.0,-287.52,0.0,-1166.7600000000002,-427.7800000000002,97.5,507.75999999999976,398.85999999999694,0.0,3411.656,False,False,True
p0_st5_20_bearish_sr250_lr500_buf2ticks_tg1100,"P0 st5_20_bearish, short $250, switch long $500, buffer 2ticks, guard 11:00",st5_20_bearish,250.0,500.0,2ticks,11:00,1581,0.5724225173940544,40086.55999999998,-11635.319999999998,3.4452477456571877,1.1298768756167172,25.355192915876017,991,590,233,33572.55999999998,6513.999999999996,5348.7599999999975,348737.04000000004,-308650.48,1814,6513.999999999997,5348.76,71,6602.92,-3577.339999999999,0.647887323943662,15,-2346.06,-3577.34,0.4666666666666667,1,100.76,0.0,3,1292.04,0.0,7,2322.1000000000004,-102.24000000000001,14,3172.48,-551.48,25,4218.5,-1289.2600000000002,50,4132.5599999999995,-3577.34,96,5884.0999999999985,-4561.46,2640,1881,369,0,4.0,6995.479999999996,489.1200000000008,286.99999999999955,507.7599999999993,0.0,0.0,396.98,222.24,-25.519999999999527,120.0,-287.52,0.0,-1166.7600000000002,-427.7800000000002,97.5,507.75999999999976,498.61999999999534,0.0,3392.298,False,False,True
p0_st5_20_bearish_sr250_lr500_buf0_25r_tgnone,"P0 st5_20_bearish, short $250, switch long $500, buffer 0.25r, guard none",st5_20_bearish,250.0,500.0,0.25r,none,1598,0.5607008760951189,35182.83999999998,-11807.119999999999,2.979798629979198,1.117143862293622,22.016795994993732,984,614,186,29442.459999999985,5740.379999999996,1704.3799999999983,335521.57999999996,-300338.74,1784,5740.379999999997,1704.380000000001,71,4543.58,-3577.339999999999,0.6197183098591549,15,-2346.06,-3577.34,0.4666666666666667,1,100.76,0.0,3,1292.04,0.0,7,1631.84,-155.22000000000003,14,993.4599999999998,-857.72,25,2050.9399999999996,-1559.2400000000002,50,1964.9999999999995,-3577.34,96,3457.499999999999,-4561.46,3262,2474,0,0,4.0,2091.7599999999948,317.3199999999997,286.99999999999955,507.7599999999993,0.0,0.0,396.98,222.24,-715.78,67.01999999999998,-2466.54,-306.24,-3334.3200000000006,-697.7600000000002,-2070.06,507.75999999999976,-1927.980000000004,0.0,416.66599999999914,False,False,True
p0_st5_20_bearish_sr250_lr500_buf0_25r_tg1030,"P0 st5_20_bearish, short $250, switch long $500, buffer 0.25r, guard 10:30",st5_20_bearish,250.0,500.0,0.25r,10:30,1557,0.5664739884393064,36669.459999999985,-12505.199999999997,2.932336947829702,1.122929799178628,23.55135517019909,996,561,178,28965.63999999998,7703.819999999994,-35.560000000000855,334965.4,-298295.93999999994,1735,7703.819999999995,-35.56000000000222,70,4443.82,-3577.339999999999,0.6142857142857143,15,-2346.06,-3577.34,0.4666666666666667,1,100.76,0.0,3,1292.04,0.0,7,1631.84,-155.22000000000003,14,993.4599999999998,-857.72,25,2050.9399999999996,-1559.2400000000002,50,1964.9999999999995,-3577.34,95,3357.7399999999984,-4561.46,2204,1486,811,0,4.0,3578.3799999999974,-380.7599999999984,286.99999999999955,507.7599999999993,0.0,0.0,396.98,222.24,-715.78,67.01999999999998,-2466.54,-306.24,-3334.3200000000006,-697.7600000000002,-2070.06,507.75999999999976,-2027.7400000000048,0.0,565.3279999999994,False,False,True
p0_st5_20_bearish_sr250_lr500_buf0_25r_tg1100,"P0 st5_20_bearish, short $250, switch long $500, buffer 0.25r, guard 11:00",st5_20_bearish,250.0,500.0,0.25r,11:00,1581,0.5654648956356736,36138.359999999986,-12560.639999999998,2.877111357383063,1.1205237920226574,22.857912713472476,991,590,183,28737.859999999986,7400.499999999995,514.059999999999,335982.56000000006,-299844.19999999995,1764,7400.499999999997,514.0599999999995,71,4543.58,-3577.339999999999,0.6197183098591549,15,-2346.06,-3577.34,0.4666666666666667,1,100.76,0.0,3,1292.04,0.0,7,1631.84,-155.22000000000003,14,993.4599999999998,-857.72,25,2050.9399999999996,-1559.2400000000002,50,1964.9999999999995,-3577.34,96,3457.499999999999,-4561.46,2640,1881,369,0,4.0,3047.279999999999,-436.1999999999989,286.99999999999955,507.7599999999993,0.0,0.0,396.98,222.24,-715.78,67.01999999999998,-2466.54,-306.24,-3334.3200000000006,-697.7600000000002,-2070.06,507.75999999999976,-1927.980000000004,0.0,512.2179999999996,False,False,True
p0_st5_20_bearish_sr250_lr750_buf0_tgnone,"P0 st5_20_bearish, short $250, switch long $750, buffer 0, guard none",st5_20_bearish,250.0,750.0,0,none,1598,0.5826032540675845,42453.43999999999,-13644.419999999998,3.111414043249914,1.1275923185609933,26.5666082603254,984,614,241,37440.05999999999,5013.379999999996,9701.979999999998,375180.68000000005,-332727.24,1839,5013.379999999998,9701.98,71,8464.779999999999,-3577.3399999999983,0.647887323943662,15,-2346.06,-3577.34,0.4666666666666667,1,100.76,0.0,3,1292.04,0.0,7,2764.36,-102.24000000000001,14,4137.26,-551.48,25,5820.32,-999.8800000000001,50,5734.379999999999,-3577.34,96,8104.5,-4561.46,3262,2474,0,0,4.0,9362.36,-1519.9799999999996,286.99999999999955,507.7599999999993,0.0,0.0,396.98,222.24,416.74000000000024,120.0,677.2600000000002,0.0,435.0599999999995,-138.4000000000001,1699.3199999999997,507.75999999999976,2719.019999999997,0.0,4593.7660000000005,True,False,True
p0_st5_20_bearish_sr250_lr750_buf0_tg1030,"P0 st5_20_bearish, short $250, switch long $750, buffer 0, guard 10:30",st5_20_bearish,250.0,750.0,0,10:30,1557,0.5876685934489403,44073.91999999999,-12743.539999999997,3.458530361265394,1.13391672524306,28.306949261400124,996,561,229,36903.599999999984,7170.319999999997,7902.399999999998,373188.30000000005,-329114.38,1786,7170.319999999996,7902.399999999996,70,8365.019999999999,-3577.3399999999983,0.6428571428571429,15,-2346.06,-3577.34,0.4666666666666667,1,100.76,0.0,3,1292.04,0.0,7,2764.36,-102.24000000000001,14,4137.26,-551.48,25,5820.32,-999.8800000000001,50,5734.379999999999,-3577.34,95,8004.739999999998,-4561.46,2204,1486,811,0,4.0,10982.840000000004,-619.0999999999985,286.99999999999955,507.7599999999993,0.0,0.0,396.98,222.24,416.74000000000024,120.0,677.2600000000002,0.0,435.0599999999995,-138.4000000000001,1699.3199999999997,507.75999999999976,2619.2599999999948,0.0,4755.814,True,False,True
p0_st5_20_bearish_sr250_lr750_buf0_tg1100,"P0 st5_20_bearish, short $250, switch long $750, buffer 0, guard 11:00",st5_20_bearish,250.0,750.0,0,11:00,1581,0.5869702719797596,44394.179999999986,-12802.759999999998,3.467547622543888,1.1343288161465523,28.07981024667931,991,590,234,37392.67999999999,7001.499999999996,9168.879999999997,374883.06,-330488.88,1815,7001.499999999998,9168.879999999994,71,8464.779999999999,-3577.3399999999983,0.647887323943662,15,-2346.06,-3577.34,0.4666666666666667,1,100.76,0.0,3,1292.04,0.0,7,2764.36,-102.24000000000001,14,4137.26,-551.48,25,5820.32,-999.8800000000001,50,5734.379999999999,-3577.34,96,8104.5,-4561.46,2640,1881,369,0,4.0,11303.099999999999,-678.3199999999997,286.99999999999955,507.7599999999993,0.0,0.0,396.98,222.24,416.74000000000024,120.0,677.2600000000002,0.0,435.0599999999995,-138.4000000000001,1699.3199999999997,507.75999999999976,2719.019999999997,0.0,4787.84,True,False,True
p0_st5_20_bearish_sr250_lr750_buf2ticks_tgnone,"P0 st5_20_bearish, short $250, switch long $750, buffer 2ticks, guard none",st5_20_bearish,250.0,750.0,2ticks,none,1598,0.5807259073842302,39435.89999999998,-14232.019999999993,2.7709278092638994,1.1181621738299545,24.678285356695856,984,614,240,34910.01999999999,4525.8799999999965,7171.94,373179.76,-333743.86,1838,4525.879999999998,7171.94,71,8376.779999999999,-3577.3399999999983,0.647887323943662,15,-2346.06,-3577.34,0.4666666666666667,1,100.76,0.0,3,1292.04,0.0,7,2764.36,-102.24000000000001,14,4137.26,-551.48,25,5732.32,-1087.88,50,5646.379999999999,-3577.34,96,8016.5,-4561.46,3262,2474,0,0,4.0,6344.819999999992,-2107.5799999999945,286.99999999999955,507.7599999999993,0.0,0.0,396.98,222.24,416.74000000000024,120.0,677.2600000000002,0.0,347.0599999999995,-226.4000000000001,1611.3199999999997,507.75999999999976,2631.019999999997,0.0,4292.012,True,False,True
p0_st5_20_bearish_sr250_lr750_buf2ticks_tg1030,"P0 st5_20_bearish, short $250, switch long $750, buffer 2ticks, guard 10:30",st5_20_bearish,250.0,750.0,2ticks,10:30,1557,0.5857418111753372,41079.37999999999,-13334.919999999995,3.0805869101576917,1.1244392274230877,26.383673731534998,996,561,228,34391.55999999998,6687.819999999997,5390.359999999999,371195.38,-330116.0,1785,6687.819999999996,5390.359999999997,70,8277.019999999999,-3577.3399999999983,0.6428571428571429,15,-2346.06,-3577.34,0.4666666666666667,1,100.76,0.0,3,1292.04,0.0,7,2764.36,-102.24000000000001,14,4137.26,-551.48,25,5732.32,-1087.88,50,5646.379999999999,-3577.34,95,7916.739999999998,-4561.46,2204,1486,811,0,4.0,7988.300000000003,-1210.479999999996,286.99999999999955,507.7599999999993,0.0,0.0,396.98,222.24,416.74000000000024,120.0,677.2600000000002,0.0,347.0599999999995,-226.4000000000001,1611.3199999999997,507.75999999999976,2531.2599999999948,0.0,4456.360000000001,True,False,True
p0_st5_20_bearish_sr250_lr750_buf2ticks_tg1100,"P0 st5_20_bearish, short $250, switch long $750, buffer 2ticks, guard 11:00",st5_20_bearish,250.0,750.0,2ticks,11:00,1581,0.5850727387729285,41376.63999999999,-13390.359999999993,3.0900319334207604,1.1248143394302659,26.17118279569892,991,590,233,34862.63999999999,6513.999999999996,6638.840000000001,372882.14,-331505.5,1814,6513.999999999997,6638.839999999997,71,8376.779999999999,-3577.3399999999983,0.647887323943662,15,-2346.06,-3577.34,0.4666666666666667,1,100.76,0.0,3,1292.04,0.0,7,2764.36,-102.24000000000001,14,4137.26,-551.48,25,5732.32,-1087.88,50,5646.379999999999,-3577.34,96,8016.5,-4561.46,2640,1881,369,0,4.0,8285.560000000005,-1265.9199999999946,286.99999999999955,507.7599999999993,0.0,0.0,396.98,222.24,416.74000000000024,120.0,677.2600000000002,0.0,347.0599999999995,-226.4000000000001,1611.3199999999997,507.75999999999976,2631.019999999997,0.0,4486.086000000001,True,False,True
p0_st5_20_bearish_sr250_lr750_buf0_25r_tgnone,"P0 st5_20_bearish, short $250, switch long $750, buffer 0.25r, guard none",st5_20_bearish,250.0,750.0,0.25r,none,1598,0.567584480600751,35079.03999999999,-13735.699999999995,2.5538589223701744,1.1111577696400685,21.951839799749685,984,614,186,29338.65999999998,5740.379999999996,1600.5799999999972,350657.88,-315578.83999999997,1784,5740.379999999997,1600.5799999999963,71,4626.4,-3577.339999999998,0.6338028169014085,15,-2346.06,-3577.34,0.4666666666666667,1,100.76,0.0,3,1292.04,0.0,7,1909.1,-102.24000000000001,14,609.2399999999998,-1519.2,25,1809.2399999999996,-2078.2000000000003,50,1723.2999999999995,-3577.34,96,3746.3599999999988,-4561.46,3262,2474,0,0,4.0,1987.9600000000064,-1611.2599999999966,286.99999999999955,507.7599999999993,0.0,0.0,396.98,222.24,-438.52,120.0,-2850.76,-967.72,-3576.0200000000004,-1216.7200000000003,-2311.76,507.75999999999976,-1639.1200000000044,0.0,-639.4139999999998,False,False,True
p0_st5_20_bearish_sr250_lr750_buf0_25r_tg1030,"P0 st5_20_bearish, short $250, switch long $750, buffer 0.25r, guard 10:30",st5_20_bearish,250.0,750.0,0.25r,10:30,1557,0.5722543352601156,35621.039999999986,-14433.779999999995,2.467894065172117,1.1136827382940202,22.877996146435443,996,561,178,27917.219999999987,7703.819999999994,-1083.9800000000032,348958.32000000007,-313337.27999999997,1735,7703.819999999995,-1083.9800000000023,70,4526.639999999999,-3577.3399999999983,0.6285714285714286,15,-2346.06,-3577.34,0.4666666666666667,1,100.76,0.0,3,1292.04,0.0,7,1909.1,-102.24000000000001,14,609.2399999999998,-1519.2,25,1809.2399999999996,-2078.2000000000003,50,1723.2999999999995,-3577.34,95,3646.599999999999,-4561.46,2204,1486,811,0,4.0,2529.959999999999,-2309.3399999999965,286.99999999999955,507.7599999999993,0.0,0.0,396.98,222.24,-438.52,120.0,-2850.76,-967.72,-3576.0200000000004,-1216.7200000000003,-2311.76,507.75999999999976,-1738.8800000000042,0.0,-585.2140000000004,False,False,True
p0_st5_20_bearish_sr250_lr750_buf0_25r_tg1100,"P0 st5_20_bearish, short $250, switch long $750, buffer 0.25r, guard 11:00",st5_20_bearish,250.0,750.0,0.25r,11:00,1581,0.571157495256167,35418.51999999998,-14489.219999999994,2.4444738916242557,1.1123935469318835,22.402605945604037,991,590,183,28018.019999999982,7400.499999999995,-205.78000000000156,350548.0,-315129.48,1764,7400.499999999997,-205.78000000000202,71,4626.4,-3577.339999999998,0.6338028169014085,15,-2346.06,-3577.34,0.4666666666666667,1,100.76,0.0,3,1292.04,0.0,7,1909.1,-102.24000000000001,14,609.2399999999998,-1519.2,25,1809.2399999999996,-2078.2000000000003,50,1723.2999999999995,-3577.34,96,3746.3599999999988,-4561.46,2640,1881,369,0,4.0,2327.439999999995,-2364.779999999995,286.99999999999955,507.7599999999993,0.0,0.0,396.98,222.24,-438.52,120.0,-2850.76,-967.72,-3576.0200000000004,-1216.7200000000003,-2311.76,507.75999999999976,-1639.1200000000044,0.0,-605.4660000000008,False,False,True
p0_st5_20_bearish_sr350_lr500_buf0_tgnone,"P0 st5_20_bearish, short $350, switch long $500, buffer 0, guard none",st5_20_bearish,350.0,500.0,0,none,1713,0.5627553998832457,39670.89999999999,-11262.16,3.522494796735261,1.1147449364992155,23.158727378867475,984,729,284,34106.39999999998,5564.499999999993,6368.319999999998,385402.06000000006,-345731.16,1997,5564.499999999989,6368.319999999996,86,8314.92,-3059.079999999998,0.6395348837209303,18,-974.7800000000004,-3059.08,0.5555555555555556,1,100.76,0.0,3,1292.04,0.0,9,2858.38,-161.98000000000002,16,3556.0199999999995,-551.48,30,4415.859999999999,-1656.98,59,6051.460000000001,-3059.08,113,7104.140000000001,-4561.46,3262,2474,0,0,4.0,6579.82,862.2799999999988,1658.279999999999,1026.0199999999995,0.0,0.0,396.98,222.24,510.7600000000002,60.25999999999999,96.01999999999953,0.0,-969.4000000000015,-795.5,2016.4000000000015,1026.02,1718.659999999998,0.0,4077.091999999999,True,False,True
p0_st5_20_bearish_sr350_lr500_buf0_tg1030,"P0 st5_20_bearish, short $350, switch long $500, buffer 0, guard 10:30",st5_20_bearish,350.0,500.0,0,10:30,1660,0.5680722891566266,42784.879999999976,-10748.34,3.9806035164499796,1.125462969479438,25.774024096385528,996,664,272,34106.39999999998,8678.479999999992,5105.199999999999,383800.88,-341016.0,1932,8678.479999999994,5105.199999999999,83,7978.379999999999,-3059.0799999999986,0.6385542168674698,18,-974.7800000000004,-3059.08,0.5555555555555556,1,100.76,0.0,3,1292.04,0.0,9,2858.38,-161.98000000000002,16,3556.0199999999995,-551.48,29,4490.1,-1582.74,58,6125.700000000001,-3059.08,108,7042.579999999998,-4561.46,2204,1486,811,0,4.0,9693.799999999988,1376.0999999999985,1658.279999999999,1026.0199999999995,0.0,0.0,396.98,222.24,510.7600000000002,60.25999999999999,96.01999999999953,0.0,-895.1599999999999,-721.26,2090.6400000000012,1026.02,1657.099999999995,0.0,4388.489999999998,True,False,True
p0_st5_20_bearish_sr350_lr500_buf0_tg1100,"P0 st5_20_bearish, short $350, switch long $500, buffer 0, guard 11:00",st5_20_bearish,350.0,500.0,0,11:00,1692,0.5667848699763594,42233.55999999998,-10840.739999999998,3.895818920110619,1.1230369711975592,24.960732860520086,991,701,277,34106.39999999998,8127.159999999994,5882.5999999999985,385492.66000000003,-343259.1,1969,8127.159999999993,5882.599999999997,85,8103.66,-3059.079999999998,0.6352941176470588,18,-974.7800000000004,-3059.08,0.5555555555555556,1,100.76,0.0,3,1292.04,0.0,9,2858.38,-161.98000000000002,16,3556.0199999999995,-551.48,30,4415.859999999999,-1656.98,59,6051.460000000001,-3059.08,111,7104.620000000001,-4561.46,2640,1881,369,0,4.0,9142.479999999996,1283.7000000000007,1658.279999999999,1026.0199999999995,0.0,0.0,396.98,222.24,510.7600000000002,60.25999999999999,96.01999999999953,0.0,-969.4000000000015,-795.5,2016.4000000000015,1026.02,1719.1399999999976,0.0,4333.357999999998,True,False,True
p0_st5_20_bearish_sr350_lr500_buf2ticks_tgnone,"P0 st5_20_bearish, short $350, switch long $500, buffer 2ticks, guard none",st5_20_bearish,350.0,500.0,2ticks,none,1713,0.5615878575598365,37349.13999999999,-12021.239999999996,3.1069290688814135,1.1076207255722992,21.80335084646818,984,729,283,32462.139999999985,4886.9999999999945,4724.059999999999,384393.26000000007,-347044.12,1996,4886.999999999989,4724.059999999994,86,8248.92,-3059.079999999998,0.6395348837209303,18,-974.7800000000004,-3059.08,0.5555555555555556,1,100.76,0.0,3,1292.04,0.0,9,2858.38,-161.98000000000002,16,3556.0199999999995,-551.48,30,4349.859999999999,-1722.9800000000002,59,5985.459999999999,-3059.08,113,7038.140000000001,-4561.46,3262,2474,0,0,4.0,4258.060000000005,103.20000000000255,1658.279999999999,1026.0199999999995,0.0,0.0,396.98,222.24,510.7600000000002,60.25999999999999,96.01999999999953,0.0,-1035.4000000000015,-861.5000000000002,1950.3999999999996,1026.02,1652.659999999998,0.0,3844.9159999999997,True,False,True
p0_st5_20_bearish_sr350_lr500_buf2ticks_tg1030,"P0 st5_20_bearish, short $350, switch long $500, buffer 2ticks, guard 10:30",st5_20_bearish,350.0,500.0,2ticks,10:30,1660,0.5668674698795181,40490.87999999998,-11507.419999999998,3.5186757761513867,1.1182902075715773,24.392096385542157,996,664,271,32481.89999999998,8008.979999999993,3480.699999999998,382792.08,-342301.2,1931,8008.979999999994,3480.699999999998,83,7912.379999999999,-3059.0799999999986,0.6385542168674698,18,-974.7800000000004,-3059.08,0.5555555555555556,1,100.76,0.0,3,1292.04,0.0,9,2858.38,-161.98000000000002,16,3556.0199999999995,-551.48,29,4424.1,-1648.7400000000002,58,6059.700000000001,-3059.08,108,6976.579999999998,-4561.46,2204,1486,811,0,4.0,7399.799999999996,617.0200000000004,1658.279999999999,1026.0199999999995,0.0,0.0,396.98,222.24,510.7600000000002,60.25999999999999,96.01999999999953,0.0,-961.1599999999999,-787.2600000000002,2024.6400000000012,1026.02,1591.099999999995,0.0,4159.089999999998,True,False,True
p0_st5_20_bearish_sr350_lr500_buf2ticks_tg1100,"P0 st5_20_bearish, short $350, switch long $500, buffer 2ticks, guard 11:00",st5_20_bearish,350.0,500.0,2ticks,11:00,1692,0.5656028368794326,39911.799999999974,-11599.819999999996,3.4407258043659286,1.1158300530809142,23.588534278959795,991,701,276,32462.13999999998,7449.659999999994,4238.339999999998,384483.86000000004,-344572.06000000006,1968,7449.659999999991,4238.3399999999965,85,8037.66,-3059.079999999998,0.6352941176470588,18,-974.7800000000004,-3059.08,0.5555555555555556,1,100.76,0.0,3,1292.04,0.0,9,2858.38,-161.98000000000002,16,3556.0199999999995,-551.48,30,4349.859999999999,-1722.9800000000002,59,5985.459999999999,-3059.08,111,7038.620000000001,-4561.46,2640,1881,369,0,4.0,6820.719999999987,524.6200000000026,1658.279999999999,1026.0199999999995,0.0,0.0,396.98,222.24,510.7600000000002,60.25999999999999,96.01999999999953,0.0,-1035.4000000000015,-861.5000000000002,1950.3999999999996,1026.02,1653.1399999999976,0.0,4101.181999999998,True,False,True
p0_st5_20_bearish_sr350_lr500_buf0_25r_tgnone,"P0 st5_20_bearish, short $350, switch long $500, buffer 0.25r, guard none",st5_20_bearish,350.0,500.0,0.25r,none,1713,0.5493286631640397,35960.55999999999,-11848.099999999999,3.035133059309087,1.1059106156597778,20.99273788674839,984,729,218,28524.559999999987,7435.9999999999945,786.4799999999977,375497.44000000006,-339536.88,1931,7435.999999999991,786.4799999999996,86,6204.060000000001,-3059.0799999999977,0.6162790697674418,18,-974.7800000000004,-3059.08,0.5555555555555556,1,100.76,0.0,3,1292.04,0.0,9,1956.12,-373.98,16,1121.4999999999998,-1053.96,30,1715.0399999999995,-2172.7000000000003,59,3350.64,-3059.08,113,4586.52,-4561.46,3262,2474,0,0,4.0,2869.480000000003,276.34000000000015,1658.279999999999,1026.0199999999995,0.0,0.0,396.98,222.24,-391.5,-151.74,-2338.5,-502.48,-3670.2200000000007,-1311.2200000000003,-684.4199999999996,1026.02,-798.9600000000028,0.0,769.0579999999998,False,False,True
p0_st5_20_bearish_sr350_lr500_buf0_25r_tg1030,"P0 st5_20_bearish, short $350, switch long $500, buffer 0.25r, guard 10:30",st5_20_bearish,350.0,500.0,0.25r,10:30,1660,0.5542168674698795,38271.71999999999,-12571.739999999998,3.0442659488662662,1.1140924459647346,23.055253012048183,996,664,210,28047.739999999983,10223.979999999992,-953.4600000000019,373716.54000000004,-335444.81999999995,1870,10223.979999999996,-953.4599999999987,83,5867.519999999999,-3059.0799999999977,0.6144578313253012,18,-974.7800000000004,-3059.08,0.5555555555555556,1,100.76,0.0,3,1292.04,0.0,9,1956.12,-373.98,16,1121.4999999999998,-1053.96,29,1789.2799999999995,-2098.46,58,3424.8799999999997,-3059.08,108,4524.959999999999,-4561.46,2204,1486,811,0,4.0,5180.639999999999,-447.2999999999993,1658.279999999999,1026.0199999999995,0.0,0.0,396.98,222.24,-391.5,-151.74,-2338.5,-502.48,-3595.9800000000005,-1236.98,-610.1799999999998,1026.02,-860.5200000000041,0.0,1000.1739999999995,False,False,True
p0_st5_20_bearish_sr350_lr500_buf0_25r_tg1100,"P0 st5_20_bearish, short $350, switch long $500, buffer 0.25r, guard 11:00",st5_20_bearish,350.0,500.0,0.25r,11:00,1692,0.5531914893617021,37315.61999999998,-12664.14,2.946557760732271,1.110370972221524,22.0541489361702,991,701,215,27819.959999999985,9495.659999999994,-403.8400000000024,375408.32,-338092.69999999995,1907,9495.65999999999,-403.83999999999924,85,5992.799999999999,-3059.0799999999977,0.611764705882353,18,-974.7800000000004,-3059.08,0.5555555555555556,1,100.76,0.0,3,1292.04,0.0,9,1956.12,-373.98,16,1121.4999999999998,-1053.96,30,1715.0399999999995,-2172.7000000000003,59,3350.64,-3059.08,111,4587.0,-4561.46,2640,1881,369,0,4.0,4224.539999999994,-539.7000000000007,1658.279999999999,1026.0199999999995,0.0,0.0,396.98,222.24,-391.5,-151.74,-2338.5,-502.48,-3670.2200000000007,-1311.2200000000003,-684.4199999999996,1026.02,-798.4800000000032,0.0,904.5639999999989,False,False,True
p0_st5_20_bearish_sr350_lr750_buf0_tgnone,"P0 st5_20_bearish, short $350, switch long $750, buffer 0, guard none",st5_20_bearish,350.0,750.0,0,none,1713,0.5755983654407473,40368.35999999998,-14157.519999999997,2.8513722742401204,1.1085289766127087,23.56588441330997,984,729,284,34803.85999999999,5564.499999999993,7065.779999999995,412327.64,-371959.28,1997,5564.499999999989,7065.779999999998,86,10401.82,-3059.0799999999977,0.6744186046511628,18,-974.7800000000004,-3059.08,0.5555555555555556,1,100.76,0.0,3,1292.04,0.0,9,3475.8999999999996,-102.24000000000001,16,4696.0599999999995,-551.48,30,6232.199999999999,-1085.94,59,7867.799999999999,-3059.08,113,9549.58,-4561.46,3262,2474,0,0,4.0,7277.279999999992,-2033.079999999998,1658.279999999999,1026.0199999999995,0.0,0.0,396.98,222.24,1128.2799999999997,120.0,1236.0599999999995,0.0,846.9399999999987,-224.46000000000004,3832.74,1026.02,4164.099999999997,0.0,5286.877999999999,True,False,True
p0_st5_20_bearish_sr350_lr750_buf0_tg1030,"P0 st5_20_bearish, short $350, switch long $750, buffer 0, guard 10:30",st5_20_bearish,350.0,750.0,0,10:30,1660,0.5807228915662651,42945.879999999976,-12792.159999999998,3.3572031619366847,1.1171674566793497,25.871012048192757,996,664,272,34267.39999999999,8678.479999999992,5266.199999999998,409480.08,-366534.19999999995,1932,8678.479999999994,5266.199999999997,83,10065.279999999999,-3059.079999999998,0.6746987951807228,18,-974.7800000000004,-3059.08,0.5555555555555556,1,100.76,0.0,3,1292.04,0.0,9,3475.8999999999996,-102.24000000000001,16,4696.0599999999995,-551.48,29,6306.439999999999,-1011.7000000000003,58,7942.040000000001,-3059.08,108,9488.02,-4561.46,2204,1486,811,0,4.0,9854.799999999988,-667.7199999999993,1658.279999999999,1026.0199999999995,0.0,0.0,396.98,222.24,1128.2799999999997,120.0,1236.0599999999995,0.0,921.1799999999985,-150.22000000000025,3906.9800000000014,1026.02,4102.539999999997,0.0,5544.629999999998,True,False,True
p0_st5_20_bearish_sr350_lr750_buf0_tg1100,"P0 st5_20_bearish, short $350, switch long $750, buffer 0, guard 11:00",st5_20_bearish,350.0,750.0,0,11:00,1692,0.5797872340425532,42883.639999999985,-13139.039999999997,3.2638335829710536,1.1162265924794876,25.344940898345143,991,701,277,34756.47999999998,8127.159999999994,6532.679999999995,411849.45999999996,-368965.82,1969,8127.159999999993,6532.6799999999985,85,10190.560000000001,-3059.0799999999977,0.6705882352941176,18,-974.7800000000004,-3059.08,0.5555555555555556,1,100.76,0.0,3,1292.04,0.0,9,3475.8999999999996,-102.24000000000001,16,4696.0599999999995,-551.48,30,6232.199999999999,-1085.94,59,7867.799999999999,-3059.08,111,9550.060000000001,-4561.46,2640,1881,369,0,4.0,9792.559999999998,-1014.5999999999985,1658.279999999999,1026.0199999999995,0.0,0.0,396.98,222.24,1128.2799999999997,120.0,1236.0599999999995,0.0,846.9399999999987,-224.46000000000004,3832.74,1026.02,4164.579999999998,0.0,5538.405999999999,True,False,True
p0_st5_20_bearish_sr350_lr750_buf2ticks_tgnone,"P0 st5_20_bearish, short $350, switch long $750, buffer 2ticks, guard none",st5_20_bearish,350.0,750.0,2ticks,none,1713,0.5738470519556333,37158.81999999998,-15390.379999999992,2.414418617344081,1.0995610120199895,21.69224751897255,984,729,283,32271.819999999985,4886.9999999999945,4533.739999999996,410385.44,-373226.62,1996,4886.999999999989,4533.74,86,10313.82,-3059.0799999999977,0.6744186046511628,18,-974.7800000000004,-3059.08,0.5555555555555556,1,100.76,0.0,3,1292.04,0.0,9,3475.8999999999996,-102.24000000000001,16,4696.0599999999995,-551.48,30,6144.199999999999,-1173.94,59,7779.799999999999,-3059.08,113,9461.58,-4561.46,3262,2474,0,0,4.0,4067.7399999999907,-3265.9399999999932,1658.279999999999,1026.0199999999995,0.0,0.0,396.98,222.24,1128.2799999999997,120.0,1236.0599999999995,0.0,758.9399999999987,-312.46000000000004,3744.74,1026.02,4076.0999999999967,0.0,4965.923999999999,True,False,True
p0_st5_20_bearish_sr350_lr750_buf2ticks_tg1030,"P0 st5_20_bearish, short $350, switch long $750, buffer 2ticks, guard 10:30",st5_20_bearish,350.0,750.0,2ticks,10:30,1660,0.5789156626506025,39762.33999999998,-14025.019999999993,2.835100413404045,1.1081134299811244,23.95321686746987,996,664,271,31753.359999999986,8008.979999999993,2752.16,407545.88,-367783.54,1931,8008.979999999994,2752.159999999997,83,9977.279999999999,-3059.079999999998,0.6746987951807228,18,-974.7800000000004,-3059.08,0.5555555555555556,1,100.76,0.0,3,1292.04,0.0,9,3475.8999999999996,-102.24000000000001,16,4696.0599999999995,-551.48,29,6218.439999999999,-1099.7000000000003,58,7854.040000000001,-3059.08,108,9400.019999999999,-4561.46,2204,1486,811,0,4.0,6671.259999999995,-1900.5799999999945,1658.279999999999,1026.0199999999995,0.0,0.0,396.98,222.24,1128.2799999999997,120.0,1236.0599999999995,0.0,833.1799999999985,-238.22000000000025,3818.9800000000014,1026.02,4014.5399999999954,0.0,5226.275999999999,True,False,True
p0_st5_20_bearish_sr350_lr750_buf2ticks_tg1100,"P0 st5_20_bearish, short $350, switch long $750, buffer 2ticks, guard 11:00",st5_20_bearish,350.0,750.0,2ticks,11:00,1692,0.5780141843971631,39674.099999999984,-14371.89999999999,2.760532706183595,1.1071597692654003,23.44804964539006,991,701,276,32224.439999999984,7449.659999999994,4000.6399999999967,409907.26,-370233.16,1968,7449.659999999991,4000.6399999999985,85,10102.560000000001,-3059.0799999999977,0.6705882352941176,18,-974.7800000000004,-3059.08,0.5555555555555556,1,100.76,0.0,3,1292.04,0.0,9,3475.8999999999996,-102.24000000000001,16,4696.0599999999995,-551.48,30,6144.199999999999,-1173.94,59,7779.799999999999,-3059.08,111,9462.06,-4561.46,2640,1881,369,0,4.0,6583.019999999997,-2247.459999999992,1658.279999999999,1026.0199999999995,0.0,0.0,396.98,222.24,1128.2799999999997,120.0,1236.0599999999995,0.0,758.9399999999987,-312.46000000000004,3744.74,1026.02,4076.5799999999963,0.0,5217.451999999999,True,False,True
p0_st5_20_bearish_sr350_lr750_buf0_25r_tgnone,"P0 st5_20_bearish, short $350, switch long $750, buffer 0.25r, guard none",st5_20_bearish,350.0,750.0,0.25r,none,1713,0.5598365440747227,33823.759999999995,-15281.699999999968,2.213350608898229,1.0952569293965522,19.745335668417976,984,729,218,26387.759999999984,7435.9999999999945,-1350.3200000000033,388903.02,-355079.26,1931,7435.999999999991,-1350.3199999999988,86,6330.639999999999,-3059.0799999999977,0.627906976744186,18,-974.7800000000004,-3059.08,0.5555555555555556,1,100.76,0.0,3,1292.04,0.0,9,2233.38,-373.98,16,737.2799999999997,-1715.44,30,1517.0999999999995,-2691.6600000000003,59,3152.6999999999994,-3059.08,113,4919.14,-4561.46,3262,2474,0,0,4.0,732.6800000000076,-3157.2599999999693,1658.279999999999,1026.0199999999995,0.0,0.0,396.98,222.24,-114.23999999999978,-151.74,-2722.7200000000003,-1163.96,-3868.1600000000008,-1830.1800000000003,-882.3600000000001,1026.02,-466.3400000000029,0.0,-490.32199999999983,False,False,True
p0_st5_20_bearish_sr350_lr750_buf0_25r_tg1030,"P0 st5_20_bearish, short $350, switch long $750, buffer 0.25r, guard 10:30",st5_20_bearish,350.0,750.0,0.25r,10:30,1660,0.5650602409638554,35190.299999999974,-15505.919999999971,2.269475142397229,1.100274680183772,21.198975903614443,996,664,210,24966.319999999985,10223.979999999992,-4034.880000000003,386129.33999999997,-350939.04000000004,1870,10223.979999999996,-4034.880000000001,83,5994.1,-3059.0799999999977,0.6265060240963856,18,-974.7800000000004,-3059.08,0.5555555555555556,1,100.76,0.0,3,1292.04,0.0,9,2233.38,-373.98,16,737.2799999999997,-1715.44,29,1591.3399999999995,-2617.42,58,3226.9399999999996,-3059.08,108,4857.579999999998,-4561.46,2204,1486,811,0,4.0,2099.2199999999866,-3381.4799999999723,1658.279999999999,1026.0199999999995,0.0,0.0,396.98,222.24,-114.23999999999978,-151.74,-2722.7200000000003,-1163.96,-3793.920000000001,-1755.94,-808.1199999999999,1026.02,-527.9000000000051,0.0,-353.66800000000194,False,False,True
p0_st5_20_bearish_sr350_lr750_buf0_25r_tg1100,"P0 st5_20_bearish, short $350, switch long $750, buffer 0.25r, guard 11:00",st5_20_bearish,350.0,750.0,0.25r,11:00,1692,0.5638297872340425,34562.779999999984,-15653.199999999964,2.2080328622901426,1.0976816437096528,20.427174940898336,991,701,215,25067.119999999984,9495.659999999994,-3156.680000000001,388393.64,-353830.86,1907,9495.65999999999,-3156.6800000000003,85,6119.380000000001,-3059.0799999999977,0.6235294117647059,18,-974.7800000000004,-3059.08,0.5555555555555556,1,100.76,0.0,3,1292.04,0.0,9,2233.38,-373.98,16,737.2799999999997,-1715.44,30,1517.0999999999995,-2691.6600000000003,59,3152.6999999999994,-3059.08,111,4919.619999999999,-4561.46,2640,1881,369,0,4.0,1471.699999999997,-3528.7599999999657,1658.279999999999,1026.0199999999995,0.0,0.0,396.98,222.24,-114.23999999999978,-151.74,-2722.7200000000003,-1163.96,-3868.1600000000008,-1830.1800000000003,-882.3600000000001,1026.02,-465.8600000000042,0.0,-416.42000000000087,False,False,True
p0_st5_20_bearish_sr500_lr500_buf0_tgnone,"P0 st5_20_bearish, short $500, switch long $500, buffer 0, guard none",st5_20_bearish,500.0,500.0,0,none,1761,0.5440090857467348,45291.15999999999,-11765.799999999996,3.84939060667358,1.115050887057978,25.719000567859165,984,777,304,35286.359999999986,10004.799999999992,7548.279999999997,438953.14,-393661.98,2065,10004.799999999992,7548.279999999997,95,9696.94,-3186.539999999997,0.6105263157894737,20,-1365.7199999999998,-3186.54,0.5,2,-65.48,-166.24,6,1145.08,-677.96,12,2464.1800000000003,-677.9599999999996,20,2648.6000000000004,-886.2,34,3265.199999999999,-2260.7000000000003,65,5475.38,-3186.5400000000004,127,8763.040000000003,-4858.200000000001,3262,2474,0,0,4.0,12200.080000000002,358.64000000000306,1267.3399999999997,898.5599999999995,-166.24,-166.24,250.01999999999998,-455.72,116.5600000000004,-455.7199999999996,-811.3999999999996,-334.72,-2120.0600000000013,-1399.2200000000003,1440.3200000000006,898.5599999999995,3377.5599999999995,-296.7400000000007,3299.2430000000004,False,False,True
p0_st5_20_bearish_sr500_lr500_buf0_tg1030,"P0 st5_20_bearish, short $500, switch long $500, buffer 0, guard 10:30",st5_20_bearish,500.0,500.0,0,10:30,1706,0.5498241500586166,50557.999999999985,-10409.599999999999,4.8568628957885025,1.1310697602842503,29.635404454865174,996,710,292,35286.359999999986,15271.639999999989,6285.159999999998,436291.52,-385733.51999999996,1998,15271.639999999996,6285.159999999998,92,9360.4,-3186.539999999997,0.6086956521739131,20,-1365.7199999999998,-3186.54,0.5,2,-65.48,-166.24,6,1145.08,-677.96,12,2464.1800000000003,-677.9599999999996,20,2648.6000000000004,-886.2,33,3339.4399999999996,-2186.46,64,5549.619999999999,-3186.5400000000004,122,8701.48,-4858.200000000001,2204,1486,811,0,4.0,17466.92,1714.8400000000001,1267.3399999999997,898.5599999999995,-166.24,-166.24,250.01999999999998,-455.72,116.5600000000004,-455.7199999999996,-811.3999999999996,-334.72,-2045.8200000000006,-1324.98,1514.5599999999995,898.5599999999995,3315.9999999999964,-296.7400000000007,3825.927,False,False,True
p0_st5_20_bearish_sr500_lr500_buf0_tg1100,"P0 st5_20_bearish, short $500, switch long $500, buffer 0, guard 11:00",st5_20_bearish,500.0,500.0,0,11:00,1739,0.5485911443358252,49758.779999999984,-10538.959999999997,4.721412739017891,1.1277646013022757,28.613444508338116,991,748,297,35286.359999999986,14472.419999999993,7062.559999999998,439215.48,-389456.7,2036,14472.419999999995,7062.559999999998,94,9485.68,-3186.539999999997,0.6063829787234043,20,-1365.7199999999998,-3186.54,0.5,2,-65.48,-166.24,6,1145.08,-677.96,12,2464.1800000000003,-677.9599999999996,20,2648.6000000000004,-886.2,34,3265.199999999999,-2260.7000000000003,65,5475.38,-3186.5400000000004,125,8763.52,-4858.200000000001,2640,1881,369,0,4.0,16667.699999999997,1585.4800000000014,1267.3399999999997,898.5599999999995,-166.24,-166.24,250.01999999999998,-455.72,116.5600000000004,-455.7199999999996,-811.3999999999996,-334.72,-2120.0600000000013,-1399.2200000000003,1440.3200000000006,898.5599999999995,3378.0399999999972,-296.7400000000007,3746.005,False,False,True
p0_st5_20_bearish_sr500_lr500_buf2ticks_tgnone,"P0 st5_20_bearish, short $500, switch long $500, buffer 2ticks, guard none",st5_20_bearish,500.0,500.0,2ticks,none,1761,0.5428733674048836,42597.89999999999,-13610.659999999989,3.1297453613564676,1.1076965900971896,24.189608177172055,984,777,303,33642.09999999998,8955.799999999992,5904.019999999997,438134.1,-395536.19999999995,2064,8955.799999999992,5904.019999999998,95,9608.94,-3186.539999999997,0.6105263157894737,20,-1365.7199999999998,-3186.54,0.5,2,-65.48,-166.24,6,1145.08,-677.96,12,2464.1800000000003,-677.9599999999996,20,2648.6000000000004,-886.2,34,3177.199999999999,-2348.7000000000003,65,5387.38,-3186.5400000000004,127,8675.040000000003,-4858.200000000001,3262,2474,0,0,4.0,9506.82,-1486.2199999999903,1267.3399999999997,898.5599999999995,-166.24,-166.24,250.01999999999998,-455.72,116.5600000000004,-455.7199999999996,-811.3999999999996,-334.72,-2208.0600000000013,-1487.2200000000003,1352.3200000000006,898.5599999999995,3289.5599999999995,-296.7400000000007,3029.9170000000004,False,False,True
p0_st5_20_bearish_sr500_lr500_buf2ticks_tg1030,"P0 st5_20_bearish, short $500, switch long $500, buffer 2ticks, guard 10:30",st5_20_bearish,500.0,500.0,2ticks,10:30,1706,0.5486518171160609,47894.499999999985,-12210.099999999991,3.922531346999617,1.1235738418369383,28.074150058616638,996,710,291,33661.859999999986,14232.639999999989,4660.659999999997,435472.48,-387577.98,1997,14232.639999999996,4660.659999999998,92,9272.4,-3186.539999999997,0.6086956521739131,20,-1365.7199999999998,-3186.54,0.5,2,-65.48,-166.24,6,1145.08,-677.96,12,2464.1800000000003,-677.9599999999996,20,2648.6000000000004,-886.2,33,3251.4399999999996,-2274.46,64,5461.619999999999,-3186.5400000000004,122,8613.48,-4858.200000000001,2204,1486,811,0,4.0,14803.419999999998,-85.65999999999258,1267.3399999999997,898.5599999999995,-166.24,-166.24,250.01999999999998,-455.72,116.5600000000004,-455.7199999999996,-811.3999999999996,-334.72,-2133.8200000000006,-1412.98,1426.5599999999995,898.5599999999995,3227.9999999999964,-296.7400000000007,3559.577,False,False,True
p0_st5_20_bearish_sr500_lr500_buf2ticks_tg1100,"P0 st5_20_bearish, short $500, switch long $500, buffer 2ticks, guard 11:00",st5_20_bearish,500.0,500.0,2ticks,11:00,1739,0.547441058079356,47065.51999999999,-12336.099999999988,3.815267385964773,1.1202703839502381,27.064703852788952,991,748,296,33642.099999999984,13423.419999999993,5418.299999999997,438396.44,-391330.92000000004,2035,13423.419999999995,5418.299999999997,94,9397.68,-3186.539999999997,0.6063829787234043,20,-1365.7199999999998,-3186.54,0.5,2,-65.48,-166.24,6,1145.08,-677.96,12,2464.1800000000003,-677.9599999999996,20,2648.6000000000004,-886.2,34,3177.199999999999,-2348.7000000000003,65,5387.38,-3186.5400000000004,125,8675.52,-4858.200000000001,2640,1881,369,0,4.0,13974.440000000002,-211.65999999998894,1267.3399999999997,898.5599999999995,-166.24,-166.24,250.01999999999998,-455.72,116.5600000000004,-455.7199999999996,-811.3999999999996,-334.72,-2208.0600000000013,-1487.2200000000003,1352.3200000000006,898.5599999999995,3290.0399999999972,-296.7400000000007,3476.6790000000005,False,False,True
p0_st5_20_bearish_sr500_lr500_buf0_25r_tgnone,"P0 st5_20_bearish, short $500, switch long $500, buffer 0.25r, guard none",st5_20_bearish,500.0,500.0,0.25r,none,1761,0.5354911981828506,40629.97999999998,-14642.97999999999,2.7747070609944156,1.1026221318893317,23.072106757524125,984,777,233,29136.179999999986,11493.79999999999,1398.0999999999967,436548.28,-395918.30000000005,1991,11493.79999999999,1398.1000000000008,95,7173.560000000001,-3399.499999999995,0.5789473684210527,20,-1684.7200000000007,-3338.2599999999993,0.5,2,-65.48,-166.24,6,1492.32,-330.72,12,1826.16,-658.94,20,169.55999999999972,-1825.38,34,459.35999999999945,-3298.42,65,2350.539999999999,-3399.5,127,5506.9000000000015,-4858.200000000001,3262,2474,0,0,4.0,7538.899999999994,-2518.539999999992,948.3399999999988,746.8400000000001,-166.24,-166.24,597.26,-108.48000000000002,-521.4599999999998,-436.70000000000005,-3290.4400000000005,-1273.9,-4925.900000000001,-2436.94,-1684.5200000000004,685.5999999999999,121.41999999999825,-296.7400000000007,-664.8450000000012,False,False,True
p0_st5_20_bearish_sr500_lr500_buf0_25r_tg1030,"P0 st5_20_bearish, short $500, switch long $500, buffer 0.25r, guard 10:30",st5_20_bearish,500.0,500.0,0.25r,10:30,1706,0.5404454865181711,44843.49999999998,-14731.839999999993,3.043985001194691,1.1153695669780237,26.285756154747936,996,710,225,28659.35999999998,16184.139999999989,-341.8400000000038,433537.86000000004,-388694.36,1928,16184.139999999994,-341.84000000000015,92,6837.02,-3399.499999999996,0.5760869565217391,20,-1684.7200000000007,-3338.2599999999993,0.5,2,-65.48,-166.24,6,1492.32,-330.72,12,1826.16,-658.94,20,169.55999999999972,-1825.38,33,533.5999999999992,-3224.1800000000003,64,2424.7799999999997,-3399.5,122,5445.339999999998,-4858.200000000001,2204,1486,811,0,4.0,11752.419999999991,-2607.399999999994,948.3399999999988,746.8400000000001,-166.24,-166.24,597.26,-108.48000000000002,-521.4599999999998,-436.70000000000005,-3290.4400000000005,-1273.9,-4851.660000000001,-2362.7000000000003,-1610.2799999999997,685.5999999999999,59.859999999995125,-296.7400000000007,-243.49300000000153,False,False,True
p0_st5_20_bearish_sr500_lr500_buf0_25r_tg1100,"P0 st5_20_bearish, short $500, switch long $500, buffer 0.25r, guard 11:00",st5_20_bearish,500.0,500.0,0.25r,11:00,1739,0.5393904542840713,43547.499999999985,-14886.099999999991,2.925380052532229,1.110832051119949,25.041690626797003,991,748,230,28431.579999999987,15115.919999999993,207.77999999999793,436461.81999999995,-392914.31999999995,1966,15115.919999999996,207.77999999999838,94,6962.299999999999,-3399.499999999996,0.574468085106383,20,-1684.7200000000007,-3338.2599999999993,0.5,2,-65.48,-166.24,6,1492.32,-330.72,12,1826.16,-658.94,20,169.55999999999972,-1825.38,34,459.35999999999945,-3298.42,65,2350.539999999999,-3399.5,125,5507.379999999999,-4858.200000000001,2640,1881,369,0,4.0,10456.419999999998,-2761.6599999999926,948.3399999999988,746.8400000000001,-166.24,-166.24,597.26,-108.48000000000002,-521.4599999999998,-436.70000000000005,-3290.4400000000005,-1273.9,-4925.900000000001,-2436.94,-1684.5200000000004,685.5999999999999,121.899999999996,-296.7400000000007,-373.09300000000076,False,False,True
p0_st5_20_bearish_sr500_lr750_buf0_tgnone,"P0 st5_20_bearish, short $500, switch long $750, buffer 0, guard none",st5_20_bearish,500.0,750.0,0,none,1761,0.5610448608745031,46679.23999999998,-15108.799999999988,3.089539870803771,1.1118119994816515,26.507234525837582,984,777,304,36674.43999999999,10004.799999999992,8936.359999999995,464158.94,-417479.69999999995,2065,10004.799999999992,8936.359999999995,95,11877.860000000002,-3313.2799999999966,0.6421052631578947,20,-1271.7000000000003,-3313.2799999999997,0.5,2,-65.48,-166.24,6,1145.08,-677.96,12,3081.7,-677.9599999999996,20,3788.6400000000003,-886.2,34,5081.540000000001,-1689.6600000000003,65,7385.739999999999,-3313.2800000000007,127,11557.760000000002,-4858.2,3262,2474,0,0,4.0,13588.159999999996,-2984.3599999999897,1361.3599999999992,771.8199999999997,-166.24,-166.24,250.01999999999998,-455.72,734.0799999999999,-455.7199999999996,328.6400000000003,-334.72,-303.71999999999935,-828.1800000000003,3350.6799999999994,771.8199999999993,6172.279999999999,-296.7399999999998,4601.596,True,False,True
p0_st5_20_bearish_sr500_lr750_buf0_tg1030,"P0 st5_20_bearish, short $500, switch long $750, buffer 0, guard 10:30",st5_20_bearish,500.0,750.0,0,10:30,1706,0.5668229777256741,51409.61999999998,-13134.119999999992,3.914203616230095,1.1256803498481778,30.134595545134808,996,710,292,36137.97999999998,15271.639999999989,7136.779999999999,460460.2,-409050.57999999996,1998,15271.639999999996,7136.780000000001,92,11541.32,-3313.2799999999975,0.6413043478260869,20,-1271.7000000000003,-3313.2799999999997,0.5,2,-65.48,-166.24,6,1145.08,-677.96,12,3081.7,-677.9599999999996,20,3788.6400000000003,-886.2,33,5155.78,-1615.4200000000003,64,7459.98,-3313.2800000000007,122,11496.199999999999,-4858.2,2204,1486,811,0,4.0,18318.539999999994,-1009.679999999993,1361.3599999999992,771.8199999999997,-166.24,-166.24,250.01999999999998,-455.72,734.0799999999999,-455.7199999999996,328.6400000000003,-334.72,-229.48000000000047,-753.9400000000003,3424.92,771.8199999999993,6110.719999999996,-296.7399999999998,5074.634,True,False,True
p0_st5_20_bearish_sr500_lr750_buf0_tg1100,"P0 st5_20_bearish, short $500, switch long $750, buffer 0, guard 11:00",st5_20_bearish,500.0,750.0,0,11:00,1739,0.5652673950546291,51099.47999999999,-13645.199999999993,3.7448685251956744,1.1237703496511628,29.38440483036227,991,748,297,36627.05999999998,14472.419999999993,8403.259999999998,463956.68000000005,-412857.19999999995,2036,14472.419999999995,8403.259999999998,94,11666.600000000002,-3313.2799999999975,0.6382978723404256,20,-1271.7000000000003,-3313.2799999999997,0.5,2,-65.48,-166.24,6,1145.08,-677.96,12,3081.7,-677.9599999999996,20,3788.6400000000003,-886.2,34,5081.540000000001,-1689.6600000000003,65,7385.739999999999,-3313.2800000000007,125,11558.24,-4858.2,2640,1881,369,0,4.0,18008.4,-1520.7599999999948,1361.3599999999992,771.8199999999997,-166.24,-166.24,250.01999999999998,-455.72,734.0799999999999,-455.7199999999996,328.6400000000003,-334.72,-303.71999999999935,-828.1800000000003,3350.6799999999994,771.8199999999993,6172.759999999997,-296.7399999999998,5043.620000000001,True,False,True
p0_st5_20_bearish_sr500_lr750_buf2ticks_tgnone,"P0 st5_20_bearish, short $500, switch long $750, buffer 2ticks, guard none",st5_20_bearish,500.0,750.0,2ticks,none,1761,0.5599091425326519,43098.19999999998,-16893.099999999977,2.551230975960602,1.1027514457922956,24.473708120386135,984,777,303,34142.399999999994,8955.799999999992,6404.319999999994,462539.5,-419441.3,2064,8955.799999999992,6404.319999999996,95,11767.860000000002,-3313.2799999999966,0.6421052631578947,20,-1271.7000000000003,-3313.2799999999997,0.5,2,-65.48,-166.24,6,1145.08,-677.96,12,3081.7,-677.9599999999996,20,3788.6400000000003,-886.2,34,4971.540000000001,-1799.6600000000003,65,7275.739999999999,-3313.2800000000007,127,11447.760000000002,-4858.2,3262,2474,0,0,4.0,10007.119999999995,-4768.659999999978,1361.3599999999992,771.8199999999997,-166.24,-166.24,250.01999999999998,-455.72,734.0799999999999,-455.7199999999996,328.6400000000003,-334.72,-413.71999999999935,-938.1800000000003,3240.6799999999994,771.8199999999993,6062.279999999999,-296.7399999999998,4243.492,True,False,True
p0_st5_20_bearish_sr500_lr750_buf2ticks_tg1030,"P0 st5_20_bearish, short $500, switch long $750, buffer 2ticks, guard 10:30",st5_20_bearish,500.0,750.0,2ticks,10:30,1706,0.5656506447831184,47856.57999999999,-14767.039999999994,3.2407699850477827,1.116443849493185,28.051922626025785,996,710,291,33623.93999999998,14232.639999999989,4622.739999999998,458840.76,-410984.18,1997,14232.639999999996,4622.74,92,11431.32,-3313.2799999999975,0.6413043478260869,20,-1271.7000000000003,-3313.2799999999997,0.5,2,-65.48,-166.24,6,1145.08,-677.96,12,3081.7,-677.9599999999996,20,3788.6400000000003,-886.2,33,5045.78,-1725.4200000000003,64,7349.98,-3313.2800000000007,122,11386.199999999999,-4858.2,2204,1486,811,0,4.0,14765.5,-2642.599999999995,1361.3599999999992,771.8199999999997,-166.24,-166.24,250.01999999999998,-455.72,734.0799999999999,-455.7199999999996,328.6400000000003,-334.72,-339.4800000000005,-863.9400000000003,3314.92,771.8199999999993,6000.719999999996,-296.7399999999998,4719.33,True,False,True
p0_st5_20_bearish_sr500_lr750_buf2ticks_tg1100,"P0 st5_20_bearish, short $500, switch long $750, buffer 2ticks, guard 11:00",st5_20_bearish,500.0,750.0,2ticks,11:00,1739,0.5641173087981599,47518.43999999998,-15044.519999999991,3.1585215081637705,1.1145522816227231,27.32515238642897,991,748,296,34095.01999999998,13423.419999999993,5871.2199999999975,462337.24,-414818.79999999993,2035,13423.419999999995,5871.2199999999975,94,11556.600000000002,-3313.2799999999975,0.6382978723404256,20,-1271.7000000000003,-3313.2799999999997,0.5,2,-65.48,-166.24,6,1145.08,-677.96,12,3081.7,-677.9599999999996,20,3788.6400000000003,-886.2,34,4971.540000000001,-1799.6600000000003,65,7275.739999999999,-3313.2800000000007,125,11448.24,-4858.2,2640,1881,369,0,4.0,14427.359999999993,-2920.0799999999927,1361.3599999999992,771.8199999999997,-166.24,-166.24,250.01999999999998,-455.72,734.0799999999999,-455.7199999999996,328.6400000000003,-334.72,-413.71999999999935,-938.1800000000003,3240.6799999999994,771.8199999999993,6062.759999999997,-296.7399999999998,4685.516,True,False,True
p0_st5_20_bearish_sr500_lr750_buf0_25r_tgnone,"P0 st5_20_bearish, short $500, switch long $750, buffer 0.25r, guard none",st5_20_bearish,500.0,750.0,0.25r,none,1761,0.5428733674048836,38022.459999999985,-17743.499999999975,2.1428951447008786,1.0930095947793537,21.591402612152176,984,777,233,26528.65999999998,11493.79999999999,-1209.4200000000028,446823.94,-408801.48,1993,11493.79999999999,-1209.4199999999983,95,7098.9000000000015,-3817.3799999999974,0.5894736842105263,20,-1885.9600000000005,-3539.499999999999,0.5,2,-65.48,-166.24,6,1492.32,-330.72,12,2103.42,-381.68000000000006,20,-214.6600000000003,-2486.8599999999997,34,261.4199999999994,-3817.38,65,1951.3599999999985,-3817.3799999999997,127,5638.2800000000025,-4858.2,3262,2474,0,0,4.0,4931.379999999997,-5619.059999999976,747.099999999999,545.6000000000004,-166.24,-166.24,597.26,-108.48000000000002,-244.19999999999982,-159.44000000000005,-3674.6600000000003,-1935.3799999999997,-5123.840000000001,-2955.9,-2083.7000000000007,267.72000000000025,252.79999999999927,-296.7399999999998,-2021.6070000000007,False,False,True
p0_st5_20_bearish_sr500_lr750_buf0_25r_tg1030,"P0 st5_20_bearish, short $500, switch long $750, buffer 0.25r, guard 10:30",st5_20_bearish,500.0,750.0,0.25r,10:30,1706,0.5480656506447831,41291.35999999998,-17628.879999999972,2.34225656990121,1.1028352146983615,24.20361078546306,996,710,225,25107.219999999983,16184.139999999989,-3893.9800000000014,442820.74,-401529.38,1930,16184.139999999994,-3893.9800000000014,92,6762.360000000001,-3743.1399999999976,0.5869565217391305,20,-1885.9600000000005,-3539.499999999999,0.5,2,-65.48,-166.24,6,1492.32,-330.72,12,2103.42,-381.68000000000006,20,-214.6600000000003,-2486.8599999999997,33,335.6599999999992,-3743.1400000000003,64,2025.6,-3743.14,122,5576.719999999998,-4858.2,2204,1486,811,0,4.0,8200.279999999992,-5504.439999999973,747.099999999999,545.6000000000004,-166.24,-166.24,597.26,-108.48000000000002,-244.19999999999982,-159.44000000000005,-3674.6600000000003,-1935.3799999999997,-5049.600000000001,-2881.6600000000003,-2009.4599999999996,341.96000000000004,191.23999999999523,-296.7399999999998,-1694.717000000001,False,False,True
p0_st5_20_bearish_sr500_lr750_buf0_25r_tg1100,"P0 st5_20_bearish, short $500, switch long $750, buffer 0.25r, guard 11:00",st5_20_bearish,500.0,750.0,0.25r,11:00,1739,0.5468660149511213,40323.93999999998,-17986.619999999977,2.241885357004264,1.0993216932063505,23.188004600345014,991,748,230,25208.01999999998,15115.919999999993,-3015.7800000000025,446317.22000000003,-405993.28,1968,15115.919999999996,-3015.7799999999993,94,6887.640000000001,-3817.3799999999974,0.5851063829787234,20,-1885.9600000000005,-3539.499999999999,0.5,2,-65.48,-166.24,6,1492.32,-330.72,12,2103.42,-381.68000000000006,20,-214.6600000000003,-2486.8599999999997,34,261.4199999999994,-3817.38,65,1951.3599999999985,-3817.3799999999997,125,5638.76,-4858.2,2640,1881,369,0,4.0,7232.859999999993,-5862.1799999999785,747.099999999999,545.6000000000004,-166.24,-166.24,597.26,-108.48000000000002,-244.19999999999982,-159.44000000000005,-3674.6600000000003,-1935.3799999999997,-5123.840000000001,-2955.9,-2083.7000000000007,267.72000000000025,253.27999999999702,-296.7399999999998,-1791.459000000001,False,False,True
p0_st5_50_and_st15_20_bearish_sr250_lr500_buf0_tgnone,"P0 st5_50_and_st15_20_bearish, short $250, switch long $500, buffer 0, guard none",st5_50_and_st15_20_bearish,250.0,500.0,0,none,1538,0.570221066319896,34749.69999999999,-11079.599999999999,3.1363677389075413,1.1142749411076132,22.594083224967484,1071,467,170,32612.779999999995,2136.919999999997,3122.499999999999,338838.24000000005,-304088.54,1708,2136.919999999998,3122.499999999998,69,5926.639999999999,-3958.3599999999988,0.6231884057971014,13,-2727.0799999999995,-3958.3599999999997,0.38461538461538464,1,100.76,0.0,4,1117.3,-174.74,8,2147.3599999999997,-174.74,15,3150.4799999999996,-551.48,27,4652.759999999999,-1043.52,50,4185.799999999999,-3958.3600000000006,93,5214.039999999999,-4561.46,9905,9230,0,0,14.0,1658.6200000000026,1044.8400000000001,-94.01999999999998,126.73999999999978,0.0,0.0,222.24,47.5,-200.26000000000022,47.5,-309.52000000000044,0.0,-732.5000000000009,-182.03999999999996,150.73999999999978,126.73999999999933,-171.44000000000415,0.0,2741.3569999999995,False,False,False
p0_st5_50_and_st15_20_bearish_sr250_lr500_buf0_tg1030,"P0 st5_50_and_st15_20_bearish, short $250, switch long $500, buffer 0, guard 10:30",st5_50_and_st15_20_bearish,250.0,500.0,0,10:30,1489,0.5742108797850907,36341.639999999985,-10985.899999999998,3.3080257420875845,1.1207199019402674,24.406742780389514,1085,404,160,32487.359999999986,3854.2799999999975,2983.4199999999983,337382.64,-301041.0,1649,3854.2799999999975,2983.4199999999996,68,5826.879999999999,-3958.3599999999988,0.6176470588235294,13,-2727.0799999999995,-3958.3599999999997,0.38461538461538464,1,100.76,0.0,4,1117.3,-174.74,8,2147.3599999999997,-174.74,15,3150.4799999999996,-551.48,27,4652.759999999999,-1043.52,50,4185.799999999999,-3958.3600000000006,92,5114.280000000001,-4561.46,4499,3930,2078,0,14.0,3250.5599999999977,1138.5400000000009,-94.01999999999998,126.73999999999978,0.0,0.0,222.24,47.5,-200.26000000000022,47.5,-309.52000000000044,0.0,-732.5000000000009,-182.03999999999996,150.73999999999978,126.73999999999933,-271.20000000000255,0.0,2900.5509999999995,False,False,False
p0_st5_50_and_st15_20_bearish_sr250_lr500_buf0_tg1100,"P0 st5_50_and_st15_20_bearish, short $250, switch long $500, buffer 0, guard 11:00",st5_50_and_st15_20_bearish,250.0,500.0,0,11:00,1512,0.5714285714285714,35618.52,-10985.9,3.242203187722444,1.1177041774822751,23.55722222222222,1078,434,165,32335.55999999999,3282.959999999997,3349.0999999999995,338229.02,-302610.5,1677,3282.9599999999964,3349.099999999998,69,5926.639999999999,-3958.3599999999988,0.6231884057971014,13,-2727.0799999999995,-3958.3599999999997,0.38461538461538464,1,100.76,0.0,4,1117.3,-174.74,8,2147.3599999999997,-174.74,15,3150.4799999999996,-551.48,27,4652.759999999999,-1043.52,50,4185.799999999999,-3958.3600000000006,93,5214.039999999999,-4561.46,6163,5540,1221,0,14.0,2527.4400000000096,1138.539999999999,-94.01999999999998,126.73999999999978,0.0,0.0,222.24,47.5,-200.26000000000022,47.5,-309.52000000000044,0.0,-732.5000000000009,-182.03999999999996,150.73999999999978,126.73999999999933,-171.44000000000415,0.0,2828.2390000000005,False,False,False
p0_st5_50_and_st15_20_bearish_sr250_lr500_buf2ticks_tgnone,"P0 st5_50_and_st15_20_bearish, short $250, switch long $500, buffer 2ticks, guard none",st5_50_and_st15_20_bearish,250.0,500.0,2ticks,none,1538,0.570221066319896,33979.539999999986,-11079.599999999999,3.0668562041950964,1.111572980322765,22.0933289986996,1071,467,169,32090.619999999995,1888.919999999997,2600.3399999999997,338529.44000000006,-304549.9,1707,1888.9199999999978,2600.339999999998,69,5860.639999999999,-3958.3599999999988,0.6231884057971014,13,-2727.0799999999995,-3958.3599999999997,0.38461538461538464,1,100.76,0.0,4,1117.3,-174.74,8,2147.3599999999997,-174.74,15,3150.4799999999996,-551.48,27,4586.759999999999,-1109.5200000000002,50,4119.799999999999,-3958.3600000000006,93,5148.039999999999,-4561.46,9905,9230,0,0,14.0,888.4599999999991,1044.8400000000001,-94.01999999999998,126.73999999999978,0.0,0.0,222.24,47.5,-200.26000000000022,47.5,-309.52000000000044,0.0,-798.5000000000009,-248.0400000000002,84.73999999999978,126.73999999999933,-237.44000000000415,0.0,2664.3409999999994,False,False,False
p0_st5_50_and_st15_20_bearish_sr250_lr500_buf2ticks_tg1030,"P0 st5_50_and_st15_20_bearish, short $250, switch long $500, buffer 2ticks, guard 10:30",st5_50_and_st15_20_bearish,250.0,500.0,2ticks,10:30,1489,0.5742108797850907,35577.47999999999,-10985.9,3.2384674901464594,1.1180030166865031,23.89353928811282,1085,404,159,31969.199999999983,3608.279999999997,2465.2599999999975,337073.84,-301496.36000000004,1648,3608.2799999999975,2465.259999999999,68,5760.879999999999,-3958.3599999999988,0.6176470588235294,13,-2727.0799999999995,-3958.3599999999997,0.38461538461538464,1,100.76,0.0,4,1117.3,-174.74,8,2147.3599999999997,-174.74,15,3150.4799999999996,-551.48,27,4586.759999999999,-1109.5200000000002,50,4119.799999999999,-3958.3600000000006,92,5048.280000000001,-4561.46,4499,3930,2078,0,14.0,2486.4000000000015,1138.539999999999,-94.01999999999998,126.73999999999978,0.0,0.0,222.24,47.5,-200.26000000000022,47.5,-309.52000000000044,0.0,-798.5000000000009,-248.0400000000002,84.73999999999978,126.73999999999933,-337.20000000000255,0.0,2824.1349999999998,False,False,False
p0_st5_50_and_st15_20_bearish_sr250_lr500_buf2ticks_tg1100,"P0 st5_50_and_st15_20_bearish, short $250, switch long $500, buffer 2ticks, guard 11:00",st5_50_and_st15_20_bearish,250.0,500.0,2ticks,11:00,1512,0.5714285714285714,34848.35999999999,-11032.799999999996,3.158614313682837,1.1149838193489823,23.04785714285714,1078,434,164,31813.39999999999,3034.959999999997,2826.939999999999,337920.22000000003,-303071.86,1676,3034.9599999999964,2826.9399999999982,69,5860.639999999999,-3958.3599999999988,0.6231884057971014,13,-2727.0799999999995,-3958.3599999999997,0.38461538461538464,1,100.76,0.0,4,1117.3,-174.74,8,2147.3599999999997,-174.74,15,3150.4799999999996,-551.48,27,4586.759999999999,-1109.5200000000002,50,4119.799999999999,-3958.3600000000006,93,5148.039999999999,-4561.46,6163,5540,1221,0,14.0,1757.280000000006,1091.640000000003,-94.01999999999998,126.73999999999978,0.0,0.0,222.24,47.5,-200.26000000000022,47.5,-309.52000000000044,0.0,-798.5000000000009,-248.0400000000002,84.73999999999978,126.73999999999933,-237.44000000000415,0.0,2751.223,False,False,False
p0_st5_50_and_st15_20_bearish_sr250_lr500_buf0_25r_tgnone,"P0 st5_50_and_st15_20_bearish, short $250, switch long $500, buffer 0.25r, guard none",st5_50_and_st15_20_bearish,250.0,500.0,0.25r,none,1538,0.5630689206762028,33730.21999999999,-11011.519999999995,3.0631756560402197,1.1139666753208244,21.931222366710003,1071,467,127,30848.799999999996,2881.419999999997,1358.5199999999995,329695.86,-295965.64,1665,2881.419999999997,1358.5199999999998,69,5548.560000000001,-3958.3599999999988,0.6086956521739131,13,-2727.0799999999995,-3958.3599999999997,0.38461538461538464,1,100.76,0.0,4,1117.3,-174.74,8,1457.1,-174.74,15,2460.2200000000003,-551.48,27,4166.459999999999,-1052.4,50,3699.5,-3958.3600000000006,93,4602.200000000001,-4561.46,9905,9230,0,0,14.0,639.1399999999994,1112.9200000000037,-94.01999999999998,126.73999999999978,0.0,0.0,222.24,47.5,-890.52,47.5,-999.7799999999997,0.0,-1218.800000000001,-190.92000000000007,-335.5599999999995,126.73999999999933,-783.2800000000025,0.0,1949.1490000000001,False,False,False
p0_st5_50_and_st15_20_bearish_sr250_lr500_buf0_25r_tg1030,"P0 st5_50_and_st15_20_bearish, short $250, switch long $500, buffer 0.25r, guard 10:30",st5_50_and_st15_20_bearish,250.0,500.0,0.25r,10:30,1489,0.5674949630624581,35074.29999999999,-12092.819999999994,2.900423557119018,1.1194753756251339,23.55560779046339,1085,404,120,30632.019999999993,4442.279999999997,1128.0799999999997,328643.58,-293569.2799999999,1609,4442.279999999999,1128.0800000000008,68,5448.799999999999,-3958.3599999999988,0.6029411764705882,13,-2727.0799999999995,-3958.3599999999997,0.38461538461538464,1,100.76,0.0,4,1117.3,-174.74,8,1457.1,-174.74,15,2460.2200000000003,-551.48,27,4166.459999999999,-1052.4,50,3699.5,-3958.3600000000006,92,4502.4400000000005,-4561.46,4499,3930,2078,0,14.0,1983.2200000000012,31.62000000000444,-94.01999999999998,126.73999999999978,0.0,0.0,222.24,47.5,-890.52,47.5,-999.7799999999997,0.0,-1218.800000000001,-190.92000000000007,-335.5599999999995,126.73999999999933,-883.0400000000027,0.0,2083.5570000000002,False,False,False
p0_st5_50_and_st15_20_bearish_sr250_lr500_buf0_25r_tg1100,"P0 st5_50_and_st15_20_bearish, short $250, switch long $500, buffer 0.25r, guard 11:00",st5_50_and_st15_20_bearish,250.0,500.0,0.25r,11:00,1512,0.5648148148148148,33702.63999999999,-12142.299999999996,2.775638882254598,1.114073363938704,22.290105820105815,1078,434,125,29995.179999999993,3707.4599999999964,1008.7199999999993,329149.7,-295447.05999999994,1637,3707.4599999999964,1008.7199999999996,69,5548.560000000001,-3958.3599999999988,0.6086956521739131,13,-2727.0799999999995,-3958.3599999999997,0.38461538461538464,1,100.76,0.0,4,1117.3,-174.74,8,1457.1,-174.74,15,2460.2200000000003,-551.48,27,4166.459999999999,-1052.4,50,3699.5,-3958.3600000000006,93,4602.200000000001,-4561.46,6163,5540,1221,0,14.0,611.560000000005,-17.859999999996944,-94.01999999999998,126.73999999999978,0.0,0.0,222.24,47.5,-890.52,47.5,-999.7799999999997,0.0,-1218.800000000001,-190.92000000000007,-335.5599999999995,126.73999999999933,-783.2800000000025,0.0,1946.3910000000005,False,False,False
p0_st5_50_and_st15_20_bearish_sr250_lr750_buf0_tgnone,"P0 st5_50_and_st15_20_bearish, short $250, switch long $750, buffer 0, guard none",st5_50_and_st15_20_bearish,250.0,750.0,0,none,1538,0.5786736020806242,34504.520000000004,-13479.699999999997,2.5597394600770054,1.1073034802947581,22.43466840052016,1071,467,170,32367.599999999995,2136.919999999997,2877.319999999998,356064.64,-321560.12,1708,2136.919999999998,2877.3199999999993,69,6521.459999999999,-3958.3599999999988,0.6231884057971014,13,-2727.0799999999995,-3958.3599999999997,0.38461538461538464,1,100.76,0.0,4,1117.3,-174.74,8,2589.62,-174.74000000000024,15,3592.74,-551.48,27,4987.539999999999,-1151.0000000000002,50,4520.58,-3958.3600000000006,93,6098.139999999999,-4561.46,9905,9230,0,0,14.0,1413.4400000000169,-1355.2599999999984,-94.01999999999998,126.73999999999978,0.0,0.0,222.24,47.5,242.0,47.49999999999977,132.73999999999978,0.0,-397.72000000000116,-289.5200000000002,485.52000000000044,126.73999999999933,712.6599999999962,0.0,3159.0990000000015,True,False,False
p0_st5_50_and_st15_20_bearish_sr250_lr750_buf0_tg1030,"P0 st5_50_and_st15_20_bearish, short $250, switch long $750, buffer 0, guard 10:30",st5_50_and_st15_20_bearish,250.0,750.0,0,10:30,1489,0.5822699798522498,36175.759999999995,-12852.779999999997,2.8146253184136043,1.1139464357484745,24.29533915379449,1085,404,160,32321.479999999985,3854.2799999999975,2817.5399999999995,353656.16000000003,-317480.4,1649,3854.2799999999975,2817.5399999999972,68,6421.699999999999,-3958.3599999999988,0.6176470588235294,13,-2727.0799999999995,-3958.3599999999997,0.38461538461538464,1,100.76,0.0,4,1117.3,-174.74,8,2589.62,-174.74000000000024,15,3592.74,-551.48,27,4987.539999999999,-1151.0000000000002,50,4520.58,-3958.3600000000006,92,5998.380000000001,-4561.46,4499,3930,2078,0,14.0,3084.6800000000076,-728.3399999999983,-94.01999999999998,126.73999999999978,0.0,0.0,222.24,47.5,242.0,47.49999999999977,132.73999999999978,0.0,-397.72000000000116,-289.5200000000002,485.52000000000044,126.73999999999933,612.8999999999978,0.0,3326.2230000000004,True,False,False
p0_st5_50_and_st15_20_bearish_sr250_lr750_buf0_tg1100,"P0 st5_50_and_st15_20_bearish, short $250, switch long $750, buffer 0, guard 11:00",st5_50_and_st15_20_bearish,250.0,750.0,0,11:00,1512,0.580026455026455,35677.0,-12852.779999999997,2.7758197059313243,1.1116640043036823,23.59589947089947,1078,434,165,32394.03999999999,3282.959999999997,3407.5799999999995,355180.14,-319503.14,1677,3282.9599999999964,3407.580000000001,69,6521.459999999999,-3958.3599999999988,0.6231884057971014,13,-2727.0799999999995,-3958.3599999999997,0.38461538461538464,1,100.76,0.0,4,1117.3,-174.74,8,2589.62,-174.74000000000024,15,3592.74,-551.48,27,4987.539999999999,-1151.0000000000002,50,4520.58,-3958.3600000000006,93,6098.139999999999,-4561.46,6163,5540,1221,0,14.0,2585.920000000013,-728.3399999999983,-94.01999999999998,126.73999999999978,0.0,0.0,222.24,47.5,242.0,47.49999999999977,132.73999999999978,0.0,-397.72000000000116,-289.5200000000002,485.52000000000044,126.73999999999933,712.6599999999962,0.0,3276.347000000001,True,False,False
p0_st5_50_and_st15_20_bearish_sr250_lr750_buf2ticks_tgnone,"P0 st5_50_and_st15_20_bearish, short $250, switch long $750, buffer 2ticks, guard none",st5_50_and_st15_20_bearish,250.0,750.0,2ticks,none,1538,0.577373211963589,33618.34,-13479.699999999997,2.493997640897053,1.1043853189610235,21.858478543563066,1071,467,169,31729.419999999995,1888.919999999997,2239.1399999999985,355678.38,-322060.04,1707,1888.9199999999978,2239.1399999999994,69,6433.459999999999,-3958.3599999999988,0.6231884057971014,13,-2727.0799999999995,-3958.3599999999997,0.38461538461538464,1,100.76,0.0,4,1117.3,-174.74,8,2589.62,-174.74000000000024,15,3592.74,-551.48,27,4899.539999999999,-1239.0000000000002,50,4432.58,-3958.3600000000006,93,6010.139999999999,-4561.46,9905,9230,0,0,14.0,527.2600000000093,-1355.2599999999984,-94.01999999999998,126.73999999999978,0.0,0.0,222.24,47.5,242.0,47.49999999999977,132.73999999999978,0.0,-485.72000000000116,-377.5200000000002,397.52000000000044,126.73999999999933,624.6599999999962,0.0,3070.4810000000007,True,False,False
p0_st5_50_and_st15_20_bearish_sr250_lr750_buf2ticks_tg1030,"P0 st5_50_and_st15_20_bearish, short $250, switch long $750, buffer 2ticks, guard 10:30",st5_50_and_st15_20_bearish,250.0,750.0,2ticks,10:30,1489,0.5809267965077233,35297.579999999994,-12852.779999999997,2.7462992442102023,1.1110055490226567,23.705560779046337,1085,404,159,31689.299999999985,3608.279999999997,2185.359999999999,353277.9,-317980.31999999995,1648,3608.2799999999975,2185.359999999998,68,6333.699999999999,-3958.3599999999988,0.6176470588235294,13,-2727.0799999999995,-3958.3599999999997,0.38461538461538464,1,100.76,0.0,4,1117.3,-174.74,8,2589.62,-174.74000000000024,15,3592.74,-551.48,27,4899.539999999999,-1239.0000000000002,50,4432.58,-3958.3600000000006,92,5910.380000000001,-4561.46,4499,3930,2078,0,14.0,2206.5000000000073,-728.3399999999983,-94.01999999999998,126.73999999999978,0.0,0.0,222.24,47.5,242.0,47.49999999999977,132.73999999999978,0.0,-485.72000000000116,-377.5200000000002,397.52000000000044,126.73999999999933,524.8999999999978,0.0,3238.405,True,False,False
p0_st5_50_and_st15_20_bearish_sr250_lr750_buf2ticks_tg1100,"P0 st5_50_and_st15_20_bearish, short $250, switch long $750, buffer 2ticks, guard 11:00",st5_50_and_st15_20_bearish,250.0,750.0,2ticks,11:00,1512,0.5787037037037037,34790.81999999999,-12852.779999999997,2.7068711982932876,1.108720272862391,23.00980158730158,1078,434,164,31755.85999999999,3034.959999999997,2769.399999999999,354793.88,-320003.05999999994,1676,3034.9599999999964,2769.3999999999996,69,6433.459999999999,-3958.3599999999988,0.6231884057971014,13,-2727.0799999999995,-3958.3599999999997,0.38461538461538464,1,100.76,0.0,4,1117.3,-174.74,8,2589.62,-174.74000000000024,15,3592.74,-551.48,27,4899.539999999999,-1239.0000000000002,50,4432.58,-3958.3600000000006,93,6010.139999999999,-4561.46,6163,5540,1221,0,14.0,1699.7400000000052,-728.3399999999983,-94.01999999999998,126.73999999999978,0.0,0.0,222.24,47.5,242.0,47.49999999999977,132.73999999999978,0.0,-485.72000000000116,-377.5200000000002,397.52000000000044,126.73999999999933,624.6599999999962,0.0,3187.7290000000003,True,False,False
p0_st5_50_and_st15_20_bearish_sr250_lr750_buf0_25r_tgnone,"P0 st5_50_and_st15_20_bearish, short $250, switch long $750, buffer 0.25r, guard none",st5_50_and_st15_20_bearish,250.0,750.0,0.25r,none,1538,0.5682704811443433,34868.5,-12631.779999999997,2.7603789806345587,1.114198313656885,22.671326397919376,1071,467,127,31987.079999999984,2881.419999999997,2496.7999999999993,340201.38,-305332.88,1665,2881.419999999997,2496.8,69,6055.6,-3958.3599999999988,0.6231884057971014,13,-2727.0799999999995,-3958.3599999999997,0.38461538461538464,1,100.76,0.0,4,1117.3,-174.74,8,1734.36,-174.74,15,2737.4800000000005,-551.48,27,4348.98,-1147.14,50,3882.0199999999995,-3958.3600000000006,93,5290.52,-4561.46,9905,9230,0,0,14.0,1777.4200000000128,-507.3399999999983,-94.01999999999998,126.73999999999978,0.0,0.0,222.24,47.5,-613.26,47.5,-722.5199999999995,0.0,-1036.2800000000007,-285.6600000000001,-153.03999999999996,126.73999999999933,-94.96000000000276,0.0,2340.2370000000014,False,False,False
p0_st5_50_and_st15_20_bearish_sr250_lr750_buf0_25r_tg1030,"P0 st5_50_and_st15_20_bearish, short $250, switch long $750, buffer 0.25r, guard 10:30",st5_50_and_st15_20_bearish,250.0,750.0,0.25r,10:30,1489,0.5715245130960376,36121.719999999994,-13713.079999999994,2.634106998573625,1.1193735421473303,24.25904633982538,1085,404,120,31679.43999999999,4442.279999999997,2175.4999999999995,338715.74000000005,-302594.01999999996,1609,4442.279999999999,2175.5000000000014,68,5955.84,-3958.3599999999988,0.6176470588235294,13,-2727.0799999999995,-3958.3599999999997,0.38461538461538464,1,100.76,0.0,4,1117.3,-174.74,8,1734.36,-174.74,15,2737.4800000000005,-551.48,27,4348.98,-1147.14,50,3882.0199999999995,-3958.3600000000006,92,5190.76,-4561.46,4499,3930,2078,0,14.0,3030.6400000000067,-1588.6399999999958,-94.01999999999998,126.73999999999978,0.0,0.0,222.24,47.5,-613.26,47.5,-722.5199999999995,0.0,-1036.2800000000007,-285.6600000000001,-153.03999999999996,126.73999999999933,-194.72000000000298,0.0,2465.559000000001,False,False,False
p0_st5_50_and_st15_20_bearish_sr250_lr750_buf0_25r_tg1100,"P0 st5_50_and_st15_20_bearish, short $250, switch long $750, buffer 0.25r, guard 11:00",st5_50_and_st15_20_bearish,250.0,750.0,0.25r,11:00,1512,0.5687830687830688,34645.14,-13762.559999999994,2.5173470633370547,1.1136429806939252,22.913452380952382,1078,434,125,30937.679999999986,3707.4599999999964,1951.219999999998,339504.62000000005,-304859.48,1637,3707.4599999999964,1951.2200000000003,69,6055.6,-3958.3599999999988,0.6231884057971014,13,-2727.0799999999995,-3958.3599999999997,0.38461538461538464,1,100.76,0.0,4,1117.3,-174.74,8,1734.36,-174.74,15,2737.4800000000005,-551.48,27,4348.98,-1147.14,50,3882.0199999999995,-3958.3600000000006,93,5290.52,-4561.46,6163,5540,1221,0,14.0,1554.0600000000122,-1638.1199999999953,-94.01999999999998,126.73999999999978,0.0,0.0,222.24,47.5,-613.26,47.5,-722.5199999999995,0.0,-1036.2800000000007,-285.6600000000001,-153.03999999999996,126.73999999999933,-94.96000000000276,0.0,2317.9010000000017,False,False,False
p0_st5_50_and_st15_20_bearish_sr350_lr500_buf0_tgnone,"P0 st5_50_and_st15_20_bearish, short $350, switch long $500, buffer 0, guard none",st5_50_and_st15_20_bearish,350.0,500.0,0,none,1660,0.5668674698795181,36995.67999999999,-10518.08,3.517341568042836,1.1113562103356291,22.286554216867465,1071,589,201,30851.039999999986,6144.639999999994,1360.7599999999984,369223.94000000006,-332228.25999999995,1861,6144.639999999994,1360.7599999999995,78,7508.52,-3440.099999999999,0.6410256410256411,15,-1839.56,-3440.1000000000004,0.4666666666666667,1,100.76,0.0,4,1117.3,-174.74,10,2609.6400000000003,-174.73999999999978,17,3612.76,-551.48,30,5188.5599999999995,-1223.2600000000004,55,5609.120000000001,-3440.1000000000004,103,6598.9400000000005,-4561.46,9905,9230,0,0,14.0,3904.600000000006,1606.3599999999988,793.4999999999995,644.9999999999991,0.0,0.0,222.24,47.5,262.02000000000044,47.50000000000023,152.76000000000022,0.0,-196.70000000000073,-361.7800000000004,1574.0600000000013,644.9999999999995,1213.4599999999973,0.0,3650.1150000000007,True,False,True
p0_st5_50_and_st15_20_bearish_sr350_lr500_buf0_tg1030,"P0 st5_50_and_st15_20_bearish, short $350, switch long $500, buffer 0, guard 10:30",st5_50_and_st15_20_bearish,350.0,500.0,0,10:30,1586,0.573139974779319,40114.71999999998,-10402.84,3.8561315948337165,1.1232705662618874,25.293013871374516,1085,501,188,30829.55999999999,9285.159999999996,1325.6199999999985,365534.82,-325420.1,1774,9285.159999999996,1325.6199999999997,76,7226.24,-3440.0999999999995,0.631578947368421,15,-1839.56,-3440.1000000000004,0.4666666666666667,1,100.76,0.0,4,1117.3,-174.74,10,2609.6400000000003,-174.73999999999978,17,3612.76,-551.48,30,5188.5599999999995,-1223.2600000000004,55,5609.120000000001,-3440.1000000000004,100,6379.9,-4561.46,4499,3930,2078,0,14.0,7023.639999999992,1721.5999999999985,793.4999999999995,644.9999999999991,0.0,0.0,222.24,47.5,262.02000000000044,47.50000000000023,152.76000000000022,0.0,-196.70000000000073,-361.7800000000004,1574.0600000000013,644.9999999999995,994.4199999999964,0.0,3962.0189999999993,True,False,True
p0_st5_50_and_st15_20_bearish_sr350_lr500_buf0_tg1100,"P0 st5_50_and_st15_20_bearish, short $350, switch long $500, buffer 0, guard 11:00",st5_50_and_st15_20_bearish,350.0,500.0,0,11:00,1623,0.5693160813308688,39124.65999999998,-10477.06,3.734316688078524,1.1191139319970904,24.10638324091188,1078,545,195,30829.559999999983,8295.099999999995,1843.0999999999988,367588.84,-328464.17999999993,1818,8295.099999999993,1843.099999999998,77,7425.76,-3440.099999999999,0.6363636363636364,15,-1839.56,-3440.1000000000004,0.4666666666666667,1,100.76,0.0,4,1117.3,-174.74,10,2609.6400000000003,-174.73999999999978,17,3612.76,-551.48,30,5188.5599999999995,-1223.2600000000004,55,5609.120000000001,-3440.1000000000004,102,6516.180000000002,-4561.46,6163,5540,1221,0,14.0,6033.5799999999945,1647.3799999999992,793.4999999999995,644.9999999999991,0.0,0.0,222.24,47.5,262.02000000000044,47.50000000000023,152.76000000000022,0.0,-196.70000000000073,-361.7800000000004,1574.0600000000013,644.9999999999995,1130.699999999999,0.0,3863.013,True,False,True
p0_st5_50_and_st15_20_bearish_sr350_lr500_buf2ticks_tgnone,"P0 st5_50_and_st15_20_bearish, short $350, switch long $500, buffer 2ticks, guard none",st5_50_and_st15_20_bearish,350.0,500.0,2ticks,none,1660,0.5668674698795181,36115.75999999999,-10646.48,3.392272375470577,1.108536117649654,21.756481927710837,1071,589,200,30309.119999999984,5806.639999999994,818.8399999999984,368869.14,-332753.38,1860,5806.639999999994,818.8399999999981,78,7442.52,-3440.099999999999,0.6410256410256411,15,-1839.56,-3440.1000000000004,0.4666666666666667,1,100.76,0.0,4,1117.3,-174.74,10,2609.6400000000003,-174.73999999999978,17,3612.76,-551.48,30,5122.5599999999995,-1289.2600000000004,55,5543.120000000001,-3440.1000000000004,103,6532.9400000000005,-4561.46,9905,9230,0,0,14.0,3024.6800000000003,1477.9599999999991,793.4999999999995,644.9999999999991,0.0,0.0,222.24,47.5,262.02000000000044,47.50000000000023,152.76000000000022,0.0,-262.7000000000007,-427.7800000000004,1508.0600000000013,644.9999999999995,1147.4599999999973,0.0,3562.123,True,False,True
p0_st5_50_and_st15_20_bearish_sr350_lr500_buf2ticks_tg1030,"P0 st5_50_and_st15_20_bearish, short $350, switch long $500, buffer 2ticks, guard 10:30",st5_50_and_st15_20_bearish,350.0,500.0,2ticks,10:30,1586,0.573139974779319,39264.05999999998,-10737.119999999999,3.656852116768741,1.1204729587345157,24.756658259773005,1085,501,187,30310.39999999999,8953.659999999996,806.4599999999996,365180.02,-325915.95999999996,1773,8953.659999999996,806.4599999999982,76,7160.24,-3440.0999999999995,0.631578947368421,15,-1839.56,-3440.1000000000004,0.4666666666666667,1,100.76,0.0,4,1117.3,-174.74,10,2609.6400000000003,-174.73999999999978,17,3612.76,-551.48,30,5122.5599999999995,-1289.2600000000004,55,5543.120000000001,-3440.1000000000004,100,6313.9,-4561.46,4499,3930,2078,0,14.0,6172.979999999996,1387.3199999999997,793.4999999999995,644.9999999999991,0.0,0.0,222.24,47.5,262.02000000000044,47.50000000000023,152.76000000000022,0.0,-262.7000000000007,-427.7800000000004,1508.0600000000013,644.9999999999995,928.4199999999964,0.0,3876.953,True,False,True
p0_st5_50_and_st15_20_bearish_sr350_lr500_buf2ticks_tg1100,"P0 st5_50_and_st15_20_bearish, short $350, switch long $500, buffer 2ticks, guard 11:00",st5_50_and_st15_20_bearish,350.0,500.0,2ticks,11:00,1623,0.5693160813308688,38244.73999999998,-10811.34,3.5374652910740005,1.1162491910831147,23.56422674060381,1078,545,194,30287.63999999999,7957.099999999995,1301.1799999999987,367234.04000000004,-328989.29999999993,1817,7957.099999999994,1301.1799999999985,77,7359.76,-3440.099999999999,0.6363636363636364,15,-1839.56,-3440.1000000000004,0.4666666666666667,1,100.76,0.0,4,1117.3,-174.74,10,2609.6400000000003,-174.73999999999978,17,3612.76,-551.48,30,5122.5599999999995,-1289.2600000000004,55,5543.120000000001,-3440.1000000000004,102,6450.180000000002,-4561.46,6163,5540,1221,0,14.0,5153.659999999996,1313.0999999999985,793.4999999999995,644.9999999999991,0.0,0.0,222.24,47.5,262.02000000000044,47.50000000000023,152.76000000000022,0.0,-262.7000000000007,-427.7800000000004,1508.0600000000013,644.9999999999995,1064.699999999999,0.0,3775.0209999999997,True,False,True
p0_st5_50_and_st15_20_bearish_sr350_lr500_buf0_25r_tgnone,"P0 st5_50_and_st15_20_bearish, short $350, switch long $500, buffer 0.25r, guard none",st5_50_and_st15_20_bearish,350.0,500.0,0.25r,none,1660,0.5548192771084337,37172.69999999999,-10623.52,3.49909446209919,1.114282076006172,22.39319277108433,1071,589,149,29467.05999999999,7705.639999999992,-23.22000000000071,362444.18000000005,-325271.48,1809,7705.639999999994,-23.220000000000255,78,7037.9400000000005,-3440.099999999999,0.6282051282051282,15,-1839.56,-3440.1000000000004,0.4666666666666667,1,100.76,0.0,4,1117.3,-174.74,10,1707.3799999999999,-373.98,17,2710.5,-551.48,30,4561.26,-1052.4,55,4981.82,-3440.1000000000004,103,5855.100000000002,-4561.46,9905,9230,0,0,14.0,4081.6200000000026,1500.9199999999983,793.4999999999995,644.9999999999991,0.0,0.0,222.24,47.5,-640.24,-151.74,-749.5,0.0,-824.0,-190.92000000000007,946.7600000000002,644.9999999999995,469.619999999999,0.0,2765.5570000000002,False,False,True
p0_st5_50_and_st15_20_bearish_sr350_lr500_buf0_25r_tg1030,"P0 st5_50_and_st15_20_bearish, short $350, switch long $500, buffer 0.25r, guard 10:30",st5_50_and_st15_20_bearish,350.0,500.0,0.25r,10:30,1586,0.5605296343001261,40217.41999999998,-11951.619999999999,3.3650182987745576,1.1261742059911308,25.357767969735168,1085,501,140,29520.259999999984,10697.159999999996,16.319999999999027,358962.6,-318745.17999999993,1726,10697.159999999996,16.31999999999948,76,6755.66,-3440.099999999999,0.618421052631579,15,-1839.56,-3440.1000000000004,0.4666666666666667,1,100.76,0.0,4,1117.3,-174.74,10,1707.3799999999999,-373.98,17,2710.5,-551.48,30,4561.26,-1052.4,55,4981.82,-3440.1000000000004,100,5636.0599999999995,-4561.46,4499,3930,2078,0,14.0,7126.339999999989,172.8199999999997,793.4999999999995,644.9999999999991,0.0,0.0,222.24,47.5,-640.24,-151.74,-749.5,0.0,-824.0,-190.92000000000007,946.7600000000002,644.9999999999995,250.5799999999963,0.0,3070.028999999999,False,False,True
p0_st5_50_and_st15_20_bearish_sr350_lr500_buf0_25r_tg1100,"P0 st5_50_and_st15_20_bearish, short $350, switch long $500, buffer 0.25r, guard 11:00",st5_50_and_st15_20_bearish,350.0,500.0,0.25r,11:00,1623,0.5569932224276032,38253.779999999984,-12025.839999999998,3.1809653213413775,1.1186621517672026,23.569796672828087,1078,545,146,28869.179999999997,9384.599999999995,-117.28000000000134,360629.36,-322375.58,1769,9384.599999999995,-117.28000000000088,77,6955.18,-3440.099999999999,0.6233766233766234,15,-1839.56,-3440.1000000000004,0.4666666666666667,1,100.76,0.0,4,1117.3,-174.74,10,1707.3799999999999,-373.98,17,2710.5,-551.48,30,4561.26,-1052.4,55,4981.82,-3440.1000000000004,102,5772.34,-4561.46,6163,5540,1221,0,14.0,5162.699999999997,98.60000000000036,793.4999999999995,644.9999999999991,0.0,0.0,222.24,47.5,-640.24,-151.74,-749.5,0.0,-824.0,-190.92000000000007,946.7600000000002,644.9999999999995,386.85999999999694,0.0,2873.665,False,False,True
p0_st5_50_and_st15_20_bearish_sr350_lr750_buf0_tgnone,"P0 st5_50_and_st15_20_bearish, short $350, switch long $750, buffer 0, guard none",st5_50_and_st15_20_bearish,350.0,750.0,0,none,1660,0.5740963855421687,35081.359999999986,-12918.179999999998,2.7156580880588432,1.0994989283008114,21.133349397590354,1071,589,201,28936.71999999999,6144.639999999994,-553.5600000000027,387661.64,-352580.28,1861,6144.639999999994,-553.5600000000018,78,8278.6,-3440.099999999999,0.6538461538461539,15,-1839.56,-3440.1000000000004,0.4666666666666667,1,100.76,0.0,4,1117.3,-174.74,10,3227.16,-174.74000000000024,17,4230.28,-551.48,30,5698.6,-1330.7400000000002,55,6119.16,-3440.1000000000004,103,7658.299999999999,-4561.46,9905,9230,0,0,14.0,1990.2799999999988,-793.7399999999998,793.4999999999995,644.9999999999991,0.0,0.0,222.24,47.5,879.54,47.49999999999977,770.2799999999997,0.0,313.34000000000015,-469.2600000000002,2084.1000000000004,644.9999999999995,2272.819999999996,0.0,4076.2029999999995,True,False,True
p0_st5_50_and_st15_20_bearish_sr350_lr750_buf0_tg1030,"P0 st5_50_and_st15_20_bearish, short $350, switch long $750, buffer 0, guard 10:30",st5_50_and_st15_20_bearish,350.0,750.0,0,10:30,1586,0.5800756620428752,38403.15999999998,-12224.779999999999,3.141419313885402,1.111396412007963,24.21384615384614,1085,501,188,29117.999999999993,9285.159999999996,-385.9400000000028,383146.4,-344743.24,1774,9285.159999999996,-385.9400000000003,76,7996.32,-3440.099999999999,0.6447368421052632,15,-1839.56,-3440.1000000000004,0.4666666666666667,1,100.76,0.0,4,1117.3,-174.74,10,3227.16,-174.74000000000024,17,4230.28,-551.48,30,5698.6,-1330.7400000000002,55,6119.16,-3440.1000000000004,100,7439.26,-4561.46,4499,3930,2078,0,14.0,5312.0799999999945,-100.34000000000015,793.4999999999995,644.9999999999991,0.0,0.0,222.24,47.5,879.54,47.49999999999977,770.2799999999997,0.0,313.34000000000015,-469.2600000000002,2084.1000000000004,644.9999999999995,2053.779999999997,0.0,4408.382999999999,True,False,True
p0_st5_50_and_st15_20_bearish_sr350_lr750_buf0_tg1100,"P0 st5_50_and_st15_20_bearish, short $350, switch long $750, buffer 0, guard 11:00",st5_50_and_st15_20_bearish,350.0,750.0,0,11:00,1623,0.5767097966728281,37769.73999999998,-12224.779999999999,3.089604884505078,1.1084999759270304,23.271558841651252,1078,545,195,29474.63999999999,8295.099999999995,488.17999999999824,385878.02,-348108.28,1818,8295.099999999993,488.1799999999987,77,8195.84,-3440.099999999999,0.6493506493506493,15,-1839.56,-3440.1000000000004,0.4666666666666667,1,100.76,0.0,4,1117.3,-174.74,10,3227.16,-174.74000000000024,17,4230.28,-551.48,30,5698.6,-1330.7400000000002,55,6119.16,-3440.1000000000004,102,7575.540000000001,-4561.46,6163,5540,1221,0,14.0,4678.659999999996,-100.34000000000015,793.4999999999995,644.9999999999991,0.0,0.0,222.24,47.5,879.54,47.49999999999977,770.2799999999997,0.0,313.34000000000015,-469.2600000000002,2084.1000000000004,644.9999999999995,2190.0599999999977,0.0,4345.040999999999,True,False,True
p0_st5_50_and_st15_20_bearish_sr350_lr750_buf2ticks_tgnone,"P0 st5_50_and_st15_20_bearish, short $350, switch long $750, buffer 2ticks, guard none",st5_50_and_st15_20_bearish,350.0,750.0,2ticks,none,1660,0.5734939759036145,34085.179999999986,-12918.179999999998,2.638543509999086,1.0965184996825683,20.533240963855413,1071,589,200,28278.53999999999,5806.639999999994,-1211.7400000000016,387231.78,-353146.6,1860,5806.639999999994,-1211.7400000000014,78,8190.6,-3440.099999999999,0.6538461538461539,15,-1839.56,-3440.1000000000004,0.4666666666666667,1,100.76,0.0,4,1117.3,-174.74,10,3227.16,-174.74000000000024,17,4230.28,-551.48,30,5610.6,-1418.7400000000002,55,6031.16,-3440.1000000000004,103,7570.299999999999,-4561.46,9905,9230,0,0,14.0,994.0999999999985,-793.7399999999998,793.4999999999995,644.9999999999991,0.0,0.0,222.24,47.5,879.54,47.49999999999977,770.2799999999997,0.0,225.34000000000015,-557.2600000000002,1996.1000000000004,644.9999999999995,2184.819999999996,0.0,3976.5849999999996,True,False,True
p0_st5_50_and_st15_20_bearish_sr350_lr750_buf2ticks_tg1030,"P0 st5_50_and_st15_20_bearish, short $350, switch long $750, buffer 2ticks, guard 10:30",st5_50_and_st15_20_bearish,350.0,750.0,2ticks,10:30,1586,0.5794451450189155,37437.47999999998,-12224.779999999999,3.0624256632839186,1.108424219546484,23.60496847414879,1085,501,187,28483.819999999992,8953.659999999996,-1020.1200000000026,382724.54,-345287.06,1773,8953.659999999996,-1020.1200000000006,76,7908.32,-3440.099999999999,0.6447368421052632,15,-1839.56,-3440.1000000000004,0.4666666666666667,1,100.76,0.0,4,1117.3,-174.74,10,3227.16,-174.74000000000024,17,4230.28,-551.48,30,5610.6,-1418.7400000000002,55,6031.16,-3440.1000000000004,100,7351.26,-4561.46,4499,3930,2078,0,14.0,4346.399999999994,-100.34000000000015,793.4999999999995,644.9999999999991,0.0,0.0,222.24,47.5,879.54,47.49999999999977,770.2799999999997,0.0,225.34000000000015,-557.2600000000002,1996.1000000000004,644.9999999999995,1965.779999999997,0.0,4311.814999999999,True,False,True
p0_st5_50_and_st15_20_bearish_sr350_lr750_buf2ticks_tg1100,"P0 st5_50_and_st15_20_bearish, short $350, switch long $750, buffer 2ticks, guard 11:00",st5_50_and_st15_20_bearish,350.0,750.0,2ticks,11:00,1623,0.5760936537276649,36773.55999999999,-12225.479999999998,3.007944064363935,1.1054667016180704,22.657769562538505,1078,545,194,28816.45999999999,7957.099999999995,-170.00000000000227,385448.16000000003,-348674.6,1817,7957.099999999994,-170.00000000000023,77,8107.84,-3440.099999999999,0.6493506493506493,15,-1839.56,-3440.1000000000004,0.4666666666666667,1,100.76,0.0,4,1117.3,-174.74,10,3227.16,-174.74000000000024,17,4230.28,-551.48,30,5610.6,-1418.7400000000002,55,6031.16,-3440.1000000000004,102,7487.540000000001,-4561.46,6163,5540,1221,0,14.0,3682.480000000003,-101.03999999999905,793.4999999999995,644.9999999999991,0.0,0.0,222.24,47.5,879.54,47.49999999999977,770.2799999999997,0.0,225.34000000000015,-557.2600000000002,1996.1000000000004,644.9999999999995,2102.0599999999977,0.0,4245.423,True,False,True
p0_st5_50_and_st15_20_bearish_sr350_lr750_buf0_25r_tgnone,"P0 st5_50_and_st15_20_bearish, short $350, switch long $750, buffer 0.25r, guard none",st5_50_and_st15_20_bearish,350.0,750.0,0.25r,none,1660,0.5632530120481928,36217.179999999986,-12243.779999999997,2.9580064326539675,1.1079734108337904,21.817578313253005,1071,589,149,28511.53999999999,7705.639999999992,-978.7400000000014,371644.02,-335426.83999999997,1809,7705.639999999994,-978.74,78,7544.980000000001,-3440.099999999999,0.6410256410256411,15,-1839.56,-3440.1000000000004,0.4666666666666667,1,100.76,0.0,4,1117.3,-174.74,10,1984.6399999999999,-373.98,17,2987.76,-551.48,30,4743.780000000001,-1147.1399999999999,55,5164.34,-3440.1000000000004,103,6543.420000000002,-4561.46,9905,9230,0,0,14.0,3126.0999999999985,-119.33999999999833,793.4999999999995,644.9999999999991,0.0,0.0,222.24,47.5,-362.98,-151.74,-472.2399999999998,0.0,-641.4799999999996,-285.65999999999985,1129.2800000000007,644.9999999999995,1157.9399999999987,0.0,2947.2650000000003,False,False,True
p0_st5_50_and_st15_20_bearish_sr350_lr750_buf0_25r_tg1030,"P0 st5_50_and_st15_20_bearish, short $350, switch long $750, buffer 0.25r, guard 10:30",st5_50_and_st15_20_bearish,350.0,750.0,0.25r,10:30,1586,0.5693568726355611,39441.019999999975,-13571.879999999996,2.9060837555298153,1.12008641126474,24.868234552332897,1085,501,140,28743.859999999986,10697.159999999996,-760.0800000000008,367879.68000000005,-328438.66,1726,10697.159999999996,-760.0800000000006,76,7262.700000000001,-3440.099999999999,0.631578947368421,15,-1839.56,-3440.1000000000004,0.4666666666666667,1,100.76,0.0,4,1117.3,-174.74,10,1984.6399999999999,-373.98,17,2987.76,-551.48,30,4743.780000000001,-1147.1399999999999,55,5164.34,-3440.1000000000004,100,6324.379999999999,-4561.46,4499,3930,2078,0,14.0,6349.939999999988,-1447.4399999999969,793.4999999999995,644.9999999999991,0.0,0.0,222.24,47.5,-362.98,-151.74,-472.2399999999998,0.0,-641.4799999999996,-285.65999999999985,1129.2800000000007,644.9999999999995,938.899999999996,0.0,3269.648999999999,False,False,True
p0_st5_50_and_st15_20_bearish_sr350_lr750_buf0_25r_tg1100,"P0 st5_50_and_st15_20_bearish, short $350, switch long $750, buffer 0.25r, guard 11:00",st5_50_and_st15_20_bearish,350.0,750.0,0.25r,11:00,1623,0.5656192236598891,37358.21999999999,-13646.099999999997,2.73764811924286,1.1123653559176805,23.01800369685766,1078,545,146,27973.61999999999,9384.599999999995,-1012.840000000002,369829.2,-332470.98,1769,9384.599999999995,-1012.8400000000004,77,7462.220000000001,-3440.099999999999,0.6363636363636364,15,-1839.56,-3440.1000000000004,0.4666666666666667,1,100.76,0.0,4,1117.3,-174.74,10,1984.6399999999999,-373.98,17,2987.76,-551.48,30,4743.780000000001,-1147.1399999999999,55,5164.34,-3440.1000000000004,102,6460.660000000002,-4561.46,6163,5540,1221,0,14.0,4267.139999999999,-1521.659999999998,793.4999999999995,644.9999999999991,0.0,0.0,222.24,47.5,-362.98,-151.74,-472.2399999999998,0.0,-641.4799999999996,-285.65999999999985,1129.2800000000007,644.9999999999995,1075.1799999999985,0.0,3061.369,False,False,True
p0_st5_50_and_st15_20_bearish_sr500_lr500_buf0_tgnone,"P0 st5_50_and_st15_20_bearish, short $500, switch long $500, buffer 0, guard none",st5_50_and_st15_20_bearish,500.0,500.0,0,none,1727,0.5512449334105385,40434.61999999999,-10200.48,3.9639918905776974,1.1090168440493122,23.41321366531557,1071,656,221,33284.51999999999,7150.099999999993,3794.239999999998,411337.12,-370902.5,1948,7150.099999999993,3794.2400000000007,91,9120.499999999998,-3833.3199999999974,0.6153846153846154,19,-2135.0000000000005,-3833.3199999999997,0.47368421052631576,2,-65.48,-166.24,5,951.06,-240.22000000000003,11,2196.1600000000008,-240.21999999999935,19,2809.3,-915.7,33,3950.620000000001,-2047.7200000000003,63,5312.52,-3833.3200000000006,123,8701.58,-4858.2,9905,9230,0,0,14.0,7343.540000000001,1923.9599999999991,498.05999999999904,251.77999999999975,-166.24,-166.24,56.0,-17.980000000000018,-151.45999999999913,-17.979999999999336,-650.6999999999998,-364.22,-1434.6399999999994,-1186.2400000000002,1277.460000000001,251.7799999999993,3316.0999999999967,-296.7399999999998,2752.469,False,False,True
p0_st5_50_and_st15_20_bearish_sr500_lr500_buf0_tg1030,"P0 st5_50_and_st15_20_bearish, short $500, switch long $500, buffer 0, guard 10:30",st5_50_and_st15_20_bearish,500.0,500.0,0,10:30,1640,0.5573170731707318,44857.25999999999,-10189.939999999999,4.402112279365727,1.1247706788462453,27.351987804878043,1085,555,207,33284.51999999998,11572.739999999994,3780.5799999999977,404374.9,-359517.64,1847,11572.739999999994,3780.579999999998,87,8758.2,-3833.3199999999974,0.6091954022988506,19,-2135.0000000000005,-3833.3199999999997,0.47368421052631576,2,-65.48,-166.24,5,951.06,-240.22000000000003,11,2196.1600000000008,-240.21999999999935,19,2809.3,-915.7,32,4141.86,-1856.4800000000002,61,5232.5,-3833.32,117,7990.76,-4858.200000000001,4499,3930,2078,0,14.0,11766.18,1934.5,498.05999999999904,251.77999999999975,-166.24,-166.24,56.0,-17.980000000000018,-151.45999999999913,-17.979999999999336,-650.6999999999998,-364.22,-1243.4000000000005,-995.0000000000002,1197.4400000000005,251.77999999999975,2605.279999999997,-296.7400000000007,3194.733,False,False,True
p0_st5_50_and_st15_20_bearish_sr500_lr500_buf0_tg1100,"P0 st5_50_and_st15_20_bearish, short $500, switch long $500, buffer 0, guard 11:00",st5_50_and_st15_20_bearish,500.0,500.0,0,11:00,1684,0.5546318289786223,44153.659999999974,-10313.64,4.281093774845736,1.1210579040913742,26.219513064133,1078,606,214,33284.51999999999,10869.139999999992,4298.059999999998,408885.4,-364731.74,1898,10869.13999999999,4298.059999999999,90,9037.739999999998,-3833.3199999999974,0.6111111111111112,19,-2135.0000000000005,-3833.3199999999997,0.47368421052631576,2,-65.48,-166.24,5,951.06,-240.22000000000003,11,2196.1600000000008,-240.21999999999935,19,2809.3,-915.7,33,3950.620000000001,-2047.7200000000003,63,5312.52,-3833.3200000000006,122,8618.819999999998,-4858.2,6163,5540,1221,0,14.0,11062.579999999987,1810.7999999999993,498.05999999999904,251.77999999999975,-166.24,-166.24,56.0,-17.980000000000018,-151.45999999999913,-17.979999999999336,-650.6999999999998,-364.22,-1434.6399999999994,-1186.2400000000002,1277.460000000001,251.7799999999993,3233.3399999999947,-296.7399999999998,3124.3729999999987,False,False,True
p0_st5_50_and_st15_20_bearish_sr500_lr500_buf2ticks_tgnone,"P0 st5_50_and_st15_20_bearish, short $500, switch long $500, buffer 2ticks, guard none",st5_50_and_st15_20_bearish,500.0,500.0,2ticks,none,1727,0.5512449334105385,39337.69999999999,-10593.759999999998,3.7132897101690046,1.1058635756929263,22.77805442964678,1071,656,220,32742.599999999988,6595.099999999993,3252.3199999999974,410926.32,-371588.62,1947,6595.099999999993,3252.319999999999,91,9032.499999999998,-3833.3199999999974,0.6153846153846154,19,-2135.0000000000005,-3833.3199999999997,0.47368421052631576,2,-65.48,-166.24,5,951.06,-240.22000000000003,11,2196.1600000000008,-240.21999999999935,19,2809.3,-915.7,33,3862.620000000001,-2135.7200000000003,63,5224.52,-3833.3200000000006,123,8613.58,-4858.2,9905,9230,0,0,14.0,6246.620000000003,1530.6800000000003,498.05999999999904,251.77999999999975,-166.24,-166.24,56.0,-17.980000000000018,-151.45999999999913,-17.979999999999336,-650.6999999999998,-364.22,-1522.6399999999994,-1274.2400000000002,1189.460000000001,251.7799999999993,3228.0999999999967,-296.7399999999998,2642.777,False,False,True
p0_st5_50_and_st15_20_bearish_sr500_lr500_buf2ticks_tg1030,"P0 st5_50_and_st15_20_bearish, short $500, switch long $500, buffer 2ticks, guard 10:30",st5_50_and_st15_20_bearish,500.0,500.0,2ticks,10:30,1640,0.5573170731707318,43791.599999999984,-10583.220000000001,4.137833287033623,1.1215850738187951,26.70219512195121,1085,555,206,32765.359999999986,11026.239999999994,3261.4199999999983,403964.1,-360172.5,1846,11026.239999999994,3261.4199999999983,87,8670.2,-3833.3199999999974,0.6091954022988506,19,-2135.0000000000005,-3833.3199999999997,0.47368421052631576,2,-65.48,-166.24,5,951.06,-240.22000000000003,11,2196.1600000000008,-240.21999999999935,19,2809.3,-915.7,32,4053.8599999999997,-1944.4800000000002,61,5144.5,-3833.32,117,7902.76,-4858.200000000001,4499,3930,2078,0,14.0,10700.519999999997,1541.2199999999975,498.05999999999904,251.77999999999975,-166.24,-166.24,56.0,-17.980000000000018,-151.45999999999913,-17.979999999999336,-650.6999999999998,-364.22,-1331.4000000000005,-1083.0000000000002,1109.4400000000005,251.77999999999975,2517.279999999997,-296.7400000000007,3088.1669999999995,False,False,True
p0_st5_50_and_st15_20_bearish_sr500_lr500_buf2ticks_tg1100,"P0 st5_50_and_st15_20_bearish, short $500, switch long $500, buffer 2ticks, guard 11:00",st5_50_and_st15_20_bearish,500.0,500.0,2ticks,11:00,1684,0.5546318289786223,43056.73999999998,-10706.919999999998,4.021393640748226,1.1178287782649703,25.56813539192398,1078,606,213,32742.59999999999,10314.139999999992,3756.1399999999976,408474.6,-365417.86,1897,10314.13999999999,3756.1399999999985,90,8949.739999999998,-3833.3199999999974,0.6111111111111112,19,-2135.0000000000005,-3833.3199999999997,0.47368421052631576,2,-65.48,-166.24,5,951.06,-240.22000000000003,11,2196.1600000000008,-240.21999999999935,19,2809.3,-915.7,33,3862.620000000001,-2135.7200000000003,63,5224.52,-3833.3200000000006,122,8530.819999999998,-4858.2,6163,5540,1221,0,14.0,9965.659999999996,1417.5200000000004,498.05999999999904,251.77999999999975,-166.24,-166.24,56.0,-17.980000000000018,-151.45999999999913,-17.979999999999336,-650.6999999999998,-364.22,-1522.6399999999994,-1274.2400000000002,1189.460000000001,251.7799999999993,3145.3399999999947,-296.7399999999998,3014.6809999999996,False,False,True
p0_st5_50_and_st15_20_bearish_sr500_lr500_buf0_25r_tgnone,"P0 st5_50_and_st15_20_bearish, short $500, switch long $500, buffer 0.25r, guard none",st5_50_and_st15_20_bearish,500.0,500.0,0.25r,none,1727,0.5437174290677476,37833.55999999999,-10384.799999999996,3.643166936291504,1.1018756112163461,21.907099015634042,1071,656,167,30060.95999999999,7772.599999999991,570.679999999998,409203.7,-371370.14,1891,7772.5999999999885,570.6799999999998,91,7933.66,-4046.2799999999966,0.5934065934065934,19,-2454.0000000000005,-3985.0399999999995,0.47368421052631576,2,-65.48,-166.24,5,951.06,-240.22000000000003,11,1210.8999999999999,-658.94,19,1558.7799999999995,-1180.96,33,2914.5599999999995,-2098.5200000000004,63,3957.460000000001,-4046.28,123,6662.72,-4858.200000000001,9905,9230,0,0,14.0,4742.480000000003,1739.640000000003,179.05999999999904,100.05999999999995,-166.24,-166.24,56.0,-17.980000000000018,-1136.72,-436.70000000000005,-1901.2200000000005,-629.48,-2470.7000000000007,-1237.0400000000004,-77.59999999999854,38.81999999999971,1277.239999999997,-296.7400000000007,896.8329999999996,False,False,True
p0_st5_50_and_st15_20_bearish_sr500_lr500_buf0_25r_tg1030,"P0 st5_50_and_st15_20_bearish, short $500, switch long $500, buffer 0.25r, guard 10:30",st5_50_and_st15_20_bearish,500.0,500.0,0.25r,10:30,1640,0.5493902439024391,41980.89999999999,-11962.719999999996,3.5093105915711478,1.1165333843500629,25.598109756097553,1085,555,158,30114.159999999978,11866.739999999993,610.2199999999984,402228.74,-360247.84,1795,11866.739999999994,610.2199999999993,87,7571.360000000001,-4046.2799999999966,0.5862068965517241,19,-2454.0000000000005,-3985.0399999999995,0.47368421052631576,2,-65.48,-166.24,5,951.06,-240.22000000000003,11,1210.8999999999999,-658.94,19,1558.7799999999995,-1180.96,32,3105.7999999999997,-1907.2800000000002,61,3877.4400000000005,-4046.28,117,5951.9000000000015,-4858.200000000001,4499,3930,2078,0,14.0,8889.82,161.72000000000298,179.05999999999904,100.05999999999995,-166.24,-166.24,56.0,-17.980000000000018,-1136.72,-436.70000000000005,-1901.2200000000005,-629.48,-2279.4600000000005,-1045.8000000000002,-157.61999999999898,38.81999999999971,566.4199999999983,-296.7400000000007,1311.566999999999,False,False,True
p0_st5_50_and_st15_20_bearish_sr500_lr500_buf0_25r_tg1100,"P0 st5_50_and_st15_20_bearish, short $500, switch long $500, buffer 0.25r, guard 11:00",st5_50_and_st15_20_bearish,500.0,500.0,0.25r,11:00,1684,0.5463182897862233,40140.21999999998,-12086.419999999995,3.3211008718876225,1.1095939922508136,23.836235154394288,1078,606,164,29463.079999999994,10677.139999999992,476.619999999999,406403.18,-366262.95999999996,1845,10677.13999999999,476.6199999999981,90,7850.899999999999,-4046.2799999999966,0.5888888888888889,19,-2454.0000000000005,-3985.0399999999995,0.47368421052631576,2,-65.48,-166.24,5,951.06,-240.22000000000003,11,1210.8999999999999,-658.94,19,1558.7799999999995,-1180.96,33,2914.5599999999995,-2098.5200000000004,63,3957.460000000001,-4046.28,122,6579.959999999999,-4858.200000000001,6163,5540,1221,0,14.0,7049.139999999992,38.020000000004075,179.05999999999904,100.05999999999995,-166.24,-166.24,56.0,-17.980000000000018,-1136.72,-436.70000000000005,-1901.2200000000005,-629.48,-2470.7000000000007,-1237.0400000000004,-77.59999999999854,38.81999999999971,1194.479999999996,-296.7400000000007,1127.4989999999984,False,False,True
p0_st5_50_and_st15_20_bearish_sr500_lr750_buf0_tgnone,"P0 st5_50_and_st15_20_bearish, short $500, switch long $750, buffer 0, guard none",st5_50_and_st15_20_bearish,500.0,750.0,0,none,1727,0.5634047481181239,39625.939999999995,-12364.039999999997,3.204934633016393,1.1018206461522395,22.944956572090327,1071,656,221,32475.839999999993,7150.099999999993,2985.5599999999977,428799.86,-389173.92,1948,7150.099999999993,2985.5599999999968,91,9984.6,-3960.059999999998,0.6263736263736264,19,-2040.98,-3960.059999999999,0.47368421052631576,2,-65.48,-166.24,5,951.06,-240.22000000000003,11,2813.6800000000003,-240.2199999999998,19,3426.8199999999997,-915.7,33,4460.66,-2155.2,63,5916.58,-3960.0600000000004,123,10179.48,-4858.2,9905,9230,0,0,14.0,6534.860000000008,-239.59999999999854,592.0799999999995,125.04000000000042,-166.24,-166.24,56.0,-17.980000000000018,466.0600000000004,-17.97999999999979,-33.18000000000029,-364.22,-924.6000000000004,-1293.7199999999998,1881.5200000000004,125.03999999999951,4793.999999999996,-296.7399999999998,3312.6260000000007,False,False,True
p0_st5_50_and_st15_20_bearish_sr500_lr750_buf0_tg1030,"P0 st5_50_and_st15_20_bearish, short $500, switch long $750, buffer 0, guard 10:30",st5_50_and_st15_20_bearish,500.0,750.0,0,10:30,1640,0.5695121951219512,44262.07999999998,-11537.679999999997,3.836306779179176,1.1174189108780355,26.989073170731697,1085,555,207,32689.33999999999,11572.739999999994,3185.399999999998,421220.78,-376958.69999999995,1847,11572.739999999994,3185.399999999996,87,9622.300000000001,-3960.059999999998,0.6206896551724138,19,-2040.98,-3960.059999999999,0.47368421052631576,2,-65.48,-166.24,5,951.06,-240.22000000000003,11,2813.6800000000003,-240.2199999999998,19,3426.8199999999997,-915.7,32,4651.899999999999,-1963.96,61,5836.560000000001,-3960.0600000000004,117,9468.66,-4858.2,4499,3930,2078,0,14.0,11170.999999999993,586.760000000002,592.0799999999995,125.04000000000042,-166.24,-166.24,56.0,-17.980000000000018,466.0600000000004,-17.97999999999979,-33.18000000000029,-364.22,-733.3600000000015,-1102.48,1801.5000000000018,125.03999999999951,4083.1799999999967,-296.7399999999998,3776.239999999999,False,False,True
p0_st5_50_and_st15_20_bearish_sr500_lr750_buf0_tg1100,"P0 st5_50_and_st15_20_bearish, short $500, switch long $750, buffer 0, guard 11:00",st5_50_and_st15_20_bearish,500.0,750.0,0,11:00,1684,0.5665083135391924,43915.11999999999,-11630.259999999998,3.7759362215462073,1.1148441946555534,26.07786223277909,1078,606,214,33045.97999999999,10869.139999999992,4059.5199999999986,426303.80000000005,-382388.67999999993,1898,10869.13999999999,4059.519999999997,90,9901.839999999998,-3960.059999999998,0.6222222222222222,19,-2040.98,-3960.059999999999,0.47368421052631576,2,-65.48,-166.24,5,951.06,-240.22000000000003,11,2813.6800000000003,-240.2199999999998,19,3426.8199999999997,-915.7,33,4460.66,-2155.2,63,5916.58,-3960.0600000000004,122,10096.72,-4858.2,6163,5540,1221,0,14.0,10824.04,494.1800000000003,592.0799999999995,125.04000000000042,-166.24,-166.24,56.0,-17.980000000000018,466.0600000000004,-17.97999999999979,-33.18000000000029,-364.22,-924.6000000000004,-1293.7199999999998,1881.5200000000004,125.03999999999951,4711.239999999996,-296.7399999999998,3741.544,False,False,True
p0_st5_50_and_st15_20_bearish_sr500_lr750_buf2ticks_tgnone,"P0 st5_50_and_st15_20_bearish, short $500, switch long $750, buffer 2ticks, guard none",st5_50_and_st15_20_bearish,500.0,750.0,2ticks,none,1727,0.5634047481181239,38412.759999999995,-12541.119999999995,3.0629449363374253,1.098492604765038,22.242478286045163,1071,656,220,31817.659999999996,6595.099999999993,2327.3799999999983,428419.3,-390006.54,1947,6595.099999999993,2327.3799999999974,91,9874.6,-3960.059999999998,0.6263736263736264,19,-2040.98,-3960.059999999999,0.47368421052631576,2,-65.48,-166.24,5,951.06,-240.22000000000003,11,2813.6800000000003,-240.2199999999998,19,3426.8199999999997,-915.7,33,4350.66,-2265.2000000000003,63,5806.58,-3960.0600000000004,123,10069.48,-4858.2,9905,9230,0,0,14.0,5321.680000000008,-416.67999999999665,592.0799999999995,125.04000000000042,-166.24,-166.24,56.0,-17.980000000000018,466.0600000000004,-17.97999999999979,-33.18000000000029,-364.22,-1034.6000000000004,-1403.7200000000003,1771.5200000000004,125.03999999999951,4683.999999999996,-296.7399999999998,3191.308000000001,False,False,True
p0_st5_50_and_st15_20_bearish_sr500_lr750_buf2ticks_tg1030,"P0 st5_50_and_st15_20_bearish, short $500, switch long $750, buffer 2ticks, guard 10:30",st5_50_and_st15_20_bearish,500.0,750.0,2ticks,10:30,1640,0.5695121951219512,43081.39999999998,-11997.359999999997,3.590906666133215,1.1140447230325423,26.2691463414634,1085,555,206,32055.159999999996,11026.239999999994,2551.2199999999975,420840.22000000003,-377758.82,1846,11026.239999999994,2551.2199999999953,87,9512.300000000001,-3960.059999999998,0.6206896551724138,19,-2040.98,-3960.059999999999,0.47368421052631576,2,-65.48,-166.24,5,951.06,-240.22000000000003,11,2813.6800000000003,-240.2199999999998,19,3426.8199999999997,-915.7,32,4541.899999999999,-2073.96,61,5726.560000000001,-3960.0600000000004,117,9358.66,-4858.2,4499,3930,2078,0,14.0,9990.319999999992,127.08000000000175,592.0799999999995,125.04000000000042,-166.24,-166.24,56.0,-17.980000000000018,466.0600000000004,-17.97999999999979,-33.18000000000029,-364.22,-843.3600000000015,-1212.48,1691.5000000000018,125.03999999999951,3973.1799999999967,-296.7399999999998,3658.171999999999,False,False,True
p0_st5_50_and_st15_20_bearish_sr500_lr750_buf2ticks_tg1100,"P0 st5_50_and_st15_20_bearish, short $500, switch long $750, buffer 2ticks, guard 11:00",st5_50_and_st15_20_bearish,500.0,750.0,2ticks,11:00,1684,0.5665083135391924,42701.93999999998,-12121.059999999996,3.5229542630760013,1.1114289315338164,25.357446555819465,1078,606,213,32387.79999999999,10314.139999999992,3401.3399999999983,425923.24000000005,-383221.29999999993,1897,10314.13999999999,3401.3399999999974,90,9791.839999999998,-3960.059999999998,0.6222222222222222,19,-2040.98,-3960.059999999999,0.47368421052631576,2,-65.48,-166.24,5,951.06,-240.22000000000003,11,2813.6800000000003,-240.2199999999998,19,3426.8199999999997,-915.7,33,4350.66,-2265.2000000000003,63,5806.58,-3960.0600000000004,122,9986.72,-4858.2,6163,5540,1221,0,14.0,9610.859999999993,3.3800000000028376,592.0799999999995,125.04000000000042,-166.24,-166.24,56.0,-17.980000000000018,466.0600000000004,-17.97999999999979,-33.18000000000029,-364.22,-1034.6000000000004,-1403.7200000000003,1771.5200000000004,125.03999999999951,4601.239999999996,-296.7399999999998,3620.225999999999,False,False,True
p0_st5_50_and_st15_20_bearish_sr500_lr750_buf0_25r_tgnone,"P0 st5_50_and_st15_20_bearish, short $500, switch long $750, buffer 0.25r, guard none",st5_50_and_st15_20_bearish,500.0,750.0,0.25r,none,1727,0.5500868558193399,36598.6,-12005.059999999998,3.0485978412436094,1.0964384345366942,21.19200926462073,1071,656,167,28825.999999999985,7772.599999999991,-664.2800000000016,416100.82000000007,-379502.22,1893,7772.5999999999885,-664.2799999999995,91,8239.460000000001,-4247.519999999997,0.6043956043956044,19,-2655.2400000000002,-4186.279999999999,0.47368421052631576,2,-65.48,-166.24,5,951.06,-240.22000000000003,11,1488.1599999999999,-381.68000000000006,19,1836.0399999999993,-1180.96,33,3097.08,-2193.26,63,3938.74,-4247.52,123,7105.060000000001,-4858.2,9905,9230,0,0,14.0,3507.5200000000114,119.38000000000102,-22.180000000000746,-101.17999999999938,-166.24,-166.24,56.0,-17.980000000000018,-859.46,-159.44000000000005,-1623.9600000000007,-629.48,-2288.1800000000003,-1331.7800000000002,-96.31999999999971,-162.42000000000053,1719.579999999998,-296.7399999999998,1000.2870000000003,False,False,False
p0_st5_50_and_st15_20_bearish_sr500_lr750_buf0_25r_tg1030,"P0 st5_50_and_st15_20_bearish, short $500, switch long $750, buffer 0.25r, guard 10:30",st5_50_and_st15_20_bearish,500.0,750.0,0.25r,10:30,1640,0.5554878048780488,40925.05999999999,-13582.979999999998,3.0129662268515447,1.1112044946712136,24.954304878048774,1085,555,158,29058.31999999999,11866.739999999993,-445.6200000000008,408941.30000000005,-368016.24,1797,11866.739999999994,-445.61999999999875,87,7877.160000000002,-4247.519999999997,0.5977011494252874,19,-2655.2400000000002,-4186.279999999999,0.47368421052631576,2,-65.48,-166.24,5,951.06,-240.22000000000003,11,1488.1599999999999,-381.68000000000006,19,1836.0399999999993,-1180.96,32,3288.3199999999997,-2002.0200000000002,61,3858.720000000001,-4247.52,117,6394.240000000002,-4858.2,4499,3930,2078,0,14.0,7833.980000000003,-1458.539999999999,-22.180000000000746,-101.17999999999938,-166.24,-166.24,56.0,-17.980000000000018,-859.46,-159.44000000000005,-1623.9600000000007,-629.48,-2096.9400000000005,-1140.5400000000002,-176.33999999999833,-162.42000000000053,1008.7599999999984,-296.7399999999998,1432.9329999999995,False,False,False
p0_st5_50_and_st15_20_bearish_sr500_lr750_buf0_25r_tg1100,"P0 st5_50_and_st15_20_bearish, short $500, switch long $750, buffer 0.25r, guard 11:00",st5_50_and_st15_20_bearish,500.0,750.0,0.25r,11:00,1684,0.5528503562945368,38965.21999999998,-13706.679999999995,2.842790522577312,1.1040918206223154,23.138491686460796,1078,606,164,28288.07999999999,10677.139999999992,-698.380000000001,413300.3,-374335.07999999996,1847,10677.13999999999,-698.3799999999981,90,8156.699999999999,-4247.519999999997,0.6,19,-2655.2400000000002,-4186.279999999999,0.47368421052631576,2,-65.48,-166.24,5,951.06,-240.22000000000003,11,1488.1599999999999,-381.68000000000006,19,1836.0399999999993,-1180.96,33,3097.08,-2193.26,63,3938.74,-4247.52,122,7022.299999999999,-4858.2,6163,5540,1221,0,14.0,5874.139999999992,-1582.2399999999961,-22.180000000000746,-101.17999999999938,-166.24,-166.24,56.0,-17.980000000000018,-859.46,-159.44000000000005,-1623.9600000000007,-629.48,-2288.1800000000003,-1331.7800000000002,-96.31999999999971,-162.42000000000053,1636.819999999996,-296.7399999999998,1236.9489999999983,False,False,False
