candidate,filter_count,filters,full_trades,full_pnl,full_max_dd,full_win_rate,full_profit_factor,full_avg_trade,full_daily_sharpe,full_daily_sortino,full_best_day,full_worst_day,jan_may_2026_trades,jan_may_2026_pnl,jan_may_2026_max_dd,jan_may_2026_win_rate,jan_may_2026_profit_factor,jan_may_2026_avg_trade,march_2026_trades,march_2026_pnl,march_2026_max_dd,march_2026_win_rate,march_2026_profit_factor,march_2026_avg_trade,apr_may_2026_trades,apr_may_2026_pnl,apr_may_2026_max_dd,apr_may_2026_win_rate,apr_may_2026_profit_factor,apr_may_2026_avg_trade,last_5d_trades,last_5d_pnl,last_5d_max_dd,last_5d_win_rate,last_5d_profit_factor,last_5d_avg_trade,last_10d_trades,last_10d_pnl,last_10d_max_dd,last_10d_win_rate,last_10d_profit_factor,last_10d_avg_trade,last_20d_trades,last_20d_pnl,last_20d_max_dd,last_20d_win_rate,last_20d_profit_factor,last_20d_avg_trade,last_30d_trades,last_30d_pnl,last_30d_max_dd,last_30d_win_rate,last_30d_profit_factor,last_30d_avg_trade,last_50d_trades,last_50d_pnl,last_50d_max_dd,last_50d_win_rate,last_50d_profit_factor,last_50d_avg_trade,last_100d_trades,last_100d_pnl,last_100d_max_dd,last_100d_win_rate,last_100d_profit_factor,last_100d_avg_trade,last_200d_trades,last_200d_pnl,last_200d_max_dd,last_200d_win_rate,last_200d_profit_factor,last_200d_avg_trade,full_trade_retention,jan_may_trade_retention,apr_may_pnl_retention,march_dd_improvement,march_pnl_improvement,full_return_dd
BASELINE,0,BASELINE,1296,33091.07999999999,-12124.439999999999,0.5648148148148148,1.1175208199325852,25.53324074074073,0.6497122433234666,0.8354487145674216,990.78,-3780.96,72,6096.359999999999,-4085.0999999999985,0.5972222222222222,1.5586932335760668,84.67166666666665,15,-2633.0599999999995,-4085.0999999999995,0.4,0.42274925570770244,-175.5373333333333,33,5851.54,-861.48,0.6363636363636364,2.721517125322884,177.31939393939393,1,100.76,0.0,1.0,,100.76,5,895.06,-222.24,0.6,3.2546727794851122,179.012,10,2347.62,-222.24,0.7,5.702576018588998,234.762,18,3460.0,-551.48,0.7222222222222222,3.9893558197401164,192.22222222222223,30,5385.26,-861.48,0.6666666666666666,2.657982562005862,179.50866666666667,54,4035.0599999999995,-4085.1,0.5555555555555556,1.4772451477841255,74.72333333333333,94,5385.480000000003,-4561.46,0.6170212765957447,1.3335083812444417,57.29234042553195,1.0,1.0,1.0,0.0,0.0,2.7292872907944608
ST15_10,1,ST15_10,677,18782.639999999992,-9059.72,0.5672082717872969,1.1232838193236176,27.743929098966014,0.6774875843511325,0.8614163805780911,989.04,-3780.96,41,3325.5999999999995,-1923.68,0.6097560975609756,1.5324111874229542,81.1121951219512,8,-692.4000000000001,-1923.68,0.375,0.6797320924725015,-86.55000000000001,18,3110.54,-861.48,0.6666666666666666,2.759434816055025,172.80777777777777,1,100.76,0.0,1.0,,100.76,3,138.77999999999997,-174.74,0.6666666666666666,1.7942085383999082,46.25999999999999,5,433.29999999999995,-174.74,0.6,2.564372878908224,86.66,8,1531.36,-174.74,0.75,6.528774640768286,191.42,16,3261.52,-861.48,0.75,3.017094017094017,203.845,29,2740.920000000001,-1923.68,0.5862068965517241,1.695382585751979,94.51448275862073,52,874.9999999999991,-4327.339999999999,0.6153846153846154,1.0851540071042771,16.82692307692306,0.5223765432098766,0.5694444444444444,0.5315763029903239,2161.419999999999,1940.6599999999994,2.0732031453510698
ST15_20,1,ST15_20,722,28578.759999999995,-8537.3,0.5789473684210527,1.1838476939108007,39.58277008310249,0.989649422910014,1.2754517808852386,989.04,-3780.96,45,4235.18,-1923.68,0.6222222222222222,1.623023987242894,94.11511111111112,9,-471.6400000000001,-1923.68,0.4444444444444444,0.7818440844796802,-52.40444444444446,20,3504.840000000001,-861.48,0.65,2.511097697680435,175.24200000000005,1,100.76,0.0,1.0,,100.76,3,138.77999999999997,-174.74,0.6666666666666666,1.7942085383999082,46.25999999999999,5,433.29999999999995,-174.74,0.6,2.564372878908224,86.66,9,979.8799999999999,-551.48,0.6666666666666666,2.182772855659899,108.87555555555554,18,3655.8200000000006,-861.48,0.7222222222222222,2.68593722618312,203.10111111111115,32,3355.9799999999996,-1923.68,0.59375,1.7469219332840724,104.87437499999999,56,1372.0999999999997,-4739.819999999999,0.6071428571428571,1.1243526790974034,24.50178571428571,0.5570987654320988,0.625,0.5989602737057255,2161.419999999999,2161.419999999999,3.3475173649748746
ST15_5,1,ST15_5,654,26855.819999999992,-9118.82,0.5795107033639144,1.1880079577687725,41.06394495412843,1.0059654149733392,1.2926951366220996,989.04,-3780.96,38,2563.0600000000004,-1923.68,0.6052631578947368,1.4300753746920916,67.44894736842106,8,-692.4000000000001,-1923.68,0.375,0.6797320924725015,-86.55000000000001,18,3110.54,-861.48,0.6666666666666666,2.759434816055025,172.80777777777777,1,100.76,0.0,1.0,,100.76,3,138.77999999999997,-174.74,0.6666666666666666,1.7942085383999082,46.25999999999999,5,433.29999999999995,-174.74,0.6,2.564372878908224,86.66,8,1531.36,-174.74,0.75,6.528774640768286,191.42,16,3261.52,-861.48,0.75,3.017094017094017,203.845,28,2544.1600000000008,-1923.68,0.5714285714285714,1.645463771057439,90.86285714285717,48,-121.56000000000085,-4561.359999999999,0.6041666666666666,0.9878382353235436,-2.532500000000018,0.5046296296296297,0.5277777777777778,0.5315763029903239,2161.419999999999,1940.6599999999994,2.9450981596303025
ST15_50,1,ST15_50,779,28128.94,-8938.499999999996,0.5789473684210527,1.1645609327803224,36.10903722721437,0.8874016159677157,1.135900190285972,989.04,-3780.96,49,5462.98,-1713.9399999999996,0.6122448979591837,1.8179632147284828,111.48938775510203,9,-23.6400000000001,-1713.94,0.4444444444444444,0.9862072184557219,-2.6266666666666776,23,3350.120000000001,-861.48,0.6086956521739131,2.2649695285419766,145.65739130434787,1,100.76,0.0,1.0,,100.76,4,-83.46000000000002,-222.24,0.5,0.7897627084487883,-20.865000000000006,6,211.05999999999995,-324.48,0.5,1.422779536076279,35.176666666666655,13,1035.6799999999998,-551.48,0.6153846153846154,1.894802322366602,79.66769230769229,21,3501.1000000000004,-861.48,0.6666666666666666,2.4018979738928494,166.71904761904764,36,4625.780000000001,-1713.9399999999998,0.5833333333333334,2.0575483646772113,128.4938888888889,62,3161.7000000000007,-4178.0199999999995,0.6129032258064516,1.2896677208811427,50.99516129032259,0.6010802469135802,0.6805555555555556,0.57251937096901,2371.1599999999994,2609.419999999999,3.146941880628742
ST5_10,1,ST5_10,758,22270.819999999996,-8442.619999999995,0.5686015831134564,1.136681982013387,29.381029023746695,0.7517805736712406,0.9685366616993044,989.04,-3459.48,46,6193.160000000001,-1713.9399999999991,0.6521739130434783,2.2161812933252167,134.6339130434783,9,-23.6400000000001,-1713.94,0.4444444444444444,0.9862072184557219,-2.6266666666666776,21,3337.080000000001,-1384.6799999999994,0.6666666666666666,2.3362216705373595,158.90857142857146,0,0.0,0.0,0.0,,0.0,3,-184.22000000000003,-222.24,0.3333333333333333,0.5359463952843971,-61.40666666666667,7,383.81999999999994,-222.24,0.5714285714285714,1.768839389447538,54.83142857142856,13,932.9199999999998,-551.48,0.6153846153846154,1.8060201824716613,71.76307692307691,20,2719.8200000000006,-1384.68,0.65,2.0890606230479705,135.99100000000004,33,3636.2199999999993,-1713.94,0.6060606060606061,1.8610350739270867,110.18848484848483,61,4278.12,-4561.46,0.6557377049180327,1.427310337663583,70.13311475409836,0.5848765432098766,0.6388888888888888,0.5702908977807553,2371.1599999999994,2609.419999999999,2.6379038734421316
ST5_20,1,ST5_20,856,30689.979999999996,-7469.679999999991,0.5712616822429907,1.1728986073230636,35.85278037383177,0.9292682894794689,1.2054047804422703,989.04,-3459.48,48,5143.44,-1915.639999999998,0.6041666666666666,1.9051368235811708,107.15499999999999,9,-23.6400000000001,-1713.94,0.4444444444444444,0.9862072184557219,-2.6266666666666776,23,2287.3600000000015,-1915.64,0.5652173913043478,1.7408213499157925,99.45043478260877,0,0.0,0.0,0.0,,0.0,3,-184.22000000000003,-222.24,0.3333333333333333,0.5359463952843971,-61.40666666666667,7,383.81999999999994,-222.24,0.5714285714285714,1.768839389447538,54.83142857142856,13,932.9199999999998,-551.48,0.6153846153846154,1.8060201824716613,71.76307692307691,21,1729.3399999999997,-1915.64,0.5714285714285714,1.5710483562059998,82.34952380952379,35,2586.5,-1915.64,0.5428571428571428,1.5373674500548484,73.9,64,3773.4399999999996,-4561.46,0.640625,1.3646822328745942,58.959999999999994,0.6604938271604939,0.6666666666666666,0.3908988061262508,2371.1599999999994,2609.419999999999,4.108607062149923
ST5_5,1,ST5_5,708,28148.759999999995,-6763.159999999991,0.5819209039548022,1.1894488941283332,39.75813559322033,1.0147281746745236,1.3144348167935036,989.04,-3459.48,43,6922.120000000001,-1713.9399999999991,0.6744186046511628,2.6271720324958636,160.97953488372096,9,-23.6400000000001,-1713.94,0.4444444444444444,0.9862072184557219,-2.6266666666666776,19,3779.300000000001,-968.2199999999998,0.6842105263157895,2.9421661733267555,198.91052631578953,0,0.0,0.0,0.0,,0.0,3,-184.22000000000003,-222.24,0.3333333333333333,0.5359463952843971,-61.40666666666667,7,383.81999999999994,-222.24,0.5714285714285714,1.768839389447538,54.83142857142856,11,1375.1399999999999,-222.24,0.6363636363636364,3.269357713380421,125.01272727272726,18,3162.04,-968.22,0.6666666666666666,2.6249588883407338,175.6688888888889,31,4078.4400000000014,-1713.94,0.6129032258064516,2.1108072774812072,131.56258064516135,57,4503.56,-4561.46,0.6491228070175439,1.485126992026508,79.00982456140352,0.5462962962962963,0.5972222222222222,0.6458641656726265,2371.1599999999994,2609.419999999999,4.162072167448358
ST5_50,1,ST5_50,964,28198.91999999999,-8026.66,0.5684647302904564,1.1414324607552522,29.251991701244805,0.7581100748213794,0.9706882208697832,989.04,-3780.96,50,5842.719999999999,-1915.6399999999985,0.62,2.034384349827388,116.85439999999998,8,102.09999999999991,-1588.2,0.5,1.0642866137766023,12.762499999999989,25,2563.6400000000003,-1915.64,0.56,1.8063434549308985,102.54560000000001,1,100.76,0.0,1.0,,100.76,4,-83.46000000000002,-222.24,0.5,0.7897627084487883,-20.865000000000006,9,1369.1,-222.24,0.6666666666666666,3.742478266095108,152.1222222222222,15,1918.1999999999998,-551.48,0.6666666666666666,2.6572781310478297,127.87999999999998,23,2714.620000000001,-1915.64,0.6086956521739131,1.8963993712768634,118.02695652173917,36,2988.5200000000004,-1915.64,0.5555555555555556,1.6253075777104502,83.01444444444445,67,4362.9800000000005,-4561.46,0.6417910447761194,1.4185939859578964,65.11910447761194,0.7438271604938271,0.6944444444444444,0.43811372732648163,2496.8999999999996,2735.1599999999994,3.5131574029546524
ST15_10 & ST15_20,2,"ST15_10,ST15_20",647,17028.299999999992,-9205.7,0.5687789799072643,1.1168576470000477,26.318856259659956,0.6440535885630577,0.8168617861114812,989.04,-3780.96,41,3325.5999999999995,-1923.68,0.6097560975609756,1.5324111874229542,81.1121951219512,8,-692.4000000000001,-1923.68,0.375,0.6797320924725015,-86.55000000000001,18,3110.54,-861.48,0.6666666666666666,2.759434816055025,172.80777777777777,1,100.76,0.0,1.0,,100.76,3,138.77999999999997,-174.74,0.6666666666666666,1.7942085383999082,46.25999999999999,5,433.29999999999995,-174.74,0.6,2.564372878908224,86.66,8,1531.36,-174.74,0.75,6.528774640768286,191.42,16,3261.52,-861.48,0.75,3.017094017094017,203.845,29,2740.920000000001,-1923.68,0.5862068965517241,1.695382585751979,94.51448275862073,51,669.4799999999993,-4532.859999999999,0.6078431372549019,1.0651530339156248,13.1270588235294,0.4992283950617284,0.5694444444444444,0.5315763029903239,2161.419999999999,1940.6599999999994,1.849756129354638
ST15_10 & ST15_50,2,"ST15_10,ST15_50",627,15610.039999999995,-9878.21999999997,0.5709728867623605,1.1091100279197939,24.896395534290264,0.6034257110652932,0.7626956974198895,989.04,-3780.96,39,3689.8200000000006,-1636.22,0.6153846153846154,1.6505829084061534,94.61076923076925,7,-117.66000000000008,-1587.2,0.42857142857142855,0.9258694556451612,-16.80857142857144,17,2900.02,-861.48,0.6470588235294118,2.640357029729852,170.5894117647059,1,100.76,0.0,1.0,,100.76,3,138.77999999999997,-174.74,0.6666666666666666,1.7942085383999082,46.25999999999999,5,433.29999999999995,-174.74,0.6,2.564372878908224,86.66,8,1531.36,-174.74,0.75,6.528774640768286,191.42,15,3051.000000000001,-861.48,0.7333333333333333,2.8868974730045642,203.40000000000006,27,3105.1400000000003,-1587.2,0.5925925925925926,1.9222658500798966,115.0051851851852,50,1239.219999999999,-4327.339999999999,0.62,1.1277446303176246,24.784399999999977,0.4837962962962963,0.5416666666666666,0.49559944903392955,2497.8999999999996,2515.3999999999996,1.580248263351094
ST15_20 & ST15_50,2,"ST15_20,ST15_50",680,21764.759999999995,-8951.379999999988,0.5764705882352941,1.1453298038022677,32.00699999999999,0.792323450005662,1.0104836271949904,989.04,-3780.96,42,4304.88,-1636.22,0.6190476190476191,1.6917647966267289,102.49714285714286,8,103.09999999999991,-1587.2,0.5,1.0649571572580645,12.887499999999989,19,3294.3200000000006,-861.48,0.631578947368421,2.4203328447012162,173.38526315789477,1,100.76,0.0,1.0,,100.76,3,138.77999999999997,-174.74,0.6666666666666666,1.7942085383999082,46.25999999999999,5,433.29999999999995,-174.74,0.6,2.564372878908224,86.66,9,979.8799999999999,-551.48,0.6666666666666666,2.182772855659899,108.87555555555554,17,3445.3,-861.48,0.7058823529411765,2.5888527130352976,202.66470588235296,30,3720.2000000000007,-1587.2,0.6,1.949432667915495,124.00666666666669,53,1441.7999999999997,-4739.819999999999,0.6037735849056604,1.1378499311610835,27.203773584905655,0.5246913580246914,0.5833333333333334,0.5629834197493311,2497.8999999999996,2736.1599999999994,2.4314418558926136
ST15_5 & ST15_10,2,"ST15_5,ST15_10",625,21845.49999999999,-8354.359999999977,0.5744,1.1588923799882667,34.95279999999998,0.856619406998561,1.093008163956936,989.04,-3780.96,38,2563.0600000000004,-1923.68,0.6052631578947368,1.4300753746920916,67.44894736842106,8,-692.4000000000001,-1923.68,0.375,0.6797320924725015,-86.55000000000001,18,3110.54,-861.48,0.6666666666666666,2.759434816055025,172.80777777777777,1,100.76,0.0,1.0,,100.76,3,138.77999999999997,-174.74,0.6666666666666666,1.7942085383999082,46.25999999999999,5,433.29999999999995,-174.74,0.6,2.564372878908224,86.66,8,1531.36,-174.74,0.75,6.528774640768286,191.42,16,3261.52,-861.48,0.75,3.017094017094017,203.845,28,2544.1600000000008,-1923.68,0.5714285714285714,1.645463771057439,90.86285714285717,47,-11.820000000000377,-4451.62,0.6170212765957447,0.9988043117610406,-0.2514893617021357,0.48225308641975306,0.5277777777777778,0.5315763029903239,2161.419999999999,1940.6599999999994,2.614862179748066
ST15_5 & ST15_20,2,"ST15_5,ST15_20",607,21875.639999999992,-8424.619999999979,0.5782537067545305,1.1639646827033305,36.038945634266874,0.8837161683201277,1.1284728103463741,989.04,-3780.96,38,2563.0600000000004,-1923.68,0.6052631578947368,1.4300753746920916,67.44894736842106,8,-692.4000000000001,-1923.68,0.375,0.6797320924725015,-86.55000000000001,18,3110.54,-861.48,0.6666666666666666,2.759434816055025,172.80777777777777,1,100.76,0.0,1.0,,100.76,3,138.77999999999997,-174.74,0.6666666666666666,1.7942085383999082,46.25999999999999,5,433.29999999999995,-174.74,0.6,2.564372878908224,86.66,8,1531.36,-174.74,0.75,6.528774640768286,191.42,16,3261.52,-861.48,0.75,3.017094017094017,203.845,28,2544.1600000000008,-1923.68,0.5714285714285714,1.645463771057439,90.86285714285717,46,-217.33999999999992,-4657.139999999999,0.6086956521739131,0.9780143077956446,-4.724782608695651,0.4683641975308642,0.5277777777777778,0.5315763029903239,2161.419999999999,1940.6599999999994,2.596632251662395
ST15_5 & ST15_50,2,"ST15_5,ST15_50",599,20120.91999999999,-9533.73999999999,0.5809682804674458,1.1496813391314598,33.59085141903171,0.8149128721151865,1.0368180353548073,989.04,-3780.96,36,2927.2799999999997,-1636.22,0.6111111111111112,1.5436170568375547,81.31333333333333,7,-117.66000000000008,-1587.2,0.42857142857142855,0.9258694556451612,-16.80857142857144,17,2900.02,-861.48,0.6470588235294118,2.640357029729852,170.5894117647059,1,100.76,0.0,1.0,,100.76,3,138.77999999999997,-174.74,0.6666666666666666,1.7942085383999082,46.25999999999999,5,433.29999999999995,-174.74,0.6,2.564372878908224,86.66,8,1531.36,-174.74,0.75,6.528774640768286,191.42,15,3051.000000000001,-861.48,0.7333333333333333,2.8868974730045642,203.40000000000006,26,2908.38,-1587.2,0.5769230769230769,1.8638256416958239,111.86076923076924,45,352.3999999999994,-4451.62,0.6222222222222222,1.0378486012987098,7.831111111111098,0.46219135802469136,0.5,0.49559944903392955,2497.8999999999996,2515.3999999999996,2.1104959858355703
ST5_10 & ST15_10,2,"ST5_10,ST15_10",511,15911.199999999999,-6923.519999999973,0.5694716242661448,1.1411485592311736,31.137377690802346,0.7745588017958379,0.9897470588433007,989.04,-3459.48,33,4199.74,-1587.1999999999998,0.6363636363636364,2.028062960515043,127.26484848484847,7,-117.66000000000008,-1587.2,0.42857142857142855,0.9258694556451612,-16.80857142857144,13,2271.7200000000003,-861.48,0.6923076923076923,2.404950090912464,174.74769230769232,0,0.0,0.0,0.0,,0.0,2,38.01999999999998,-174.74,0.5,1.2175804051734003,19.00999999999999,4,332.53999999999996,-174.74,0.5,2.2005921005126723,83.13499999999999,7,1430.6,-174.74,0.7142857142857143,6.164993862372734,204.37142857142857,13,2271.7200000000003,-861.48,0.6923076923076923,2.404950090912464,174.74769230769232,23,2476.84,-1587.2,0.6086956521739131,1.7701904299911688,107.68869565217392,43,1543.6199999999992,-3671.22,0.627906976744186,1.1902345242349923,35.898139534883704,0.3942901234567901,0.4583333333333333,0.3882260054618101,2497.8999999999996,2515.3999999999996,2.298137363653179
ST5_10 & ST15_20,2,"ST5_10,ST15_20",552,26225.15999999999,-5849.960000000003,0.5869565217391305,1.2291275470352956,47.50934782608694,1.2184711140934255,1.5846715976267123,989.04,-3459.48,37,5109.320000000001,-1587.1999999999996,0.6486486486486487,2.101958771335769,138.08972972972975,8,103.09999999999991,-1587.2,0.5,1.0649571572580645,12.887499999999989,15,2666.0200000000004,-1387.2,0.6666666666666666,2.2294758395513785,177.7346666666667,0,0.0,0.0,0.0,,0.0,2,38.01999999999998,-174.74,0.5,1.2175804051734003,19.00999999999999,4,332.53999999999996,-174.74,0.5,2.2005921005126723,83.13499999999999,8,879.1199999999999,-551.48,0.625,2.061149602877628,109.88999999999999,15,2666.0200000000004,-1387.2,0.6666666666666666,2.2294758395513785,177.7346666666667,26,3091.8999999999996,-1587.2,0.6153846153846154,1.8207073388261275,118.91923076923075,47,2453.2000000000007,-3671.22,0.6382978723404256,1.2830905007973896,52.19574468085108,0.42592592592592593,0.5138888888888888,0.45560997617721155,2497.8999999999996,2736.1599999999994,4.482963986078533
ST5_10 & ST15_5,2,"ST5_10,ST15_5",494,17935.01999999999,-7052.699999999973,0.5789473684210527,1.164847236828826,36.305708502024274,0.8960881794752564,1.146487546745272,989.04,-3459.48,30,3437.2000000000007,-1587.2,0.6333333333333333,1.9049168588548742,114.57333333333335,7,-117.66000000000008,-1587.2,0.42857142857142855,0.9258694556451612,-16.80857142857144,13,2271.7200000000003,-861.48,0.6923076923076923,2.404950090912464,174.74769230769232,0,0.0,0.0,0.0,,0.0,2,38.01999999999998,-174.74,0.5,1.2175804051734003,19.00999999999999,4,332.53999999999996,-174.74,0.5,2.2005921005126723,83.13499999999999,7,1430.6,-174.74,0.7142857142857143,6.164993862372734,204.37142857142857,13,2271.7200000000003,-861.48,0.6923076923076923,2.404950090912464,174.74769230769232,22,2280.08,-1587.2,0.5909090909090909,1.7090065549709565,103.64,38,656.7999999999997,-3671.22,0.631578947368421,1.085030138575305,17.284210526315782,0.38117283950617287,0.4166666666666667,0.3882260054618101,2497.8999999999996,2515.3999999999996,2.543000552979718
ST5_10 & ST15_50,2,"ST5_10,ST15_50",569,24726.559999999994,-7911.91999999998,0.5746924428822495,1.2108972542696645,43.45616871704744,1.125339600347763,1.4638961569756033,989.04,-3459.48,40,4468.34,-1713.9399999999996,0.6,1.8774699055436639,111.7085,9,-23.6400000000001,-1713.94,0.4444444444444444,0.9862072184557219,-2.6266666666666776,18,2446.3,-1384.68,0.6111111111111112,1.9795387202690804,135.90555555555557,0,0.0,0.0,0.0,,0.0,3,-184.22000000000003,-222.24,0.3333333333333333,0.5359463952843971,-61.40666666666667,5,110.29999999999995,-324.48,0.4,1.2209446736909577,22.05999999999999,11,659.3999999999999,-551.48,0.5454545454545454,1.5697055570915122,59.94545454545453,18,2446.3,-1384.68,0.6111111111111112,1.9795387202690804,135.90555555555557,30,2745.4400000000005,-1713.94,0.5666666666666667,1.6501037157714276,91.51466666666668,51,2168.500000000001,-3671.22,0.6078431372549019,1.2377350216521408,42.51960784313727,0.4390432098765432,0.5555555555555556,0.41806088653585216,2371.1599999999994,2609.419999999999,3.1252287687438773
ST5_10 & ST5_20,2,"ST5_10,ST5_20",736,21079.479999999996,-7793.939999999995,0.5665760869565217,1.1322882056256258,28.64059782608695,0.7287388710281439,0.9376456656420602,989.04,-3459.48,44,5523.120000000001,-1713.9399999999991,0.6363636363636364,2.0846022426015747,125.52545454545456,9,-23.6400000000001,-1713.94,0.4444444444444444,0.9862072184557219,-2.6266666666666776,19,2667.040000000001,-1384.68,0.631578947368421,2.0679266437094586,140.37052631578953,0,0.0,0.0,0.0,,0.0,3,-184.22000000000003,-222.24,0.3333333333333333,0.5359463952843971,-61.40666666666667,7,383.81999999999994,-222.24,0.5714285714285714,1.768839389447538,54.83142857142856,13,932.9199999999998,-551.48,0.6153846153846154,1.8060201824716613,71.76307692307691,18,2049.7799999999997,-1384.68,0.6111111111111112,1.8207655962200693,113.87666666666665,31,2966.180000000001,-1713.94,0.5806451612903226,1.7023736230428976,95.68322580645165,58,3862.8200000000006,-4561.46,0.6551724137931034,1.3959024290253153,66.60034482758621,0.5679012345679012,0.6111111111111112,0.455784289264023,2371.1599999999994,2609.419999999999,2.7045987010420927
ST5_10 & ST5_50,2,"ST5_10,ST5_50",722,20763.679999999993,-8402.979999999989,0.5692520775623269,1.1331581634766748,28.758559556786693,0.7321698925515169,0.9413766216092625,989.04,-3459.48,42,5031.6,-1588.1999999999994,0.6428571428571429,2.0130955832608493,119.80000000000001,8,102.09999999999991,-1588.2,0.5,1.0642866137766023,12.762499999999989,18,2049.7799999999997,-1384.68,0.6111111111111112,1.8207655962200693,113.87666666666665,0,0.0,0.0,0.0,,0.0,3,-184.22000000000003,-222.24,0.3333333333333333,0.5359463952843971,-61.40666666666667,7,383.81999999999994,-222.24,0.5714285714285714,1.768839389447538,54.83142857142856,13,932.9199999999998,-551.48,0.6153846153846154,1.8060201824716613,71.76307692307691,18,2049.7799999999997,-1384.68,0.6111111111111112,1.8207655962200693,113.87666666666665,29,2474.6600000000008,-1588.2,0.5862068965517241,1.6039674520542595,85.33310344827589,56,3371.2999999999997,-4561.46,0.6607142857142857,1.3500372744583784,60.20178571428571,0.5570987654320988,0.5833333333333334,0.35029752851386126,2496.8999999999996,2735.1599999999994,2.4709900535286318
ST5_20 & ST15_10,2,"ST5_20,ST15_10",525,19038.32,-6628.840000000029,0.5695238095238095,1.1673411002628649,36.263466666666666,0.9073838575190885,1.168119640389805,989.04,-3459.48,33,3680.9799999999996,-1587.1999999999998,0.6060606060606061,1.8881945014163901,111.54484848484847,7,-117.66000000000008,-1587.2,0.42857142857142855,0.9258694556451612,-16.80857142857144,13,1752.9599999999998,-861.48,0.6153846153846154,2.0458065362908515,134.84307692307692,0,0.0,0.0,0.0,,0.0,2,38.01999999999998,-174.74,0.5,1.2175804051734003,19.00999999999999,4,332.53999999999996,-174.74,0.5,2.2005921005126723,83.13499999999999,7,1430.6,-174.74,0.7142857142857143,6.164993862372734,204.37142857142857,12,1812.1999999999998,-861.48,0.6666666666666666,2.12075896446374,151.01666666666665,23,1958.0799999999997,-1587.2,0.5652173913043478,1.597865116392682,85.13391304347824,43,1485.1199999999992,-3671.22,0.627906976744186,1.1875435672071526,34.53767441860463,0.4050925925925926,0.4583333333333333,0.2995724202517627,2497.8999999999996,2515.3999999999996,2.872043977528484
ST5_20 & ST15_20,2,"ST5_20,ST15_20",567,30892.079999999994,-5755.700000000004,0.5890652557319224,1.2698975541711435,54.483386243386235,1.4079484157740014,1.8488534138682011,989.04,-3459.48,37,4590.56,-1587.1999999999996,0.6216216216216216,1.977584319671538,124.0691891891892,8,103.09999999999991,-1587.2,0.5,1.0649571572580645,12.887499999999989,15,2147.26,-1387.2,0.6,1.963908316349892,143.1506666666667,0,0.0,0.0,0.0,,0.0,2,38.01999999999998,-174.74,0.5,1.2175804051734003,19.00999999999999,4,332.53999999999996,-174.74,0.5,2.2005921005126723,83.13499999999999,8,879.1199999999999,-551.48,0.625,2.061149602877628,109.88999999999999,14,2206.5,-1387.2,0.6428571428571429,2.017561173573385,157.60714285714286,26,2573.1399999999994,-1587.2,0.5769230769230769,1.6724350598442481,98.96692307692305,46,2189.180000000001,-3671.22,0.6304347826086957,1.2584542659746787,47.59086956521742,0.4375,0.5138888888888888,0.36695639096716426,2497.8999999999996,2736.1599999999994,5.367215108501133
ST5_20 & ST15_5,2,"ST5_20,ST15_5",510,24236.759999999995,-6403.18,0.5823529411764706,1.2226528071875762,47.523058823529404,1.1813320542996253,1.5304632039309014,989.04,-3459.48,30,2918.4400000000005,-1587.2,0.6,1.7565429282455416,97.28133333333335,7,-117.66000000000008,-1587.2,0.42857142857142855,0.9258694556451612,-16.80857142857144,13,1752.9599999999998,-861.48,0.6153846153846154,2.0458065362908515,134.84307692307692,0,0.0,0.0,0.0,,0.0,2,38.01999999999998,-174.74,0.5,1.2175804051734003,19.00999999999999,4,332.53999999999996,-174.74,0.5,2.2005921005126723,83.13499999999999,7,1430.6,-174.74,0.7142857142857143,6.164993862372734,204.37142857142857,12,1812.1999999999998,-861.48,0.6666666666666666,2.12075896446374,151.01666666666665,22,1761.3199999999997,-1587.2,0.5454545454545454,1.5377879283812503,80.05999999999999,38,598.2999999999995,-3671.22,0.631578947368421,1.0794679644353298,15.74473684210525,0.39351851851851855,0.4166666666666667,0.2995724202517627,2497.8999999999996,2515.3999999999996,3.785113021967209
ST5_20 & ST15_50,2,"ST5_20,ST15_50",597,28871.959999999992,-7457.779999999997,0.5778894472361809,1.2384298359446526,48.361742043551075,1.2476689500444356,1.628497012391292,989.04,-3459.48,39,3739.0600000000004,-1713.9399999999996,0.5641025641025641,1.7258140284264512,95.87333333333335,9,-23.6400000000001,-1713.94,0.4444444444444444,0.9862072184557219,-2.6266666666666776,17,1717.02,-1384.68,0.5294117647058824,1.6715924025283182,101.00117647058823,0,0.0,0.0,0.0,,0.0,3,-184.22000000000003,-222.24,0.3333333333333333,0.5359463952843971,-61.40666666666667,5,110.29999999999995,-324.48,0.4,1.2209446736909577,22.05999999999999,11,659.3999999999999,-551.48,0.5454545454545454,1.5697055570915122,59.94545454545453,16,1776.26,-1384.68,0.5625,1.711243693441179,111.01625,29,2016.16,-1713.94,0.5172413793103449,1.4708102150236322,69.52275862068966,50,1899.4799999999998,-3671.22,0.6,1.2128030472776161,37.989599999999996,0.46064814814814814,0.5416666666666666,0.29343044736941043,2371.1599999999994,2609.419999999999,3.8713880001823604
ST5_20 & ST5_50,2,"ST5_20,ST5_50",821,27128.82,-7408.19999999999,0.5700365408038977,1.1582517559533951,33.04362971985384,0.8543217203106082,1.1046388382371841,989.04,-3459.48,46,4651.920000000001,-1915.6399999999985,0.6086956521739131,1.837164102822508,101.12869565217393,8,102.09999999999991,-1588.2,0.5,1.0642866137766023,12.762499999999989,22,1670.1,-1915.64,0.5454545454545454,1.5409055577147304,75.91363636363636,0,0.0,0.0,0.0,,0.0,3,-184.22000000000003,-222.24,0.3333333333333333,0.5359463952843971,-61.40666666666667,7,383.81999999999994,-222.24,0.5714285714285714,1.768839389447538,54.83142857142856,13,932.9199999999998,-551.48,0.6153846153846154,1.8060201824716613,71.76307692307691,21,1729.3399999999997,-1915.64,0.5714285714285714,1.5710483562059998,82.34952380952379,33,2094.9799999999996,-1915.64,0.5454545454545454,1.446925252904509,63.48424242424241,62,3281.92,-4561.46,0.6451612903225806,1.3210813328037287,52.9341935483871,0.6334876543209876,0.6388888888888888,0.285412045376089,2496.8999999999996,2735.1599999999994,3.66199886612133
ST5_5 & ST15_10,2,"ST5_5,ST15_10",498,18470.799999999996,-5870.039999999997,0.5783132530120482,1.172531970274599,37.08995983935742,0.9273192937896699,1.1879420050506704,989.04,-3459.48,32,4486.48,-1587.1999999999998,0.65625,2.1811623964026583,140.2025,7,-117.66000000000008,-1587.2,0.42857142857142855,0.9258694556451612,-16.80857142857144,13,2271.7200000000003,-861.48,0.6923076923076923,2.404950090912464,174.74769230769232,0,0.0,0.0,0.0,,0.0,2,38.01999999999998,-174.74,0.5,1.2175804051734003,19.00999999999999,4,332.53999999999996,-174.74,0.5,2.2005921005126723,83.13499999999999,7,1430.6,-174.74,0.7142857142857143,6.164993862372734,204.37142857142857,13,2271.7200000000003,-861.48,0.6923076923076923,2.404950090912464,174.74769230769232,23,2476.84,-1587.2,0.6086956521739131,1.7701904299911688,107.68869565217392,42,1830.3599999999997,-3671.22,0.6428571428571429,1.2338353203297072,43.57999999999999,0.38425925925925924,0.4444444444444444,0.3882260054618101,2497.8999999999996,2515.3999999999996,3.1466225102384318
ST5_5 & ST15_20,2,"ST5_5,ST15_20",533,29640.159999999996,-5801.559999999996,0.5984990619136961,1.2770333144782213,55.61005628517823,1.4313244038987862,1.8669675268703203,989.04,-3459.48,35,5947.540000000001,-1587.1999999999996,0.6857142857142857,2.565817879295275,169.9297142857143,8,103.09999999999991,-1587.2,0.5,1.0649571572580645,12.887499999999989,14,3217.500000000001,-861.48,0.7142857142857143,2.9898697539797396,229.82142857142864,0,0.0,0.0,0.0,,0.0,2,38.01999999999998,-174.74,0.5,1.2175804051734003,19.00999999999999,4,332.53999999999996,-174.74,0.5,2.2005921005126723,83.13499999999999,7,1430.6,-174.74,0.7142857142857143,6.164993862372734,204.37142857142857,14,3217.500000000001,-861.48,0.7142857142857143,2.9898697539797396,229.82142857142864,25,3643.379999999999,-1587.2,0.64,2.132934064703907,145.73519999999996,45,3291.42,-3671.22,0.6666666666666666,1.4204911875475892,73.14266666666667,0.4112654320987654,0.4861111111111111,0.5498552517798735,2497.8999999999996,2736.1599999999994,5.108998269430984
ST5_5 & ST15_5,2,"ST5_5,ST15_5",483,19076.839999999997,-5919.34,0.5838509316770186,1.1835438215150533,39.49656314699792,0.9817770539921282,1.2579665943755232,989.04,-3459.48,30,3437.2000000000007,-1587.2,0.6333333333333333,1.9049168588548742,114.57333333333335,7,-117.66000000000008,-1587.2,0.42857142857142855,0.9258694556451612,-16.80857142857144,13,2271.7200000000003,-861.48,0.6923076923076923,2.404950090912464,174.74769230769232,0,0.0,0.0,0.0,,0.0,2,38.01999999999998,-174.74,0.5,1.2175804051734003,19.00999999999999,4,332.53999999999996,-174.74,0.5,2.2005921005126723,83.13499999999999,7,1430.6,-174.74,0.7142857142857143,6.164993862372734,204.37142857142857,13,2271.7200000000003,-861.48,0.6923076923076923,2.404950090912464,174.74769230769232,22,2280.08,-1587.2,0.5909090909090909,1.7090065549709565,103.64,39,547.06,-3671.22,0.6153846153846154,1.069830968871824,14.027179487179486,0.3726851851851852,0.4166666666666667,0.3882260054618101,2497.8999999999996,2515.3999999999996,3.2227984876692326
ST5_5 & ST15_50,2,"ST5_5,ST15_50",548,28451.219999999994,-6694.480000000012,0.5875912408759124,1.2592990494841674,51.91828467153284,1.34590689133864,1.7576576663349865,989.04,-3459.48,37,5197.300000000001,-1713.9399999999996,0.6216216216216216,2.2217212652324365,140.46756756756758,9,-23.6400000000001,-1713.94,0.4444444444444444,0.9862072184557219,-2.6266666666666776,16,2888.5199999999995,-968.22,0.625,2.4843981253083376,180.53249999999997,0,0.0,0.0,0.0,,0.0,3,-184.22000000000003,-222.24,0.3333333333333333,0.5359463952843971,-61.40666666666667,5,110.29999999999995,-324.48,0.4,1.2209446736909577,22.05999999999999,9,1101.62,-324.48,0.5555555555555556,2.8179747838141127,122.4022222222222,16,2888.5199999999995,-968.22,0.625,2.4843981253083376,180.53249999999997,28,3187.6600000000008,-1713.94,0.5714285714285714,1.868193703017758,113.84500000000003,48,2897.46,-3671.22,0.625,1.349796215991733,60.36375,0.4228395061728395,0.5138888888888888,0.49363415442772324,2371.1599999999994,2609.419999999999,4.249952199423994
ST5_5 & ST5_10,2,"ST5_5,ST5_10",684,25008.879999999997,-6789.639999999987,0.5789473684210527,1.1709251091686943,36.562690058479525,0.9247301890326313,1.1919263079952658,989.04,-3459.48,43,6922.120000000001,-1713.9399999999991,0.6744186046511628,2.6271720324958636,160.97953488372096,9,-23.6400000000001,-1713.94,0.4444444444444444,0.9862072184557219,-2.6266666666666776,19,3779.300000000001,-968.2199999999998,0.6842105263157895,2.9421661733267555,198.91052631578953,0,0.0,0.0,0.0,,0.0,3,-184.22000000000003,-222.24,0.3333333333333333,0.5359463952843971,-61.40666666666667,7,383.81999999999994,-222.24,0.5714285714285714,1.768839389447538,54.83142857142856,11,1375.1399999999999,-222.24,0.6363636363636364,3.269357713380421,125.01272727272726,18,3162.04,-968.22,0.6666666666666666,2.6249588883407338,175.6688888888889,31,4078.4400000000014,-1713.94,0.6129032258064516,2.1108072774812072,131.56258064516135,56,4613.299999999999,-4561.46,0.6607142857142857,1.5028931097332323,82.38035714285714,0.5277777777777778,0.5972222222222222,0.6458641656726265,2371.1599999999994,2609.419999999999,3.683388220877697
ST5_5 & ST5_20,2,"ST5_5,ST5_20",673,26646.259999999995,-6892.159999999989,0.5809806835066865,1.185658207174868,39.59325408618127,0.997368617283186,1.2891523579958548,989.04,-3459.48,41,6252.08,-1713.9399999999991,0.6585365853658537,2.4696667669625403,152.48975609756098,9,-23.6400000000001,-1713.94,0.4444444444444444,0.9862072184557219,-2.6266666666666776,17,3109.26,-968.22,0.6470588235294118,2.597835471139615,182.89764705882354,0,0.0,0.0,0.0,,0.0,3,-184.22000000000003,-222.24,0.3333333333333333,0.5359463952843971,-61.40666666666667,7,383.81999999999994,-222.24,0.5714285714285714,1.768839389447538,54.83142857142856,11,1375.1399999999999,-222.24,0.6363636363636364,3.269357713380421,125.01272727272726,16,2491.9999999999995,-968.22,0.625,2.280628186153593,155.74999999999997,29,3408.4000000000005,-1713.94,0.5862068965517241,1.9283146312234452,117.53103448275864,53,4198.000000000002,-4561.46,0.660377358490566,1.4706921798721353,79.20754716981135,0.5192901234567902,0.5694444444444444,0.5313575571558941,2371.1599999999994,2609.419999999999,3.8661696768502236
ST5_5 & ST5_50,2,"ST5_5,ST5_50",668,28410.78,-7751.839999999993,0.5853293413173652,1.2026093600529781,42.531107784431136,1.077167225920863,1.3949267904244786,989.04,-3459.48,39,5760.560000000001,-1588.1999999999994,0.6666666666666666,2.39536956742904,147.7066666666667,8,102.09999999999991,-1588.2,0.5,1.0642866137766023,12.762499999999989,16,2491.9999999999995,-968.22,0.625,2.280628186153593,155.74999999999997,0,0.0,0.0,0.0,,0.0,3,-184.22000000000003,-222.24,0.3333333333333333,0.5359463952843971,-61.40666666666667,7,383.81999999999994,-222.24,0.5714285714285714,1.768839389447538,54.83142857142856,11,1375.1399999999999,-222.24,0.6363636363636364,3.269357713380421,125.01272727272726,16,2491.9999999999995,-968.22,0.625,2.280628186153593,155.74999999999997,27,2916.88,-1588.2,0.5925925925925926,1.8226156701054188,108.0325925925926,52,3596.74,-4561.46,0.6538461538461539,1.4040018960369682,69.16807692307692,0.5154320987654321,0.5416666666666666,0.42587079640573244,2496.8999999999996,2735.1599999999994,3.6650369460670014
ST5_50 & ST15_10,2,"ST5_50,ST15_10",548,12363.099999999995,-7818.32,0.5675182481751825,1.1008987860251374,22.560401459854006,0.5488628664495919,0.6879853821258761,989.04,-3780.96,35,4113.0,-1461.4599999999998,0.6285714285714286,2.0006471484110806,117.51428571428572,6,8.079999999999927,-1461.46,0.5,1.005528717857485,1.3466666666666545,15,1761.9799999999998,-861.48,0.6,1.996640119462419,117.46533333333332,1,100.76,0.0,1.0,,100.76,3,138.77999999999997,-174.74,0.6666666666666666,1.7942085383999082,46.25999999999999,5,433.29999999999995,-174.74,0.6,2.564372878908224,86.66,8,1531.36,-174.74,0.75,6.528774640768286,191.42,13,1912.9599999999998,-861.48,0.6923076923076923,2.183074201887516,147.1507692307692,24,2092.84,-1461.46,0.5833333333333334,1.6457150614602363,87.20166666666667,45,1917.1399999999996,-3671.22,0.6444444444444445,1.2431437702922077,42.603111111111104,0.4228395061728395,0.4861111111111111,0.30111389480376105,2623.6399999999994,2641.1399999999994,1.5812987956491926
ST5_50 & ST15_20,2,"ST5_50,ST15_20",586,24150.999999999996,-7606.76,0.5853242320819113,1.196667010853615,41.21331058020477,1.0315670759955398,1.3156869445812498,989.04,-3780.96,39,5022.580000000001,-1461.4599999999996,0.6410256410256411,2.0773860852628374,128.7841025641026,7,228.83999999999992,-1461.46,0.5714285714285714,1.1565831428845126,32.69142857142856,17,2156.2799999999997,-1387.2,0.5882352941176471,1.929671466758645,126.83999999999999,1,100.76,0.0,1.0,,100.76,3,138.77999999999997,-174.74,0.6666666666666666,1.7942085383999082,46.25999999999999,5,433.29999999999995,-174.74,0.6,2.564372878908224,86.66,9,979.8799999999999,-551.48,0.6666666666666666,2.182772855659899,108.87555555555554,15,2307.26,-1387.2,0.6666666666666666,2.06402818642145,153.81733333333335,27,2707.8999999999996,-1461.46,0.5925925925925926,1.7139956757896955,100.29259259259258,48,2621.2,-3671.22,0.6458333333333334,1.31070566647859,54.60833333333333,0.4521604938271605,0.5416666666666666,0.3684978655191624,2623.6399999999994,2861.8999999999996,3.1749391330868852
ST5_50 & ST15_5,2,"ST5_50,ST15_5",533,17742.959999999995,-8340.279999999968,0.5797373358348968,1.1524627039965547,33.288855534709185,0.8134732622520994,1.0290340934485998,989.04,-3780.96,32,3350.4599999999996,-1461.46,0.625,1.8762579767758139,104.70187499999999,6,8.079999999999927,-1461.46,0.5,1.005528717857485,1.3466666666666545,15,1761.9799999999998,-861.48,0.6,1.996640119462419,117.46533333333332,1,100.76,0.0,1.0,,100.76,3,138.77999999999997,-174.74,0.6666666666666666,1.7942085383999082,46.25999999999999,5,433.29999999999995,-174.74,0.6,2.564372878908224,86.66,8,1531.36,-174.74,0.75,6.528774640768286,191.42,13,1912.9599999999998,-861.48,0.6923076923076923,2.183074201887516,147.1507692307692,23,1896.0799999999997,-1461.46,0.5652173913043478,1.5850076516759641,82.4382608695652,41,920.5800000000002,-3671.22,0.6341463414634146,1.1210563135802731,22.45317073170732,0.4112654320987654,0.4444444444444444,0.30111389480376105,2623.6399999999994,2641.1399999999994,2.127381814519424
ST5_50 & ST15_50,2,"ST5_50,ST15_50",616,20055.159999999996,-8917.459999999972,0.5762987012987013,1.1529944875126064,32.557077922077916,0.811215924599207,1.0266846757024133,989.04,-3780.96,41,4171.08,-1588.1999999999996,0.5853658536585366,1.81505567127956,101.73365853658537,8,102.09999999999991,-1588.2,0.5,1.0642866137766023,12.762499999999989,19,1726.04,-1384.68,0.5263157894736842,1.651734267741034,90.84421052631579,1,100.76,0.0,1.0,,100.76,4,-83.46000000000002,-222.24,0.5,0.7897627084487883,-20.865000000000006,6,211.05999999999995,-324.48,0.5,1.422779536076279,35.176666666666655,12,760.1599999999999,-551.48,0.5833333333333334,1.6567597456455625,63.34666666666666,17,1877.02,-1384.68,0.5882352941176471,1.7515896532393693,110.41294117647058,30,2150.92,-1588.2,0.5333333333333333,1.5062989605302803,71.69733333333333,52,2331.5,-3671.22,0.6153846153846154,1.2622019793072425,44.83653846153846,0.47530864197530864,0.5694444444444444,0.2949719219214087,2496.8999999999996,2735.1599999999994,2.248976726556672
ST15_10 & ST15_20 & ST15_50,3,"ST15_10,ST15_20,ST15_50",617,12662.399999999994,-9236.899999999972,0.5688816855753647,1.0896545893812162,20.52252836304699,0.49815620226468726,0.6263265749450945,989.04,-3780.96,39,3689.8200000000006,-1636.22,0.6153846153846154,1.6505829084061534,94.61076923076925,7,-117.66000000000008,-1587.2,0.42857142857142855,0.9258694556451612,-16.80857142857144,17,2900.02,-861.48,0.6470588235294118,2.640357029729852,170.5894117647059,1,100.76,0.0,1.0,,100.76,3,138.77999999999997,-174.74,0.6666666666666666,1.7942085383999082,46.25999999999999,5,433.29999999999995,-174.74,0.6,2.564372878908224,86.66,8,1531.36,-174.74,0.75,6.528774640768286,191.42,15,3051.000000000001,-861.48,0.7333333333333333,2.8868974730045642,203.40000000000006,27,3105.1400000000003,-1587.2,0.5925925925925926,1.9222658500798966,115.0051851851852,49,1033.7000000000005,-4532.859999999999,0.6122448979591837,1.106558661383232,21.09591836734695,0.47608024691358025,0.5416666666666666,0.49559944903392955,2497.8999999999996,2515.3999999999996,1.3708495274388628
ST15_5 & ST15_10 & ST15_20,3,"ST15_5,ST15_10,ST15_20",597,19948.699999999993,-8424.619999999979,0.576214405360134,1.1513123771881615,33.41490787269681,0.8195488246716023,1.0433118137972555,989.04,-3780.96,38,2563.0600000000004,-1923.68,0.6052631578947368,1.4300753746920916,67.44894736842106,8,-692.4000000000001,-1923.68,0.375,0.6797320924725015,-86.55000000000001,18,3110.54,-861.48,0.6666666666666666,2.759434816055025,172.80777777777777,1,100.76,0.0,1.0,,100.76,3,138.77999999999997,-174.74,0.6666666666666666,1.7942085383999082,46.25999999999999,5,433.29999999999995,-174.74,0.6,2.564372878908224,86.66,8,1531.36,-174.74,0.75,6.528774640768286,191.42,16,3261.52,-861.48,0.75,3.017094017094017,203.845,28,2544.1600000000008,-1923.68,0.5714285714285714,1.645463771057439,90.86285714285717,46,-217.33999999999992,-4657.139999999999,0.6086956521739131,0.9780143077956446,-4.724782608695651,0.46064814814814814,0.5277777777777778,0.5315763029903239,2161.419999999999,1940.6599999999994,2.3679050212353845
ST15_5 & ST15_10 & ST15_50,3,"ST15_5,ST15_10,ST15_50",585,18476.459999999995,-9316.339999999971,0.5777777777777777,1.1413262954447654,31.5836923076923,0.7692660734882133,0.9764220642669809,989.04,-3780.96,36,2927.2799999999997,-1636.22,0.6111111111111112,1.5436170568375547,81.31333333333333,7,-117.66000000000008,-1587.2,0.42857142857142855,0.9258694556451612,-16.80857142857144,17,2900.02,-861.48,0.6470588235294118,2.640357029729852,170.5894117647059,1,100.76,0.0,1.0,,100.76,3,138.77999999999997,-174.74,0.6666666666666666,1.7942085383999082,46.25999999999999,5,433.29999999999995,-174.74,0.6,2.564372878908224,86.66,8,1531.36,-174.74,0.75,6.528774640768286,191.42,15,3051.000000000001,-861.48,0.7333333333333333,2.8868974730045642,203.40000000000006,26,2908.38,-1587.2,0.5769230769230769,1.8638256416958239,111.86076923076924,45,352.3999999999994,-4451.62,0.6222222222222222,1.0378486012987098,7.831111111111098,0.4513888888888889,0.5,0.49559944903392955,2497.8999999999996,2515.3999999999996,1.983231612414323
ST15_5 & ST15_20 & ST15_50,3,"ST15_5,ST15_20,ST15_50",584,18212.739999999998,-8892.41999999997,0.5787671232876712,1.139613605226911,31.186198630136982,0.7590441798062088,0.9624940974648533,989.04,-3780.96,36,2927.2799999999997,-1636.22,0.6111111111111112,1.5436170568375547,81.31333333333333,7,-117.66000000000008,-1587.2,0.42857142857142855,0.9258694556451612,-16.80857142857144,17,2900.02,-861.48,0.6470588235294118,2.640357029729852,170.5894117647059,1,100.76,0.0,1.0,,100.76,3,138.77999999999997,-174.74,0.6666666666666666,1.7942085383999082,46.25999999999999,5,433.29999999999995,-174.74,0.6,2.564372878908224,86.66,8,1531.36,-174.74,0.75,6.528774640768286,191.42,15,3051.000000000001,-861.48,0.7333333333333333,2.8868974730045642,203.40000000000006,26,2908.38,-1587.2,0.5769230769230769,1.8638256416958239,111.86076923076924,44,146.87999999999965,-4657.139999999999,0.6136363636363636,1.0157752626525383,3.3381818181818104,0.4506172839506173,0.5,0.49559944903392955,2497.8999999999996,2515.3999999999996,2.0481196344752117
ST5_10 & ST15_10 & ST15_20,3,"ST5_10,ST15_10,ST15_20",496,16986.399999999998,-6591.739999999999,0.5745967741935484,1.1574081075591178,34.24677419354838,0.8594447171816896,1.1011559652572391,989.04,-3459.48,33,4199.74,-1587.1999999999998,0.6363636363636364,2.028062960515043,127.26484848484847,7,-117.66000000000008,-1587.2,0.42857142857142855,0.9258694556451612,-16.80857142857144,13,2271.7200000000003,-861.48,0.6923076923076923,2.404950090912464,174.74769230769232,0,0.0,0.0,0.0,,0.0,2,38.01999999999998,-174.74,0.5,1.2175804051734003,19.00999999999999,4,332.53999999999996,-174.74,0.5,2.2005921005126723,83.13499999999999,7,1430.6,-174.74,0.7142857142857143,6.164993862372734,204.37142857142857,13,2271.7200000000003,-861.48,0.6923076923076923,2.404950090912464,174.74769230769232,23,2476.84,-1587.2,0.6086956521739131,1.7701904299911688,107.68869565217392,43,1543.6199999999992,-3671.22,0.627906976744186,1.1902345242349923,35.898139534883704,0.38271604938271603,0.4583333333333333,0.3882260054618101,2497.8999999999996,2515.3999999999996,2.5769220266576047
ST5_10 & ST15_10 & ST15_50,3,"ST5_10,ST15_10,ST15_50",485,13752.819999999996,-7755.879999999973,0.5711340206185567,1.1281957781062646,28.35632989690721,0.7078627797424196,0.9015685962513525,989.04,-3459.48,33,4199.74,-1587.1999999999998,0.6363636363636364,2.028062960515043,127.26484848484847,7,-117.66000000000008,-1587.2,0.42857142857142855,0.9258694556451612,-16.80857142857144,13,2271.7200000000003,-861.48,0.6923076923076923,2.404950090912464,174.74769230769232,0,0.0,0.0,0.0,,0.0,2,38.01999999999998,-174.74,0.5,1.2175804051734003,19.00999999999999,4,332.53999999999996,-174.74,0.5,2.2005921005126723,83.13499999999999,7,1430.6,-174.74,0.7142857142857143,6.164993862372734,204.37142857142857,13,2271.7200000000003,-861.48,0.6923076923076923,2.404950090912464,174.74769230769232,23,2476.84,-1587.2,0.6086956521739131,1.7701904299911688,107.68869565217392,43,1543.6199999999992,-3671.22,0.627906976744186,1.1902345242349923,35.898139534883704,0.3742283950617284,0.4583333333333333,0.3882260054618101,2497.8999999999996,2515.3999999999996,1.7732120662001016
ST5_10 & ST15_20 & ST15_50,3,"ST5_10,ST15_20,ST15_50",525,20589.73999999999,-6745.879999999972,0.580952380952381,1.1857939720058457,39.21855238095236,1.0009123742477302,1.2882023843215211,989.04,-3459.48,36,4814.8,-1587.1999999999998,0.6388888888888888,2.0384378140784807,133.74444444444444,8,103.09999999999991,-1587.2,0.5,1.0649571572580645,12.887499999999989,15,2666.0200000000004,-1387.2,0.6666666666666666,2.2294758395513785,177.7346666666667,0,0.0,0.0,0.0,,0.0,2,38.01999999999998,-174.74,0.5,1.2175804051734003,19.00999999999999,4,332.53999999999996,-174.74,0.5,2.2005921005126723,83.13499999999999,8,879.1199999999999,-551.48,0.625,2.061149602877628,109.88999999999999,15,2666.0200000000004,-1387.2,0.6666666666666666,2.2294758395513785,177.7346666666667,26,3091.8999999999996,-1587.2,0.6153846153846154,1.8207073388261275,118.91923076923075,46,2158.6799999999994,-3671.22,0.6304347826086957,1.2491039467884024,46.92782608695651,0.4050925925925926,0.5,0.45560997617721155,2497.8999999999996,2736.1599999999994,3.052194821135282
ST5_10 & ST15_5 & ST15_10,3,"ST5_10,ST15_5,ST15_10",481,16862.159999999996,-6709.839999999973,0.577962577962578,1.1592748425591337,35.056465696465686,0.8650912489665579,1.1034120336687816,989.04,-3459.48,30,3437.2000000000007,-1587.2,0.6333333333333333,1.9049168588548742,114.57333333333335,7,-117.66000000000008,-1587.2,0.42857142857142855,0.9258694556451612,-16.80857142857144,13,2271.7200000000003,-861.48,0.6923076923076923,2.404950090912464,174.74769230769232,0,0.0,0.0,0.0,,0.0,2,38.01999999999998,-174.74,0.5,1.2175804051734003,19.00999999999999,4,332.53999999999996,-174.74,0.5,2.2005921005126723,83.13499999999999,7,1430.6,-174.74,0.7142857142857143,6.164993862372734,204.37142857142857,13,2271.7200000000003,-861.48,0.6923076923076923,2.404950090912464,174.74769230769232,22,2280.08,-1587.2,0.5909090909090909,1.7090065549709565,103.64,38,656.7999999999997,-3671.22,0.631578947368421,1.085030138575305,17.284210526315782,0.37114197530864196,0.4166666666666667,0.3882260054618101,2497.8999999999996,2515.3999999999996,2.5130494914931005
ST5_10 & ST15_5 & ST15_20,3,"ST5_10,ST15_5,ST15_20",472,17906.059999999998,-6612.759999999975,0.5847457627118644,1.1745208587107019,37.93656779661016,0.9437261283689226,1.2070724431088338,989.04,-3459.48,30,3437.2000000000007,-1587.2,0.6333333333333333,1.9049168588548742,114.57333333333335,7,-117.66000000000008,-1587.2,0.42857142857142855,0.9258694556451612,-16.80857142857144,13,2271.7200000000003,-861.48,0.6923076923076923,2.404950090912464,174.74769230769232,0,0.0,0.0,0.0,,0.0,2,38.01999999999998,-174.74,0.5,1.2175804051734003,19.00999999999999,4,332.53999999999996,-174.74,0.5,2.2005921005126723,83.13499999999999,7,1430.6,-174.74,0.7142857142857143,6.164993862372734,204.37142857142857,13,2271.7200000000003,-861.48,0.6923076923076923,2.404950090912464,174.74769230769232,22,2280.08,-1587.2,0.5909090909090909,1.7090065549709565,103.64,38,656.7999999999997,-3671.22,0.631578947368421,1.085030138575305,17.284210526315782,0.36419753086419754,0.4166666666666667,0.3882260054618101,2497.8999999999996,2515.3999999999996,2.7078043056152143
ST5_10 & ST15_5 & ST15_50,3,"ST5_10,ST15_5,ST15_50",468,14878.499999999995,-8810.899999999972,0.5790598290598291,1.1430228111699003,31.791666666666654,0.786048149474161,1.001638313170393,989.04,-3459.48,30,3437.2000000000007,-1587.2,0.6333333333333333,1.9049168588548742,114.57333333333335,7,-117.66000000000008,-1587.2,0.42857142857142855,0.9258694556451612,-16.80857142857144,13,2271.7200000000003,-861.48,0.6923076923076923,2.404950090912464,174.74769230769232,0,0.0,0.0,0.0,,0.0,2,38.01999999999998,-174.74,0.5,1.2175804051734003,19.00999999999999,4,332.53999999999996,-174.74,0.5,2.2005921005126723,83.13499999999999,7,1430.6,-174.74,0.7142857142857143,6.164993862372734,204.37142857142857,13,2271.7200000000003,-861.48,0.6923076923076923,2.404950090912464,174.74769230769232,22,2280.08,-1587.2,0.5909090909090909,1.7090065549709565,103.64,38,656.7999999999997,-3671.22,0.631578947368421,1.085030138575305,17.284210526315782,0.3611111111111111,0.4166666666666667,0.3882260054618101,2497.8999999999996,2515.3999999999996,1.6886470167633318
ST5_10 & ST5_20 & ST15_10,3,"ST5_10,ST5_20,ST15_10",494,17160.279999999995,-6814.459999999977,0.5708502024291497,1.1572422144840442,34.73740890688258,0.8574891033522675,1.0974901366527563,989.04,-3459.48,31,3529.7000000000007,-1587.1999999999998,0.6129032258064516,1.8640424958997335,113.86129032258067,7,-117.66000000000008,-1587.2,0.42857142857142855,0.9258694556451612,-16.80857142857144,11,1601.6799999999998,-861.48,0.6363636363636364,1.990562420374287,145.60727272727271,0,0.0,0.0,0.0,,0.0,2,38.01999999999998,-174.74,0.5,1.2175804051734003,19.00999999999999,4,332.53999999999996,-174.74,0.5,2.2005921005126723,83.13499999999999,7,1430.6,-174.74,0.7142857142857143,6.164993862372734,204.37142857142857,11,1601.6799999999998,-861.48,0.6363636363636364,1.990562420374287,145.60727272727271,21,1806.7999999999997,-1587.2,0.5714285714285714,1.561836884460863,86.03809523809522,40,1128.3199999999997,-3671.22,0.625,1.1435601992986888,28.20799999999999,0.38117283950617287,0.4305555555555556,0.2737193969450777,2497.8999999999996,2515.3999999999996,2.5182156766640427
ST5_10 & ST5_20 & ST15_20,3,"ST5_10,ST5_20,ST15_20",535,27474.239999999994,-5849.960000000003,0.5887850467289719,1.247822082004814,51.353719626168214,1.3086555727641327,1.7050593919930292,989.04,-3459.48,35,4439.28,-1587.1999999999996,0.6285714285714286,1.95744708384197,126.83657142857142,8,103.09999999999991,-1587.2,0.5,1.0649571572580645,12.887499999999989,13,1995.9799999999998,-1387.2,0.6153846153846154,1.920476660425563,153.53692307692307,0,0.0,0.0,0.0,,0.0,2,38.01999999999998,-174.74,0.5,1.2175804051734003,19.00999999999999,4,332.53999999999996,-174.74,0.5,2.2005921005126723,83.13499999999999,8,879.1199999999999,-551.48,0.625,2.061149602877628,109.88999999999999,13,1995.9799999999998,-1387.2,0.6153846153846154,1.920476660425563,153.53692307692307,24,2421.8599999999997,-1587.2,0.5833333333333334,1.6428533508876244,100.91083333333331,44,2037.9000000000008,-3671.22,0.6363636363636364,1.2422887062717571,46.31590909090911,0.41280864197530864,0.4861111111111111,0.3411033676604791,2497.8999999999996,2736.1599999999994,4.696483394758252
ST5_10 & ST5_20 & ST15_5,3,"ST5_10,ST5_20,ST15_5",477,19184.099999999995,-6943.639999999978,0.5807127882599581,1.1823514661707664,40.21823899371068,0.984681015334422,1.2618881179401324,989.04,-3459.48,28,2767.1600000000008,-1587.2,0.6071428571428571,1.7285144114828506,98.82714285714289,7,-117.66000000000008,-1587.2,0.42857142857142855,0.9258694556451612,-16.80857142857144,11,1601.6799999999998,-861.48,0.6363636363636364,1.990562420374287,145.60727272727271,0,0.0,0.0,0.0,,0.0,2,38.01999999999998,-174.74,0.5,1.2175804051734003,19.00999999999999,4,332.53999999999996,-174.74,0.5,2.2005921005126723,83.13499999999999,7,1430.6,-174.74,0.7142857142857143,6.164993862372734,204.37142857142857,11,1601.6799999999998,-861.48,0.6363636363636364,1.990562420374287,145.60727272727271,20,1610.0399999999997,-1587.2,0.55,1.5006530094406507,80.50199999999998,35,241.49999999999932,-3671.22,0.6285714285714286,1.0323311350839004,6.899999999999981,0.3680555555555556,0.3888888888888889,0.2737193969450777,2497.8999999999996,2515.3999999999996,2.762830446278905
ST5_10 & ST5_20 & ST15_50,3,"ST5_10,ST5_20,ST15_50",552,25637.879999999994,-7589.26,0.5742753623188406,1.2254474543523488,46.445434782608686,1.195566894382501,1.557959047614746,989.04,-3459.48,38,3798.3,-1713.9399999999996,0.5789473684210527,1.7458908548200225,99.95526315789475,9,-23.6400000000001,-1713.94,0.4444444444444444,0.9862072184557219,-2.6266666666666776,16,1776.26,-1384.68,0.5625,1.711243693441179,111.01625,0,0.0,0.0,0.0,,0.0,3,-184.22000000000003,-222.24,0.3333333333333333,0.5359463952843971,-61.40666666666667,5,110.29999999999995,-324.48,0.4,1.2209446736909577,22.05999999999999,11,659.3999999999999,-551.48,0.5454545454545454,1.5697055570915122,59.94545454545453,16,1776.26,-1384.68,0.5625,1.711243693441179,111.01625,28,2075.3999999999996,-1713.94,0.5357142857142857,1.4914422648872387,74.12142857142855,48,1753.1999999999996,-3671.22,0.6041666666666666,1.1977272419688818,36.52499999999999,0.42592592592592593,0.5277777777777778,0.30355427801911977,2371.1599999999994,2609.419999999999,3.37817916371293
ST5_10 & ST5_20 & ST5_50,3,"ST5_10,ST5_20,ST5_50",711,19203.64,-7732.4599999999955,0.5682137834036568,1.1240631134145729,27.009338959212375,0.6850277924844944,0.8788917055867354,989.04,-3459.48,42,5031.6,-1588.1999999999994,0.6428571428571429,2.0130955832608493,119.80000000000001,8,102.09999999999991,-1588.2,0.5,1.0642866137766023,12.762499999999989,18,2049.7799999999997,-1384.68,0.6111111111111112,1.8207655962200693,113.87666666666665,0,0.0,0.0,0.0,,0.0,3,-184.22000000000003,-222.24,0.3333333333333333,0.5359463952843971,-61.40666666666667,7,383.81999999999994,-222.24,0.5714285714285714,1.768839389447538,54.83142857142856,13,932.9199999999998,-551.48,0.6153846153846154,1.8060201824716613,71.76307692307691,18,2049.7799999999997,-1384.68,0.6111111111111112,1.8207655962200693,113.87666666666665,29,2474.6600000000008,-1588.2,0.5862068965517241,1.6039674520542595,85.33310344827589,56,3371.2999999999997,-4561.46,0.6607142857142857,1.3500372744583784,60.20178571428571,0.5486111111111112,0.5833333333333334,0.35029752851386126,2496.8999999999996,2735.1599999999994,2.483509775672944
ST5_10 & ST5_50 & ST15_10,3,"ST5_10,ST5_50,ST15_10",483,15569.019999999997,-6880.139999999934,0.5714285714285714,1.1465866970365968,32.233995859213245,0.7993803307324704,1.0196080970790593,989.04,-3459.48,30,3655.4400000000005,-1461.4599999999998,0.6333333333333333,1.9232401196152915,121.84800000000001,6,8.079999999999927,-1461.46,0.5,1.005528717857485,1.3466666666666545,11,1601.6799999999998,-861.48,0.6363636363636364,1.990562420374287,145.60727272727271,0,0.0,0.0,0.0,,0.0,2,38.01999999999998,-174.74,0.5,1.2175804051734003,19.00999999999999,4,332.53999999999996,-174.74,0.5,2.2005921005126723,83.13499999999999,7,1430.6,-174.74,0.7142857142857143,6.164993862372734,204.37142857142857,11,1601.6799999999998,-861.48,0.6363636363636364,1.990562420374287,145.60727272727271,20,1932.5399999999997,-1461.46,0.6,1.6253891409450705,96.62699999999998,39,1254.06,-3671.22,0.6410256410256411,1.1621527265956542,32.15538461538461,0.3726851851851852,0.4166666666666667,0.2737193969450777,2623.6399999999994,2641.1399999999994,2.262892906249022
ST5_10 & ST5_50 & ST15_20,3,"ST5_10,ST5_50,ST15_20",522,26288.92,-5849.960000000003,0.5900383141762452,1.2444956458642453,50.361915708812255,1.2882357767601926,1.6740158568513293,989.04,-3459.48,34,4565.02,-1461.4599999999996,0.6470588235294118,2.012011066674943,134.26529411764707,7,228.83999999999992,-1461.46,0.5714285714285714,1.1565831428845126,32.69142857142856,13,1995.9799999999998,-1387.2,0.6153846153846154,1.920476660425563,153.53692307692307,0,0.0,0.0,0.0,,0.0,2,38.01999999999998,-174.74,0.5,1.2175804051734003,19.00999999999999,4,332.53999999999996,-174.74,0.5,2.2005921005126723,83.13499999999999,8,879.1199999999999,-551.48,0.625,2.061149602877628,109.88999999999999,13,1995.9799999999998,-1387.2,0.6153846153846154,1.920476660425563,153.53692307692307,23,2547.6000000000004,-1461.46,0.6086956521739131,1.6995787589040043,110.76521739130436,43,2163.6400000000003,-3671.22,0.6511627906976745,1.2611420226183727,50.31720930232559,0.4027777777777778,0.4722222222222222,0.3411033676604791,2623.6399999999994,2861.8999999999996,4.49386320590226
ST5_10 & ST5_50 & ST15_5,3,"ST5_10,ST5_50,ST15_5",467,16221.64,-7379.059999999972,0.5802997858672377,1.1564998969636302,34.735845824411136,0.8508574258231208,1.0836645956145932,989.04,-3459.48,27,2892.9000000000005,-1461.46,0.6296296296296297,1.7876937989772967,107.14444444444446,6,8.079999999999927,-1461.46,0.5,1.005528717857485,1.3466666666666545,11,1601.6799999999998,-861.48,0.6363636363636364,1.990562420374287,145.60727272727271,0,0.0,0.0,0.0,,0.0,2,38.01999999999998,-174.74,0.5,1.2175804051734003,19.00999999999999,4,332.53999999999996,-174.74,0.5,2.2005921005126723,83.13499999999999,7,1430.6,-174.74,0.7142857142857143,6.164993862372734,204.37142857142857,11,1601.6799999999998,-861.48,0.6363636363636364,1.990562420374287,145.60727272727271,19,1735.7799999999997,-1461.46,0.5789473684210527,1.5617156504236052,91.35684210526314,34,367.24,-3671.22,0.6470588235294118,1.050006536090111,10.801176470588235,0.3603395061728395,0.375,0.2737193969450777,2623.6399999999994,2641.1399999999994,2.1983342051697723
ST5_10 & ST5_50 & ST15_50,3,"ST5_10,ST5_50,ST15_50",539,24813.099999999995,-8326.260000000002,0.5788497217068646,1.2249610061907774,46.03543599257884,1.1896522827251872,1.5463465139657357,989.04,-3459.48,37,3924.04,-1588.1999999999996,0.5945945945945946,1.7900921362069524,106.05513513513513,8,102.09999999999991,-1588.2,0.5,1.0642866137766023,12.762499999999989,16,1776.26,-1384.68,0.5625,1.711243693441179,111.01625,0,0.0,0.0,0.0,,0.0,3,-184.22000000000003,-222.24,0.3333333333333333,0.5359463952843971,-61.40666666666667,5,110.29999999999995,-324.48,0.4,1.2209446736909577,22.05999999999999,11,659.3999999999999,-551.48,0.5454545454545454,1.5697055570915122,59.94545454545453,16,1776.26,-1384.68,0.5625,1.711243693441179,111.01625,27,2201.1400000000003,-1588.2,0.5555555555555556,1.5372119472633465,81.52370370370372,47,1878.9399999999994,-3671.22,0.6170212765957447,1.2149566068948479,39.97744680851063,0.4158950617283951,0.5138888888888888,0.30355427801911977,2496.8999999999996,2735.1599999999994,2.9801015101618242
ST5_20 & ST15_10 & ST15_20,3,"ST5_20,ST15_10,ST15_20",506,20829.679999999993,-6028.120000000028,0.575098814229249,1.1934965578820913,41.165375494071135,1.0385802249593405,1.3425702802116875,989.04,-3459.48,33,3680.9799999999996,-1587.1999999999998,0.6060606060606061,1.8881945014163901,111.54484848484847,7,-117.66000000000008,-1587.2,0.42857142857142855,0.9258694556451612,-16.80857142857144,13,1752.9599999999998,-861.48,0.6153846153846154,2.0458065362908515,134.84307692307692,0,0.0,0.0,0.0,,0.0,2,38.01999999999998,-174.74,0.5,1.2175804051734003,19.00999999999999,4,332.53999999999996,-174.74,0.5,2.2005921005126723,83.13499999999999,7,1430.6,-174.74,0.7142857142857143,6.164993862372734,204.37142857142857,12,1812.1999999999998,-861.48,0.6666666666666666,2.12075896446374,151.01666666666665,23,1958.0799999999997,-1587.2,0.5652173913043478,1.597865116392682,85.13391304347824,42,1279.6,-3671.22,0.6190476190476191,1.16159013992019,30.466666666666665,0.3904320987654321,0.4583333333333333,0.2995724202517627,2497.8999999999996,2515.3999999999996,3.4554189365838597
ST5_20 & ST15_10 & ST15_50,3,"ST5_20,ST15_10,ST15_50",494,17855.819999999992,-6832.979999999976,0.5728744939271255,1.1672663498041516,36.1453846153846,0.9064234362657044,1.1650052984265937,989.04,-3459.48,32,3470.46,-1587.1999999999998,0.59375,1.8373975108219889,108.451875,7,-117.66000000000008,-1587.2,0.42857142857142855,0.9258694556451612,-16.80857142857144,12,1542.4399999999998,-861.48,0.5833333333333334,1.9202114331396387,128.53666666666666,0,0.0,0.0,0.0,,0.0,2,38.01999999999998,-174.74,0.5,1.2175804051734003,19.00999999999999,4,332.53999999999996,-174.74,0.5,2.2005921005126723,83.13499999999999,7,1430.6,-174.74,0.7142857142857143,6.164993862372734,204.37142857142857,11,1601.6799999999998,-861.48,0.6363636363636364,1.990562420374287,145.60727272727271,22,1747.5599999999997,-1587.2,0.5454545454545454,1.5335865556071229,79.43454545454544,42,1274.599999999999,-3671.22,0.6190476190476191,1.1609587311208767,30.347619047619023,0.38117283950617287,0.4444444444444444,0.26359556629536834,2497.8999999999996,2515.3999999999996,2.613181949895954
ST5_20 & ST15_20 & ST15_50,3,"ST5_20,ST15_20,ST15_50",538,25310.859999999997,-5755.700000000004,0.5836431226765799,1.2289384257060805,47.046208178438654,1.20821481106598,1.5707553406699275,989.04,-3459.48,35,4085.5200000000004,-1587.1999999999998,0.6,1.8700333488080887,116.72914285714288,8,103.09999999999991,-1587.2,0.5,1.0649571572580645,12.887499999999989,14,1936.7399999999996,-1387.2,0.5714285714285714,1.8694055645834642,138.33857142857138,0,0.0,0.0,0.0,,0.0,2,38.01999999999998,-174.74,0.5,1.2175804051734003,19.00999999999999,4,332.53999999999996,-174.74,0.5,2.2005921005126723,83.13499999999999,8,879.1199999999999,-551.48,0.625,2.061149602877628,109.88999999999999,13,1995.9799999999998,-1387.2,0.6153846153846154,1.920476660425563,153.53692307692307,25,2362.62,-1587.2,0.56,1.6174201641143573,94.50479999999999,44,1684.1399999999999,-3671.22,0.6136363636363636,1.1988293185113124,38.27590909090909,0.41512345679012347,0.4861111111111111,0.33097953701076976,2497.8999999999996,2736.1599999999994,4.397529405632674
ST5_20 & ST15_5 & ST15_10,3,"ST5_20,ST15_5,ST15_10",494,20975.519999999993,-6403.18,0.5789473684210527,1.198022374321454,42.46056680161942,1.0562396673203391,1.3595069950898533,989.04,-3459.48,30,2918.4400000000005,-1587.2,0.6,1.7565429282455416,97.28133333333335,7,-117.66000000000008,-1587.2,0.42857142857142855,0.9258694556451612,-16.80857142857144,13,1752.9599999999998,-861.48,0.6153846153846154,2.0458065362908515,134.84307692307692,0,0.0,0.0,0.0,,0.0,2,38.01999999999998,-174.74,0.5,1.2175804051734003,19.00999999999999,4,332.53999999999996,-174.74,0.5,2.2005921005126723,83.13499999999999,7,1430.6,-174.74,0.7142857142857143,6.164993862372734,204.37142857142857,12,1812.1999999999998,-861.48,0.6666666666666666,2.12075896446374,151.01666666666665,22,1761.3199999999997,-1587.2,0.5454545454545454,1.5377879283812503,80.05999999999999,38,598.2999999999995,-3671.22,0.631578947368421,1.0794679644353298,15.74473684210525,0.38117283950617287,0.4166666666666667,0.2995724202517627,2497.8999999999996,2515.3999999999996,3.275797338197582
ST5_20 & ST15_5 & ST15_20,3,"ST5_20,ST15_5,ST15_20",483,22582.379999999997,-6403.18,0.5859213250517599,1.2206668596239598,46.75440993788819,1.1691224453689801,1.5114560140412845,989.04,-3459.48,30,2918.4400000000005,-1587.2,0.6,1.7565429282455416,97.28133333333335,7,-117.66000000000008,-1587.2,0.42857142857142855,0.9258694556451612,-16.80857142857144,13,1752.9599999999998,-861.48,0.6153846153846154,2.0458065362908515,134.84307692307692,0,0.0,0.0,0.0,,0.0,2,38.01999999999998,-174.74,0.5,1.2175804051734003,19.00999999999999,4,332.53999999999996,-174.74,0.5,2.2005921005126723,83.13499999999999,7,1430.6,-174.74,0.7142857142857143,6.164993862372734,204.37142857142857,12,1812.1999999999998,-861.48,0.6666666666666666,2.12075896446374,151.01666666666665,22,1761.3199999999997,-1587.2,0.5454545454545454,1.5377879283812503,80.05999999999999,37,392.7799999999993,-3671.22,0.6216216216216216,1.052170194001185,10.615675675675657,0.3726851851851852,0.4166666666666667,0.2995724202517627,2497.8999999999996,2515.3999999999996,3.526744523814729
ST5_20 & ST15_5 & ST15_50,3,"ST5_20,ST15_5,ST15_50",478,19814.54,-7054.959999999986,0.5815899581589958,1.1914450898774163,41.45301255230126,1.0293592395582094,1.3259059026511755,989.04,-3459.48,29,2707.92,-1587.2,0.5862068965517241,1.701970136872667,93.37655172413794,7,-117.66000000000008,-1587.2,0.42857142857142855,0.9258694556451612,-16.80857142857144,12,1542.4399999999998,-861.48,0.5833333333333334,1.9202114331396387,128.53666666666666,0,0.0,0.0,0.0,,0.0,2,38.01999999999998,-174.74,0.5,1.2175804051734003,19.00999999999999,4,332.53999999999996,-174.74,0.5,2.2005921005126723,83.13499999999999,7,1430.6,-174.74,0.7142857142857143,6.164993862372734,204.37142857142857,11,1601.6799999999998,-861.48,0.6363636363636364,1.990562420374287,145.60727272727271,21,1550.7999999999997,-1587.2,0.5238095238095238,1.4735093675956912,73.84761904761903,37,387.77999999999975,-3671.22,0.6216216216216216,1.0515060793059205,10.480540540540535,0.36882716049382713,0.4027777777777778,0.26359556629536834,2497.8999999999996,2515.3999999999996,2.8085970721308184
ST5_20 & ST5_50 & ST15_10,3,"ST5_20,ST5_50,ST15_10",506,18331.64,-6765.360000000022,0.5731225296442688,1.167348935224685,36.228537549407115,0.9053642351532051,1.1626075677842216,989.04,-3459.48,32,3806.72,-1461.4599999999998,0.625,1.9472751704573736,118.96,6,8.079999999999927,-1461.46,0.5,1.005528717857485,1.3466666666666545,13,1752.9599999999998,-861.48,0.6153846153846154,2.0458065362908515,134.84307692307692,0,0.0,0.0,0.0,,0.0,2,38.01999999999998,-174.74,0.5,1.2175804051734003,19.00999999999999,4,332.53999999999996,-174.74,0.5,2.2005921005126723,83.13499999999999,7,1430.6,-174.74,0.7142857142857143,6.164993862372734,204.37142857142857,12,1812.1999999999998,-861.48,0.6666666666666666,2.12075896446374,151.01666666666665,22,2083.8199999999997,-1461.46,0.5909090909090909,1.6616603902990432,94.7190909090909,42,1610.8599999999992,-3671.22,0.6428571428571429,1.206704426759194,38.3538095238095,0.3904320987654321,0.4444444444444444,0.2995724202517627,2623.6399999999994,2641.1399999999994,2.7096325990043306
ST5_20 & ST5_50 & ST15_20,3,"ST5_20,ST5_50,ST15_20",544,29664.039999999994,-5849.960000000003,0.5919117647058824,1.2701318730593179,54.529485294117634,1.4067085871124687,1.841361232016983,989.04,-3459.48,36,4716.3,-1461.4599999999996,0.6388888888888888,2.0319950635437456,131.00833333333333,7,228.83999999999992,-1461.46,0.5714285714285714,1.1565831428845126,32.69142857142856,15,2147.26,-1387.2,0.6,1.963908316349892,143.1506666666667,0,0.0,0.0,0.0,,0.0,2,38.01999999999998,-174.74,0.5,1.2175804051734003,19.00999999999999,4,332.53999999999996,-174.74,0.5,2.2005921005126723,83.13499999999999,8,879.1199999999999,-551.48,0.625,2.061149602877628,109.88999999999999,14,2206.5,-1387.2,0.6428571428571429,2.017561173573385,157.60714285714286,25,2698.879999999999,-1461.46,0.6,1.7292575239268715,107.95519999999996,45,2314.920000000001,-3671.22,0.6444444444444445,1.2774173291757247,51.44266666666669,0.41975308641975306,0.5,0.36695639096716426,2623.6399999999994,2861.8999999999996,5.070810740586257
ST5_20 & ST5_50 & ST15_5,3,"ST5_20,ST5_50,ST15_5",490,20868.579999999994,-6300.419999999998,0.5836734693877551,1.196877890985813,42.588938775510194,1.0527893320456811,1.3542993471856257,989.04,-3459.48,29,3044.1800000000003,-1461.46,0.6206896551724138,1.8157272780865308,104.97172413793105,6,8.079999999999927,-1461.46,0.5,1.005528717857485,1.3466666666666545,13,1752.9599999999998,-861.48,0.6153846153846154,2.0458065362908515,134.84307692307692,0,0.0,0.0,0.0,,0.0,2,38.01999999999998,-174.74,0.5,1.2175804051734003,19.00999999999999,4,332.53999999999996,-174.74,0.5,2.2005921005126723,83.13499999999999,7,1430.6,-174.74,0.7142857142857143,6.164993862372734,204.37142857142857,12,1812.1999999999998,-861.48,0.6666666666666666,2.12075896446374,151.01666666666665,21,1887.0599999999997,-1461.46,0.5714285714285714,1.5991846014136117,89.85999999999999,37,724.0399999999997,-3671.22,0.6486486486486487,1.0978025362416723,19.56864864864864,0.37808641975308643,0.4027777777777778,0.2995724202517627,2623.6399999999994,2641.1399999999994,3.312252199059745
ST5_20 & ST5_50 & ST15_50,3,"ST5_20,ST5_50,ST15_50",573,26328.659999999996,-7272.46000000001,0.5794066317626527,1.2258077131881675,45.948795811518316,1.1842030942660051,1.5382079292544661,989.04,-3459.48,38,3864.8,-1588.1999999999996,0.5789473684210527,1.768992001273429,101.70526315789475,8,102.09999999999991,-1588.2,0.5,1.0642866137766023,12.762499999999989,17,1717.02,-1384.68,0.5294117647058824,1.6715924025283182,101.00117647058823,0,0.0,0.0,0.0,,0.0,3,-184.22000000000003,-222.24,0.3333333333333333,0.5359463952843971,-61.40666666666667,5,110.29999999999995,-324.48,0.4,1.2209446736909577,22.05999999999999,11,659.3999999999999,-551.48,0.5454545454545454,1.5697055570915122,59.94545454545453,16,1776.26,-1384.68,0.5625,1.711243693441179,111.01625,28,2141.9000000000005,-1588.2,0.5357142857142857,1.5153034465834894,76.4964285714286,49,2025.22,-3671.22,0.6122448979591837,1.2301318370139065,41.33102040816327,0.44212962962962965,0.5277777777777778,0.29343044736941043,2496.8999999999996,2735.1599999999994,3.6203237968995303
ST5_5 & ST15_10 & ST15_20,3,"ST5_5,ST15_10,ST15_20",483,19169.759999999995,-6196.539999999999,0.5817805383022774,1.1874605418489141,39.68894409937887,1.0018855379510831,1.2868138170387757,989.04,-3459.48,32,4486.48,-1587.1999999999998,0.65625,2.1811623964026583,140.2025,7,-117.66000000000008,-1587.2,0.42857142857142855,0.9258694556451612,-16.80857142857144,13,2271.7200000000003,-861.48,0.6923076923076923,2.404950090912464,174.74769230769232,0,0.0,0.0,0.0,,0.0,2,38.01999999999998,-174.74,0.5,1.2175804051734003,19.00999999999999,4,332.53999999999996,-174.74,0.5,2.2005921005126723,83.13499999999999,7,1430.6,-174.74,0.7142857142857143,6.164993862372734,204.37142857142857,13,2271.7200000000003,-861.48,0.6923076923076923,2.404950090912464,174.74769230769232,23,2476.84,-1587.2,0.6086956521739131,1.7701904299911688,107.68869565217392,42,1830.3599999999997,-3671.22,0.6428571428571429,1.2338353203297072,43.57999999999999,0.3726851851851852,0.4444444444444444,0.3882260054618101,2497.8999999999996,2515.3999999999996,3.093623215536412
ST5_5 & ST15_10 & ST15_50,3,"ST5_5,ST15_10,ST15_50",473,16806.959999999995,-6541.9999999999745,0.5792811839323467,1.1653789831711945,35.532684989429164,0.8913860161074177,1.1400405501501016,989.04,-3459.48,32,4486.48,-1587.1999999999998,0.65625,2.1811623964026583,140.2025,7,-117.66000000000008,-1587.2,0.42857142857142855,0.9258694556451612,-16.80857142857144,13,2271.7200000000003,-861.48,0.6923076923076923,2.404950090912464,174.74769230769232,0,0.0,0.0,0.0,,0.0,2,38.01999999999998,-174.74,0.5,1.2175804051734003,19.00999999999999,4,332.53999999999996,-174.74,0.5,2.2005921005126723,83.13499999999999,7,1430.6,-174.74,0.7142857142857143,6.164993862372734,204.37142857142857,13,2271.7200000000003,-861.48,0.6923076923076923,2.404950090912464,174.74769230769232,23,2476.84,-1587.2,0.6086956521739131,1.7701904299911688,107.68869565217392,42,1830.3599999999997,-3671.22,0.6428571428571429,1.2338353203297072,43.57999999999999,0.36496913580246915,0.4444444444444444,0.3882260054618101,2497.8999999999996,2515.3999999999996,2.569085906450636
ST5_5 & ST15_20 & ST15_50,3,"ST5_5,ST15_20,ST15_50",508,25079.27999999999,-5801.559999999996,0.594488188976378,1.2426518310676795,49.36866141732282,1.26440911451274,1.634688932167467,989.04,-3459.48,34,5653.02,-1587.1999999999996,0.6764705882352942,2.4882791520550978,166.26529411764707,8,103.09999999999991,-1587.2,0.5,1.0649571572580645,12.887499999999989,14,3217.500000000001,-861.48,0.7142857142857143,2.9898697539797396,229.82142857142864,0,0.0,0.0,0.0,,0.0,2,38.01999999999998,-174.74,0.5,1.2175804051734003,19.00999999999999,4,332.53999999999996,-174.74,0.5,2.2005921005126723,83.13499999999999,7,1430.6,-174.74,0.7142857142857143,6.164993862372734,204.37142857142857,14,3217.500000000001,-861.48,0.7142857142857143,2.9898697539797396,229.82142857142864,25,3643.379999999999,-1587.2,0.64,2.132934064703907,145.73519999999996,44,2996.9000000000005,-3671.22,0.6590909090909091,1.3828651584912803,68.11136363636365,0.39197530864197533,0.4722222222222222,0.5498552517798735,2497.8999999999996,2736.1599999999994,4.322851095222666
ST5_5 & ST15_5 & ST15_10,3,"ST5_5,ST15_5,ST15_10",470,18723.799999999996,-5919.34,0.5851063829787234,1.1855735536823129,39.83787234042552,0.9894672350488198,1.2648761754167859,989.04,-3459.48,30,3437.2000000000007,-1587.2,0.6333333333333333,1.9049168588548742,114.57333333333335,7,-117.66000000000008,-1587.2,0.42857142857142855,0.9258694556451612,-16.80857142857144,13,2271.7200000000003,-861.48,0.6923076923076923,2.404950090912464,174.74769230769232,0,0.0,0.0,0.0,,0.0,2,38.01999999999998,-174.74,0.5,1.2175804051734003,19.00999999999999,4,332.53999999999996,-174.74,0.5,2.2005921005126723,83.13499999999999,7,1430.6,-174.74,0.7142857142857143,6.164993862372734,204.37142857142857,13,2271.7200000000003,-861.48,0.6923076923076923,2.404950090912464,174.74769230769232,22,2280.08,-1587.2,0.5909090909090909,1.7090065549709565,103.64,38,656.7999999999997,-3671.22,0.631578947368421,1.085030138575305,17.284210526315782,0.3626543209876543,0.4166666666666667,0.3882260054618101,2497.8999999999996,2515.3999999999996,3.1631567032811083
ST5_5 & ST15_5 & ST15_20,3,"ST5_5,ST15_5,ST15_20",461,19391.46,-5919.34,0.5900216919739696,1.1985887028638247,42.06390455531453,1.0539665028624365,1.3509585717641504,989.04,-3459.48,30,3437.2000000000007,-1587.2,0.6333333333333333,1.9049168588548742,114.57333333333335,7,-117.66000000000008,-1587.2,0.42857142857142855,0.9258694556451612,-16.80857142857144,13,2271.7200000000003,-861.48,0.6923076923076923,2.404950090912464,174.74769230769232,0,0.0,0.0,0.0,,0.0,2,38.01999999999998,-174.74,0.5,1.2175804051734003,19.00999999999999,4,332.53999999999996,-174.74,0.5,2.2005921005126723,83.13499999999999,7,1430.6,-174.74,0.7142857142857143,6.164993862372734,204.37142857142857,13,2271.7200000000003,-861.48,0.6923076923076923,2.404950090912464,174.74769230769232,22,2280.08,-1587.2,0.5909090909090909,1.7090065549709565,103.64,38,656.7999999999997,-3671.22,0.631578947368421,1.085030138575305,17.284210526315782,0.3557098765432099,0.4166666666666667,0.3882260054618101,2497.8999999999996,2515.3999999999996,3.275949683579588
ST5_5 & ST15_5 & ST15_50,3,"ST5_5,ST15_5,ST15_50",457,16624.6,-7597.019999999975,0.5842450765864332,1.1677999280133606,36.37768052516411,0.9048309584719382,1.1564882333718007,989.04,-3459.48,30,3437.2000000000007,-1587.2,0.6333333333333333,1.9049168588548742,114.57333333333335,7,-117.66000000000008,-1587.2,0.42857142857142855,0.9258694556451612,-16.80857142857144,13,2271.7200000000003,-861.48,0.6923076923076923,2.404950090912464,174.74769230769232,0,0.0,0.0,0.0,,0.0,2,38.01999999999998,-174.74,0.5,1.2175804051734003,19.00999999999999,4,332.53999999999996,-174.74,0.5,2.2005921005126723,83.13499999999999,7,1430.6,-174.74,0.7142857142857143,6.164993862372734,204.37142857142857,13,2271.7200000000003,-861.48,0.6923076923076923,2.404950090912464,174.74769230769232,22,2280.08,-1587.2,0.5909090909090909,1.7090065549709565,103.64,38,656.7999999999997,-3671.22,0.631578947368421,1.085030138575305,17.284210526315782,0.35262345679012347,0.4166666666666667,0.3882260054618101,2497.8999999999996,2515.3999999999996,2.1883054144914786
ST5_5 & ST5_10 & ST15_10,3,"ST5_5,ST5_10,ST15_10",489,17748.459999999995,-5904.279999999997,0.5766871165644172,1.1668726037600459,36.295419222903874,0.9015679333511811,1.153043902850006,989.04,-3459.48,32,4486.48,-1587.1999999999998,0.65625,2.1811623964026583,140.2025,7,-117.66000000000008,-1587.2,0.42857142857142855,0.9258694556451612,-16.80857142857144,13,2271.7200000000003,-861.48,0.6923076923076923,2.404950090912464,174.74769230769232,0,0.0,0.0,0.0,,0.0,2,38.01999999999998,-174.74,0.5,1.2175804051734003,19.00999999999999,4,332.53999999999996,-174.74,0.5,2.2005921005126723,83.13499999999999,7,1430.6,-174.74,0.7142857142857143,6.164993862372734,204.37142857142857,13,2271.7200000000003,-861.48,0.6923076923076923,2.404950090912464,174.74769230769232,23,2476.84,-1587.2,0.6086956521739131,1.7701904299911688,107.68869565217392,42,1830.3599999999997,-3671.22,0.6428571428571429,1.2338353203297072,43.57999999999999,0.3773148148148148,0.4444444444444444,0.3882260054618101,2497.8999999999996,2515.3999999999996,3.00603291171828
ST5_5 & ST5_10 & ST15_20,3,"ST5_5,ST5_10,ST15_20",523,28807.01999999999,-5351.079999999996,0.5965583173996176,1.2710141927908978,55.08034416826002,1.4080321871515444,1.833554222507661,989.04,-3459.48,35,5947.540000000001,-1587.1999999999996,0.6857142857142857,2.565817879295275,169.9297142857143,8,103.09999999999991,-1587.2,0.5,1.0649571572580645,12.887499999999989,14,3217.500000000001,-861.48,0.7142857142857143,2.9898697539797396,229.82142857142864,0,0.0,0.0,0.0,,0.0,2,38.01999999999998,-174.74,0.5,1.2175804051734003,19.00999999999999,4,332.53999999999996,-174.74,0.5,2.2005921005126723,83.13499999999999,7,1430.6,-174.74,0.7142857142857143,6.164993862372734,204.37142857142857,14,3217.500000000001,-861.48,0.7142857142857143,2.9898697539797396,229.82142857142864,25,3643.379999999999,-1587.2,0.64,2.132934064703907,145.73519999999996,45,3291.42,-3671.22,0.6666666666666666,1.4204911875475892,73.14266666666667,0.4035493827160494,0.4861111111111111,0.5498552517798735,2497.8999999999996,2736.1599999999994,5.383402976595381
ST5_5 & ST5_10 & ST15_5,3,"ST5_5,ST5_10,ST15_5",474,18013.759999999995,-5919.34,0.5822784810126582,1.1739132785435809,38.003713080168765,0.9377945826774245,1.1993035177521585,989.04,-3459.48,30,3437.2000000000007,-1587.2,0.6333333333333333,1.9049168588548742,114.57333333333335,7,-117.66000000000008,-1587.2,0.42857142857142855,0.9258694556451612,-16.80857142857144,13,2271.7200000000003,-861.48,0.6923076923076923,2.404950090912464,174.74769230769232,0,0.0,0.0,0.0,,0.0,2,38.01999999999998,-174.74,0.5,1.2175804051734003,19.00999999999999,4,332.53999999999996,-174.74,0.5,2.2005921005126723,83.13499999999999,7,1430.6,-174.74,0.7142857142857143,6.164993862372734,204.37142857142857,13,2271.7200000000003,-861.48,0.6923076923076923,2.404950090912464,174.74769230769232,22,2280.08,-1587.2,0.5909090909090909,1.7090065549709565,103.64,38,656.7999999999997,-3671.22,0.631578947368421,1.085030138575305,17.284210526315782,0.36574074074074076,0.4166666666666667,0.3882260054618101,2497.8999999999996,2515.3999999999996,3.0432041410022053
ST5_5 & ST5_10 & ST15_50,3,"ST5_5,ST5_10,ST15_50",537,27596.819999999992,-6586.000000000009,0.5847299813780261,1.2531222466344163,51.39072625698323,1.3222323796341957,1.723920899694105,989.04,-3459.48,37,5197.300000000001,-1713.9399999999996,0.6216216216216216,2.2217212652324365,140.46756756756758,9,-23.6400000000001,-1713.94,0.4444444444444444,0.9862072184557219,-2.6266666666666776,16,2888.5199999999995,-968.22,0.625,2.4843981253083376,180.53249999999997,0,0.0,0.0,0.0,,0.0,3,-184.22000000000003,-222.24,0.3333333333333333,0.5359463952843971,-61.40666666666667,5,110.29999999999995,-324.48,0.4,1.2209446736909577,22.05999999999999,9,1101.62,-324.48,0.5555555555555556,2.8179747838141127,122.4022222222222,16,2888.5199999999995,-968.22,0.625,2.4843981253083376,180.53249999999997,28,3187.6600000000008,-1713.94,0.5714285714285714,1.868193703017758,113.84500000000003,48,2897.46,-3671.22,0.625,1.349796215991733,60.36375,0.41435185185185186,0.5138888888888888,0.49363415442772324,2371.1599999999994,2609.419999999999,4.190224719101117
ST5_5 & ST5_10 & ST5_20,3,"ST5_5,ST5_10,ST5_20",666,23978.399999999998,-6892.159999999987,0.5765765765765766,1.1670698535149717,36.0036036036036,0.9054345940666637,1.1661612447520395,989.04,-3459.48,41,6252.08,-1713.9399999999991,0.6585365853658537,2.4696667669625403,152.48975609756098,9,-23.6400000000001,-1713.94,0.4444444444444444,0.9862072184557219,-2.6266666666666776,17,3109.26,-968.22,0.6470588235294118,2.597835471139615,182.89764705882354,0,0.0,0.0,0.0,,0.0,3,-184.22000000000003,-222.24,0.3333333333333333,0.5359463952843971,-61.40666666666667,7,383.81999999999994,-222.24,0.5714285714285714,1.768839389447538,54.83142857142856,11,1375.1399999999999,-222.24,0.6363636363636364,3.269357713380421,125.01272727272726,16,2491.9999999999995,-968.22,0.625,2.280628186153593,155.74999999999997,29,3408.4000000000005,-1713.94,0.5862068965517241,1.9283146312234452,117.53103448275864,53,4198.000000000002,-4561.46,0.660377358490566,1.4706921798721353,79.20754716981135,0.5138888888888888,0.5694444444444444,0.5313575571558941,2371.1599999999994,2609.419999999999,3.4790834803602997
ST5_5 & ST5_10 & ST5_50,3,"ST5_5,ST5_10,ST5_50",652,24213.079999999994,-7751.839999999987,0.5797546012269938,1.1732760085262994,37.136625766871155,0.9348757321338258,1.2037103205443422,989.04,-3459.48,39,5760.560000000001,-1588.1999999999994,0.6666666666666666,2.39536956742904,147.7066666666667,8,102.09999999999991,-1588.2,0.5,1.0642866137766023,12.762499999999989,16,2491.9999999999995,-968.22,0.625,2.280628186153593,155.74999999999997,0,0.0,0.0,0.0,,0.0,3,-184.22000000000003,-222.24,0.3333333333333333,0.5359463952843971,-61.40666666666667,7,383.81999999999994,-222.24,0.5714285714285714,1.768839389447538,54.83142857142856,11,1375.1399999999999,-222.24,0.6363636363636364,3.269357713380421,125.01272727272726,16,2491.9999999999995,-968.22,0.625,2.280628186153593,155.74999999999997,27,2916.88,-1588.2,0.5925925925925926,1.8226156701054188,108.0325925925926,51,3706.4800000000005,-4561.46,0.6666666666666666,1.4215242964890413,72.67607843137256,0.5030864197530864,0.5416666666666666,0.42587079640573244,2496.8999999999996,2735.1599999999994,3.1235268013787736
ST5_5 & ST5_20 & ST15_10,3,"ST5_5,ST5_20,ST15_10",478,19306.019999999997,-5962.979999999978,0.5794979079497908,1.186409662471987,40.38916317991631,0.9983870779750239,1.2802721310566403,989.04,-3459.48,30,3816.4400000000005,-1587.1999999999998,0.6333333333333333,2.0047599490306345,127.21466666666669,7,-117.66000000000008,-1587.2,0.42857142857142855,0.9258694556451612,-16.80857142857144,11,1601.6799999999998,-861.48,0.6363636363636364,1.990562420374287,145.60727272727271,0,0.0,0.0,0.0,,0.0,2,38.01999999999998,-174.74,0.5,1.2175804051734003,19.00999999999999,4,332.53999999999996,-174.74,0.5,2.2005921005126723,83.13499999999999,7,1430.6,-174.74,0.7142857142857143,6.164993862372734,204.37142857142857,11,1601.6799999999998,-861.48,0.6363636363636364,1.990562420374287,145.60727272727271,21,1806.7999999999997,-1587.2,0.5714285714285714,1.561836884460863,86.03809523809522,39,1415.0600000000002,-3671.22,0.6410256410256411,1.1868603769797779,36.28358974358975,0.36882716049382713,0.4166666666666667,0.2737193969450777,2497.8999999999996,2515.3999999999996,3.237646277532386
ST5_5 & ST5_20 & ST15_20,3,"ST5_5,ST5_20,ST15_20",513,30428.099999999995,-5351.079999999996,0.6003898635477583,1.293986305160415,59.31403508771929,1.5117114589592524,1.9740284266653876,989.04,-3459.48,33,5277.5,-1587.1999999999996,0.6666666666666666,2.3894154319232515,159.92424242424244,8,103.09999999999991,-1587.2,0.5,1.0649571572580645,12.887499999999989,12,2547.460000000001,-861.48,0.6666666666666666,2.575482083441562,212.2883333333334,0,0.0,0.0,0.0,,0.0,2,38.01999999999998,-174.74,0.5,1.2175804051734003,19.00999999999999,4,332.53999999999996,-174.74,0.5,2.2005921005126723,83.13499999999999,7,1430.6,-174.74,0.7142857142857143,6.164993862372734,204.37142857142857,12,2547.460000000001,-861.48,0.6666666666666666,2.575482083441562,212.2883333333334,23,2973.34,-1587.2,0.6086956521739131,1.924580519173601,129.27565217391304,42,2876.120000000001,-3671.22,0.6666666666666666,1.3797951093516025,68.47904761904763,0.3958333333333333,0.4583333333333333,0.43534864326314116,2497.8999999999996,2736.1599999999994,5.686347428930238
ST5_5 & ST5_20 & ST15_5,3,"ST5_5,ST5_20,ST15_5",463,19571.320000000003,-6092.159999999978,0.5853131749460043,1.1941843092594766,42.270669546436295,1.0377898194155117,1.3307602248113375,989.04,-3459.48,28,2767.1600000000008,-1587.2,0.6071428571428571,1.7285144114828506,98.82714285714289,7,-117.66000000000008,-1587.2,0.42857142857142855,0.9258694556451612,-16.80857142857144,11,1601.6799999999998,-861.48,0.6363636363636364,1.990562420374287,145.60727272727271,0,0.0,0.0,0.0,,0.0,2,38.01999999999998,-174.74,0.5,1.2175804051734003,19.00999999999999,4,332.53999999999996,-174.74,0.5,2.2005921005126723,83.13499999999999,7,1430.6,-174.74,0.7142857142857143,6.164993862372734,204.37142857142857,11,1601.6799999999998,-861.48,0.6363636363636364,1.990562420374287,145.60727272727271,20,1610.0399999999997,-1587.2,0.55,1.5006530094406507,80.50199999999998,35,241.49999999999932,-3671.22,0.6285714285714286,1.0323311350839004,6.899999999999981,0.35725308641975306,0.3888888888888889,0.2737193969450777,2497.8999999999996,2515.3999999999996,3.2125420212207287
ST5_5 & ST5_20 & ST15_50,3,"ST5_5,ST5_20,ST15_50",528,28901.399999999994,-6974.300000000008,0.5871212121212122,1.2718768925807173,54.73749999999999,1.4057269371525367,1.8377402002117356,989.04,-3459.48,35,4527.26,-1713.9399999999996,0.6,2.0642159996991123,129.35028571428572,9,-23.6400000000001,-1713.94,0.4444444444444444,0.9862072184557219,-2.6266666666666776,14,2218.4800000000005,-968.22,0.5714285714285714,2.140067423121197,158.4628571428572,0,0.0,0.0,0.0,,0.0,3,-184.22000000000003,-222.24,0.3333333333333333,0.5359463952843971,-61.40666666666667,5,110.29999999999995,-324.48,0.4,1.2209446736909577,22.05999999999999,9,1101.62,-324.48,0.5555555555555556,2.8179747838141127,122.4022222222222,14,2218.4800000000005,-968.22,0.5714285714285714,2.140067423121197,158.4628571428572,26,2517.62,-1713.94,0.5384615384615384,1.685701056759996,96.83153846153846,45,2482.16,-3671.22,0.6222222222222222,1.3091670465613925,55.15911111111111,0.4074074074074074,0.4861111111111111,0.379127545910991,2371.1599999999994,2609.419999999999,4.143985776350309
ST5_5 & ST5_20 & ST5_50,3,"ST5_5,ST5_20,ST5_50",652,25481.759999999995,-7751.839999999993,0.5828220858895705,1.18280112324536,39.082453987730055,0.9821096627928626,1.267099100799283,989.04,-3459.48,39,5760.560000000001,-1588.1999999999994,0.6666666666666666,2.39536956742904,147.7066666666667,8,102.09999999999991,-1588.2,0.5,1.0642866137766023,12.762499999999989,16,2491.9999999999995,-968.22,0.625,2.280628186153593,155.74999999999997,0,0.0,0.0,0.0,,0.0,3,-184.22000000000003,-222.24,0.3333333333333333,0.5359463952843971,-61.40666666666667,7,383.81999999999994,-222.24,0.5714285714285714,1.768839389447538,54.83142857142856,11,1375.1399999999999,-222.24,0.6363636363636364,3.269357713380421,125.01272727272726,16,2491.9999999999995,-968.22,0.625,2.280628186153593,155.74999999999997,27,2916.88,-1588.2,0.5925925925925926,1.8226156701054188,108.0325925925926,51,3706.4800000000005,-4561.46,0.6666666666666666,1.4215242964890413,72.67607843137256,0.5030864197530864,0.5416666666666666,0.42587079640573244,2496.8999999999996,2735.1599999999994,3.287188590063781
ST5_5 & ST5_50 & ST15_10,3,"ST5_5,ST5_50,ST15_10",467,19474.559999999998,-5419.559999999998,0.5845824411134903,1.195051753231873,41.70141327623126,1.0357087046803575,1.326528360355469,989.04,-3459.48,29,3942.1800000000003,-1461.4599999999998,0.6551724137931034,2.0733971932843582,135.93724137931036,6,8.079999999999927,-1461.46,0.5,1.005528717857485,1.3466666666666545,11,1601.6799999999998,-861.48,0.6363636363636364,1.990562420374287,145.60727272727271,0,0.0,0.0,0.0,,0.0,2,38.01999999999998,-174.74,0.5,1.2175804051734003,19.00999999999999,4,332.53999999999996,-174.74,0.5,2.2005921005126723,83.13499999999999,7,1430.6,-174.74,0.7142857142857143,6.164993862372734,204.37142857142857,11,1601.6799999999998,-861.48,0.6363636363636364,1.990562420374287,145.60727272727271,20,1932.5399999999997,-1461.46,0.6,1.6253891409450705,96.62699999999998,38,1540.8,-3671.22,0.6578947368421053,1.2068998855927426,40.54736842105263,0.3603395061728395,0.4027777777777778,0.2737193969450777,2623.6399999999994,2641.1399999999994,3.593383964749907
ST5_5 & ST5_50 & ST15_20,3,"ST5_5,ST5_50,ST15_20",500,30225.57999999999,-5351.079999999996,0.604,1.3029310332731658,60.45115999999998,1.5463785435069213,2.017400816637559,989.04,-3459.48,32,5403.24,-1461.4599999999996,0.6875,2.4712221792616718,168.85125,7,228.83999999999992,-1461.46,0.5714285714285714,1.1565831428845126,32.69142857142856,12,2547.460000000001,-861.48,0.6666666666666666,2.575482083441562,212.2883333333334,0,0.0,0.0,0.0,,0.0,2,38.01999999999998,-174.74,0.5,1.2175804051734003,19.00999999999999,4,332.53999999999996,-174.74,0.5,2.2005921005126723,83.13499999999999,7,1430.6,-174.74,0.7142857142857143,6.164993862372734,204.37142857142857,12,2547.460000000001,-861.48,0.6666666666666666,2.575482083441562,212.2883333333334,22,3099.08,-1461.46,0.6363636363636364,2.0028930728057626,140.86727272727273,41,3001.8600000000006,-3671.22,0.6829268292682927,1.4030922186951131,73.21609756097563,0.38580246913580246,0.4444444444444444,0.43534864326314116,2623.6399999999994,2861.8999999999996,5.648500863377115
ST5_5 & ST5_50 & ST15_5,3,"ST5_5,ST5_50,ST15_5",454,18258.92,-6030.219999999974,0.5881057268722467,1.1852876929018845,40.21788546255506,0.9888665555228924,1.2628550722910696,989.04,-3459.48,27,2892.9000000000005,-1461.46,0.6296296296296297,1.7876937989772967,107.14444444444446,6,8.079999999999927,-1461.46,0.5,1.005528717857485,1.3466666666666545,11,1601.6799999999998,-861.48,0.6363636363636364,1.990562420374287,145.60727272727271,0,0.0,0.0,0.0,,0.0,2,38.01999999999998,-174.74,0.5,1.2175804051734003,19.00999999999999,4,332.53999999999996,-174.74,0.5,2.2005921005126723,83.13499999999999,7,1430.6,-174.74,0.7142857142857143,6.164993862372734,204.37142857142857,11,1601.6799999999998,-861.48,0.6363636363636364,1.990562420374287,145.60727272727271,19,1735.7799999999997,-1461.46,0.5789473684210527,1.5617156504236052,91.35684210526314,35,257.4999999999998,-3671.22,0.6285714285714286,1.0345471572049945,7.3571428571428505,0.35030864197530864,0.375,0.2737193969450777,2623.6399999999994,2641.1399999999994,3.027902796249569
ST5_5 & ST5_50 & ST15_50,3,"ST5_5,ST5_50,ST15_50",516,29047.939999999995,-7000.340000000009,0.5930232558139535,1.2833686601886891,56.29445736434108,1.452528365200796,1.8974478118430447,989.04,-3459.48,34,4653.0,-1588.1999999999996,0.6176470588235294,2.1270874007470315,136.85294117647058,8,102.09999999999991,-1588.2,0.5,1.0642866137766023,12.762499999999989,14,2218.4800000000005,-968.22,0.5714285714285714,2.140067423121197,158.4628571428572,0,0.0,0.0,0.0,,0.0,3,-184.22000000000003,-222.24,0.3333333333333333,0.5359463952843971,-61.40666666666667,5,110.29999999999995,-324.48,0.4,1.2209446736909577,22.05999999999999,9,1101.62,-324.48,0.5555555555555556,2.8179747838141127,122.4022222222222,14,2218.4800000000005,-968.22,0.5714285714285714,2.140067423121197,158.4628571428572,25,2643.3599999999997,-1588.2,0.56,1.7454778248436207,105.7344,44,2607.8999999999996,-3671.22,0.6363636363636364,1.3299969631016857,59.270454545454534,0.39814814814814814,0.4722222222222222,0.379127545910991,2496.8999999999996,2735.1599999999994,4.149504166940456
ST5_50 & ST15_10 & ST15_20,3,"ST5_50,ST15_10,ST15_20",527,13742.179999999995,-7818.32,0.571157495256167,1.1180508177115485,26.076242884250465,0.6373653751687564,0.8006446542122754,989.04,-3780.96,35,4113.0,-1461.4599999999998,0.6285714285714286,2.0006471484110806,117.51428571428572,6,8.079999999999927,-1461.46,0.5,1.005528717857485,1.3466666666666545,15,1761.9799999999998,-861.48,0.6,1.996640119462419,117.46533333333332,1,100.76,0.0,1.0,,100.76,3,138.77999999999997,-174.74,0.6666666666666666,1.7942085383999082,46.25999999999999,5,433.29999999999995,-174.74,0.6,2.564372878908224,86.66,8,1531.36,-174.74,0.75,6.528774640768286,191.42,13,1912.9599999999998,-861.48,0.6923076923076923,2.183074201887516,147.1507692307692,24,2092.84,-1461.46,0.5833333333333334,1.6457150614602363,87.20166666666667,44,1711.6200000000008,-3671.22,0.6363636363636364,1.217078429383117,38.900454545454565,0.4066358024691358,0.4861111111111111,0.30111389480376105,2623.6399999999994,2641.1399999999994,1.7576896315320933
ST5_50 & ST15_10 & ST15_50,3,"ST5_50,ST15_10,ST15_50",510,10745.099999999997,-8638.259999999984,0.5705882352941176,1.0937414939873396,21.06882352941176,0.5107435538631496,0.6375591060778927,989.04,-3780.96,34,3902.4799999999996,-1461.4599999999998,0.6176470588235294,1.949429974162722,114.77882352941175,6,8.079999999999927,-1461.46,0.5,1.005528717857485,1.3466666666666545,14,1551.4599999999998,-861.48,0.5714285714285714,1.877562333137246,110.81857142857142,1,100.76,0.0,1.0,,100.76,3,138.77999999999997,-174.74,0.6666666666666666,1.7942085383999082,46.25999999999999,5,433.29999999999995,-174.74,0.6,2.564372878908224,86.66,8,1531.36,-174.74,0.75,6.528774640768286,191.42,12,1702.4399999999998,-861.48,0.6666666666666666,2.052877657798063,141.86999999999998,23,1882.3199999999997,-1461.46,0.5652173913043478,1.5807622056573039,81.83999999999999,44,1706.6199999999994,-3671.22,0.6363636363636364,1.2164442978896102,38.78681818181817,0.39351851851851855,0.4722222222222222,0.26513704084736667,2623.6399999999994,2641.1399999999994,1.2438963402351881
ST5_50 & ST15_20 & ST15_50,3,"ST5_50,ST15_20,ST15_50",552,17908.339999999993,-7606.76,0.5815217391304348,1.1517472806671467,32.44264492753622,0.8054805615662263,1.0155369981214764,989.04,-3780.96,37,4517.540000000001,-1461.4599999999996,0.6216216216216216,1.9690507140987856,122.0956756756757,7,228.83999999999992,-1461.46,0.5714285714285714,1.1565831428845126,32.69142857142856,16,1945.7599999999998,-1387.2,0.5625,1.8389066137794259,121.60999999999999,1,100.76,0.0,1.0,,100.76,3,138.77999999999997,-174.74,0.6666666666666666,1.7942085383999082,46.25999999999999,5,433.29999999999995,-174.74,0.6,2.564372878908224,86.66,9,979.8799999999999,-551.48,0.6666666666666666,2.182772855659899,108.87555555555554,14,2096.74,-1387.2,0.6428571428571429,1.9669436732736276,149.76714285714283,26,2497.38,-1461.46,0.5769230769230769,1.6584875810789432,96.05307692307693,46,2116.1600000000003,-3671.22,0.6304347826086957,1.2508404178144872,46.00347826086957,0.42592592592592593,0.5138888888888888,0.33252101156276803,2623.6399999999994,2861.8999999999996,2.3542664682466636
ST5_50 & ST15_5 & ST15_10,3,"ST5_50,ST15_5,ST15_10",515,14851.939999999995,-8234.459999999968,0.5766990291262136,1.1310428679198667,28.83871844660193,0.7032676445904509,0.8841766676226546,989.04,-3780.96,32,3350.4599999999996,-1461.46,0.625,1.8762579767758139,104.70187499999999,6,8.079999999999927,-1461.46,0.5,1.005528717857485,1.3466666666666545,15,1761.9799999999998,-861.48,0.6,1.996640119462419,117.46533333333332,1,100.76,0.0,1.0,,100.76,3,138.77999999999997,-174.74,0.6666666666666666,1.7942085383999082,46.25999999999999,5,433.29999999999995,-174.74,0.6,2.564372878908224,86.66,8,1531.36,-174.74,0.75,6.528774640768286,191.42,13,1912.9599999999998,-861.48,0.6923076923076923,2.183074201887516,147.1507692307692,23,1896.0799999999997,-1461.46,0.5652173913043478,1.5850076516759641,82.4382608695652,40,1030.3199999999997,-3671.22,0.65,1.137470946600452,25.757999999999992,0.39737654320987653,0.4444444444444444,0.30111389480376105,2623.6399999999994,2641.1399999999994,1.803632539352921
ST5_50 & ST15_5 & ST15_20,3,"ST5_50,ST15_5,ST15_20",502,15431.739999999998,-7919.11999999997,0.5816733067729084,1.1406100567406494,30.74051792828685,0.7525991445662122,0.9477137437433389,989.04,-3780.96,32,3350.4599999999996,-1461.46,0.625,1.8762579767758139,104.70187499999999,6,8.079999999999927,-1461.46,0.5,1.005528717857485,1.3466666666666545,15,1761.9799999999998,-861.48,0.6,1.996640119462419,117.46533333333332,1,100.76,0.0,1.0,,100.76,3,138.77999999999997,-174.74,0.6666666666666666,1.7942085383999082,46.25999999999999,5,433.29999999999995,-174.74,0.6,2.564372878908224,86.66,8,1531.36,-174.74,0.75,6.528774640768286,191.42,13,1912.9599999999998,-861.48,0.6923076923076923,2.183074201887516,147.1507692307692,23,1896.0799999999997,-1461.46,0.5652173913043478,1.5850076516759641,82.4382608695652,39,824.7999999999995,-3671.22,0.6410256410256411,1.1100493407446745,21.148717948717938,0.3873456790123457,0.4444444444444444,0.30111389480376105,2623.6399999999994,2641.1399999999994,1.948668538928575
ST5_50 & ST15_5 & ST15_50,3,"ST5_50,ST15_5,ST15_50",494,13200.979999999998,-10272.059999999974,0.5789473684210527,1.1197284832144059,26.722631578947365,0.6488262139068669,0.8146609982070646,989.04,-3780.96,31,3139.9400000000005,-1461.46,0.6129032258064516,1.8211999163092378,101.28838709677422,6,8.079999999999927,-1461.46,0.5,1.005528717857485,1.3466666666666545,14,1551.4599999999998,-861.48,0.5714285714285714,1.877562333137246,110.81857142857142,1,100.76,0.0,1.0,,100.76,3,138.77999999999997,-174.74,0.6666666666666666,1.7942085383999082,46.25999999999999,5,433.29999999999995,-174.74,0.6,2.564372878908224,86.66,8,1531.36,-174.74,0.75,6.528774640768286,191.42,12,1702.4399999999998,-861.48,0.6666666666666666,2.052877657798063,141.86999999999998,22,1685.5599999999997,-1461.46,0.5454545454545454,1.5200547958730317,76.61636363636363,39,819.8000000000002,-3671.22,0.6410256410256411,1.10938221331533,21.020512820512824,0.38117283950617287,0.4305555555555556,0.26513704084736667,2623.6399999999994,2641.1399999999994,1.2851346273288933
ST15_5 & ST15_10 & ST15_20 & ST15_50,4,"ST15_5,ST15_10,ST15_20,ST15_50",576,16372.599999999995,-8675.019999999968,0.5763888888888888,1.127013310618861,28.42465277777777,0.6931064857888078,0.8760305783607016,989.04,-3780.96,36,2927.2799999999997,-1636.22,0.6111111111111112,1.5436170568375547,81.31333333333333,7,-117.66000000000008,-1587.2,0.42857142857142855,0.9258694556451612,-16.80857142857144,17,2900.02,-861.48,0.6470588235294118,2.640357029729852,170.5894117647059,1,100.76,0.0,1.0,,100.76,3,138.77999999999997,-174.74,0.6666666666666666,1.7942085383999082,46.25999999999999,5,433.29999999999995,-174.74,0.6,2.564372878908224,86.66,8,1531.36,-174.74,0.75,6.528774640768286,191.42,15,3051.000000000001,-861.48,0.7333333333333333,2.8868974730045642,203.40000000000006,26,2908.38,-1587.2,0.5769230769230769,1.8638256416958239,111.86076923076924,44,146.87999999999965,-4657.139999999999,0.6136363636363636,1.0157752626525383,3.3381818181818104,0.4444444444444444,0.5,0.49559944903392955,2497.8999999999996,2515.3999999999996,1.8873270609174453
ST5_10 & ST15_10 & ST15_20 & ST15_50,4,"ST5_10,ST15_10,ST15_20,ST15_50",479,13182.039999999999,-6487.42,0.5720250521920668,1.125009578158915,27.51991649269311,0.6886717594413563,0.8747180497719139,989.04,-3459.48,33,4199.74,-1587.1999999999998,0.6363636363636364,2.028062960515043,127.26484848484847,7,-117.66000000000008,-1587.2,0.42857142857142855,0.9258694556451612,-16.80857142857144,13,2271.7200000000003,-861.48,0.6923076923076923,2.404950090912464,174.74769230769232,0,0.0,0.0,0.0,,0.0,2,38.01999999999998,-174.74,0.5,1.2175804051734003,19.00999999999999,4,332.53999999999996,-174.74,0.5,2.2005921005126723,83.13499999999999,7,1430.6,-174.74,0.7142857142857143,6.164993862372734,204.37142857142857,13,2271.7200000000003,-861.48,0.6923076923076923,2.404950090912464,174.74769230769232,23,2476.84,-1587.2,0.6086956521739131,1.7701904299911688,107.68869565217392,43,1543.6199999999992,-3671.22,0.627906976744186,1.1902345242349923,35.898139534883704,0.36959876543209874,0.4583333333333333,0.3882260054618101,2497.8999999999996,2515.3999999999996,2.031938736816793
ST5_10 & ST15_5 & ST15_10 & ST15_20,4,"ST5_10,ST15_5,ST15_10,ST15_20",466,17937.36,-6161.26,0.5836909871244635,1.1775012809878835,38.49218884120172,0.9584682189457082,1.2257728230063762,989.04,-3459.48,30,3437.2000000000007,-1587.2,0.6333333333333333,1.9049168588548742,114.57333333333335,7,-117.66000000000008,-1587.2,0.42857142857142855,0.9258694556451612,-16.80857142857144,13,2271.7200000000003,-861.48,0.6923076923076923,2.404950090912464,174.74769230769232,0,0.0,0.0,0.0,,0.0,2,38.01999999999998,-174.74,0.5,1.2175804051734003,19.00999999999999,4,332.53999999999996,-174.74,0.5,2.2005921005126723,83.13499999999999,7,1430.6,-174.74,0.7142857142857143,6.164993862372734,204.37142857142857,13,2271.7200000000003,-861.48,0.6923076923076923,2.404950090912464,174.74769230769232,22,2280.08,-1587.2,0.5909090909090909,1.7090065549709565,103.64,38,656.7999999999997,-3671.22,0.631578947368421,1.085030138575305,17.284210526315782,0.3595679012345679,0.4166666666666667,0.3882260054618101,2497.8999999999996,2515.3999999999996,2.9113135949464883
ST5_10 & ST15_5 & ST15_10 & ST15_50,4,"ST5_10,ST15_5,ST15_10,ST15_50",461,15162.7,-7542.199999999972,0.579175704989154,1.1490356867080695,32.890889370932754,0.8150483190484522,1.0383256531581968,989.04,-3459.48,30,3437.2000000000007,-1587.2,0.6333333333333333,1.9049168588548742,114.57333333333335,7,-117.66000000000008,-1587.2,0.42857142857142855,0.9258694556451612,-16.80857142857144,13,2271.7200000000003,-861.48,0.6923076923076923,2.404950090912464,174.74769230769232,0,0.0,0.0,0.0,,0.0,2,38.01999999999998,-174.74,0.5,1.2175804051734003,19.00999999999999,4,332.53999999999996,-174.74,0.5,2.2005921005126723,83.13499999999999,7,1430.6,-174.74,0.7142857142857143,6.164993862372734,204.37142857142857,13,2271.7200000000003,-861.48,0.6923076923076923,2.404950090912464,174.74769230769232,22,2280.08,-1587.2,0.5909090909090909,1.7090065549709565,103.64,38,656.7999999999997,-3671.22,0.631578947368421,1.085030138575305,17.284210526315782,0.3557098765432099,0.4166666666666667,0.3882260054618101,2497.8999999999996,2515.3999999999996,2.0103815862745695
ST5_10 & ST15_5 & ST15_20 & ST15_50,4,"ST5_10,ST15_5,ST15_20,ST15_50",460,14441.339999999997,-7214.799999999974,0.5804347826086956,1.1423443115560832,31.39421739130434,0.7782974713947833,0.9888943341353961,989.04,-3459.48,30,3437.2000000000007,-1587.2,0.6333333333333333,1.9049168588548742,114.57333333333335,7,-117.66000000000008,-1587.2,0.42857142857142855,0.9258694556451612,-16.80857142857144,13,2271.7200000000003,-861.48,0.6923076923076923,2.404950090912464,174.74769230769232,0,0.0,0.0,0.0,,0.0,2,38.01999999999998,-174.74,0.5,1.2175804051734003,19.00999999999999,4,332.53999999999996,-174.74,0.5,2.2005921005126723,83.13499999999999,7,1430.6,-174.74,0.7142857142857143,6.164993862372734,204.37142857142857,13,2271.7200000000003,-861.48,0.6923076923076923,2.404950090912464,174.74769230769232,22,2280.08,-1587.2,0.5909090909090909,1.7090065549709565,103.64,38,656.7999999999997,-3671.22,0.631578947368421,1.085030138575305,17.284210526315782,0.3549382716049383,0.4166666666666667,0.3882260054618101,2497.8999999999996,2515.3999999999996,2.001627210733499
ST5_10 & ST5_20 & ST15_10 & ST15_20,4,"ST5_10,ST5_20,ST15_10,ST15_20",479,18235.479999999996,-6591.739999999999,0.5762004175365344,1.174804504018816,38.06989561586638,0.9480306059310319,1.2167567513632047,989.04,-3459.48,31,3529.7000000000007,-1587.1999999999998,0.6129032258064516,1.8640424958997335,113.86129032258067,7,-117.66000000000008,-1587.2,0.42857142857142855,0.9258694556451612,-16.80857142857144,11,1601.6799999999998,-861.48,0.6363636363636364,1.990562420374287,145.60727272727271,0,0.0,0.0,0.0,,0.0,2,38.01999999999998,-174.74,0.5,1.2175804051734003,19.00999999999999,4,332.53999999999996,-174.74,0.5,2.2005921005126723,83.13499999999999,7,1430.6,-174.74,0.7142857142857143,6.164993862372734,204.37142857142857,11,1601.6799999999998,-861.48,0.6363636363636364,1.990562420374287,145.60727272727271,21,1806.7999999999997,-1587.2,0.5714285714285714,1.561836884460863,86.03809523809522,40,1128.3199999999997,-3671.22,0.625,1.1435601992986888,28.20799999999999,0.36959876543209874,0.4305555555555556,0.2737193969450777,2497.8999999999996,2515.3999999999996,2.766413723842263
ST5_10 & ST5_20 & ST15_10 & ST15_50,4,"ST5_10,ST5_20,ST15_10,ST15_50",469,14932.659999999998,-7646.819999999976,0.5714285714285714,1.1439220118274533,31.83936034115138,0.7892412332600206,1.006898248423902,989.04,-3459.48,31,3529.7000000000007,-1587.1999999999998,0.6129032258064516,1.8640424958997335,113.86129032258067,7,-117.66000000000008,-1587.2,0.42857142857142855,0.9258694556451612,-16.80857142857144,11,1601.6799999999998,-861.48,0.6363636363636364,1.990562420374287,145.60727272727271,0,0.0,0.0,0.0,,0.0,2,38.01999999999998,-174.74,0.5,1.2175804051734003,19.00999999999999,4,332.53999999999996,-174.74,0.5,2.2005921005126723,83.13499999999999,7,1430.6,-174.74,0.7142857142857143,6.164993862372734,204.37142857142857,11,1601.6799999999998,-861.48,0.6363636363636364,1.990562420374287,145.60727272727271,21,1806.7999999999997,-1587.2,0.5714285714285714,1.561836884460863,86.03809523809522,40,1128.3199999999997,-3671.22,0.625,1.1435601992986888,28.20799999999999,0.3618827160493827,0.4305555555555556,0.2737193969450777,2497.8999999999996,2515.3999999999996,1.9527934487800216
ST5_10 & ST5_20 & ST15_20 & ST15_50,4,"ST5_10,ST5_20,ST15_20,ST15_50",509,21769.579999999994,-6636.819999999991,0.581532416502947,1.202893350412617,42.769312377210206,1.08503203541037,1.398913070561477,989.04,-3459.48,34,4144.76,-1587.1999999999998,0.6176470588235294,1.8939261265846805,121.90470588235294,8,103.09999999999991,-1587.2,0.5,1.0649571572580645,12.887499999999989,13,1995.9799999999998,-1387.2,0.6153846153846154,1.920476660425563,153.53692307692307,0,0.0,0.0,0.0,,0.0,2,38.01999999999998,-174.74,0.5,1.2175804051734003,19.00999999999999,4,332.53999999999996,-174.74,0.5,2.2005921005126723,83.13499999999999,8,879.1199999999999,-551.48,0.625,2.061149602877628,109.88999999999999,13,1995.9799999999998,-1387.2,0.6153846153846154,1.920476660425563,153.53692307692307,24,2421.8599999999997,-1587.2,0.5833333333333334,1.6428533508876244,100.91083333333331,43,1743.3799999999994,-3671.22,0.627906976744186,1.2072728223858167,40.543720930232546,0.39274691358024694,0.4722222222222222,0.3411033676604791,2497.8999999999996,2736.1599999999994,3.2801221066715724
ST5_10 & ST5_20 & ST15_5 & ST15_10,4,"ST5_10,ST5_20,ST15_5,ST15_10",464,18111.239999999998,-6600.779999999977,0.5797413793103449,1.1770846451627033,39.0328448275862,0.9552485339595247,1.2203731930775008,989.04,-3459.48,28,2767.1600000000008,-1587.2,0.6071428571428571,1.7285144114828506,98.82714285714289,7,-117.66000000000008,-1587.2,0.42857142857142855,0.9258694556451612,-16.80857142857144,11,1601.6799999999998,-861.48,0.6363636363636364,1.990562420374287,145.60727272727271,0,0.0,0.0,0.0,,0.0,2,38.01999999999998,-174.74,0.5,1.2175804051734003,19.00999999999999,4,332.53999999999996,-174.74,0.5,2.2005921005126723,83.13499999999999,7,1430.6,-174.74,0.7142857142857143,6.164993862372734,204.37142857142857,11,1601.6799999999998,-861.48,0.6363636363636364,1.990562420374287,145.60727272727271,20,1610.0399999999997,-1587.2,0.55,1.5006530094406507,80.50199999999998,35,241.49999999999932,-3671.22,0.6285714285714286,1.0323311350839004,6.899999999999981,0.35802469135802467,0.3888888888888889,0.2737193969450777,2497.8999999999996,2515.3999999999996,2.7438030050994064
ST5_10 & ST5_20 & ST15_5 & ST15_20,4,"ST5_10,ST5_20,ST15_5,ST15_20",455,19155.14,-6503.699999999979,0.5868131868131868,1.1934717620154125,42.09920879120879,1.0386445462785971,1.3307480713352842,989.04,-3459.48,28,2767.1600000000008,-1587.2,0.6071428571428571,1.7285144114828506,98.82714285714289,7,-117.66000000000008,-1587.2,0.42857142857142855,0.9258694556451612,-16.80857142857144,11,1601.6799999999998,-861.48,0.6363636363636364,1.990562420374287,145.60727272727271,0,0.0,0.0,0.0,,0.0,2,38.01999999999998,-174.74,0.5,1.2175804051734003,19.00999999999999,4,332.53999999999996,-174.74,0.5,2.2005921005126723,83.13499999999999,7,1430.6,-174.74,0.7142857142857143,6.164993862372734,204.37142857142857,11,1601.6799999999998,-861.48,0.6363636363636364,1.990562420374287,145.60727272727271,20,1610.0399999999997,-1587.2,0.55,1.5006530094406507,80.50199999999998,35,241.49999999999932,-3671.22,0.6285714285714286,1.0323311350839004,6.899999999999981,0.35108024691358025,0.3888888888888889,0.2737193969450777,2497.8999999999996,2515.3999999999996,2.945268078170897
ST5_10 & ST5_20 & ST15_5 & ST15_50,4,"ST5_10,ST5_20,ST15_5,ST15_50",452,16058.339999999997,-8701.839999999976,0.5796460176991151,1.1597777049450444,35.52730088495574,0.871885758669403,1.1128882023453122,989.04,-3459.48,28,2767.1600000000008,-1587.2,0.6071428571428571,1.7285144114828506,98.82714285714289,7,-117.66000000000008,-1587.2,0.42857142857142855,0.9258694556451612,-16.80857142857144,11,1601.6799999999998,-861.48,0.6363636363636364,1.990562420374287,145.60727272727271,0,0.0,0.0,0.0,,0.0,2,38.01999999999998,-174.74,0.5,1.2175804051734003,19.00999999999999,4,332.53999999999996,-174.74,0.5,2.2005921005126723,83.13499999999999,7,1430.6,-174.74,0.7142857142857143,6.164993862372734,204.37142857142857,11,1601.6799999999998,-861.48,0.6363636363636364,1.990562420374287,145.60727272727271,20,1610.0399999999997,-1587.2,0.55,1.5006530094406507,80.50199999999998,35,241.49999999999932,-3671.22,0.6285714285714286,1.0323311350839004,6.899999999999981,0.3487654320987654,0.3888888888888889,0.2737193969450777,2497.8999999999996,2515.3999999999996,1.8453959162659896
ST5_10 & ST5_20 & ST5_50 & ST15_10,4,"ST5_10,ST5_20,ST5_50,ST15_10",477,16449.399999999994,-6174.679999999977,0.5744234800838575,1.1565608429048322,34.485115303983214,0.8513652374389119,1.0866670935110394,989.04,-3459.48,30,3655.4400000000005,-1461.4599999999998,0.6333333333333333,1.9232401196152915,121.84800000000001,6,8.079999999999927,-1461.46,0.5,1.005528717857485,1.3466666666666545,11,1601.6799999999998,-861.48,0.6363636363636364,1.990562420374287,145.60727272727271,0,0.0,0.0,0.0,,0.0,2,38.01999999999998,-174.74,0.5,1.2175804051734003,19.00999999999999,4,332.53999999999996,-174.74,0.5,2.2005921005126723,83.13499999999999,7,1430.6,-174.74,0.7142857142857143,6.164993862372734,204.37142857142857,11,1601.6799999999998,-861.48,0.6363636363636364,1.990562420374287,145.60727272727271,20,1932.5399999999997,-1461.46,0.6,1.6253891409450705,96.62699999999998,39,1254.06,-3671.22,0.6410256410256411,1.1621527265956542,32.15538461538461,0.3680555555555556,0.4166666666666667,0.2737193969450777,2623.6399999999994,2641.1399999999994,2.66400849922588
ST5_10 & ST5_20 & ST5_50 & ST15_20,4,"ST5_10,ST5_20,ST5_50,ST15_20",516,27169.299999999996,-5849.960000000003,0.5930232558139535,1.2553988592579726,52.65368217054263,1.3415419820361716,1.7444514509390991,989.04,-3459.48,34,4565.02,-1461.4599999999996,0.6470588235294118,2.012011066674943,134.26529411764707,7,228.83999999999992,-1461.46,0.5714285714285714,1.1565831428845126,32.69142857142856,13,1995.9799999999998,-1387.2,0.6153846153846154,1.920476660425563,153.53692307692307,0,0.0,0.0,0.0,,0.0,2,38.01999999999998,-174.74,0.5,1.2175804051734003,19.00999999999999,4,332.53999999999996,-174.74,0.5,2.2005921005126723,83.13499999999999,8,879.1199999999999,-551.48,0.625,2.061149602877628,109.88999999999999,13,1995.9799999999998,-1387.2,0.6153846153846154,1.920476660425563,153.53692307692307,23,2547.6000000000004,-1461.46,0.6086956521739131,1.6995787589040043,110.76521739130436,43,2163.6400000000003,-3671.22,0.6511627906976745,1.2611420226183727,50.31720930232559,0.39814814814814814,0.4722222222222222,0.3411033676604791,2623.6399999999994,2861.8999999999996,4.644356542608835
ST5_10 & ST5_20 & ST5_50 & ST15_5,4,"ST5_10,ST5_20,ST5_50,ST15_5",461,17102.019999999993,-6881.699999999975,0.5835140997830802,1.166833447891777,37.09765726681127,0.9044602797091781,1.1527152475832532,989.04,-3459.48,27,2892.9000000000005,-1461.46,0.6296296296296297,1.7876937989772967,107.14444444444446,6,8.079999999999927,-1461.46,0.5,1.005528717857485,1.3466666666666545,11,1601.6799999999998,-861.48,0.6363636363636364,1.990562420374287,145.60727272727271,0,0.0,0.0,0.0,,0.0,2,38.01999999999998,-174.74,0.5,1.2175804051734003,19.00999999999999,4,332.53999999999996,-174.74,0.5,2.2005921005126723,83.13499999999999,7,1430.6,-174.74,0.7142857142857143,6.164993862372734,204.37142857142857,11,1601.6799999999998,-861.48,0.6363636363636364,1.990562420374287,145.60727272727271,19,1735.7799999999997,-1461.46,0.5789473684210527,1.5617156504236052,91.35684210526314,34,367.24,-3671.22,0.6470588235294118,1.050006536090111,10.801176470588235,0.3557098765432099,0.375,0.2737193969450777,2623.6399999999994,2641.1399999999994,2.4851446590232142
ST5_10 & ST5_20 & ST5_50 & ST15_50,4,"ST5_10,ST5_20,ST5_50,ST15_50",533,25355.719999999994,-7615.300000000007,0.5797373358348968,1.2321407742981916,47.57170731707316,1.2247741692634635,1.5929241567638415,989.04,-3459.48,37,3924.04,-1588.1999999999996,0.5945945945945946,1.7900921362069524,106.05513513513513,8,102.09999999999991,-1588.2,0.5,1.0642866137766023,12.762499999999989,16,1776.26,-1384.68,0.5625,1.711243693441179,111.01625,0,0.0,0.0,0.0,,0.0,3,-184.22000000000003,-222.24,0.3333333333333333,0.5359463952843971,-61.40666666666667,5,110.29999999999995,-324.48,0.4,1.2209446736909577,22.05999999999999,11,659.3999999999999,-551.48,0.5454545454545454,1.5697055570915122,59.94545454545453,16,1776.26,-1384.68,0.5625,1.711243693441179,111.01625,27,2201.1400000000003,-1588.2,0.5555555555555556,1.5372119472633465,81.52370370370372,47,1878.9399999999994,-3671.22,0.6170212765957447,1.2149566068948479,39.97744680851063,0.4112654320987654,0.5138888888888888,0.30355427801911977,2496.8999999999996,2735.1599999999994,3.3295759851877107
ST5_10 & ST5_50 & ST15_10 & ST15_20,4,"ST5_10,ST5_50,ST15_10,ST15_20",468,16644.219999999994,-6385.42,0.5769230769230769,1.164149329337942,35.56457264957264,0.8901233903762958,1.1384246535750813,989.04,-3459.48,30,3655.4400000000005,-1461.4599999999998,0.6333333333333333,1.9232401196152915,121.84800000000001,6,8.079999999999927,-1461.46,0.5,1.005528717857485,1.3466666666666545,11,1601.6799999999998,-861.48,0.6363636363636364,1.990562420374287,145.60727272727271,0,0.0,0.0,0.0,,0.0,2,38.01999999999998,-174.74,0.5,1.2175804051734003,19.00999999999999,4,332.53999999999996,-174.74,0.5,2.2005921005126723,83.13499999999999,7,1430.6,-174.74,0.7142857142857143,6.164993862372734,204.37142857142857,11,1601.6799999999998,-861.48,0.6363636363636364,1.990562420374287,145.60727272727271,20,1932.5399999999997,-1461.46,0.6,1.6253891409450705,96.62699999999998,39,1254.06,-3671.22,0.6410256410256411,1.1621527265956542,32.15538461538461,0.3611111111111111,0.4166666666666667,0.2737193969450777,2623.6399999999994,2641.1399999999994,2.6065975299980257
ST5_10 & ST5_50 & ST15_10 & ST15_50,4,"ST5_10,ST5_50,ST15_10,ST15_50",457,13410.640000000001,-8141.519999999978,0.5733041575492341,1.1330902294798755,29.344945295404816,0.7303041639714932,0.9282056512183924,989.04,-3459.48,30,3655.4400000000005,-1461.4599999999998,0.6333333333333333,1.9232401196152915,121.84800000000001,6,8.079999999999927,-1461.46,0.5,1.005528717857485,1.3466666666666545,11,1601.6799999999998,-861.48,0.6363636363636364,1.990562420374287,145.60727272727271,0,0.0,0.0,0.0,,0.0,2,38.01999999999998,-174.74,0.5,1.2175804051734003,19.00999999999999,4,332.53999999999996,-174.74,0.5,2.2005921005126723,83.13499999999999,7,1430.6,-174.74,0.7142857142857143,6.164993862372734,204.37142857142857,11,1601.6799999999998,-861.48,0.6363636363636364,1.990562420374287,145.60727272727271,20,1932.5399999999997,-1461.46,0.6,1.6253891409450705,96.62699999999998,39,1254.06,-3671.22,0.6410256410256411,1.1621527265956542,32.15538461538461,0.35262345679012347,0.4166666666666667,0.2737193969450777,2623.6399999999994,2641.1399999999994,1.6471911878862961
ST5_10 & ST5_50 & ST15_20 & ST15_50,4,"ST5_10,ST5_50,ST15_20,ST15_50",496,20664.799999999996,-7131.519999999982,0.5846774193548387,1.1989166278583772,41.662903225806446,1.0610688915473432,1.3637937754233171,989.04,-3459.48,33,4270.5,-1461.4599999999998,0.6363636363636364,1.9467194580166882,129.4090909090909,7,228.83999999999992,-1461.46,0.5714285714285714,1.1565831428845126,32.69142857142856,13,1995.9799999999998,-1387.2,0.6153846153846154,1.920476660425563,153.53692307692307,0,0.0,0.0,0.0,,0.0,2,38.01999999999998,-174.74,0.5,1.2175804051734003,19.00999999999999,4,332.53999999999996,-174.74,0.5,2.2005921005126723,83.13499999999999,8,879.1199999999999,-551.48,0.625,2.061149602877628,109.88999999999999,13,1995.9799999999998,-1387.2,0.6153846153846154,1.920476660425563,153.53692307692307,23,2547.6000000000004,-1461.46,0.6086956521739131,1.6995787589040043,110.76521739130436,42,1869.1199999999994,-3671.22,0.6428571428571429,1.225594728012263,44.50285714285713,0.38271604938271603,0.4583333333333333,0.3411033676604791,2623.6399999999994,2861.8999999999996,2.8976711837027795
ST5_10 & ST5_50 & ST15_5 & ST15_10,4,"ST5_10,ST5_50,ST15_5,ST15_10",454,15148.779999999999,-7036.199999999972,0.579295154185022,1.1504000765662574,33.36735682819383,0.8170028257101762,1.0370923046521094,989.04,-3459.48,27,2892.9000000000005,-1461.46,0.6296296296296297,1.7876937989772967,107.14444444444446,6,8.079999999999927,-1461.46,0.5,1.005528717857485,1.3466666666666545,11,1601.6799999999998,-861.48,0.6363636363636364,1.990562420374287,145.60727272727271,0,0.0,0.0,0.0,,0.0,2,38.01999999999998,-174.74,0.5,1.2175804051734003,19.00999999999999,4,332.53999999999996,-174.74,0.5,2.2005921005126723,83.13499999999999,7,1430.6,-174.74,0.7142857142857143,6.164993862372734,204.37142857142857,11,1601.6799999999998,-861.48,0.6363636363636364,1.990562420374287,145.60727272727271,19,1735.7799999999997,-1461.46,0.5789473684210527,1.5617156504236052,91.35684210526314,34,367.24,-3671.22,0.6470588235294118,1.050006536090111,10.801176470588235,0.35030864197530864,0.375,0.2737193969450777,2623.6399999999994,2641.1399999999994,2.1529774594241293
ST5_10 & ST5_50 & ST15_5 & ST15_20,4,"ST5_10,ST5_50,ST15_5,ST15_20",445,16192.679999999997,-6939.1199999999735,0.5865168539325842,1.166153478651324,36.38804494382022,0.8983309678573742,1.1434346575445722,989.04,-3459.48,27,2892.9000000000005,-1461.46,0.6296296296296297,1.7876937989772967,107.14444444444446,6,8.079999999999927,-1461.46,0.5,1.005528717857485,1.3466666666666545,11,1601.6799999999998,-861.48,0.6363636363636364,1.990562420374287,145.60727272727271,0,0.0,0.0,0.0,,0.0,2,38.01999999999998,-174.74,0.5,1.2175804051734003,19.00999999999999,4,332.53999999999996,-174.74,0.5,2.2005921005126723,83.13499999999999,7,1430.6,-174.74,0.7142857142857143,6.164993862372734,204.37142857142857,11,1601.6799999999998,-861.48,0.6363636363636364,1.990562420374287,145.60727272727271,19,1735.7799999999997,-1461.46,0.5789473684210527,1.5617156504236052,91.35684210526314,34,367.24,-3671.22,0.6470588235294118,1.050006536090111,10.801176470588235,0.3433641975308642,0.375,0.2737193969450777,2623.6399999999994,2641.1399999999994,2.333535088022697
ST5_10 & ST5_50 & ST15_5 & ST15_50,4,"ST5_10,ST5_50,ST15_5,ST15_50",441,13165.119999999997,-9196.539999999975,0.5804988662131519,1.1331373321564635,29.852879818594097,0.7322759836356711,0.9284642452239663,989.04,-3459.48,27,2892.9000000000005,-1461.46,0.6296296296296297,1.7876937989772967,107.14444444444446,6,8.079999999999927,-1461.46,0.5,1.005528717857485,1.3466666666666545,11,1601.6799999999998,-861.48,0.6363636363636364,1.990562420374287,145.60727272727271,0,0.0,0.0,0.0,,0.0,2,38.01999999999998,-174.74,0.5,1.2175804051734003,19.00999999999999,4,332.53999999999996,-174.74,0.5,2.2005921005126723,83.13499999999999,7,1430.6,-174.74,0.7142857142857143,6.164993862372734,204.37142857142857,11,1601.6799999999998,-861.48,0.6363636363636364,1.990562420374287,145.60727272727271,19,1735.7799999999997,-1461.46,0.5789473684210527,1.5617156504236052,91.35684210526314,34,367.24,-3671.22,0.6470588235294118,1.050006536090111,10.801176470588235,0.3402777777777778,0.375,0.2737193969450777,2623.6399999999994,2641.1399999999994,1.431529683989852
ST5_20 & ST15_10 & ST15_20 & ST15_50,4,"ST5_20,ST15_10,ST15_20,ST15_50",487,17079.519999999997,-5849.9599999999955,0.5728952772073922,1.1627873019286075,35.07088295687884,0.8808155437915663,1.1290710291287656,989.04,-3459.48,32,3470.46,-1587.1999999999998,0.59375,1.8373975108219889,108.451875,7,-117.66000000000008,-1587.2,0.42857142857142855,0.9258694556451612,-16.80857142857144,12,1542.4399999999998,-861.48,0.5833333333333334,1.9202114331396387,128.53666666666666,0,0.0,0.0,0.0,,0.0,2,38.01999999999998,-174.74,0.5,1.2175804051734003,19.00999999999999,4,332.53999999999996,-174.74,0.5,2.2005921005126723,83.13499999999999,7,1430.6,-174.74,0.7142857142857143,6.164993862372734,204.37142857142857,11,1601.6799999999998,-861.48,0.6363636363636364,1.990562420374287,145.60727272727271,22,1747.5599999999997,-1587.2,0.5454545454545454,1.5335865556071229,79.43454545454544,41,1069.080000000001,-3671.22,0.6097560975609756,1.135005303833914,26.07512195121954,0.3757716049382716,0.4444444444444444,0.26359556629536834,2497.8999999999996,2515.3999999999996,2.9195960314258578
ST5_20 & ST15_5 & ST15_10 & ST15_20,4,"ST5_20,ST15_5,ST15_10,ST15_20",476,21780.639999999992,-6403.18,0.5840336134453782,1.216098058409053,45.757647058823515,1.1460227091539088,1.4792254715077437,989.04,-3459.48,30,2918.4400000000005,-1587.2,0.6,1.7565429282455416,97.28133333333335,7,-117.66000000000008,-1587.2,0.42857142857142855,0.9258694556451612,-16.80857142857144,13,1752.9599999999998,-861.48,0.6153846153846154,2.0458065362908515,134.84307692307692,0,0.0,0.0,0.0,,0.0,2,38.01999999999998,-174.74,0.5,1.2175804051734003,19.00999999999999,4,332.53999999999996,-174.74,0.5,2.2005921005126723,83.13499999999999,7,1430.6,-174.74,0.7142857142857143,6.164993862372734,204.37142857142857,12,1812.1999999999998,-861.48,0.6666666666666666,2.12075896446374,151.01666666666665,22,1761.3199999999997,-1587.2,0.5454545454545454,1.5377879283812503,80.05999999999999,37,392.7799999999993,-3671.22,0.6216216216216216,1.052170194001185,10.615675675675657,0.36728395061728397,0.4166666666666667,0.2995724202517627,2497.8999999999996,2515.3999999999996,3.401534862365261
ST5_20 & ST15_5 & ST15_10 & ST15_50,4,"ST5_20,ST15_5,ST15_10,ST15_50",470,19265.699999999997,-6619.299999999979,0.5808510638297872,1.1903542466079344,40.99085106382978,1.020815066884174,1.3126511078159997,989.04,-3459.48,29,2707.92,-1587.2,0.5862068965517241,1.701970136872667,93.37655172413794,7,-117.66000000000008,-1587.2,0.42857142857142855,0.9258694556451612,-16.80857142857144,12,1542.4399999999998,-861.48,0.5833333333333334,1.9202114331396387,128.53666666666666,0,0.0,0.0,0.0,,0.0,2,38.01999999999998,-174.74,0.5,1.2175804051734003,19.00999999999999,4,332.53999999999996,-174.74,0.5,2.2005921005126723,83.13499999999999,7,1430.6,-174.74,0.7142857142857143,6.164993862372734,204.37142857142857,11,1601.6799999999998,-861.48,0.6363636363636364,1.990562420374287,145.60727272727271,21,1550.7999999999997,-1587.2,0.5238095238095238,1.4735093675956912,73.84761904761903,37,387.77999999999975,-3671.22,0.6216216216216216,1.0515060793059205,10.480540540540535,0.3626543209876543,0.4027777777777778,0.26359556629536834,2497.8999999999996,2515.3999999999996,2.910534346532119
ST5_20 & ST15_5 & ST15_20 & ST15_50,4,"ST5_20,ST15_5,ST15_20,ST15_50",469,19171.86,-6403.18,0.582089552238806,1.1899622470561682,40.87816631130064,1.0168194255648633,1.3061726112556102,989.04,-3459.48,29,2707.92,-1587.2,0.5862068965517241,1.701970136872667,93.37655172413794,7,-117.66000000000008,-1587.2,0.42857142857142855,0.9258694556451612,-16.80857142857144,12,1542.4399999999998,-861.48,0.5833333333333334,1.9202114331396387,128.53666666666666,0,0.0,0.0,0.0,,0.0,2,38.01999999999998,-174.74,0.5,1.2175804051734003,19.00999999999999,4,332.53999999999996,-174.74,0.5,2.2005921005126723,83.13499999999999,7,1430.6,-174.74,0.7142857142857143,6.164993862372734,204.37142857142857,11,1601.6799999999998,-861.48,0.6363636363636364,1.990562420374287,145.60727272727271,21,1550.7999999999997,-1587.2,0.5238095238095238,1.4735093675956912,73.84761904761903,36,182.25999999999954,-3671.22,0.6111111111111112,1.0242083088717755,5.0627777777777645,0.3618827160493827,0.4027777777777778,0.26359556629536834,2497.8999999999996,2515.3999999999996,2.99411542389875
ST5_20 & ST5_50 & ST15_10 & ST15_20,4,"ST5_20,ST5_50,ST15_10,ST15_20",487,20123.0,-6164.6400000000285,0.5790554414784395,1.1945741627016326,41.32032854209446,1.0414369203414653,1.3428829895458385,989.04,-3459.48,32,3806.72,-1461.4599999999998,0.625,1.9472751704573736,118.96,6,8.079999999999927,-1461.46,0.5,1.005528717857485,1.3466666666666545,13,1752.9599999999998,-861.48,0.6153846153846154,2.0458065362908515,134.84307692307692,0,0.0,0.0,0.0,,0.0,2,38.01999999999998,-174.74,0.5,1.2175804051734003,19.00999999999999,4,332.53999999999996,-174.74,0.5,2.2005921005126723,83.13499999999999,7,1430.6,-174.74,0.7142857142857143,6.164993862372734,204.37142857142857,12,1812.1999999999998,-861.48,0.6666666666666666,2.12075896446374,151.01666666666665,22,2083.8199999999997,-1461.46,0.5909090909090909,1.6616603902990432,94.7190909090909,41,1405.34,-3671.22,0.6341463414634146,1.1803322443302122,34.276585365853656,0.3757716049382716,0.4444444444444444,0.2995724202517627,2623.6399999999994,2641.1399999999994,3.2642619844792082
ST5_20 & ST5_50 & ST15_10 & ST15_50,4,"ST5_20,ST5_50,ST15_10,ST15_50",476,16986.659999999993,-6988.599999999977,0.5756302521008403,1.1654246503731114,35.68626050420166,0.8946285730457877,1.1466993781271577,989.04,-3459.48,31,3596.2000000000007,-1461.4599999999998,0.6129032258064516,1.8948887672323698,116.00645161290325,6,8.079999999999927,-1461.46,0.5,1.005528717857485,1.3466666666666545,12,1542.4399999999998,-861.48,0.5833333333333334,1.9202114331396387,128.53666666666666,0,0.0,0.0,0.0,,0.0,2,38.01999999999998,-174.74,0.5,1.2175804051734003,19.00999999999999,4,332.53999999999996,-174.74,0.5,2.2005921005126723,83.13499999999999,7,1430.6,-174.74,0.7142857142857143,6.164993862372734,204.37142857142857,11,1601.6799999999998,-861.48,0.6363636363636364,1.990562420374287,145.60727272727271,21,1873.3,-1461.46,0.5714285714285714,1.5948154874927765,89.20476190476191,41,1400.34,-3671.22,0.6341463414634146,1.1796906478328157,34.154634146341465,0.36728395061728397,0.4305555555555556,0.26359556629536834,2623.6399999999994,2641.1399999999994,2.4306241593452262
ST5_20 & ST5_50 & ST15_20 & ST15_50,4,"ST5_20,ST5_50,ST15_20,ST15_50",517,23931.639999999996,-5978.600000000008,0.586073500967118,1.2256113667906612,46.289439071566726,1.1884863780359696,1.5394782218675191,989.04,-3459.48,34,4211.26,-1461.4599999999998,0.6176470588235294,1.9214849630641035,123.86058823529413,7,228.83999999999992,-1461.46,0.5714285714285714,1.1565831428845126,32.69142857142856,14,1936.7399999999996,-1387.2,0.5714285714285714,1.8694055645834642,138.33857142857138,0,0.0,0.0,0.0,,0.0,2,38.01999999999998,-174.74,0.5,1.2175804051734003,19.00999999999999,4,332.53999999999996,-174.74,0.5,2.2005921005126723,83.13499999999999,8,879.1199999999999,-551.48,0.625,2.061149602877628,109.88999999999999,13,1995.9799999999998,-1387.2,0.6153846153846154,1.920476660425563,153.53692307692307,24,2488.3599999999997,-1461.46,0.5833333333333334,1.6723734483336308,103.68166666666666,43,1809.8799999999994,-3671.22,0.627906976744186,1.2168939210549652,42.09023255813952,0.39891975308641975,0.4722222222222222,0.33097953701076976,2623.6399999999994,2861.8999999999996,4.002883618238378
ST5_20 & ST5_50 & ST15_5 & ST15_10,4,"ST5_20,ST5_50,ST15_5,ST15_10",476,18897.64,-6214.48,0.5819327731092437,1.183351043310402,39.700924369747895,0.9820430610792431,1.2571536715419669,989.04,-3459.48,29,3044.1800000000003,-1461.46,0.6206896551724138,1.8157272780865308,104.97172413793105,6,8.079999999999927,-1461.46,0.5,1.005528717857485,1.3466666666666545,13,1752.9599999999998,-861.48,0.6153846153846154,2.0458065362908515,134.84307692307692,0,0.0,0.0,0.0,,0.0,2,38.01999999999998,-174.74,0.5,1.2175804051734003,19.00999999999999,4,332.53999999999996,-174.74,0.5,2.2005921005126723,83.13499999999999,7,1430.6,-174.74,0.7142857142857143,6.164993862372734,204.37142857142857,12,1812.1999999999998,-861.48,0.6666666666666666,2.12075896446374,151.01666666666665,21,1887.0599999999997,-1461.46,0.5714285714285714,1.5991846014136117,89.85999999999999,37,724.0399999999997,-3671.22,0.6486486486486487,1.0978025362416723,19.56864864864864,0.36728395061728397,0.4027777777777778,0.2995724202517627,2623.6399999999994,2641.1399999999994,3.0409044682740953
ST5_20 & ST5_50 & ST15_5 & ST15_20,4,"ST5_20,ST5_50,ST15_5,ST15_20",464,19671.46,-6214.48,0.5883620689655172,1.197742743621184,42.39538793103448,1.054747726639901,1.3538445989060148,989.04,-3459.48,29,3044.1800000000003,-1461.46,0.6206896551724138,1.8157272780865308,104.97172413793105,6,8.079999999999927,-1461.46,0.5,1.005528717857485,1.3466666666666545,13,1752.9599999999998,-861.48,0.6153846153846154,2.0458065362908515,134.84307692307692,0,0.0,0.0,0.0,,0.0,2,38.01999999999998,-174.74,0.5,1.2175804051734003,19.00999999999999,4,332.53999999999996,-174.74,0.5,2.2005921005126723,83.13499999999999,7,1430.6,-174.74,0.7142857142857143,6.164993862372734,204.37142857142857,12,1812.1999999999998,-861.48,0.6666666666666666,2.12075896446374,151.01666666666665,21,1887.0599999999997,-1461.46,0.5714285714285714,1.5991846014136117,89.85999999999999,36,518.5199999999995,-3671.22,0.6388888888888888,1.0700411180211482,14.40333333333332,0.35802469135802467,0.4027777777777778,0.2995724202517627,2623.6399999999994,2641.1399999999994,3.1654233338911704
ST5_20 & ST5_50 & ST15_5 & ST15_50,4,"ST5_20,ST5_50,ST15_5,ST15_50",460,16741.139999999996,-8043.619999999977,0.5826086956521739,1.166073808332925,36.393782608695645,0.899846611198092,1.1506792360334521,989.04,-3459.48,28,2833.6600000000008,-1461.46,0.6071428571428571,1.7593157299577156,101.20214285714289,6,8.079999999999927,-1461.46,0.5,1.005528717857485,1.3466666666666545,12,1542.4399999999998,-861.48,0.5833333333333334,1.9202114331396387,128.53666666666666,0,0.0,0.0,0.0,,0.0,2,38.01999999999998,-174.74,0.5,1.2175804051734003,19.00999999999999,4,332.53999999999996,-174.74,0.5,2.2005921005126723,83.13499999999999,7,1430.6,-174.74,0.7142857142857143,6.164993862372734,204.37142857142857,11,1601.6799999999998,-861.48,0.6363636363636364,1.990562420374287,145.60727272727271,20,1676.5399999999997,-1461.46,0.55,1.532339698607345,83.82699999999998,36,513.52,-3671.22,0.6388888888888888,1.069365723455643,14.264444444444443,0.3549382716049383,0.3888888888888889,0.26359556629536834,2623.6399999999994,2641.1399999999994,2.0812942431392885
ST5_5 & ST15_10 & ST15_20 & ST15_50,4,"ST5_5,ST15_10,ST15_20,ST15_50",467,16236.18,-6092.22,0.5802997858672377,1.1626947385128927,34.766980728051394,0.8744412322146471,1.1152619650647853,989.04,-3459.48,32,4486.48,-1587.1999999999998,0.65625,2.1811623964026583,140.2025,7,-117.66000000000008,-1587.2,0.42857142857142855,0.9258694556451612,-16.80857142857144,13,2271.7200000000003,-861.48,0.6923076923076923,2.404950090912464,174.74769230769232,0,0.0,0.0,0.0,,0.0,2,38.01999999999998,-174.74,0.5,1.2175804051734003,19.00999999999999,4,332.53999999999996,-174.74,0.5,2.2005921005126723,83.13499999999999,7,1430.6,-174.74,0.7142857142857143,6.164993862372734,204.37142857142857,13,2271.7200000000003,-861.48,0.6923076923076923,2.404950090912464,174.74769230769232,23,2476.84,-1587.2,0.6086956521739131,1.7701904299911688,107.68869565217392,42,1830.3599999999997,-3671.22,0.6428571428571429,1.2338353203297072,43.57999999999999,0.3603395061728395,0.4444444444444444,0.3882260054618101,2497.8999999999996,2515.3999999999996,2.665067906280469
ST5_5 & ST15_5 & ST15_10 & ST15_20,4,"ST5_5,ST15_5,ST15_10,ST15_20",455,19422.759999999995,-5919.34,0.589010989010989,1.2021100958481747,42.6873846153846,1.0707663671304986,1.3723470171034544,989.04,-3459.48,30,3437.2000000000007,-1587.2,0.6333333333333333,1.9049168588548742,114.57333333333335,7,-117.66000000000008,-1587.2,0.42857142857142855,0.9258694556451612,-16.80857142857144,13,2271.7200000000003,-861.48,0.6923076923076923,2.404950090912464,174.74769230769232,0,0.0,0.0,0.0,,0.0,2,38.01999999999998,-174.74,0.5,1.2175804051734003,19.00999999999999,4,332.53999999999996,-174.74,0.5,2.2005921005126723,83.13499999999999,7,1430.6,-174.74,0.7142857142857143,6.164993862372734,204.37142857142857,13,2271.7200000000003,-861.48,0.6923076923076923,2.404950090912464,174.74769230769232,22,2280.08,-1587.2,0.5909090909090909,1.7090065549709565,103.64,38,656.7999999999997,-3671.22,0.631578947368421,1.085030138575305,17.284210526315782,0.35108024691358025,0.4166666666666667,0.3882260054618101,2497.8999999999996,2515.3999999999996,3.281237435254605
ST5_5 & ST15_5 & ST15_10 & ST15_50,4,"ST5_5,ST15_5,ST15_10,ST15_50",451,17518.879999999997,-6328.319999999974,0.5853658536585366,1.1810104583618335,38.844523281596445,0.9687461518509255,1.2390164926374523,989.04,-3459.48,30,3437.2000000000007,-1587.2,0.6333333333333333,1.9049168588548742,114.57333333333335,7,-117.66000000000008,-1587.2,0.42857142857142855,0.9258694556451612,-16.80857142857144,13,2271.7200000000003,-861.48,0.6923076923076923,2.404950090912464,174.74769230769232,0,0.0,0.0,0.0,,0.0,2,38.01999999999998,-174.74,0.5,1.2175804051734003,19.00999999999999,4,332.53999999999996,-174.74,0.5,2.2005921005126723,83.13499999999999,7,1430.6,-174.74,0.7142857142857143,6.164993862372734,204.37142857142857,13,2271.7200000000003,-861.48,0.6923076923076923,2.404950090912464,174.74769230769232,22,2280.08,-1587.2,0.5909090909090909,1.7090065549709565,103.64,38,656.7999999999997,-3671.22,0.631578947368421,1.085030138575305,17.284210526315782,0.3479938271604938,0.4166666666666667,0.3882260054618101,2497.8999999999996,2515.3999999999996,2.768330299352762
ST5_5 & ST15_5 & ST15_20 & ST15_50,4,"ST5_5,ST15_5,ST15_20,ST15_50",450,16797.519999999997,-6000.919999999975,0.5866666666666667,1.174069981904412,37.32782222222222,0.931331319704108,1.1879293174926404,989.04,-3459.48,30,3437.2000000000007,-1587.2,0.6333333333333333,1.9049168588548742,114.57333333333335,7,-117.66000000000008,-1587.2,0.42857142857142855,0.9258694556451612,-16.80857142857144,13,2271.7200000000003,-861.48,0.6923076923076923,2.404950090912464,174.74769230769232,0,0.0,0.0,0.0,,0.0,2,38.01999999999998,-174.74,0.5,1.2175804051734003,19.00999999999999,4,332.53999999999996,-174.74,0.5,2.2005921005126723,83.13499999999999,7,1430.6,-174.74,0.7142857142857143,6.164993862372734,204.37142857142857,13,2271.7200000000003,-861.48,0.6923076923076923,2.404950090912464,174.74769230769232,22,2280.08,-1587.2,0.5909090909090909,1.7090065549709565,103.64,38,656.7999999999997,-3671.22,0.631578947368421,1.085030138575305,17.284210526315782,0.3472222222222222,0.4166666666666667,0.3882260054618101,2497.8999999999996,2515.3999999999996,2.7991574625224245
ST5_5 & ST5_10 & ST15_10 & ST15_20,4,"ST5_5,ST5_10,ST15_10,ST15_20",475,18807.179999999997,-6196.539999999999,0.5810526315789474,1.1851787158859703,39.59406315789473,0.9936305274930554,1.274349036692834,989.04,-3459.48,32,4486.48,-1587.1999999999998,0.65625,2.1811623964026583,140.2025,7,-117.66000000000008,-1587.2,0.42857142857142855,0.9258694556451612,-16.80857142857144,13,2271.7200000000003,-861.48,0.6923076923076923,2.404950090912464,174.74769230769232,0,0.0,0.0,0.0,,0.0,2,38.01999999999998,-174.74,0.5,1.2175804051734003,19.00999999999999,4,332.53999999999996,-174.74,0.5,2.2005921005126723,83.13499999999999,7,1430.6,-174.74,0.7142857142857143,6.164993862372734,204.37142857142857,13,2271.7200000000003,-861.48,0.6923076923076923,2.404950090912464,174.74769230769232,23,2476.84,-1587.2,0.6086956521739131,1.7701904299911688,107.68869565217392,42,1830.3599999999997,-3671.22,0.6428571428571429,1.2338353203297072,43.57999999999999,0.36651234567901236,0.4444444444444444,0.3882260054618101,2497.8999999999996,2515.3999999999996,3.035109916179029
ST5_5 & ST5_10 & ST15_10 & ST15_50,4,"ST5_5,ST5_10,ST15_10,ST15_50",465,16444.379999999994,-6407.039999999975,0.578494623655914,1.162930146354339,35.364258064516115,0.8818217431332573,1.1261380221836643,989.04,-3459.48,32,4486.48,-1587.1999999999998,0.65625,2.1811623964026583,140.2025,7,-117.66000000000008,-1587.2,0.42857142857142855,0.9258694556451612,-16.80857142857144,13,2271.7200000000003,-861.48,0.6923076923076923,2.404950090912464,174.74769230769232,0,0.0,0.0,0.0,,0.0,2,38.01999999999998,-174.74,0.5,1.2175804051734003,19.00999999999999,4,332.53999999999996,-174.74,0.5,2.2005921005126723,83.13499999999999,7,1430.6,-174.74,0.7142857142857143,6.164993862372734,204.37142857142857,13,2271.7200000000003,-861.48,0.6923076923076923,2.404950090912464,174.74769230769232,23,2476.84,-1587.2,0.6086956521739131,1.7701904299911688,107.68869565217392,42,1830.3599999999997,-3671.22,0.6428571428571429,1.2338353203297072,43.57999999999999,0.3587962962962963,0.4444444444444444,0.3882260054618101,2497.8999999999996,2515.3999999999996,2.5666111027869434
ST5_5 & ST5_10 & ST15_20 & ST15_50,4,"ST5_5,ST5_10,ST15_20,ST15_50",498,24246.139999999996,-5633.560000000005,0.5923694779116466,1.236185755527042,48.68702811244979,1.2380122263612858,1.597773067800858,989.04,-3459.48,34,5653.02,-1587.1999999999996,0.6764705882352942,2.4882791520550978,166.26529411764707,8,103.09999999999991,-1587.2,0.5,1.0649571572580645,12.887499999999989,14,3217.500000000001,-861.48,0.7142857142857143,2.9898697539797396,229.82142857142864,0,0.0,0.0,0.0,,0.0,2,38.01999999999998,-174.74,0.5,1.2175804051734003,19.00999999999999,4,332.53999999999996,-174.74,0.5,2.2005921005126723,83.13499999999999,7,1430.6,-174.74,0.7142857142857143,6.164993862372734,204.37142857142857,14,3217.500000000001,-861.48,0.7142857142857143,2.9898697539797396,229.82142857142864,25,3643.379999999999,-1587.2,0.64,2.132934064703907,145.73519999999996,44,2996.9000000000005,-3671.22,0.6590909090909091,1.3828651584912803,68.11136363636365,0.38425925925925924,0.4722222222222222,0.5498552517798735,2497.8999999999996,2736.1599999999994,4.303875347027453
ST5_5 & ST5_10 & ST15_5 & ST15_10,4,"ST5_5,ST5_10,ST15_5,ST15_10",462,17550.98,-5919.34,0.5822510822510822,1.1743772546067799,37.9891341991342,0.9374506840899473,1.196025355873123,989.04,-3459.48,30,3437.2000000000007,-1587.2,0.6333333333333333,1.9049168588548742,114.57333333333335,7,-117.66000000000008,-1587.2,0.42857142857142855,0.9258694556451612,-16.80857142857144,13,2271.7200000000003,-861.48,0.6923076923076923,2.404950090912464,174.74769230769232,0,0.0,0.0,0.0,,0.0,2,38.01999999999998,-174.74,0.5,1.2175804051734003,19.00999999999999,4,332.53999999999996,-174.74,0.5,2.2005921005126723,83.13499999999999,7,1430.6,-174.74,0.7142857142857143,6.164993862372734,204.37142857142857,13,2271.7200000000003,-861.48,0.6923076923076923,2.404950090912464,174.74769230769232,22,2280.08,-1587.2,0.5909090909090909,1.7090065549709565,103.64,38,656.7999999999997,-3671.22,0.631578947368421,1.085030138575305,17.284210526315782,0.35648148148148145,0.4166666666666667,0.3882260054618101,2497.8999999999996,2515.3999999999996,2.9650231275784122
ST5_5 & ST5_10 & ST15_5 & ST15_20,4,"ST5_5,ST5_10,ST15_5,ST15_20",454,18578.399999999994,-5919.34,0.5881057268722467,1.1907454806984474,40.92158590308369,1.0194582769774512,1.304433330159526,989.04,-3459.48,30,3437.2000000000007,-1587.2,0.6333333333333333,1.9049168588548742,114.57333333333335,7,-117.66000000000008,-1587.2,0.42857142857142855,0.9258694556451612,-16.80857142857144,13,2271.7200000000003,-861.48,0.6923076923076923,2.404950090912464,174.74769230769232,0,0.0,0.0,0.0,,0.0,2,38.01999999999998,-174.74,0.5,1.2175804051734003,19.00999999999999,4,332.53999999999996,-174.74,0.5,2.2005921005126723,83.13499999999999,7,1430.6,-174.74,0.7142857142857143,6.164993862372734,204.37142857142857,13,2271.7200000000003,-861.48,0.6923076923076923,2.404950090912464,174.74769230769232,22,2280.08,-1587.2,0.5909090909090909,1.7090065549709565,103.64,38,656.7999999999997,-3671.22,0.631578947368421,1.085030138575305,17.284210526315782,0.35030864197530864,0.4166666666666667,0.3882260054618101,2497.8999999999996,2515.3999999999996,3.1385931539664886
ST5_5 & ST5_10 & ST15_5 & ST15_50,4,"ST5_5,ST5_10,ST15_5,ST15_50",450,15811.54,-7462.059999999976,0.5822222222222222,1.1599929168795817,35.13675555555556,0.8688940668934567,1.1085999548698953,989.04,-3459.48,30,3437.2000000000007,-1587.2,0.6333333333333333,1.9049168588548742,114.57333333333335,7,-117.66000000000008,-1587.2,0.42857142857142855,0.9258694556451612,-16.80857142857144,13,2271.7200000000003,-861.48,0.6923076923076923,2.404950090912464,174.74769230769232,0,0.0,0.0,0.0,,0.0,2,38.01999999999998,-174.74,0.5,1.2175804051734003,19.00999999999999,4,332.53999999999996,-174.74,0.5,2.2005921005126723,83.13499999999999,7,1430.6,-174.74,0.7142857142857143,6.164993862372734,204.37142857142857,13,2271.7200000000003,-861.48,0.6923076923076923,2.404950090912464,174.74769230769232,22,2280.08,-1587.2,0.5909090909090909,1.7090065549709565,103.64,38,656.7999999999997,-3671.22,0.631578947368421,1.085030138575305,17.284210526315782,0.3472222222222222,0.4166666666666667,0.3882260054618101,2497.8999999999996,2515.3999999999996,2.1189242648812865
ST5_5 & ST5_10 & ST5_20 & ST15_10,4,"ST5_5,ST5_10,ST5_20,ST15_10",475,18359.619999999995,-5962.979999999978,0.5768421052631579,1.1772716783321442,38.65183157894736,0.9540000450778394,1.2213506608110012,989.04,-3459.48,30,3816.4400000000005,-1587.1999999999998,0.6333333333333333,2.0047599490306345,127.21466666666669,7,-117.66000000000008,-1587.2,0.42857142857142855,0.9258694556451612,-16.80857142857144,11,1601.6799999999998,-861.48,0.6363636363636364,1.990562420374287,145.60727272727271,0,0.0,0.0,0.0,,0.0,2,38.01999999999998,-174.74,0.5,1.2175804051734003,19.00999999999999,4,332.53999999999996,-174.74,0.5,2.2005921005126723,83.13499999999999,7,1430.6,-174.74,0.7142857142857143,6.164993862372734,204.37142857142857,11,1601.6799999999998,-861.48,0.6363636363636364,1.990562420374287,145.60727272727271,21,1806.7999999999997,-1587.2,0.5714285714285714,1.561836884460863,86.03809523809522,39,1415.0600000000002,-3671.22,0.6410256410256411,1.1868603769797779,36.28358974358975,0.36651234567901236,0.4166666666666667,0.2737193969450777,2497.8999999999996,2515.3999999999996,3.0789336875186675
ST5_5 & ST5_10 & ST5_20 & ST15_20,4,"ST5_5,ST5_10,ST5_20,ST15_20",509,29418.179999999997,-5351.079999999996,0.5972495088408645,1.2842287899258913,57.79603143418467,1.469536390651132,1.9159940665666102,989.04,-3459.48,33,5277.5,-1587.1999999999996,0.6666666666666666,2.3894154319232515,159.92424242424244,8,103.09999999999991,-1587.2,0.5,1.0649571572580645,12.887499999999989,12,2547.460000000001,-861.48,0.6666666666666666,2.575482083441562,212.2883333333334,0,0.0,0.0,0.0,,0.0,2,38.01999999999998,-174.74,0.5,1.2175804051734003,19.00999999999999,4,332.53999999999996,-174.74,0.5,2.2005921005126723,83.13499999999999,7,1430.6,-174.74,0.7142857142857143,6.164993862372734,204.37142857142857,12,2547.460000000001,-861.48,0.6666666666666666,2.575482083441562,212.2883333333334,23,2973.34,-1587.2,0.6086956521739131,1.924580519173601,129.27565217391304,42,2876.120000000001,-3671.22,0.6666666666666666,1.3797951093516025,68.47904761904763,0.39274691358024694,0.4583333333333333,0.43534864326314116,2497.8999999999996,2736.1599999999994,5.497615434641235
ST5_5 & ST5_10 & ST5_20 & ST15_5,4,"ST5_5,ST5_10,ST5_20,ST15_5",460,18624.92,-6092.159999999978,0.5826086956521739,1.1847942410227317,40.48895652173913,0.9924673122030109,1.2705322389681293,989.04,-3459.48,28,2767.1600000000008,-1587.2,0.6071428571428571,1.7285144114828506,98.82714285714289,7,-117.66000000000008,-1587.2,0.42857142857142855,0.9258694556451612,-16.80857142857144,11,1601.6799999999998,-861.48,0.6363636363636364,1.990562420374287,145.60727272727271,0,0.0,0.0,0.0,,0.0,2,38.01999999999998,-174.74,0.5,1.2175804051734003,19.00999999999999,4,332.53999999999996,-174.74,0.5,2.2005921005126723,83.13499999999999,7,1430.6,-174.74,0.7142857142857143,6.164993862372734,204.37142857142857,11,1601.6799999999998,-861.48,0.6363636363636364,1.990562420374287,145.60727272727271,20,1610.0399999999997,-1587.2,0.55,1.5006530094406507,80.50199999999998,35,241.49999999999932,-3671.22,0.6285714285714286,1.0323311350839004,6.899999999999981,0.3549382716049383,0.3888888888888889,0.2737193969450777,2497.8999999999996,2515.3999999999996,3.0571948208845576
ST5_5 & ST5_10 & ST5_20 & ST15_50,4,"ST5_5,ST5_10,ST5_20,ST15_50",523,27870.219999999994,-6974.300000000008,0.5831739961759083,1.2621765315569815,53.28913957934989,1.3641382622933134,1.7806220561299329,989.04,-3459.48,35,4527.26,-1713.9399999999996,0.6,2.0642159996991123,129.35028571428572,9,-23.6400000000001,-1713.94,0.4444444444444444,0.9862072184557219,-2.6266666666666776,14,2218.4800000000005,-968.22,0.5714285714285714,2.140067423121197,158.4628571428572,0,0.0,0.0,0.0,,0.0,3,-184.22000000000003,-222.24,0.3333333333333333,0.5359463952843971,-61.40666666666667,5,110.29999999999995,-324.48,0.4,1.2209446736909577,22.05999999999999,9,1101.62,-324.48,0.5555555555555556,2.8179747838141127,122.4022222222222,14,2218.4800000000005,-968.22,0.5714285714285714,2.140067423121197,158.4628571428572,26,2517.62,-1713.94,0.5384615384615384,1.685701056759996,96.83153846153846,45,2482.16,-3671.22,0.6222222222222222,1.3091670465613925,55.15911111111111,0.4035493827160494,0.4861111111111111,0.379127545910991,2371.1599999999994,2609.419999999999,3.996131511406157
ST5_5 & ST5_10 & ST5_20 & ST5_50,4,"ST5_5,ST5_10,ST5_20,ST5_50",645,22813.899999999998,-7751.8399999999865,0.5782945736434109,1.1636624214970752,35.37038759689922,0.887289943377976,1.1405770687137915,989.04,-3459.48,39,5760.560000000001,-1588.1999999999994,0.6666666666666666,2.39536956742904,147.7066666666667,8,102.09999999999991,-1588.2,0.5,1.0642866137766023,12.762499999999989,16,2491.9999999999995,-968.22,0.625,2.280628186153593,155.74999999999997,0,0.0,0.0,0.0,,0.0,3,-184.22000000000003,-222.24,0.3333333333333333,0.5359463952843971,-61.40666666666667,7,383.81999999999994,-222.24,0.5714285714285714,1.768839389447538,54.83142857142856,11,1375.1399999999999,-222.24,0.6363636363636364,3.269357713380421,125.01272727272726,16,2491.9999999999995,-968.22,0.625,2.280628186153593,155.74999999999997,27,2916.88,-1588.2,0.5925925925925926,1.8226156701054188,108.0325925925926,51,3706.4800000000005,-4561.46,0.6666666666666666,1.4215242964890413,72.67607843137256,0.4976851851851852,0.5416666666666666,0.42587079640573244,2496.8999999999996,2735.1599999999994,2.9430302999029956
ST5_5 & ST5_10 & ST5_50 & ST15_10,4,"ST5_5,ST5_10,ST5_50,ST15_10",462,18166.059999999998,-5419.559999999999,0.5800865800865801,1.1819461827284106,39.320476190476185,0.9732349061791822,1.2440764868257237,989.04,-3459.48,29,3942.1800000000003,-1461.4599999999998,0.6551724137931034,2.0733971932843582,135.93724137931036,6,8.079999999999927,-1461.46,0.5,1.005528717857485,1.3466666666666545,11,1601.6799999999998,-861.48,0.6363636363636364,1.990562420374287,145.60727272727271,0,0.0,0.0,0.0,,0.0,2,38.01999999999998,-174.74,0.5,1.2175804051734003,19.00999999999999,4,332.53999999999996,-174.74,0.5,2.2005921005126723,83.13499999999999,7,1430.6,-174.74,0.7142857142857143,6.164993862372734,204.37142857142857,11,1601.6799999999998,-861.48,0.6363636363636364,1.990562420374287,145.60727272727271,20,1932.5399999999997,-1461.46,0.6,1.6253891409450705,96.62699999999998,38,1540.8,-3671.22,0.6578947368421053,1.2068998855927426,40.54736842105263,0.35648148148148145,0.4027777777777778,0.2737193969450777,2623.6399999999994,2641.1399999999994,3.3519437002265873
ST5_5 & ST5_10 & ST5_50 & ST15_20,4,"ST5_5,ST5_10,ST5_50,ST15_20",495,29213.319999999996,-5351.079999999996,0.6,1.2927858195918702,59.016808080808076,1.504521806483041,1.9596606299762565,989.04,-3459.48,32,5403.24,-1461.4599999999996,0.6875,2.4712221792616718,168.85125,7,228.83999999999992,-1461.46,0.5714285714285714,1.1565831428845126,32.69142857142856,12,2547.460000000001,-861.48,0.6666666666666666,2.575482083441562,212.2883333333334,0,0.0,0.0,0.0,,0.0,2,38.01999999999998,-174.74,0.5,1.2175804051734003,19.00999999999999,4,332.53999999999996,-174.74,0.5,2.2005921005126723,83.13499999999999,7,1430.6,-174.74,0.7142857142857143,6.164993862372734,204.37142857142857,12,2547.460000000001,-861.48,0.6666666666666666,2.575482083441562,212.2883333333334,22,3099.08,-1461.46,0.6363636363636364,2.0028930728057626,140.86727272727273,41,3001.8600000000006,-3671.22,0.6829268292682927,1.4030922186951131,73.21609756097563,0.3819444444444444,0.4444444444444444,0.43534864326314116,2623.6399999999994,2861.8999999999996,5.459331574186896
ST5_5 & ST5_10 & ST5_50 & ST15_5,4,"ST5_5,ST5_10,ST5_50,ST15_5",448,17060.160000000003,-6030.219999999974,0.5848214285714286,1.1733159355295153,38.08071428571429,0.932006342379601,1.1878811333650594,989.04,-3459.48,27,2892.9000000000005,-1461.46,0.6296296296296297,1.7876937989772967,107.14444444444446,6,8.079999999999927,-1461.46,0.5,1.005528717857485,1.3466666666666545,11,1601.6799999999998,-861.48,0.6363636363636364,1.990562420374287,145.60727272727271,0,0.0,0.0,0.0,,0.0,2,38.01999999999998,-174.74,0.5,1.2175804051734003,19.00999999999999,4,332.53999999999996,-174.74,0.5,2.2005921005126723,83.13499999999999,7,1430.6,-174.74,0.7142857142857143,6.164993862372734,204.37142857142857,11,1601.6799999999998,-861.48,0.6363636363636364,1.990562420374287,145.60727272727271,19,1735.7799999999997,-1461.46,0.5789473684210527,1.5617156504236052,91.35684210526314,34,367.24,-3671.22,0.6470588235294118,1.050006536090111,10.801176470588235,0.345679012345679,0.375,0.2737193969450777,2623.6399999999994,2641.1399999999994,2.829110712378666
ST5_5 & ST5_10 & ST5_50 & ST15_50,4,"ST5_5,ST5_10,ST5_50,ST15_50",510,28014.419999999995,-7000.340000000009,0.5882352941176471,1.2732864589145814,54.93023529411764,1.4113091820652246,1.8406698516782647,989.04,-3459.48,34,4653.0,-1588.1999999999996,0.6176470588235294,2.1270874007470315,136.85294117647058,8,102.09999999999991,-1588.2,0.5,1.0642866137766023,12.762499999999989,14,2218.4800000000005,-968.22,0.5714285714285714,2.140067423121197,158.4628571428572,0,0.0,0.0,0.0,,0.0,3,-184.22000000000003,-222.24,0.3333333333333333,0.5359463952843971,-61.40666666666667,5,110.29999999999995,-324.48,0.4,1.2209446736909577,22.05999999999999,9,1101.62,-324.48,0.5555555555555556,2.8179747838141127,122.4022222222222,14,2218.4800000000005,-968.22,0.5714285714285714,2.140067423121197,158.4628571428572,25,2643.3599999999997,-1588.2,0.56,1.7454778248436207,105.7344,44,2607.8999999999996,-3671.22,0.6363636363636364,1.3299969631016857,59.270454545454534,0.39351851851851855,0.4722222222222222,0.379127545910991,2496.8999999999996,2735.1599999999994,4.001865623669701
ST5_5 & ST5_20 & ST15_10 & ST15_20,4,"ST5_5,ST5_20,ST15_10,ST15_20",464,20364.739999999998,-6196.539999999999,0.584051724137931,1.2061820370174632,43.889525862068965,1.0961154707233502,1.4097538967622794,989.04,-3459.48,30,3816.4400000000005,-1587.1999999999998,0.6333333333333333,2.0047599490306345,127.21466666666669,7,-117.66000000000008,-1587.2,0.42857142857142855,0.9258694556451612,-16.80857142857144,11,1601.6799999999998,-861.48,0.6363636363636364,1.990562420374287,145.60727272727271,0,0.0,0.0,0.0,,0.0,2,38.01999999999998,-174.74,0.5,1.2175804051734003,19.00999999999999,4,332.53999999999996,-174.74,0.5,2.2005921005126723,83.13499999999999,7,1430.6,-174.74,0.7142857142857143,6.164993862372734,204.37142857142857,11,1601.6799999999998,-861.48,0.6363636363636364,1.990562420374287,145.60727272727271,21,1806.7999999999997,-1587.2,0.5714285714285714,1.561836884460863,86.03809523809522,39,1415.0600000000002,-3671.22,0.6410256410256411,1.1868603769797779,36.28358974358975,0.35802469135802467,0.4166666666666667,0.2737193969450777,2497.8999999999996,2515.3999999999996,3.286469545907878
ST5_5 & ST5_20 & ST15_10 & ST15_50,4,"ST5_5,ST5_20,ST15_10,ST15_50",455,17932.699999999993,-6795.3399999999765,0.5802197802197803,1.1826017431411449,39.41252747252746,0.978838318624221,1.253554111760957,989.04,-3459.48,30,3816.4400000000005,-1587.1999999999998,0.6333333333333333,2.0047599490306345,127.21466666666669,7,-117.66000000000008,-1587.2,0.42857142857142855,0.9258694556451612,-16.80857142857144,11,1601.6799999999998,-861.48,0.6363636363636364,1.990562420374287,145.60727272727271,0,0.0,0.0,0.0,,0.0,2,38.01999999999998,-174.74,0.5,1.2175804051734003,19.00999999999999,4,332.53999999999996,-174.74,0.5,2.2005921005126723,83.13499999999999,7,1430.6,-174.74,0.7142857142857143,6.164993862372734,204.37142857142857,11,1601.6799999999998,-861.48,0.6363636363636364,1.990562420374287,145.60727272727271,21,1806.7999999999997,-1587.2,0.5714285714285714,1.561836884460863,86.03809523809522,39,1415.0600000000002,-3671.22,0.6410256410256411,1.1868603769797779,36.28358974358975,0.35108024691358025,0.4166666666666667,0.2737193969450777,2497.8999999999996,2515.3999999999996,2.638970235484914
ST5_5 & ST5_20 & ST15_20 & ST15_50,4,"ST5_5,ST5_20,ST15_20,ST15_50",489,25797.979999999996,-6021.860000000004,0.5950920245398773,1.2581484225496096,52.756605316973406,1.338388493904689,1.7321506083678428,989.04,-3459.48,32,4982.98,-1587.1999999999996,0.65625,2.3118767046830735,155.718125,8,103.09999999999991,-1587.2,0.5,1.0649571572580645,12.887499999999989,12,2547.460000000001,-861.48,0.6666666666666666,2.575482083441562,212.2883333333334,0,0.0,0.0,0.0,,0.0,2,38.01999999999998,-174.74,0.5,1.2175804051734003,19.00999999999999,4,332.53999999999996,-174.74,0.5,2.2005921005126723,83.13499999999999,7,1430.6,-174.74,0.7142857142857143,6.164993862372734,204.37142857142857,12,2547.460000000001,-861.48,0.6666666666666666,2.575482083441562,212.2883333333334,23,2973.34,-1587.2,0.6086956521739131,1.924580519173601,129.27565217391304,41,2581.6000000000004,-3671.22,0.6585365853658537,1.340903388698002,62.965853658536595,0.3773148148148148,0.4444444444444444,0.43534864326314116,2497.8999999999996,2736.1599999999994,4.2840550926125776
ST5_5 & ST5_20 & ST15_5 & ST15_10,4,"ST5_5,ST5_20,ST15_5,ST15_10",451,19108.539999999994,-5919.34,0.5853658536585366,1.195268360715912,42.36926829268291,1.040088313944841,1.3305835834035737,989.04,-3459.48,28,2767.1600000000008,-1587.2,0.6071428571428571,1.7285144114828506,98.82714285714289,7,-117.66000000000008,-1587.2,0.42857142857142855,0.9258694556451612,-16.80857142857144,11,1601.6799999999998,-861.48,0.6363636363636364,1.990562420374287,145.60727272727271,0,0.0,0.0,0.0,,0.0,2,38.01999999999998,-174.74,0.5,1.2175804051734003,19.00999999999999,4,332.53999999999996,-174.74,0.5,2.2005921005126723,83.13499999999999,7,1430.6,-174.74,0.7142857142857143,6.164993862372734,204.37142857142857,11,1601.6799999999998,-861.48,0.6363636363636364,1.990562420374287,145.60727272727271,20,1610.0399999999997,-1587.2,0.55,1.5006530094406507,80.50199999999998,35,241.49999999999932,-3671.22,0.6285714285714286,1.0323311350839004,6.899999999999981,0.3479938271604938,0.3888888888888889,0.2737193969450777,2497.8999999999996,2515.3999999999996,3.228153814445528
ST5_5 & ST5_20 & ST15_5 & ST15_20,4,"ST5_5,ST5_20,ST15_5,ST15_20",443,20135.959999999995,-5919.34,0.5914221218961625,1.212837365758188,45.4536343115124,1.126543598134887,1.4455583461568424,989.04,-3459.48,28,2767.1600000000008,-1587.2,0.6071428571428571,1.7285144114828506,98.82714285714289,7,-117.66000000000008,-1587.2,0.42857142857142855,0.9258694556451612,-16.80857142857144,11,1601.6799999999998,-861.48,0.6363636363636364,1.990562420374287,145.60727272727271,0,0.0,0.0,0.0,,0.0,2,38.01999999999998,-174.74,0.5,1.2175804051734003,19.00999999999999,4,332.53999999999996,-174.74,0.5,2.2005921005126723,83.13499999999999,7,1430.6,-174.74,0.7142857142857143,6.164993862372734,204.37142857142857,11,1601.6799999999998,-861.48,0.6363636363636364,1.990562420374287,145.60727272727271,20,1610.0399999999997,-1587.2,0.55,1.5006530094406507,80.50199999999998,35,241.49999999999932,-3671.22,0.6285714285714286,1.0323311350839004,6.899999999999981,0.341820987654321,0.3888888888888889,0.2737193969450777,2497.8999999999996,2515.3999999999996,3.4017238408336055
ST5_5 & ST5_20 & ST15_5 & ST15_50,4,"ST5_5,ST5_20,ST15_5,ST15_50",440,17299.859999999997,-7850.359999999977,0.5840909090909091,1.180011674840095,39.31786363636363,0.9681535572495207,1.2387590707765004,989.04,-3459.48,28,2767.1600000000008,-1587.2,0.6071428571428571,1.7285144114828506,98.82714285714289,7,-117.66000000000008,-1587.2,0.42857142857142855,0.9258694556451612,-16.80857142857144,11,1601.6799999999998,-861.48,0.6363636363636364,1.990562420374287,145.60727272727271,0,0.0,0.0,0.0,,0.0,2,38.01999999999998,-174.74,0.5,1.2175804051734003,19.00999999999999,4,332.53999999999996,-174.74,0.5,2.2005921005126723,83.13499999999999,7,1430.6,-174.74,0.7142857142857143,6.164993862372734,204.37142857142857,11,1601.6799999999998,-861.48,0.6363636363636364,1.990562420374287,145.60727272727271,20,1610.0399999999997,-1587.2,0.55,1.5006530094406507,80.50199999999998,35,241.49999999999932,-3671.22,0.6285714285714286,1.0323311350839004,6.899999999999981,0.3395061728395062,0.3888888888888889,0.2737193969450777,2497.8999999999996,2515.3999999999996,2.203702760128204
ST5_5 & ST5_20 & ST5_50 & ST15_10,4,"ST5_5,ST5_20,ST5_50,ST15_10",462,19354.920000000002,-5419.559999999998,0.5844155844155844,1.1945177818429087,41.893766233766236,1.0354779567199683,1.3259421942502085,989.04,-3459.48,29,3942.1800000000003,-1461.4599999999998,0.6551724137931034,2.0733971932843582,135.93724137931036,6,8.079999999999927,-1461.46,0.5,1.005528717857485,1.3466666666666545,11,1601.6799999999998,-861.48,0.6363636363636364,1.990562420374287,145.60727272727271,0,0.0,0.0,0.0,,0.0,2,38.01999999999998,-174.74,0.5,1.2175804051734003,19.00999999999999,4,332.53999999999996,-174.74,0.5,2.2005921005126723,83.13499999999999,7,1430.6,-174.74,0.7142857142857143,6.164993862372734,204.37142857142857,11,1601.6799999999998,-861.48,0.6363636363636364,1.990562420374287,145.60727272727271,20,1932.5399999999997,-1461.46,0.6,1.6253891409450705,96.62699999999998,38,1540.8,-3671.22,0.6578947368421053,1.2068998855927426,40.54736842105263,0.35648148148148145,0.4027777777777778,0.2737193969450777,2623.6399999999994,2641.1399999999994,3.5713083718973513
ST5_5 & ST5_20 & ST5_50 & ST15_20,4,"ST5_5,ST5_20,ST5_50,ST15_20",496,30465.699999999997,-5351.079999999996,0.6048387096774194,1.306384641717718,61.42278225806451,1.5654626982941275,2.0423203266592327,989.04,-3459.48,32,5403.24,-1461.4599999999996,0.6875,2.4712221792616718,168.85125,7,228.83999999999992,-1461.46,0.5714285714285714,1.1565831428845126,32.69142857142856,12,2547.460000000001,-861.48,0.6666666666666666,2.575482083441562,212.2883333333334,0,0.0,0.0,0.0,,0.0,2,38.01999999999998,-174.74,0.5,1.2175804051734003,19.00999999999999,4,332.53999999999996,-174.74,0.5,2.2005921005126723,83.13499999999999,7,1430.6,-174.74,0.7142857142857143,6.164993862372734,204.37142857142857,12,2547.460000000001,-861.48,0.6666666666666666,2.575482083441562,212.2883333333334,22,3099.08,-1461.46,0.6363636363636364,2.0028930728057626,140.86727272727273,41,3001.8600000000006,-3671.22,0.6829268292682927,1.4030922186951131,73.21609756097563,0.38271604938271603,0.4444444444444444,0.43534864326314116,2623.6399999999994,2861.8999999999996,5.693374047855763
ST5_5 & ST5_20 & ST5_50 & ST15_5,4,"ST5_5,ST5_20,ST5_50,ST15_5",448,18249.019999999997,-6030.219999999974,0.5892857142857143,1.186038133239001,40.734419642857134,0.9955417867807242,1.2710910416864976,989.04,-3459.48,27,2892.9000000000005,-1461.46,0.6296296296296297,1.7876937989772967,107.14444444444446,6,8.079999999999927,-1461.46,0.5,1.005528717857485,1.3466666666666545,11,1601.6799999999998,-861.48,0.6363636363636364,1.990562420374287,145.60727272727271,0,0.0,0.0,0.0,,0.0,2,38.01999999999998,-174.74,0.5,1.2175804051734003,19.00999999999999,4,332.53999999999996,-174.74,0.5,2.2005921005126723,83.13499999999999,7,1430.6,-174.74,0.7142857142857143,6.164993862372734,204.37142857142857,11,1601.6799999999998,-861.48,0.6363636363636364,1.990562420374287,145.60727272727271,19,1735.7799999999997,-1461.46,0.5789473684210527,1.5617156504236052,91.35684210526314,34,367.24,-3671.22,0.6470588235294118,1.050006536090111,10.801176470588235,0.345679012345679,0.375,0.2737193969450777,2623.6399999999994,2641.1399999999994,3.026261065102115
ST5_5 & ST5_20 & ST5_50 & ST15_50,4,"ST5_5,ST5_20,ST5_50,ST15_50",512,28950.299999999996,-7000.340000000009,0.591796875,1.28316680298309,56.54355468749999,1.4538657411911724,1.8990551577825996,989.04,-3459.48,34,4653.0,-1588.1999999999996,0.6176470588235294,2.1270874007470315,136.85294117647058,8,102.09999999999991,-1588.2,0.5,1.0642866137766023,12.762499999999989,14,2218.4800000000005,-968.22,0.5714285714285714,2.140067423121197,158.4628571428572,0,0.0,0.0,0.0,,0.0,3,-184.22000000000003,-222.24,0.3333333333333333,0.5359463952843971,-61.40666666666667,5,110.29999999999995,-324.48,0.4,1.2209446736909577,22.05999999999999,9,1101.62,-324.48,0.5555555555555556,2.8179747838141127,122.4022222222222,14,2218.4800000000005,-968.22,0.5714285714285714,2.140067423121197,158.4628571428572,25,2643.3599999999997,-1588.2,0.56,1.7454778248436207,105.7344,44,2607.8999999999996,-3671.22,0.6363636363636364,1.3299969631016857,59.270454545454534,0.3950617283950617,0.4722222222222222,0.379127545910991,2496.8999999999996,2735.1599999999994,4.13555627298102
ST5_5 & ST5_50 & ST15_10 & ST15_20,4,"ST5_5,ST5_50,ST15_10,ST15_20",452,20173.52,-5990.220000000001,0.588495575221239,1.2122500237253493,44.63168141592921,1.1195768660817582,1.4378261719350538,989.04,-3459.48,29,3942.1800000000003,-1461.4599999999998,0.6551724137931034,2.0733971932843582,135.93724137931036,6,8.079999999999927,-1461.46,0.5,1.005528717857485,1.3466666666666545,11,1601.6799999999998,-861.48,0.6363636363636364,1.990562420374287,145.60727272727271,0,0.0,0.0,0.0,,0.0,2,38.01999999999998,-174.74,0.5,1.2175804051734003,19.00999999999999,4,332.53999999999996,-174.74,0.5,2.2005921005126723,83.13499999999999,7,1430.6,-174.74,0.7142857142857143,6.164993862372734,204.37142857142857,11,1601.6799999999998,-861.48,0.6363636363636364,1.990562420374287,145.60727272727271,20,1932.5399999999997,-1461.46,0.6,1.6253891409450705,96.62699999999998,38,1540.8,-3671.22,0.6578947368421053,1.2068998855927426,40.54736842105263,0.3487654320987654,0.4027777777777778,0.2737193969450777,2623.6399999999994,2641.1399999999994,3.367742754022389
ST5_5 & ST5_50 & ST15_10 & ST15_50,4,"ST5_5,ST5_50,ST15_10,ST15_50",442,17810.719999999998,-6792.6799999999785,0.5859728506787331,1.1886474619097935,40.29574660633484,1.0039727559794445,1.2836681293313352,989.04,-3459.48,29,3942.1800000000003,-1461.4599999999998,0.6551724137931034,2.0733971932843582,135.93724137931036,6,8.079999999999927,-1461.46,0.5,1.005528717857485,1.3466666666666545,11,1601.6799999999998,-861.48,0.6363636363636364,1.990562420374287,145.60727272727271,0,0.0,0.0,0.0,,0.0,2,38.01999999999998,-174.74,0.5,1.2175804051734003,19.00999999999999,4,332.53999999999996,-174.74,0.5,2.2005921005126723,83.13499999999999,7,1430.6,-174.74,0.7142857142857143,6.164993862372734,204.37142857142857,11,1601.6799999999998,-861.48,0.6363636363636364,1.990562420374287,145.60727272727271,20,1932.5399999999997,-1461.46,0.6,1.6253891409450705,96.62699999999998,38,1540.8,-3671.22,0.6578947368421053,1.2068998855927426,40.54736842105263,0.3410493827160494,0.4027777777777778,0.2737193969450777,2623.6399999999994,2641.1399999999994,2.6220460849031686
ST5_5 & ST5_50 & ST15_20 & ST15_50,4,"ST5_5,ST5_50,ST15_20,ST15_50",476,25675.999999999996,-6019.200000000008,0.6008403361344538,1.2670666911585282,53.941176470588225,1.373546812056069,1.775405108667003,989.04,-3459.48,31,5108.720000000001,-1461.4599999999996,0.6774193548387096,2.391028747869368,164.79741935483875,7,228.83999999999992,-1461.46,0.5714285714285714,1.1565831428845126,32.69142857142856,12,2547.460000000001,-861.48,0.6666666666666666,2.575482083441562,212.2883333333334,0,0.0,0.0,0.0,,0.0,2,38.01999999999998,-174.74,0.5,1.2175804051734003,19.00999999999999,4,332.53999999999996,-174.74,0.5,2.2005921005126723,83.13499999999999,7,1430.6,-174.74,0.7142857142857143,6.164993862372734,204.37142857142857,12,2547.460000000001,-861.48,0.6666666666666666,2.575482083441562,212.2883333333334,22,3099.08,-1461.46,0.6363636363636364,2.0028930728057626,140.86727272727273,40,2707.34,-3671.22,0.675,1.36354383194487,67.68350000000001,0.36728395061728397,0.4305555555555556,0.43534864326314116,2623.6399999999994,2861.8999999999996,4.265683147262088
ST5_5 & ST5_50 & ST15_5 & ST15_10,4,"ST5_5,ST5_50,ST15_5,ST15_10",441,17905.879999999997,-5730.639999999999,0.5895691609977324,1.1874875267500822,40.60290249433106,0.9971821462200764,1.2703009576134277,989.04,-3459.48,27,2892.9000000000005,-1461.46,0.6296296296296297,1.7876937989772967,107.14444444444446,6,8.079999999999927,-1461.46,0.5,1.005528717857485,1.3466666666666545,11,1601.6799999999998,-861.48,0.6363636363636364,1.990562420374287,145.60727272727271,0,0.0,0.0,0.0,,0.0,2,38.01999999999998,-174.74,0.5,1.2175804051734003,19.00999999999999,4,332.53999999999996,-174.74,0.5,2.2005921005126723,83.13499999999999,7,1430.6,-174.74,0.7142857142857143,6.164993862372734,204.37142857142857,11,1601.6799999999998,-861.48,0.6363636363636364,1.990562420374287,145.60727272727271,19,1735.7799999999997,-1461.46,0.5789473684210527,1.5617156504236052,91.35684210526314,34,367.24,-3671.22,0.6470588235294118,1.050006536090111,10.801176470588235,0.3402777777777778,0.375,0.2737193969450777,2623.6399999999994,2641.1399999999994,3.1245864336269595
ST5_5 & ST5_50 & ST15_5 & ST15_20,4,"ST5_5,ST5_50,ST15_5,ST15_20",432,18573.539999999994,-6075.0,0.5949074074074074,1.2013308936867642,42.99430555555554,1.06538640731171,1.3607820835289905,989.04,-3459.48,27,2892.9000000000005,-1461.46,0.6296296296296297,1.7876937989772967,107.14444444444446,6,8.079999999999927,-1461.46,0.5,1.005528717857485,1.3466666666666545,11,1601.6799999999998,-861.48,0.6363636363636364,1.990562420374287,145.60727272727271,0,0.0,0.0,0.0,,0.0,2,38.01999999999998,-174.74,0.5,1.2175804051734003,19.00999999999999,4,332.53999999999996,-174.74,0.5,2.2005921005126723,83.13499999999999,7,1430.6,-174.74,0.7142857142857143,6.164993862372734,204.37142857142857,11,1601.6799999999998,-861.48,0.6363636363636364,1.990562420374287,145.60727272727271,19,1735.7799999999997,-1461.46,0.5789473684210527,1.5617156504236052,91.35684210526314,34,367.24,-3671.22,0.6470588235294118,1.050006536090111,10.801176470588235,0.3333333333333333,0.375,0.2737193969450777,2623.6399999999994,2641.1399999999994,3.0573728395061717
ST5_5 & ST5_50 & ST15_5 & ST15_50,4,"ST5_5,ST5_50,ST15_5,ST15_50",428,15806.679999999997,-7847.699999999979,0.5887850467289719,1.168728050605563,36.931495327102795,0.9080694749857963,1.1564560103114763,989.04,-3459.48,27,2892.9000000000005,-1461.46,0.6296296296296297,1.7876937989772967,107.14444444444446,6,8.079999999999927,-1461.46,0.5,1.005528717857485,1.3466666666666545,11,1601.6799999999998,-861.48,0.6363636363636364,1.990562420374287,145.60727272727271,0,0.0,0.0,0.0,,0.0,2,38.01999999999998,-174.74,0.5,1.2175804051734003,19.00999999999999,4,332.53999999999996,-174.74,0.5,2.2005921005126723,83.13499999999999,7,1430.6,-174.74,0.7142857142857143,6.164993862372734,204.37142857142857,11,1601.6799999999998,-861.48,0.6363636363636364,1.990562420374287,145.60727272727271,19,1735.7799999999997,-1461.46,0.5789473684210527,1.5617156504236052,91.35684210526314,34,367.24,-3671.22,0.6470588235294118,1.050006536090111,10.801176470588235,0.33024691358024694,0.375,0.2737193969450777,2623.6399999999994,2641.1399999999994,2.0141799508136193
ST5_50 & ST15_10 & ST15_20 & ST15_50,4,"ST5_50,ST15_10,ST15_20,ST15_50",503,9968.799999999997,-7818.32,0.5705765407554672,1.088381198799006,19.818687872763416,0.48089851672009265,0.5986468273989064,989.04,-3780.96,34,3902.4799999999996,-1461.4599999999998,0.6176470588235294,1.949429974162722,114.77882352941175,6,8.079999999999927,-1461.46,0.5,1.005528717857485,1.3466666666666545,14,1551.4599999999998,-861.48,0.5714285714285714,1.877562333137246,110.81857142857142,1,100.76,0.0,1.0,,100.76,3,138.77999999999997,-174.74,0.6666666666666666,1.7942085383999082,46.25999999999999,5,433.29999999999995,-174.74,0.6,2.564372878908224,86.66,8,1531.36,-174.74,0.75,6.528774640768286,191.42,12,1702.4399999999998,-861.48,0.6666666666666666,2.052877657798063,141.86999999999998,23,1882.3199999999997,-1461.46,0.5652173913043478,1.5807622056573039,81.83999999999999,43,1501.1000000000006,-3671.22,0.627906976744186,1.1903789569805192,34.90930232558141,0.3881172839506173,0.4722222222222222,0.26513704084736667,2623.6399999999994,2641.1399999999994,1.275056533884517
ST5_50 & ST15_5 & ST15_10 & ST15_20,4,"ST5_50,ST15_5,ST15_10,ST15_20",495,15244.779999999995,-6868.679999999971,0.5797979797979798,1.1408917983431737,30.797535353535345,0.7538050957147712,0.9488600695681535,989.04,-3780.96,32,3350.4599999999996,-1461.46,0.625,1.8762579767758139,104.70187499999999,6,8.079999999999927,-1461.46,0.5,1.005528717857485,1.3466666666666545,15,1761.9799999999998,-861.48,0.6,1.996640119462419,117.46533333333332,1,100.76,0.0,1.0,,100.76,3,138.77999999999997,-174.74,0.6666666666666666,1.7942085383999082,46.25999999999999,5,433.29999999999995,-174.74,0.6,2.564372878908224,86.66,8,1531.36,-174.74,0.75,6.528774640768286,191.42,13,1912.9599999999998,-861.48,0.6923076923076923,2.183074201887516,147.1507692307692,23,1896.0799999999997,-1461.46,0.5652173913043478,1.5850076516759641,82.4382608695652,39,824.7999999999995,-3671.22,0.6410256410256411,1.1100493407446745,21.148717948717938,0.3819444444444444,0.4444444444444444,0.30111389480376105,2623.6399999999994,2641.1399999999994,2.2194628371099046
ST5_50 & ST15_5 & ST15_10 & ST15_50,4,"ST5_50,ST15_5,ST15_10,ST15_50",485,12474.139999999998,-9221.619999999977,0.5773195876288659,1.1155360640933614,25.71987628865979,0.6252407508937369,0.7834941594790812,989.04,-3780.96,31,3139.9400000000005,-1461.46,0.6129032258064516,1.8211999163092378,101.28838709677422,6,8.079999999999927,-1461.46,0.5,1.005528717857485,1.3466666666666545,14,1551.4599999999998,-861.48,0.5714285714285714,1.877562333137246,110.81857142857142,1,100.76,0.0,1.0,,100.76,3,138.77999999999997,-174.74,0.6666666666666666,1.7942085383999082,46.25999999999999,5,433.29999999999995,-174.74,0.6,2.564372878908224,86.66,8,1531.36,-174.74,0.75,6.528774640768286,191.42,12,1702.4399999999998,-861.48,0.6666666666666666,2.052877657798063,141.86999999999998,22,1685.5599999999997,-1461.46,0.5454545454545454,1.5200547958730317,76.61636363636363,39,819.8000000000002,-3671.22,0.6410256410256411,1.10938221331533,21.020512820512824,0.3742283950617284,0.4305555555555556,0.26513704084736667,2623.6399999999994,2641.1399999999994,1.3527059236880319
ST5_50 & ST15_5 & ST15_20 & ST15_50,4,"ST5_50,ST15_5,ST15_20,ST15_50",484,11765.519999999997,-8675.959999999981,0.5785123966942148,1.109261349769823,24.308925619834703,0.591159618339022,0.7390164319693233,989.04,-3780.96,31,3139.9400000000005,-1461.46,0.6129032258064516,1.8211999163092378,101.28838709677422,6,8.079999999999927,-1461.46,0.5,1.005528717857485,1.3466666666666545,14,1551.4599999999998,-861.48,0.5714285714285714,1.877562333137246,110.81857142857142,1,100.76,0.0,1.0,,100.76,3,138.77999999999997,-174.74,0.6666666666666666,1.7942085383999082,46.25999999999999,5,433.29999999999995,-174.74,0.6,2.564372878908224,86.66,8,1531.36,-174.74,0.75,6.528774640768286,191.42,12,1702.4399999999998,-861.48,0.6666666666666666,2.052877657798063,141.86999999999998,22,1685.5599999999997,-1461.46,0.5454545454545454,1.5200547958730317,76.61636363636363,38,614.2799999999995,-3671.22,0.631578947368421,1.0819606074595522,16.165263157894724,0.3734567901234568,0.4305555555555556,0.26513704084736667,2623.6399999999994,2641.1399999999994,1.3561058372791048
ST5_10 & ST15_5 & ST15_10 & ST15_20 & ST15_50,5,"ST5_10,ST15_5,ST15_10,ST15_20,ST15_50",455,14591.919999999996,-6385.859999999984,0.5802197802197803,1.146054826511899,32.070153846153836,0.7966521823783603,1.0120126786092136,989.04,-3459.48,30,3437.2000000000007,-1587.2,0.6333333333333333,1.9049168588548742,114.57333333333335,7,-117.66000000000008,-1587.2,0.42857142857142855,0.9258694556451612,-16.80857142857144,13,2271.7200000000003,-861.48,0.6923076923076923,2.404950090912464,174.74769230769232,0,0.0,0.0,0.0,,0.0,2,38.01999999999998,-174.74,0.5,1.2175804051734003,19.00999999999999,4,332.53999999999996,-174.74,0.5,2.2005921005126723,83.13499999999999,7,1430.6,-174.74,0.7142857142857143,6.164993862372734,204.37142857142857,13,2271.7200000000003,-861.48,0.6923076923076923,2.404950090912464,174.74769230769232,22,2280.08,-1587.2,0.5909090909090909,1.7090065549709565,103.64,38,656.7999999999997,-3671.22,0.631578947368421,1.085030138575305,17.284210526315782,0.35108024691358025,0.4166666666666667,0.3882260054618101,2497.8999999999996,2515.3999999999996,2.285036001415633
ST5_10 & ST5_20 & ST15_10 & ST15_20 & ST15_50,5,"ST5_10,ST5_20,ST15_10,ST15_20,ST15_50",463,14361.879999999994,-6487.42,0.572354211663067,1.1409082328692344,31.019179265658735,0.7707626864894676,0.980597515818979,989.04,-3459.48,31,3529.7000000000007,-1587.1999999999998,0.6129032258064516,1.8640424958997335,113.86129032258067,7,-117.66000000000008,-1587.2,0.42857142857142855,0.9258694556451612,-16.80857142857144,11,1601.6799999999998,-861.48,0.6363636363636364,1.990562420374287,145.60727272727271,0,0.0,0.0,0.0,,0.0,2,38.01999999999998,-174.74,0.5,1.2175804051734003,19.00999999999999,4,332.53999999999996,-174.74,0.5,2.2005921005126723,83.13499999999999,7,1430.6,-174.74,0.7142857142857143,6.164993862372734,204.37142857142857,11,1601.6799999999998,-861.48,0.6363636363636364,1.990562420374287,145.60727272727271,21,1806.7999999999997,-1587.2,0.5714285714285714,1.561836884460863,86.03809523809522,40,1128.3199999999997,-3671.22,0.625,1.1435601992986888,28.20799999999999,0.35725308641975306,0.4305555555555556,0.2737193969450777,2497.8999999999996,2515.3999999999996,2.213804563293265
ST5_10 & ST5_20 & ST15_5 & ST15_10 & ST15_20,5,"ST5_10,ST5_20,ST15_5,ST15_10,ST15_20",449,19186.439999999995,-6161.26,0.5857461024498887,1.1968627854963085,42.731492204899766,1.0551685038601868,1.3517703659236824,989.04,-3459.48,28,2767.1600000000008,-1587.2,0.6071428571428571,1.7285144114828506,98.82714285714289,7,-117.66000000000008,-1587.2,0.42857142857142855,0.9258694556451612,-16.80857142857144,11,1601.6799999999998,-861.48,0.6363636363636364,1.990562420374287,145.60727272727271,0,0.0,0.0,0.0,,0.0,2,38.01999999999998,-174.74,0.5,1.2175804051734003,19.00999999999999,4,332.53999999999996,-174.74,0.5,2.2005921005126723,83.13499999999999,7,1430.6,-174.74,0.7142857142857143,6.164993862372734,204.37142857142857,11,1601.6799999999998,-861.48,0.6363636363636364,1.990562420374287,145.60727272727271,20,1610.0399999999997,-1587.2,0.55,1.5006530094406507,80.50199999999998,35,241.49999999999932,-3671.22,0.6285714285714286,1.0323311350839004,6.899999999999981,0.3464506172839506,0.3888888888888889,0.2737193969450777,2497.8999999999996,2515.3999999999996,3.1140448544615866
ST5_10 & ST5_20 & ST15_5 & ST15_10 & ST15_50,5,"ST5_10,ST5_20,ST15_5,ST15_10,ST15_50",445,16342.539999999997,-7433.139999999976,0.5797752808988764,1.1663970516662983,36.72480898876404,0.9032390699407993,1.1526316990042662,989.04,-3459.48,28,2767.1600000000008,-1587.2,0.6071428571428571,1.7285144114828506,98.82714285714289,7,-117.66000000000008,-1587.2,0.42857142857142855,0.9258694556451612,-16.80857142857144,11,1601.6799999999998,-861.48,0.6363636363636364,1.990562420374287,145.60727272727271,0,0.0,0.0,0.0,,0.0,2,38.01999999999998,-174.74,0.5,1.2175804051734003,19.00999999999999,4,332.53999999999996,-174.74,0.5,2.2005921005126723,83.13499999999999,7,1430.6,-174.74,0.7142857142857143,6.164993862372734,204.37142857142857,11,1601.6799999999998,-861.48,0.6363636363636364,1.990562420374287,145.60727272727271,20,1610.0399999999997,-1587.2,0.55,1.5006530094406507,80.50199999999998,35,241.49999999999932,-3671.22,0.6285714285714286,1.0323311350839004,6.899999999999981,0.3433641975308642,0.3888888888888889,0.2737193969450777,2497.8999999999996,2515.3999999999996,2.1986051655155223
ST5_10 & ST5_20 & ST15_5 & ST15_20 & ST15_50,5,"ST5_10,ST5_20,ST15_5,ST15_20,ST15_50",444,15621.179999999998,-7105.739999999978,0.581081081081081,1.1595153957490418,35.18283783783784,0.8656705730867323,1.101730890652128,989.04,-3459.48,28,2767.1600000000008,-1587.2,0.6071428571428571,1.7285144114828506,98.82714285714289,7,-117.66000000000008,-1587.2,0.42857142857142855,0.9258694556451612,-16.80857142857144,11,1601.6799999999998,-861.48,0.6363636363636364,1.990562420374287,145.60727272727271,0,0.0,0.0,0.0,,0.0,2,38.01999999999998,-174.74,0.5,1.2175804051734003,19.00999999999999,4,332.53999999999996,-174.74,0.5,2.2005921005126723,83.13499999999999,7,1430.6,-174.74,0.7142857142857143,6.164993862372734,204.37142857142857,11,1601.6799999999998,-861.48,0.6363636363636364,1.990562420374287,145.60727272727271,20,1610.0399999999997,-1587.2,0.55,1.5006530094406507,80.50199999999998,35,241.49999999999932,-3671.22,0.6285714285714286,1.0323311350839004,6.899999999999981,0.3425925925925926,0.3888888888888889,0.2737193969450777,2497.8999999999996,2515.3999999999996,2.1983889081221726
ST5_10 & ST5_20 & ST5_50 & ST15_10 & ST15_20,5,"ST5_10,ST5_20,ST5_50,ST15_10,ST15_20",462,17524.6,-6385.42,0.5800865800865801,1.1748026306077266,37.93203463203463,0.9450256870928226,1.2095155542338496,989.04,-3459.48,30,3655.4400000000005,-1461.4599999999998,0.6333333333333333,1.9232401196152915,121.84800000000001,6,8.079999999999927,-1461.46,0.5,1.005528717857485,1.3466666666666545,11,1601.6799999999998,-861.48,0.6363636363636364,1.990562420374287,145.60727272727271,0,0.0,0.0,0.0,,0.0,2,38.01999999999998,-174.74,0.5,1.2175804051734003,19.00999999999999,4,332.53999999999996,-174.74,0.5,2.2005921005126723,83.13499999999999,7,1430.6,-174.74,0.7142857142857143,6.164993862372734,204.37142857142857,11,1601.6799999999998,-861.48,0.6363636363636364,1.990562420374287,145.60727272727271,20,1932.5399999999997,-1461.46,0.6,1.6253891409450705,96.62699999999998,39,1254.06,-3671.22,0.6410256410256411,1.1621527265956542,32.15538461538461,0.35648148148148145,0.4166666666666667,0.2737193969450777,2623.6399999999994,2641.1399999999994,2.744470997992301
ST5_10 & ST5_20 & ST5_50 & ST15_10 & ST15_50,5,"ST5_10,ST5_20,ST5_50,ST15_10,ST15_50",452,14221.779999999997,-7644.159999999976,0.5752212389380531,1.1426606471809793,31.46411504424778,0.7801662046012738,0.9923136271908654,989.04,-3459.48,30,3655.4400000000005,-1461.4599999999998,0.6333333333333333,1.9232401196152915,121.84800000000001,6,8.079999999999927,-1461.46,0.5,1.005528717857485,1.3466666666666545,11,1601.6799999999998,-861.48,0.6363636363636364,1.990562420374287,145.60727272727271,0,0.0,0.0,0.0,,0.0,2,38.01999999999998,-174.74,0.5,1.2175804051734003,19.00999999999999,4,332.53999999999996,-174.74,0.5,2.2005921005126723,83.13499999999999,7,1430.6,-174.74,0.7142857142857143,6.164993862372734,204.37142857142857,11,1601.6799999999998,-861.48,0.6363636363636364,1.990562420374287,145.60727272727271,20,1932.5399999999997,-1461.46,0.6,1.6253891409450705,96.62699999999998,39,1254.06,-3671.22,0.6410256410256411,1.1621527265956542,32.15538461538461,0.3487654320987654,0.4166666666666667,0.2737193969450777,2623.6399999999994,2641.1399999999994,1.8604764944742185
ST5_10 & ST5_20 & ST5_50 & ST15_20 & ST15_50,5,"ST5_10,ST5_20,ST5_50,ST15_20,ST15_50",491,21475.940000000002,-6634.159999999998,0.5865580448065173,1.2088839132870617,43.739185336048884,1.1103376681316357,1.4281256877275004,989.04,-3459.48,33,4270.5,-1461.4599999999998,0.6363636363636364,1.9467194580166882,129.4090909090909,7,228.83999999999992,-1461.46,0.5714285714285714,1.1565831428845126,32.69142857142856,13,1995.9799999999998,-1387.2,0.6153846153846154,1.920476660425563,153.53692307692307,0,0.0,0.0,0.0,,0.0,2,38.01999999999998,-174.74,0.5,1.2175804051734003,19.00999999999999,4,332.53999999999996,-174.74,0.5,2.2005921005126723,83.13499999999999,8,879.1199999999999,-551.48,0.625,2.061149602877628,109.88999999999999,13,1995.9799999999998,-1387.2,0.6153846153846154,1.920476660425563,153.53692307692307,23,2547.6000000000004,-1461.46,0.6086956521739131,1.6995787589040043,110.76521739130436,42,1869.1199999999994,-3671.22,0.6428571428571429,1.225594728012263,44.50285714285713,0.37885802469135804,0.4583333333333333,0.3411033676604791,2623.6399999999994,2861.8999999999996,3.237175467579921
ST5_10 & ST5_20 & ST5_50 & ST15_5 & ST15_10,5,"ST5_10,ST5_20,ST5_50,ST15_5,ST15_10",448,16029.16,-6538.839999999975,0.5825892857142857,1.1609675995309905,35.779375,0.8718377409850946,1.1074608836230266,989.04,-3459.48,27,2892.9000000000005,-1461.46,0.6296296296296297,1.7876937989772967,107.14444444444446,6,8.079999999999927,-1461.46,0.5,1.005528717857485,1.3466666666666545,11,1601.6799999999998,-861.48,0.6363636363636364,1.990562420374287,145.60727272727271,0,0.0,0.0,0.0,,0.0,2,38.01999999999998,-174.74,0.5,1.2175804051734003,19.00999999999999,4,332.53999999999996,-174.74,0.5,2.2005921005126723,83.13499999999999,7,1430.6,-174.74,0.7142857142857143,6.164993862372734,204.37142857142857,11,1601.6799999999998,-861.48,0.6363636363636364,1.990562420374287,145.60727272727271,19,1735.7799999999997,-1461.46,0.5789473684210527,1.5617156504236052,91.35684210526314,34,367.24,-3671.22,0.6470588235294118,1.050006536090111,10.801176470588235,0.345679012345679,0.375,0.2737193969450777,2623.6399999999994,2641.1399999999994,2.4513766967841484
ST5_10 & ST5_20 & ST5_50 & ST15_5 & ST15_20,5,"ST5_10,ST5_20,ST5_50,ST15_5,ST15_20",439,17073.059999999998,-6441.759999999977,0.5899772209567198,1.1772664494443015,38.8907972665148,0.9554418247450565,1.2169912109370005,989.04,-3459.48,27,2892.9000000000005,-1461.46,0.6296296296296297,1.7876937989772967,107.14444444444446,6,8.079999999999927,-1461.46,0.5,1.005528717857485,1.3466666666666545,11,1601.6799999999998,-861.48,0.6363636363636364,1.990562420374287,145.60727272727271,0,0.0,0.0,0.0,,0.0,2,38.01999999999998,-174.74,0.5,1.2175804051734003,19.00999999999999,4,332.53999999999996,-174.74,0.5,2.2005921005126723,83.13499999999999,7,1430.6,-174.74,0.7142857142857143,6.164993862372734,204.37142857142857,11,1601.6799999999998,-861.48,0.6363636363636364,1.990562420374287,145.60727272727271,19,1735.7799999999997,-1461.46,0.5789473684210527,1.5617156504236052,91.35684210526314,34,367.24,-3671.22,0.6470588235294118,1.050006536090111,10.801176470588235,0.3387345679012346,0.375,0.2737193969450777,2623.6399999999994,2641.1399999999994,2.6503719480390546
ST5_10 & ST5_20 & ST5_50 & ST15_5 & ST15_50,5,"ST5_10,ST5_20,ST5_50,ST15_5,ST15_50",436,13976.259999999998,-8699.179999999978,0.5825688073394495,1.1428921963050336,32.05564220183486,0.7832732618956254,0.9938500996544922,989.04,-3459.48,27,2892.9000000000005,-1461.46,0.6296296296296297,1.7876937989772967,107.14444444444446,6,8.079999999999927,-1461.46,0.5,1.005528717857485,1.3466666666666545,11,1601.6799999999998,-861.48,0.6363636363636364,1.990562420374287,145.60727272727271,0,0.0,0.0,0.0,,0.0,2,38.01999999999998,-174.74,0.5,1.2175804051734003,19.00999999999999,4,332.53999999999996,-174.74,0.5,2.2005921005126723,83.13499999999999,7,1430.6,-174.74,0.7142857142857143,6.164993862372734,204.37142857142857,11,1601.6799999999998,-861.48,0.6363636363636364,1.990562420374287,145.60727272727271,19,1735.7799999999997,-1461.46,0.5789473684210527,1.5617156504236052,91.35684210526314,34,367.24,-3671.22,0.6470588235294118,1.050006536090111,10.801176470588235,0.33641975308641975,0.375,0.2737193969450777,2623.6399999999994,2641.1399999999994,1.6066180950388464
ST5_10 & ST5_50 & ST15_10 & ST15_20 & ST15_50,5,"ST5_10,ST5_50,ST15_10,ST15_20,ST15_50",451,12839.86,-6545.41999999998,0.5742793791574279,1.1297847793139406,28.46975609756098,0.7103317556490875,0.9001828471386206,989.04,-3459.48,30,3655.4400000000005,-1461.4599999999998,0.6333333333333333,1.9232401196152915,121.84800000000001,6,8.079999999999927,-1461.46,0.5,1.005528717857485,1.3466666666666545,11,1601.6799999999998,-861.48,0.6363636363636364,1.990562420374287,145.60727272727271,0,0.0,0.0,0.0,,0.0,2,38.01999999999998,-174.74,0.5,1.2175804051734003,19.00999999999999,4,332.53999999999996,-174.74,0.5,2.2005921005126723,83.13499999999999,7,1430.6,-174.74,0.7142857142857143,6.164993862372734,204.37142857142857,11,1601.6799999999998,-861.48,0.6363636363636364,1.990562420374287,145.60727272727271,20,1932.5399999999997,-1461.46,0.6,1.6253891409450705,96.62699999999998,39,1254.06,-3671.22,0.6410256410256411,1.1621527265956542,32.15538461538461,0.3479938271604938,0.4166666666666667,0.2737193969450777,2623.6399999999994,2641.1399999999994,1.9616556309602806
ST5_10 & ST5_50 & ST15_5 & ST15_10 & ST15_20,5,"ST5_10,ST5_50,ST15_5,ST15_10,ST15_20",439,16223.979999999996,-6175.74,0.5854214123006833,1.169158871488729,36.95667425968109,0.9131890505682055,1.162109586654335,989.04,-3459.48,27,2892.9000000000005,-1461.46,0.6296296296296297,1.7876937989772967,107.14444444444446,6,8.079999999999927,-1461.46,0.5,1.005528717857485,1.3466666666666545,11,1601.6799999999998,-861.48,0.6363636363636364,1.990562420374287,145.60727272727271,0,0.0,0.0,0.0,,0.0,2,38.01999999999998,-174.74,0.5,1.2175804051734003,19.00999999999999,4,332.53999999999996,-174.74,0.5,2.2005921005126723,83.13499999999999,7,1430.6,-174.74,0.7142857142857143,6.164993862372734,204.37142857142857,11,1601.6799999999998,-861.48,0.6363636363636364,1.990562420374287,145.60727272727271,19,1735.7799999999997,-1461.46,0.5789473684210527,1.5617156504236052,91.35684210526314,34,367.24,-3671.22,0.6470588235294118,1.050006536090111,10.801176470588235,0.3387345679012346,0.375,0.2737193969450777,2623.6399999999994,2641.1399999999994,2.627050361576102
ST5_10 & ST5_50 & ST15_5 & ST15_10 & ST15_50,5,"ST5_10,ST5_50,ST15_5,ST15_10,ST15_50",434,13449.32,-7927.839999999977,0.5806451612903226,1.1392361110392177,30.98921658986175,0.7618292031655365,0.9655845663976984,989.04,-3459.48,27,2892.9000000000005,-1461.46,0.6296296296296297,1.7876937989772967,107.14444444444446,6,8.079999999999927,-1461.46,0.5,1.005528717857485,1.3466666666666545,11,1601.6799999999998,-861.48,0.6363636363636364,1.990562420374287,145.60727272727271,0,0.0,0.0,0.0,,0.0,2,38.01999999999998,-174.74,0.5,1.2175804051734003,19.00999999999999,4,332.53999999999996,-174.74,0.5,2.2005921005126723,83.13499999999999,7,1430.6,-174.74,0.7142857142857143,6.164993862372734,204.37142857142857,11,1601.6799999999998,-861.48,0.6363636363636364,1.990562420374287,145.60727272727271,19,1735.7799999999997,-1461.46,0.5789473684210527,1.5617156504236052,91.35684210526314,34,367.24,-3671.22,0.6470588235294118,1.050006536090111,10.801176470588235,0.33487654320987653,0.375,0.2737193969450777,2623.6399999999994,2641.1399999999994,1.696467133544577
ST5_10 & ST5_50 & ST15_5 & ST15_20 & ST15_50,5,"ST5_10,ST5_50,ST15_5,ST15_20,ST15_50",433,12727.959999999995,-7600.4399999999805,0.581986143187067,1.132158248162571,29.394826789838326,0.7229529652570883,0.913790452899342,989.04,-3459.48,27,2892.9000000000005,-1461.46,0.6296296296296297,1.7876937989772967,107.14444444444446,6,8.079999999999927,-1461.46,0.5,1.005528717857485,1.3466666666666545,11,1601.6799999999998,-861.48,0.6363636363636364,1.990562420374287,145.60727272727271,0,0.0,0.0,0.0,,0.0,2,38.01999999999998,-174.74,0.5,1.2175804051734003,19.00999999999999,4,332.53999999999996,-174.74,0.5,2.2005921005126723,83.13499999999999,7,1430.6,-174.74,0.7142857142857143,6.164993862372734,204.37142857142857,11,1601.6799999999998,-861.48,0.6363636363636364,1.990562420374287,145.60727272727271,19,1735.7799999999997,-1461.46,0.5789473684210527,1.5617156504236052,91.35684210526314,34,367.24,-3671.22,0.6470588235294118,1.050006536090111,10.801176470588235,0.3341049382716049,0.375,0.2737193969450777,2623.6399999999994,2641.1399999999994,1.6746346264163692
ST5_20 & ST15_5 & ST15_10 & ST15_20 & ST15_50,5,"ST5_20,ST15_5,ST15_10,ST15_20,ST15_50",463,18489.399999999998,-6403.18,0.5809935205183585,1.1860509766031042,39.933909287257016,0.9959451075236416,1.2771515198969376,989.04,-3459.48,29,2707.92,-1587.2,0.5862068965517241,1.701970136872667,93.37655172413794,7,-117.66000000000008,-1587.2,0.42857142857142855,0.9258694556451612,-16.80857142857144,12,1542.4399999999998,-861.48,0.5833333333333334,1.9202114331396387,128.53666666666666,0,0.0,0.0,0.0,,0.0,2,38.01999999999998,-174.74,0.5,1.2175804051734003,19.00999999999999,4,332.53999999999996,-174.74,0.5,2.2005921005126723,83.13499999999999,7,1430.6,-174.74,0.7142857142857143,6.164993862372734,204.37142857142857,11,1601.6799999999998,-861.48,0.6363636363636364,1.990562420374287,145.60727272727271,21,1550.7999999999997,-1587.2,0.5238095238095238,1.4735093675956912,73.84761904761903,36,182.25999999999954,-3671.22,0.6111111111111112,1.0242083088717755,5.0627777777777645,0.35725308641975306,0.4027777777777778,0.26359556629536834,2497.8999999999996,2515.3999999999996,2.8875340065404997
ST5_20 & ST5_50 & ST15_10 & ST15_20 & ST15_50,5,"ST5_20,ST5_50,ST15_10,ST15_20,ST15_50",469,16210.359999999997,-5967.6999999999825,0.5756929637526652,1.1607315951041905,34.563667377398716,0.8678508083920269,1.1092569322823262,989.04,-3459.48,31,3596.2000000000007,-1461.4599999999998,0.6129032258064516,1.8948887672323698,116.00645161290325,6,8.079999999999927,-1461.46,0.5,1.005528717857485,1.3466666666666545,12,1542.4399999999998,-861.48,0.5833333333333334,1.9202114331396387,128.53666666666666,0,0.0,0.0,0.0,,0.0,2,38.01999999999998,-174.74,0.5,1.2175804051734003,19.00999999999999,4,332.53999999999996,-174.74,0.5,2.2005921005126723,83.13499999999999,7,1430.6,-174.74,0.7142857142857143,6.164993862372734,204.37142857142857,11,1601.6799999999998,-861.48,0.6363636363636364,1.990562420374287,145.60727272727271,21,1873.3,-1461.46,0.5714285714285714,1.5948154874927765,89.20476190476191,40,1194.8199999999997,-3671.22,0.625,1.153318465403834,29.870499999999993,0.3618827160493827,0.4305555555555556,0.26359556629536834,2623.6399999999994,2641.1399999999994,2.7163496824572353
ST5_20 & ST5_50 & ST15_5 & ST15_10 & ST15_20,5,"ST5_20,ST5_50,ST15_5,ST15_10,ST15_20",458,19702.759999999995,-6214.48,0.5873362445414847,1.2011848433663537,43.01912663755457,1.0713208699601637,1.3750029553100527,989.04,-3459.48,29,3044.1800000000003,-1461.46,0.6206896551724138,1.8157272780865308,104.97172413793105,6,8.079999999999927,-1461.46,0.5,1.005528717857485,1.3466666666666545,13,1752.9599999999998,-861.48,0.6153846153846154,2.0458065362908515,134.84307692307692,0,0.0,0.0,0.0,,0.0,2,38.01999999999998,-174.74,0.5,1.2175804051734003,19.00999999999999,4,332.53999999999996,-174.74,0.5,2.2005921005126723,83.13499999999999,7,1430.6,-174.74,0.7142857142857143,6.164993862372734,204.37142857142857,12,1812.1999999999998,-861.48,0.6666666666666666,2.12075896446374,151.01666666666665,21,1887.0599999999997,-1461.46,0.5714285714285714,1.5991846014136117,89.85999999999999,36,518.5199999999995,-3671.22,0.6388888888888888,1.0700411180211482,14.40333333333332,0.3533950617283951,0.4027777777777778,0.2995724202517627,2623.6399999999994,2641.1399999999994,3.1704599580334953
ST5_20 & ST5_50 & ST15_5 & ST15_10 & ST15_50,5,"ST5_20,ST5_50,ST15_5,ST15_10,ST15_50",453,17025.340000000004,-6774.919999999976,0.5827814569536424,1.1728192824503976,37.58353200883003,0.9313948865984146,1.1907764772988103,989.04,-3459.48,28,2833.6600000000008,-1461.46,0.6071428571428571,1.7593157299577156,101.20214285714289,6,8.079999999999927,-1461.46,0.5,1.005528717857485,1.3466666666666545,12,1542.4399999999998,-861.48,0.5833333333333334,1.9202114331396387,128.53666666666666,0,0.0,0.0,0.0,,0.0,2,38.01999999999998,-174.74,0.5,1.2175804051734003,19.00999999999999,4,332.53999999999996,-174.74,0.5,2.2005921005126723,83.13499999999999,7,1430.6,-174.74,0.7142857142857143,6.164993862372734,204.37142857142857,11,1601.6799999999998,-861.48,0.6363636363636364,1.990562420374287,145.60727272727271,20,1676.5399999999997,-1461.46,0.55,1.532339698607345,83.82699999999998,36,513.52,-3671.22,0.6388888888888888,1.069365723455643,14.264444444444443,0.34953703703703703,0.3888888888888889,0.26359556629536834,2623.6399999999994,2641.1399999999994,2.5129949873946944
ST5_20 & ST5_50 & ST15_5 & ST15_20 & ST15_50,5,"ST5_20,ST5_50,ST15_5,ST15_20,ST15_50",451,16098.459999999994,-6447.519999999979,0.5831485587583148,1.1638851374944594,35.69503325942349,0.8840562982722988,1.1271487928381645,989.04,-3459.48,28,2833.6600000000008,-1461.46,0.6071428571428571,1.7593157299577156,101.20214285714289,6,8.079999999999927,-1461.46,0.5,1.005528717857485,1.3466666666666545,12,1542.4399999999998,-861.48,0.5833333333333334,1.9202114331396387,128.53666666666666,0,0.0,0.0,0.0,,0.0,2,38.01999999999998,-174.74,0.5,1.2175804051734003,19.00999999999999,4,332.53999999999996,-174.74,0.5,2.2005921005126723,83.13499999999999,7,1430.6,-174.74,0.7142857142857143,6.164993862372734,204.37142857142857,11,1601.6799999999998,-861.48,0.6363636363636364,1.990562420374287,145.60727272727271,20,1676.5399999999997,-1461.46,0.55,1.532339698607345,83.82699999999998,35,307.9999999999993,-3671.22,0.6285714285714286,1.0416043052351185,8.799999999999981,0.3479938271604938,0.3888888888888889,0.26359556629536834,2623.6399999999994,2641.1399999999994,2.4968452986574756
ST5_5 & ST15_5 & ST15_10 & ST15_20 & ST15_50,5,"ST5_5,ST15_5,ST15_10,ST15_20,ST15_50",445,16948.1,-5919.34,0.5865168539325842,1.1784908241218583,38.08561797752809,0.9522955758262264,1.2144755539181258,989.04,-3459.48,30,3437.2000000000007,-1587.2,0.6333333333333333,1.9049168588548742,114.57333333333335,7,-117.66000000000008,-1587.2,0.42857142857142855,0.9258694556451612,-16.80857142857144,13,2271.7200000000003,-861.48,0.6923076923076923,2.404950090912464,174.74769230769232,0,0.0,0.0,0.0,,0.0,2,38.01999999999998,-174.74,0.5,1.2175804051734003,19.00999999999999,4,332.53999999999996,-174.74,0.5,2.2005921005126723,83.13499999999999,7,1430.6,-174.74,0.7142857142857143,6.164993862372734,204.37142857142857,13,2271.7200000000003,-861.48,0.6923076923076923,2.404950090912464,174.74769230769232,22,2280.08,-1587.2,0.5909090909090909,1.7090065549709565,103.64,38,656.7999999999997,-3671.22,0.631578947368421,1.085030138575305,17.284210526315782,0.3433641975308642,0.4166666666666667,0.3882260054618101,2497.8999999999996,2515.3999999999996,2.8631739349319347
ST5_5 & ST5_10 & ST15_10 & ST15_20 & ST15_50,5,"ST5_5,ST5_10,ST15_10,ST15_20,ST15_50",459,15873.599999999999,-6092.220000000001,0.579520697167756,1.1601817362789595,34.58300653594771,0.86452315558318,1.1009432446871728,989.04,-3459.48,32,4486.48,-1587.1999999999998,0.65625,2.1811623964026583,140.2025,7,-117.66000000000008,-1587.2,0.42857142857142855,0.9258694556451612,-16.80857142857144,13,2271.7200000000003,-861.48,0.6923076923076923,2.404950090912464,174.74769230769232,0,0.0,0.0,0.0,,0.0,2,38.01999999999998,-174.74,0.5,1.2175804051734003,19.00999999999999,4,332.53999999999996,-174.74,0.5,2.2005921005126723,83.13499999999999,7,1430.6,-174.74,0.7142857142857143,6.164993862372734,204.37142857142857,13,2271.7200000000003,-861.48,0.6923076923076923,2.404950090912464,174.74769230769232,23,2476.84,-1587.2,0.6086956521739131,1.7701904299911688,107.68869565217392,42,1830.3599999999997,-3671.22,0.6428571428571429,1.2338353203297072,43.57999999999999,0.3541666666666667,0.4444444444444444,0.3882260054618101,2497.8999999999996,2515.3999999999996,2.6055526556821644
ST5_5 & ST5_10 & ST15_5 & ST15_10 & ST15_20,5,"ST5_5,ST5_10,ST15_5,ST15_10,ST15_20",448,18609.699999999993,-5919.34,0.5870535714285714,1.1941494250643125,41.539508928571415,1.035914765890688,1.3253161388745613,989.04,-3459.48,30,3437.2000000000007,-1587.2,0.6333333333333333,1.9049168588548742,114.57333333333335,7,-117.66000000000008,-1587.2,0.42857142857142855,0.9258694556451612,-16.80857142857144,13,2271.7200000000003,-861.48,0.6923076923076923,2.404950090912464,174.74769230769232,0,0.0,0.0,0.0,,0.0,2,38.01999999999998,-174.74,0.5,1.2175804051734003,19.00999999999999,4,332.53999999999996,-174.74,0.5,2.2005921005126723,83.13499999999999,7,1430.6,-174.74,0.7142857142857143,6.164993862372734,204.37142857142857,13,2271.7200000000003,-861.48,0.6923076923076923,2.404950090912464,174.74769230769232,22,2280.08,-1587.2,0.5909090909090909,1.7090065549709565,103.64,38,656.7999999999997,-3671.22,0.631578947368421,1.085030138575305,17.284210526315782,0.345679012345679,0.4166666666666667,0.3882260054618101,2497.8999999999996,2515.3999999999996,3.143880905641506
ST5_5 & ST5_10 & ST15_5 & ST15_10 & ST15_50,5,"ST5_5,ST5_10,ST15_5,ST15_10,ST15_50",444,16705.819999999996,-6193.359999999975,0.5833333333333334,1.1730521018194597,37.625720720720714,0.9328351773944185,1.1909549708345906,989.04,-3459.48,30,3437.2000000000007,-1587.2,0.6333333333333333,1.9049168588548742,114.57333333333335,7,-117.66000000000008,-1587.2,0.42857142857142855,0.9258694556451612,-16.80857142857144,13,2271.7200000000003,-861.48,0.6923076923076923,2.404950090912464,174.74769230769232,0,0.0,0.0,0.0,,0.0,2,38.01999999999998,-174.74,0.5,1.2175804051734003,19.00999999999999,4,332.53999999999996,-174.74,0.5,2.2005921005126723,83.13499999999999,7,1430.6,-174.74,0.7142857142857143,6.164993862372734,204.37142857142857,13,2271.7200000000003,-861.48,0.6923076923076923,2.404950090912464,174.74769230769232,22,2280.08,-1587.2,0.5909090909090909,1.7090065549709565,103.64,38,656.7999999999997,-3671.22,0.631578947368421,1.085030138575305,17.284210526315782,0.3425925925925926,0.4166666666666667,0.3882260054618101,2497.8999999999996,2515.3999999999996,2.6973758993502823
ST5_5 & ST5_10 & ST15_5 & ST15_20 & ST15_50,5,"ST5_5,ST5_10,ST15_5,ST15_20,ST15_50",443,15984.46,-5919.34,0.5846501128668171,1.166070206694523,36.082302483069974,0.894958097202582,1.1394825137723659,989.04,-3459.48,30,3437.2000000000007,-1587.2,0.6333333333333333,1.9049168588548742,114.57333333333335,7,-117.66000000000008,-1587.2,0.42857142857142855,0.9258694556451612,-16.80857142857144,13,2271.7200000000003,-861.48,0.6923076923076923,2.404950090912464,174.74769230769232,0,0.0,0.0,0.0,,0.0,2,38.01999999999998,-174.74,0.5,1.2175804051734003,19.00999999999999,4,332.53999999999996,-174.74,0.5,2.2005921005126723,83.13499999999999,7,1430.6,-174.74,0.7142857142857143,6.164993862372734,204.37142857142857,13,2271.7200000000003,-861.48,0.6923076923076923,2.404950090912464,174.74769230769232,22,2280.08,-1587.2,0.5909090909090909,1.7090065549709565,103.64,38,656.7999999999997,-3671.22,0.631578947368421,1.085030138575305,17.284210526315782,0.341820987654321,0.4166666666666667,0.3882260054618101,2497.8999999999996,2515.3999999999996,2.700378758442664
ST5_5 & ST5_10 & ST5_20 & ST15_10 & ST15_20,5,"ST5_5,ST5_10,ST5_20,ST15_10,ST15_20",461,19418.339999999997,-6196.539999999999,0.5813449023861171,1.196600246145921,42.1222125813449,1.0503632274271018,1.3486059223283005,989.04,-3459.48,30,3816.4400000000005,-1587.1999999999998,0.6333333333333333,2.0047599490306345,127.21466666666669,7,-117.66000000000008,-1587.2,0.42857142857142855,0.9258694556451612,-16.80857142857144,11,1601.6799999999998,-861.48,0.6363636363636364,1.990562420374287,145.60727272727271,0,0.0,0.0,0.0,,0.0,2,38.01999999999998,-174.74,0.5,1.2175804051734003,19.00999999999999,4,332.53999999999996,-174.74,0.5,2.2005921005126723,83.13499999999999,7,1430.6,-174.74,0.7142857142857143,6.164993862372734,204.37142857142857,11,1601.6799999999998,-861.48,0.6363636363636364,1.990562420374287,145.60727272727271,21,1806.7999999999997,-1587.2,0.5714285714285714,1.561836884460863,86.03809523809522,39,1415.0600000000002,-3671.22,0.6410256410256411,1.1868603769797779,36.28358974358975,0.3557098765432099,0.4166666666666667,0.2737193969450777,2497.8999999999996,2515.3999999999996,3.133739151203736
ST5_5 & ST5_10 & ST5_20 & ST15_10 & ST15_50,5,"ST5_5,ST5_10,ST5_20,ST15_10,ST15_50",452,16986.299999999996,-6795.3399999999765,0.577433628318584,1.1729649182509283,37.580309734513264,0.931873500088988,1.1913316328565884,989.04,-3459.48,30,3816.4400000000005,-1587.1999999999998,0.6333333333333333,2.0047599490306345,127.21466666666669,7,-117.66000000000008,-1587.2,0.42857142857142855,0.9258694556451612,-16.80857142857144,11,1601.6799999999998,-861.48,0.6363636363636364,1.990562420374287,145.60727272727271,0,0.0,0.0,0.0,,0.0,2,38.01999999999998,-174.74,0.5,1.2175804051734003,19.00999999999999,4,332.53999999999996,-174.74,0.5,2.2005921005126723,83.13499999999999,7,1430.6,-174.74,0.7142857142857143,6.164993862372734,204.37142857142857,11,1601.6799999999998,-861.48,0.6363636363636364,1.990562420374287,145.60727272727271,21,1806.7999999999997,-1587.2,0.5714285714285714,1.561836884460863,86.03809523809522,39,1415.0600000000002,-3671.22,0.6410256410256411,1.1868603769797779,36.28358974358975,0.3487654320987654,0.4166666666666667,0.2737193969450777,2497.8999999999996,2515.3999999999996,2.499698322674076
ST5_5 & ST5_10 & ST5_20 & ST15_20 & ST15_50,5,"ST5_5,ST5_10,ST5_20,ST15_20,ST15_50",485,24788.059999999998,-6021.860000000004,0.5917525773195876,1.2480426214403249,51.10940206185567,1.2933960736580603,1.671190845249889,989.04,-3459.48,32,4982.98,-1587.1999999999996,0.65625,2.3118767046830735,155.718125,8,103.09999999999991,-1587.2,0.5,1.0649571572580645,12.887499999999989,12,2547.460000000001,-861.48,0.6666666666666666,2.575482083441562,212.2883333333334,0,0.0,0.0,0.0,,0.0,2,38.01999999999998,-174.74,0.5,1.2175804051734003,19.00999999999999,4,332.53999999999996,-174.74,0.5,2.2005921005126723,83.13499999999999,7,1430.6,-174.74,0.7142857142857143,6.164993862372734,204.37142857142857,12,2547.460000000001,-861.48,0.6666666666666666,2.575482083441562,212.2883333333334,23,2973.34,-1587.2,0.6086956521739131,1.924580519173601,129.27565217391304,41,2581.6000000000004,-3671.22,0.6585365853658537,1.340903388698002,62.965853658536595,0.3742283950617284,0.4444444444444444,0.43534864326314116,2497.8999999999996,2736.1599999999994,4.1163461123307385
ST5_5 & ST5_10 & ST5_20 & ST15_5 & ST15_10,5,"ST5_5,ST5_10,ST5_20,ST15_5,ST15_10",448,18162.14,-5919.34,0.5825892857142857,1.185597188738276,40.54049107142857,0.9935707039652946,1.2689103450414831,989.04,-3459.48,28,2767.1600000000008,-1587.2,0.6071428571428571,1.7285144114828506,98.82714285714289,7,-117.66000000000008,-1587.2,0.42857142857142855,0.9258694556451612,-16.80857142857144,11,1601.6799999999998,-861.48,0.6363636363636364,1.990562420374287,145.60727272727271,0,0.0,0.0,0.0,,0.0,2,38.01999999999998,-174.74,0.5,1.2175804051734003,19.00999999999999,4,332.53999999999996,-174.74,0.5,2.2005921005126723,83.13499999999999,7,1430.6,-174.74,0.7142857142857143,6.164993862372734,204.37142857142857,11,1601.6799999999998,-861.48,0.6363636363636364,1.990562420374287,145.60727272727271,20,1610.0399999999997,-1587.2,0.55,1.5006530094406507,80.50199999999998,35,241.49999999999932,-3671.22,0.6285714285714286,1.0323311350839004,6.899999999999981,0.345679012345679,0.3888888888888889,0.2737193969450777,2497.8999999999996,2515.3999999999996,3.068271124821348
ST5_5 & ST5_10 & ST5_20 & ST15_5 & ST15_20,5,"ST5_5,ST5_10,ST5_20,ST15_5,ST15_20",440,19189.559999999994,-5919.34,0.5886363636363636,1.2028339051358214,43.61263636363635,1.0791404045018642,1.3823048360447783,989.04,-3459.48,28,2767.1600000000008,-1587.2,0.6071428571428571,1.7285144114828506,98.82714285714289,7,-117.66000000000008,-1587.2,0.42857142857142855,0.9258694556451612,-16.80857142857144,11,1601.6799999999998,-861.48,0.6363636363636364,1.990562420374287,145.60727272727271,0,0.0,0.0,0.0,,0.0,2,38.01999999999998,-174.74,0.5,1.2175804051734003,19.00999999999999,4,332.53999999999996,-174.74,0.5,2.2005921005126723,83.13499999999999,7,1430.6,-174.74,0.7142857142857143,6.164993862372734,204.37142857142857,11,1601.6799999999998,-861.48,0.6363636363636364,1.990562420374287,145.60727272727271,20,1610.0399999999997,-1587.2,0.55,1.5006530094406507,80.50199999999998,35,241.49999999999932,-3671.22,0.6285714285714286,1.0323311350839004,6.899999999999981,0.3395061728395062,0.3888888888888889,0.2737193969450777,2497.8999999999996,2515.3999999999996,3.241841151209424
ST5_5 & ST5_10 & ST5_20 & ST15_5 & ST15_50,5,"ST5_5,ST5_10,ST5_20,ST15_5,ST15_50",437,16353.46,-7850.359999999977,0.5812356979405034,1.1701640200574168,37.422105263157896,0.9199537548692116,1.1750045052357148,989.04,-3459.48,28,2767.1600000000008,-1587.2,0.6071428571428571,1.7285144114828506,98.82714285714289,7,-117.66000000000008,-1587.2,0.42857142857142855,0.9258694556451612,-16.80857142857144,11,1601.6799999999998,-861.48,0.6363636363636364,1.990562420374287,145.60727272727271,0,0.0,0.0,0.0,,0.0,2,38.01999999999998,-174.74,0.5,1.2175804051734003,19.00999999999999,4,332.53999999999996,-174.74,0.5,2.2005921005126723,83.13499999999999,7,1430.6,-174.74,0.7142857142857143,6.164993862372734,204.37142857142857,11,1601.6799999999998,-861.48,0.6363636363636364,1.990562420374287,145.60727272727271,20,1610.0399999999997,-1587.2,0.55,1.5006530094406507,80.50199999999998,35,241.49999999999932,-3671.22,0.6285714285714286,1.0323311350839004,6.899999999999981,0.33719135802469136,0.3888888888888889,0.2737193969450777,2497.8999999999996,2515.3999999999996,2.0831477792101314
ST5_5 & ST5_10 & ST5_20 & ST5_50 & ST15_10,5,"ST5_5,ST5_10,ST5_20,ST5_50,ST15_10",459,18408.519999999997,-5419.559999999999,0.5816993464052288,1.1850064209725908,40.10570806100217,0.9897284262402092,1.2652219830338287,989.04,-3459.48,29,3942.1800000000003,-1461.4599999999998,0.6551724137931034,2.0733971932843582,135.93724137931036,6,8.079999999999927,-1461.46,0.5,1.005528717857485,1.3466666666666545,11,1601.6799999999998,-861.48,0.6363636363636364,1.990562420374287,145.60727272727271,0,0.0,0.0,0.0,,0.0,2,38.01999999999998,-174.74,0.5,1.2175804051734003,19.00999999999999,4,332.53999999999996,-174.74,0.5,2.2005921005126723,83.13499999999999,7,1430.6,-174.74,0.7142857142857143,6.164993862372734,204.37142857142857,11,1601.6799999999998,-861.48,0.6363636363636364,1.990562420374287,145.60727272727271,20,1932.5399999999997,-1461.46,0.6,1.6253891409450705,96.62699999999998,38,1540.8,-3671.22,0.6578947368421053,1.2068998855927426,40.54736842105263,0.3541666666666667,0.4027777777777778,0.2737193969450777,2623.6399999999994,2641.1399999999994,3.3966816494327956
ST5_5 & ST5_10 & ST5_20 & ST5_50 & ST15_20,5,"ST5_5,ST5_10,ST5_20,ST5_50,ST15_20",492,29455.77999999999,-5351.079999999996,0.6016260162601627,1.2962281714129633,59.86947154471543,1.5221251312290287,1.982629267537341,989.04,-3459.48,32,5403.24,-1461.4599999999996,0.6875,2.4712221792616718,168.85125,7,228.83999999999992,-1461.46,0.5714285714285714,1.1565831428845126,32.69142857142856,12,2547.460000000001,-861.48,0.6666666666666666,2.575482083441562,212.2883333333334,0,0.0,0.0,0.0,,0.0,2,38.01999999999998,-174.74,0.5,1.2175804051734003,19.00999999999999,4,332.53999999999996,-174.74,0.5,2.2005921005126723,83.13499999999999,7,1430.6,-174.74,0.7142857142857143,6.164993862372734,204.37142857142857,12,2547.460000000001,-861.48,0.6666666666666666,2.575482083441562,212.2883333333334,22,3099.08,-1461.46,0.6363636363636364,2.0028930728057626,140.86727272727273,41,3001.8600000000006,-3671.22,0.6829268292682927,1.4030922186951131,73.21609756097563,0.37962962962962965,0.4444444444444444,0.43534864326314116,2623.6399999999994,2861.8999999999996,5.504642053566759
ST5_5 & ST5_10 & ST5_20 & ST5_50 & ST15_5,5,"ST5_5,ST5_10,ST5_20,ST5_50,ST15_5",445,17302.619999999995,-6030.219999999974,0.5865168539325842,1.1763901362891707,38.88229213483145,0.9487069668853303,1.209227408009085,989.04,-3459.48,27,2892.9000000000005,-1461.46,0.6296296296296297,1.7876937989772967,107.14444444444446,6,8.079999999999927,-1461.46,0.5,1.005528717857485,1.3466666666666545,11,1601.6799999999998,-861.48,0.6363636363636364,1.990562420374287,145.60727272727271,0,0.0,0.0,0.0,,0.0,2,38.01999999999998,-174.74,0.5,1.2175804051734003,19.00999999999999,4,332.53999999999996,-174.74,0.5,2.2005921005126723,83.13499999999999,7,1430.6,-174.74,0.7142857142857143,6.164993862372734,204.37142857142857,11,1601.6799999999998,-861.48,0.6363636363636364,1.990562420374287,145.60727272727271,19,1735.7799999999997,-1461.46,0.5789473684210527,1.5617156504236052,91.35684210526314,34,367.24,-3671.22,0.6470588235294118,1.050006536090111,10.801176470588235,0.3433641975308642,0.375,0.2737193969450777,2623.6399999999994,2641.1399999999994,2.869318200662674
ST5_5 & ST5_10 & ST5_20 & ST5_50 & ST15_50,5,"ST5_5,ST5_10,ST5_20,ST5_50,ST15_50",507,27919.119999999995,-7000.340000000009,0.5877712031558185,1.2730806918236164,55.06729783037474,1.4112153141502206,1.8404212395267507,989.04,-3459.48,34,4653.0,-1588.1999999999996,0.6176470588235294,2.1270874007470315,136.85294117647058,8,102.09999999999991,-1588.2,0.5,1.0642866137766023,12.762499999999989,14,2218.4800000000005,-968.22,0.5714285714285714,2.140067423121197,158.4628571428572,0,0.0,0.0,0.0,,0.0,3,-184.22000000000003,-222.24,0.3333333333333333,0.5359463952843971,-61.40666666666667,5,110.29999999999995,-324.48,0.4,1.2209446736909577,22.05999999999999,9,1101.62,-324.48,0.5555555555555556,2.8179747838141127,122.4022222222222,14,2218.4800000000005,-968.22,0.5714285714285714,2.140067423121197,158.4628571428572,25,2643.3599999999997,-1588.2,0.56,1.7454778248436207,105.7344,44,2607.8999999999996,-3671.22,0.6363636363636364,1.3299969631016857,59.270454545454534,0.3912037037037037,0.4722222222222222,0.379127545910991,2496.8999999999996,2735.1599999999994,3.9882519991886047
ST5_5 & ST5_10 & ST5_50 & ST15_10 & ST15_20,5,"ST5_5,ST5_10,ST5_50,ST15_10,ST15_20",448,19224.77999999999,-5990.220000000001,0.5848214285714286,1.2022681223264267,42.91245535714284,1.0735720749025868,1.3763100792549314,989.04,-3459.48,29,3942.1800000000003,-1461.4599999999998,0.6551724137931034,2.0733971932843582,135.93724137931036,6,8.079999999999927,-1461.46,0.5,1.005528717857485,1.3466666666666545,11,1601.6799999999998,-861.48,0.6363636363636364,1.990562420374287,145.60727272727271,0,0.0,0.0,0.0,,0.0,2,38.01999999999998,-174.74,0.5,1.2175804051734003,19.00999999999999,4,332.53999999999996,-174.74,0.5,2.2005921005126723,83.13499999999999,7,1430.6,-174.74,0.7142857142857143,6.164993862372734,204.37142857142857,11,1601.6799999999998,-861.48,0.6363636363636364,1.990562420374287,145.60727272727271,20,1932.5399999999997,-1461.46,0.6,1.6253891409450705,96.62699999999998,38,1540.8,-3671.22,0.6578947368421053,1.2068998855927426,40.54736842105263,0.345679012345679,0.4027777777777778,0.2737193969450777,2623.6399999999994,2641.1399999999994,3.2093612588519265
ST5_5 & ST5_10 & ST5_50 & ST15_10 & ST15_50,5,"ST5_5,ST5_10,ST5_50,ST15_10,ST15_50",438,16861.980000000003,-6792.6799999999785,0.5821917808219178,1.1785986040863987,38.49767123287672,0.9565451877478931,1.2208264551437413,989.04,-3459.48,29,3942.1800000000003,-1461.4599999999998,0.6551724137931034,2.0733971932843582,135.93724137931036,6,8.079999999999927,-1461.46,0.5,1.005528717857485,1.3466666666666545,11,1601.6799999999998,-861.48,0.6363636363636364,1.990562420374287,145.60727272727271,0,0.0,0.0,0.0,,0.0,2,38.01999999999998,-174.74,0.5,1.2175804051734003,19.00999999999999,4,332.53999999999996,-174.74,0.5,2.2005921005126723,83.13499999999999,7,1430.6,-174.74,0.7142857142857143,6.164993862372734,204.37142857142857,11,1601.6799999999998,-861.48,0.6363636363636364,1.990562420374287,145.60727272727271,20,1932.5399999999997,-1461.46,0.6,1.6253891409450705,96.62699999999998,38,1540.8,-3671.22,0.6578947368421053,1.2068998855927426,40.54736842105263,0.33796296296296297,0.4027777777777778,0.2737193969450777,2623.6399999999994,2641.1399999999994,2.4823751450090477
ST5_5 & ST5_10 & ST5_50 & ST15_20 & ST15_50,5,"ST5_5,ST5_10,ST5_50,ST15_20,ST15_50",471,24663.739999999998,-6019.200000000008,0.5966029723991507,1.256537756402642,52.36462845010615,1.3286224367515589,1.714439067250421,989.04,-3459.48,31,5108.720000000001,-1461.4599999999996,0.6774193548387096,2.391028747869368,164.79741935483875,7,228.83999999999992,-1461.46,0.5714285714285714,1.1565831428845126,32.69142857142856,12,2547.460000000001,-861.48,0.6666666666666666,2.575482083441562,212.2883333333334,0,0.0,0.0,0.0,,0.0,2,38.01999999999998,-174.74,0.5,1.2175804051734003,19.00999999999999,4,332.53999999999996,-174.74,0.5,2.2005921005126723,83.13499999999999,7,1430.6,-174.74,0.7142857142857143,6.164993862372734,204.37142857142857,12,2547.460000000001,-861.48,0.6666666666666666,2.575482083441562,212.2883333333334,22,3099.08,-1461.46,0.6363636363636364,2.0028930728057626,140.86727272727273,40,2707.34,-3671.22,0.675,1.36354383194487,67.68350000000001,0.36342592592592593,0.4305555555555556,0.43534864326314116,2623.6399999999994,2861.8999999999996,4.097511297182344
ST5_5 & ST5_10 & ST5_50 & ST15_5 & ST15_10,5,"ST5_5,ST5_10,ST5_50,ST15_5,ST15_10",436,16597.379999999997,-5730.639999999999,0.5848623853211009,1.17378658444775,38.067385321100915,0.9314871843778231,1.1842040533860139,989.04,-3459.48,27,2892.9000000000005,-1461.46,0.6296296296296297,1.7876937989772967,107.14444444444446,6,8.079999999999927,-1461.46,0.5,1.005528717857485,1.3466666666666545,11,1601.6799999999998,-861.48,0.6363636363636364,1.990562420374287,145.60727272727271,0,0.0,0.0,0.0,,0.0,2,38.01999999999998,-174.74,0.5,1.2175804051734003,19.00999999999999,4,332.53999999999996,-174.74,0.5,2.2005921005126723,83.13499999999999,7,1430.6,-174.74,0.7142857142857143,6.164993862372734,204.37142857142857,11,1601.6799999999998,-861.48,0.6363636363636364,1.990562420374287,145.60727272727271,19,1735.7799999999997,-1461.46,0.5789473684210527,1.5617156504236052,91.35684210526314,34,367.24,-3671.22,0.6470588235294118,1.050006536090111,10.801176470588235,0.33641975308641975,0.375,0.2737193969450777,2623.6399999999994,2641.1399999999994,2.896252425558053
ST5_5 & ST5_10 & ST5_50 & ST15_5 & ST15_20,5,"ST5_5,ST5_10,ST5_50,ST15_5,ST15_20",428,17624.799999999996,-6075.0,0.5911214953271028,1.1910468728659416,41.17943925233644,1.017520504208873,1.2972930263682532,989.04,-3459.48,27,2892.9000000000005,-1461.46,0.6296296296296297,1.7876937989772967,107.14444444444446,6,8.079999999999927,-1461.46,0.5,1.005528717857485,1.3466666666666545,11,1601.6799999999998,-861.48,0.6363636363636364,1.990562420374287,145.60727272727271,0,0.0,0.0,0.0,,0.0,2,38.01999999999998,-174.74,0.5,1.2175804051734003,19.00999999999999,4,332.53999999999996,-174.74,0.5,2.2005921005126723,83.13499999999999,7,1430.6,-174.74,0.7142857142857143,6.164993862372734,204.37142857142857,11,1601.6799999999998,-861.48,0.6363636363636364,1.990562420374287,145.60727272727271,19,1735.7799999999997,-1461.46,0.5789473684210527,1.5617156504236052,91.35684210526314,34,367.24,-3671.22,0.6470588235294118,1.050006536090111,10.801176470588235,0.33024691358024694,0.375,0.2737193969450777,2623.6399999999994,2641.1399999999994,2.9012016460905343
ST5_5 & ST5_10 & ST5_50 & ST15_5 & ST15_50,5,"ST5_5,ST5_10,ST5_50,ST15_5,ST15_50",424,14857.939999999997,-7847.699999999979,0.5849056603773585,1.1586007467864488,35.042311320754706,0.8591506637531897,1.092159361622827,989.04,-3459.48,27,2892.9000000000005,-1461.46,0.6296296296296297,1.7876937989772967,107.14444444444446,6,8.079999999999927,-1461.46,0.5,1.005528717857485,1.3466666666666545,11,1601.6799999999998,-861.48,0.6363636363636364,1.990562420374287,145.60727272727271,0,0.0,0.0,0.0,,0.0,2,38.01999999999998,-174.74,0.5,1.2175804051734003,19.00999999999999,4,332.53999999999996,-174.74,0.5,2.2005921005126723,83.13499999999999,7,1430.6,-174.74,0.7142857142857143,6.164993862372734,204.37142857142857,11,1601.6799999999998,-861.48,0.6363636363636364,1.990562420374287,145.60727272727271,19,1735.7799999999997,-1461.46,0.5789473684210527,1.5617156504236052,91.35684210526314,34,367.24,-3671.22,0.6470588235294118,1.050006536090111,10.801176470588235,0.3271604938271605,0.375,0.2737193969450777,2623.6399999999994,2641.1399999999994,1.8932859309096979
ST5_5 & ST5_20 & ST15_10 & ST15_20 & ST15_50,5,"ST5_5,ST5_20,ST15_10,ST15_20,ST15_50",449,17361.919999999995,-6092.22,0.5812917594654788,1.1801495490948692,38.66797327394208,0.9627523764699263,1.2294926385412914,989.04,-3459.48,30,3816.4400000000005,-1587.1999999999998,0.6333333333333333,2.0047599490306345,127.21466666666669,7,-117.66000000000008,-1587.2,0.42857142857142855,0.9258694556451612,-16.80857142857144,11,1601.6799999999998,-861.48,0.6363636363636364,1.990562420374287,145.60727272727271,0,0.0,0.0,0.0,,0.0,2,38.01999999999998,-174.74,0.5,1.2175804051734003,19.00999999999999,4,332.53999999999996,-174.74,0.5,2.2005921005126723,83.13499999999999,7,1430.6,-174.74,0.7142857142857143,6.164993862372734,204.37142857142857,11,1601.6799999999998,-861.48,0.6363636363636364,1.990562420374287,145.60727272727271,21,1806.7999999999997,-1587.2,0.5714285714285714,1.561836884460863,86.03809523809522,39,1415.0600000000002,-3671.22,0.6410256410256411,1.1868603769797779,36.28358974358975,0.3464506172839506,0.4166666666666667,0.2737193969450777,2497.8999999999996,2515.3999999999996,2.8498511215944258
ST5_5 & ST5_20 & ST15_5 & ST15_10 & ST15_20,5,"ST5_5,ST5_20,ST15_5,ST15_10,ST15_20",437,20167.259999999995,-5919.34,0.5903890160183066,1.2167105340356985,46.149336384439344,1.1449054895212427,1.4689782647568101,989.04,-3459.48,28,2767.1600000000008,-1587.2,0.6071428571428571,1.7285144114828506,98.82714285714289,7,-117.66000000000008,-1587.2,0.42857142857142855,0.9258694556451612,-16.80857142857144,11,1601.6799999999998,-861.48,0.6363636363636364,1.990562420374287,145.60727272727271,0,0.0,0.0,0.0,,0.0,2,38.01999999999998,-174.74,0.5,1.2175804051734003,19.00999999999999,4,332.53999999999996,-174.74,0.5,2.2005921005126723,83.13499999999999,7,1430.6,-174.74,0.7142857142857143,6.164993862372734,204.37142857142857,11,1601.6799999999998,-861.48,0.6363636363636364,1.990562420374287,145.60727272727271,20,1610.0399999999997,-1587.2,0.55,1.5006530094406507,80.50199999999998,35,241.49999999999932,-3671.22,0.6285714285714286,1.0323311350839004,6.899999999999981,0.33719135802469136,0.3888888888888889,0.2737193969450777,2497.8999999999996,2515.3999999999996,3.4070115925086233
ST5_5 & ST5_20 & ST15_5 & ST15_10 & ST15_50,5,"ST5_5,ST5_20,ST15_5,ST15_10,ST15_50",434,18194.139999999996,-6581.659999999976,0.5852534562211982,1.193938514054838,41.921981566820264,1.034934959746262,1.3251215802743928,989.04,-3459.48,28,2767.1600000000008,-1587.2,0.6071428571428571,1.7285144114828506,98.82714285714289,7,-117.66000000000008,-1587.2,0.42857142857142855,0.9258694556451612,-16.80857142857144,11,1601.6799999999998,-861.48,0.6363636363636364,1.990562420374287,145.60727272727271,0,0.0,0.0,0.0,,0.0,2,38.01999999999998,-174.74,0.5,1.2175804051734003,19.00999999999999,4,332.53999999999996,-174.74,0.5,2.2005921005126723,83.13499999999999,7,1430.6,-174.74,0.7142857142857143,6.164993862372734,204.37142857142857,11,1601.6799999999998,-861.48,0.6363636363636364,1.990562420374287,145.60727272727271,20,1610.0399999999997,-1587.2,0.55,1.5006530094406507,80.50199999999998,35,241.49999999999932,-3671.22,0.6285714285714286,1.0323311350839004,6.899999999999981,0.33487654320987653,0.3888888888888889,0.2737193969450777,2497.8999999999996,2515.3999999999996,2.764369475178004
ST5_5 & ST5_20 & ST15_5 & ST15_20 & ST15_50,5,"ST5_5,ST5_20,ST15_5,ST15_20,ST15_50",433,17472.78,-6254.259999999978,0.5866050808314087,1.1868170687922714,40.352840646651266,0.9966096511271498,1.272533997066249,989.04,-3459.48,28,2767.1600000000008,-1587.2,0.6071428571428571,1.7285144114828506,98.82714285714289,7,-117.66000000000008,-1587.2,0.42857142857142855,0.9258694556451612,-16.80857142857144,11,1601.6799999999998,-861.48,0.6363636363636364,1.990562420374287,145.60727272727271,0,0.0,0.0,0.0,,0.0,2,38.01999999999998,-174.74,0.5,1.2175804051734003,19.00999999999999,4,332.53999999999996,-174.74,0.5,2.2005921005126723,83.13499999999999,7,1430.6,-174.74,0.7142857142857143,6.164993862372734,204.37142857142857,11,1601.6799999999998,-861.48,0.6363636363636364,1.990562420374287,145.60727272727271,20,1610.0399999999997,-1587.2,0.55,1.5006530094406507,80.50199999999998,35,241.49999999999932,-3671.22,0.6285714285714286,1.0323311350839004,6.899999999999981,0.3341049382716049,0.3888888888888889,0.2737193969450777,2497.8999999999996,2515.3999999999996,2.793740586416308
ST5_5 & ST5_20 & ST5_50 & ST15_10 & ST15_20,5,"ST5_5,ST5_20,ST5_50,ST15_10,ST15_20",448,20413.639999999996,-5990.220000000001,0.5892857142857143,1.2155496687399112,45.56616071428571,1.1383103358485673,1.4619448982083725,989.04,-3459.48,29,3942.1800000000003,-1461.4599999999998,0.6551724137931034,2.0733971932843582,135.93724137931036,6,8.079999999999927,-1461.46,0.5,1.005528717857485,1.3466666666666545,11,1601.6799999999998,-861.48,0.6363636363636364,1.990562420374287,145.60727272727271,0,0.0,0.0,0.0,,0.0,2,38.01999999999998,-174.74,0.5,1.2175804051734003,19.00999999999999,4,332.53999999999996,-174.74,0.5,2.2005921005126723,83.13499999999999,7,1430.6,-174.74,0.7142857142857143,6.164993862372734,204.37142857142857,11,1601.6799999999998,-861.48,0.6363636363636364,1.990562420374287,145.60727272727271,20,1932.5399999999997,-1461.46,0.6,1.6253891409450705,96.62699999999998,38,1540.8,-3671.22,0.6578947368421053,1.2068998855927426,40.54736842105263,0.345679012345679,0.4027777777777778,0.2737193969450777,2623.6399999999994,2641.1399999999994,3.407828093125126
ST5_5 & ST5_20 & ST5_50 & ST15_10 & ST15_50,5,"ST5_5,ST5_20,ST5_50,ST15_10,ST15_50",439,17981.600000000002,-6792.6799999999785,0.5854214123006833,1.191007146940684,40.96036446469249,1.017345629716696,1.3008422401001425,989.04,-3459.48,29,3942.1800000000003,-1461.4599999999998,0.6551724137931034,2.0733971932843582,135.93724137931036,6,8.079999999999927,-1461.46,0.5,1.005528717857485,1.3466666666666545,11,1601.6799999999998,-861.48,0.6363636363636364,1.990562420374287,145.60727272727271,0,0.0,0.0,0.0,,0.0,2,38.01999999999998,-174.74,0.5,1.2175804051734003,19.00999999999999,4,332.53999999999996,-174.74,0.5,2.2005921005126723,83.13499999999999,7,1430.6,-174.74,0.7142857142857143,6.164993862372734,204.37142857142857,11,1601.6799999999998,-861.48,0.6363636363636364,1.990562420374287,145.60727272727271,20,1932.5399999999997,-1461.46,0.6,1.6253891409450705,96.62699999999998,38,1540.8,-3671.22,0.6578947368421053,1.2068998855927426,40.54736842105263,0.3387345679012346,0.4027777777777778,0.2737193969450777,2623.6399999999994,2641.1399999999994,2.647202576891604
ST5_5 & ST5_20 & ST5_50 & ST15_20 & ST15_50,5,"ST5_5,ST5_20,ST5_50,ST15_20,ST15_50",473,25846.879999999997,-6019.200000000008,0.6004228329809725,1.2696061210167535,54.6445665961945,1.3874737649464912,1.7934777459999796,989.04,-3459.48,31,5108.720000000001,-1461.4599999999996,0.6774193548387096,2.391028747869368,164.79741935483875,7,228.83999999999992,-1461.46,0.5714285714285714,1.1565831428845126,32.69142857142856,12,2547.460000000001,-861.48,0.6666666666666666,2.575482083441562,212.2883333333334,0,0.0,0.0,0.0,,0.0,2,38.01999999999998,-174.74,0.5,1.2175804051734003,19.00999999999999,4,332.53999999999996,-174.74,0.5,2.2005921005126723,83.13499999999999,7,1430.6,-174.74,0.7142857142857143,6.164993862372734,204.37142857142857,12,2547.460000000001,-861.48,0.6666666666666666,2.575482083441562,212.2883333333334,22,3099.08,-1461.46,0.6363636363636364,2.0028930728057626,140.86727272727273,40,2707.34,-3671.22,0.675,1.36354383194487,67.68350000000001,0.36496913580246915,0.4305555555555556,0.43534864326314116,2623.6399999999994,2861.8999999999996,4.294072301967033
ST5_5 & ST5_20 & ST5_50 & ST15_5 & ST15_10,5,"ST5_5,ST5_20,ST5_50,ST15_5,ST15_10",436,17786.239999999998,-5730.639999999999,0.5894495412844036,1.1869021073227732,40.79412844036697,0.996756409957206,1.269467548873506,989.04,-3459.48,27,2892.9000000000005,-1461.46,0.6296296296296297,1.7876937989772967,107.14444444444446,6,8.079999999999927,-1461.46,0.5,1.005528717857485,1.3466666666666545,11,1601.6799999999998,-861.48,0.6363636363636364,1.990562420374287,145.60727272727271,0,0.0,0.0,0.0,,0.0,2,38.01999999999998,-174.74,0.5,1.2175804051734003,19.00999999999999,4,332.53999999999996,-174.74,0.5,2.2005921005126723,83.13499999999999,7,1430.6,-174.74,0.7142857142857143,6.164993862372734,204.37142857142857,11,1601.6799999999998,-861.48,0.6363636363636364,1.990562420374287,145.60727272727271,19,1735.7799999999997,-1461.46,0.5789473684210527,1.5617156504236052,91.35684210526314,34,367.24,-3671.22,0.6470588235294118,1.050006536090111,10.801176470588235,0.33641975308641975,0.375,0.2737193969450777,2623.6399999999994,2641.1399999999994,3.103709184314492
ST5_5 & ST5_20 & ST5_50 & ST15_5 & ST15_20,5,"ST5_5,ST5_20,ST5_50,ST15_5,ST15_20",428,18813.659999999996,-6075.0,0.5957943925233645,1.2046902706281886,43.95714953271027,1.0845372085251346,1.3853016811614038,989.04,-3459.48,27,2892.9000000000005,-1461.46,0.6296296296296297,1.7876937989772967,107.14444444444446,6,8.079999999999927,-1461.46,0.5,1.005528717857485,1.3466666666666545,11,1601.6799999999998,-861.48,0.6363636363636364,1.990562420374287,145.60727272727271,0,0.0,0.0,0.0,,0.0,2,38.01999999999998,-174.74,0.5,1.2175804051734003,19.00999999999999,4,332.53999999999996,-174.74,0.5,2.2005921005126723,83.13499999999999,7,1430.6,-174.74,0.7142857142857143,6.164993862372734,204.37142857142857,11,1601.6799999999998,-861.48,0.6363636363636364,1.990562420374287,145.60727272727271,19,1735.7799999999997,-1461.46,0.5789473684210527,1.5617156504236052,91.35684210526314,34,367.24,-3671.22,0.6470588235294118,1.050006536090111,10.801176470588235,0.33024691358024694,0.375,0.2737193969450777,2623.6399999999994,2641.1399999999994,3.096898765432098
ST5_5 & ST5_20 & ST5_50 & ST15_5 & ST15_50,5,"ST5_5,ST5_20,ST5_50,ST15_5,ST15_50",425,15977.559999999998,-7847.699999999979,0.5882352941176471,1.1710482620319997,37.59425882352941,0.9213726035181257,1.1734704461645422,989.04,-3459.48,27,2892.9000000000005,-1461.46,0.6296296296296297,1.7876937989772967,107.14444444444446,6,8.079999999999927,-1461.46,0.5,1.005528717857485,1.3466666666666545,11,1601.6799999999998,-861.48,0.6363636363636364,1.990562420374287,145.60727272727271,0,0.0,0.0,0.0,,0.0,2,38.01999999999998,-174.74,0.5,1.2175804051734003,19.00999999999999,4,332.53999999999996,-174.74,0.5,2.2005921005126723,83.13499999999999,7,1430.6,-174.74,0.7142857142857143,6.164993862372734,204.37142857142857,11,1601.6799999999998,-861.48,0.6363636363636364,1.990562420374287,145.60727272727271,19,1735.7799999999997,-1461.46,0.5789473684210527,1.5617156504236052,91.35684210526314,34,367.24,-3671.22,0.6470588235294118,1.050006536090111,10.801176470588235,0.3279320987654321,0.375,0.2737193969450777,2623.6399999999994,2641.1399999999994,2.0359544834792414
ST5_5 & ST5_50 & ST15_10 & ST15_20 & ST15_50,5,"ST5_5,ST5_50,ST15_10,ST15_20,ST15_50",436,17239.939999999995,-5701.420000000001,0.5871559633027523,1.1862143844847883,39.541146788990815,0.9877721764669234,1.2592545527615897,989.04,-3459.48,29,3942.1800000000003,-1461.4599999999998,0.6551724137931034,2.0733971932843582,135.93724137931036,6,8.079999999999927,-1461.46,0.5,1.005528717857485,1.3466666666666545,11,1601.6799999999998,-861.48,0.6363636363636364,1.990562420374287,145.60727272727271,0,0.0,0.0,0.0,,0.0,2,38.01999999999998,-174.74,0.5,1.2175804051734003,19.00999999999999,4,332.53999999999996,-174.74,0.5,2.2005921005126723,83.13499999999999,7,1430.6,-174.74,0.7142857142857143,6.164993862372734,204.37142857142857,11,1601.6799999999998,-861.48,0.6363636363636364,1.990562420374287,145.60727272727271,20,1932.5399999999997,-1461.46,0.6,1.6253891409450705,96.62699999999998,38,1540.8,-3671.22,0.6578947368421053,1.2068998855927426,40.54736842105263,0.33641975308641975,0.4027777777777778,0.2737193969450777,2623.6399999999994,2641.1399999999994,3.023797580251936
ST5_5 & ST5_50 & ST15_5 & ST15_10 & ST15_20,5,"ST5_5,ST5_50,ST15_5,ST15_10,ST15_20",426,18604.839999999997,-6075.0,0.5938967136150235,1.2051083837077832,43.673333333333325,1.0832910708019172,1.3834188094230433,989.04,-3459.48,27,2892.9000000000005,-1461.46,0.6296296296296297,1.7876937989772967,107.14444444444446,6,8.079999999999927,-1461.46,0.5,1.005528717857485,1.3466666666666545,11,1601.6799999999998,-861.48,0.6363636363636364,1.990562420374287,145.60727272727271,0,0.0,0.0,0.0,,0.0,2,38.01999999999998,-174.74,0.5,1.2175804051734003,19.00999999999999,4,332.53999999999996,-174.74,0.5,2.2005921005126723,83.13499999999999,7,1430.6,-174.74,0.7142857142857143,6.164993862372734,204.37142857142857,11,1601.6799999999998,-861.48,0.6363636363636364,1.990562420374287,145.60727272727271,19,1735.7799999999997,-1461.46,0.5789473684210527,1.5617156504236052,91.35684210526314,34,367.24,-3671.22,0.6470588235294118,1.050006536090111,10.801176470588235,0.3287037037037037,0.375,0.2737193969450777,2623.6399999999994,2641.1399999999994,3.0625251028806577
ST5_5 & ST5_50 & ST15_5 & ST15_10 & ST15_50,5,"ST5_5,ST5_50,ST15_5,ST15_10,ST15_50",422,16700.96,-6578.999999999978,0.590047393364929,1.182741325592841,39.5757345971564,0.9756206002639988,1.2432626617516205,989.04,-3459.48,27,2892.9000000000005,-1461.46,0.6296296296296297,1.7876937989772967,107.14444444444446,6,8.079999999999927,-1461.46,0.5,1.005528717857485,1.3466666666666545,11,1601.6799999999998,-861.48,0.6363636363636364,1.990562420374287,145.60727272727271,0,0.0,0.0,0.0,,0.0,2,38.01999999999998,-174.74,0.5,1.2175804051734003,19.00999999999999,4,332.53999999999996,-174.74,0.5,2.2005921005126723,83.13499999999999,7,1430.6,-174.74,0.7142857142857143,6.164993862372734,204.37142857142857,11,1601.6799999999998,-861.48,0.6363636363636364,1.990562420374287,145.60727272727271,19,1735.7799999999997,-1461.46,0.5789473684210527,1.5617156504236052,91.35684210526314,34,367.24,-3671.22,0.6470588235294118,1.050006536090111,10.801176470588235,0.3256172839506173,0.375,0.2737193969450777,2623.6399999999994,2641.1399999999994,2.538525611795114
ST5_5 & ST5_50 & ST15_5 & ST15_20 & ST15_50,5,"ST5_5,ST5_50,ST15_5,ST15_20,ST15_50",421,15979.599999999999,-6251.59999999998,0.5914489311163895,1.1753954619074987,37.9562945368171,0.9361009285508577,1.1895333686572451,989.04,-3459.48,27,2892.9000000000005,-1461.46,0.6296296296296297,1.7876937989772967,107.14444444444446,6,8.079999999999927,-1461.46,0.5,1.005528717857485,1.3466666666666545,11,1601.6799999999998,-861.48,0.6363636363636364,1.990562420374287,145.60727272727271,0,0.0,0.0,0.0,,0.0,2,38.01999999999998,-174.74,0.5,1.2175804051734003,19.00999999999999,4,332.53999999999996,-174.74,0.5,2.2005921005126723,83.13499999999999,7,1430.6,-174.74,0.7142857142857143,6.164993862372734,204.37142857142857,11,1601.6799999999998,-861.48,0.6363636363636364,1.990562420374287,145.60727272727271,19,1735.7799999999997,-1461.46,0.5789473684210527,1.5617156504236052,91.35684210526314,34,367.24,-3671.22,0.6470588235294118,1.050006536090111,10.801176470588235,0.3248456790123457,0.375,0.2737193969450777,2623.6399999999994,2641.1399999999994,2.5560816430993745
ST5_50 & ST15_5 & ST15_10 & ST15_20 & ST15_50,5,"ST5_50,ST15_5,ST15_10,ST15_20,ST15_50",478,11697.84,-7625.5199999999795,0.5774058577405857,1.1102156555480935,24.47246861924686,0.5955362221828469,0.7441332579432964,989.04,-3780.96,31,3139.9400000000005,-1461.46,0.6129032258064516,1.8211999163092378,101.28838709677422,6,8.079999999999927,-1461.46,0.5,1.005528717857485,1.3466666666666545,14,1551.4599999999998,-861.48,0.5714285714285714,1.877562333137246,110.81857142857142,1,100.76,0.0,1.0,,100.76,3,138.77999999999997,-174.74,0.6666666666666666,1.7942085383999082,46.25999999999999,5,433.29999999999995,-174.74,0.6,2.564372878908224,86.66,8,1531.36,-174.74,0.75,6.528774640768286,191.42,12,1702.4399999999998,-861.48,0.6666666666666666,2.052877657798063,141.86999999999998,22,1685.5599999999997,-1461.46,0.5454545454545454,1.5200547958730317,76.61636363636363,38,614.2799999999995,-3671.22,0.631578947368421,1.0819606074595522,16.165263157894724,0.36882716049382713,0.4305555555555556,0.26513704084736667,2623.6399999999994,2641.1399999999994,1.5340383344349018
ST5_10 & ST5_20 & ST15_5 & ST15_10 & ST15_20 & ST15_50,6,"ST5_10,ST5_20,ST15_5,ST15_10,ST15_20,ST15_50",439,15771.759999999997,-6161.26,0.5808656036446469,1.1636371068867868,35.926560364464684,0.8857133796626385,1.1270289182932112,989.04,-3459.48,28,2767.1600000000008,-1587.2,0.6071428571428571,1.7285144114828506,98.82714285714289,7,-117.66000000000008,-1587.2,0.42857142857142855,0.9258694556451612,-16.80857142857144,11,1601.6799999999998,-861.48,0.6363636363636364,1.990562420374287,145.60727272727271,0,0.0,0.0,0.0,,0.0,2,38.01999999999998,-174.74,0.5,1.2175804051734003,19.00999999999999,4,332.53999999999996,-174.74,0.5,2.2005921005126723,83.13499999999999,7,1430.6,-174.74,0.7142857142857143,6.164993862372734,204.37142857142857,11,1601.6799999999998,-861.48,0.6363636363636364,1.990562420374287,145.60727272727271,20,1610.0399999999997,-1587.2,0.55,1.5006530094406507,80.50199999999998,35,241.49999999999932,-3671.22,0.6285714285714286,1.0323311350839004,6.899999999999981,0.3387345679012346,0.3888888888888889,0.2737193969450777,2497.8999999999996,2515.3999999999996,2.5598270483634833
ST5_10 & ST5_20 & ST5_50 & ST15_10 & ST15_20 & ST15_50,6,"ST5_10,ST5_20,ST5_50,ST15_10,ST15_20,ST15_50",446,13651.0,-6096.620000000001,0.5762331838565022,1.1394980481922787,30.60762331838565,0.7608322084417634,0.9648974045287958,989.04,-3459.48,30,3655.4400000000005,-1461.4599999999998,0.6333333333333333,1.9232401196152915,121.84800000000001,6,8.079999999999927,-1461.46,0.5,1.005528717857485,1.3466666666666545,11,1601.6799999999998,-861.48,0.6363636363636364,1.990562420374287,145.60727272727271,0,0.0,0.0,0.0,,0.0,2,38.01999999999998,-174.74,0.5,1.2175804051734003,19.00999999999999,4,332.53999999999996,-174.74,0.5,2.2005921005126723,83.13499999999999,7,1430.6,-174.74,0.7142857142857143,6.164993862372734,204.37142857142857,11,1601.6799999999998,-861.48,0.6363636363636364,1.990562420374287,145.60727272727271,20,1932.5399999999997,-1461.46,0.6,1.6253891409450705,96.62699999999998,39,1254.06,-3671.22,0.6410256410256411,1.1621527265956542,32.15538461538461,0.3441358024691358,0.4166666666666667,0.2737193969450777,2623.6399999999994,2641.1399999999994,2.2391095393841174
ST5_10 & ST5_20 & ST5_50 & ST15_5 & ST15_10 & ST15_20,6,"ST5_10,ST5_20,ST5_50,ST15_5,ST15_10,ST15_20",433,17104.359999999993,-6175.74,0.5889145496535797,1.1804894427927834,39.501986143187054,0.9712707197963111,1.2369088635016146,989.04,-3459.48,27,2892.9000000000005,-1461.46,0.6296296296296297,1.7876937989772967,107.14444444444446,6,8.079999999999927,-1461.46,0.5,1.005528717857485,1.3466666666666545,11,1601.6799999999998,-861.48,0.6363636363636364,1.990562420374287,145.60727272727271,0,0.0,0.0,0.0,,0.0,2,38.01999999999998,-174.74,0.5,1.2175804051734003,19.00999999999999,4,332.53999999999996,-174.74,0.5,2.2005921005126723,83.13499999999999,7,1430.6,-174.74,0.7142857142857143,6.164993862372734,204.37142857142857,11,1601.6799999999998,-861.48,0.6363636363636364,1.990562420374287,145.60727272727271,19,1735.7799999999997,-1461.46,0.5789473684210527,1.5617156504236052,91.35684210526314,34,367.24,-3671.22,0.6470588235294118,1.050006536090111,10.801176470588235,0.3341049382716049,0.375,0.2737193969450777,2623.6399999999994,2641.1399999999994,2.7696049380317165
ST5_10 & ST5_20 & ST5_50 & ST15_5 & ST15_10 & ST15_50,6,"ST5_10,ST5_20,ST5_50,ST15_5,ST15_10,ST15_50",429,14260.459999999997,-7430.479999999976,0.5827505827505828,1.1492934230935448,33.2411655011655,0.8139964025926196,1.0324652476317016,989.04,-3459.48,27,2892.9000000000005,-1461.46,0.6296296296296297,1.7876937989772967,107.14444444444446,6,8.079999999999927,-1461.46,0.5,1.005528717857485,1.3466666666666545,11,1601.6799999999998,-861.48,0.6363636363636364,1.990562420374287,145.60727272727271,0,0.0,0.0,0.0,,0.0,2,38.01999999999998,-174.74,0.5,1.2175804051734003,19.00999999999999,4,332.53999999999996,-174.74,0.5,2.2005921005126723,83.13499999999999,7,1430.6,-174.74,0.7142857142857143,6.164993862372734,204.37142857142857,11,1601.6799999999998,-861.48,0.6363636363636364,1.990562420374287,145.60727272727271,19,1735.7799999999997,-1461.46,0.5789473684210527,1.5617156504236052,91.35684210526314,34,367.24,-3671.22,0.6470588235294118,1.050006536090111,10.801176470588235,0.33101851851851855,0.375,0.2737193969450777,2623.6399999999994,2641.1399999999994,1.9191842249760505
ST5_10 & ST5_20 & ST5_50 & ST15_5 & ST15_20 & ST15_50,6,"ST5_10,ST5_20,ST5_50,ST15_5,ST15_20,ST15_50",428,13539.099999999997,-7103.079999999979,0.5841121495327103,1.142165857051444,31.633411214953263,0.7749566303962693,0.9802407198628923,989.04,-3459.48,27,2892.9000000000005,-1461.46,0.6296296296296297,1.7876937989772967,107.14444444444446,6,8.079999999999927,-1461.46,0.5,1.005528717857485,1.3466666666666545,11,1601.6799999999998,-861.48,0.6363636363636364,1.990562420374287,145.60727272727271,0,0.0,0.0,0.0,,0.0,2,38.01999999999998,-174.74,0.5,1.2175804051734003,19.00999999999999,4,332.53999999999996,-174.74,0.5,2.2005921005126723,83.13499999999999,7,1430.6,-174.74,0.7142857142857143,6.164993862372734,204.37142857142857,11,1601.6799999999998,-861.48,0.6363636363636364,1.990562420374287,145.60727272727271,19,1735.7799999999997,-1461.46,0.5789473684210527,1.5617156504236052,91.35684210526314,34,367.24,-3671.22,0.6470588235294118,1.050006536090111,10.801176470588235,0.33024691358024694,0.375,0.2737193969450777,2623.6399999999994,2641.1399999999994,1.9060886263423806
ST5_10 & ST5_50 & ST15_5 & ST15_10 & ST15_20 & ST15_50,6,"ST5_10,ST5_50,ST15_5,ST15_10,ST15_20,ST15_50",428,12878.539999999997,-6331.73999999998,0.5817757009345794,1.1359039970013307,30.090046728971956,0.7415364629521658,0.9370113822288376,989.04,-3459.48,27,2892.9000000000005,-1461.46,0.6296296296296297,1.7876937989772967,107.14444444444446,6,8.079999999999927,-1461.46,0.5,1.005528717857485,1.3466666666666545,11,1601.6799999999998,-861.48,0.6363636363636364,1.990562420374287,145.60727272727271,0,0.0,0.0,0.0,,0.0,2,38.01999999999998,-174.74,0.5,1.2175804051734003,19.00999999999999,4,332.53999999999996,-174.74,0.5,2.2005921005126723,83.13499999999999,7,1430.6,-174.74,0.7142857142857143,6.164993862372734,204.37142857142857,11,1601.6799999999998,-861.48,0.6363636363636364,1.990562420374287,145.60727272727271,19,1735.7799999999997,-1461.46,0.5789473684210527,1.5617156504236052,91.35684210526314,34,367.24,-3671.22,0.6470588235294118,1.050006536090111,10.801176470588235,0.33024691358024694,0.375,0.2737193969450777,2623.6399999999994,2641.1399999999994,2.033965387081598
ST5_20 & ST5_50 & ST15_5 & ST15_10 & ST15_20 & ST15_50,6,"ST5_20,ST5_50,ST15_5,ST15_10,ST15_20,ST15_50",446,16249.039999999997,-6214.48,0.5829596412556054,1.1680639032225701,36.432825112107615,0.9041722804558744,1.152611464904907,989.04,-3459.48,28,2833.6600000000008,-1461.46,0.6071428571428571,1.7593157299577156,101.20214285714289,6,8.079999999999927,-1461.46,0.5,1.005528717857485,1.3466666666666545,12,1542.4399999999998,-861.48,0.5833333333333334,1.9202114331396387,128.53666666666666,0,0.0,0.0,0.0,,0.0,2,38.01999999999998,-174.74,0.5,1.2175804051734003,19.00999999999999,4,332.53999999999996,-174.74,0.5,2.2005921005126723,83.13499999999999,7,1430.6,-174.74,0.7142857142857143,6.164993862372734,204.37142857142857,11,1601.6799999999998,-861.48,0.6363636363636364,1.990562420374287,145.60727272727271,20,1676.5399999999997,-1461.46,0.55,1.532339698607345,83.82699999999998,35,307.9999999999993,-3671.22,0.6285714285714286,1.0416043052351185,8.799999999999981,0.3441358024691358,0.3888888888888889,0.26359556629536834,2623.6399999999994,2641.1399999999994,2.6147062988375533
ST5_5 & ST5_10 & ST15_5 & ST15_10 & ST15_20 & ST15_50,6,"ST5_5,ST5_10,ST15_5,ST15_10,ST15_20,ST15_50",438,16135.039999999997,-5919.34,0.5844748858447488,1.1703719706650502,36.837990867579904,0.9156239753872432,1.165578532949866,989.04,-3459.48,30,3437.2000000000007,-1587.2,0.6333333333333333,1.9049168588548742,114.57333333333335,7,-117.66000000000008,-1587.2,0.42857142857142855,0.9258694556451612,-16.80857142857144,13,2271.7200000000003,-861.48,0.6923076923076923,2.404950090912464,174.74769230769232,0,0.0,0.0,0.0,,0.0,2,38.01999999999998,-174.74,0.5,1.2175804051734003,19.00999999999999,4,332.53999999999996,-174.74,0.5,2.2005921005126723,83.13499999999999,7,1430.6,-174.74,0.7142857142857143,6.164993862372734,204.37142857142857,13,2271.7200000000003,-861.48,0.6923076923076923,2.404950090912464,174.74769230769232,22,2280.08,-1587.2,0.5909090909090909,1.7090065549709565,103.64,38,656.7999999999997,-3671.22,0.631578947368421,1.085030138575305,17.284210526315782,0.33796296296296297,0.4166666666666667,0.3882260054618101,2497.8999999999996,2515.3999999999996,2.7258174053188355
ST5_5 & ST5_10 & ST5_20 & ST15_10 & ST15_20 & ST15_50,6,"ST5_5,ST5_10,ST5_20,ST15_10,ST15_20,ST15_50",446,16415.520000000004,-6092.220000000001,0.57847533632287,1.1703295791109398,36.80609865470853,0.9149537287901963,1.1663759811380756,989.04,-3459.48,30,3816.4400000000005,-1587.1999999999998,0.6333333333333333,2.0047599490306345,127.21466666666669,7,-117.66000000000008,-1587.2,0.42857142857142855,0.9258694556451612,-16.80857142857144,11,1601.6799999999998,-861.48,0.6363636363636364,1.990562420374287,145.60727272727271,0,0.0,0.0,0.0,,0.0,2,38.01999999999998,-174.74,0.5,1.2175804051734003,19.00999999999999,4,332.53999999999996,-174.74,0.5,2.2005921005126723,83.13499999999999,7,1430.6,-174.74,0.7142857142857143,6.164993862372734,204.37142857142857,11,1601.6799999999998,-861.48,0.6363636363636364,1.990562420374287,145.60727272727271,21,1806.7999999999997,-1587.2,0.5714285714285714,1.561836884460863,86.03809523809522,39,1415.0600000000002,-3671.22,0.6410256410256411,1.1868603769797779,36.28358974358975,0.3441358024691358,0.4166666666666667,0.2737193969450777,2497.8999999999996,2515.3999999999996,2.694505451214828
ST5_5 & ST5_10 & ST5_20 & ST15_5 & ST15_10 & ST15_20,6,"ST5_5,ST5_10,ST5_20,ST15_5,ST15_10,ST15_20",434,19220.859999999993,-5919.34,0.5875576036866359,1.2065408407104086,44.28769585253455,1.0968917620807284,1.4048732452468244,989.04,-3459.48,28,2767.1600000000008,-1587.2,0.6071428571428571,1.7285144114828506,98.82714285714289,7,-117.66000000000008,-1587.2,0.42857142857142855,0.9258694556451612,-16.80857142857144,11,1601.6799999999998,-861.48,0.6363636363636364,1.990562420374287,145.60727272727271,0,0.0,0.0,0.0,,0.0,2,38.01999999999998,-174.74,0.5,1.2175804051734003,19.00999999999999,4,332.53999999999996,-174.74,0.5,2.2005921005126723,83.13499999999999,7,1430.6,-174.74,0.7142857142857143,6.164993862372734,204.37142857142857,11,1601.6799999999998,-861.48,0.6363636363636364,1.990562420374287,145.60727272727271,20,1610.0399999999997,-1587.2,0.55,1.5006530094406507,80.50199999999998,35,241.49999999999932,-3671.22,0.6285714285714286,1.0323311350839004,6.899999999999981,0.33487654320987653,0.3888888888888889,0.2737193969450777,2497.8999999999996,2515.3999999999996,3.247128902884442
ST5_5 & ST5_10 & ST5_20 & ST15_5 & ST15_10 & ST15_50,6,"ST5_5,ST5_10,ST5_20,ST15_5,ST15_10,ST15_50",431,17247.739999999998,-6581.659999999976,0.5823665893271461,1.1838504631933244,40.01795823665893,0.9862759785277284,1.2605573848949707,989.04,-3459.48,28,2767.1600000000008,-1587.2,0.6071428571428571,1.7285144114828506,98.82714285714289,7,-117.66000000000008,-1587.2,0.42857142857142855,0.9258694556451612,-16.80857142857144,11,1601.6799999999998,-861.48,0.6363636363636364,1.990562420374287,145.60727272727271,0,0.0,0.0,0.0,,0.0,2,38.01999999999998,-174.74,0.5,1.2175804051734003,19.00999999999999,4,332.53999999999996,-174.74,0.5,2.2005921005126723,83.13499999999999,7,1430.6,-174.74,0.7142857142857143,6.164993862372734,204.37142857142857,11,1601.6799999999998,-861.48,0.6363636363636364,1.990562420374287,145.60727272727271,20,1610.0399999999997,-1587.2,0.55,1.5006530094406507,80.50199999999998,35,241.49999999999932,-3671.22,0.6285714285714286,1.0323311350839004,6.899999999999981,0.3325617283950617,0.3888888888888889,0.2737193969450777,2497.8999999999996,2515.3999999999996,2.620575964118484
ST5_5 & ST5_10 & ST5_20 & ST15_5 & ST15_20 & ST15_50,6,"ST5_5,ST5_10,ST5_20,ST15_5,ST15_20,ST15_50",430,16526.379999999997,-6254.259999999978,0.5837209302325581,1.176698262631775,38.43344186046511,0.9476209775706437,1.2077994845887476,989.04,-3459.48,28,2767.1600000000008,-1587.2,0.6071428571428571,1.7285144114828506,98.82714285714289,7,-117.66000000000008,-1587.2,0.42857142857142855,0.9258694556451612,-16.80857142857144,11,1601.6799999999998,-861.48,0.6363636363636364,1.990562420374287,145.60727272727271,0,0.0,0.0,0.0,,0.0,2,38.01999999999998,-174.74,0.5,1.2175804051734003,19.00999999999999,4,332.53999999999996,-174.74,0.5,2.2005921005126723,83.13499999999999,7,1430.6,-174.74,0.7142857142857143,6.164993862372734,204.37142857142857,11,1601.6799999999998,-861.48,0.6363636363636364,1.990562420374287,145.60727272727271,20,1610.0399999999997,-1587.2,0.55,1.5006530094406507,80.50199999999998,35,241.49999999999932,-3671.22,0.6285714285714286,1.0323311350839004,6.899999999999981,0.3317901234567901,0.3888888888888889,0.2737193969450777,2497.8999999999996,2515.3999999999996,2.64241972671428
ST5_5 & ST5_10 & ST5_20 & ST5_50 & ST15_10 & ST15_20,6,"ST5_5,ST5_10,ST5_20,ST5_50,ST15_10,ST15_20",445,19467.239999999998,-5990.220000000001,0.5865168539325842,1.2055565363786345,43.74660674157303,1.0911104548787296,1.3988589860216805,989.04,-3459.48,29,3942.1800000000003,-1461.4599999999998,0.6551724137931034,2.0733971932843582,135.93724137931036,6,8.079999999999927,-1461.46,0.5,1.005528717857485,1.3466666666666545,11,1601.6799999999998,-861.48,0.6363636363636364,1.990562420374287,145.60727272727271,0,0.0,0.0,0.0,,0.0,2,38.01999999999998,-174.74,0.5,1.2175804051734003,19.00999999999999,4,332.53999999999996,-174.74,0.5,2.2005921005126723,83.13499999999999,7,1430.6,-174.74,0.7142857142857143,6.164993862372734,204.37142857142857,11,1601.6799999999998,-861.48,0.6363636363636364,1.990562420374287,145.60727272727271,20,1932.5399999999997,-1461.46,0.6,1.6253891409450705,96.62699999999998,38,1540.8,-3671.22,0.6578947368421053,1.2068998855927426,40.54736842105263,0.3433641975308642,0.4027777777777778,0.2737193969450777,2623.6399999999994,2641.1399999999994,3.249837234692548
ST5_5 & ST5_10 & ST5_20 & ST5_50 & ST15_10 & ST15_50,6,"ST5_5,ST5_10,ST5_20,ST5_50,ST15_10,ST15_50",436,17035.199999999997,-6792.6799999999785,0.5825688073394495,1.1809541392069636,39.07155963302752,0.9688520230000351,1.2366094193866992,989.04,-3459.48,29,3942.1800000000003,-1461.4599999999998,0.6551724137931034,2.0733971932843582,135.93724137931036,6,8.079999999999927,-1461.46,0.5,1.005528717857485,1.3466666666666545,11,1601.6799999999998,-861.48,0.6363636363636364,1.990562420374287,145.60727272727271,0,0.0,0.0,0.0,,0.0,2,38.01999999999998,-174.74,0.5,1.2175804051734003,19.00999999999999,4,332.53999999999996,-174.74,0.5,2.2005921005126723,83.13499999999999,7,1430.6,-174.74,0.7142857142857143,6.164993862372734,204.37142857142857,11,1601.6799999999998,-861.48,0.6363636363636364,1.990562420374287,145.60727272727271,20,1932.5399999999997,-1461.46,0.6,1.6253891409450705,96.62699999999998,38,1540.8,-3671.22,0.6578947368421053,1.2068998855927426,40.54736842105263,0.33641975308641975,0.4027777777777778,0.2737193969450777,2623.6399999999994,2641.1399999999994,2.5078761254762556
ST5_5 & ST5_10 & ST5_20 & ST5_50 & ST15_20 & ST15_50,6,"ST5_5,ST5_10,ST5_20,ST5_50,ST15_20,ST15_50",469,24836.96,-6019.200000000008,0.5970149253731343,1.259071750379476,52.95727078891258,1.3411886665245545,1.7307345067370805,989.04,-3459.48,31,5108.720000000001,-1461.4599999999996,0.6774193548387096,2.391028747869368,164.79741935483875,7,228.83999999999992,-1461.46,0.5714285714285714,1.1565831428845126,32.69142857142856,12,2547.460000000001,-861.48,0.6666666666666666,2.575482083441562,212.2883333333334,0,0.0,0.0,0.0,,0.0,2,38.01999999999998,-174.74,0.5,1.2175804051734003,19.00999999999999,4,332.53999999999996,-174.74,0.5,2.2005921005126723,83.13499999999999,7,1430.6,-174.74,0.7142857142857143,6.164993862372734,204.37142857142857,12,2547.460000000001,-861.48,0.6666666666666666,2.575482083441562,212.2883333333334,22,3099.08,-1461.46,0.6363636363636364,2.0028930728057626,140.86727272727273,40,2707.34,-3671.22,0.675,1.36354383194487,67.68350000000001,0.3618827160493827,0.4305555555555556,0.43534864326314116,2623.6399999999994,2861.8999999999996,4.126289207868149
ST5_5 & ST5_10 & ST5_20 & ST5_50 & ST15_5 & ST15_10,6,"ST5_5,ST5_10,ST5_20,ST5_50,ST15_5,ST15_10",433,16839.839999999997,-5730.639999999999,0.5866050808314087,1.1769571074593803,38.89108545034641,0.9486442232238762,1.2060761034228484,989.04,-3459.48,27,2892.9000000000005,-1461.46,0.6296296296296297,1.7876937989772967,107.14444444444446,6,8.079999999999927,-1461.46,0.5,1.005528717857485,1.3466666666666545,11,1601.6799999999998,-861.48,0.6363636363636364,1.990562420374287,145.60727272727271,0,0.0,0.0,0.0,,0.0,2,38.01999999999998,-174.74,0.5,1.2175804051734003,19.00999999999999,4,332.53999999999996,-174.74,0.5,2.2005921005126723,83.13499999999999,7,1430.6,-174.74,0.7142857142857143,6.164993862372734,204.37142857142857,11,1601.6799999999998,-861.48,0.6363636363636364,1.990562420374287,145.60727272727271,19,1735.7799999999997,-1461.46,0.5789473684210527,1.5617156504236052,91.35684210526314,34,367.24,-3671.22,0.6470588235294118,1.050006536090111,10.801176470588235,0.3341049382716049,0.375,0.2737193969450777,2623.6399999999994,2641.1399999999994,2.938561836025295
ST5_5 & ST5_10 & ST5_20 & ST5_50 & ST15_5 & ST15_20,6,"ST5_5,ST5_10,ST5_20,ST5_50,ST15_5,ST15_20",425,17867.259999999995,-6075.0,0.5929411764705882,1.1943935568509374,42.04061176470587,1.035478088139617,1.3202508225841278,989.04,-3459.48,27,2892.9000000000005,-1461.46,0.6296296296296297,1.7876937989772967,107.14444444444446,6,8.079999999999927,-1461.46,0.5,1.005528717857485,1.3466666666666545,11,1601.6799999999998,-861.48,0.6363636363636364,1.990562420374287,145.60727272727271,0,0.0,0.0,0.0,,0.0,2,38.01999999999998,-174.74,0.5,1.2175804051734003,19.00999999999999,4,332.53999999999996,-174.74,0.5,2.2005921005126723,83.13499999999999,7,1430.6,-174.74,0.7142857142857143,6.164993862372734,204.37142857142857,11,1601.6799999999998,-861.48,0.6363636363636364,1.990562420374287,145.60727272727271,19,1735.7799999999997,-1461.46,0.5789473684210527,1.5617156504236052,91.35684210526314,34,367.24,-3671.22,0.6470588235294118,1.050006536090111,10.801176470588235,0.3279320987654321,0.375,0.2737193969450777,2623.6399999999994,2641.1399999999994,2.9411127572016453
ST5_5 & ST5_10 & ST5_20 & ST5_50 & ST15_5 & ST15_50,6,"ST5_5,ST5_10,ST5_20,ST5_50,ST15_5,ST15_50",422,15031.16,-7847.699999999979,0.5853080568720379,1.1609165476033207,35.618862559241705,0.8714608529992053,1.107879270816472,989.04,-3459.48,27,2892.9000000000005,-1461.46,0.6296296296296297,1.7876937989772967,107.14444444444446,6,8.079999999999927,-1461.46,0.5,1.005528717857485,1.3466666666666545,11,1601.6799999999998,-861.48,0.6363636363636364,1.990562420374287,145.60727272727271,0,0.0,0.0,0.0,,0.0,2,38.01999999999998,-174.74,0.5,1.2175804051734003,19.00999999999999,4,332.53999999999996,-174.74,0.5,2.2005921005126723,83.13499999999999,7,1430.6,-174.74,0.7142857142857143,6.164993862372734,204.37142857142857,11,1601.6799999999998,-861.48,0.6363636363636364,1.990562420374287,145.60727272727271,19,1735.7799999999997,-1461.46,0.5789473684210527,1.5617156504236052,91.35684210526314,34,367.24,-3671.22,0.6470588235294118,1.050006536090111,10.801176470588235,0.3256172839506173,0.375,0.2737193969450777,2623.6399999999994,2641.1399999999994,1.9153586401111204
ST5_5 & ST5_10 & ST5_50 & ST15_10 & ST15_20 & ST15_50,6,"ST5_5,ST5_10,ST5_50,ST15_10,ST15_20,ST15_50",432,16291.2,-5701.420000000001,0.5833333333333334,1.1759667249722783,37.711111111111116,0.9394515000732973,1.1954522293758165,989.04,-3459.48,29,3942.1800000000003,-1461.4599999999998,0.6551724137931034,2.0733971932843582,135.93724137931036,6,8.079999999999927,-1461.46,0.5,1.005528717857485,1.3466666666666545,11,1601.6799999999998,-861.48,0.6363636363636364,1.990562420374287,145.60727272727271,0,0.0,0.0,0.0,,0.0,2,38.01999999999998,-174.74,0.5,1.2175804051734003,19.00999999999999,4,332.53999999999996,-174.74,0.5,2.2005921005126723,83.13499999999999,7,1430.6,-174.74,0.7142857142857143,6.164993862372734,204.37142857142857,11,1601.6799999999998,-861.48,0.6363636363636364,1.990562420374287,145.60727272727271,20,1932.5399999999997,-1461.46,0.6,1.6253891409450705,96.62699999999998,38,1540.8,-3671.22,0.6578947368421053,1.2068998855927426,40.54736842105263,0.3333333333333333,0.4027777777777778,0.2737193969450777,2623.6399999999994,2641.1399999999994,2.8573934212880294
ST5_5 & ST5_10 & ST5_50 & ST15_5 & ST15_10 & ST15_20,6,"ST5_5,ST5_10,ST5_50,ST15_5,ST15_10,ST15_20",422,17656.1,-6075.0,0.590047393364929,1.1946490339923905,41.83909952606635,1.0348095993106197,1.319079863652195,989.04,-3459.48,27,2892.9000000000005,-1461.46,0.6296296296296297,1.7876937989772967,107.14444444444446,6,8.079999999999927,-1461.46,0.5,1.005528717857485,1.3466666666666545,11,1601.6799999999998,-861.48,0.6363636363636364,1.990562420374287,145.60727272727271,0,0.0,0.0,0.0,,0.0,2,38.01999999999998,-174.74,0.5,1.2175804051734003,19.00999999999999,4,332.53999999999996,-174.74,0.5,2.2005921005126723,83.13499999999999,7,1430.6,-174.74,0.7142857142857143,6.164993862372734,204.37142857142857,11,1601.6799999999998,-861.48,0.6363636363636364,1.990562420374287,145.60727272727271,19,1735.7799999999997,-1461.46,0.5789473684210527,1.5617156504236052,91.35684210526314,34,367.24,-3671.22,0.6470588235294118,1.050006536090111,10.801176470588235,0.3256172839506173,0.375,0.2737193969450777,2623.6399999999994,2641.1399999999994,2.9063539094650204
ST5_5 & ST5_10 & ST5_50 & ST15_5 & ST15_10 & ST15_50,6,"ST5_5,ST5_10,ST5_50,ST15_5,ST15_10,ST15_50",418,15752.219999999998,-6578.999999999978,0.5861244019138756,1.1723602453888917,37.68473684210526,0.9263027404830082,1.1782333417966966,989.04,-3459.48,27,2892.9000000000005,-1461.46,0.6296296296296297,1.7876937989772967,107.14444444444446,6,8.079999999999927,-1461.46,0.5,1.005528717857485,1.3466666666666545,11,1601.6799999999998,-861.48,0.6363636363636364,1.990562420374287,145.60727272727271,0,0.0,0.0,0.0,,0.0,2,38.01999999999998,-174.74,0.5,1.2175804051734003,19.00999999999999,4,332.53999999999996,-174.74,0.5,2.2005921005126723,83.13499999999999,7,1430.6,-174.74,0.7142857142857143,6.164993862372734,204.37142857142857,11,1601.6799999999998,-861.48,0.6363636363636364,1.990562420374287,145.60727272727271,19,1735.7799999999997,-1461.46,0.5789473684210527,1.5617156504236052,91.35684210526314,34,367.24,-3671.22,0.6470588235294118,1.050006536090111,10.801176470588235,0.32253086419753085,0.375,0.2737193969450777,2623.6399999999994,2641.1399999999994,2.394318285453724
ST5_5 & ST5_10 & ST5_50 & ST15_5 & ST15_20 & ST15_50,6,"ST5_5,ST5_10,ST5_50,ST15_5,ST15_20,ST15_50",417,15030.860000000002,-6251.59999999998,0.5875299760191847,1.1649818914470291,36.04522781774581,0.8863863334578443,1.1242621134133042,989.04,-3459.48,27,2892.9000000000005,-1461.46,0.6296296296296297,1.7876937989772967,107.14444444444446,6,8.079999999999927,-1461.46,0.5,1.005528717857485,1.3466666666666545,11,1601.6799999999998,-861.48,0.6363636363636364,1.990562420374287,145.60727272727271,0,0.0,0.0,0.0,,0.0,2,38.01999999999998,-174.74,0.5,1.2175804051734003,19.00999999999999,4,332.53999999999996,-174.74,0.5,2.2005921005126723,83.13499999999999,7,1430.6,-174.74,0.7142857142857143,6.164993862372734,204.37142857142857,11,1601.6799999999998,-861.48,0.6363636363636364,1.990562420374287,145.60727272727271,19,1735.7799999999997,-1461.46,0.5789473684210527,1.5617156504236052,91.35684210526314,34,367.24,-3671.22,0.6470588235294118,1.050006536090111,10.801176470588235,0.32175925925925924,0.375,0.2737193969450777,2623.6399999999994,2641.1399999999994,2.4043220935440606
ST5_5 & ST5_20 & ST15_5 & ST15_10 & ST15_20 & ST15_50,6,"ST5_5,ST5_20,ST15_5,ST15_10,ST15_20,ST15_50",428,17623.359999999997,-5919.34,0.5864485981308412,1.1915949554686451,41.176074766355136,1.0190700474516248,1.3010147621985715,989.04,-3459.48,28,2767.1600000000008,-1587.2,0.6071428571428571,1.7285144114828506,98.82714285714289,7,-117.66000000000008,-1587.2,0.42857142857142855,0.9258694556451612,-16.80857142857144,11,1601.6799999999998,-861.48,0.6363636363636364,1.990562420374287,145.60727272727271,0,0.0,0.0,0.0,,0.0,2,38.01999999999998,-174.74,0.5,1.2175804051734003,19.00999999999999,4,332.53999999999996,-174.74,0.5,2.2005921005126723,83.13499999999999,7,1430.6,-174.74,0.7142857142857143,6.164993862372734,204.37142857142857,11,1601.6799999999998,-861.48,0.6363636363636364,1.990562420374287,145.60727272727271,20,1610.0399999999997,-1587.2,0.55,1.5006530094406507,80.50199999999998,35,241.49999999999932,-3671.22,0.6285714285714286,1.0323311350839004,6.899999999999981,0.33024691358024694,0.3888888888888889,0.2737193969450777,2497.8999999999996,2515.3999999999996,2.977250842154699
ST5_5 & ST5_20 & ST5_50 & ST15_10 & ST15_20 & ST15_50,6,"ST5_5,ST5_20,ST5_50,ST15_10,ST15_20,ST15_50",433,17410.82,-5701.42,0.5866050808314087,1.1886137273127115,40.20974595842956,1.0012952805342437,1.2765692128448627,989.04,-3459.48,29,3942.1800000000003,-1461.4599999999998,0.6551724137931034,2.0733971932843582,135.93724137931036,6,8.079999999999927,-1461.46,0.5,1.005528717857485,1.3466666666666545,11,1601.6799999999998,-861.48,0.6363636363636364,1.990562420374287,145.60727272727271,0,0.0,0.0,0.0,,0.0,2,38.01999999999998,-174.74,0.5,1.2175804051734003,19.00999999999999,4,332.53999999999996,-174.74,0.5,2.2005921005126723,83.13499999999999,7,1430.6,-174.74,0.7142857142857143,6.164993862372734,204.37142857142857,11,1601.6799999999998,-861.48,0.6363636363636364,1.990562420374287,145.60727272727271,20,1932.5399999999997,-1461.46,0.6,1.6253891409450705,96.62699999999998,38,1540.8,-3671.22,0.6578947368421053,1.2068998855927426,40.54736842105263,0.3341049382716049,0.4027777777777778,0.2737193969450777,2623.6399999999994,2641.1399999999994,3.0537690610409336
ST5_5 & ST5_20 & ST5_50 & ST15_5 & ST15_10 & ST15_20,6,"ST5_5,ST5_20,ST5_50,ST15_5,ST15_10,ST15_20",422,18844.96,-6075.0,0.5947867298578199,1.2085395032975759,44.656303317535546,1.10281997567663,1.4084167901312405,989.04,-3459.48,27,2892.9000000000005,-1461.46,0.6296296296296297,1.7876937989772967,107.14444444444446,6,8.079999999999927,-1461.46,0.5,1.005528717857485,1.3466666666666545,11,1601.6799999999998,-861.48,0.6363636363636364,1.990562420374287,145.60727272727271,0,0.0,0.0,0.0,,0.0,2,38.01999999999998,-174.74,0.5,1.2175804051734003,19.00999999999999,4,332.53999999999996,-174.74,0.5,2.2005921005126723,83.13499999999999,7,1430.6,-174.74,0.7142857142857143,6.164993862372734,204.37142857142857,11,1601.6799999999998,-861.48,0.6363636363636364,1.990562420374287,145.60727272727271,19,1735.7799999999997,-1461.46,0.5789473684210527,1.5617156504236052,91.35684210526314,34,367.24,-3671.22,0.6470588235294118,1.050006536090111,10.801176470588235,0.3256172839506173,0.375,0.2737193969450777,2623.6399999999994,2641.1399999999994,3.102051028806584
ST5_5 & ST5_20 & ST5_50 & ST15_5 & ST15_10 & ST15_50,6,"ST5_5,ST5_20,ST5_50,ST15_5,ST15_10,ST15_50",419,16871.839999999997,-6578.999999999978,0.5894988066825776,1.1851616426425429,40.26692124105011,0.9894056374498637,1.2609038559964885,989.04,-3459.48,27,2892.9000000000005,-1461.46,0.6296296296296297,1.7876937989772967,107.14444444444446,6,8.079999999999927,-1461.46,0.5,1.005528717857485,1.3466666666666545,11,1601.6799999999998,-861.48,0.6363636363636364,1.990562420374287,145.60727272727271,0,0.0,0.0,0.0,,0.0,2,38.01999999999998,-174.74,0.5,1.2175804051734003,19.00999999999999,4,332.53999999999996,-174.74,0.5,2.2005921005126723,83.13499999999999,7,1430.6,-174.74,0.7142857142857143,6.164993862372734,204.37142857142857,11,1601.6799999999998,-861.48,0.6363636363636364,1.990562420374287,145.60727272727271,19,1735.7799999999997,-1461.46,0.5789473684210527,1.5617156504236052,91.35684210526314,34,367.24,-3671.22,0.6470588235294118,1.050006536090111,10.801176470588235,0.32330246913580246,0.375,0.2737193969450777,2623.6399999999994,2641.1399999999994,2.564499164006696
ST5_5 & ST5_20 & ST5_50 & ST15_5 & ST15_20 & ST15_50,6,"ST5_5,ST5_20,ST5_50,ST15_5,ST15_20,ST15_50",418,16150.48,-6251.59999999998,0.5909090909090909,1.1778014007471622,38.63751196172249,0.9497679949638971,1.2069730197654913,989.04,-3459.48,27,2892.9000000000005,-1461.46,0.6296296296296297,1.7876937989772967,107.14444444444446,6,8.079999999999927,-1461.46,0.5,1.005528717857485,1.3466666666666545,11,1601.6799999999998,-861.48,0.6363636363636364,1.990562420374287,145.60727272727271,0,0.0,0.0,0.0,,0.0,2,38.01999999999998,-174.74,0.5,1.2175804051734003,19.00999999999999,4,332.53999999999996,-174.74,0.5,2.2005921005126723,83.13499999999999,7,1430.6,-174.74,0.7142857142857143,6.164993862372734,204.37142857142857,11,1601.6799999999998,-861.48,0.6363636363636364,1.990562420374287,145.60727272727271,19,1735.7799999999997,-1461.46,0.5789473684210527,1.5617156504236052,91.35684210526314,34,367.24,-3671.22,0.6470588235294118,1.050006536090111,10.801176470588235,0.32253086419753085,0.375,0.2737193969450777,2623.6399999999994,2641.1399999999994,2.583415445645923
ST5_5 & ST5_50 & ST15_5 & ST15_10 & ST15_20 & ST15_50,6,"ST5_5,ST5_50,ST15_5,ST15_10,ST15_20,ST15_50",416,16130.179999999995,-5738.7,0.5913461538461539,1.1801053777771429,38.77447115384614,0.9583122315289999,1.217480178206146,989.04,-3459.48,27,2892.9000000000005,-1461.46,0.6296296296296297,1.7876937989772967,107.14444444444446,6,8.079999999999927,-1461.46,0.5,1.005528717857485,1.3466666666666545,11,1601.6799999999998,-861.48,0.6363636363636364,1.990562420374287,145.60727272727271,0,0.0,0.0,0.0,,0.0,2,38.01999999999998,-174.74,0.5,1.2175804051734003,19.00999999999999,4,332.53999999999996,-174.74,0.5,2.2005921005126723,83.13499999999999,7,1430.6,-174.74,0.7142857142857143,6.164993862372734,204.37142857142857,11,1601.6799999999998,-861.48,0.6363636363636364,1.990562420374287,145.60727272727271,19,1735.7799999999997,-1461.46,0.5789473684210527,1.5617156504236052,91.35684210526314,34,367.24,-3671.22,0.6470588235294118,1.050006536090111,10.801176470588235,0.32098765432098764,0.375,0.2737193969450777,2623.6399999999994,2641.1399999999994,2.810772474602261
ST5_10 & ST5_20 & ST5_50 & ST15_5 & ST15_10 & ST15_20 & ST15_50,7,"ST5_10,ST5_20,ST5_50,ST15_5,ST15_10,ST15_20,ST15_50",423,13689.679999999995,-6057.620000000001,0.5839243498817966,1.1461197313212672,32.363309692671386,0.7944008310110567,1.0045545534972542,989.04,-3459.48,27,2892.9000000000005,-1461.46,0.6296296296296297,1.7876937989772967,107.14444444444446,6,8.079999999999927,-1461.46,0.5,1.005528717857485,1.3466666666666545,11,1601.6799999999998,-861.48,0.6363636363636364,1.990562420374287,145.60727272727271,0,0.0,0.0,0.0,,0.0,2,38.01999999999998,-174.74,0.5,1.2175804051734003,19.00999999999999,4,332.53999999999996,-174.74,0.5,2.2005921005126723,83.13499999999999,7,1430.6,-174.74,0.7142857142857143,6.164993862372734,204.37142857142857,11,1601.6799999999998,-861.48,0.6363636363636364,1.990562420374287,145.60727272727271,19,1735.7799999999997,-1461.46,0.5789473684210527,1.5617156504236052,91.35684210526314,34,367.24,-3671.22,0.6470588235294118,1.050006536090111,10.801176470588235,0.3263888888888889,0.375,0.2737193969450777,2623.6399999999994,2641.1399999999994,2.259910657981186
ST5_5 & ST5_10 & ST5_20 & ST15_5 & ST15_10 & ST15_20 & ST15_50,7,"ST5_5,ST5_10,ST5_20,ST15_5,ST15_10,ST15_20,ST15_50",425,16676.960000000003,-5919.34,0.5835294117647059,1.1813060283936991,39.23990588235295,0.9695151342165993,1.235485970430191,989.04,-3459.48,28,2767.1600000000008,-1587.2,0.6071428571428571,1.7285144114828506,98.82714285714289,7,-117.66000000000008,-1587.2,0.42857142857142855,0.9258694556451612,-16.80857142857144,11,1601.6799999999998,-861.48,0.6363636363636364,1.990562420374287,145.60727272727271,0,0.0,0.0,0.0,,0.0,2,38.01999999999998,-174.74,0.5,1.2175804051734003,19.00999999999999,4,332.53999999999996,-174.74,0.5,2.2005921005126723,83.13499999999999,7,1430.6,-174.74,0.7142857142857143,6.164993862372734,204.37142857142857,11,1601.6799999999998,-861.48,0.6363636363636364,1.990562420374287,145.60727272727271,20,1610.0399999999997,-1587.2,0.55,1.5006530094406507,80.50199999999998,35,241.49999999999932,-3671.22,0.6285714285714286,1.0323311350839004,6.899999999999981,0.3279320987654321,0.3888888888888889,0.2737193969450777,2497.8999999999996,2515.3999999999996,2.817368152530519
ST5_5 & ST5_10 & ST5_20 & ST5_50 & ST15_10 & ST15_20 & ST15_50,7,"ST5_5,ST5_10,ST5_20,ST5_50,ST15_10,ST15_20,ST15_50",430,16464.42,-5701.420000000001,0.5837209302325581,1.1783612503168692,38.289348837209296,0.9519116537757933,1.2113825051463232,989.04,-3459.48,29,3942.1800000000003,-1461.4599999999998,0.6551724137931034,2.0733971932843582,135.93724137931036,6,8.079999999999927,-1461.46,0.5,1.005528717857485,1.3466666666666545,11,1601.6799999999998,-861.48,0.6363636363636364,1.990562420374287,145.60727272727271,0,0.0,0.0,0.0,,0.0,2,38.01999999999998,-174.74,0.5,1.2175804051734003,19.00999999999999,4,332.53999999999996,-174.74,0.5,2.2005921005126723,83.13499999999999,7,1430.6,-174.74,0.7142857142857143,6.164993862372734,204.37142857142857,11,1601.6799999999998,-861.48,0.6363636363636364,1.990562420374287,145.60727272727271,20,1932.5399999999997,-1461.46,0.6,1.6253891409450705,96.62699999999998,38,1540.8,-3671.22,0.6578947368421053,1.2068998855927426,40.54736842105263,0.3317901234567901,0.4027777777777778,0.2737193969450777,2623.6399999999994,2641.1399999999994,2.887775326146819
ST5_5 & ST5_10 & ST5_20 & ST5_50 & ST15_5 & ST15_10 & ST15_20,7,"ST5_5,ST5_10,ST5_20,ST5_50,ST15_5,ST15_10,ST15_20",419,17898.559999999998,-6075.0,0.5918854415274463,1.1980665818416099,42.717326968973744,1.0531065717003911,1.3424659517474116,989.04,-3459.48,27,2892.9000000000005,-1461.46,0.6296296296296297,1.7876937989772967,107.14444444444446,6,8.079999999999927,-1461.46,0.5,1.005528717857485,1.3466666666666545,11,1601.6799999999998,-861.48,0.6363636363636364,1.990562420374287,145.60727272727271,0,0.0,0.0,0.0,,0.0,2,38.01999999999998,-174.74,0.5,1.2175804051734003,19.00999999999999,4,332.53999999999996,-174.74,0.5,2.2005921005126723,83.13499999999999,7,1430.6,-174.74,0.7142857142857143,6.164993862372734,204.37142857142857,11,1601.6799999999998,-861.48,0.6363636363636364,1.990562420374287,145.60727272727271,19,1735.7799999999997,-1461.46,0.5789473684210527,1.5617156504236052,91.35684210526314,34,367.24,-3671.22,0.6470588235294118,1.050006536090111,10.801176470588235,0.32330246913580246,0.375,0.2737193969450777,2623.6399999999994,2641.1399999999994,2.9462650205761314
ST5_5 & ST5_10 & ST5_20 & ST5_50 & ST15_5 & ST15_10 & ST15_50,7,"ST5_5,ST5_10,ST5_20,ST5_50,ST15_5,ST15_10,ST15_50",416,15925.439999999995,-6578.999999999978,0.5865384615384616,1.174775284154263,38.28230769230768,0.9390008195278353,1.1944591756680676,989.04,-3459.48,27,2892.9000000000005,-1461.46,0.6296296296296297,1.7876937989772967,107.14444444444446,6,8.079999999999927,-1461.46,0.5,1.005528717857485,1.3466666666666545,11,1601.6799999999998,-861.48,0.6363636363636364,1.990562420374287,145.60727272727271,0,0.0,0.0,0.0,,0.0,2,38.01999999999998,-174.74,0.5,1.2175804051734003,19.00999999999999,4,332.53999999999996,-174.74,0.5,2.2005921005126723,83.13499999999999,7,1430.6,-174.74,0.7142857142857143,6.164993862372734,204.37142857142857,11,1601.6799999999998,-861.48,0.6363636363636364,1.990562420374287,145.60727272727271,19,1735.7799999999997,-1461.46,0.5789473684210527,1.5617156504236052,91.35684210526314,34,367.24,-3671.22,0.6470588235294118,1.050006536090111,10.801176470588235,0.32098765432098764,0.375,0.2737193969450777,2623.6399999999994,2641.1399999999994,2.4206475148198887
ST5_5 & ST5_10 & ST5_20 & ST5_50 & ST15_5 & ST15_20 & ST15_50,7,"ST5_5,ST5_10,ST5_20,ST5_50,ST15_5,ST15_20,ST15_50",415,15204.080000000002,-6251.59999999998,0.5879518072289157,1.167382438235391,36.63633734939759,0.899010155599299,1.1403452725112677,989.04,-3459.48,27,2892.9000000000005,-1461.46,0.6296296296296297,1.7876937989772967,107.14444444444446,6,8.079999999999927,-1461.46,0.5,1.005528717857485,1.3466666666666545,11,1601.6799999999998,-861.48,0.6363636363636364,1.990562420374287,145.60727272727271,0,0.0,0.0,0.0,,0.0,2,38.01999999999998,-174.74,0.5,1.2175804051734003,19.00999999999999,4,332.53999999999996,-174.74,0.5,2.2005921005126723,83.13499999999999,7,1430.6,-174.74,0.7142857142857143,6.164993862372734,204.37142857142857,11,1601.6799999999998,-861.48,0.6363636363636364,1.990562420374287,145.60727272727271,19,1735.7799999999997,-1461.46,0.5789473684210527,1.5617156504236052,91.35684210526314,34,367.24,-3671.22,0.6470588235294118,1.050006536090111,10.801176470588235,0.32021604938271603,0.375,0.2737193969450777,2623.6399999999994,2641.1399999999994,2.432030200268739
ST5_5 & ST5_10 & ST5_50 & ST15_5 & ST15_10 & ST15_20 & ST15_50,7,"ST5_5,ST5_10,ST5_50,ST15_5,ST15_10,ST15_20,ST15_50",412,15181.439999999999,-5738.7,0.587378640776699,1.1695119946833221,36.84815533980582,0.9080292671901945,1.151419844581544,989.04,-3459.48,27,2892.9000000000005,-1461.46,0.6296296296296297,1.7876937989772967,107.14444444444446,6,8.079999999999927,-1461.46,0.5,1.005528717857485,1.3466666666666545,11,1601.6799999999998,-861.48,0.6363636363636364,1.990562420374287,145.60727272727271,0,0.0,0.0,0.0,,0.0,2,38.01999999999998,-174.74,0.5,1.2175804051734003,19.00999999999999,4,332.53999999999996,-174.74,0.5,2.2005921005126723,83.13499999999999,7,1430.6,-174.74,0.7142857142857143,6.164993862372734,204.37142857142857,11,1601.6799999999998,-861.48,0.6363636363636364,1.990562420374287,145.60727272727271,19,1735.7799999999997,-1461.46,0.5789473684210527,1.5617156504236052,91.35684210526314,34,367.24,-3671.22,0.6470588235294118,1.050006536090111,10.801176470588235,0.31790123456790126,0.375,0.2737193969450777,2623.6399999999994,2641.1399999999994,2.645449317789743
ST5_5 & ST5_20 & ST5_50 & ST15_5 & ST15_10 & ST15_20 & ST15_50,7,"ST5_5,ST5_20,ST5_50,ST15_5,ST15_10,ST15_20,ST15_50",413,16301.059999999998,-5738.7,0.5907990314769975,1.182567320961823,39.46987893462469,0.9722552451835371,1.2352675209843211,989.04,-3459.48,27,2892.9000000000005,-1461.46,0.6296296296296297,1.7876937989772967,107.14444444444446,6,8.079999999999927,-1461.46,0.5,1.005528717857485,1.3466666666666545,11,1601.6799999999998,-861.48,0.6363636363636364,1.990562420374287,145.60727272727271,0,0.0,0.0,0.0,,0.0,2,38.01999999999998,-174.74,0.5,1.2175804051734003,19.00999999999999,4,332.53999999999996,-174.74,0.5,2.2005921005126723,83.13499999999999,7,1430.6,-174.74,0.7142857142857143,6.164993862372734,204.37142857142857,11,1601.6799999999998,-861.48,0.6363636363636364,1.990562420374287,145.60727272727271,19,1735.7799999999997,-1461.46,0.5789473684210527,1.5617156504236052,91.35684210526314,34,367.24,-3671.22,0.6470588235294118,1.050006536090111,10.801176470588235,0.31867283950617287,0.375,0.2737193969450777,2623.6399999999994,2641.1399999999994,2.8405492533152104
ST5_5 & ST5_10 & ST5_20 & ST5_50 & ST15_5 & ST15_10 & ST15_20 & ST15_50,8,"ST5_5,ST5_10,ST5_20,ST5_50,ST15_5,ST15_10,ST15_20,ST15_50",410,15354.659999999998,-5738.7,0.5878048780487805,1.1719679051840597,37.45039024390243,0.9208894385881494,1.1678000201067607,989.04,-3459.48,27,2892.9000000000005,-1461.46,0.6296296296296297,1.7876937989772967,107.14444444444446,6,8.079999999999927,-1461.46,0.5,1.005528717857485,1.3466666666666545,11,1601.6799999999998,-861.48,0.6363636363636364,1.990562420374287,145.60727272727271,0,0.0,0.0,0.0,,0.0,2,38.01999999999998,-174.74,0.5,1.2175804051734003,19.00999999999999,4,332.53999999999996,-174.74,0.5,2.2005921005126723,83.13499999999999,7,1430.6,-174.74,0.7142857142857143,6.164993862372734,204.37142857142857,11,1601.6799999999998,-861.48,0.6363636363636364,1.990562420374287,145.60727272727271,19,1735.7799999999997,-1461.46,0.5789473684210527,1.5617156504236052,91.35684210526314,34,367.24,-3671.22,0.6470588235294118,1.050006536090111,10.801176470588235,0.31635802469135804,0.375,0.2737193969450777,2623.6399999999994,2641.1399999999994,2.675633854357258
