{
  "overall": {
    "pnl": 10666.088557854511,
    "trades": 263,
    "win_rate": 0.3574144486692015
  },
  "windows": {
    "7d": {
      "pnl": 809.0885197107361,
      "trades": 17,
      "win_rate": 0.35294117647058826
    },
    "30d": {
      "pnl": 3116.7924009766957,
      "trades": 65,
      "win_rate": 0.35384615384615387
    },
    "60d": {
      "pnl": 6817.718374072516,
      "trades": 136,
      "win_rate": 0.34558823529411764
    }
  },
  "monte_carlo": {
    "mean_pnl": 2269.912001315098,
    "std_pnl": 3077.047342547489,
    "pct_positive": 0.775,
    "p5": -2664.4528655926892,
    "p95": 7455.964943543454
  }
}