tree
version=v4
num_class=1
num_tree_per_iteration=1
label_index=0
max_feature_idx=3
objective=binary sigmoid:1
feature_names=efficiency_ratio volatility_zscore entry_adx cci_abs
feature_infos=[0:0.83076923073726161] [-2.1964541850606651:9.3471846574209767] [25.004839627949611:96.056168322344988] [100.00820538605966:399.99999949307511]
tree_sizes=3267 3336 3350 3344 3358 3372 3357 3346 3358 3361 3368 3361 3347 3362 3374 3359 3376 3371 3382 3376 3364 3403 3369 3394 3371 3345 3370 3376 3380 3374 3378 3383 3370 3351 3370 3396 3378 3373 3379 3370 3404 3364 3371 3382 3372 3404 3395 3381 3364 3382 3414 3382 3358 3370 3374 3377 3389 3386 3380 3395 3357 3391 3413 3378 3397 3389 3379 3392 3388 3379 3387 3379 3399 3348 3394 3370 3429 3404 3394 3384 3405 3393 3395 3343 3390 3402 3405 3369 3427 3384 3395 3417 3382 3440 3378 3395 3419 3396 3374 3376

Tree=0
num_leaves=31
num_cat=0
split_feature=2 0 3 0 3 1 1 3 2 2 3 0 1 1 1 3 3 1 1 1 3 3 3 1 1 3 3 0 3 0
split_gain=19.9645 20.5701 8.95134 8.87011 7.63529 11.1608 6.63034 12.7936 12.8435 16.2845 6.61109 5.68925 4.90385 6.76412 7.73951 7.3659 6.86477 6.17156 6.59432 5.35358 7.10949 8.15545 7.49965 4.04519 14.6375 7.13251 5.72483 3.87541 3.64969 3.99542
threshold=48.633510119682121 0.46231487113485287 113.08391660191822 0.25637414227139416 205.75107587233413 0.87382851627323388 1.747809742507638 322.94146170150441 29.216935488178425 26.280623453276295 102.79851636070073 0.19999999998840354 -0.087869493652173378 2.7709547501131695 2.2649386210786568 174.12349724784812 171.03779199064869 -0.4909915281705815 -0.52701233024058725 -0.051622473297168826 106.07812697835945 115.8667424683676 110.251388582562 0.26105552778767843 0.34765097715127646 137.5000955155746 126.24057761275371 0.092436974784749867 183.71129268656827 0.13840072969701972
decision_type=2 2 2 2 2 2 2 2 2 2 2 2 2 2 2 2 2 2 2 2 2 2 2 2 2 2 2 2 2 2
left_child=1 3 -3 11 5 -4 -5 8 9 -8 -2 12 17 14 15 16 19 18 27 -14 -21 22 -22 25 -25 -23 -26 -1 -17 -30
right_child=10 2 4 6 -6 -7 7 -9 -10 -11 -12 -13 13 -15 -16 28 -18 -19 -20 20 21 23 -24 24 26 -27 -28 -29 29 -31
leaf_value=-2.1158244882379726 -2.0697939151129465 -2.2256868384310651 -2.0274294938297373 -2.1437130358394678 -2.1154418259245169 -1.757099828390795 -1.872738253615325 -2.2799866207104098 -1.8145599154588845 -2.2212841533813887 -2.2255217935001248 -2.2121118928612291 -1.9876031776677843 -2.2282725423491292 -1.9941982929243853 -2.2799866207104098 -1.9494662068361381 -2.2094346994193819 -1.9997296799137922 -2.2799866207104094 -2.1593204378674216 -2.2799866207104098 -1.9356465379633463 -1.917988072181446 -2.0317590445762632 -2.1318963054031062 -2.17742036529387 -2.215344022758809 -2.2029656529382899 -2.0911178127822545
leaf_weight=7.9190002083778399 2.8545233309268943 1.8416279554367054 3.9595001041889173 47.698164045810699 3.0386861264705658 2.4861977398395538 2.2099535465240461 2.0257907509803763 2.5782791376113892 3.4070117175579071 60.589559733867645 30.93934965133667 2.3941163420677105 9.6685467660427076 3.4990931153297415 4.1436628997325924 2.1178721487522116 39.687082439661026 2.8545233309268943 3.4070117175579133 2.4861977398395529 5.4328024685382834 3.7753373086452484 3.0386861264705685 3.2228489220142391 8.103163003921507 16.574651598930359 7.7348374128341675 12.983477085828783 4.2357442975044242
leaf_count=86 31 20 43 518 33 27 24 22 28 37 658 336 26 105 38 45 23 431 31 37 27 59 41 33 35 88 180 84 141 46
internal_value=-2.16855 -2.15553 -2.02394 -2.16195 -1.98476 -1.92316 -2.12805 -2.05496 -1.99934 -2.08415 -2.21852 -2.17322 -2.16483 -2.14953 -2.13943 -2.1465 -2.12569 -2.1872 -2.13951 -2.1334 -2.14098 -2.12987 -2.02446 -2.14802 -2.12234 -2.19133 -2.15371 -2.165 -2.19573 -2.17545
internal_weight=306.907 243.463 11.326 232.137 9.48438 6.4457 57.9192 10.221 8.19524 5.61697 63.4441 174.218 143.279 85.0832 75.4147 71.9156 50.5527 58.1954 18.5084 48.4348 46.0407 42.6337 6.26154 36.3722 22.8362 13.536 19.7975 15.6538 21.3629 17.2192
internal_count=3333 2644 123 2521 103 70 629 111 89 61 689 1892 1556 924 819 781 549 632 201 526 500 463 68 395 248 147 215 170 232 187
is_linear=0
shrinkage=1


Tree=1
num_leaves=31
num_cat=0
split_feature=2 0 0 0 2 2 2 2 1 1 2 2 2 3 3 3 3 3 1 3 3 2 1 1 3 2 3 3 3 3
split_gain=16.5099 15.1843 6.33796 7.80338 7.45801 9.69646 5.72183 7.21578 6.72253 10.5997 10.2418 7.9613 6.38296 6.15313 11.2447 5.39147 5.29012 6.23682 4.70689 6.56269 11.8219 7.17228 4.32277 8.22969 4.25682 4.04316 6.36583 3.51413 3.42096 3.41513
threshold=48.633510119682121 0.27706523455459497 0.47759221432569848 0.28421052630532101 31.429918174687234 26.203273155880492 26.348123628480678 28.124863569667724 0.33966027037356689 -0.23813889625688897 25.859604399712811 25.720117430065432 25.441143698654923 182.99279996661656 125.99206396284123 102.79851636070073 174.12349724784812 171.03779199064869 0.026078909915676116 107.64075709694738 116.60614573715858 27.797844012662008 -0.4909915281705815 -0.52701233024058725 143.31286667458099 27.217718641924879 175.85381575340136 178.77564543350715 136.19205580910028 271.18913841680109
decision_type=2 2 2 2 2 2 2 2 2 2 2 2 2 2 2 2 2 2 2 2 2 2 2 2 2 2 2 2 2 2
left_child=1 16 3 -3 5 -4 8 25 9 11 12 -5 -10 14 -9 -2 17 18 22 -20 21 -21 23 -1 -16 26 28 -18 -8 -29
right_child=15 2 4 6 -6 -7 7 13 10 -11 -12 -13 -14 -15 24 -17 27 -19 19 20 -22 -23 -24 -25 -26 -27 -28 29 -30 -31
leaf_value=-0.003844977531105161 0.081883377159549492 0.18668616375992475 0.012124920384521906 -0.019128195856793057 0.0017745641201625769 0.25618392687139185 0.035280472300732113 -0.035678364921604221 0.12159016670816164 -0.09038102919245436 0.0053575289899351689 0.24192025302382358 0.34900528003595199 -0.030645897685256003 0.27990847652611683 -0.053796745398627555 -0.11091418399308101 0.1381781700001399 -0.076423904237591531 0.065850678319645861 0.017208969447653391 0.26877033157364616 -0.031378305520572261 0.17333618378838123 0.11084466287305779 -0.11151786729378102 0.16024386737244234 -0.0084150740263131286 -0.11155950169447169 -0.072641864895171424
leaf_weight=15.801787480711939 3.0847607776522628 3.3468692228198043 2.3848335668444616 2.1599745824933052 3.4877470806241035 5.128792442381382 2.7210847437381762 3.9244113117456454 2.5613676682114583 4.6896524876356143 3.3831699788570404 2.5445253401994705 2.381923109292984 6.1234909147024146 2.54807348549366 57.89031195640564 4.7580314949154845 3.5793310925364485 5.8067953884601584 3.9144835099577895 46.522559642791748 3.1383049935102463 45.078345566987991 3.142893783748149 3.5842179208993912 6.0131355822086325 1.8403489813208578 41.795969478785992 3.8053315803408623 10.323906615376471
leaf_count=172 31 35 23 23 35 48 29 41 26 50 34 27 24 64 26 658 54 35 66 39 498 30 498 31 37 65 20 460 41 113
internal_value=-0.00034201 0.0111832 0.0537093 0.0390244 0.122623 0.178719 0.0287883 0.00257379 0.0739967 0.01601 0.139419 0.122065 0.23117 0.0483828 0.096503 -0.0469326 -0.00330243 0.00804984 0.00427551 0.0245542 0.0354988 0.156145 -0.0145332 0.0255491 0.181094 -0.0489702 -0.00401769 -0.0286473 -0.0503369 -0.0211371
internal_weight=307.466 246.491 62.6289 51.6276 11.0014 7.51363 48.2807 30.5601 17.7206 9.39415 8.32646 4.7045 4.94329 16.1802 10.0567 60.9751 183.862 126.985 123.405 59.3821 53.5753 7.05279 64.023 18.9447 6.13229 14.3799 8.36677 56.8779 6.52642 52.1199
internal_count=3333 2644 648 542 106 71 507 323 184 100 84 50 50 168 104 689 1996 1369 1334 633 567 69 701 203 63 155 90 627 70 573
is_linear=0
shrinkage=0.1


Tree=2
num_leaves=31
num_cat=0
split_feature=2 0 2 3 0 0 3 1 3 1 3 1 3 3 1 1 0 3 3 2 2 0 0 0 1 3 2 1 2 3
split_gain=13.6697 11.4011 4.99379 5.59323 4.64242 7.55396 4.4931 7.75846 4.37627 4.01871 5.41678 6.71026 5.54382 4.66077 4.45435 5.09162 5.70288 6.34867 3.79475 3.66435 4.30364 4.11408 4.29347 3.72393 3.65731 3.60821 5.31506 3.53778 3.4068 4.7068
threshold=48.633510119682121 0.26822455374689724 78.412966621658555 154.92787885190674 0.49427655674204513 0.51527596289627042 208.07311082351438 2.8383766626567213 271.18913841680109 -0.094394531511986998 230.35313211399904 2.0885214968309507 174.12349724784812 171.54494007307713 -0.4909915281705815 -0.52701233024058725 0.081860939415876868 148.96678304938683 183.71129268656827 38.416299240948952 33.305986075151225 0.28421052630532101 0.29160135840004103 0.27706523455459497 1.2385574471743122 129.60742257646348 26.658685637210976 -0.059635749726431667 25.747669091496508 188.53217578466692
decision_type=2 2 2 2 2 2 2 2 2 2 2 2 2 2 2 2 2 2 2 2 2 2 2 2 2 2 2 2 2 2
left_child=1 8 -2 -4 6 -6 7 19 9 14 12 -12 13 27 15 16 17 -1 -14 20 21 23 -23 -3 -7 26 -18 -11 -20 -30
right_child=2 4 3 -5 5 24 -8 -9 -10 10 11 -13 18 -15 -16 -17 25 -19 28 -21 -22 22 -24 -25 -26 -27 -28 -29 29 -31
leaf_value=-0.00085334955202328526 -0.0562834054754901 0.036846902777540512 0.11185991759040376 -0.047749212851430481 0.26305252077506258 -0.00030307802187054186 -0.029172121647763519 0.18643127162116113 -0.069140017657624245 0.12253950029009747 0.033561285048185785 0.26155724978849609 -0.10987158563113862 0.15193356644016875 -0.037118950650764294 0.11449062827495116 -0.073358331110832717 0.20650964465022725 0.082361624022051549 0.1301013120045664 -0.082658405254366324 -0.11223233641266978 0.03226776838734783 0.20655147912994606 0.14186133987836336 -0.096104339862455229 0.14347675093271509 0.011095897962638865 0.07716896682567452 -0.058279090869354566
leaf_weight=4.4982723891735139 49.8608692958951 2.6844405755400649 4.0457058772444707 4.8010614886879921 2.3758350759744626 4.3875351324677467 9.5671488717198354 3.6293978914618483 9.6508717834949476 2.9759692102670661 4.1461741477251044 1.8744834661483762 5.2132928594946888 2.6120822578668585 44.835463829338551 4.35876840353012 2.6622059345245344 2.1978503465652466 3.0974081829190281 3.6945875212550154 3.3416544646024695 2.1987376734614363 31.725454077124596 2.4947044476866722 3.079823262989521 6.7000564709305763 1.964714244008064 66.518619991838932 3.1834540367126491 13.217756092548369
leaf_count=47 585 28 47 57 21 41 98 31 112 30 46 20 64 22 513 39 30 23 34 36 34 23 326 23 25 75 22 700 35 146
internal_value=-0.000592913 0.00964558 -0.0439983 0.0252415 0.0441415 0.107744 0.0335905 0.0456555 -0.00363381 8.37304e-05 0.0125119 0.104546 0.00678878 0.0207973 -0.0189308 0.0175038 -0.00595181 0.0672088 -0.0340864 0.0345819 0.0262675 0.0355759 0.0229022 0.118591 0.0583309 -0.0492019 0.0187157 0.0158683 -0.0138239 -0.0319888
internal_weight=307.594 248.887 58.7076 8.84677 69.1793 9.84319 59.3361 49.769 179.707 170.057 102.839 6.02066 96.8186 72.1067 67.2173 22.3819 18.0231 6.69612 24.7119 46.1396 42.445 39.1033 33.9242 5.17915 7.46736 11.327 4.62692 69.4946 19.4986 16.4012
internal_count=3333 2644 689 104 686 87 599 501 1958 1846 1097 66 1031 752 749 236 197 70 279 470 434 400 349 51 66 127 52 730 215 181
is_linear=0
shrinkage=0.1


Tree=3
num_leaves=31
num_cat=0
split_feature=3 2 0 2 1 0 0 2 2 1 1 0 2 0 2 3 3 2 1 3 2 2 1 1 3 1 1 1 2 1
split_gain=11.7158 8.36725 8.48194 4.9809 4.7455 4.04676 4.01151 5.22701 5.07994 14.4137 4.99373 4.67257 4.14452 5.71595 4.77968 4.04517 5.34382 3.76985 3.33326 4.19811 3.27694 3.6517 5.85769 6.11124 7.85629 3.65088 3.47425 7.505 4.55477 3.76038
threshold=348.05519347003099 42.395527248135615 0.27706523455459497 78.412966621658555 4.3100588649643141 0.28421052630532101 0.47759221432569848 31.429918174687234 25.859604399712811 0.39988234777904091 -0.23813889625688897 0.35110443396154639 28.124863569667724 0.33152882571808501 27.217718641924879 127.17907801977864 179.57372080537542 26.753248167852636 0.52727591792038397 173.51792874797468 40.902494064944086 34.094080804259157 -0.0076379364422374399 0.29109315820129467 132.84770716647373 1.9839088479941178 2.7709547501131695 2.2649386210786568 31.079464191410487 4.3100588649643141
decision_type=2 2 2 2 2 2 2 2 2 2 2 2 2 2 2 2 2 2 2 2 2 2 2 2 2 2 2 2 2 2
left_child=1 2 20 -3 5 -4 8 17 9 10 -7 -11 14 -14 15 -10 -17 -8 19 -15 21 26 -23 -24 -25 -26 27 28 -1 -28
right_child=-2 3 4 -5 -6 6 7 -9 12 11 -12 -13 13 18 -16 16 -18 -19 -20 -21 -22 22 23 24 25 -27 29 -29 -30 -31
leaf_value=0.0035922346941237755 -0.094413792640995114 -0.039084482517634474 0.13621492826847453 0.047274471667741472 0.18398374839944201 0.070246311010793663 0.049109029564256244 -0.037468285882253906 0.096477580779197533 0.10119721211659585 -0.1114585798486336 0.28593616401263927 0.127042299323956 -0.031492340548359518 -0.11058500431648824 -0.067113347581567298 0.08756581831530906 0.18592725547102015 -0.1134523196814796 0.15204882560300592 -0.11114794366673736 -0.019428128332520958 0.19867484223643561 0.19821883944580002 -0.08405126568621786 0.083829717942535548 -0.11114012283095175 0.14604474653745572 -0.053986496988349578 0.029268311592221909
leaf_weight=118.80492843687534 12.795463308691977 56.01709295809269 3.9471511840820304 7.5827902406454077 2.3255221769213668 2.7359701618552208 3.6054350957274419 2.5915568098425856 3.340188272297385 2.7512253746390343 3.3822415694594365 2.7253380939364433 4.965861037373541 3.6439702212810516 5.3563028424978247 8.8604954779148084 2.9862811937928191 4.5622245222330093 2.2329785451292992 1.8938826099038122 2.5850014910101882 8.7126809656620043 3.5357769429683668 2.2488071098923683 3.5655622333288193 2.0345133543014526 5.7735965698957425 3.4624503180384627 15.53506015986204 2.8484534099698067
leaf_count=1293 156 664 32 86 20 28 30 24 33 23 37 22 47 35 62 93 29 33 22 20 29 98 37 23 38 21 65 33 168 32
internal_value=-0.00073814 0.00333032 0.0121728 -0.0287882 0.0438423 0.0383724 0.0314306 0.0862702 0.0182822 0.075284 -0.0302029 0.19313 -0.00157727 0.0432407 -0.0293641 -0.000718252 -0.0281225 0.125532 -0.0103118 0.0312766 0.000579252 0.00231365 0.0422851 0.0895142 0.0403393 -0.0230599 -0.00317259 0.000680426 -0.00306616 -0.0647536
internal_weight=307.409 294.613 231.013 63.5999 61.9066 59.5811 55.634 10.7592 44.8747 11.5948 6.11821 5.47656 33.28 12.7367 20.5433 15.187 11.8468 8.16766 7.77083 5.53785 169.107 166.522 20.0973 11.3847 7.84888 5.60008 146.424 137.802 134.34 8.62205
internal_count=3333 3177 2427 750 590 570 538 87 451 110 65 45 341 124 217 155 122 63 77 55 1837 1808 217 119 82 59 1591 1494 1461 97
is_linear=0
shrinkage=0.1


Tree=4
num_leaves=31
num_cat=0
split_feature=3 2 0 2 1 2 2 3 2 2 0 1 3 3 0 3 1 2 1 0 2 3 2 1 2 2 2 3 2 2
split_gain=10.2787 7.03454 6.97014 4.8985 3.15045 3.58892 3.92157 6.48189 4.11984 7.94019 3.13339 2.82678 4.94938 10.5228 5.14464 4.67749 4.03303 3.6791 3.19407 3.59353 3.08211 3.03279 3.15052 3.57922 6.7761 7.74742 5.97069 5.32328 15.8177 5.98678
threshold=348.05519347003099 48.633510119682121 0.27706523455459497 78.412966621658555 0.80891991744776559 40.902494064944086 26.348123628480678 114.42040196880701 28.124863569667724 31.429918174687234 0.33152882571808501 -0.0076379364422374399 107.64075709694738 116.60614573715858 0.057116715787194815 112.09651324336743 -0.4909915281705815 25.137125144120208 -0.52701233024058725 0.092436974784749867 30.754003821705243 118.96379599214895 40.248156126273521 0.33966027037356689 26.658685637210976 27.797844012662008 32.53698551997784 130.31007126303422 28.423742973446494 25.800061346913761
decision_type=2 2 2 2 2 2 2 2 2 2 2 2 2 2 2 2 2 2 2 2 2 2 2 2 2 2 2 2 2 2
left_child=1 2 11 -3 5 6 7 -4 -8 -10 -11 16 -13 14 -14 -16 18 -15 19 -1 -20 -19 23 24 -23 -26 -27 28 -25 -29
right_child=-2 3 4 -5 -6 -7 8 -9 9 10 -12 12 13 17 15 -17 -18 21 20 -21 -22 22 -24 27 25 26 -28 29 -30 -31
leaf_value=0.052481617790003689 -0.092244987080775692 -0.045078692629007988 0.19712777971320725 0.040884367411994596 0.067045592137566556 0.11999408294809229 -0.054101635701774467 0.024033451723296677 0.11678256278592376 0.049021596606406669 -0.091085226165457681 -0.077438860862784342 0.0033101255366179468 -0.11218872416330955 0.061845454292412852 0.24563041172178557 -0.029838919572615304 -0.11219702309648652 0.17179798150232631 -0.036395579334447752 0.011225378183555111 -0.012037771165173607 -0.05922952795803909 -0.031316233527372714 0.22274427434938771 -0.019341509186967185 0.13774439657072077 0.068793388984852447 0.31163717598238372 -0.024948798725567628
leaf_weight=7.8662126213312211 11.836249120533465 41.908957421779633 2.5687354058027294 7.874380148947238 23.128164775669575 3.4147208482027045 11.927172280848028 13.710010237991808 5.5956066027283651 2.4381906166672707 4.6224469393491745 6.0171379745006552 2.5015449300408346 2.5687912404537192 2.2554169744253159 3.5875797867774963 54.456615798175335 2.0043752565979949 2.4261480718851081 10.788628593087195 2.3563869893550873 9.9893482401967066 5.7207960486412039 3.6988375410437575 3.5785050913691512 5.4185256659984571 4.371900238096714 8.2999246120452863 2.1131758913397789 38.022447727620602
leaf_count=79 156 531 25 86 192 32 126 130 50 22 47 70 21 27 20 30 633 21 20 126 20 106 63 38 37 59 42 89 20 415
internal_value=-0.000870254 0.0027931 0.00974494 -0.0314817 0.0371327 0.0215076 0.0132774 0.0513472 -0.0119317 0.0278089 -0.0427033 -0.000623799 0.0104888 0.0161094 0.123313 0.174689 -0.0149112 0.00568161 0.0197732 0.00108139 0.0926828 0.00932006 0.0123191 0.0177411 0.050271 0.0968285 0.050805 0.00316636 0.0933774 -0.00815231
internal_weight=307.067 295.231 245.447 49.7833 67.405 44.2769 40.8622 16.2787 24.5834 12.6562 7.06064 178.042 100.148 94.1312 8.34454 5.843 77.894 85.7866 23.4374 18.6548 4.78254 83.2178 81.2135 75.4927 23.3583 13.3689 9.79043 52.1344 5.81201 46.3224
internal_count=3333 3177 2560 617 624 432 400 155 245 119 69 1936 1058 988 71 50 878 917 245 205 40 890 869 806 244 138 101 562 58 504
is_linear=0
shrinkage=0.1


Tree=5
num_leaves=31
num_cat=0
split_feature=3 2 0 3 0 1 1 0 0 0 2 2 0 0 1 1 3 3 0 0 3 0 2 2 3 2 3 3 0 1
split_gain=9.01637 5.7476 5.46211 4.14592 3.14292 3.2069 3.49947 4.43898 2.74129 4.01906 5.16818 11.4933 5.14379 3.73706 3.46416 19.2932 4.82299 7.04983 5.46172 3.37982 3.12918 3.00204 2.71615 6.13321 7.9699 3.41958 4.19735 2.95077 2.65136 5.69887
threshold=348.05519347003099 48.633510119682121 0.27706523455459497 102.79851636070073 0.24235749564693768 -0.56665881240760452 -0.26538987481067955 0.049778652718994038 0.19999999998840354 0.13840072969701972 25.425048288441989 25.679528329438291 0.10812371133773251 0.12476415093545797 2.7709547501131695 1.9839088479941178 165.83296453904555 159.76978382773225 0.048660722492154022 0.22162162161262935 156.98636925201086 0.12798618591617908 26.978287232737149 27.653348353481409 139.90182101324396 25.800061346913761 150.78273621834535 122.09732175691606 0.18512230396194365 1.747809742507638
decision_type=2 2 2 2 2 2 2 2 2 2 2 2 2 2 2 2 2 2 2 2 2 2 2 2 2 2 2 2 2 2
left_child=1 2 8 -3 5 -5 -7 -8 9 12 -11 -12 14 -14 15 16 17 20 -19 -10 -1 -15 25 -24 27 26 -21 -25 29 -13
right_child=-2 3 -4 4 -6 6 7 -9 19 10 11 28 13 21 -16 -17 -18 18 -20 22 -22 -23 23 24 -26 -27 -28 -29 -30 -31
leaf_value=0.01321721178533581 -0.090081070703996624 0.0835491278691054 0.032322414818006469 0.0754246167760311 -0.074977124227509878 -0.07321685716372188 -0.086727992329918888 0.030590347770790623 -0.068722114307301962 -0.066215069454105241 0.2590942391856918 0.066018717518850009 -0.085993707341050996 0.078186214555456934 -0.084651415235741878 0.24829689220066539 -0.036947708231493778 0.035778820732553007 0.27476074325890798 -0.039464180598582116 -0.11228929806976221 -0.039735104170704243 0.15211909154959091 0.018903948564616913 -0.07996733232599007 -0.083375807164030563 0.13638413262662641 0.18591352413165771 -0.022936331289373713 -0.1115846197245485
leaf_weight=46.874763250350952 10.954146042466162 3.0576689913868895 69.213055461645126 3.2422317415475836 14.597490675747393 11.071607455611231 4.3916735947132173 12.142058715224264 11.872746974229811 4.3798778951168051 2.4188375025987652 19.117807134985931 11.623979676514866 3.1495362818241102 3.9005270823836318 3.3073531836271277 22.751261278986931 2.024634443223476 1.8123544380068777 4.1556829810142535 2.0744589343667021 6.8637814819812775 3.0319756045937529 2.2657789215445501 6.3634678199887276 7.2285309806466103 2.0157875120639801 1.984506122767925 6.7074824571609488 1.9952597841620434
leaf_count=494 156 31 624 41 190 143 56 156 137 48 25 212 129 34 47 31 253 21 20 46 22 73 33 23 72 82 22 18 72 22
internal_value=-0.000991649 0.00230936 0.00848642 -0.0291643 -0.036748 -0.0186574 -0.0297073 -0.000571633 -0.00078605 0.00578193 0.0353081 0.0500127 -0.00401064 -0.0474214 0.00734096 0.0118919 0.00154109 0.0181301 0.148659 -0.0242444 0.00789827 -0.00264475 -0.00471917 0.0266846 -0.00914765 -0.0366988 0.0179732 0.0968826 0.0318343 0.0492346
internal_weight=306.59 295.636 247.133 48.5027 45.4451 30.8476 27.6053 16.5337 177.92 139.002 34.6193 30.2394 104.383 21.6373 82.7454 78.8448 75.5375 52.7862 3.83699 38.9185 48.9492 10.0133 27.0457 13.6457 10.6138 13.4 6.17147 4.25029 27.8205 21.1131
internal_count=3333 3177 2560 617 586 396 355 212 1936 1503 379 331 1124 236 888 841 810 557 41 433 516 107 296 146 113 150 68 41 306 234
is_linear=0
shrinkage=0.1


Tree=6
num_leaves=31
num_cat=0
split_feature=3 2 0 2 1 1 3 3 3 2 2 1 2 2 2 1 3 3 1 2 0 0 0 2 1 1 0 0 3 2
split_gain=7.90691 4.74792 4.38954 3.50044 3.47637 5.53487 3.85542 4.20664 4.67337 2.85438 4.31258 5.03527 4.16231 3.0586 4.02304 9.89143 6.08238 5.76951 4.83766 4.69297 3.712 4.30777 4.14015 3.7386 5.4414 4.73242 3.6023 3.4574 3.36879 4.72676
threshold=348.05519347003099 42.395527248135615 0.40199330091560703 78.412966621658555 0.24422866547770797 -0.4695725465643365 201.02396807410443 181.29957202098402 149.32906179452081 25.260956490555571 25.371691890206307 -0.059635749726431667 25.039018712157532 25.486380133050215 25.842430527409711 0.70722045143591694 166.71289686360657 157.74471164959999 -1.0825435314252021 25.701417485883493 0.37021406824782638 0.25637414227139416 0.23809523807444857 29.665010712715965 1.7812749596480175 -0.34803618197854541 0.32722651643426431 0.17726007719431347 179.57372080537542 27.138456250507016
decision_type=2 2 2 2 2 2 2 2 2 2 2 2 2 2 2 2 2 2 2 2 2 2 2 2 2 2 2 2 2 2
left_child=1 2 9 -3 5 -4 7 8 -6 12 11 -11 -1 -12 15 16 19 -17 -16 27 21 22 -20 25 26 -23 -25 -15 -27 -30
right_child=-2 3 4 -5 6 -7 -8 -9 -10 10 13 -13 -14 14 18 17 -18 -19 20 -21 -22 23 -24 24 -26 28 -28 -29 29 -31
leaf_value=0.077925373506301757 -0.087907375959051043 -0.032754915476003101 0.13238945858712767 0.038348325527269328 0.13925567987261145 -0.043084301184362767 -0.00047475700978577931 0.22370972993409366 -0.021354005705790297 -0.013547474158107373 -0.058816542800536192 0.15608288684883845 -0.059891737503364476 -0.08364961650544582 0.19216568045861473 0.056776485906633881 -0.1123492839245448 0.2411448493992884 -0.0024500659178020665 0.1206076152469856 -0.079190889806417836 0.10991755382128879 -0.092135700828560554 0.081037516642761737 0.20404809124507439 -0.037724599924353237 -0.068044549733602508 0.050734676519842294 0.11964376935062293 -0.065726916192026016
leaf_weight=2.6257073655724517 10.144427865743635 51.904349680989981 2.4158363938331604 7.9895543158054343 4.5845975503325445 7.0237303376197833 4.2138056904077521 2.5758043751120567 2.9953975602984428 3.0661766231060028 7.4221707955002776 4.0763252750039092 13.24990304559469 3.4926331043243426 1.3143987581133831 3.4647963345050803 3.5591247156262389 3.3273074552416801 112.92364912480116 4.2727428749203682 5.7724582925438872 4.0001097843050983 5.3930177316069594 6.0900571569800359 2.7329875007271758 13.253285318613054 2.208586722612381 4.2369952276349068 3.813075251877307 2.1518394351005554
leaf_count=28 156 664 21 86 34 68 33 17 24 35 78 40 141 37 14 31 38 27 1229 44 58 37 64 54 18 137 22 42 33 23
internal_value=-0.00109617 0.00187749 0.00825271 -0.0232701 0.0489693 0.0018241 0.0799395 0.113305 0.0757873 0.00368957 0.00698365 0.0832629 -0.0370978 0.00410751 0.00667353 0.0464063 0.00245898 0.147095 0.00111042 0.0365037 -0.000475561 0.00250269 -0.00653805 0.033734 0.0816653 0.0109605 0.0413611 -0.00998688 -0.00963659 0.0527714
internal_weight=306.295 296.15 236.257 59.8939 23.8092 9.43957 14.3696 10.1558 7.58 212.447 196.572 7.1425 15.8756 189.429 182.007 22.3536 15.5615 6.7921 159.653 12.0024 158.339 152.567 118.317 34.2499 11.0316 23.2183 8.29864 7.72963 19.2182 5.96491
internal_count=3333 3177 2427 750 197 89 108 75 58 2230 2061 75 169 1986 1908 219 161 58 1689 123 1675 1617 1293 324 94 230 76 79 193 56
is_linear=0
shrinkage=0.1


Tree=7
num_leaves=31
num_cat=0
split_feature=3 1 1 2 2 0 2 1 1 3 3 3 3 1 3 2 3 0 2 1 1 2 2 2 1 2 0 3 0 3
split_gain=6.93622 4.07654 5.22391 3.94993 8.3736 3.29319 5.99987 4.53839 7.04261 5.19409 4.39255 4.14902 5.18803 6.14337 5.97496 4.71486 5.58176 4.12721 4.10718 4.74484 8.45055 4.10559 3.96831 4.79032 3.69863 3.53729 3.35672 3.25374 3.23287 5.70885
threshold=348.05519347003099 -0.02510135825495707 -0.4909915281705815 25.260956490555571 25.292373053327331 0.35110443396154639 31.535553001995748 0.35927262602488313 0.31354628891914577 152.78748945776638 140.46440589263801 133.82987942038878 222.79708247803228 1.2067170955782769 238.54264495136223 27.797844012662008 112.84606049809462 0.22771715407365975 27.138456250507016 0.026078909915676116 0.094671997567211272 25.89492588399089 46.500187582049612 30.754003821705243 0.33966027037356689 29.216935488178425 0.24711584148081819 225.75653526687111 0.3819660014588584 198.56938096256559
decision_type=2 2 2 2 2 2 2 2 2 2 2 2 2 2 2 2 2 2 2 2 2 2 2 2 2 2 2 2 2 2
left_child=1 2 -1 -3 -5 7 25 8 9 18 -8 15 -13 -14 -15 21 -17 -11 -6 -20 -21 -9 23 -18 -10 28 -23 -4 -7 -30
right_child=-2 3 27 4 5 6 10 11 24 17 -12 12 13 14 -16 16 22 -19 19 20 -22 26 -24 -25 -26 -27 -28 -29 29 -31
leaf_value=0.019403317987285056 -0.085711522345169253 -0.054809122435841323 -0.020345142967519519 0.23673775756290238 -0.067146191301720656 0.13273214015649029 0.067755029723688673 0.053432901255512144 0.22579170611950899 0.082886343283410033 -0.091427601296736702 -0.035904024748454541 -0.063408265608737149 0.21795145214337219 0.03211967525298972 -0.032067842496076936 0.043817462391725757 -0.045940282826296308 -0.11189775338482966 0.17979712624132282 -0.012823677987708873 -0.1128260777185781 -0.0085796902732090709 0.22012479232601573 0.053843753556317514 0.16522508548726605 0.043908965216598601 -0.1095514055061845 0.068405714960519393 -0.086415113740380467
leaf_weight=38.36834803968668 9.4023427665233594 8.4023015946149808 88.476378127932549 1.6933478116989125 8.7741681635379809 3.9569187164306738 2.7611102163791648 4.766610339283945 2.6353467777371398 13.790284626185896 4.6578122898936272 48.119746495038271 4.1854131296277037 2.4083227291703206 6.1446668207645416 3.6205954775214186 2.4771370366215688 3.0339412800967684 2.1819583997130385 3.3903263285756093 6.939583495259285 4.7786273434758186 1.9628712609410284 4.078215017914772 2.3813907951116562 3.4501217678189269 1.9135938808321951 4.286879025399684 9.3788024559617025 3.1924222707748404
leaf_count=392 156 85 1058 14 92 34 30 46 24 146 51 524 48 25 63 36 21 35 24 33 70 50 24 30 23 24 20 55 73 27
internal_value=-0.00115293 0.00153116 -0.0116313 0.011987 0.0155693 0.0131527 0.0446095 0.0063977 0.0327911 0.0181294 -0.0321844 -0.00707996 -0.0208817 0.0358657 0.0844456 0.0285146 0.0719438 0.0596548 -0.0146917 0.0220929 0.0503954 -0.0174918 0.116153 0.153502 0.14417 0.0731268 -0.0680088 -0.0244676 0.053902 0.0290895
internal_weight=305.61 296.207 131.132 165.076 156.673 154.98 27.3972 127.583 43.127 38.1103 7.41892 84.4558 60.8581 12.7384 8.55299 23.5977 12.1388 16.8242 21.286 12.5119 10.3299 11.4588 8.51822 6.55535 5.01674 19.9783 6.69222 92.7633 16.5281 12.5712
internal_count=3333 3177 1505 1672 1587 1573 239 1334 447 400 81 887 660 136 88 227 111 181 219 127 103 116 75 51 47 158 70 1113 134 100
is_linear=0
shrinkage=0.1


Tree=8
num_leaves=31
num_cat=0
split_feature=3 2 2 0 0 3 0 0 2 2 0 0 1 1 1 3 0 3 0 3 3 1 0 0 0 0 2 2 2 3
split_gain=6.07731 3.57122 3.5011 3.23898 2.58568 6.24179 2.21245 3.03487 4.26017 6.72781 4.25324 3.44406 3.11976 12.3497 4.38513 3.36145 4.68789 9.46592 3.99304 5.85008 5.31075 3.1617 2.82805 2.81974 3.03916 7.28628 2.89595 3.80874 5.62067 4.88088
threshold=348.05519347003099 48.633510119682121 78.412966621658555 0.27706523455459497 0.026064311593469471 165.83296453904555 0.19999999998840354 0.13840072969701972 25.425048288441989 25.720117430065432 0.10812371133773251 0.11915227922635303 2.7709547501131695 1.9839088479941178 1.4161840336791998 165.83296453904555 0.031843089055153838 159.76978382773225 0.019607843136103687 118.96379599214895 133.48347753929929 -0.4909915281705815 0.22162162161262935 0.14482758619690447 0.16406970534893947 0.17093056378338425 35.587942347969836 27.411530479857735 26.25479721697997 158.54887925779283
decision_type=2 2 2 2 2 2 2 2 2 2 2 2 2 2 2 2 2 2 2 2 2 2 2 2 2 2 2 2 2 2
left_child=1 3 4 6 5 -3 7 10 -9 -10 12 -12 13 14 15 16 18 21 19 -1 -21 -18 -8 -11 -25 -26 27 28 -27 -30
right_child=-2 2 -4 -5 -6 -7 22 8 9 23 11 -13 -14 -15 -16 -17 17 -19 -20 20 -22 -23 -24 24 25 26 -28 -29 29 -31
leaf_value=-0.11175555331940489 -0.083483270875201909 0.17421541744405333 0.035059054829714317 0.023755442326592536 -0.045112424599752052 -0.10783740397464539 -0.065157225501510915 -0.064698665212378201 0.1748953052599001 0.11721301163755181 -0.097984582677750121 -0.013600529776275695 -0.083347541503879422 0.18165360414976411 -0.11210416659010652 -0.028144610223116914 0.090374210805601582 0.20585587851928511 -0.084016973476576995 0.17308913648210547 -0.016372876258257393 0.0095147038960234492 -0.0051976719524348715 -0.036025068154352718 0.17728878791339697 -0.0746077552143255 0.11351789350389291 -0.074567885901976924 0.21833915780661017 -0.0046706444370833659
leaf_weight=2.4227933436632139 8.7232027538120729 1.7690081000328057 8.1485647186636907 72.32835191488266 34.6795644313097 1.409948796033859 11.118298798799513 4.2237676158547393 3.4100198969244984 3.0339563488960293 7.6446887627244022 13.167838454246519 3.7375162392854682 3.9875978603959075 3.274301551282405 20.430858366191387 5.8557039275765339 3.1136384308338156 6.7912867814302436 2.7900353446602821 3.1496962979435921 27.760900251567371 26.894099324941635 7.9351404681801823 3.1108813062310245 2.600144259631632 2.1989007592201224 5.2882486209273338 2.113122440874577 1.8324803486466406
leaf_count=27 156 25 86 624 485 21 137 48 29 31 91 145 47 31 36 235 55 28 69 28 35 297 296 88 34 27 23 58 22 19
internal_value=-0.00121821 0.00120435 -0.0244018 0.00591257 -0.0372 0.0491178 -0.00134233 0.00447148 0.0296115 0.0422482 -0.00415907 -0.0445958 0.00594232 0.010136 0.00108788 0.00621303 0.0197424 0.0390496 -0.0270552 0.0192041 0.072622 0.0235997 -0.0227353 0.0261584 0.015143 0.0388265 0.00813151 -0.0114506 0.0395413 0.114765
internal_weight=304.945 296.221 46.0071 250.214 37.8585 3.17896 177.886 139.874 35.7467 31.5229 104.127 20.8125 83.3143 79.5768 75.5892 72.3149 51.8841 36.7302 15.1538 8.36252 5.93973 33.6166 38.0124 28.1129 25.0789 17.1438 14.0329 11.834 6.54575 3.9456
internal_count=3333 3177 617 2560 531 46 1936 1503 379 331 1124 236 888 841 810 774 539 380 159 90 63 352 433 302 271 183 149 126 68 41
is_linear=0
shrinkage=0.1


Tree=9
num_leaves=31
num_cat=0
split_feature=3 1 3 2 1 2 2 3 1 2 2 1 3 3 0 1 2 1 0 3 0 1 0 1 1 0 0 1 3 1
split_gain=5.3194 3.21837 4.38251 3.65856 3.42661 3.0966 4.77398 2.92264 3.05174 2.77032 5.46578 4.26762 6.39766 6.48976 9.90285 4.21401 3.39664 4.0263 2.66581 6.18567 9.44978 2.29761 2.19522 2.53045 7.13361 2.98124 2.84011 3.65355 2.11427 3.78713
threshold=348.05519347003099 -0.02510135825495707 101.82133996116444 38.669791924582519 -0.49810813134187754 25.260956490555571 25.345065020802085 225.75653526687111 -0.44658135955702544 27.56364074996916 27.082181353862843 -0.23048438736049967 151.23440925881167 131.46632328870712 0.17726007719431347 -0.1910875081996061 25.518822309292919 -0.15131085103706293 0.27706523455459497 145.39930780874104 0.31783804223313689 5.89662117946816 0.19447173105442461 -0.18346361784735099 -0.2196219484294874 0.16406970534893947 0.045375356348446985 -0.36326178126329217 222.79708247803228 0.34765097715127646
decision_type=2 2 2 2 2 2 2 2 2 2 2 2 2 2 2 2 2 2 2 2 2 2 2 2 2 2 2 2 2 2
left_child=1 2 3 -1 -4 -3 -7 8 -6 10 11 12 13 14 -10 -12 17 -13 22 -20 -21 -2 23 24 25 26 27 -11 -8 -30
right_child=21 5 4 -5 7 6 28 -9 9 18 15 16 -14 -15 -16 -17 -18 -19 19 20 -22 -23 -24 -25 -26 -27 -28 -29 29 -31
leaf_value=0.18823061034334698 -0.10576526162134259 -0.050764680414560337 0.011238796626245731 -0.0060582940857460887 -0.083112402945704988 0.11812109549897265 0.0058001950691066555 -0.1087019119229465 -0.10999622166739448 0.13474960700406532 0.026278153132133122 -0.071353656200375301 -0.06524325938861654 0.20770250139514862 0.14926190283081386 0.2350370675133803 -0.079991930364185837 0.10261433176389789 -0.060962578410905993 0.2755831905217061 -0.0039092996355795506 0.034288988433235107 -0.094612849107641298 -0.07598723373492719 0.15514392318670731 0.074857459547223268 -0.07925465242835919 -0.062938359208093972 0.14134078033979378 0.021817303237824159
leaf_weight=1.9942314326763146 6.68212992697954 7.9521651305258265 37.50372239202261 1.88561425358057 7.2106990218162528 4.2199050784111014 134.19440929219127 3.9679658263921729 2.8630545809865016 1.6409931331872942 2.2013523355126385 2.547022245824337 4.3581829890608796 2.8267400935292244 3.0352278724312782 1.7244075387716282 9.6195952892303449 2.7850185818970212 5.8024455532431585 1.7924456596374509 3.720965676009655 1.4203187450766561 7.0483500063419333 8.8107851892709785 2.2702428996562949 2.1649136692285529 10.032832078635691 2.1726276278495815 3.1489852741360691 16.761922299861908
leaf_count=22 130 85 375 20 88 34 1349 56 35 22 27 31 51 34 30 18 111 30 65 19 44 26 97 110 30 27 134 29 35 169
internal_value=-0.00127443 0.000911885 -0.0108767 0.0938057 -0.0140976 0.0101271 0.0131855 -0.0248228 -0.02089 -0.0150945 0.00746539 -0.00800964 0.0336995 0.0831218 0.0234168 0.117976 -0.0445066 0.0195129 -0.0309564 0.0111074 0.0869555 -0.0812145 -0.0448984 -0.0319647 -0.0107481 -0.0342698 -0.0513321 0.0221264 0.010312 0.0407204
internal_weight=304.359 296.257 129.979 3.87985 126.1 166.277 158.325 88.5959 84.6279 77.4172 31.9606 28.0348 13.0832 8.72502 5.89828 3.92576 14.9516 5.33204 45.4566 11.3159 5.51341 8.10245 34.1407 27.0924 18.2816 16.0114 13.8465 3.81362 154.105 19.9109
internal_count=3333 3177 1505 42 1463 1672 1587 1088 1032 944 367 322 150 99 65 45 172 61 577 128 63 156 449 352 242 212 185 51 1553 204
is_linear=0
shrinkage=0.1


Tree=10
num_leaves=31
num_cat=0
split_feature=3 1 3 0 3 2 2 2 2 1 2 1 0 1 1 3 2 2 1 1 1 1 2 2 2 1 3 2 3 3
split_gain=4.66298 2.68884 3.57967 2.85163 2.80698 2.77301 2.62029 4.1534 7.97843 6.22265 5.31907 3.40496 4.27698 4.48155 4.19516 4.34159 5.4315 4.78544 4.42721 6.70884 3.49648 5.61603 3.08992 3.07246 3.5908 2.95767 2.69317 3.86039 3.36779 6.31272
threshold=348.05519347003099 -0.02510135825495707 182.99279996661656 0.0057473162673052289 101.82133996116444 26.032714176012174 25.260956490555571 25.800061346913761 25.701417485883493 0.27132695875984419 26.141951629635042 0.35927262602488313 0.50410270860908046 5.89662117946816 0.31354628891914577 165.08463665773647 38.669791924582519 52.249529700109029 0.19680508070183955 0.026078909915676116 0.16549558592908822 0.094671997567211272 25.345065020802085 29.128765756727013 27.527119284320435 1.8196772632839244 143.31286667458099 27.797844012662008 179.57372080537542 184.36175608049044
decision_type=2 2 2 2 2 2 2 2 2 2 2 2 2 2 2 2 2 2 2 2 2 2 2 2 2 2 2 2 2 2
left_child=1 2 4 -3 -1 -4 -5 8 9 -8 -9 14 13 26 15 17 23 18 19 -12 21 -21 -11 24 -17 -14 27 -13 -28 -30
right_child=-2 3 5 6 -6 -7 7 10 -10 22 11 12 25 -15 -16 16 -18 -19 -20 20 -22 -23 -24 -25 -26 -27 28 -29 29 -31
leaf_value=0.077722061997382741 -0.078970002235694836 -0.11184087630770406 0.023900138513379486 -0.047031302636026007 -0.0058966025174236082 -0.064627563848747197 -0.087326945510992279 -0.060343104161050799 0.17338315166463245 0.13559061960061508 -0.11201476867959495 -0.039911964922957163 0.15720203462623725 0.14526971910282993 0.1217098746528797 0.12762601351060596 -0.029548561062872677 0.14922868913093751 -0.095195884100689021 0.093167385689582577 0.15967521770542525 -0.054966351056217382 0.028856237584873975 0.17852391721481781 -0.054417294227298511 0.018450163914742353 -0.055818255792152938 0.043520089860928673 0.16259797319552888 -0.015180041412992768
leaf_weight=4.1778370738029471 7.5414266325533381 1.9299668744206417 4.4261587038636234 7.5754851251840583 102.69078921154141 17.638675708323717 3.9863460473716321 10.992310412228106 4.3865000307559958 3.4879502505064002 3.4762583337724271 8.180910602211954 2.7741670012474051 1.9121408835053433 5.0065978839993468 2.8844839632511121 3.7120129615068427 1.9251717925071705 5.2378949820995322 5.2230929359793645 2.194528028368949 5.0182043612003326 12.196728676557539 4.0547233074903488 1.7354356646537779 3.4429075010120869 19.430076941847801 17.21753840520978 2.1544794328510788 27.392306417226791
leaf_count=42 156 22 51 84 1183 229 43 109 33 25 39 85 18 19 42 28 46 24 51 46 22 49 106 36 19 28 219 154 22 303
internal_value=-0.00131843 0.000656879 -0.0101989 0.00901171 -0.00262768 -0.0468691 0.0104202 0.0131744 0.0514315 0.0242372 0.00630413 0.0122616 0.000607728 -0.00589201 0.0360208 0.023923 0.0716802 -0.00171293 -0.0154524 0.0107974 0.0451278 0.0205823 0.0525918 0.114998 0.0592429 0.0803637 -0.00977828 0.0166464 -0.0234816 -0.0022169
internal_weight=304.003 296.462 128.933 167.528 106.869 22.0648 165.598 158.023 24.0575 19.671 133.965 122.973 82.5045 76.2875 40.4684 35.4618 12.3867 23.0752 21.15 15.9121 12.4358 10.2413 15.6847 8.67464 4.61992 6.21707 74.3753 25.3984 48.9769 29.5468
internal_count=3333 3177 1505 1672 1225 280 1650 1566 207 174 1359 1250 848 802 402 360 129 231 207 156 117 95 131 83 47 46 783 239 544 325
is_linear=0
shrinkage=0.1


Tree=11
num_leaves=31
num_cat=0
split_feature=3 2 3 0 0 3 3 1 1 1 1 0 1 1 1 0 2 2 2 3 3 1 2 2 1 1 0 1 3 1
split_gain=4.07288 2.4667 3.16732 2.93722 2.50648 3.06836 3.87472 3.57431 2.31336 2.19081 2.98659 4.19883 3.08495 4.14156 4.43122 2.65711 2.10981 2.91008 2.08249 1.98638 4.67839 2.33871 2.02529 6.12832 3.26073 7.89968 2.10933 3.37092 2.38372 2.9534
threshold=348.05519347003099 48.633510119682121 102.79851636070073 0.24235749564693768 0.40199330091560703 205.75107587233413 113.08391660191822 2.0485615759114704 5.89662117946816 -0.56665881240760452 -0.26538987481067955 0.049778652718994038 -0.16844689735170526 -0.02510135825495707 1.5969722503765726 0.15116982044026836 26.203273155880492 27.2518863809712 29.294554265337904 105.09866404328382 101.82133996116444 0.12140982654733815 25.607266419431074 25.800061346913761 0.11137999605892676 -0.24571667599724811 0.047782126547759957 0.27132695875984419 132.14855255947001 1.747809742507638
decision_type=2 2 2 2 2 2 2 2 2 2 2 2 2 2 2 2 2 2 2 2 2 2 2 2 2 2 2 2 2 2
left_child=1 4 -3 9 19 6 -6 16 -2 -4 -11 -12 -13 -14 15 -15 -8 -18 -7 20 21 -1 26 24 25 -24 27 -21 -28 -30
right_child=8 2 3 -5 5 18 7 -9 -10 10 11 12 13 14 -16 -17 17 -19 -20 22 -22 -23 23 -25 -26 -27 28 -29 29 -31
leaf_value=0.089980617115362413 -0.10479308456219234 0.074909718580091614 0.063986802917785746 -0.068692238976845274 -0.040202166191816179 -0.08612206846574666 -0.0020596601757617021 0.17982232217392588 0.040222191293988782 -0.065591353517951881 -0.083462207936994937 0.13525023137307768 -0.10798753011715778 0.18376670905741108 -0.043662936380340724 0.016449749188292999 0.14829933583988208 0.037945205445949204 0.03506032167451776 -0.027032121736263084 -0.096669179076788542 -0.055987158284830724 0.1193217797201255 0.0021123157072837559 0.12021644025163887 -0.11254933661304414 -0.067055069497476805 0.12490441670967756 -0.022502771392878033 0.098340286596207152
leaf_weight=2.9232334569096547 5.6585808433592311 3.1783389747142783 3.437055565416812 12.703605026006697 3.9300306737423005 3.1965222358703604 4.9957591742277172 2.520791880786418 1.365522615611553 9.4354107305407542 3.9560878723859814 2.4590501412749282 2.2735274918377382 2.3801600337028508 3.0280364006757736 1.5786636397242544 3.6953071579337102 6.7629860043525696 2.5488405525684357 3.5426812358200541 6.3331854641437531 1.7576101757586 3.4148287698626518 163.53769348934293 6.9481677934527397 2.5790005624294263 10.751372564584019 2.4841799363493919 17.575725931674246 2.2854441106319419
leaf_count=28 130 31 41 190 35 27 39 14 26 143 56 34 34 29 39 20 29 51 21 40 72 21 34 1725 50 28 117 23 186 20
internal_value=-0.00134099 0.000443656 -0.0212799 -0.0286911 0.00427702 0.0326838 0.0497444 0.0694103 -0.0766014 -0.0108909 -0.0211398 0.00561643 0.0356864 0.00924769 0.0473961 0.117046 0.0514004 0.0769375 -0.0323614 0.000772605 -0.0406385 0.0351712 0.00291273 0.00735453 0.0735963 0.0195532 -0.0184819 0.0355938 -0.0291281 -0.00859724
internal_weight=303.237 296.213 44.4299 41.2516 251.783 27.6502 21.9049 17.9748 7.0241 28.548 25.1109 15.6755 11.7194 9.26039 6.98686 3.95882 15.4541 10.4583 5.74536 224.133 11.014 4.68084 213.119 176.48 12.942 5.99383 36.6394 6.02686 30.6125 19.8612
internal_count=3333 3177 617 586 2560 216 168 133 156 396 355 212 156 122 88 49 119 80 48 2344 121 49 2223 1837 112 62 386 63 323 206
is_linear=0
shrinkage=0.1


Tree=12
num_leaves=31
num_cat=0
split_feature=3 1 2 2 0 3 0 2 1 0 0 0 2 2 2 2 0 2 2 3 1 3 1 1 1 0 3 3 3 0
split_gain=3.56734 2.14945 2.06522 2.86687 2.33179 4.44012 2.07183 2.03836 2.22297 2.17132 2.41203 3.44594 2.82128 3.28014 3.97324 3.6644 2.69788 2.33342 3.55173 4.01262 2.99486 2.6326 1.90814 4.96423 4.8197 3.22739 3.07964 2.58749 3.49442 2.86386
threshold=348.05519347003099 5.89662117946816 48.633510119682121 78.412966621658555 0.026064311593469471 165.83296453904555 0.27706523455459497 40.902494064944086 4.3100588649643141 0.28421052630532101 0.29160135840004103 0.30089097587469865 31.429918174687234 29.216935488178425 27.217718641924879 28.124863569667724 0.33333333331384757 27.067687783505956 26.445113083677981 117.0383688240281 0.33966027037356689 154.33957663429587 2.7709547501131695 2.2649386210786568 3.9958268773171572 0.19122909211265496 185.84556518833088 174.12349724784812 171.03779199064869 0.18146206755007696
decision_type=2 2 2 2 2 2 2 2 2 2 2 2 2 2 2 2 2 2 2 2 2 2 2 2 2 2 2 2 2 2
left_child=2 -2 6 4 5 -4 22 8 9 -8 -11 -12 13 14 17 -16 -14 18 19 -13 -21 -22 23 27 -24 -26 -25 28 29 -1
right_child=1 -3 3 -5 -6 -7 7 -9 -10 10 11 12 16 -15 15 -17 -18 -19 -20 20 21 -23 24 26 25 -27 -28 -29 -30 -31
leaf_value=0.010273026089120306 -0.10431635581887784 0.034870294826017022 0.14014697039425206 0.033496923212103576 -0.040120356275869892 -0.10632666648593184 0.076291007502554894 0.078948355574412987 0.09616116004571508 -0.081719938345987106 0.096781873534780419 0.11023233559791985 0.02966650601511292 0.083058114001297201 -0.11313801514303384 0.020681064022974163 -0.094308545155952703 0.1106654574300209 -0.054799047039918516 -0.038974707345131594 0.10839099835242767 0.0047443001692603843 -0.11065217704864179 0.020195083244664847 -0.041711907162241865 0.12266460434572046 0.16794524612880524 -0.025046077257416494 0.094392059897149175 -0.02553009237859083
leaf_weight=88.52827986702323 5.1423009932041159 1.4147673137485979 1.99843431264162 8.1996192261576635 32.313622523099184 1.152343727648258 4.5249515250325194 5.0748474895954123 3.09284534305334 3.0808906853198996 4.1600807309150687 4.763306647539145 2.6347855031490317 5.6627085655927649 5.0601600147783738 3.4356274530291557 5.2586870342493057 2.4973188415169707 6.5873959958553305 7.9699538424611118 3.832297317683695 6.7970524802803993 5.26131399348378 2.8773986026644698 2.8523623533546925 2.0550334826111794 2.7676643803715706 39.424677275121212 4.1686348021030417 29.882668316364288
leaf_count=927 130 26 25 86 485 21 31 42 20 31 36 37 20 37 57 27 55 18 63 78 26 46 67 23 33 20 21 475 33 337
internal_value=-0.00132958 -0.0742851 0.000287012 -0.0197926 -0.0321135 0.0500034 0.00376273 0.0177704 0.0132941 0.00942637 0.00452585 0.00905563 0.00235924 0.0117228 0.00185666 -0.0590227 -0.0529265 0.0177969 0.0100532 0.0283392 0.00736625 0.042113 -0.00210074 0.000450488 -0.0441623 0.0271228 0.0926341 -0.00276166 0.00440556 0.00123761
internal_weight=302.472 6.55707 295.915 43.664 35.4644 3.15078 252.251 74.4329 69.3581 66.2652 61.7403 58.6594 54.4993 46.6058 40.9431 8.49579 7.89347 32.4473 29.95 23.3626 18.5993 10.6293 177.818 167.649 10.1687 4.9074 5.64506 162.004 122.58 118.411
internal_count=3333 156 3177 617 531 46 2560 624 582 562 531 500 464 389 352 84 75 268 250 187 150 72 1936 1816 120 53 44 1772 1297 1264
is_linear=0
shrinkage=0.1


Tree=13
num_leaves=31
num_cat=0
split_feature=3 1 2 3 0 1 1 3 2 1 3 3 3 1 1 0 1 0 2 2 0 1 1 2 3 3 3 3 3 1
split_gain=3.12109 2.00413 1.76392 2.44707 4.15114 3.33126 5.95228 3.06191 2.45012 2.09921 1.95492 2.87528 1.88818 1.67119 3.622 5.29169 6.83563 3.22793 2.80995 2.91687 1.9257 2.08021 1.68422 1.85792 1.78566 3.28495 2.56242 3.70421 2.56478 5.22321
threshold=348.05519347003099 5.89662117946816 42.395527248135615 193.35110854888634 0.026064311593469471 0.25089879193686421 0.70722045143591694 137.5000955155746 72.739510587859684 5.89662117946816 223.91995994287848 238.54264495136223 156.13241959507357 2.9434779568532794 1.747809742507638 0.080848861280177958 1.8777871875819414 0.25832567570686377 25.039018712157532 25.085545652214424 0.29316826547316271 3.9958268773171572 1.4646777298908795 27.797844012662008 100.64181718721322 105.09866404328382 106.36373407404388 110.251388582562 133.33333027957647 0.73036814648837478
decision_type=2 2 2 2 2 2 2 2 2 2 2 2 2 2 2 2 2 2 2 2 2 2 2 2 2 2 2 2 2 2
left_child=2 -2 9 4 7 12 -7 -4 -8 13 -5 -12 -6 14 18 -16 -17 -18 -1 -20 21 -15 24 -24 -21 -26 -27 -28 29 -29
right_child=1 -3 3 10 5 6 8 -9 -10 -11 11 -13 -14 20 15 16 17 -19 19 22 -22 -23 23 -25 25 26 27 28 -30 -31
leaf_value=0.11376528851112436 -0.10388888105595057 0.030386228703674918 -0.0013843256221682209 -0.084097802041711162 -0.044001336319312689 0.19600963050147116 -0.044957123405477938 0.1762012173434423 0.08859713106002115 0.099255043270100735 0.12463736763477458 -0.050627401053557314 0.014553609596335738 -0.11176488865303841 0.14816538884039854 0.16176806617029249 -0.065163197739651721 0.035723260581644274 -0.11236635638055222 0.09994445593949558 0.010753193979398744 -0.0079394969737082433 -0.0036253497353433057 -0.11595210012608428 -0.061639544266466388 0.090290240361225474 -0.063378812895685574 0.011432553157886402 -0.0020739004697290357 0.10082905172335151
leaf_weight=2.1903002411127082 4.671115491539239 1.4586798660457132 1.8099737241864198 8.0903586745262128 22.845793850719932 1.9192500822246055 4.5260085612535477 2.0943714156746864 1.9721951410174368 2.2850207686424246 1.282753325998782 3.46301044896245 7.2561333514749995 4.1781354732811433 4.0359596498310593 2.7779271826148024 5.946173992007969 6.7963700443506241 2.2885879799723616 1.8737095221877087 6.2530596479773521 3.5860045179724693 3.505666382610797 2.538993451744318 7.8180181942880145 3.4203656911849967 8.051466800272463 45.079753261059523 119.81357854232192 7.6440133415162554
leaf_count=23 130 26 20 118 313 19 59 27 20 20 18 54 102 55 30 24 58 51 26 20 41 36 35 27 89 37 86 457 1253 59
internal_value=-0.0013093 -0.071936 0.000156541 -0.0159519 -0.00437659 -0.0143356 0.0412769 0.0938762 -0.00442361 0.00386421 -0.0542084 -0.00325432 -0.0298865 0.00294759 0.00504569 0.046158 0.0196319 -0.0113543 0.0011088 -0.000112537 -0.0305482 -0.0638113 0.00117361 -0.050807 0.00279573 0.00184681 0.00454416 0.00292012 0.00601397 0.0243935
internal_weight=301.473 6.1298 295.343 55.2598 42.4237 38.5194 8.41745 3.90435 6.4982 240.083 12.8361 4.74576 30.1019 237.798 223.781 19.5564 15.5205 12.7425 204.224 202.034 14.0172 7.76414 199.746 6.04466 193.701 191.827 184.009 180.589 172.537 52.7238
internal_count=3333 156 3177 750 560 513 98 47 79 2427 190 72 415 2407 2275 163 133 109 2112 2089 132 91 2063 62 2001 1981 1892 1855 1769 516
is_linear=0
shrinkage=0.1


Tree=14
num_leaves=31
num_cat=0
split_feature=3 1 2 3 1 3 3 3 3 3 0 0 2 1 0 3 1 0 3 3 3 0 2 0 2 2 2 0 0 1
split_gain=2.72613 1.87357 1.46537 2.49564 5.02207 4.01722 4.11786 2.6937 2.01108 1.95683 2.24052 2.27462 2.05319 2.00371 2.16229 5.78961 3.2814 3.75665 2.06522 1.78743 2.18896 1.59328 3.7687 3.3236 2.66634 2.42532 3.24233 3.47525 3.10906 3.85568
threshold=348.05519347003099 5.89662117946816 42.395527248135615 115.51795859284938 0.2076095130903616 108.48627978506089 111.72378290007761 121.83127559434426 102.257347291605 193.35110854888634 0.024096385540722371 0.04651162790577449 83.395472401757971 -0.35634019177429227 0.080848861280177958 129.60742257646348 -0.26115284421768986 0.14482758619690447 159.18257178190393 223.91995994287848 238.54264495136223 0.25637414227139416 39.376152128491647 0.23809523807444857 40.902494064944086 35.587942347969836 31.079464191410487 0.035821645533337235 0.044217827575367956 -0.21077226753771569
decision_type=2 2 2 2 2 2 2 2 2 2 2 2 2 2 2 2 2 2 2 2 2 2 2 2 2 2 2 2 2 2
left_child=2 -2 21 4 5 8 -7 -5 -4 10 -9 -12 13 18 -15 -16 -17 -18 -13 -11 -21 23 -23 24 25 26 -1 -28 -27 -30
right_child=1 -3 3 7 -6 6 -8 9 -10 19 11 12 -14 14 15 16 17 -19 -20 20 -22 22 -24 -25 -26 28 27 -29 29 -31
leaf_value=0.0046505674125945128 -0.10350523230789413 0.026592234168498537 0.012474342561209995 -0.10945179016251971 0.16802262502452503 0.19431438276044977 -0.03854123265007333 0.075246642481404225 -0.10968592257859502 -0.081578324558118698 -0.10879557046662623 -0.084210348628662973 -0.11254237501940806 0.11496070570769733 0.15248026416990657 0.091931258107744163 0.054564974622576048 -0.093383373686562382 0.039004607468453301 0.1006465375961228 -0.047681270828570786 0.011111877157080376 0.14140245586983763 -0.068676591981501375 -0.10987092790601101 -0.047099946941876789 0.049771073079734163 -0.058505216526641382 -0.03680643305754077 0.10089221199866581
leaf_weight=115.70175628364086 4.2414674293249837 1.4978834651410577 2.3889102637767774 3.4993107318878165 2.0813576914370051 1.6427679732441904 1.4123982563614843 3.2044994346797493 3.0917302444577217 7.535094451159237 2.2796239927411106 4.1301933564245763 1.6183422878384579 2.2310999035835257 2.2798440605401984 1.9898400902748132 2.4073396325111336 5.9783663041889668 2.0283853374421597 1.4212069325149057 3.3170772790908813 79.149779539555311 2.2841335460543624 7.2296221517026416 2.1492053754627696 3.0633206255733958 3.618209823966029 16.401472821831703 2.7003900818526736 8.23393866419792
leaf_count=1252 130 26 24 49 18 22 20 36 42 118 33 64 17 31 31 30 30 83 30 18 54 673 18 93 28 34 37 181 33 78
internal_value=-0.00129291 -0.0695518 3.47821e-05 -0.0147648 0.0287434 -0.00521817 0.0866656 -0.0252824 -0.0564385 -0.0179957 -0.00346677 -0.0135793 -0.00400186 0.00434479 0.0241914 0.00818909 -0.0235164 -0.0509109 -0.0436284 -0.0513162 -0.00319164 0.0033904 0.0147664 -0.00243237 0.000721154 0.00230869 -0.00177872 -0.0389362 0.0419404 0.0668855
internal_weight=300.809 5.73935 295.069 54.5374 10.6172 8.53581 3.05517 43.9202 5.48064 40.4209 28.1475 24.943 22.6634 21.0451 14.8865 12.6554 10.3755 8.38571 6.15858 12.2734 4.73828 240.532 81.4339 159.098 151.868 149.719 135.721 20.0197 13.9976 10.9343
internal_count=3333 156 3177 750 126 108 42 624 66 575 385 349 316 299 205 174 143 113 94 190 72 2427 691 1736 1643 1615 1470 218 145 111
is_linear=0
shrinkage=0.1


Tree=15
num_leaves=31
num_cat=0
split_feature=3 0 0 0 3 2 1 2 1 3 3 3 3 3 3 1 3 3 1 0 1 0 2 1 3 0 3 3 0 3
split_gain=2.44078 1.72031 3.01244 1.8581 1.71073 1.43373 3.6892 2.63489 3.62543 7.04663 6.56723 5.29056 3.92371 3.13654 5.28703 3.50482 5.34264 5.56022 2.79558 4.21562 2.88944 2.47965 2.41145 7.49235 2.17717 3.58021 9.89238 2.68711 3.25405 2.24587
threshold=379.32296510226053 0.47759221432569848 0.51527596289627042 0.53901494185439225 154.33957663429587 27.881286557244277 -0.76792881565592552 28.423742973446494 -0.02510135825495707 139.90182101324396 136.62515807361817 157.30057943978349 111.72378290007761 130.96291553819972 128.20512721504545 1.1528093082473176 117.0383688240281 123.8270286059179 0.34765097715127646 0.14170040485255989 0.18556383640440879 0.090350794692984973 27.653348353481409 0.34765097715127646 182.99279996661656 0.026064311593469471 137.5000955155746 156.13241959507357 0.31249999997830658 163.11675650355446
decision_type=2 2 2 2 2 2 2 2 2 2 2 2 2 2 2 2 2 2 2 2 2 2 2 2 2 2 2 2 2 2
left_child=1 5 -3 -4 -5 22 -7 -8 24 10 12 -11 -10 14 15 16 -14 -18 19 21 -21 -13 -1 -24 25 26 -9 -27 29 -29
right_child=-2 2 3 4 -6 6 7 8 9 11 -12 18 13 -15 -16 -17 17 -19 -20 20 -22 -23 23 -25 -26 27 -28 28 -30 -31
leaf_value=0.0026671969023091364 -0.07902309508853976 0.083956109302384216 -0.064490927298944414 0.064216156468939564 -0.025238734136642616 0.077845137378934157 -0.062126889614223246 -0.04922531176941454 -0.042504167090306799 -0.089820841968438217 0.20375738308601812 0.051084507649447566 0.19960568249559799 -0.032048389896659903 0.20907945798672661 -0.028353133929110208 -0.054249911000432062 0.15145162105800636 -0.01961225620243974 -0.11141732488391132 0.062533398534062132 0.18646850975258755 -0.030456944040507555 0.24261339215489583 -0.068975359338629291 -0.040605637031841557 0.23344404543341379 0.0794838330448355 0.15875494221516595 -0.045575622418493549
leaf_weight=134.78145584464073 3.9846024084836236 6.52602091431618 3.2910895459353915 4.733807295560835 3.898369437083602 4.6851812638342372 9.8818185254931432 3.2034641206264487 5.4655783958733144 8.2959377430379373 2.4505835101008406 4.2174261882901174 2.7252345085144061 3.4223424345254889 2.4277826137840739 4.0654795095324507 3.2772563360631466 2.193633958697319 23.422812161967158 2.2623126767575745 1.6523572765290735 1.9917967543005941 2.4873220697045317 1.6857472434639929 10.21827472746372 32.899571165442467 2.017960213124752 2.0996437929570657 1.4617698192596433 4.5431273654103279
leaf_count=1390 117 48 26 39 34 48 111 36 55 89 20 41 17 31 21 33 32 16 294 29 16 19 30 18 163 438 21 27 16 58
internal_value=-0.00127844 -0.000232886 0.0293372 -0.0005576 0.0238175 -0.00219645 -0.00938188 -0.0124272 -0.00847658 0.00709693 0.0479515 -0.0183163 0.0317573 0.0541671 0.0742537 0.0475584 0.0852123 0.0282291 -0.000633594 0.0432758 -0.0379938 0.094513 0.00498521 0.0798522 -0.0272029 -0.0179689 0.0600199 -0.0279 0.0236775 -0.00604689
internal_weight=300.27 296.285 18.4493 11.9233 8.63218 277.836 138.881 134.196 124.314 67.8705 26.0279 41.8426 23.5773 18.1117 14.6894 12.2616 8.19612 5.47089 33.5467 10.1239 3.91467 6.20922 138.955 4.17307 56.4438 46.2255 5.22142 41.0041 8.10454 6.64277
internal_count=3333 3216 147 99 73 3069 1631 1583 1472 713 225 488 205 150 119 98 65 48 399 105 45 60 1438 48 759 596 57 539 101 85
is_linear=0
shrinkage=0.1


Tree=16
num_leaves=31
num_cat=0
split_feature=3 0 0 0 0 2 3 3 2 2 1 1 0 0 2 0 0 2 2 0 3 2 3 3 3 3 1 1 2 1
split_gain=2.13902 1.37356 2.28785 1.5472 1.56546 1.29854 2.28794 4.09202 1.75732 1.43756 1.97033 2.46321 2.77211 7.13474 2.08252 2.12639 3.17677 10.9628 2.63554 2.61665 1.34799 1.26367 1.2248 2.64345 2.12043 1.88624 1.6499 4.1736 4.57036 3.04444
threshold=379.32296510226053 0.47759221432569848 0.51527596289627042 0.53901494185439225 0.57995433788713169 85.618853404780978 105.09866404328382 101.82133996116444 32.989339884567194 51.202493045150483 1.5969722503765726 -0.02510135825495707 0.20618906684771199 0.11519105589130081 55.689282672125081 0.31457536173471928 0.22771715407365975 66.652701578500924 68.607783511079717 0.05263157894472649 157.74471164959999 58.360712918009931 158.13953408936609 157.30057943978349 159.18257178190393 160.29061332970915 0.29109315820129467 0.4352925195568032 26.658685637210976 0.19680508070183955
decision_type=2 2 2 2 2 2 2 2 2 2 2 2 2 2 2 2 2 2 2 2 2 2 2 2 2 2 2 2 2 2
left_child=1 5 -3 -4 -5 6 7 8 -1 22 11 14 13 -13 -11 16 18 -18 21 -20 -21 -16 23 26 -24 -26 29 28 -28 -8
right_child=-2 2 3 4 -6 -7 9 -9 -10 10 -12 12 -14 -15 15 -17 17 -19 19 20 -22 -23 24 -25 25 -27 27 -29 -30 -31
leaf_value=0.065699392229626896 -0.076812340303846219 0.071982212542363228 -0.060578834131776921 0.067991852537978875 -0.01701074610012995 0.066123064957018085 0.0026729083654869739 -0.096251733295621533 -0.041945016349212681 -0.10753636485474571 -0.084497629928268869 -0.0086463821074964208 -0.056691579137598917 0.25187668921704193 0.012092153171373654 -0.10631062313466509 0.32456396041109908 -0.10617188599497551 0.11341204525282739 0.020241720678559158 -0.10831766755284644 -0.088145182541140996 -0.11084654037095408 0.11884909892830638 0.093627836409696533 -0.0065969998113845421 0.1477271890512328 0.0066892347230223873 0.0090533551472375979 -0.075330621771983464
leaf_weight=3.2867096215486509 3.7039531078189603 6.8325624652206924 3.1602429598569861 3.922393471002577 4.8400726411491632 2.7607024647295466 76.548852231353521 6.9336826503276825 2.8159720301628113 2.8487801309675076 4.2234554141759864 2.9186159260570994 1.9727121777832506 1.6429418623447416 1.6629252955317513 2.2312179803848258 1.1575937867164605 1.2069579847156999 2.215138353407383 2.3248027116060261 1.2563717179000375 5.1611096430569887 1.9150655791163433 2.121586810797452 1.9168139956891526 92.232415916398168 4.8826730698347074 40.885975755751133 4.6305216662585735 5.3534825928509227
leaf_count=33 117 48 26 26 47 29 830 90 29 50 69 35 33 18 27 42 19 23 28 34 19 87 23 20 21 1005 42 367 38 58
internal_value=-0.0012905 -0.000345025 0.0258454 -0.000594352 0.0210395 -0.00211765 -0.00280435 -0.0436901 0.0160288 -0.000764618 -0.0210472 -0.0109725 0.0423532 0.0851865 -0.0283383 -0.0152333 -0.0016721 0.1047 -0.021602 0.0279823 -0.0248603 -0.0637187 0.00194773 0.00811019 -0.00667541 -0.00455649 0.00633438 0.0205702 0.0802281 -0.00242573
internal_weight=299.566 295.862 18.7553 11.9227 8.76247 277.107 274.346 13.0364 6.10268 261.31 30.8226 26.5992 6.53427 4.56156 20.0649 17.2161 14.9849 2.36455 12.6203 5.79631 3.58117 6.82403 230.487 134.423 96.0643 94.1492 132.302 50.3992 9.51319 81.9023
internal_count=3333 3216 147 99 73 3069 3040 152 62 2888 484 415 86 53 329 279 237 42 195 81 53 114 2404 1355 1049 1026 1335 447 80 888
is_linear=0
shrinkage=0.1


Tree=17
num_leaves=31
num_cat=0
split_feature=3 0 0 0 1 0 0 1 1 0 3 3 0 1 0 2 2 2 3 3 2 2 2 0 3 0 3 0 2 2
split_gain=1.87271 1.28577 5.03872 2.19768 2.27167 2.16487 2.58916 4.01184 4.9024 4.46735 3.852 6.9534 4.64876 3.27905 4.27267 4.36993 3.70812 2.53279 2.49221 2.34494 3.7935 4.27456 3.43387 2.39567 2.72586 3.52524 3.97242 3.36301 3.0477 3.81039
threshold=379.32296510226053 0.12476415093545797 0.10812371133773251 0.12798618591617908 5.89662117946816 0.13480703467965058 0.18028021348600595 0.25089879193686421 2.1234905006965739 0.17726007719431347 133.33333027957647 198.56938096256559 0.16406970534893947 0.083897528437183774 0.14170040485255989 31.209111884017542 25.982058851652639 27.274032680536234 102.257347291605 113.08391660191822 26.445113083677981 50.056989058237733 65.493455858023523 0.22162162161262935 153.1380419853526 0.22960080701976629 161.90475921333623 0.24877774021915375 26.25479721697997 25.821318316057887
decision_type=2 2 2 2 2 2 2 2 2 2 2 2 2 2 2 2 2 2 2 2 2 2 2 2 2 2 2 2 2 2
left_child=1 2 -1 -3 5 -5 7 9 10 13 -9 12 -12 14 -7 16 -16 -18 -8 20 -20 -22 23 -21 -25 -26 -27 -28 29 -29
right_child=-2 3 -4 4 -6 6 18 8 -10 -11 11 -13 -14 -15 15 -17 17 -19 19 22 21 -23 -24 24 25 26 27 28 -30 -31
leaf_value=-0.0014559535030418949 -0.07453547820508119 0.082648979864690914 -0.069575119534021512 -0.067307523216377549 0.092495982477693986 0.11090490035237979 0.073267131737908719 0.1992876335541052 -0.062324994152966211 0.15045048370588215 -0.11140921505182438 0.20802089314776767 0.10415080858571223 -0.11233226155232179 -0.073256484356021376 -0.090539348224768945 0.14250719752073135 0.0042675169783529306 0.022639590255701419 -0.02671961583526582 -0.11364133733434584 0.06024259906406914 -0.0740653128088712 0.028146921153781007 0.11892473898925165 -0.085825379595556223 -0.10820049640898595 0.010295926036371077 0.024671891713844405 -0.11717566277568202
leaf_weight=100.24015840515494 3.4486868791282168 3.5514635220170012 12.17799763008952 4.4203976020216933 2.8050839751958838 3.1120960526168444 4.2334015294909468 3.0866644829511625 2.0652480367571107 1.870036020874976 2.2293470352888107 2.1461571380496025 1.8149597793817518 2.7584233526140443 2.4724383503198606 5.1990237571299076 2.7151866406202316 2.5892346724867821 5.6531606391072264 21.021113459020853 7.5775762461125833 1.7380081862211225 5.9563541039824477 45.670091725885868 2.1613342370837918 6.2581296488642684 2.6871344298124304 5.9116557836532575 27.533771965652704 3.8867917060852051
leaf_count=1121 117 38 159 52 26 34 42 23 27 19 25 20 18 31 26 71 27 30 50 260 83 26 101 423 25 64 41 45 275 34
internal_value=-0.00127172 -0.000416805 -0.00883514 0.00475113 0.00321052 0.00179367 0.00356599 0.0292058 0.0770141 0.00303042 0.108033 0.0625325 -0.0146725 -0.0115974 0.00567452 -0.0195636 0.0278854 0.0750286 -0.00229322 -0.00464431 -0.0419834 -0.0811998 -2.84387e-05 0.00380192 0.0106195 -0.00590602 -0.0117361 -0.000150189 0.00762716 -0.0402688
internal_weight=298.991 295.542 112.418 183.124 179.573 176.768 172.347 32.0588 11.3424 20.7164 9.27713 6.19046 4.04431 18.8464 16.088 12.9759 7.77686 5.30442 140.289 136.055 14.9687 9.31558 121.086 115.13 94.1089 48.4388 46.2775 40.0194 37.3322 9.79845
internal_count=3333 3216 1280 1936 1898 1872 1820 351 113 238 86 63 43 219 188 154 83 57 1469 1427 159 109 1268 1167 907 484 459 395 354 79
is_linear=0
shrinkage=0.1


Tree=18
num_leaves=31
num_cat=0
split_feature=3 3 2 3 3 0 2 2 3 2 2 2 2 2 2 2 2 0 0 0 0 1 0 3 2 2 3 2 0 0
split_gain=1.71953 3.40915 4.90283 1.9223 4.02668 2.84481 3.51476 1.92869 1.76373 2.25804 2.85269 3.57419 3.23435 1.62258 3.76455 1.50347 2.22084 5.89866 1.47168 1.39393 11.0299 4.05279 3.21699 2.30718 2.96489 3.7123 2.94136 2.96075 1.96615 2.74644
threshold=244.84822745990905 233.83689043865982 29.294554265337904 205.75107587233413 222.79708247803228 0.14799469610700899 27.138456250507016 25.039018712157532 203.69234013607721 25.137125144120208 25.190084981370003 25.260956490555571 25.31432670476401 27.704092925750775 26.161930557385841 29.665010712715965 34.395272768954122 0.1830985915364047 0.19447173105442461 0.16406970534893947 0.17093056378338425 4.3100588649643141 0.15793132504013477 102.257347291605 62.969694920466722 57.719710043070769 105.09866404328382 51.202493045150483 0.18028021348600595 0.24999999999214362
decision_type=2 2 2 2 2 2 2 2 2 2 2 2 2 2 2 2 2 2 2 2 2 2 2 2 2 2 2 2 2 2
left_child=1 3 -3 7 -5 -6 -7 -1 9 18 -11 -12 -13 14 -2 -15 17 -17 -9 22 -21 23 -14 -22 25 26 -25 28 -28 -30
right_child=13 2 -4 4 5 6 -8 8 -10 10 11 12 19 15 -16 16 -18 -19 -20 20 21 -23 -24 24 -26 -27 27 -29 29 -31
leaf_value=0.090656118408372191 -0.078581949116050265 -0.0069675144530696514 0.1926040451374397 -0.065492221925442226 -0.047419681944609354 -0.0028142295707831045 0.17361188381223744 -0.11062656854939552 0.096009243572775238 0.11421780092693912 -0.089045606970615143 0.088522407675202641 -0.0047065415205446402 -0.1121997717462212 0.078805005768297437 -0.1099280862419772 -0.063811422615157654 0.15887923595832704 -0.0094968201070135677 0.17673341972299325 0.072113373592968086 0.1232541301819613 -0.11010272404399338 -0.11249034352214907 -0.066147161231836019 0.11790367558127279 0.065473758776021546 -0.10716776377507962 -0.028062637642081681 0.010966008289421132
leaf_weight=2.4086084328591815 2.6393016036599901 2.7375860922038546 2.2367472536861897 12.49080114811659 3.0917944759130469 2.5010951310396194 2.0586279444396496 2.9840526692569247 1.9284983053803433 2.2236227467656127 4.383190155029296 4.2514796853065482 109.55183612182736 2.9947525020688763 3.5828188862651587 1.5035744216293081 6.9088483210653067 1.7860388476401565 2.7791618444025517 3.7528167665004721 4.2337460145354262 2.717229474335908 2.9746407084166995 2.3496117368340483 6.9877924956381312 2.6539069451391688 4.8644187301397315 2.4784478805959216 24.891618020832539 65.41086071357131
leaf_count=23 30 28 24 156 35 20 23 38 26 27 53 36 1215 44 39 28 164 20 27 36 40 21 39 28 114 43 44 42 303 567
internal_value=-0.00127573 0.000727131 0.0827714 -0.000762516 -0.0304979 0.0266289 0.0768388 0.00159714 0.000743938 7.55561e-06 0.00147048 0.000432363 0.00208638 -0.0300511 0.0120445 -0.049904 -0.031611 0.0360162 -0.0618594 0.000508312 0.00798979 0.00255814 -0.00749269 -0.000321967 -0.00311914 0.00117147 -0.00192665 0.000733815 0.00354391 0.000207875
internal_weight=298.358 278.942 4.97433 273.968 20.1423 7.65152 4.55972 253.826 251.417 249.488 243.725 241.502 237.118 19.4153 6.22212 13.1932 10.1985 3.28961 5.76321 232.867 120.34 116.588 112.526 113.87 109.637 102.649 99.995 97.6453 95.1669 90.3025
internal_count=3333 3008 52 2956 234 78 43 2722 2699 2673 2608 2581 2528 325 69 256 212 48 65 2492 1238 1202 1254 1181 1141 1027 984 956 914 870
is_linear=0
shrinkage=0.1


Tree=19
num_leaves=31
num_cat=0
split_feature=3 2 2 2 1 1 0 0 1 0 0 3 3 2 3 0 0 3 1 2 2 2 2 2 1 1 1 2 0 0
split_gain=1.48842 1.50763 1.98235 1.68116 1.19169 3.1455 1.70993 1.8689 1.55057 7.87139 2.72795 8.04391 4.98715 5.99115 4.17347 2.29347 2.24535 4.17587 1.44829 2.20328 2.52306 2.17525 2.25104 4.89199 5.02381 2.5089 3.94196 2.05081 5.04442 2.90101
threshold=322.94146170150441 39.376152128491647 31.890791824573785 27.704092925750775 -0.4909915281705815 -0.40250741026628462 0.42267700157788468 0.3480012894733408 -0.52701233024058725 0.088607594932045008 0.081860939415876868 142.66495089930589 129.60742257646348 26.070535869006559 118.35608640722121 0.038601464910134671 0.1830985915364047 146.25347243181156 -0.3868583727230398 25.11932099711689 25.164251149041476 25.260956490555571 25.842430527409711 25.701417485883493 0.52034188820984839 1.1528093082473176 0.25089879193686421 26.161930557385841 0.06970266243073954 0.12476415093545797
decision_type=2 2 2 2 2 2 2 2 2 2 2 2 2 2 2 2 2 2 2 2 2 2 2 2 2 2 2 2 2 2
left_child=4 2 3 -2 6 -6 7 8 10 -10 11 15 13 -12 -15 -1 -14 -18 -7 -20 -21 -22 23 24 -23 26 -25 28 -24 -29
right_child=1 -3 -4 -5 5 18 -8 -9 9 -11 12 -13 16 14 -16 -17 17 -19 19 20 21 22 27 25 -26 -27 -28 29 -30 -31
leaf_value=0.019466454810933662 0.040097163745449138 -0.10412373218672036 0.12747204108811003 -0.1092006976723225 -0.048072331676047159 0.072739771865819008 0.091128469709614024 -0.074179880648468699 -0.077885958397287514 0.15477750682236313 -0.07549246859145517 0.15778082378430333 -0.11019540158061436 0.029640128160418156 0.21580203628331962 -0.11271944042647308 -0.11561894375692888 0.066205058121892854 -0.061947097282620302 0.12171859033481461 -0.068246595201283816 -0.038478891456823719 0.087431420218882297 0.12345531082151125 0.047874888197387611 0.17020395097727894 -0.029302326961186238 -0.017133618010637897 -0.068937461455674406 0.0096969755709392768
leaf_weight=3.7513569593429548 1.3200994357466695 2.7838648464530706 0.84789294749498356 1.7595110051333902 14.41062109172344 2.7092313617467871 2.8177858516573897 2.4444601200520983 2.4160868898034122 3.6520726606249809 2.7002803906798389 3.9971080720424652 5.050732705742119 2.7913320772349834 2.1180052347481251 2.0190105997025967 2.3082371056079865 2.7897089906036854 5.7477502152323714 1.710963837802409 4.5990792885422698 14.244261644780638 2.5253629609942427 3.7351875081658346 12.783003307878969 2.5761887356638908 3.0841589272022247 64.019772717729211 11.269399661570786 108.75854570046067
leaf_count=36 23 98 22 39 200 36 23 24 22 32 30 35 63 30 22 22 22 31 65 20 56 150 31 35 100 15 22 744 122 1163
internal_value=-0.00126867 -0.047828 -0.00792487 -0.045203 -0.000194979 -0.00270682 0.0161067 0.0102409 0.0163837 0.0621407 0.00629645 0.0487445 -0.017051 0.0441487 0.109955 -0.0267845 -0.0629393 -0.0161208 4.27425e-05 -0.000795164 0.000737662 -0.000171823 0.00123216 0.0239717 0.00236359 0.0861295 0.0543682 -0.00320705 -0.0403115 -0.000244599
internal_weight=297.741 6.71137 3.9275 3.07961 291.03 252.174 38.8562 36.0384 33.5939 6.06816 27.5258 9.76748 17.7583 7.60962 4.90934 5.77037 10.1487 5.09795 237.763 235.054 229.306 227.595 222.996 36.4228 27.0273 9.39554 6.81935 186.573 13.7948 172.778
internal_count=3333 182 84 62 3151 2759 392 369 345 54 291 93 198 82 52 58 116 53 2559 2523 2458 2438 2382 322 250 72 57 2060 153 1907
is_linear=0
shrinkage=0.1


Tree=20
num_leaves=31
num_cat=0
split_feature=3 3 0 3 3 1 0 2 1 2 1 0 2 3 1 1 1 2 2 2 1 2 3 3 2 1 3 2 3 3
split_gain=1.3276 2.59218 4.50265 1.68945 3.43904 2.57105 3.32792 1.5929 1.33997 2.40845 2.34715 2.16716 1.68222 1.27925 1.34654 2.31638 3.83531 3.11538 4.02739 3.94964 4.74665 3.02925 4.17285 9.17462 2.97624 3.42897 2.87257 2.85913 3.38777 3.5597
threshold=244.84822745990905 233.83689043865982 0.14285714285132686 205.75107587233413 219.66095643683028 2.419916050869594 0.11612481750452565 27.138456250507016 0.32606359396463941 27.704092925750775 1.8196772632839244 0.028690984547769281 26.348123628480678 203.69234013607721 -0.4909915281705815 0.1566947249437092 0.50065447674152874 25.800061346913761 25.260956490555571 26.25479721697997 0.66739218865932848 27.56364074996916 148.35335289801523 158.13953408936609 37.495179481190526 4.3100588649643141 134.80662879155133 29.294554265337904 137.87034565233185 159.18257178190393
decision_type=2 2 2 2 2 2 2 2 2 2 2 2 2 2 2 2 2 2 2 2 2 2 2 2 2 2 2 2 2 2
left_child=1 3 -3 13 -5 6 -6 -8 -2 12 -11 -12 -10 14 -1 -16 21 18 -18 -19 -21 22 -17 -24 25 -22 -26 -23 -29 -30
right_child=8 2 -4 4 5 -7 7 -9 9 10 11 -13 -14 -15 15 16 17 19 -20 20 24 27 23 -25 26 -27 -28 28 29 -31
leaf_value=0.018471652366543596 -0.070383894152672086 0.15318849783873767 -0.032894309220737224 -0.071414724468848986 -0.064403773856525001 -0.077137651702702453 0.015844146540574706 0.12661796809185227 -0.022740157767792233 0.036842425698515889 0.15589819360671767 -0.092328383369472425 0.096015781874276909 0.079418507459267651 -0.013277822705300708 -0.027003018275106053 -0.061405573562460194 -0.086243146617713914 0.054652909082959625 -0.084699769534006097 0.010944168198852626 0.15059568144407448 0.21746357638042391 -0.0081906959056119253 0.0179798690179639 0.13087335117692814 -0.0815551166279498 0.099703550876761887 -0.11178612166742825 0.052079906967649636
leaf_weight=36.374632354825735 5.1679925341159132 2.9087116159498683 2.3516313247382641 9.7226942889392394 2.1505301594734174 2.4423078894615173 2.1537108644843102 3.267617866396904 2.072756726294755 2.6088105514645559 0.37520333752036084 5.6191653050482273 2.809727817773819 2.0803366713225833 101.80821472406387 12.239648800343277 3.7533769011497524 7.0520029813051215 14.70106817781925 6.768509615212678 31.375972885638475 3.3547796942293635 2.6691011115908605 5.5447833053767681 5.1326614767312986 2.5800886489450923 6.6640017442405224 5.7378713190555555 2.1206910200417042 3.5361678041517735
leaf_count=358 106 27 25 130 28 23 18 35 21 40 9 121 28 26 1251 120 43 72 105 75 293 32 23 56 51 19 95 45 24 34
internal_value=-0.00126156 0.00046836 0.0700004 -0.000870296 -0.0290511 0.0120796 0.0408566 0.0826113 -0.0270885 -0.0104968 -0.0423332 -0.0767912 0.0456004 0.00132384 0.00067764 -0.00233228 0.00750909 -0.00485277 0.0310482 -0.0159741 -0.00653909 0.0349092 0.00999872 0.0651356 0.00502374 0.0200568 -0.038248 0.0694532 0.0455637 -0.00935157
internal_weight=297.145 278.491 5.26034 273.231 19.7369 10.0142 7.57186 5.42133 18.6537 13.4857 8.60318 5.99437 4.88248 253.494 251.414 215.039 113.231 78.0277 18.4544 59.5732 52.5212 35.203 20.4535 8.21388 45.7527 33.9561 11.7967 14.7495 11.3947 5.65686
internal_count=3333 3008 52 2956 234 104 81 53 325 219 170 130 49 2722 2696 2338 1087 753 148 605 533 334 199 79 458 312 146 135 103 58
is_linear=0
shrinkage=0.1


Tree=21
num_leaves=31
num_cat=0
split_feature=3 1 2 2 0 2 2 2 1 2 2 1 1 1 1 3 3 3 3 2 0 0 0 0 1 1 1 3 0 1
split_gain=1.18107 1.20121 1.01034 1.12341 2.14843 2.01773 2.8521 1.33395 1.56162 1.12839 3.17518 2.86248 2.15693 3.99911 2.97543 1.78889 5.23795 1.5541 1.48544 1.47458 2.15953 2.66946 2.03148 2.06776 1.95414 2.28312 3.55895 2.49438 1.81721 2.14274
threshold=379.32296510226053 6.2597502431904433 25.039018712157532 25.137125144120208 0.19447173105442461 25.190084981370003 25.260956490555571 25.31432670476401 0.39988234777904091 25.607266419431074 25.800061346913761 0.27132695875984419 0.79987288786144994 -0.24571667599724811 0.11137999605892676 101.37537737279656 102.257347291605 105.09866404328382 103.13020003857717 51.202493045150483 0.31457536173471928 0.29516317014165966 0.24419708121443565 0.21839080459101398 5.89662117946816 2.7709547501131695 2.4571411870808517 143.31286667458099 0.47759221432569848 0.50065447674152874
decision_type=2 2 2 2 2 2 2 2 2 2 2 2 2 2 2 2 2 2 2 2 2 2 2 2 2 2 2 2 2 2
left_child=2 -2 -1 4 -4 -5 -7 8 -8 11 12 -9 13 -11 -15 -12 -17 18 -18 24 21 22 23 -21 25 26 28 -27 29 -19
right_child=1 -3 3 5 -6 6 7 9 -10 10 15 -13 -14 14 -16 16 17 19 -20 20 -22 -23 -24 -25 -26 27 -28 -29 -30 -31
leaf_value=0.058603413413717824 -0.10238574909802466 0.05539972302603844 -0.10944919099759812 0.089422651692506863 0.012229326621022302 -0.085034125154217099 -0.0024113743784528472 -0.061870325621799782 0.1083170795401593 0.093813668634238997 -0.066416882265941085 0.011711860814373865 0.094244201986727033 -0.11158056651927413 0.024703146465895942 0.15157348916887353 -0.0038456799444465495 0.0065400470926021527 -0.1092002653024462 -0.013731434750894245 -0.074120631577281645 0.13652423988515655 -0.10654406339883227 0.11394707681935923 0.084973484368744426 0.031019437851493588 0.097358323098333532 -0.066532275661402282 0.042132614376231697 -0.019291718460566688
leaf_weight=2.8509518764913073 2.1223733630031343 0.62444156035780896 2.7259901203215113 2.4830001443624488 3.1027107499539852 3.9929200336337081 2.6532116420567027 10.010722842067482 2.4495802894234657 4.212723322212697 4.2280862480401984 11.203784808516501 5.5514999628067008 2.701232288032771 3.9367127940058708 2.2348352633416644 2.7294227555394164 115.28711428120732 2.6257086731493473 22.795520396903168 6.1000305116176596 1.2154900655150402 2.2221744768321505 1.3431632872670878 2.8250108212232581 3.6395133882760993 4.0061172675341359 9.3677991777658445 10.583277229219673 44.508755782619119
leaf_count=28 102 15 39 28 31 55 27 119 14 38 44 90 32 32 27 22 36 1236 40 347 113 18 44 21 25 29 30 114 70 467
internal_value=-0.00124784 -0.0665159 -0.000637188 -0.0012181 -0.0446778 -0.000328992 -0.00111806 8.53559e-05 0.0507435 -0.000860384 0.00100344 -0.0230102 0.0435462 0.0176077 -0.0307559 -0.00195692 -0.000779552 -0.00226477 -0.0555028 -0.000991411 -0.0202789 -0.00836881 -0.0150498 -0.00662694 0.00242327 0.00117879 0.00419337 -0.0392368 0.00200279 -0.000655006
internal_weight=296.334 2.74681 293.587 290.736 5.8287 284.907 282.424 278.431 5.10279 273.329 252.114 21.2145 16.4022 10.8507 6.63795 235.712 231.484 229.249 5.35513 223.894 33.6764 27.5763 26.3609 24.1387 190.218 187.393 174.385 13.0073 170.379 159.796
internal_count=3333 117 3216 3188 70 3118 3090 3035 41 2994 2785 209 129 97 59 2656 2612 2590 76 2514 543 430 412 368 1971 1946 1803 143 1773 1703
is_linear=0
shrinkage=0.1


Tree=22
num_leaves=31
num_cat=0
split_feature=3 3 1 1 3 3 2 2 0 2 2 2 0 0 2 3 1 2 0 2 1 1 1 3 3 3 3 3 2 3
split_gain=1.04572 2.01134 3.00406 2.54156 2.13161 2.19872 2.05891 1.49781 1.29844 2.55087 2.25717 1.29107 1.75159 1.08175 2.10538 3.33952 2.82588 2.25851 2.58018 1.92818 1.30065 1.04287 6.60062 2.12182 6.8447 1.97477 5.10419 1.44067 6.67967 3.01954
threshold=244.84822745990905 230.35313211399904 1.2385574471743122 0.1271435525680589 205.75107587233413 219.66095643683028 34.869866503127732 25.039018712157532 0.13840072969701972 34.628978993986799 29.665010712715965 32.53698551997784 0.20784615383799593 0.40199330091560703 31.601532176884934 179.57372080537542 -0.2058212291156454 25.842430527409711 0.47759221432569848 25.137125144120208 -0.25087630073160855 2.1234905006965739 1.9839088479941178 132.84770716647373 143.31286667458099 175.85381575340136 193.98781229044263 196.01774191214139 27.115002229315937 192.37084583257564
decision_type=2 2 2 2 2 2 2 2 2 2 2 2 2 2 2 2 2 2 2 2 2 2 2 2 2 2 2 2 2 2
left_child=1 4 3 -3 7 11 -7 -1 -2 10 -10 -6 -13 19 15 17 -16 -15 -19 20 -9 22 27 -23 -25 -26 -27 29 -29 -21
right_child=8 2 -4 -5 5 6 -8 13 9 -11 -12 12 -14 14 16 -17 -18 18 -20 21 -22 23 -24 24 25 26 -28 28 -30 -31
leaf_value=0.077347405350680173 -0.061168308202728422 0.072985670962846333 0.11683238411568141 -0.07795912400623399 -0.096945665252761312 -0.026316131915711322 0.094180638788231713 -0.00098611288396473901 -0.0052847242305956062 -0.07791820577238634 0.11465791202476446 -0.066102832906798289 0.091526380166364843 0.076376142206186645 0.056985266853611084 0.11609064002373942 -0.06404581908487296 -0.059714405197647771 0.038853391531080181 -0.00082214222698068185 -0.1104987833485933 -0.079636354775019402 0.16936414313930306 0.12921959969975605 -0.091974216245659837 0.089720371384942973 -0.11263276354579164 0.14662482658507492 -0.040423267245337291 -0.1110953501194899
leaf_weight=2.5513911396265021 6.2984152100980308 2.1441198624670488 3.6393464095890522 2.3251603990793228 5.8367772996425646 5.5183709301054469 1.9084350131452081 1.8087489306926725 6.2336569353938085 3.3964909352362147 2.0967128966003656 2.3712684828788047 1.0031910147517917 4.30008432269097 2.9445888213813305 4.208031252026557 5.5939643830060941 5.2147340886294824 5.411754809319973 187.88358879461884 2.7084672432392827 4.9324136599898365 2.3126971907913676 3.0108844339847556 4.4895729683339578 2.786957923322916 2.2552738934755325 3.4034520573914042 4.3485106341540813 2.5163955539464942
leaf_count=23 145 26 29 23 72 56 22 22 70 87 23 40 18 30 36 24 63 46 29 2082 39 48 18 21 54 27 31 33 62 34
internal_value=-0.0012063 0.000310155 0.0493815 -0.00554394 -0.00116728 -0.0358374 0.00464742 0.00111561 -0.0245461 -0.00487657 0.0249042 -0.0684793 -0.0192413 0.000338024 0.0189836 0.037409 -0.0223073 0.0152275 -0.00951676 -0.00198144 -0.0666486 -0.000641091 0.0014013 -0.0240702 -0.00221886 -0.0437373 -0.000787515 -0.000559052 0.0416991 -0.00227955
internal_weight=295.453 277.428 8.10863 4.46928 269.32 16.638 7.42681 252.682 18.0253 11.7269 8.33037 9.21124 3.37446 250.13 27.6732 19.1346 8.53855 14.9266 10.6265 222.457 4.51722 217.94 200.465 17.4751 12.5427 9.5318 5.04223 198.152 7.75196 190.4
internal_count=3333 3008 78 49 2930 208 78 2722 325 180 93 130 58 2699 228 129 99 105 75 2471 61 2410 2229 181 133 112 58 2211 95 2116
is_linear=0
shrinkage=0.1


Tree=23
num_leaves=31
num_cat=0
split_feature=3 1 2 3 2 3 1 2 2 3 3 2 2 3 3 0 0 0 0 3 0 2 3 0 3 3 1 2 2 3
split_gain=0.931234 1.12514 1.10537 2.87438 2.23942 2.2009 1.75758 1.373 1.87357 1.76847 5.08911 1.30798 1.20508 2.13761 1.66881 2.46635 1.18638 6.18258 4.68025 2.75621 2.57379 2.37767 2.98471 1.71561 1.72159 1.77807 4.20817 1.9523 3.84001 2.03635
threshold=379.32296510226053 6.2597502431904433 78.412966621658555 115.8667424683676 75.748363931169408 142.66495089930589 -1.0000000180025095e-35 72.739510587859684 60.403235725821041 152.78748945776638 165.08463665773647 58.766054687840828 51.202493045150483 115.28738806058369 177.87470281983568 0.20618906684771199 0.031843089055153838 0.035294117643940241 0.026634382565941566 116.39616750453574 0.036871237132600286 28.970582604916981 140.8497891856932 0.038601464910134671 100.64181718721322 105.09866404328382 -0.42599239002695016 25.607266419431074 25.624371375516539 122.09732175691606
decision_type=2 2 2 2 2 2 2 2 2 2 2 2 2 2 2 2 2 2 2 2 2 2 2 2 2 2 2 2 2 2
left_child=2 -2 4 -4 7 -5 -7 8 11 -10 -11 12 16 -14 -15 -16 18 -18 19 -1 -19 22 -21 -22 -25 26 -26 29 -29 -27
right_child=1 -3 3 5 -6 6 -8 -9 9 10 -12 -13 13 14 15 -17 17 20 -20 21 23 -23 -24 24 25 27 -28 28 -30 -31
leaf_value=-0.08241834442667044 -0.10207786438471234 0.052238177838941059 0.14442450278545779 -0.07270284601878052 -0.10779212352793527 0.10514451091764328 -0.037395759902031991 0.07901747701457601 -0.069577378359868144 0.16655696209554877 -0.054403899943970213 0.078242035963576054 0.066935422228114688 -0.089298824521193282 0.091769601845434437 -0.10681515279876935 0.17563028580078879 -0.11407617520969703 -0.11431237879429257 0.050837629800725405 0.085393367889636126 0.063314725080165016 -0.060510709650782035 0.096749905658630966 0.075231384686427705 -0.064817525641986062 -0.093420371536075131 0.15428664807413328 0.0052113294433712588 -0.0063470648674101909
leaf_weight=3.3448723815381589 1.8337824083864682 0.63646703958511341 1.8733458966016758 2.3610622845590115 1.9752794597297896 2.2791455090045929 1.3942296374589207 2.131182085722684 7.6227116622030717 1.4328141771256921 3.8248372450470924 2.1327931992709628 1.685264740139244 5.2899816110730171 1.4986990075558426 1.0732921455055473 2.05911711603403 1.9082719758152951 4.3330162838101378 4.1355711035430449 2.4723668470978728 6.6571681536734095 5.7605461329221725 1.8870114274322976 2.0374613255262375 7.6497471164911977 5.4024176336824885 1.7447290867567051 179.21650239080191 26.907229244709015
leaf_count=41 102 15 16 24 36 26 23 35 126 22 77 35 22 86 29 23 21 20 47 37 24 72 65 19 20 82 71 12 1825 280
internal_value=-0.00117721 -0.0623179 -0.000660138 0.0362178 -0.00168632 0.00262583 0.0510433 -0.000943642 -0.00155209 -0.038804 0.00581231 0.000243662 -0.000383941 -0.0352661 -0.0571737 0.00890017 0.000919416 0.00312496 -0.0201324 0.000376207 0.00157536 0.0171063 -0.0139784 0.00254623 0.00163525 0.000830247 -0.0472339 0.00248946 0.00664863 -0.0192904
internal_weight=294.561 2.47025 292.091 7.90778 284.183 6.03444 3.67338 282.208 280.076 12.8804 5.25765 267.196 265.063 9.54724 7.86197 2.57199 255.516 231.285 24.2312 19.8982 229.226 16.5533 9.89612 227.317 224.845 222.958 7.43988 215.518 180.961 34.557
internal_count=3333 117 3216 89 3127 73 49 3091 3056 225 99 2831 2796 160 138 52 2636 2374 262 215 2353 174 102 2333 2309 2290 91 2199 1837 362
is_linear=0
shrinkage=0.1


Tree=24
num_leaves=31
num_cat=0
split_feature=3 3 1 3 3 0 0 1 2 2 2 0 2 2 1 2 0 3 2 2 2 2 0 2 2 2 1 1 0 3
split_gain=0.860947 1.56221 3.46745 1.2624 2.66977 1.86854 1.89933 1.2397 1.45593 2.71881 1.19949 1.16282 2.11749 1.87165 1.50426 1.83731 1.03932 0.948555 1.16376 1.58519 2.30364 1.92379 1.44797 0.88989 2.44436 2.31111 2.18656 3.01893 1.67107 1.42744
threshold=244.84822745990905 233.83689043865982 1.3609393639669618 205.75107587233413 222.79708247803228 0.14799469610700899 0.32178910543628253 2.3187900232576584 32.53698551997784 41.587910614520894 25.039018712157532 0.13840072969701972 34.628978993986799 26.161930557385841 1.9249423598041779 27.74592280196698 0.20312977564827597 203.69234013607721 25.137125144120208 25.190084981370003 25.260956490555571 25.31432670476401 0.19447173105442461 25.607266419431074 25.624371375516539 25.569784730419869 0.27132695875984419 0.99819292736744314 0.14652426970795537 101.37537737279656
decision_type=2 2 2 2 2 2 2 2 2 2 2 2 2 2 2 2 2 2 2 2 2 2 2 2 2 2 2 2 2 2
left_child=1 3 -3 10 7 -6 -7 8 -5 -10 -1 -2 13 -13 -15 -16 -14 18 22 -20 -21 -22 -12 25 -25 26 -23 28 -28 -26
right_child=11 2 -4 4 5 6 -8 -9 9 -11 17 12 16 14 15 -17 -18 -19 19 20 21 23 -24 24 29 -27 27 -29 -30 -31
leaf_value=0.067800191988834829 -0.058461210735055918 -0.01785344095730804 0.13986635344790291 -0.11130459212332262 -0.044560249817957809 0.11612317182514678 -0.0070995956599398183 0.0048988907635775566 0.066350789936484092 -0.10683996085150947 -0.10796074645296883 -0.065154089352517222 0.030204752463639534 0.096001459439106054 0.086938917621254191 -0.063276757670367237 -0.10666774984858113 0.065478643279234458 0.078128333171600617 -0.080722910540734508 0.064748262302647588 -0.046604368344509477 0.0024660422313355192 0.11085919439736876 -0.053249219207544864 -0.11472068145913182 0.026068582333752047 -0.042224945184563129 0.14292499375295098 0.0017802666626882586
leaf_weight=2.6595695540308943 5.9743359452113536 3.1348654292523852 2.5099911466240883 4.8959258012473601 2.9661581814289084 2.5469088479876518 2.4582204334437847 2.4602524638175955 1.6657767668366434 1.988378759473562 2.2321313694119445 1.9169525317847709 0.72325718216597978 3.2150992322713137 1.4094432145357134 1.9281223658472297 2.381481109187007 2.21202578395605 2.6132409870624533 3.4991990290582171 4.6428368873894206 7.7271330878138604 2.5371088646352291 2.0270764306187621 4.8241532258689395 2.31467331200838 2.7849240005016309 3.664908193051815 2.1829779595136642 206.00896030291915
leaf_count=23 145 36 16 66 35 23 20 32 20 38 38 20 18 32 12 29 69 26 27 53 36 97 27 13 50 23 25 29 15 2240
internal_value=-0.00115334 0.00020957 0.0522768 -0.000875327 -0.0257443 0.018332 0.0556035 -0.0576549 -0.0756545 -0.0278895 0.000998417 -0.022632 -0.00413797 0.0217586 0.0471845 0.000158839 -0.0747829 0.000285684 -0.000298016 0.000664899 -0.0001797 0.00101363 -0.0492166 -0.000264409 0.00157187 -0.021195 -0.00796259 0.0266252 0.0774172 0.000521116
internal_weight=294.106 276.557 5.64486 270.913 18.9816 7.97129 5.00513 11.0103 8.55008 3.65416 251.931 17.5487 11.5744 8.46962 6.55266 3.33757 3.10474 249.271 247.059 242.29 239.677 236.178 4.76924 231.535 212.86 18.6746 16.3599 8.63281 4.9679 210.833
internal_count=3333 3008 52 2956 234 78 43 156 124 58 2722 325 180 93 73 41 87 2699 2673 2608 2581 2528 65 2492 2303 189 166 69 40 2290
is_linear=0
shrinkage=0.1


Tree=25
num_leaves=31
num_cat=0
split_feature=3 3 2 3 0 2 0 0 0 0 0 2 1 0 3 2 2 2 2 3 3 0 3 3 1 0 3 3 1 0
split_gain=0.915915 1.72476 3.21086 1.3878 1.31203 1.09276 2.7893 1.56663 3.08933 1.69337 2.56834 2.59395 2.40252 4.46171 3.17495 2.97452 2.30429 1.03463 1.02231 2.91873 3.81226 5.4082 1.72876 8.35738 4.83916 4.2879 4.08059 3.3386 2.58522 1.83197
threshold=101.82133996116444 105.09866404328382 54.067708362829713 105.38805276676926 0.21097853758710755 51.202493045150483 0.0090090090085086678 0.31457536173471928 0.29854809435655882 0.24419708121443565 0.12639528610191555 72.739510587859684 -0.2058212291156454 0.15116982044026836 118.35608640722121 60.403235725821041 78.986995640012822 54.665011176231822 34.869866503127732 118.66070496806546 113.08391660191822 0.16406970534893947 159.18257178190393 184.36175608049044 1.308932603651894 0.13840072969701972 143.31286667458099 126.47878431953326 -0.11823041208886594 0.17093056378338425
decision_type=2 2 2 2 2 2 2 2 2 2 2 2 2 2 2 2 2 2 2 2 2 2 2 2 2 2 2 2 2 2
left_child=4 2 -2 -3 -1 18 -7 8 9 10 11 17 14 -14 -12 -15 -13 -8 -5 20 21 -20 26 28 -25 -26 27 29 -24 -21
right_child=1 3 -4 5 -6 6 7 -9 -10 -11 12 16 13 15 -16 -17 -18 -19 19 22 -22 -23 23 24 25 -27 -28 -29 -30 -31
leaf_value=-0.0076104059858407257 -0.089753996413672044 0.099675480116526577 0.074493472434253166 -0.0017893311739484896 0.077782709206155945 0.12989792952703152 -0.011039453289433393 -0.071373189185950855 0.14628240407231577 -0.10590236526402326 0.10130814882704242 0.10462102778581645 0.22148420222549434 0.13647110707383586 -0.07742603836736936 -0.060856937444569187 -0.039721196319018791 -0.092582550967965693 0.10982905244920865 -0.11610616447744609 0.16718261319444183 -0.11277911876081706 0.20897304838646924 -0.08087415398811397 0.15464221715355977 -0.05624857998313576 -0.093212942004721328 0.064113907002338849 0.07077706802105356 0.012391718716595267
leaf_weight=3.6818134449422351 5.1817269399762145 1.3683524690568436 1.5451155751943586 206.10817040130496 3.5189557820558548 1.2219841750338662 2.0303356889635449 5.7358950776979318 1.1543565439060319 2.1493471432477227 1.4203058257699011 1.8760684737935651 1.4730092510580997 1.2108680400997403 3.3100270228460431 2.069488680921495 2.6944176601245999 6.6603849260136485 2.6137011200189582 2.1698688864707965 2.7044603042304516 1.873768478631973 2.1438761502504349 6.49204850848764 2.1501822564750914 1.7478159293532369 5.2018528915941706 5.9670216403901577 3.6724293120205429 2.270404726266861
leaf_count=40 81 14 17 2110 30 16 31 127 16 50 20 33 18 19 59 39 35 135 27 22 21 23 21 92 32 26 63 58 37 21
internal_value=-0.00110383 -0.00199002 -0.0520273 -0.00078571 0.0341205 -0.00127998 -0.0183616 -0.0240616 -0.0136436 -0.0210594 -0.013042 -0.0414592 0.0266943 0.0769042 -0.0237602 0.0119822 0.0195276 -0.0735324 0.00102019 0.0158652 0.0733985 0.0168777 0.00285968 0.0257364 -0.0279924 0.0600813 -0.0208924 0.0152555 0.121716 -0.0504025
internal_weight=293.418 286.217 6.72684 279.49 7.20077 278.122 33.0065 31.7845 26.0486 24.8943 22.7449 13.2612 9.4837 4.75337 4.73033 3.28036 4.57049 8.69072 245.116 39.0074 7.19193 4.48747 31.8155 16.2064 10.39 3.898 15.6091 10.4073 5.81631 4.44027
internal_count=3333 3263 98 3165 70 3151 598 582 455 439 389 234 155 76 79 58 68 166 2553 443 71 50 372 208 150 58 164 101 58 43
is_linear=0
shrinkage=0.1


Tree=26
num_leaves=31
num_cat=0
split_feature=2 3 1 2 0 3 3 1 2 1 1 3 2 3 1 2 3 3 1 1 0 2 0 0 1 3 2 1 1 2
split_gain=0.762052 2.75277 2.19915 2.12936 1.85766 1.13427 0.897616 1.98717 1.74475 2.68802 2.78563 1.5196 3.49186 1.43533 2.05321 1.43334 1.17235 3.56437 2.20144 1.80382 1.67267 1.60778 1.75489 2.44139 1.59566 1.40613 1.03462 1.73881 0.934237 0.930657
threshold=78.412966621658555 111.28156457047199 -0.49810813134187754 75.748363931169408 0.092436974784749867 146.75552696011496 244.84822745990905 0.32606359396463941 26.686081830472904 1.8196772632839244 0.80891991744776559 233.83689043865982 29.294554265337904 370.22166731709842 5.89662117946816 72.739510587859684 206.91763810590041 219.66095643683028 2.419916050869594 -0.0076379364422374399 0.20947043989255057 62.969694920466722 0.19592809407034539 0.13840072969701972 -0.3868583727230398 204.40605464703427 32.53698551997784 0.25089879193686421 -0.51810977541121683 25.039018712157532
decision_type=2 2 2 2 2 2 2 2 2 2 2 2 2 2 2 2 2 2 2 2 2 2 2 2 2 2 2 2 2 2
left_child=3 -2 -3 6 -4 -6 11 28 -9 10 -10 15 -13 -11 -15 16 21 26 19 -19 -21 25 23 24 -23 29 -18 -28 -8 -1
right_child=1 2 4 -5 5 -7 7 8 9 13 -12 12 -14 14 -16 -17 17 18 -20 20 -22 22 -24 -25 -26 -27 27 -29 -30 -31
leaf_value=0.058454847225980072 0.13428769997506351 0.11458503902765452 -0.11127223940362968 -0.10739169707294186 -0.049201898199251623 0.07071900704482724 0.01002273194999817 0.067990312207200962 -0.051177142602581507 -0.092789849620025733 0.1244795913653817 -0.021468241213886366 0.13818026049727125 -0.10184343160663233 0.1220668065255741 0.081671341258041749 -0.11037061864960751 -0.031946754973767075 -0.073950906484528345 0.13308097901340174 0.018255757332528419 0.030555021778416864 -0.10615180172333893 0.10611473687655766 -0.10719466337168984 0.086835400658285072 0.055238179802872781 -0.10892461740610943 -0.10857639310743672 0.00024564500629622321
leaf_weight=2.7799863666295996 1.9047032073140124 1.2730469945818184 1.8787893718108533 1.9031817251816381 1.4906717129051688 1.6749757360666988 0.83459296729415644 2.6497693732380858 1.6547465156763776 4.521609527990222 1.9867370463907716 2.9733005538582793 2.5407154969871044 0.77589192427694775 0.86730919033288956 2.0827009957283726 4.4785022772848633 2.4986129961907864 2.3031004816293716 2.3760154657065851 2.7219912447035313 1.4036932364106176 2.9017323385924101 1.3550201617181299 2.0975254215300079 1.9217761568725098 1.2290648929774763 1.3582383356988428 3.2531084148213294 229.19056305103004
leaf_count=23 14 13 27 39 17 33 21 26 24 62 22 28 22 50 18 30 66 31 23 24 22 23 63 20 38 21 24 22 77 2410
internal_value=-0.00110358 0.0289098 -0.0028613 -0.00197049 -0.0325008 0.0142495 -0.00126092 -0.0238624 -0.0040083 -0.0234631 0.0446585 0.000143643 0.0520936 -0.0637018 0.0163402 -0.000955148 -0.00162056 -0.0270309 0.0116928 0.0376578 0.0717721 0.000163423 -0.0446238 -0.00785918 -0.0519687 0.00164897 -0.0812858 -0.0309412 -0.0843618 0.000943237
internal_weight=292.882 8.22219 6.31748 284.659 5.04444 3.16565 282.756 16.5438 12.4561 9.80629 3.64148 266.213 5.51402 6.16481 1.6432 260.699 258.616 16.9655 9.89972 7.59662 5.09801 241.65 7.75797 4.85624 3.50122 233.892 7.06581 2.5873 4.0877 231.971
internal_count=3333 104 90 3229 77 50 3190 300 202 176 46 2890 50 130 68 2840 2810 212 100 77 46 2598 144 81 61 2454 112 46 98 2433
is_linear=0
shrinkage=0.1


Tree=27
num_leaves=31
num_cat=0
split_feature=2 2 1 1 3 3 3 3 0 0 2 2 1 0 2 3 0 3 3 0 1 1 2 2 0 2 2 1 1 1
split_gain=0.706282 2.90235 1.79384 1.85555 3.5437 3.92727 3.68513 2.79098 2.75085 2.16022 2.57764 2.56462 2.0297 3.38635 2.81369 2.2298 2.02593 4.72065 4.4455 3.09627 1.89279 3.83237 2.89623 2.8804 2.81935 2.71817 2.44847 2.13534 3.31847 2.06761
threshold=27.881286557244277 28.086103106616196 -0.76792881565592552 -0.02510135825495707 143.31286667458099 157.30057943978349 112.84606049809462 103.13020003857717 0.0075853471420628772 0.13840072969701972 33.305986075151225 29.398469258597473 0.52034188820984839 0.20784615383799593 31.209111884017542 172.83972002575862 0.14285714285132686 121.83127559434426 118.35608640722121 0.091405295919822369 -0.087869493652173378 -0.13576957342723747 37.495179481190526 39.867297911561046 0.19329010141912098 45.949242622862947 59.882272358761263 -0.26115284421768986 -0.39018008720521585 -0.31409088637043087
decision_type=2 2 2 2 2 2 2 2 2 2 2 2 2 2 2 2 2 2 2 2 2 2 2 2 2 2 2 2 2 2
left_child=-1 -2 -3 8 6 -6 7 -5 -4 10 -10 -11 13 -7 -15 -14 18 -18 -8 -20 21 22 -13 -24 -25 -26 29 28 -28 -27
right_child=1 2 3 4 5 12 16 -9 9 11 -12 20 15 14 -16 -17 17 -19 19 -21 -22 -23 23 24 25 26 27 -29 -30 -31
leaf_value=0.0038269823372999619 -0.08805967906833928 0.053726559262431084 0.10082281519608477 0.061286750409741721 -0.08483853284416118 0.059188340177665479 0.13130654109516568 -0.076186195590987688 -0.096600990468057479 0.092985050448096199 -0.025085794750649884 -0.079985465665256772 -0.088824459415945856 0.057169757981654801 -0.11241871392398073 -0.0061210983918272392 -0.022209021744931199 0.10787336256695951 0.017946390532027869 -0.11543669268784745 -0.1087792977566457 0.10497477332176815 0.12742628056314609 -0.084837008776611725 -0.077779791448805535 0.03335871722126782 -0.06112097661100533 -0.10643004254837421 0.11735645859015827 0.18242463893026017
leaf_weight=146.88795154448599 4.1864291150122872 5.2604087460786095 1.8415040280669916 2.1137551851570597 6.6357912663370362 10.222724362276493 2.5842436663806465 4.9008555561304092 7.0393920773640302 2.4234729036688831 17.74402186833322 6.019596245139847 3.8577457852661636 1.5788823179900635 2.572046659886837 21.040033462457359 3.8327179029583922 10.251810405403374 6.5107916444540006 2.3752668239176273 1.9685784634202708 2.7341652978211632 1.6191471107304121 4.0384537857025888 2.6547286584973326 2.1071009449660782 1.9925810825079793 1.5141843948513152 2.1831959467381239 1.6663378169760088
leaf_count=1500 52 53 22 20 83 104 16 52 98 29 285 72 46 13 36 332 33 73 59 23 31 35 15 63 29 36 34 33 36 20
internal_value=-0.00106433 -0.00600332 -0.00357187 -0.00578777 0.00421383 -0.0136849 0.0294425 -0.0347606 -0.019427 -0.0234023 -0.0453987 -0.00577229 -0.00166192 0.0282589 -0.0479126 -0.0189354 0.0470657 0.072475 0.0158654 -0.0177073 -0.0141706 -0.00715032 -0.0200339 0.000268203 -0.0124751 0.0116401 0.0367247 -0.00469793 0.0321913 0.0991857
internal_weight=292.358 145.47 141.284 136.023 78.4767 45.9072 32.5694 7.01461 57.5465 55.705 24.7834 30.9215 39.2714 14.3737 4.15093 24.8978 25.5548 14.0845 11.4703 8.88606 28.4981 26.5295 23.7953 17.7757 16.1566 12.1181 9.4634 5.68996 4.17578 3.77344
internal_count=3333 1833 1781 1728 890 614 276 72 838 816 383 433 531 153 49 378 204 106 98 82 404 373 338 266 251 188 159 103 70 56
is_linear=0
shrinkage=0.1


Tree=28
num_leaves=31
num_cat=0
split_feature=3 3 2 3 3 2 2 1 1 1 1 1 2 0 0 1 1 1 0 3 1 3 0 0 2 2 3 3 1 1
split_gain=0.691939 2.07762 0.757992 1.51929 1.90541 1.17422 1.99113 1.82517 2.73124 1.48141 2.16126 4.78186 1.31436 2.16445 3.44015 1.87732 5.18905 1.03958 1.03296 1.03936 3.57541 2.46679 0.930047 0.835722 0.824838 2.10119 2.75615 4.79647 4.53545 3.45285
threshold=379.32296510226053 399.99999927499039 78.412966621658555 114.19030302959948 142.66495089930589 51.202493045150483 52.866884243325096 -0.58522406576898345 -0.50592628201214895 -0.39542248562754362 0.39126434751302697 0.1566947249437092 58.766054687840828 0.38558638768135761 0.29854809435655882 -0.26538987481067955 -0.16844689735170526 -0.26115284421768986 0.60706241745741263 105.09866404328382 -0.46396887092104083 100.64181718721322 0.17513332841333032 0.13480703467965058 25.607266419431074 25.842430527409711 133.33333027957647 148.69230598845215 -0.21077226753771569 0.11137999605892676
decision_type=2 2 2 2 2 2 2 2 2 2 2 2 2 2 2 2 2 2 2 2 2 2 2 2 2 2 2 2 2 2
left_child=2 -2 5 -4 -5 18 -7 -8 -9 -10 11 12 23 14 15 -14 -17 -6 19 20 -1 -22 -12 -11 -21 26 28 -28 -26 -29
right_child=1 -3 3 4 17 6 7 8 9 10 22 -13 13 -15 -16 16 -18 -19 -20 24 21 -23 -24 -25 25 -27 27 29 -30 -31
leaf_value=0.093223165823545034 -0.10258703023121418 0.15270960075112283 0.10179255538706372 -0.069894426825142034 0.10180489932940112 -0.1084682167619242 -0.10850194212240286 0.1438517112707681 -0.075341945953437295 -0.10821738646969066 -0.015337567166255575 0.20539124468923375 -0.064956530213378924 -0.10678739584590002 0.18378599713492227 0.15129429874060132 -0.064166100523016703 -0.00418409916771415 0.073976447967923881 -0.0120430503269161 0.035529607948180379 -0.093483198495887695 -0.10655842526550088 -0.010030241231144916 0.18000308219570821 0.00066352612508048569 -0.095998451989999581 -0.043064746531864068 0.017069102472401003 0.092913432931253925
leaf_weight=1.8492927663028238 1.7924855686724179 0.38771878462284792 2.1407460644841176 2.2145329117774963 1.8013982400298121 2.387749437242749 1.8467619661241794 1.1673832908272803 3.2576238671317794 1.5430872887372893 2.1511045154184094 1.2299900092184533 2.3088621906936249 1.1985052842646826 1.336936008185148 2.2888354957103805 2.1846721898764199 1.9030470894649623 1.9046207182109345 38.693144904449582 1.9760066196322421 5.9289334211498499 2.3264757404103875 1.9781320756301282 2.9417530298233032 185.21384417731315 3.3001430854201308 2.8348503634333593 4.0749851055443314 5.4719822108745575
leaf_count=18 104 13 15 25 18 39 29 17 76 27 41 14 44 26 21 35 40 31 15 414 20 92 50 32 23 1934 26 31 32 31
internal_value=-0.00106117 -0.0571861 -0.000638434 0.0295987 0.00348795 -0.00150448 -0.0212497 -0.0128585 -0.00516941 -0.0131479 -0.00222381 0.0170342 -0.00101059 0.0186584 0.0371756 0.0082759 0.0460725 0.0473562 0.000608863 5.49759e-05 -0.0319504 -0.0612337 -0.0627344 -0.0530583 0.00134219 0.00388302 0.035901 0.00599036 0.0853788 0.0465085
internal_weight=291.636 2.1802 289.455 8.05972 5.91898 281.396 27.2061 24.8184 22.9716 21.8042 18.5466 14.069 12.839 9.31781 8.11931 6.78237 4.47351 3.70445 254.19 252.285 9.75423 7.90494 4.47758 3.52122 242.531 203.838 18.6237 11.607 7.01674 8.30683
internal_count=3333 117 3216 89 74 3127 491 452 423 406 330 239 225 166 140 119 75 49 2636 2621 130 112 91 59 2491 2077 143 88 55 62
is_linear=0
shrinkage=0.1


Tree=29
num_leaves=31
num_cat=0
split_feature=3 3 2 1 2 2 0 2 2 0 0 0 0 3 1 0 1 1 1 0 3 1 1 3 3 3 2 3 2 1
split_gain=0.689603 1.382 2.41477 1.35062 1.83897 0.866719 1.8955 1.38697 1.50711 1.5477 2.23951 1.80245 2.41675 1.87406 2.52017 4.15406 2.9266 2.00782 2.05759 2.22503 0.950692 1.56971 0.788252 1.12787 1.75919 2.21359 1.87112 1.62124 2.99725 1.56458
threshold=101.82133996116444 105.09866404328382 54.067708362829713 0.12140982654733815 38.669791924582519 51.202493045150483 0.0090090090085086678 87.295438582020196 52.866884243325096 0.31457536173471928 0.29854809435655882 0.24419708121443565 0.22025800695807937 113.08391660191822 -0.25087630073160855 0.049778652718994038 -0.56665881240760452 1.5969722503765726 0.25089879193686421 0.13575837741843147 148.35335289801523 -0.26538987481067955 5.89662117946816 244.84822745990905 230.35313211399904 206.91763810590041 29.294554265337904 201.99586115511167 27.458821623074439 -0.1910875081996061
decision_type=2 2 2 2 2 2 2 2 2 2 2 2 2 2 2 2 2 2 2 2 2 2 2 2 2 2 2 2 2 2
left_child=3 2 -2 4 -1 22 -7 8 -8 10 11 12 13 -10 16 -16 -15 18 19 -17 21 -11 23 24 25 27 -26 -3 -29 -27
right_child=1 5 -4 -5 -6 6 7 -9 9 20 -12 -13 -14 14 15 17 -18 -19 -20 -21 -22 -23 -24 -25 26 29 -28 28 -30 -31
leaf_value=0.10810984294286197 -0.086223902295704979 0.0015270875898909277 0.055007544593306035 -0.033734713937515051 -0.015917303898863089 0.098981748693710167 -0.10670339841260577 -0.1118520273325021 0.082846992145769585 -0.10678997583521535 0.13528722580969732 -0.10501860516411197 0.13954896925551302 0.039479883543988084 -0.10761464162293828 0.10204462287082657 -0.10604819874720169 -0.046222580839084038 0.17152629322446766 -0.050453781172330958 -0.10482253529681483 0.064670081769294965 0.044795548379114702 -0.029931204186530547 0.0079003137624738592 -0.10896926425280114 0.10788448304222385 0.14416262895145268 -0.02098980619106431 -0.022165104047117998
leaf_weight=2.9964296855032435 4.5389095209538928 205.60190120711923 1.6509974300861356 2.3200200870633125 1.9890317581593988 1.3645463846623922 1.7383841443806947 1.6088801454752673 2.0423273574561049 0.98915779776871238 1.1644907044246782 1.7283975621685375 1.1912028659135092 1.9237800706177948 2.1462091309949543 2.337513892911375 4.9057460501790269 1.6546002523973582 1.6867918185889719 1.6197389513254163 2.5133121637627482 1.1602183412760485 4.084290172904729 11.598853239789603 4.5640370957553378 2.6455778256058702 3.1729202717542648 2.2332220971584311 2.1634285226464272 9.6517211571335757
leaf_count=25 81 2067 17 25 20 16 34 24 26 20 13 48 19 26 46 33 114 41 19 26 73 22 45 185 43 41 23 18 25 118
internal_value=-0.0010401 -0.00182132 -0.0485541 0.0292956 0.0586272 -0.000778869 -0.0163201 -0.0214938 -0.0164464 -0.0106488 0.000261518 -0.0071426 0.00152919 -0.00744674 -0.018778 0.0146847 -0.065055 0.0506475 0.0790458 0.0396257 -0.063065 -0.014237 0.00123088 0.000494512 0.00202866 0.000397179 0.0489037 0.00281197 0.0628972 -0.0408397
internal_weight=290.987 283.681 6.18991 7.30548 4.98546 277.491 31.7753 30.4108 28.8019 27.0635 22.4008 21.2363 19.5079 18.3167 16.2744 9.44485 6.82953 7.29864 5.64404 3.95725 4.66269 2.14938 245.716 241.632 230.033 222.296 7.73696 209.999 4.39665 12.2973
internal_count=3333 3263 98 70 45 3165 600 584 560 526 411 398 350 331 305 165 140 119 78 59 115 42 2565 2520 2335 2269 66 2110 43 159
is_linear=0
shrinkage=0.1


Tree=30
num_leaves=31
num_cat=0
split_feature=3 3 2 3 3 2 0 0 0 1 1 0 2 0 0 0 3 1 3 3 1 3 2 2 2 0 2 3 3 2
split_gain=0.590843 1.68221 0.689224 1.42944 1.92586 1.07159 1.96702 2.93329 1.86908 1.75764 4.33237 1.94467 0.902582 0.751496 1.64052 1.05504 0.870768 2.77986 1.69954 0.781677 4.26065 5.17889 3.79763 7.25685 5.66771 3.765 1.48579 1.64625 1.32835 1.28791
threshold=379.32296510226053 399.99999927499039 78.412966621658555 111.28156457047199 142.66495089930589 60.403235725821041 0.31457536173471928 0.29854809435655882 0.19592809407034539 -0.26538987481067955 -0.1910875081996061 0.026064311593469471 58.766054687840828 0.47759221432569848 0.51527596289627042 0.49427655674204513 105.09866404328382 -0.47650873808617672 100.64181718721322 113.50459355462804 0.99819292736744314 112.84606049809462 26.686081830472904 26.070535869006559 37.986842205143262 0.25466126229859742 51.202493045150483 177.87470281983568 110.69487408668427 25.502503188799722
decision_type=2 2 2 2 2 2 2 2 2 2 2 2 2 2 2 2 2 2 2 2 2 2 2 2 2 2 2 2 2 2
left_child=2 -2 5 -4 -5 12 7 8 9 11 -11 -7 13 16 15 -15 17 -1 -19 20 21 22 23 25 28 29 -21 -28 -24 -18
right_child=1 -3 3 4 -6 6 -8 -9 -10 10 -12 -13 -14 14 -16 -17 19 18 -20 26 -22 -23 24 -25 -26 -27 27 -29 -30 -31
leaf_value=0.073280807479356655 -0.10243089318833171 0.11673223062575092 0.09844367265307688 -0.070691002577623979 0.047372183759598056 0.047627570172427192 -0.10571715359051531 0.14523379800974059 -0.10576872359988843 0.15481677008987815 -0.032275487032167739 -0.10515481340621478 0.06278142294327857 0.016792263141233086 -0.0062022631006709347 0.094684420605830197 0.0052663653574321363 0.01204384304492148 -0.090651856168008971 -0.0010910947881764353 -0.08783097378531142 0.17700038245263428 -0.11099761319662754 0.21059662132092513 0.086862853430216838 0.11244720241008913 -0.084685764614875522 0.01947033381667497 -0.012199109078802159 -0.11421653368372112
leaf_weight=2.004074539989233 1.601634695194661 0.448238213546574 2.1316630318760854 2.2177035138010979 3.6648782659322023 1.2121175397187447 2.6355664273723951 1.1004888825118531 2.3267485881224266 1.8604087121784658 3.6977333445102012 2.6643291404470801 2.2731636352837077 3.3598226979374912 9.9280074723064882 3.6045070588588715 1.7243662662804218 2.3243952319025976 5.2541584987193346 206.27231909055263 3.3293405137956134 2.2574938125908366 4.4098006971180421 2.4331078231334686 2.9632050544023514 2.0479818657040596 4.4113560765981665 2.3132421746850014 1.9682445228099821 1.8919688276946542
leaf_count=19 104 13 14 26 49 14 65 10 58 21 63 65 35 24 73 21 24 23 91 2171 30 19 55 22 33 15 84 51 21 20
internal_value=-0.00100972 -0.0545073 -0.000629317 0.0282859 0.00286296 -0.00145615 -0.0270145 -0.0108872 -0.0254952 -0.00569823 0.0303476 -0.0573816 3.98193e-05 -0.000503508 0.0198986 0.0571067 -0.00190673 -0.0314574 -0.0591544 -0.000706961 0.0167963 0.034482 0.0160325 0.0661545 -0.0274156 0.00410938 -0.00259911 -0.0488564 -0.0805087 -0.0572439
internal_weight=290.332 2.04987 288.282 8.01424 5.88258 280.268 15.4974 12.8618 11.7613 9.43459 5.55814 3.87645 264.771 262.497 16.8923 6.96433 245.605 9.58263 7.57855 236.022 23.0255 19.6962 17.4387 8.09742 9.34125 5.66432 212.997 6.7246 6.37805 3.61634
internal_count=3333 117 3216 89 75 3127 296 231 221 163 84 79 2831 2796 118 45 2678 133 114 2545 239 209 190 81 109 59 2306 135 76 44
is_linear=0
shrinkage=0.1


Tree=31
num_leaves=31
num_cat=0
split_feature=3 3 2 3 2 2 3 0 1 0 0 1 0 0 2 3 0 3 1 1 1 1 2 0 3 3 3 3 0 2
split_gain=0.58948 4.3563 3.68656 1.09108 1.99969 0.680362 2.21722 1.94367 2.52143 3.51173 1.54144 2.36238 1.35338 1.2838 1.05838 1.0332 0.881803 0.829339 0.974268 1.86113 2.58155 2.84324 3.03653 2.47635 1.85367 3.61021 3.66011 3.47793 1.75597 1.72699
threshold=101.82133996116444 101.37537737279656 32.752803369730515 105.09866404328382 54.067708362829713 60.403235725821041 128.20512721504545 0.15116982044026836 -0.56665881240760452 0.049778652718994038 0.22025800695807937 -0.26115284421768986 0.12639528610191555 0.27211557911079842 58.766054687840828 109.70549469826361 0.080848861280177958 105.38805276676926 0.016972607212694828 0.44870061469357525 0.66739218865932848 0.52727591792038397 27.797844012662008 0.30985915491320609 113.50459355462804 123.8270286059179 116.60614573715858 126.47878431953326 0.49427655674204513 25.800061346913761
decision_type=2 2 2 2 2 2 2 2 2 2 2 2 2 2 2 2 2 2 2 2 2 2 2 2 2 2 2 2 2 2
left_child=1 2 -1 4 -2 14 15 8 -8 -10 -9 -12 16 -13 17 -7 -11 -5 -19 24 21 22 23 -21 -20 26 -26 -27 29 -22
right_child=3 -3 -4 5 -6 6 7 10 9 12 11 13 -14 -15 -16 -17 -18 18 19 20 28 -23 -24 -25 25 27 -28 -29 -30 -31
leaf_value=0.055919259227840759 -0.082988090322862973 0.149892041183154 -0.11206718881437186 0.074076406230473443 0.046293309141354336 -0.018606938436404943 0.15636314896006012 -0.10629383562844075 -0.075235056307674894 0.076588968627639226 0.074423504442148125 0.060948238844285629 0.14442818358755175 -0.10545840714136621 0.070102059350570831 -0.10854744739669685 -0.033873092263855334 -0.0079875199467930088 0.086988415661676408 -0.11600674986632614 0.02700478139309332 -0.08035179898292806 0.073088141263888573 0.035865151455743906 0.045856188698036919 0.14993630121942833 -0.11342917137844964 0.018688128745370011 0.05252317794478626 -0.0088432096000171934
leaf_weight=2.8396183289587489 4.0538384877145281 2.069951806217432 2.4195046946406364 1.5025169998407353 1.6974066756665704 2.0910506229847696 1.3806659458205102 2.2618888588622204 2.9524898938834649 1.5945849521085622 2.0628415215760469 0.59771967539563808 1.461538106203079 2.0663694636896253 2.1723174774087957 3.2818712461739779 1.3216698337346313 101.83796163741499 3.8362404033541671 2.5428087860345867 17.487165035679936 8.3727753199636918 3.4830171093344688 1.8582265749573705 2.2549837268888941 2.1288131549954405 4.0042126476764679 39.136274597607553 6.7963639241643241 58.050213568843901
leaf_count=28 81 14 28 14 17 27 12 55 65 27 36 18 16 63 36 60 26 1224 36 27 138 89 32 16 16 16 46 379 42 649
internal_value=-0.000995476 0.0270036 -0.0213643 -0.00172242 -0.0448323 -0.000825845 -0.0180961 0.000879846 0.0323961 0.00904673 -0.0384023 -0.0059155 0.0658884 -0.0681231 0.000598742 -0.0735441 0.0265267 2.65744e-06 -0.000439368 0.00468689 -0.00335412 -0.0397702 0.00332695 -0.0518827 0.0201222 0.0147247 -0.0560439 0.0254591 0.00383626 -0.000544275
internal_weight=289.617 7.32907 5.25912 282.288 5.75125 276.537 21.0727 15.6998 8.71095 7.33028 6.98882 4.72693 4.37779 2.66409 255.464 5.37292 2.91625 253.292 251.789 149.951 98.5906 16.2568 7.88405 4.40104 51.3605 47.5243 6.2592 41.2651 82.3337 75.5374
internal_count=3333 70 56 3263 98 3165 405 318 146 134 172 117 69 81 2760 87 53 2724 2710 1486 993 164 75 43 493 457 62 395 829 787
is_linear=0
shrinkage=0.1


Tree=32
num_leaves=31
num_cat=0
split_feature=1 1 3 3 1 0 0 3 2 0 2 0 3 2 0 2 2 1 1 1 2 2 2 0 0 3 1 0 0 0
split_gain=0.549822 2.25203 1.33424 1.32764 1.41537 2.77827 5.28999 3.92248 2.63655 2.55815 2.21322 2.59509 1.85482 1.41432 1.22808 1.14095 2.73339 1.3811 1.0646 1.9448 1.45819 1.47734 1.38148 1.64434 1.76384 2.6444 1.75093 1.60169 1.46539 1.69744
threshold=-0.4909915281705815 -0.40250741026628462 103.13020003857717 106.89874443052106 -0.52701233024058725 0.081860939415876868 0.18028021348600595 142.66495089930589 25.947004888448877 0.09703066943569208 26.25479721697997 0.22771715407365975 162.36755337317655 27.653348353481409 0.34328358205109843 34.395272768954122 44.242985382396846 -0.4695725465643365 -0.3868583727230398 -0.37932263430573582 25.11932099711689 25.164251149041476 25.260956490555571 0.010489638730236906 0.019607843136103687 188.53217578466692 0.2076095130903616 0.16129032256241724 0.024602774274213066 0.027777777777056485
decision_type=2 2 2 2 2 2 2 2 2 2 2 2 2 2 2 2 2 2 2 2 2 2 2 2 2 2 2 2 2 2
left_child=2 15 -1 -4 5 7 -7 13 -8 -6 -10 -12 -9 -5 -13 -2 -17 -18 -3 -20 -21 -22 27 -24 25 26 -25 -23 -26 -30
right_child=1 18 3 4 9 6 8 12 10 -11 11 14 -14 -15 -16 16 17 -19 19 20 21 22 23 24 28 -27 -28 -29 29 -31
leaf_value=0.095368030565716203 -0.069856236792754337 0.060492174275275958 -0.069908773821509604 0.034491485772238185 -0.029864772074280045 -0.094885041922224661 -0.058930547720375773 0.17742353814649472 0.13852403450030334 0.10281802958503444 0.11055629973165718 -0.055753755090626189 0.05078053244671954 -0.071675401728341165 0.036365075529689525 0.11994184504637109 0.044751719639474323 -0.078725038982283863 -0.11013388101387821 -0.053856379533927294 0.087274038333491524 0.018682167658117976 -0.054889908986892104 0.020430650764055352 -0.073143743793599128 -0.055901847708652121 0.13631898947309593 -0.11186423208081736 0.084374117640582336 0.00064337416750473724
leaf_weight=1.7480444125831116 7.184176988899706 2.8296495256945482 2.1715338081121436 2.6595010645687562 2.302016991190615 6.3846231168136027 3.5232280865311614 2.2356847934424877 1.9086250141262997 3.9404330924153328 2.2378712892532331 3.3470904435962439 2.3957913853228092 2.3756323382258415 2.54958451166749 1.2625416368246076 1.232768798246979 3.4157870770432059 1.6279418971389521 5.0020242743194094 1.9553961604833592 1.5790567640215152 5.1379834786057463 2.287657916545867 2.653971283696591 1.7284198231063781 3.0312245450913906 2.321612898260355 2.4503557365387669 203.24452493712306
leaf_count=15 96 39 22 24 27 87 35 14 15 31 26 34 32 26 24 17 20 75 26 64 20 27 63 29 39 31 24 30 27 2294
internal_value=-0.000973197 -0.0027176 0.00994348 0.00601712 0.0106149 0.0014941 -0.0198249 0.0454946 0.0154999 0.0538888 0.0416108 0.0188718 0.111913 -0.0155992 -0.0159237 -0.0430818 -0.0105408 -0.0459798 -0.000476434 -0.0012168 -0.00045052 0.000729466 -2.45562e-05 0.00101886 0.00235249 0.0515559 0.0864753 -0.0590169 0.000688209 0.00164082
internal_weight=288.725 248.945 39.7797 38.0316 35.8601 29.6176 19.951 9.66661 13.5664 6.24245 10.0432 8.13455 4.63148 5.03513 5.89667 13.0953 5.9111 4.64856 235.85 233.02 231.392 226.39 224.435 220.534 215.396 7.0473 5.31888 3.90067 208.349 205.695
internal_count=3333 2921 412 397 375 317 221 96 134 58 99 84 46 50 58 208 112 95 2713 2674 2648 2584 2564 2507 2444 84 53 57 2360 2321
is_linear=0
shrinkage=0.1


Tree=33
num_leaves=31
num_cat=0
split_feature=2 2 0 0 0 0 3 3 2 1 1 0 1 3 2 2 3 2 2 1 1 1 0 3 3 1 0 1 3 3
split_gain=0.507861 2.54258 1.60774 3.74493 4.28316 2.47222 2.29949 4.52303 1.64869 5.54026 4.67943 5.35493 6.05816 5.04407 3.2812 5.98421 2.29846 2.77856 3.89735 2.339 2.07228 2.1891 2.21531 2.01822 1.86617 1.74202 1.64296 2.68126 2.96892 2.61064
threshold=27.881286557244277 28.086103106616196 0.016538117899450349 0.022514150543423421 0.031843089055153838 0.049778652718994038 166.2856013851833 147.36506323641046 26.773658806346575 1.7100854047331449 0.80891991744776559 0.30089097587469865 0.19680508070183955 171.03779199064869 27.411530479857735 27.082181353862843 107.16178153265477 26.374524950869077 26.334393813745191 1.7100854047331449 1.747809742507638 2.1234905006965739 0.31457536173471928 156.13241959507357 105.09866404328382 3.6444837612088317 0.37259526450433755 0.47266428175881037 131.46632328870712 184.36175608049044
decision_type=2 2 2 2 2 2 2 2 2 2 2 2 2 2 2 2 2 2 2 2 2 2 2 2 2 2 2 2 2 2
left_child=2 -2 -1 -4 -5 6 7 -6 16 10 11 12 13 14 15 -10 24 18 20 -19 26 -22 -23 -14 -7 -11 27 29 -29 -18
right_child=1 -3 3 4 5 8 -8 -9 9 25 -12 -13 23 -15 -16 -17 17 19 -20 -21 21 22 -24 -25 -26 -27 -28 28 -30 -31
leaf_value=-0.047473042431101703 -0.085156231714195507 -0.0029721363742045222 0.1279681600732745 -0.1135202287902317 0.018744327556531465 -0.0028989023024131957 -0.028352710883995977 0.19131290787290839 -0.025287162845259462 -0.09820052918308686 0.13830578909483648 -0.062058889770036423 -0.084744737483784374 0.22661270058629249 -0.034683730465106678 0.17911177975925202 -0.015923236579929421 -0.065808105725809238 0.12195080272443748 0.042035718526980376 0.11636194300517944 -0.041918351012061927 0.075642059846213652 0.033280191735474703 0.10160902287127818 0.014677048010686953 0.024907113987286112 0.010907720742622513 -0.088297231416155197 0.060887519874989283
leaf_weight=6.0090884622186413 3.8701537102460852 137.80976556381211 2.447268169373273 3.0752975428476921 3.7328347228467447 3.2925672456622115 2.2748392969369888 2.5607295036315918 2.3291720002889722 4.3236913094297043 4.2139819897711268 5.5172369517385951 3.1649177782237521 2.3123818393796673 2.5581921301782131 3.7200251817703247 31.105650184676051 12.39988964051008 2.4991579204797736 2.4004512056708327 2.6209188364446145 3.7578142452985048 2.7952513806521893 2.6720571592450142 3.5518348403275013 1.9994821995496748 10.096656892448662 4.4288147166371337 9.4612184129655343 5.158740270882844
leaf_count=71 52 1781 25 38 38 40 26 20 27 47 39 59 33 23 29 34 350 137 22 22 16 38 19 28 33 18 74 38 95 61
internal_value=-0.000948441 -0.00521709 0.00318032 0.00534718 0.00317301 0.0058323 0.0578138 0.0889591 0.00230802 0.021596 0.0416729 0.0233911 0.0515259 0.0954864 0.0602592 0.10041 -0.00445554 -0.00885855 -0.00073891 -0.048317 -0.00515548 0.0391207 0.00822778 -0.0307151 0.0513345 -0.0625069 -0.0118971 -0.0193062 -0.0566659 -0.00499663
internal_weight=288.16 141.68 146.48 140.471 138.024 134.949 8.5684 6.29356 126.38 32.8111 26.488 22.274 16.7567 10.9198 8.60739 6.0492 93.569 86.7246 71.9242 14.8003 69.4251 9.17398 6.55307 5.83697 6.8444 6.32317 60.2511 50.1544 13.89 36.2644
internal_count=3333 1833 1500 1429 1404 1366 84 58 1282 337 272 233 174 113 90 61 945 872 713 159 691 73 57 61 73 65 618 544 133 411
is_linear=0
shrinkage=0.1


Tree=34
num_leaves=31
num_cat=0
split_feature=3 1 2 0 2 2 3 3 1 2 2 0 0 1 1 3 2 2 0 0 2 2 0 1 2 1 1 1 2 3
split_gain=0.48464 1.36193 0.5881 1.33987 1.33647 0.923538 0.628891 3.3159 2.6706 3.05515 2.83653 3.12951 5.17994 2.24514 2.57002 4.30109 1.45943 1.07581 1.0558 4.5554 3.32332 6.12214 4.20469 2.85793 3.30757 2.71182 3.78457 3.6277 3.18395 2.4721
threshold=348.05519347003099 5.89662117946816 78.412966621658555 0.22025800695807937 81.708179203628717 74.615697914765093 112.84606049809462 113.50459355462804 0.90647471441915273 27.115002229315937 25.425048288441989 0.075268817196197949 0.21375428697262697 -0.28533432633408629 0.18556383640440879 108.81201064271814 37.986842205143262 38.416299240948952 0.12476415093545797 0.11087914635976456 26.018980254608199 25.859604399712811 0.09703066943569208 -0.15131085103706293 25.407495862719514 1.9839088479941178 2.7709547501131695 1.1144666579784264 26.598588587276438 134.80662879155133
decision_type=2 2 2 2 2 2 2 2 2 2 2 2 2 2 2 2 2 2 2 2 2 2 2 2 2 2 2 2 2 2
left_child=2 -2 5 4 -4 6 8 -8 9 10 -1 -12 -13 17 15 16 -15 -11 19 20 21 22 23 -9 -25 27 -27 28 29 -22
right_child=1 -3 3 -5 -6 -7 7 18 -10 13 11 12 -14 14 -16 -17 -18 -19 -20 -21 25 -23 -24 24 -26 26 -28 -29 -30 -31
leaf_value=-0.054329537169495359 -0.10162719109684736 0.032088728723059137 0.061268855971836927 0.092057970683484633 -0.038286319634598026 -0.065015557501616306 0.099566975571892688 -0.069754796538506136 -0.090473626049664344 -0.11194288150786258 -0.059900433234964495 0.16918510537364539 0.01393264844825283 0.032864450999308785 -0.07931096091234914 -0.07285253575831474 0.14997015555248749 -0.036077335274265598 0.0047340556032458951 -0.083230954984431282 0.0088086368970874095 0.18576371375500045 0.15644362149251859 0.094126681744833796 -0.018789969692057512 0.095155650248359744 -0.062676063921069183 -0.11008480714701481 -0.0029040026677288997 -0.1140596447167084
leaf_weight=2.9837219435721662 1.6659850301221006 1.4033214747905729 2.2104973830282679 2.2286931313574314 3.4576510787010193 2.2569536929950109 3.3673795387148848 4.611518401652579 3.977672152221202 3.6078703701496151 1.9125925805419672 3.7967261876910907 4.9520796816796064 2.0171884149312955 2.825266033411026 2.3918105512857437 2.2526346854865551 3.8785700593143702 149.35988408513367 7.5725578833371392 2.4307773895561686 2.3285058587789527 1.8327688258141268 4.1771015971899033 6.8453482240438461 4.7545144241303197 2.2326656226068735 4.2569337263703337 41.092362556606531 5.017852645367384
leaf_count=36 130 26 23 26 37 46 25 56 43 48 26 37 44 29 35 31 27 54 1574 113 25 25 22 43 62 35 42 59 500 54
internal_value=-0.000966812 -0.0404908 -0.000540606 0.0263679 0.000538785 -0.00130846 -0.000784616 0.00103321 -0.0133889 -0.00337477 0.0318558 0.0559758 0.0813077 -0.0316971 0.000611131 0.0345069 0.094646 -0.0726385 -0.000369678 -0.00911629 -0.00206383 0.0334502 0.0131451 -0.00365376 0.0240013 -0.0138227 0.0447225 -0.0215705 -0.013808 -0.073963
internal_weight=287.699 3.06931 284.63 7.89684 5.66815 276.733 274.476 239.88 34.5961 30.6185 13.6451 10.6614 8.74881 16.9733 9.4869 6.66163 4.26982 7.48644 236.513 87.1529 79.5803 19.7952 17.4667 15.634 11.0224 59.7851 6.98718 52.7979 48.541 7.44863
internal_count=3333 156 3177 86 60 3091 3045 2635 410 367 143 107 81 224 122 87 56 102 2610 1036 923 208 183 161 105 715 77 638 579 79
is_linear=0
shrinkage=0.1


Tree=35
num_leaves=31
num_cat=0
split_feature=1 1 0 0 0 1 0 0 3 3 3 1 2 3 0 3 1 2 1 2 2 2 0 0 2 0 1 0 0 1
split_gain=0.472434 1.84088 1.156 1.39991 1.19667 1.66592 5.89271 2.72836 2.68438 3.01285 2.0301 1.7278 1.69266 1.07135 1.03467 1.47841 0.834658 1.09279 0.831747 1.32993 1.08018 1.13947 1.66808 1.27042 1.37491 0.923734 0.813167 0.930489 4.10256 2.59942
threshold=-0.4909915281705815 -0.40250741026628462 0.42267700157788468 0.3480012894733408 0.31249999997830658 -0.52701233024058725 0.088607594932045008 0.092436974784749867 129.60742257646348 121.47937657878708 142.66495089930589 -0.64029819483190653 27.653348353481409 162.36755337317655 0.024096385540722371 109.70549469826361 -0.44658135955702544 35.91294972410148 -0.3868583727230398 25.11932099711689 25.164251149041476 25.260956490555571 0.15461796577952688 0.0057473162673052289 25.292373053327331 0.28867897523418112 -0.37494226237442319 0.11915227922635303 0.10812371133773251 -0.31810342773869577
decision_type=2 2 2 2 2 2 2 2 2 2 2 2 2 2 2 2 2 2 2 2 2 2 2 2 2 2 2 2 2 2
left_child=2 14 3 4 5 7 -7 10 9 11 12 -9 -1 -12 -2 -16 -17 -18 -3 25 -21 22 -22 -23 -25 -20 -26 28 29 -28
right_child=1 18 -4 -5 -6 6 -8 8 -10 -11 13 -13 -14 -15 15 16 17 -19 19 20 21 23 -24 24 26 -27 27 -29 -30 -31
leaf_value=0.037144977341694488 0.044481041074166248 0.052122923660705089 0.068565093489245277 -0.071483557109788473 0.085543699712852042 -0.079380228346434142 0.12483694492736921 -0.08121752869687214 -0.073656370388392067 0.10708580732429512 0.11924949128153849 0.041771122133962321 -0.072193826939154743 0.030463197913056406 0.0097337493661032518 -0.10842187671183751 -0.0056933792942975084 -0.105795004349896 -0.08170476837076214 0.071222915709821977 0.026409649532163505 -0.071089161796754716 -0.11054297225073378 0.070020240656575028 -0.0617762555871115 0.01194794306089958 -0.108160508803061 0.0053434842649150577 -0.091151063363289445 0.0018710001186808139
leaf_weight=3.2693083658814412 1.2997913695871819 2.953869152814149 3.0258457474410525 2.2880816459655753 1.9421211872249831 2.2028925204649594 3.9403457790613174 2.9464851245284081 8.0084145180881006 2.2294195927679539 2.7249359488487244 1.8654197901487339 2.497446570545435 2.7113288613036275 3.0421780776232472 3.5468858978711042 2.8554529231041679 1.7644750648178158 3.3991427719593039 2.1000985577702513 1.481326607987284 2.4792610602453342 2.2255086805671453 2.840351525694131 2.1106563261710098 1.5260061249136923 2.220267421565949 140.92731879558414 5.5576036339625707 65.108492796774954
leaf_count=30 19 39 23 24 16 26 29 32 107 22 18 19 30 36 37 66 40 46 51 20 25 34 32 19 37 14 41 1544 88 769
internal_value=-0.000972821 -0.00259672 0.00916074 0.00425309 0.00929972 0.00472894 0.0516071 -0.00624071 -0.0340549 0.0109857 0.0311239 -0.0335388 -0.0102071 0.0749675 -0.0399769 -0.0497706 -0.0719362 -0.0439249 -0.000606427 -0.00127786 -0.000162689 -0.000829132 -0.0558139 9.21121e-05 0.00089881 -0.0526875 -1.04401e-05 0.00059928 -0.00857374 -0.00175745
internal_weight=287.091 247.439 39.652 36.6262 34.3381 32.396 6.14324 26.2528 15.0497 7.04132 11.203 4.8119 5.76675 5.43626 12.5088 11.209 8.16681 4.61993 234.93 231.976 227.051 224.951 3.70684 221.244 218.765 4.92515 215.924 213.814 72.8864 67.3288
internal_count=3333 2921 412 389 365 349 55 294 180 73 114 51 60 54 208 189 152 86 2713 2674 2609 2589 57 2532 2498 65 2479 2442 898 810
is_linear=0
shrinkage=0.1


Tree=36
num_leaves=31
num_cat=0
split_feature=0 2 0 2 2 1 3 3 3 2 0 0 2 1 3 0 2 0 2 3 0 0 2 3 1 3 1 1 1 2
split_gain=0.563698 0.583351 1.69417 1.04421 0.860126 1.50558 1.45333 1.95782 6.56447 1.62632 1.4855 7.10128 1.47276 1.65865 2.13165 2.41123 2.71592 2.54018 2.42511 1.32765 1.15699 1.38217 1.01863 1.93686 1.00932 0.936474 0.880363 1.04719 1.78183 3.20816
threshold=0.68929838925665277 78.412966621658555 0.22025800695807937 81.708179203628717 42.395527248135615 -0.66302616647761392 193.35110854888634 108.48627978506089 109.70549469826361 45.949242622862947 0.11612481750452565 0.14652426970795537 46.500187582049612 -0.4695725465643365 176.45931859762504 0.020857501932886022 58.766054687840828 0.3480012894733408 61.524468674358793 152.78748945776638 1.0000000180025095e-35 0.0057473162673052289 57.020480686356542 223.91995994287848 0.042036778586400668 102.257347291605 5.89662117946816 2.9434779568532794 1.747809742507638 31.079464191410487
decision_type=2 2 2 2 2 2 2 2 2 2 2 2 2 2 2 2 2 2 2 2 2 2 2 2 2 2 2 2 2 2
left_child=1 4 3 -3 20 -6 7 25 -9 24 -8 -12 -11 -14 15 -15 17 -17 -18 -20 -1 -22 -13 -24 -10 -7 27 28 -23 -30
right_child=-2 2 -4 -5 5 6 10 8 9 12 11 22 13 14 -16 16 18 -19 19 -21 21 26 23 -25 -26 -27 -28 -29 29 -31
leaf_value=0.11540901043910744 -0.058797209627681229 0.049567969054562511 0.10384630260620703 -0.037123505246783053 -0.10880078631202728 -0.013174840617738463 -0.10604512653209859 0.24968728658081965 -0.11059549635636282 0.12025157977044083 0.25750644345606233 -0.10831455985712374 0.078588904794037587 0.10835997653725463 0.089835156259525067 -0.1091359267650307 0.11385121118727447 0.055105052177545501 -0.057338992496029265 0.046402843162484414 -0.072728977848051685 -0.00075655646751959544 -0.10549539915066841 0.091595655086556954 -0.0059947290788398512 -0.10807206423844738 0.048157041343475031 -0.027392133270791316 0.0078162259704057761 0.10137454407539843
leaf_weight=0.87928918190300365 1.6742246686480928 2.3530861665494731 2.0724409651011229 3.3927252134308219 1.6408281205222 1.9376721568405653 2.8830216904170793 1.0911564640700842 1.9854703284800082 1.1428628899157072 0.8008384471759199 2.4961009942926466 2.5555949453264573 1.3219263590872241 1.9762984961271275 5.3313375897705537 1.690827516838908 1.1436879336833952 3.7165014185011387 1.8465173300355671 2.5506351292133322 197.42528294445947 1.0572563819587233 0.94364674855023611 1.7230251878499983 2.2443964406847954 3.9395889807492486 12.732080644462256 15.002742275595667 4.8499882146716109
leaf_count=11 26 29 27 41 28 22 86 11 26 9 15 53 38 14 34 95 23 16 89 35 34 2094 28 36 16 40 41 145 130 41
internal_value=-0.000941895 -0.0006017 0.0263362 -0.00162068 -0.00136227 -0.0150199 -0.0109586 -0.000680789 0.00971043 -0.00100627 -0.0482804 -0.0168455 0.0099069 0.00346709 -0.00780794 -0.0206293 -0.0330494 -0.0801259 0.00897261 -0.0229043 0.00091204 0.000486349 -0.0657028 -0.0125452 -0.0619963 -0.0641035 0.00128458 0.000481753 0.00211511 0.0306724
internal_weight=286.401 284.727 7.81825 5.74581 276.909 39.529 37.8881 29.7073 25.5252 24.434 8.18086 5.29784 20.7256 19.5827 17.0271 15.0508 13.7289 6.47503 7.25385 5.56302 237.38 236.5 4.497 2.0009 3.7085 4.18207 233.95 230.01 217.278 19.8527
internal_count=3333 3307 97 70 3210 714 686 468 406 395 218 132 353 344 306 272 258 111 147 124 2496 2485 117 64 42 62 2451 2410 2265 171
is_linear=0
shrinkage=0.1


Tree=37
num_leaves=31
num_cat=0
split_feature=3 3 3 3 0 1 2 2 3 1 3 2 3 3 2 2 0 1 2 0 2 0 3 0 0 0 1 3 3 3
split_gain=0.462433 1.58498 1.50794 1.43289 5.3792 3.89761 6.10339 5.22797 3.36619 1.88296 1.26531 5.99354 4.73153 1.19877 1.81331 3.09397 3.73412 3.06734 3.16536 2.2681 2.93272 2.24194 2.29859 3.45608 3.20789 3.37946 3.1363 3.99289 1.74828 1.94309
threshold=163.11675650355446 161.90475921333623 160.83390205944258 156.13241959507357 0.22960080701976629 -1.0000000180025095e-35 27.797844012662008 32.989339884567194 154.92787885190674 -1.018241474193758 151.70476240171033 25.842430527409711 153.1380419853526 170.42639257694606 26.25479721697997 26.900678059143775 0.35110443396154639 1.7812749596480175 25.164251149041476 0.18620689653887615 26.598588587276438 0.49427655674204513 188.53217578466692 0.051579647487827417 0.30441502585631869 0.27706523455459497 -0.11823041208886594 180.37625341169436 222.79708247803228 241.68829883662249
decision_type=2 2 2 2 2 2 2 2 2 2 2 2 2 2 2 2 2 2 2 2 2 2 2 2 2 2 2 2 2 2
left_child=1 2 3 8 5 7 -7 -5 9 -1 -11 -12 -13 -2 17 16 19 18 -15 20 -16 22 23 -17 25 28 27 -25 -24 -30
right_child=13 -3 -4 4 -6 6 -8 -9 -10 10 11 12 -14 14 15 21 -18 -19 -20 -21 -22 -23 24 26 -26 -27 -28 -29 29 -31
leaf_value=-0.080799235682066803 -0.033170542083539721 0.082528772611995038 -0.077574999424938285 -0.11087441830717162 -0.080899177833739427 0.23206814173071835 0.012689557637865216 0.13254850590172823 -0.11680541619183844 0.00084691648276195982 0.20216860102853162 0.086092273868989211 -0.08928839186150439 0.066362456193433575 -0.019094525016588666 0.1212593382539293 0.16828304866842428 0.037140736149125962 -0.063845894842500014 -0.035819783799036324 0.13884448173095584 0.067962447134618839 -0.046310679245567775 0.14921314413962186 -0.086014642036316785 0.098181346140583131 -0.0314703375404594 -0.051140729772745266 0.045273977341769474 -0.028045517820771734
leaf_weight=2.7345884386450043 14.250390710309146 2.4196111373603335 2.4066031724214545 2.0162365660071369 2.9398146308958522 2.7708615586161605 2.3384718652814627 1.5687675364315508 2.4421802498400202 151.50618041306734 1.801881831139325 2.9563292805105448 3.2070254031568766 2.1335804387927118 2.093177864328025 2.9194710198789862 2.3085893020033827 5.7004511952400199 14.942711923271416 3.5621625334024429 2.6822401620447636 4.1311418218538156 12.717148236930376 2.6039668098092106 6.5244387239217749 2.6951164761558166 9.214494667947287 1.6095329876989124 6.4776540938764802 8.1777405953034741
leaf_count=27 156 26 26 26 37 24 27 16 26 1656 14 34 42 23 23 34 15 45 169 37 25 43 220 30 109 30 103 22 61 207
internal_value=-0.000922993 0.00213579 0.0010472 0.00212054 0.0360373 0.075577 0.131662 -0.0043546 -0.000276034 0.00147844 0.00288932 0.0417377 -0.00516489 -0.00621181 -0.00196651 0.00624314 0.0557333 -0.0263744 -0.0475771 0.0245695 0.0696161 -0.00298894 -0.00852564 0.0226496 -0.0224531 -0.00866078 0.00121017 0.0726791 -0.0191805 0.00436155
internal_weight=285.853 181.109 178.689 176.282 11.6342 8.69434 5.10933 3.585 164.648 162.206 159.471 7.96524 6.16335 104.744 90.4936 67.7169 10.6462 22.7767 17.0763 8.33758 4.77542 57.0707 52.9396 16.3475 36.5921 30.0677 13.428 4.2135 27.3725 14.6554
internal_count=3333 1981 1955 1929 130 93 51 42 1799 1773 1746 90 76 1352 1196 959 100 237 192 85 48 859 816 189 627 518 155 52 488 268
is_linear=0
shrinkage=0.1


Tree=38
num_leaves=31
num_cat=0
split_feature=1 1 2 2 3 1 3 3 3 3 3 3 1 2 0 0 0 0 0 0 1 2 3 3 1 3 1 1 1 0
split_gain=0.447458 1.50647 1.07598 4.22847 1.20458 0.971744 0.959697 1.88444 1.60221 3.06001 2.29747 2.62805 1.98224 1.69158 1.53299 2.6721 1.28395 2.67662 1.34507 0.873568 0.656603 1.15906 0.929907 2.99155 0.791875 1.98103 1.1196 7.6541 3.98179 3.96452
threshold=-0.4909915281705815 -0.40250741026628462 34.395272768954122 41.587910614520894 110.69487408668427 -0.41666374347892748 198.56938096256559 241.68829883662249 149.80150902038233 157.74471164959999 129.60742257646348 123.40680812652273 -0.80355167576219444 27.067687783505956 0.081860939415876868 0.22162162161262935 0.18028021348600595 0.087378640772457467 0.27706523455459497 0.028690984547769281 -0.3868583727230398 25.11932099711689 132.14855255947001 163.11675650355446 -0.35129745159053022 152.78748945776638 -0.28208271653592004 -0.29128728726922143 -0.30930367393534214 0.35464030350982417
decision_type=2 2 2 2 2 2 2 2 2 2 2 2 2 2 2 2 2 2 2 2 2 2 2 2 2 2 2 2 2 2
left_child=6 2 5 -4 -5 -2 8 -8 10 -10 11 16 -12 -14 -11 -16 17 -1 -18 -6 -3 22 -22 -24 25 -23 27 28 29 -26
right_child=1 20 3 4 19 -7 7 -9 9 14 12 -13 13 -15 15 -17 18 -19 -20 -21 21 24 23 -25 26 -27 -28 -29 -30 -31
leaf_value=-0.032217750751330959 -0.088558921557574 0.045399485750681569 0.18452757228106934 0.039716994298828912 0.01411817333506462 -0.001892415763105954 -0.109174096987323 0.050999056852724982 0.13042652744339331 0.073430949302758688 -0.11478562390865531 0.096275369268852398 -0.05955881190736434 0.043838013525096975 -0.10887809341660791 0.047803243841872664 -0.079758695152978898 0.091189595301298859 0.010468335479857663 -0.1055126854691259 -0.11073995307014294 -0.081917406508938473 0.085974395709449522 -0.11104228708515661 -0.0068486199981634376 0.04484846585432934 -0.0010883852771753466 0.22026173067507282 -0.11129098875827295 0.16657861592538323
leaf_weight=3.4138510935008579 4.6986832921393216 3.0431427881121627 0.97339169867336739 1.2219307590276001 0.8064682190306488 1.7853227285668234 1.8289926424622529 1.2274652719497678 3.0846783369779569 2.4712626561522484 2.5698529500514269 3.7189916521310797 3.3477208167314512 3.0003435425460339 2.0355226024985313 2.3394901212304831 2.9892561584711075 3.6224905401468277 3.6939700450748205 2.5105916024185717 1.6555151604115952 3.558639381080865 1.4621936045587065 1.629722775891423 5.6631191838532677 1.8862039214000104 208.85310465469956 1.802125634625553 2.5565352495759717 1.717999445274472
leaf_count=36 73 39 11 16 13 23 27 32 27 17 28 35 31 30 31 21 33 31 33 72 24 58 18 23 86 32 2353 25 38 17
internal_value=-0.000936192 -0.00252091 -0.0370823 -0.00460135 -0.0451603 -0.0646959 0.00896527 -0.044849 0.013498 0.0477298 0.000599676 0.0217131 -0.0406866 -0.0106894 0.0104697 -0.0250945 0.00150131 0.0313155 -0.0298882 -0.0764271 -0.000747762 -0.00135626 -0.0502564 -0.0178714 -0.000329221 -0.0380031 0.000600676 0.0306494 -0.00373548 0.0335176
internal_weight=285.169 245.825 11.9964 5.51238 4.53899 6.48401 39.3439 3.05646 36.2874 9.93095 26.3565 17.4386 8.91792 6.34806 6.84628 4.37501 13.7196 7.03634 6.68323 3.31706 233.828 230.785 4.74743 3.09192 226.038 5.44484 220.593 11.7398 9.93765 7.38112
internal_count=3333 2921 208 112 101 96 412 59 353 96 257 168 89 61 69 52 133 67 66 85 2713 2674 65 41 2609 90 2519 166 141 103
is_linear=0
shrinkage=0.1


Tree=39
num_leaves=31
num_cat=0
split_feature=2 1 1 2 2 2 3 1 0 3 3 3 3 2 1 3 1 1 3 0 0 0 3 2 3 2 3 1 3 1
split_gain=0.49696 0.572405 2.8199 1.77665 3.62343 2.9051 3.35512 4.96527 2.05673 2.01373 1.91134 2.09142 1.74466 3.95983 2.6083 2.37001 2.28283 3.82512 2.85195 2.25223 3.81814 5.05787 2.20241 2.31902 2.15564 2.25291 2.56585 2.0194 2.01309 1.99925
threshold=25.039018712157532 -0.12378283309731937 -0.16394054346414691 25.607266419431074 26.141951629635042 25.947004888448877 133.48347753929929 -0.35129745159053022 0.0044804964656742245 201.02396807410443 155.30536052980531 138.63265566546886 135.43453142848878 26.978287232737149 -0.51088788781343453 139.90182101324396 -0.31810342773869577 -0.3037549991985134 111.28156457047199 0.25637414227139416 0.090350794692984973 0.060606060603761801 118.35608640722121 29.398469258597473 115.51795859284938 33.305986075151225 108.81201064271814 -0.56665881240760452 182.99279996661656 -0.76792881565592552
decision_type=2 2 2 2 2 2 2 2 2 2 2 2 2 2 2 2 2 2 2 2 2 2 2 2 2 2 2 2 2 2
left_child=-1 2 3 10 5 6 7 -5 -6 12 11 -2 14 -14 22 -15 24 -18 -19 20 21 27 23 -10 25 -16 -27 -17 -22 -24
right_child=1 -3 -4 4 8 -7 -8 -9 9 -11 -12 -13 13 15 16 19 17 18 -20 -21 28 -23 29 -25 -26 26 -28 -29 -30 -31
leaf_value=0.039248848264706274 -0.053704167822689435 0.0020114168811925597 -0.075363313129764992 -0.021572456772909979 0.11756493657622646 0.11245485878968552 -0.059337864268295626 0.17809706042130657 0.051855171348553677 -0.0633557191428398 -0.10918434861523606 0.051848183289651406 -0.069975215798120882 0.13612861932628273 -0.11173310425760306 0.072614009720249617 0.1389718584900535 0.036190610659407929 -0.075104178999873317 0.069206663949178834 -0.076898846289095699 0.1873364560488113 0.13322545455292439 -0.081649784173388473 -0.11289470823048103 -0.049934927549453015 0.10093957479087648 -0.050527537496184362 0.068720615971417057 0.015735550865632327
leaf_weight=3.0465290695428839 5.215310497209428 180.72304719174281 5.7551731262356034 2.794636044651269 1.2944902116432775 4.7305175671353927 3.5655734436586499 2.2466464657336465 2.2131097279488952 6.344393230509012 2.9905226007103911 2.9327971823513508 4.6326412297785309 1.9727365653961921 2.2702902909368206 2.2609907835721965 1.5850656852126128 3.9393773376941805 5.5410801284015179 6.7617440354078999 5.9085592236369848 1.9551606923341749 2.3611521497368813 3.1572689116001129 5.6583641683682799 2.8618406262248755 1.859659621492028 3.2401677183806918 1.1310777105391023 3.7462868560105562
leaf_count=28 72 1969 90 26 14 46 39 19 18 145 47 30 56 27 31 13 19 48 80 78 95 23 20 38 90 42 25 45 21 39
internal_value=-0.000922993 -0.00135752 -0.00739007 -0.00327962 0.00169477 0.0495023 0.0149021 0.0674102 -0.00732457 -0.00965405 -0.0408077 -0.0157121 -0.0042509 0.0144433 -0.0190513 0.0312782 -0.0379904 -0.00481769 -0.0288583 0.0215479 -0.000682828 0.0491844 0.020081 -0.026633 -0.0670078 -0.0298721 0.00949009 8.39661e-05 -0.0535018 0.0611575
internal_weight=284.696 281.65 100.927 95.1715 84.0328 13.3374 8.60686 5.04128 70.6955 69.401 11.1386 8.14811 63.0566 27.8631 35.1935 23.2304 23.7157 11.0655 9.48046 21.2577 14.496 7.45632 11.4778 5.37038 12.6502 6.99179 4.7215 5.50116 7.03964 6.10744
internal_count=3333 3305 1336 1246 1097 130 84 45 967 953 149 102 808 358 450 302 335 147 128 275 197 81 115 56 188 98 67 58 116 59
is_linear=0
shrinkage=0.1


Tree=40
num_leaves=31
num_cat=0
split_feature=3 0 1 1 0 0 2 3 1 0 2 1 1 1 1 3 0 2 2 1 0 1 3 2 2 1 2 2 2 1
split_gain=0.420604 2.15284 0.423825 0.615581 1.84161 3.35002 1.69366 1.61933 1.04575 2.75704 2.61921 2.14461 2.12009 2.4305 1.72122 2.51411 0.994851 0.992272 1.6618 0.949419 1.68988 1.48022 1.01762 2.17022 5.88768 3.32867 3.15859 3.44855 2.3033 2.07829
threshold=379.32296510226053 0.045375356348446985 6.8576744473040554 2.7709547501131695 0.30985915491320609 0.42805383019603888 29.216935488178425 235.80563735938418 2.2649386210786568 0.091405295919822369 31.601532176884934 2.1234905006965739 1.9839088479941178 1.8777871875819414 1.7100854047331449 151.70476240171033 0.13575837741843147 25.039018712157532 25.085545652214424 1.4161840336791998 0.12476415093545797 1.308932603651894 174.12349724784812 26.280623453276295 26.374524950869077 -0.61258155075413978 26.795545859873098 27.217718641924879 25.327362465263317 -0.2196219484294874
decision_type=2 2 2 2 2 2 2 2 2 2 2 2 2 2 2 2 2 2 2 2 2 2 2 2 2 2 2 2 2 2
left_child=2 -2 3 8 6 -6 7 -5 11 -10 -11 12 13 14 17 -16 -8 -1 -19 21 -21 22 -20 28 -25 -26 -27 -28 -24 -29
right_child=1 -3 -4 4 5 -7 16 -9 9 10 -12 -13 -14 -15 15 -17 -18 18 19 20 -22 -23 23 24 25 26 27 29 -30 -31
leaf_value=0.059065651867083062 0.1668049204866619 -0.1037324339673539 0.049086937100364832 -0.11229951348920882 0.085340396689131875 -0.051310371087146582 -0.058076850236054939 0.0091417603550310051 0.10982119568358165 -0.064266364250276459 0.062831158317310939 -0.087867780475936616 0.071359662365504742 -0.11390331300529957 0.14302284944856378 0.00028360597738607754 0.032015690883745472 -0.10851724301554709 0.0023646607228454321 -0.10917554460946953 -0.0042376183564486001 0.070882927899051248 0.032403343959090357 0.18816046709945347 0.1112931342700702 -0.11157656970462543 0.08912818010754163 -0.066537337159502705 -0.07286322908434413 -0.0038734053903374381
leaf_weight=2.6752068996429434 0.36898227874189515 1.4502152968198059 1.7048589661717404 4.3374480381608027 3.7862165514379731 3.4095190316438675 1.9995825449004767 1.4701687321066854 3.1266175471246225 3.4442975409328938 3.0636536749079823 2.8055789098143569 4.1010659933090201 1.8966060131788243 2.0452072378247967 3.1108132340013981 3.1669283350929618 1.4605697914957989 173.10609464906156 2.2494595795869818 4.8288065455853939 2.8764702156186095 2.6473141312599173 1.5610297359526146 2.1337754726409903 3.2308842111378899 3.2915975116193286 6.9571802914142564 9.6754883509129268 22.121070439927287
leaf_count=23 28 89 16 62 29 29 41 14 22 33 37 32 34 24 16 35 36 26 1914 35 51 24 32 11 24 41 30 136 118 291
internal_value=-0.000930779 -0.0488602 -0.000621894 -0.000923936 -0.0187243 0.0205919 -0.0445039 -0.0815573 0.000308607 0.0326438 -0.00443451 -0.000923861 5.19736e-05 -0.00113744 -0.000260806 0.0569031 -0.00285261 -0.00149498 -0.00218106 -0.00151926 -0.0375867 -0.000397582 -0.00130997 -0.0136331 -0.00215074 -0.0100237 -0.017295 -0.00788456 -0.0502488 -0.0188662
internal_weight=284.103 1.8192 282.284 280.579 18.1699 7.19574 10.9741 5.80762 262.409 9.63457 6.50795 252.774 249.969 245.868 243.971 5.15602 5.16651 238.815 236.14 234.679 7.07827 227.601 224.724 51.6183 39.2955 37.7345 35.6007 32.3698 12.3228 29.0783
internal_count=3333 117 3216 3200 211 58 153 76 2989 92 70 2897 2865 2831 2807 51 77 2756 2733 2707 86 2621 2597 683 533 522 498 457 150 427
is_linear=0
shrinkage=0.1


Tree=41
num_leaves=31
num_cat=0
split_feature=3 3 2 3 2 0 2 3 0 1 0 0 2 1 2 0 2 0 3 2 0 0 2 1 2 3 3 3 1 0
split_gain=0.407266 2.9668 3.07733 0.868549 1.69082 0.675718 0.653283 1.82647 1.54581 1.45462 3.64967 1.19635 2.68832 2.52612 2.89439 1.46419 1.14052 1.00167 2.09972 0.721871 3.37893 1.92753 1.4672 1.62231 0.779397 1.86077 4.01645 5.12017 3.51514 2.74917
threshold=101.82133996116444 101.37537737279656 32.752803369730515 105.09866404328382 54.067708362829713 0.088607594932045008 60.403235725821041 128.20512721504545 0.15116982044026836 -0.26115284421768986 0.29854809435655882 0.12639528610191555 68.607783511079717 -0.56665881240760452 78.986995640012822 0.049778652718994038 83.395472401757971 0.16406970534893947 111.72378290007761 55.689282672125081 0.13480703467965058 0.22960080701976629 51.202493045150483 0.2076095130903616 34.869866503127732 184.36175608049044 159.18257178190393 143.31286667458099 1.308932603651894 0.13840072969701972
decision_type=2 2 2 2 2 2 2 2 2 2 2 2 2 2 2 2 2 2 2 2 2 2 2 2 2 2 2 2 2 2
left_child=1 2 -1 4 5 -2 19 17 11 10 -10 12 -9 -14 15 -15 -11 -8 -19 22 -21 -22 24 -24 -5 26 27 -26 -27 -30
right_child=3 -3 -4 6 -6 -7 7 8 9 16 -12 -13 13 14 -16 -17 -18 18 -20 20 21 -23 23 -25 25 28 -28 -29 29 -31
leaf_value=0.046950241197720871 -0.013045713570716148 0.11947950285242832 -0.11058322730622135 -0.0015997933175593709 0.041433075098733119 -0.10768896032224409 -0.11102119183643529 -0.10654145777381248 -0.10572850051968236 -0.10569198263555075 0.11763612684542471 0.10209218599143664 0.17194934546486784 -0.023115513397585528 -0.10860947664660613 0.12548974121938736 0.036715770708540305 0.090147710724629793 -0.10679906332294996 -0.060451574849052218 0.17693549475815995 0.020669797734233011 -0.10572382682685587 0.027134168099448505 0.030578556306662674 -0.075467959363844109 0.096912791887230176 -0.088880720165321975 0.11839204887546262 -0.051736939134298332
leaf_weight=2.937629207968711 1.0681525580584996 2.1989056952297688 2.145795326679945 202.72510672314093 1.6793287768959997 2.5680053941905499 2.7517924737185266 1.5713811214081923 1.3513033953495326 3.0023717870935793 1.594910893589258 1.7009891420602796 1.1723787738010276 1.1057145707309257 1.4467766676098106 1.6560357301495967 0.69200836541131128 0.96360247768461738 1.2352938950061796 2.1208899607881895 1.660816418938339 1.5043503516353665 2.6554136825725427 1.4055930627509949 18.012081205844886 5.5744410525076074 6.3373613581061354 4.4804135076701632 2.3000123202800755 1.6180163556709883
leaf_count=28 27 14 28 2120 17 54 45 46 37 97 22 17 8 24 27 24 16 13 29 48 21 30 67 29 174 92 58 63 32 26
internal_value=-0.000910461 0.022432 -0.0195472 -0.00152646 -0.041558 -0.0798867 -0.000740221 -0.018019 -0.000929669 -0.0372212 0.0151883 0.0269208 0.00852888 0.0421328 0.00596947 0.0659931 -0.079017 -0.0708122 -0.0204929 0.000656781 0.0372188 0.102665 -0.000131723 -0.0597391 0.000872502 0.0139509 0.0265951 0.00678275 -0.0244509 0.0481344
internal_weight=283.237 7.28233 5.08342 275.955 5.31549 3.63616 270.639 20.2446 15.2939 6.64059 2.94621 8.65328 6.95229 5.38091 4.20853 2.76175 3.69438 4.95069 2.1989 250.394 5.28606 3.16517 245.108 4.06101 241.047 38.3223 28.8299 22.4925 9.49247 3.91803
internal_count=3333 70 56 3263 98 81 3165 405 318 172 59 146 129 83 75 48 113 87 42 2760 99 51 2661 96 2565 445 295 237 150 58
is_linear=0
shrinkage=0.1


Tree=42
num_leaves=31
num_cat=0
split_feature=2 2 2 1 2 0 0 2 0 2 3 2 0 2 2 1 1 3 3 1 1 1 2 0 0 0 3 0 2 3
split_gain=0.382488 2.1647 1.33408 3.81392 2.88239 6.84389 3.83532 4.68895 1.9393 1.35752 1.71607 1.29273 1.20469 1.15396 2.64834 2.52924 5.37092 4.26247 2.99697 1.16428 1.11756 1.64342 2.13954 1.51834 4.59412 1.70665 2.40577 2.79341 2.76585 1.33108
threshold=27.881286557244277 28.086103106616196 27.082181353862843 1.7100854047331449 27.217718641924879 0.28276503932375208 0.20947043989255057 27.596553088327557 0.45674096560366656 26.900678059143775 151.70476240171033 27.138456250507016 0.071161048687809272 26.572415629628477 26.445113083677981 -0.4909915281705815 1.0000000180025095e-35 156.45724639793903 185.44639116305586 0.31354628891914577 -0.76792881565592552 -0.51810977541121683 50.677314886304522 0.027777777777056485 0.044217827575367956 0.024602774274213066 189.61940964694904 0.016538117899450349 35.91294972410148 287.85562106839353
decision_type=2 2 2 2 2 2 2 2 2 2 2 2 2 2 2 2 2 2 2 2 2 2 2 2 2 2 2 2 2 2
left_child=2 -2 9 4 11 6 7 12 -5 13 -11 -4 -6 14 -1 -15 -17 -18 -19 -16 -3 22 -22 25 -25 26 27 28 -23 -26
right_child=1 20 3 8 5 -7 -8 -9 -10 10 -12 -13 -14 15 19 16 17 18 -20 -21 21 23 -24 24 29 -27 -28 -29 -30 -31
leaf_value=0.00095791528812517481 -0.08195758463772794 0.042170071203048165 0.057978208919552104 -0.11083300292676651 0.031688122423912515 -0.11172784972685829 0.1552298367418638 0.11846509449507886 0.025541306169913243 -0.090712990260024079 0.0084558623692057543 0.16373556892069563 -0.063028000723520924 0.10926649615090374 -0.11094817343969748 -0.11109067799924544 -0.050401981784448373 0.16266913382313278 0.018782389588837198 -0.013402028489385995 -0.092196232437957285 0.16700999651467741 0.010916987601315233 -0.092746848838727955 0.00181019273053589 0.11477574472919416 -0.071295909331782689 -0.038939309539048034 0.013279276416741582 -0.058141097907824672
leaf_weight=93.229440415278077 3.530579120386391 5.3459502174518994 2.2646285379305544 2.7777351075783363 2.0689870081841928 3.0651120133697978 2.9265402127057305 3.3433737978339195 1.6694557443261144 3.7307130470871916 3.2783192619681358 2.3606209605932236 3.8262026757001877 2.9870250336825857 3.127950180321931 2.931688375771043 3.0654977336525899 3.0928186029195786 2.7212335262447596 2.0097852572798729 4.6727777430787665 2.3334885668009502 3.534322886262089 5.6863572536967686 99.465670780278742 2.0779315028339616 2.4279851261526346 2.6267054416239262 2.3478677701205015 3.8466878621838978
leaf_count=954 52 53 22 44 24 40 29 33 9 40 38 19 40 25 41 38 32 24 24 24 61 22 53 96 1225 24 53 33 27 134
internal_value=-0.000896689 -0.0046639 0.00269893 0.0240672 0.0428155 0.0218188 0.0554672 0.0238649 -0.0596387 -0.00162234 -0.044329 0.111954 -0.0297862 0.00102274 -0.00289395 0.0270578 0.0062675 0.0450147 0.0953238 -0.07279 -0.00263294 -0.00448936 -0.0477913 -0.00154775 -0.00523851 0.0325041 0.0149451 0.0435973 0.0899085 -0.000422008
internal_weight=282.373 137.896 144.477 24.3027 19.8555 15.2302 12.1651 9.23856 4.44719 120.174 7.00903 4.62525 5.89519 113.165 98.3672 14.7983 11.8112 8.87955 5.81405 5.13774 134.366 129.02 8.2071 120.813 108.999 11.814 9.73605 7.30806 4.68136 103.312
internal_count=3333 1833 1500 260 207 166 126 97 53 1240 78 41 64 1162 1019 143 118 80 48 65 1781 1728 114 1614 1455 159 135 82 49 1359
is_linear=0
shrinkage=0.1


Tree=43
num_leaves=31
num_cat=0
split_feature=3 3 2 3 2 2 0 3 3 3 3 0 0 2 2 0 0 2 2 2 0 3 1 2 0 2 2 2 2 2
split_gain=0.341302 2.24307 2.73667 0.758536 2.68586 6.0126 2.3466 1.80584 1.12615 0.74579 2.31569 2.00575 1.98632 0.80092 0.786999 0.739207 3.98707 2.23847 4.06146 2.18036 1.90566 3.04405 2.76141 1.83399 1.73616 1.62492 1.41413 1.80549 1.21634 3.79488
threshold=101.82133996116444 101.37537737279656 32.752803369730515 108.15903098184076 26.858384191252757 26.348123628480678 0.29516317014165966 102.79851636070073 108.81201064271814 112.84606049809462 113.50459355462804 0.20492349643426058 0.058292880256980269 27.881286557244277 25.934033946363552 0.12476415093545797 0.10812371133773251 26.018980254608199 25.859604399712811 26.348123628480678 0.078947368413249577 149.32906179452081 -0.15131085103706293 25.407495862719514 0.12798618591617908 25.461751650441872 67.936181395165036 80.647282377916767 26.978287232737149 27.2518863809712
decision_type=2 2 2 2 2 2 2 2 2 2 2 2 2 2 2 2 2 2 2 2 2 2 2 2 2 2 2 2 2 2
left_child=1 2 -1 4 5 6 -2 -6 -5 11 -11 12 -10 -14 -13 16 17 18 20 -19 22 -22 -12 -24 -17 -18 28 -28 -26 -30
right_child=3 -3 -4 8 7 -7 -8 -9 9 10 15 14 13 -15 -16 24 25 19 -20 -21 21 -23 23 -25 26 -27 27 -29 29 -31
leaf_value=0.04264027349179754 -0.082852545505825076 0.10223185310046637 -0.10950012782723129 0.063291513520844847 0.017756443252494487 0.16592698434039854 0.070619689908385047 -0.092381695697045726 -0.069598466162190023 0.080266029398021271 -0.083824162969020885 -0.027339124579527724 0.084675652809757029 0.0034883347792834443 -0.11082429123997098 0.072888463124501521 0.020096300577228068 -0.075702457381299951 0.14272016318693251 -0.0052052103985983063 -0.019582819623880716 0.15092731873514384 0.076830012728125549 -0.015687959829906829 -0.0067742234295109869 -0.094152978540992444 -0.10697270548591718 0.014188172921755789 0.078612653762695023 0.0046333215212005178
leaf_weight=2.9975704364478579 3.460086749866603 2.2952675335109234 1.9523881599307058 2.7622925750911227 2.0074518248438835 2.0393198244273663 1.3991319313645361 5.7607759963721037 2.2573770079761726 3.5668435115367165 3.5716856010258242 1.9190032258629797 2.420402429997921 2.4400849230587482 2.7434041779488325 3.5074118203483513 1.5184505581855754 4.7523882323876014 2.6740804882720104 57.087095414754003 2.0281244162470093 2.164344310760498 3.4901086259633303 5.5495134145021439 63.780780115164816 6.9094319031573832 2.6558119370602062 2.2907368307933211 7.672422941774129 72.035569320432842
leaf_count=28 53 14 28 28 28 18 11 100 26 26 48 15 22 27 36 34 22 55 26 758 23 20 36 51 633 126 83 38 64 856
internal_value=-0.000902164 0.0205211 -0.0173677 -0.00146769 -0.0235933 0.0218173 -0.0386627 -0.06392 -0.000218594 -0.000901122 0.000279419 -0.0254789 0.00791684 0.0439176 -0.0764626 -0.000901028 -0.00809701 -0.0013114 0.0282515 -0.010623 0.0100354 0.0684423 -0.00938118 0.0200323 0.00334929 -0.0735687 0.00170613 -0.0508633 0.00351838 0.0117543
internal_weight=281.709 7.24523 4.94996 274.464 14.6668 6.89854 4.85922 7.76823 259.797 257.035 245.255 11.7803 7.11786 4.86049 4.66241 241.688 89.7452 81.3173 19.4779 61.8395 16.8038 4.19247 12.6113 9.03962 151.943 8.42788 148.435 4.94655 143.489 79.708
internal_count=3333 70 56 3263 210 82 64 128 3053 3025 2899 126 75 49 51 2873 1165 1017 204 813 178 43 135 87 1708 148 1674 121 1553 920
is_linear=0
shrinkage=0.1


Tree=44
num_leaves=31
num_cat=0
split_feature=2 3 2 2 1 1 3 3 1 2 2 3 2 0 3 1 1 2 2 0 3 3 1 1 2 3 0 3 0 2
split_gain=0.330093 0.955299 2.06609 0.88563 0.771399 0.679025 0.525189 0.443945 2.18513 1.9003 2.02107 1.87394 1.79765 2.18947 2.26702 1.90479 2.02409 1.38094 2.18653 2.90137 1.11059 0.992125 1.10528 0.841556 0.787337 1.69435 1.5333 1.65923 2.01038 1.54775
threshold=78.412966621658555 106.89874443052106 87.295438582020196 74.615697914765093 -0.26115284421768986 -0.24203374411048487 166.2856013851833 112.84606049809462 0.90647471441915273 27.115002229315937 25.425048288441989 113.90914776022487 37.986842205143262 0.20492349643426058 105.38805276676926 -0.11823041208886594 0.11137999605892676 25.640816535263642 25.947004888448877 0.18146206755007696 102.79851636070073 115.51795859284938 -0.3868583727230398 0.27132695875984419 43.041402035848513 121.83127559434426 0.0075853471420628772 129.60742257646348 0.16807079644602485 45.36702746237841
decision_type=2 2 2 2 2 2 2 2 2 2 2 2 2 2 2 2 2 2 2 2 2 2 2 2 2 2 2 2 2 2
left_child=3 -2 4 7 -3 -5 -6 8 9 10 -1 -9 15 14 -14 -11 -17 -12 -19 -20 -15 22 -13 -24 -23 -26 -27 28 -28 -29
right_child=1 2 -4 5 6 -7 -8 11 -10 12 17 21 13 20 -16 16 -18 18 19 -21 -22 24 23 -25 25 26 27 29 -30 -31
leaf_value=-0.05193958952479473 0.090298696600510209 0.07361199570521175 -0.10986638565872789 0.0011397069183770039 -0.048494341632031687 -0.11250293476300993 0.039742069960758471 0.061531625934452508 -0.086036557181767503 -0.10989176843333073 0.11828681076932263 0.020643203696341671 -0.0502835279170461 0.0093987053390907366 0.097755565616416795 0.081608129144436214 -0.069093187147618002 -0.039079558293754729 0.11777374827560785 -0.027548274470013324 -0.10782144438913173 0.0025330785000822519 -0.11094690375762589 -0.019865542427370569 -0.10684721791397381 0.12579391745148955 -0.051140411462971207 -0.11044261978021262 0.093977818152158346 -0.016059226387306648
leaf_weight=2.8011012561619308 1.5274525061249722 2.320508395787328 1.3058881466276941 0.90074031660333309 1.3690127618610866 1.2630376699380566 1.329790828283876 4.9341575801372519 3.5418501626700154 3.9383773412555438 2.0029242262244216 1.9871183708310125 1.5283397231250981 1.4401658438146117 3.2009287271648645 1.4616567753255378 2.2837625592947006 3.258332855999468 3.6531030312180519 2.2019657157361507 1.8420810364186762 198.81988015817478 2.2685361690819255 1.8350037410855291 1.8890279112383748 0.82017309218645351 1.4559908965602542 1.911602647043767 2.772291568107903 19.070065399166197
leaf_count=36 9 25 24 25 17 27 29 38 43 64 17 18 28 14 34 18 33 31 35 24 33 2100 32 14 43 11 28 31 35 417
internal_value=-0.000891906 0.0193222 0.00218227 -0.00147317 0.0313343 -0.0651956 -0.00501731 -0.000964234 -0.0118047 -0.0029261 0.0239754 0.00054739 -0.0267804 0.00636311 0.0499143 -0.0613375 -0.0102817 0.0431046 0.0265812 0.0631213 -0.0563882 -0.000744996 -0.0405736 -0.0702175 0.000324879 -0.0154003 -0.00876393 -0.0131416 0.044007 -0.0246583
internal_weight=280.935 7.85265 6.3252 273.082 5.01931 2.16378 2.6988 270.918 33.1546 29.6127 13.9174 237.764 15.6953 8.01152 4.72927 7.6838 3.74542 11.1163 9.1134 5.85507 3.28225 232.83 6.09066 4.10354 226.739 27.9192 26.0301 25.21 4.22828 20.9817
internal_count=3333 104 95 3229 71 52 46 3177 410 367 143 2767 224 109 62 115 51 107 90 59 47 2729 64 46 2665 565 522 511 63 448
is_linear=0
shrinkage=0.1


Tree=45
num_leaves=31
num_cat=0
split_feature=0 1 2 2 1 0 0 0 0 2 3 2 2 3 0 0 0 0 2 0 1 0 1 1 0 0 0 1 0 1
split_gain=0.317556 1.94649 1.25124 4.08245 1.9994 0.924098 1.72921 3.46135 2.55896 1.58808 1.57394 1.59206 3.41914 0.862217 1.75716 0.67583 1.58134 0.977991 3.65841 1.00566 1.7255 0.961716 1.90248 5.97379 0.868649 2.92948 2.67687 3.16033 2.80615 3.16139
threshold=0.014265364264652114 0.80891991744776559 29.128765756727013 35.91294972410148 -0.36326178126329217 0.024096385540722371 0.031843089055153838 0.033632456072933088 0.027777777777056485 28.970582604916981 188.53217578466692 27.653348353481409 34.628978993986799 348.05519347003099 0.47759221432569848 0.036871237132600286 0.038601464910134671 0.044217827575367956 26.334393813745191 0.050678955451304471 0.026078909915676116 0.059190077086718577 0.22442922131190879 -0.2196219484294874 0.080848861280177958 0.078947368413249577 0.07627704605437885 0.74356510034853696 0.062781719319698961 0.33966027037356689
decision_type=2 2 2 2 2 2 2 2 2 2 2 2 2 2 2 2 2 2 2 2 2 2 2 2 2 2 2 2 2 2
left_child=1 2 -1 -4 -5 10 8 -8 9 -7 11 -2 -13 15 -15 -9 -17 18 -18 20 -19 22 23 -21 25 26 27 28 -23 -30
right_child=5 -3 3 4 -6 6 7 13 -10 -11 -12 12 -14 14 -16 16 17 19 -20 21 -22 24 -24 -25 -26 -27 -28 -29 29 -31
leaf_value=-0.040371123423087685 0.1058204537359087 -0.11405378292239472 0.15527087843951198 0.044787015615404629 -0.11062073842729887 -0.063998091246172936 0.15636221816150986 -0.047751744833385339 -0.11253369599491705 0.063659497712191052 -0.055837883853826521 -0.076138777217071726 0.092950047879788625 -0.10390961630484122 0.12668547816046943 0.079669220934464671 0.080952465859432318 -0.0084016553803746528 -0.11100560859618214 -0.10992014450400761 0.094280784875497459 -0.11145380069569107 -0.089081423138126448 0.11261823483933553 -0.0012188454482623358 0.1244442329438307 -0.11284749727228263 0.11701258325509806 0.051692061988616339 -0.11237693715156832
leaf_weight=4.0872208848595601 3.0525035802274925 1.7551979264244426 1.7959137419238684 1.6761731822043646 1.6357397213578235 1.7815390555188053 1.4093550462275732 2.9578213393688193 3.4104945720173419 2.1511936895549297 1.7369694961234925 2.2570346938446164 2.5435761101543903 1.8406243170611554 0.4027641201391815 2.4871001606807104 1.4911205805838097 3.5507759666070333 2.9711020328104496 2.2951359078288078 3.0356262773275375 1.9817772191017882 3.5851072613149881 2.542544409632681 207.22449125908315 2.4115973990410557 1.6910821385681618 2.7003610599786034 6.4241112638264894 1.4371584393084047
leaf_count=49 28 28 19 19 25 22 13 35 52 30 35 24 25 117 11 26 14 41 47 35 31 28 37 26 2336 25 25 28 85 17
internal_value=-0.000860098 -0.0175535 0.00086693 0.0338651 -0.0319682 -0.000181496 -0.00130685 8.46556e-05 -0.0491428 0.00583025 0.0303028 0.0493556 0.013452 -0.000792731 -0.06251 -0.000236207 0.000335501 -0.000475337 -0.0468599 0.000391116 0.038924 -0.000701437 -0.0338737 0.00703957 0.00054662 0.0225246 0.00525746 0.0211802 -0.00511066 0.0216978
internal_weight=280.323 10.9502 9.19505 5.10783 3.31191 269.373 259.783 252.44 7.34323 3.93273 9.59008 7.85311 4.80061 251.03 2.24339 248.787 245.829 243.342 4.46222 238.88 6.5864 232.293 8.42279 4.83768 223.871 16.6461 14.2345 12.5434 9.84305 7.86127
internal_count=3333 140 112 63 44 3193 3081 2977 104 52 112 77 49 2964 128 2836 2801 2775 61 2714 72 2642 98 61 2544 208 183 158 130 102
is_linear=0
shrinkage=0.1


Tree=46
num_leaves=31
num_cat=0
split_feature=1 1 2 0 3 3 2 1 1 2 1 0 2 1 1 1 1 3 3 1 0 2 2 1 3 1 1 1 0 0
split_gain=0.354809 2.2427 1.93523 1.79513 2.05065 1.41877 1.39924 0.586188 1.36982 1.61758 0.857973 2.22467 1.99036 1.82932 1.6047 2.15446 1.38814 2.02093 1.34487 0.838108 1.72413 0.662867 1.53048 0.577236 0.737365 1.20306 0.5409 3.08621 2.75256 4.59559
threshold=4.3100588649643141 3.5253885748930354 33.763605722722495 0.19122909211265496 200.10952851813136 235.80563735938418 27.74592280196698 3.1409650384746111 2.7709547501131695 26.309819022087932 2.2649386210786568 0.091405295919822369 31.601532176884934 2.1234905006965739 1.9839088479941178 1.8777871875819414 1.7100854047331449 151.70476240171033 206.91763810590041 1.4646777298908795 0.16807079644602485 25.039018712157532 25.085545652214424 1.3609393639669618 287.85562106839353 1.0181224370299493 0.52727591792038397 0.66739218865932848 0.17264757450894749 0.14285714285132686
decision_type=2 2 2 2 2 2 2 2 2 2 2 2 2 2 2 2 2 2 2 2 2 2 2 2 2 2 2 2 2 2
left_child=1 7 -3 5 -5 -2 -6 8 10 -10 13 -12 -13 14 15 16 19 -18 -14 21 -21 -1 -23 24 26 -26 -24 -28 29 -29
right_child=3 2 -4 4 6 -7 -8 -9 9 -11 11 12 18 -15 -16 -17 17 -19 -20 20 -22 22 23 -25 25 -27 27 28 -30 -31
leaf_value=0.047628019030503121 -0.11070282224801581 -0.12037793979481728 0.030212379540983599 0.11933842371959442 0.060179476614631446 0.027749704022039048 -0.059114108669937493 0.041280725930139955 0.027214266767044144 -0.11427557929072391 0.097748008620381355 -0.060016464485008504 -0.0093584816616787535 -0.084030478104659773 0.061098362893411355 -0.11290077145654283 0.12570814296925675 -0.00076878413945095578 0.12069221027363326 -0.11210706282078582 0.0076652312944705649 -0.10785820346136066 0.001482034391927532 0.040734816197387849 -0.10615310474629656 0.071383040861453528 -0.066272254262481164 0.0048532426535097964 -0.024670725421595621 0.13839722069923993
leaf_weight=2.7868843115866175 1.5832466520369037 2.8465360142290583 1.2187433135695753 2.4759086463600397 2.0588672813028102 1.3898574034683404 1.88201272720471 3.3331265556626013 1.2662494331598275 2.2327559050172567 3.174059522803871 3.2249012999236584 1.7034800704568627 2.6387361148372284 4.1813181168399742 1.7201214260421682 2.1183461528271428 3.1301803912501782 1.4912655795924363 2.0675257453694931 2.8705236185342073 1.3434602748602618 180.65862149558961 3.296009447425603 1.5164666667114937 0.51007853262126435 8.1623462829738838 12.086950009688733 17.514342535287142 3.2751041613519183
leaf_count=23 23 40 25 16 15 24 39 39 12 40 25 33 21 39 39 26 16 36 25 35 30 26 2156 37 71 5 98 133 160 26
internal_value=-0.000854159 -0.00151784 -0.075232 0.0182555 0.0480176 -0.0459795 0.00320945 -0.000392546 -0.000920753 -0.063072 -8.26321e-05 0.0292643 -0.00459605 -0.00120937 -0.000325432 -0.00138211 -0.000587262 0.0502783 0.0513475 -0.00171806 -0.0424826 -0.000847215 -0.00143879 -0.000809024 -0.00142107 -0.0614675 -0.000872181 -0.0112358 0.00242833 0.0333241
internal_weight=279.758 270.368 4.06528 9.38989 6.41679 2.9731 3.94088 266.303 262.97 3.49901 259.471 9.59371 6.41965 249.877 247.238 243.057 241.337 5.24853 3.19475 236.088 4.93805 231.15 228.363 227.02 223.724 2.02655 221.697 41.0387 32.8764 15.3621
internal_count=3333 3216 65 117 70 47 54 3151 3112 52 3060 104 79 2956 2917 2878 2852 52 46 2800 65 2735 2712 2686 2649 76 2573 417 319 159
is_linear=0
shrinkage=0.1


Tree=47
num_leaves=31
num_cat=0
split_feature=0 0 1 2 1 3 0 3 0 0 1 0 1 1 0 0 0 0 0 2 1 0 0 0 3 1 1 1 3 3
split_gain=0.30928 1.46226 1.52678 2.01786 2.87885 0.813772 0.630217 0.620262 2.18563 0.495709 1.97096 1.03685 0.559274 2.83176 2.04622 1.91652 1.78676 1.55724 1.45238 2.09995 3.00424 1.80645 5.15988 3.04329 2.84226 2.32798 2.22212 2.51653 2.94949 2.0514
threshold=0.47759221432569848 0.51527596289627042 -0.25561695166684911 26.425830863282272 0.26105552778767843 155.30536052980531 0.49427655674204513 348.05519347003099 0.028690984547769281 0.4328930062087557 0.41907594595885167 0.41692698255603527 0.35927262602488313 0.31354628891914577 0.010489638730236906 0.10526315789102907 0.017392619478851436 0.033632456072933088 0.050678955451304471 25.982058851652639 1.9839088479941178 0.14285714285132686 0.17264757450894749 0.1875334941013653 134.27461611743684 1.6651972796695931 0.66739218865932848 0.90647471441915273 156.45724639793903 183.71129268656827
decision_type=2 2 2 2 2 2 2 2 2 2 2 2 2 2 2 2 2 2 2 2 2 2 2 2 2 2 2 2 2 2
left_child=7 6 -3 -4 -5 -6 -2 9 -9 11 -11 12 13 -1 -14 -15 -16 -18 19 -19 -21 26 24 -24 -23 -25 -20 28 -28 -26
right_child=1 2 3 4 5 -7 -8 8 -10 10 -12 -13 14 15 16 -17 17 18 21 20 -22 22 23 25 29 -27 27 -29 -30 -31
leaf_value=-0.00057700816911861392 0.015276435199609098 0.056831333583881184 -0.12342558245893565 -0.11462316990971598 0.083339219796432065 0.0013586627004648385 0.074659179602414583 0.16602423648417652 -0.10359955184832 -0.085180863574081014 0.020544566365536837 0.055253528223547045 -0.11028271589645072 0.012197731056561828 0.074401906947738405 0.11576401993047253 -0.068271917456716333 0.1271190654261696 -0.084762535369373226 -0.071816262693173483 0.10982107455121499 0.177916456015832 -0.11451478398874348 -0.023335150878177158 -0.02904979322671003 0.024132981300753021 0.13075285995689997 -0.034593213015570431 -0.028705266571031431 0.095240488137557366
leaf_weight=148.1701440308243 3.3470493610948351 2.5927822664380082 1.8459865376353226 1.8027978688478468 1.9395700655877588 3.2226332323625684 3.8348246430978179 0.36481100879609529 1.7094199161510912 3.2208443619310847 3.8963718209415674 3.287401237525045 1.8947491236031044 3.5814122930169097 2.7292810734361401 3.565827626734972 4.0560141522437325 1.9775242842733849 5.807745041325691 2.2999614812433724 1.5073936879634855 2.09246109612286 2.65421138703823 25.595853477716446 2.3697577845305204 17.325069444254041 2.2893618308007744 14.578265376389025 2.3514166865497828 3.0205602236092091
leaf_count=1858 26 22 14 23 13 32 26 22 123 40 34 35 28 25 25 24 49 15 74 32 18 14 33 278 28 170 20 177 29 26
internal_value=-0.000823458 0.0116393 -0.0106204 -0.0304692 -0.00583226 0.0321608 0.0469844 -0.00171315 -0.0561787 -0.00127573 -0.0273007 -0.000538231 -0.00127818 0.00238856 -0.00743173 0.063868 -0.00528208 -0.00775553 -0.0048289 0.0435186 9.69063e-05 -0.00841071 0.00203547 -0.0106006 0.0789976 -0.0041746 -0.0305571 -0.0141769 0.0499577 0.0405985
internal_weight=278.932 18.5856 11.4038 8.81099 6.965 5.1622 7.18187 260.346 2.07423 258.272 7.11722 251.154 247.867 155.317 92.5496 7.14724 90.6549 87.9256 83.8696 5.78488 3.80736 78.0847 53.0579 45.5751 7.48278 42.9209 25.0268 19.219 4.64078 5.39032
internal_count=3333 156 104 82 68 45 52 3177 145 3032 74 2958 2923 1907 1016 49 988 963 914 65 50 849 549 481 68 448 300 226 49 54
is_linear=0
shrinkage=0.1


Tree=48
num_leaves=31
num_cat=0
split_feature=3 1 2 3 2 1 2 3 0 0 0 1 0 1 0 0 1 1 1 0 3 2 3 3 1 2 3 0 2 2
split_gain=0.323126 2.49808 1.4649 0.719191 1.3806 0.67095 0.482551 1.6918 1.259 1.4086 1.63721 1.28968 2.99961 1.13182 0.972186 2.00087 0.611222 2.08422 1.82416 1.01395 2.04788 0.594104 1.79092 5.25129 2.52578 2.59571 2.49326 2.04666 1.90833 2.35303
threshold=101.82133996116444 -0.45387208293997988 29.294554265337904 105.09866404328382 54.067708362829713 -0.48271119787261257 60.403235725821041 128.20512721504545 0.0090090090085086678 0.020857501932886022 0.15116982044026836 -0.26115284421768986 0.29854809435655882 2.3656710479827012 0.16406970534893947 0.23110513939590718 -0.56665881240760452 -0.25087630073160855 -0.18346361784735099 0.13840072969701972 192.37084583257564 34.869866503127732 184.36175608049044 176.45931859762504 0.29109315820129467 37.186219814970997 221.0526294847642 0.10195477360537021 58.766054687840828 48.633510119682121
decision_type=2 2 2 2 2 2 2 2 2 2 2 2 2 2 2 2 2 2 2 2 2 2 2 2 2 2 2 2 2 2
left_child=1 -1 -3 4 5 -2 21 14 -9 -10 16 12 -12 -13 -8 -16 -11 -18 -19 20 -20 -5 23 28 -24 -26 27 -27 29 -23
right_child=3 2 -4 6 -6 -7 7 8 9 10 11 13 -14 -15 15 -17 17 18 19 -21 -22 22 24 -25 25 26 -28 -29 -30 -31
leaf_value=0.12565907186366859 -0.0028919371684211267 -0.072907384218404411 0.032669881765575802 -0.0018323725639045121 0.034775527913269058 -0.10464918380506182 -0.11057518821007491 0.13750483206889938 -0.10909952165544252 0.10756850364267088 -0.10505380312734017 -0.10523560696680781 0.1027733203435609 0.040227357286173118 0.088711861290829003 -0.10696576007349823 -0.10441387163543542 0.17313914686281323 -0.10694518460262024 0.093197662428817649 0.084810954841605002 0.020915572625899197 -0.084035542556960746 0.18271713597829597 -0.11201428103057176 0.073622554241406762 0.098698935321074363 -0.10956960316519593 0.11903014707870088 -0.047170222657664657
leaf_weight=1.706679295748472 0.89041699096560512 2.3277951814234248 3.0182667337357998 200.19915380235761 1.6715484559535978 2.3798492243513456 2.5169050581753281 0.64394197799265285 1.1997699281200755 1.0834955289028583 1.1894260924309481 2.6189623393584061 1.668944004923105 0.67218970251269627 0.9534044656902555 1.1563648362644015 1.0097092504147438 1.006924040615558 1.2240185234695666 1.2320006899535654 1.0219183024019001 25.223433556035165 4.3137245494872314 1.9199663549661625 1.3525795545428989 1.0438291095197203 3.314637141302228 1.4669141247868536 1.6038356032222498 6.3547453433275214
leaf_count=11 12 24 35 2120 17 69 45 6 25 9 37 88 22 25 13 29 36 8 24 9 29 249 107 16 18 17 64 24 16 129
internal_value=-0.000805521 0.0203258 -0.0133008 -0.0013556 -0.0391547 -0.0769431 -0.000653332 -0.0159247 0.000802893 -0.00551763 0.00424655 -0.0328478 0.0162922 -0.075526 -0.0686066 -0.0185391 0.0389243 0.0253881 0.0546114 0.0202955 -0.0196947 0.000534622 0.0107049 0.0219225 -0.0235599 0.012784 0.0417606 -0.0334084 0.0126187 0.00721409
internal_weight=277.985 7.05274 5.34606 270.933 4.94181 3.27027 265.991 19.198 14.5713 13.9274 12.7276 6.14952 2.85837 3.29115 4.62667 2.10977 6.57807 5.49457 4.48486 3.47794 2.24594 246.793 46.5937 35.102 11.4917 7.17796 5.82538 2.51074 33.182 31.5782
internal_count=3333 70 59 3263 98 81 3165 405 318 312 287 172 59 113 87 42 115 106 70 62 53 2760 640 410 230 123 105 41 394 378
is_linear=0
shrinkage=0.1


Tree=49
num_leaves=31
num_cat=0
split_feature=3 3 3 3 3 3 3 2 2 1 2 2 3 2 1 3 3 1 1 3 1 3 0 0 2 2 0 2 1 2
split_gain=0.278062 2.07448 1.96639 1.28518 0.922867 1.1301 1.16467 1.85889 3.02198 1.33111 1.31401 2.18989 2.50264 3.76429 3.63004 2.27259 2.18027 2.16571 2.60801 2.61332 2.65038 1.34669 1.41635 2.75606 2.09784 3.47052 2.82377 1.75518 2.39119 1.83352
threshold=158.13953408936609 159.18257178190393 157.30057943978349 160.29061332970915 161.90475921333623 163.11675650355446 170.42639257694606 25.859604399712811 32.752803369730515 0.87382851627323388 26.25479721697997 26.445113083677981 184.36175608049044 27.411530479857735 -0.11823041208886594 185.84556518833088 188.53217578466692 1.7812749596480175 -0.0076379364422374399 188.53217578466692 -0.22531682445747153 221.0526294847642 0.49427655674204513 0.30441502585631869 30.410011307629208 27.947833952896108 0.27706523455459497 31.722622867669621 -0.02510135825495707 37.186219814970997
decision_type=2 2 2 2 2 2 2 2 2 2 2 2 2 2 2 2 2 2 2 2 2 2 2 2 2 2 2 2 2 2
left_child=2 -2 -1 -3 -5 -6 7 -7 9 -9 17 -12 13 -13 -15 -14 -17 18 19 -8 -21 -18 23 24 25 -23 27 -26 -29 -30
right_child=1 3 -4 4 5 6 10 8 -10 -11 11 12 15 14 -16 16 21 -19 -20 20 -22 22 -24 -25 26 -27 -28 28 29 -31
leaf_value=0.00038410047083264865 -0.1117799835567309 0.067113223934784833 0.085777244893714674 -0.057540728715167945 0.062111706145565819 0.035701490456717777 -0.053121969850753528 -0.11296152455395346 0.028103972028700203 -0.016290813922542832 0.081486366736540375 0.12034471365032387 -0.1109018849752068 0.079314830361347066 -0.036496109336013466 0.093052543805471274 -0.029171346783628295 0.031015852547645984 -0.075281765025193556 -0.005108055997715564 0.18207604440013042 0.0298803338653756 0.085170924431814385 -0.085046769567552735 0.13950588575548384 -0.10972238871592455 0.18983146355001976 -0.10586219816439746 -0.034961915358289755 0.080383455864601827
leaf_weight=163.95001176511869 1.7794511802494515 2.5581015720963469 2.7417359575629225 3.1955094859004012 2.6004537027329198 3.1550076045095912 3.3972044400870827 5.3925332315266115 3.2763427188619971 1.9356611445546148 3.6929723396897307 4.0128936879336825 2.1088393284007898 4.383142437785863 7.0755909737199536 2.1719898991286746 19.199840319342911 5.6840103501453987 9.1996710970997793 1.7936078286729755 1.3081106990575788 4.5395973413251438 2.0954594244249156 3.2862425129860631 1.1634700689464788 2.9302168933209032 1.1913351453840721 1.4881355310790185 2.2350259851664358 3.5944295201916248
leaf_count=1838 26 26 26 39 26 33 45 62 39 22 30 34 29 49 80 23 315 45 104 26 17 49 24 69 14 56 12 61 32 82
internal_value=-0.000789692 -0.00468111 0.00178864 -0.00292731 -0.00461589 -0.00297253 -0.00465976 -0.0316846 -0.051733 -0.087427 -0.000363494 0.00669434 0.00220146 0.0369933 0.00780336 -0.00949926 -0.00462768 -0.0218741 -0.041024 0.0074701 0.0738345 -0.00971256 0.0068745 -0.0011568 0.0149253 -0.0248822 0.0456679 0.0254173 0.00727761 0.0361598
internal_weight=277.137 110.445 166.692 108.665 106.107 102.912 100.311 13.7595 10.6045 7.32819 86.5518 65.1692 61.4762 15.4716 11.4587 46.0046 43.8957 21.3826 15.6986 6.49892 3.10172 41.7238 22.5239 20.4285 17.1422 7.46981 9.6724 8.48106 7.31759 5.82946
internal_count=3333 1469 1864 1443 1417 1378 1352 156 123 84 1196 959 929 163 129 766 737 237 192 88 43 714 399 375 306 105 201 189 175 114
is_linear=0
shrinkage=0.1


Tree=50
num_leaves=31
num_cat=0
split_feature=0 0 2 2 1 2 0 0 0 0 0 1 0 1 0 1 0 2 3 2 2 1 0 1 0 1 1 1 0 1
split_gain=0.318305 0.44333 1.35458 3.71286 2.5285 0.99324 0.741798 1.40347 2.66247 2.26863 2.13486 1.27945 1.12491 1.03615 1.61581 0.999252 0.935604 3.50452 0.731719 1.01218 2.02049 1.56571 0.673667 1.23366 0.751269 1.70863 4.76242 0.743806 0.73391 2.22561
threshold=1.0000000180025095e-35 0.014265364264652114 29.128765756727013 31.209111884017542 -0.36326178126329217 26.050150338281878 0.024096385540722371 0.031843089055153838 0.035294117643940241 0.027777777777056485 0.036871237132600286 0.1271435525680589 0.038601464910134671 1.0775238626472137 0.017392619478851436 -0.40837335237544453 0.044217827575367956 25.982058851652639 293.40735310362248 34.395272768954122 27.490285619065663 2.7709547501131695 0.050678955451304471 0.026078909915676116 0.059190077086718577 0.22442922131190879 -0.2196219484294874 6.2597502431904433 0.080848861280177958 1.9839088479941178
decision_type=2 2 2 2 2 2 2 2 2 2 2 2 2 2 2 2 2 2 2 2 2 2 2 2 2 2 2 2 2 2
left_child=-1 2 5 -4 -5 -2 13 9 -9 11 -10 -8 -12 14 -3 -16 17 -14 22 20 -20 -22 23 -18 25 26 -24 28 29 -26
right_child=1 6 3 4 -6 -7 7 8 10 -11 12 -13 16 -15 15 -17 18 -19 19 -21 21 -23 24 -25 27 -27 -28 -29 -30 -31
leaf_value=0.050785507655665987 -0.012957289791199152 -0.063919365444141021 0.14903767325593406 0.058970103080433246 -0.11018293549199627 -0.11079373964112045 -0.060700472948209294 0.099751469583706301 -0.11167592213536198 -0.11071480589187853 0.064705233199911824 0.054133739278798845 0.078754682400297552 0.089537873973837931 0.091819010100153309 0.0038090210424492951 -0.0088372835037780328 -0.11011361195549862 -0.11320473643915413 -0.10501887636095186 0.13057286909404148 -0.032930099778069537 -0.10887557848707796 0.077303338036918731 0.0078468164683099233 -0.085807001808505423 0.094648912408706168 0.064837396881459855 -0.0013990921233447422 0.12679262678706466
leaf_weight=1.1915579987689842 1.9578462261706571 2.1319027505815011 1.4251267071813343 1.491941503249109 2.167594350874424 2.2077643219381571 1.7123412494547658 2.6448965959716579 1.73426197702065 3.024028951767832 2.6307605877518645 2.238771989941597 1.4790025688707817 2.0781682981178164 2.1478439546190202 3.2302641621790826 3.5111452266573897 2.9262751722708344 1.2095962595194572 1.5519191005732862 1.1310785217210653 1.2146204635500906 1.9986121766269205 3.1578221786767244 14.730321958661081 3.2814167868345976 2.7069019973278037 1.799176177009939 199.93346934299916 1.761159274727105
leaf_count=14 25 32 14 17 39 31 28 26 26 52 26 24 13 22 19 39 41 52 19 94 20 33 34 31 187 36 26 14 2282 17
internal_value=-0.000787952 -0.00101124 -0.0225322 0.0121042 -0.0412216 -0.0648104 -0.000262743 -0.00128405 -4.67154e-05 -0.0455262 -0.00111641 0.00436666 -0.000333878 0.027046 0.00975327 0.0389574 -0.00103977 -0.0467041 -0.000194496 -0.0376374 -0.00822475 0.0459098 0.000626652 0.0319512 -0.000296831 -0.0304201 0.00820426 0.00080567 0.000273364 0.0205493
internal_weight=276.408 275.216 9.25027 5.08466 3.65954 4.16561 265.966 256.378 249.402 6.97514 246.758 3.95111 245.023 9.58818 7.51001 5.37811 242.393 4.40528 237.987 5.10721 3.5553 2.3457 232.88 6.66897 226.211 7.98693 4.70551 218.224 216.425 16.4915
internal_count=3333 3319 126 70 56 56 3193 3081 2977 104 2951 52 2925 112 90 58 2899 65 2834 166 72 53 2668 72 2596 96 60 2500 2486 204
is_linear=0
shrinkage=0.1


Tree=51
num_leaves=31
num_cat=0
split_feature=3 3 3 3 2 1 2 3 0 0 0 3 3 3 3 0 3 3 1 1 0 2 2 2 1 3 3 1 1 2
split_gain=0.278451 1.0894 1.82405 0.620122 1.20166 0.841622 0.46212 1.43359 1.00356 1.23369 1.31035 1.08519 2.03587 1.20266 2.74982 0.926049 2.26004 0.646578 0.946507 0.810839 1.32642 0.549139 0.523143 1.55072 2.54359 2.05181 2.68141 3.77968 3.57029 2.14188
threshold=100.64181718721322 101.37537737279656 101.82133996116444 105.09866404328382 54.067708362829713 -0.49810813134187754 60.403235725821041 128.20512721504545 0.0090090090085086678 0.020857501932886022 0.15116982044026836 146.75552696011496 153.1380419853526 210.02920991487915 230.35313211399904 0.16406970534893947 111.28156457047199 137.12143858775065 0.016972607212694828 -0.2058212291156454 0.047782126547759957 62.969694920466722 25.607266419431074 25.371691890206307 1.7812749596480175 115.51795859284938 154.33957663429587 0.57769504676558314 -0.15131085103706293 25.260956490555571
decision_type=2 2 2 2 2 2 2 2 2 2 2 2 2 2 2 2 2 2 2 2 2 2 2 2 2 2 2 2 2 2
left_child=-1 -2 -3 4 5 -4 22 15 -9 -10 17 -12 -13 21 -15 -8 -17 -11 19 20 -19 -14 23 25 -25 -5 29 28 -28 -27
right_child=1 2 3 6 -6 -7 7 8 9 10 11 12 13 14 -16 16 -18 18 -20 -21 -22 -23 -24 24 -26 26 27 -29 -30 -31
leaf_value=0.031780127771756116 -0.072213138763095541 0.0883243687898152 0.016458491285139636 -0.076877880642182941 0.030150934274859986 -0.10491782562306549 -0.10966734236150466 0.1205680412074973 -0.10843857009149654 0.099465074640721018 -0.10625787307863724 0.14927490597239032 -0.003796570441780096 0.20247612261765247 -0.10324264299932616 0.10487075989007488 -0.106999218686814 0.096783949634767899 -0.046790101161455121 0.10955883190183557 -0.049073311684140863 -0.10512580626362356 0.0024658266159331699 -0.052500744466742313 0.070935865361186123 0.013627762366107594 -0.072332921720749829 -0.11562812751102564 0.082374784698762527 0.10488276489780349
leaf_weight=2.6035301573574534 2.1360883302986613 2.2914333827793589 0.7611536588519815 2.6375548634678152 1.7061902899295089 2.2901173615828148 2.2973887873813537 0.65350351668894191 1.0879393231589336 1.2011745404452066 1.4670261545106766 0.70141921751201142 0.76193200331181365 0.57938183657824971 0.59775167098268867 0.87269131466746364 1.1900279070250688 1.078418533317745 1.5799181479960678 1.2959100119769575 1.4779607413802294 1.7943204399198291 208.39731784397736 12.508202169090508 1.9265188649296749 6.2359473407268542 2.4573810417205095 2.9571704631671309 3.7959114387631399 4.3776774890720844
leaf_count=28 28 14 11 33 17 70 45 6 25 17 40 10 17 9 43 12 30 15 38 17 28 53 2342 148 15 82 38 36 36 30
internal_value=-0.00076853 -0.00107881 -0.000518066 -0.00127573 -0.0370583 -0.0746399 -0.000630738 -0.0158114 -0.000484173 -0.00629106 0.00257439 -0.0317026 -0.00703984 -0.0364079 0.0472313 -0.0659985 -0.0173617 0.0330712 0.0183901 0.0451221 0.0124571 -0.074923 0.000522647 -0.0104528 -0.0360264 0.0059818 0.0170061 -0.0224738 0.0215787 0.0512666
internal_weight=275.719 273.115 270.979 268.688 4.75746 3.05127 263.93 18.6368 14.2767 13.6232 12.5352 5.90183 4.43481 3.73339 1.17713 4.36011 2.06272 6.63338 5.43221 3.85229 2.55638 2.55625 245.294 36.8964 14.4347 22.4616 19.8241 9.21046 6.25329 10.6136
internal_count=3333 3305 3277 3263 98 81 3165 405 318 312 287 172 132 122 52 87 42 115 98 60 43 70 2760 418 163 255 222 110 74 112
is_linear=0
shrinkage=0.1


Tree=52
num_leaves=31
num_cat=0
split_feature=1 0 0 2 1 2 3 3 2 0 0 2 0 3 2 2 3 3 3 1 1 1 1 1 1 2 3 1 1 3
split_gain=0.265564 1.78705 3.57378 2.87616 1.45188 1.56673 2.0941 1.4393 2.03772 0.58974 0.769884 1.97538 2.72223 2.26543 1.41216 2.60434 2.13186 3.22975 4.05712 3.76282 1.10176 1.15239 1.40965 2.0045 1.18806 3.28748 1.7874 1.03879 3.61496 3.46409
threshold=2.7709547501131695 0.30985915491320609 0.42805383019603888 26.773658806346575 3.1409650384746111 37.186219814970997 222.79708247803228 158.54887925779283 25.720117430065432 0.47759221432569848 0.32434640521772184 25.842430527409711 0.37259526450433755 113.50459355462804 26.203273155880492 26.397805226977784 199.38270971716938 173.51792874797468 137.5000955155746 -0.2196219484294874 2.5488244864361076 2.419916050869594 2.2649386210786568 2.1234905006965739 1.7100854047331449 26.717538667821305 134.80662879155133 0.33966027037356689 0.31354628891914577 132.14855255947001
decision_type=2 2 2 2 2 2 2 2 2 2 2 2 2 2 2 2 2 2 2 2 2 2 2 2 2 2 2 2 2 2
left_child=9 4 3 -3 -2 7 -7 -6 -9 10 20 12 -12 -13 -15 -16 17 18 19 -17 21 22 23 24 27 -26 -27 28 -1 -29
right_child=1 2 -4 -5 5 6 -8 8 -10 -11 11 13 -14 14 15 16 -18 -19 -20 -21 -22 -23 -24 -25 25 26 -28 29 -30 -31
leaf_value=0.0011344668074170813 -0.1111233549897076 0.17092374224311141 -0.051805296307331931 0.010220994763251053 0.014999941351785714 -0.032864846484640192 0.1577097511421974 0.038550060112149682 -0.11307391949925985 0.018990617337284549 -0.042747065405165929 -0.11199198401260374 0.072879645798638801 -0.082668757326767817 0.11086463706325894 -0.07388263950691272 -0.10921014522036916 0.073268940687319359 -0.094374607655705905 0.083992220845201332 0.059985144343872976 -0.078286815361748072 0.070486003937852024 -0.11074374802754333 0.11808904686743943 0.069990417794414936 -0.056962347762129162 0.023269884267875303 0.10014837410708247 -0.031372659110716808
leaf_weight=132.31153465132229 2.1275357166305211 2.0532929059118024 3.4319878672249615 2.433744540438056 2.7764262035489065 1.3027236722409727 1.0344394207932053 1.177463525906205 3.5851148311048746 15.554309844039379 3.3862080127000791 2.9067831560969379 5.1070298552513123 2.9581582546234158 1.6709315925836588 2.4724759007804096 2.3159280905965707 3.84258173033595 5.5779461301863194 3.876934324391188 3.1403136188164344 1.849124870263039 2.8792614182457319 1.6208054171875108 3.1574460789561254 1.7003066111356018 3.1890600039623678 17.594345946796238 3.7930274158716193 34.063828491605818
leaf_count=1728 43 11 35 31 29 24 22 10 68 132 30 42 37 29 11 34 55 34 76 37 29 20 32 29 22 16 48 160 24 435
internal_value=-0.000746676 -0.0118659 0.0250077 0.0837595 -0.0361919 -0.0200501 0.0514844 -0.0422265 -0.0755876 0.000122155 -0.0011037 -0.0150147 0.0267799 -0.028869 -0.018232 -0.00858393 -0.0196196 -0.00646263 -0.0321494 0.0225154 0.00120793 0.000294888 0.0010203 7.23619e-06 0.000923973 0.0385505 -0.0128138 -0.00068856 0.00389383 -0.0127619
internal_weight=274.891 19.9227 7.91903 4.48704 12.0037 9.87617 2.33716 7.539 4.76258 254.968 239.414 34.115 8.49324 25.6217 22.715 19.7568 18.0859 15.7699 11.9274 6.34941 205.299 202.159 200.31 197.43 195.81 8.04681 4.88937 187.763 136.105 51.6582
internal_count=3333 273 77 42 196 153 46 107 78 3060 2928 385 67 318 276 247 236 181 147 71 2543 2514 2494 2462 2433 86 64 2347 1752 595
is_linear=0
shrinkage=0.1


Tree=53
num_leaves=31
num_cat=0
split_feature=0 0 0 2 1 1 3 3 1 1 1 0 3 0 0 0 0 0 0 2 2 2 1 1 2 0 0 0 2 3
split_gain=0.27632 1.63818 2.07615 2.21968 4.49277 1.496 1.452 4.63463 2.11487 1.28945 4.52605 4.92338 3.8152 2.02073 1.60053 2.02832 1.57349 2.51467 1.57151 1.5482 1.49059 3.16687 2.08232 2.04328 2.22395 1.91481 1.8261 3.66574 1.63407 2.44443
threshold=0.13840072969701972 0.10812371133773251 0.11612481750452565 38.416299240948952 0.069422401946570719 1.4646777298908795 139.12124010638931 158.13953408936609 0.11137999605892676 0.32606359396463941 0.18556383640440879 0.075268817196197949 147.36506323641046 0.10195477360537021 0.010489638730236906 0.062781719319698961 0.058292880256980269 0.050678955451304471 0.04651162790577449 34.869866503127732 32.53698551997784 34.628978993986799 -0.4909915281705815 0.11137999605892676 27.56364074996916 0.078947368413249577 0.079809368096845842 0.068204043872233208 26.473642416753574 134.27461611743684
decision_type=2 2 2 2 2 2 2 2 2 2 2 2 2 2 2 2 2 2 2 2 2 2 2 2 2 2 2 2 2 2
left_child=1 9 -3 5 -5 6 -4 -8 -9 10 13 12 -12 20 -11 16 17 18 19 -16 22 -22 25 24 26 -1 27 28 29 -24
right_child=-2 2 3 4 -6 -7 7 8 -10 14 11 -13 -14 -15 15 -17 -18 -19 -20 -21 21 -23 23 -25 -26 -27 -28 -29 -30 -31
leaf_value=-0.0083044719920345039 0.0018957241891812519 -0.087926802335888177 -0.065675300827284372 -0.056434783391873911 0.16504928599225732 -0.11129206583373918 0.1440145419065556 0.027044723456406197 -0.11370976819964447 -0.10936204782016008 0.1253446673713591 0.2169413704345427 -0.048984469989747509 0.079121098218826319 0.019253163294674563 -0.041262766718030364 0.093513444910236873 -0.11414949722779928 0.098838238530786215 -0.070175262157348969 0.11204221580211023 -0.00063334652433202378 0.076111578506894581 0.036983518404974811 -0.1090280811001173 0.088902258864515193 -0.10886277823595324 0.12562930409864448 -0.10895702184594079 -0.059052587109727196
leaf_weight=7.7296760766766948 162.00716852385085 4.7690481324680176 3.833344452083109 1.8112424910068505 1.8526652227155862 2.0438432036899021 1.8707830272614954 2.0934489918872714 2.178135808557272 1.7052929317578698 2.3488188777118912 2.0192215871065855 2.696713438257575 3.0210847603157154 9.7483153585344606 12.163575811311601 2.0766378734260789 1.6952363536693145 1.9202328321989615 2.4155647326260796 2.9493151945062008 16.172981877811253 2.1231804601848214 3.0784940961748353 4.8163041407242408 2.7464538402855396 2.2911225873976937 1.6611734069883812 2.2912325253710151 3.6180079970508814
leaf_count=71 1859 91 49 31 19 32 22 29 26 30 22 15 27 37 91 160 20 24 20 53 32 266 30 30 80 25 35 20 37 50
internal_value=-0.000742853 -0.00456838 -0.0301489 -0.0125798 0.0555593 -0.0333505 -0.0173817 0.0127575 -0.0447278 0.00116275 0.00983642 0.0849807 0.03217 -0.00027569 -0.0151222 -0.00976877 0.0116851 0.000916075 0.014766 0.00149401 -0.0051236 0.0167451 -0.0188996 -0.0379126 -0.051636 0.0171795 -0.0285719 -0.00959478 -0.0375603 -0.00906678
internal_weight=273.748 111.741 20.4525 15.6835 3.66391 12.0196 9.97571 6.14237 4.27158 91.2886 59.5638 7.06475 5.04553 52.499 31.7249 30.0196 17.856 15.7793 14.0841 12.1639 49.4779 19.1223 30.3556 19.8795 16.801 10.4761 11.9847 9.69359 8.03242 5.74119
internal_count=3333 1474 299 208 50 158 126 77 55 1175 777 64 49 713 398 368 208 188 164 144 676 298 378 282 252 96 172 137 117 80
is_linear=0
shrinkage=0.1


Tree=54
num_leaves=31
num_cat=0
split_feature=1 1 2 0 0 3 2 1 1 2 0 1 2 2 1 0 1 1 1 2 1 2 2 2 2 0 1 1 1 1
split_gain=0.287087 2.19696 1.5179 1.24803 1.6609 1.36945 0.956463 0.466965 1.13343 1.4795 0.468387 1.38899 1.1076 0.988526 1.27857 0.865617 2.00289 2.95486 3.08667 1.50085 1.88778 2.25628 1.63814 1.50607 1.37881 1.07445 0.870877 0.958211 1.13315 1.25041
threshold=4.3100588649643141 3.5253885748930354 35.027752827793208 0.19122909211265496 0.055900621115696596 200.10952851813136 27.74592280196698 3.1409650384746111 2.7709547501131695 26.141951629635042 0.45172331129759241 0.83011460367075529 27.308627748143177 39.376152128491647 -0.2058212291156454 0.32434640521772184 -0.70339585733826304 -0.35129745159053022 -0.30930367393534214 41.587910614520894 1.4161840336791998 26.900678059143775 48.633510119682121 26.242626365615781 25.800061346913761 0.39534883718250913 2.5488244864361076 2.419916050869594 2.2649386210786568 2.0885214968309507
decision_type=2 2 2 2 2 2 2 2 2 2 2 2 2 2 2 2 2 2 2 2 2 2 2 2 2 2 2 2 2 2
left_child=1 7 -3 4 -2 -5 -7 8 10 -10 15 13 -13 -12 -15 26 -17 -18 -19 20 21 23 -21 24 -20 -23 27 28 29 -1
right_child=3 2 -4 5 -6 6 -8 -9 9 -11 11 12 -14 14 -16 16 17 18 19 22 -22 25 -24 -25 -26 -27 -28 -29 -30 -31
leaf_value=0.0007988308847190755 0.049912823262359685 -0.11850528231540039 0.014947054229032745 0.096736393173695104 -0.10944562493845288 0.04723211703898611 -0.053824879746075763 0.037084440561088783 0.027865863884998617 -0.11341715615938056 -0.0240355822586799 0.090184608106374187 0.010851416481614948 0.083070617976511704 -0.027896256778930359 0.066470312528825223 -0.11241907556991659 0.12411958560908837 0.020728701319646534 0.11507498141260741 -0.11523367719409999 -0.091551950597907952 -0.03461978897170534 0.079190254677190527 -0.074850842688798006 -0.011604584247150768 0.053236902405245257 -0.074152514389465518 0.062234332502205551 -0.076551061315162039
leaf_weight=194.39408617839217 1.150017032399772 2.6588868154212828 1.2543814643286166 2.5937650427222252 1.5164313009008763 2.1139965504407887 1.681519190315157 3.3095448610838494 1.1883285380899899 1.9698725682683287 8.6927791163325328 3.5149347260594359 3.5244551715441048 2.3928992627188563 1.8342754151672114 2.6000833660364178 3.4094450520351591 1.5389957651495993 4.3730788193643111 1.5422540456056588 2.4206018978729835 4.5952643845230332 1.3898099790094418 2.4658933617174625 2.3047364950180054 2.650729775428772 3.1508033145219079 1.7160424087196577 2.9667378710582843 2.1126480835955581
leaf_count=2425 16 42 23 16 31 15 39 39 11 41 68 20 35 29 23 22 51 15 35 12 28 55 46 24 25 29 29 20 32 37
internal_value=-0.000757058 -0.00135766 -0.0757277 0.0167503 -0.0407156 0.0407327 0.00246105 -0.000238566 -0.000719667 -0.0602569 2.18065e-05 0.0147256 0.0504644 -0.0047466 0.0349194 -0.00123435 -0.0173115 -0.0254731 -0.0127402 -0.0224276 -0.0328006 -0.020626 0.0441191 0.0124032 -0.012259 -0.0623056 0.0010702 0.000253227 0.000893329 -3.27595e-05
internal_weight=273.027 263.972 3.91327 9.05573 2.66645 6.38928 3.79552 260.058 256.749 3.1582 253.591 19.9593 7.03939 12.92 4.22717 233.631 29.2909 26.6908 23.2814 21.7424 18.8103 16.3897 2.93206 9.14371 6.67782 7.24599 204.34 201.19 199.473 196.507
internal_count=3333 3216 65 117 47 70 54 3151 3112 52 3060 175 55 120 52 2885 342 320 269 254 196 168 58 84 60 84 2543 2514 2494 2462
is_linear=0
shrinkage=0.1


Tree=55
num_leaves=31
num_cat=0
split_feature=2 3 3 3 3 2 3 3 2 3 3 0 3 0 0 2 0 0 0 3 1 3 1 1 0 1 1 0 2 2
split_gain=0.285164 1.49611 1.90508 1.79103 4.19466 1.34702 1.23308 1.29645 1.38881 1.34423 1.49088 3.08758 2.05786 1.67544 2.86575 1.27754 1.53255 1.01734 1.59882 1.47588 2.86085 1.85091 4.91312 2.29399 3.13685 0.990641 0.953888 0.701055 0.630752 0.480779
threshold=39.867297911561046 101.37537737279656 102.50254357099801 108.48627978506089 109.70549469826361 38.962074463542116 287.85562106839353 221.0526294847642 40.542074974675458 193.35110854888634 176.45931859762504 0.079809368096845842 184.36175608049044 0.024602774274213066 0.079809368096845842 62.455470997965399 0.12639528610191555 0.10195477360537021 0.13840072969701972 121.83127559434426 1.5969722503765726 137.5000955155746 -0.01599164417019492 -0.25087630073160855 0.27706523455459497 0.32606359396463941 -0.2196219484294874 0.23110513939590718 73.698550783737815 35.587942347969836
decision_type=2 2 2 2 2 2 2 2 2 2 2 2 2 2 2 2 2 2 2 2 2 2 2 2 2 2 2 2 2 2
left_child=5 -2 -3 -4 -5 29 7 8 -6 10 13 -12 -13 -10 28 -11 -17 -16 -19 -20 21 22 26 24 -23 -9 27 -21 -15 -1
right_child=1 2 3 4 6 -7 -8 25 9 15 11 12 -14 14 17 16 -18 18 19 20 -22 23 -24 -25 -26 -27 -28 -29 -30 -31
leaf_value=-0.0011877606125825415 -0.11035988809141756 0.093471432973878235 -0.086187405857527585 0.14328551961947342 -0.11109892241669006 0.072872257433482551 -0.1032828866946815 -0.00638209422468818 0.055004205101780536 -0.10579891539543217 0.15623735223002386 0.06744527509153557 -0.10852778392963727 -0.10856956286249318 0.055609570776271801 -0.10483991104518504 0.084202102300759488 -0.10683335893910793 -0.072428525837164484 0.020849824502864944 -0.11267408859469763 -0.057413682581751162 0.20288703887282811 -0.076928145510348656 0.12218201347446317 0.09804737361064858 0.069888151545349095 -0.10672262390579564 -0.018181580969393842 0.018872787550707003
leaf_weight=206.33331303461455 1.3755629742518056 1.9033135846257199 2.7970909234136334 1.8606635518372048 1.3765523843467224 2.56443859450519 1.3742065604310472 1.6864520702511065 3.439382933080199 2.5806956635788074 1.734005907550453 1.4156167656183245 1.2525235638022421 3.7144417008385089 2.5928273927420404 0.74008989427238692 1.0197072569280861 1.5983067983761454 2.4759902628138653 0.7619730746373532 1.6125498544424761 1.7275148387998318 1.879147645086048 2.6229712525382665 2.2252732403576374 1.9689187612384556 1.0325939618051054 0.99100002180784941 0.97460379637777794 12.681302119512109
leaf_count=2254 20 15 49 16 18 26 110 40 36 70 17 14 28 80 28 23 26 37 49 15 24 38 11 48 24 20 14 25 15 143
internal_value=-0.000730987 -0.00749381 -0.00462705 -0.00856155 -0.00369956 0.000817466 -0.0100899 -0.00699824 -0.012502 -0.00877245 -0.00169967 0.0523516 -0.015163 -0.0103056 -0.0195841 -0.0609987 0.00469971 -0.00272132 -0.0116561 -0.00173228 0.0118866 0.0297559 0.0779352 -0.00442153 0.043692 0.0498675 -0.00635743 -0.0512701 -0.0897827 -2.62223e-05
internal_weight=272.313 50.734 49.3584 47.4551 44.658 221.579 42.7973 41.4231 37.7678 36.3912 32.0507 4.40215 2.66814 27.6486 24.2092 4.34049 1.7598 19.5201 16.9273 15.329 12.853 11.2405 4.66471 6.57576 3.95279 3.65537 2.78557 1.75297 4.68905 219.015
internal_count=3333 910 890 875 826 2423 810 700 640 622 503 59 42 444 408 119 49 313 285 248 199 175 65 110 62 60 54 40 95 2397
is_linear=0
shrinkage=0.1


Tree=56
num_leaves=31
num_cat=0
split_feature=3 3 3 3 3 2 0 0 1 1 0 0 0 0 2 2 2 0 3 3 0 2 1 3 1 2 3 0 2 1
split_gain=0.266953 0.909055 1.34995 0.574584 0.961561 1.09221 0.558232 0.427434 0.4843 1.83544 1.55408 2.61772 2.85172 1.80409 1.42059 0.573078 2.17352 2.03895 1.76062 1.94744 2.01848 1.57457 1.56429 2.08842 1.53532 1.02297 1.67531 1.23054 2.4403 1.70047
threshold=100.64181718721322 101.37537737279656 101.82133996116444 105.09866404328382 103.13020003857717 54.067708362829713 0.16007117436637869 0.57995433788713169 4.3100588649643141 3.5253885748930354 0.31457536173471928 0.23110513939590718 0.18512230396194365 0.042857142854092777 35.027752827793208 25.607266419431074 25.371691890206307 0.28276503932375208 115.51795859284938 124.1292657944209 0.38997956563693575 25.800061346913761 0.79987288786144994 170.42639257694606 -0.24571667599724811 25.280812854134581 188.53217578466692 0.10424081596434402 25.102480437944525 0.39988234777904091
decision_type=2 2 2 2 2 2 2 2 2 2 2 2 2 2 2 2 2 2 2 2 2 2 2 2 2 2 2 2 2 2
left_child=-1 -2 -3 4 5 6 -4 8 9 15 11 12 13 -10 -11 16 18 -18 -5 -20 25 22 23 24 -17 26 27 -21 -29 -30
right_child=1 2 3 7 -6 -7 -8 -9 10 14 -12 -13 -14 -15 -16 21 17 -19 19 20 -22 -23 -24 -25 -26 -27 -28 28 29 -31
leaf_value=0.031149179222447629 -0.068290687519255752 0.075312533863828315 0.0013178770350202355 -0.072641686234894129 -0.10702960741263093 0.062529375398325704 -0.10778154426787089 -0.032990610430309868 0.066321701652659659 -0.1170878519791807 0.078642109406942509 -0.12336720495740881 0.14519831558790391 -0.10933451649654476 0.016057406982586248 0.081385723134587779 -0.069734227308873104 0.015391993513585948 0.089363252349781153 -0.11332821062152748 0.096617411288133032 -0.00027931337971451049 0.077541619690043764 -0.075366141359419089 -0.0076725923054088265 0.027484047563264821 0.061458213684302404 0.087554562259041097 -0.11029941556748801 0.028026050428363376
leaf_weight=2.603002503514289 1.9944878770038474 2.3265993669629088 0.89713989291340046 2.4201199542731073 1.3542235512286422 1.3365415297448633 0.98274358361959457 4.0054049692116669 1.0312806824222196 2.3654687311500306 3.1833864036016166 1.4664561238605527 1.4347442071884868 1.3502272516489027 1.2118877654429523 3.6737542003393164 9.1757373842410725 4.05813169106841 3.1800268609076765 2.1443501207977551 2.0441918671131125 193.67844793794211 5.2136897854506961 2.228269886225462 4.091747634112834 4.8518913872539988 1.6702871825546024 1.4436293356120584 2.6628903504461054 1.3338931202888487
leaf_count=28 28 14 24 32 42 11 21 50 13 41 34 16 17 30 22 29 125 33 32 29 13 2420 28 24 36 42 23 19 38 19
internal_value=-0.000721245 -0.00102986 -0.000527076 -0.0011942 -0.0363424 -0.00658066 -0.0557158 -0.000576127 -6.87966e-05 -0.000873451 0.0234498 -0.00980942 0.033827 -0.0332689 -0.0719827 0.000169655 -0.0116755 -0.0436305 0.00776655 0.0178331 0.00374936 0.00215353 0.0331376 0.00997228 0.0344597 -0.00970785 -0.0292054 -0.049171 -0.0238833 -0.0641344
internal_weight=271.415 268.812 266.817 264.491 4.57065 3.21643 1.87988 259.92 255.915 247.448 8.46609 5.28271 3.81625 2.38151 3.57736 243.871 34.9851 13.2339 21.7513 19.3312 16.1511 208.886 15.2075 9.99377 7.7655 14.1069 9.25505 7.58476 5.44041 3.99678
internal_count=3333 3305 3277 3263 98 56 45 3165 3115 3005 110 76 60 43 63 2942 405 158 247 215 183 2537 117 89 65 170 128 105 76 57
is_linear=0
shrinkage=0.1


Tree=57
num_leaves=31
num_cat=0
split_feature=2 3 3 3 2 3 3 2 3 2 3 0 0 3 3 3 0 0 0 3 3 3 0 3 1 0 3 1 3 3
split_gain=0.255676 1.34117 1.75083 1.17927 1.02098 1.2231 0.936867 1.38019 1.27167 1.19337 1.05038 2.21857 1.23837 1.72314 1.74012 3.49348 1.61126 1.94998 1.61687 2.13376 2.53701 2.12436 2.2575 1.98344 1.62544 0.953649 0.747489 1.45464 0.772812 0.950544
threshold=39.867297911561046 101.37537737279656 101.82133996116444 287.85562106839353 38.962074463542116 101.02505057277627 221.0526294847642 40.542074974675458 193.35110854888634 62.455470997965399 176.45931859762504 0.079809368096845842 0.37589808914496142 171.03779199064869 108.48627978506089 109.70549469826361 0.024602774274213066 0.079809368096845842 0.10195477360537021 123.8270286059179 126.82926493407199 152.78748945776638 0.27706523455459497 159.76978382773225 0.25089879193686421 0.11612481750452565 105.09866404328382 -0.46396887092104083 106.36373407404388 113.08391660191822
decision_type=2 2 2 2 2 2 2 2 2 2 2 2 2 2 2 2 2 2 2 2 2 2 2 2 2 2 2 2 2 2
left_child=4 -2 -3 6 5 -1 7 -4 10 -10 12 -12 13 14 -9 -16 -17 -18 -19 -20 -21 24 23 -23 -22 -8 27 -7 -28 -30
right_child=1 2 3 -5 -6 26 25 8 9 -11 11 -13 -14 -15 15 16 17 18 19 20 21 22 -24 -25 -26 -27 28 -29 29 -31
leaf_value=0.069155079168389311 -0.10941167170396407 0.13992258604777913 -0.10976753613924613 -0.10296466076626348 0.061946256437784064 0.040603163247725151 -0.029903172711252226 -0.082769201840837581 -0.10511911262303851 0.0038122598568757198 0.12792039014725856 -0.01428611451307964 0.038789504216900937 -0.11235347149044568 0.13001729948813862 0.051677223409897069 -0.085039147753597666 0.070048054050206157 -0.1066105258037154 0.14807131069616664 -0.10679057909141876 0.088996676683192555 0.14884291288253929 -0.10940459539505457 0.015765138609635149 0.078277402785239147 0.043757539129000982 -0.080023182980187943 -0.025528459686876833 0.0010710977224791696
leaf_weight=2.5278695821762076 1.2511038687080134 0.82459405064582725 1.3090934418141831 1.2482071918202553 2.693477250635623 1.4801632128655908 1.2003400912508362 2.7742963414639297 2.3398060146719208 1.7638530307449398 1.8965967632830132 2.6023988956585526 5.2154292794875792 1.6845543095841993 1.9251125641167188 3.4587681554257896 3.9320568591356304 2.3658382762223473 2.3090549083426586 1.0395427402108888 2.9348092298023403 0.90438858978450376 1.255742100998759 1.1378359161317346 1.7143443524837492 2.53750313911587 3.9701670575886956 3.0797947524115434 14.441088538616894 192.75132607249543
leaf_count=25 20 4 19 110 26 15 23 48 70 49 17 42 70 26 15 35 89 24 53 14 74 17 11 23 20 37 40 75 162 2080
internal_value=-0.000701768 -0.00718804 -0.00454423 -0.00704954 0.000755086 -8.77397e-08 -0.00446383 -0.00867918 -0.00547142 -0.0582977 0.000363751 0.0456625 -0.00587783 -0.0143687 -0.00795906 0.0010735 -0.0107176 -0.022984 -0.00512331 -0.0208676 0.00116336 -0.0180533 0.0433332 -0.0215436 -0.061599 0.0435372 -0.000810459 -0.0408678 5.45622e-05 -0.000782863
internal_weight=270.569 49.6253 48.3742 47.5496 220.944 218.25 46.3014 42.5635 41.2544 4.10366 37.1508 4.499 32.6518 27.4363 25.7518 22.9775 21.0524 17.5936 13.6616 11.2957 8.98666 7.94712 3.29797 2.04222 4.64915 3.73784 215.723 4.55996 211.163 207.192
internal_count=3333 910 890 886 2423 2397 776 716 697 119 578 59 519 449 423 375 360 325 236 212 159 145 51 40 94 60 2372 90 2282 2242
is_linear=0
shrinkage=0.1


Tree=58
num_leaves=31
num_cat=0
split_feature=2 2 3 3 3 3 3 3 3 1 1 0 0 0 2 2 0 2 3 0 0 2 1 3 3 3 3 2 3 3
split_gain=0.238144 1.42341 0.906141 1.39331 1.99824 2.83008 0.984987 2.07324 1.44601 1.35251 4.15476 1.54421 1.98798 1.50737 1.3044 1.64132 1.48474 1.38839 1.21632 1.2725 1.44254 1.46443 1.14517 0.881388 1.36693 0.842435 0.620739 0.771964 1.21254 3.35679
threshold=43.041402035848513 44.242985382396846 101.37537737279656 102.79851636070073 108.48627978506089 109.70549469826361 112.84606049809462 115.51795859284938 121.83127559434426 0.39126434751302697 0.29109315820129467 0.22162162161262935 0.11612481750452565 0.0075853471420628772 45.949242622862947 47.635070883055917 0.020857501932886022 50.056989058237733 126.82926493407199 0.14170040485255989 0.12639528610191555 73.698550783737815 2.8383766626567213 164.36445126393099 146.75552696011496 193.98781229044263 100.64181718721322 34.869866503127732 159.18257178190393 169.30655306572939
decision_type=2 2 2 2 2 2 2 2 2 2 2 2 2 2 2 2 2 2 2 2 2 2 2 2 2 2 2 2 2 2
left_child=26 -2 -3 -4 -5 -6 -7 -8 -9 10 13 12 22 -10 -15 -16 -17 -18 -19 20 21 -20 -11 24 -21 -14 -1 -28 -29 -30
right_child=1 2 3 4 5 6 7 8 9 11 -12 -13 25 14 15 16 17 18 19 23 -22 -23 -24 -25 -26 -27 27 28 29 -31
leaf_value=0.053360786039133017 -0.10840255109455693 -0.10714437174585688 0.073538381958452997 -0.10829221526200616 0.11345573880347548 -0.11528290648521336 0.10834902845030536 -0.10503227952206128 0.11256116015058321 -0.10910725753039743 0.19661410277989205 -0.10762476089572062 -0.0023197387592319664 -0.11063649003355139 0.08840124619251738 -0.1087729771027787 -0.10881966348569233 0.092751215132263351 -0.045528640053693004 -0.067079102688943418 0.12879595757904796 0.062172135909809093 0.043351471532159958 -0.079355507501015277 0.051530068744395419 0.11382230964736276 -0.0020297353326263956 -0.00096503367368360534 0.15557910075594866 0.013647941968781892
leaf_weight=2.2070777900516978 1.3559718360193063 0.83813770860433479 2.2960437946021548 1.8413681341335166 2.0213917754590502 0.84031910356134076 1.5215147882699955 1.5600506574846829 1.0605188906192875 2.0063013536855574 1.0905909352004517 2.4663462762255222 1.3241411605849864 1.205032057827341 1.7673532571643615 1.4738684694748396 1.1618760733399529 1.417968226596712 2.708216786850242 1.8569334056228401 1.1483695227652786 2.3649956583976746 0.65304569900035847 2.7007949803955853 2.0380799723789096 1.182058881036937 199.8570511227008 15.706716804765167 2.111273452639578 7.9074446265585721
leaf_count=21 26 16 18 40 14 14 18 47 10 57 7 79 18 20 18 28 22 29 79 50 14 28 20 80 36 31 2200 171 16 106
internal_value=-0.000689084 -0.00761759 -0.004247 -0.00207505 -0.00671569 -0.0014573 -0.00838116 -0.0056347 -0.0111957 -0.0062545 0.00633153 -0.0425266 -0.0114448 -0.00359577 -0.00980368 -0.00328454 -0.0128892 -0.00371092 0.00486795 -0.00485444 0.027588 0.00467857 -0.0716685 -0.0354562 -0.00501642 0.0524591 0.000585397 6.90477e-05 0.0163742 0.0435575
internal_weight=269.691 41.9013 40.5453 39.7072 37.4111 35.5698 33.5484 32.7081 31.1865 29.6265 21.9946 7.63189 5.16555 20.904 19.8435 18.6385 16.8711 15.3972 14.2354 12.8174 6.22158 5.07321 2.65935 6.59581 3.89501 2.5062 227.79 225.582 25.7254 10.0187
internal_count=3333 819 793 777 759 719 705 691 673 626 421 205 126 414 404 384 366 338 316 287 121 107 77 166 86 49 2514 2493 293 122
is_linear=0
shrinkage=0.1


Tree=59
num_leaves=31
num_cat=0
split_feature=2 2 0 0 0 0 1 1 1 3 3 3 0 0 1 0 0 2 3 3 3 0 0 0 0 2 1 2 3 1
split_gain=0.245931 1.44408 0.913898 0.81052 1.1537 1.03007 1.04548 2.71585 1.73433 1.07556 1.85209 2.36616 1.35422 3.46558 0.800922 1.04327 1.8504 2.11594 1.59291 2.00075 1.86835 0.56625 1.23995 0.558833 2.0035 0.687679 2.61313 1.00864 1.14388 0.740518
threshold=51.202493045150483 52.866884243325096 0.60706241745741263 0.0075853471420628772 0.018508911878980346 0.57995433788713169 -0.02510135825495707 0.016972607212694828 -0.16844689735170526 131.79963725401498 177.87470281983568 193.35110854888634 0.20117785425839674 0.22960080701976629 -0.2196219484294874 0.16406970534893947 0.081860939415876868 68.607783511079717 109.70549469826361 146.75552696011496 164.36445126393099 1.0000000180025095e-35 0.0057473162673052289 0.51527596289627042 0.50410270860908046 47.259644985917433 -0.13112929656686137 43.041402035848513 124.55371159969496 4.3100588649643141
decision_type=2 2 2 2 2 2 2 2 2 2 2 2 2 2 2 2 2 2 2 2 2 2 2 2 2 2 2 2 2 2
left_child=2 -2 21 -3 -5 6 8 -8 14 -9 -11 -12 -13 -14 15 16 17 -6 -17 -20 -21 -1 -23 24 25 27 -27 29 -29 -24
right_child=1 3 -4 4 5 -7 7 9 -10 10 11 12 13 -15 -16 18 -18 -19 19 20 -22 22 23 -25 -26 26 -28 28 -30 -31
leaf_value=0.073318284614909204 -0.10545565006877285 0.074986250069766294 0.071220564192848904 -0.10675294728112864 -0.1053024029458962 -0.10726938338426462 0.19085671506492188 0.057814138204248904 -0.10650223265969411 -0.10695310430180871 0.1473197786411104 -0.10621286729294366 0.24067757963626552 -0.103802434207733 0.064490704485531056 0.088056655185987917 -0.1096754722198805 0.065280354962366421 -0.1050570461838773 0.11293183747204999 -0.050340457474130018 -0.070839812763707127 -0.0005408578240198368 -0.026862540803505343 0.10867544184585812 0.10563265656120782 -0.038230733900348104 0.025721576036401819 -0.073618138508986991 0.031864487995190365
leaf_weight=1.0442580906674255 1.4837083746679152 1.2351787583902503 1.8073984701186407 1.1299638622440422 1.1110094413161351 0.92150003742426534 0.91606038808821733 2.8861128930002451 1.8352522442583019 1.6182862594723699 1.0574530893936755 1.2189634358510377 0.51063535781577207 0.68222253257408738 1.5589312724769122 2.068907592445612 2.4010553783737123 2.1047218823805451 1.6612069220282135 1.439169926568866 1.3661765237338839 2.4785964833572498 207.49203346949071 7.3568094298243514 1.7194785103201855 2.6377678764984012 2.4217981393449 1.6746166441589583 3.765676794340834 7.2999372757039955
leaf_count=12 39 12 15 32 43 26 8 31 47 39 11 50 9 40 26 20 64 31 54 15 40 37 2317 53 11 38 45 23 61 84
internal_value=-0.000675032 -0.00933866 0.000380605 -0.00419454 -0.00788692 -0.00348135 0.000432553 0.027786 -0.0152086 0.00905149 -0.018611 0.0225973 -0.0320867 0.0436616 -0.00298891 -0.0116454 -0.043251 0.00634538 0.0155175 -0.0180827 0.0334198 -0.000157608 -0.000481564 0.000262521 0.00114157 0.000320846 0.0367714 -0.00051656 -0.0430397 0.000560473
internal_weight=268.905 29.2065 239.698 27.7228 26.4876 25.3577 24.4362 8.88973 15.5464 7.97367 5.08756 3.46927 2.41182 1.19286 13.7112 12.1522 5.61679 3.21573 6.53546 4.46655 2.80535 237.891 236.847 234.368 227.011 225.292 5.05957 220.232 5.44029 214.792
internal_count=3333 637 2696 598 586 554 528 188 340 180 149 110 99 49 293 267 138 74 129 109 55 2681 2669 2632 2579 2568 83 2485 84 2401
is_linear=0
shrinkage=0.1


Tree=60
num_leaves=31
num_cat=0
split_feature=2 2 1 0 3 2 1 1 2 3 3 3 1 2 0 2 1 2 1 2 3 0 3 1 3 2 2 1 0 1
split_gain=0.233412 1.36493 3.94736 1.35911 1.0689 0.884785 3.26398 2.21692 1.15885 0.949768 2.50841 2.29112 4.13516 1.31284 2.86497 1.96759 1.77624 1.0755 2.79822 1.04962 2.72617 3.41269 2.95574 4.76949 3.5028 3.34423 3.42743 3.00193 1.71595 1.63975
threshold=31.079464191410487 32.310681622377437 1.7812749596480175 0.16807079644602485 135.8103775408193 30.25367180820853 0.73036814648837478 0.069422401946570719 30.01452901750017 206.91763810590041 223.91995994287848 196.01774191214139 0.26105552778767843 27.797844012662008 0.44274004681352247 26.161930557385841 1.308932603651894 26.686081830472904 1.747809742507638 27.082181353862843 122.8416142888034 0.098039215678267996 153.1380419853526 0.1566947249437092 142.66495089930589 27.274032680536234 28.086103106616196 0.13511537625424302 0.23110513939590718 -0.23048438736049967
decision_type=2 2 2 2 2 2 2 2 2 2 2 2 2 2 2 2 2 2 2 2 2 2 2 2 2 2 2 2 2 2
left_child=5 2 3 -2 -5 8 7 -7 9 11 -11 19 -13 15 -15 16 -12 -17 -19 29 21 -21 24 -24 25 -22 -27 -26 -25 -1
right_child=1 -3 -4 4 -6 6 -8 -9 -10 10 13 12 -14 14 -16 17 -18 18 -20 20 22 -23 23 28 27 26 -28 -29 -30 -31
leaf_value=0.01399888643892408 -0.11074648509782588 -0.00025439956099771528 0.098446234369206562 0.013441529986075671 -0.075936015975390972 0.020970137741309861 -0.07034291571968658 0.14490792390794935 -0.071462258201336351 -0.089294801541236674 -0.1103612957645729 0.14105282286110107 -0.0060601126930685117 -0.10817041533275494 0.08029293665253287 0.095431302784456717 0.018620370806625527 0.090794072413570612 -0.072338889507932366 0.059706798190516545 0.13997581107236537 -0.073103282077822795 -0.070794394137279643 0.090503482885955569 0.21007123114748519 -0.066439642341231328 0.056722800794821629 0.0492842835872698 -0.00043907237063565101 -0.013508241842654804
leaf_weight=31.703433957882226 3.7521238140761835 79.711354055558331 1.7742219958454359 2.6168749742209911 2.7381535731256008 3.499123531393705 2.2044221651740372 2.4564471133053303 2.2454670537263146 4.1103293625637916 1.8849551640450934 3.3144410960376254 4.5114073436707258 2.6981910106260325 1.1505752368830142 2.8656139774248004 2.4625446833670139 2.2967071225866675 1.9393417127430437 2.7646098081022483 2.174523243680599 6.4459690833464265 6.1351507455110541 4.1911067310720664 2.3793019168078891 4.0652625001966936 5.0867426358163357 2.268074095249176 4.1087769381701946 68.486683841794729
leaf_count=333 56 1274 17 22 35 40 32 19 26 69 28 33 45 59 9 23 24 23 23 33 18 76 65 49 18 47 43 24 36 734
internal_value=-0.000659531 -0.00478954 -0.0380116 -0.0645958 -0.0322593 0.00144895 0.0336116 0.0720898 -0.000101336 0.000857926 -0.0199388 0.00359188 0.0562459 -0.00130391 -0.05183 0.015681 -0.0373025 0.0481165 0.0161088 0.000644574 0.0144232 -0.0332395 0.0288598 -0.00393685 0.0584969 0.0285013 0.00201483 0.131602 0.0454833 -0.00480409
internal_weight=268.042 90.5927 10.8814 9.10715 5.35503 177.449 8.15999 5.95557 169.289 167.044 19.4083 147.635 7.82585 15.2979 3.84877 11.4492 4.3475 7.10166 4.23605 139.81 39.6195 9.21058 30.4089 14.435 15.9739 11.3265 9.15201 4.64738 8.29988 100.19
internal_count=3333 1404 130 113 57 1929 91 59 1838 1812 258 1554 78 189 68 121 52 69 46 1476 409 109 300 150 150 108 90 42 85 1067
is_linear=0
shrinkage=0.1


Tree=61
num_leaves=31
num_cat=0
split_feature=1 1 1 3 1 1 2 0 3 1 1 1 2 2 2 3 1 3 3 2 1 3 0 3 0 0 3 3 1 0
split_gain=0.266 2.16 1.67615 5.46314 2.06626 1.57286 1.29702 1.34368 1.65368 1.49028 1.60658 1.46522 1.22349 3.0772 2.6716 2.52109 3.12717 1.66022 1.75792 1.19849 1.17034 1.15288 2.12002 1.70732 1.99498 4.18504 1.62013 0.969681 1.33597 1.07936
threshold=-0.094394531511986998 -0.10493619285434021 -0.051622473297168826 124.97190972983556 -0.081441973292464651 -0.02510135825495707 25.039018712157532 0.0028819401186802067 225.75653526687111 -0.12378283309731937 -0.16394054346414691 -0.89379055948823305 25.607266419431074 26.141951629635042 25.947004888448877 133.48347753929929 -0.35129745159053022 155.30536052980531 122.09732175691606 26.334393813745191 -0.39018008720521585 118.35608640722121 0.098039215678267996 110.69487408668427 0.16406970534893947 0.20492349643426058 102.50254357099801 182.36771521530565 -0.37016567485314611 0.25637414227139416
decision_type=2 2 2 2 2 2 2 2 2 2 2 2 2 2 2 2 2 2 2 2 2 2 2 2 2 2 2 2 2 2
left_child=1 6 3 -2 -5 -4 -1 -8 9 10 12 -10 17 14 15 16 -14 18 -9 -15 -20 22 -21 24 -24 -26 -27 29 -29 -23
right_child=2 -3 5 4 -6 -7 7 8 11 -11 -12 -13 13 19 -16 -17 -18 -19 20 21 -22 27 23 -25 25 26 -28 28 -30 -31
leaf_value=0.08382428776009139 0.19332744095296567 -0.11240279288258972 -0.073080282940207561 0.07722203197560705 -0.070253578221793497 0.001202384984939504 0.092903173133875264 -0.077013860188310121 0.080162275143484285 0.06497929474765253 -0.065150692954327807 -0.10698113188759312 -0.019642823845257066 -0.063902019356065376 0.10525710611021331 -0.055681138010346833 0.13643559071388672 -0.10790221841557202 0.056715152101724148 0.024420127337608052 -0.047547692604895386 -0.00085196124936825926 -0.11509145136897658 -0.11060222650143033 0.12987557149602855 0.022147865098564999 -0.10901422715695774 -0.084657598400953132 0.011598356326810295 0.036401615413783735
leaf_weight=1.7012994587421406 1.9076781794428814 1.829154148697852 2.9030151925981036 1.5625257277861235 2.4236977430991833 157.45968747045845 1.403169598430394 2.727612770162521 0.49753902480006251 3.0937978941947213 4.3142732391133896 2.6289872500346965 2.655869116075336 3.560154339298605 4.7814508136361829 3.3511411678045988 2.4846586454659692 2.4023376945406199 3.3350541740655899 5.4339110180735615 1.589797969907522 25.291382934432477 1.8670999212190489 3.4179061013273895 1.8041648436337707 1.6117586158216002 2.2654246650636196 2.7098435433581471 3.0817122980952254 11.230921422597019
leaf_count=12 20 26 52 20 38 1790 14 45 5 36 78 98 25 41 41 38 19 44 34 81 22 354 29 53 16 15 41 58 58 130
internal_value=-0.000676877 -0.00472261 0.0017826 0.0541567 -0.0124459 -0.00014234 -0.00273791 -0.00424774 -0.00566571 -0.00326109 -0.00560907 -0.0772001 -0.00260823 0.00175327 0.0454688 0.0118035 0.0557972 -0.0353786 -0.0126112 -0.00756426 0.0230579 -0.0041482 -0.0266562 -0.0519648 -0.0254141 0.00405721 -0.0544897 0.00457558 -0.0334394 0.0106038
internal_weight=267.327 101.07 166.257 5.8939 3.98622 160.363 99.2413 97.54 96.1368 93.0103 89.9165 3.12653 85.6022 75.5474 13.2731 8.49167 5.14053 10.0548 7.65246 62.2743 4.92485 58.7141 16.4003 10.9664 7.54845 5.68135 3.87718 42.3139 5.79156 36.5223
internal_count=3333 1413 1920 78 58 1842 1387 1375 1361 1258 1222 103 1144 999 123 82 44 145 101 876 56 835 235 154 101 72 56 600 116 484
is_linear=0
shrinkage=0.1


Tree=62
num_leaves=31
num_cat=0
split_feature=1 1 1 3 1 0 1 2 0 3 1 0 2 0 1 3 3 1 3 1 2 2 2 2 0 1 2 3 2 2
split_gain=0.22681 1.93771 1.27939 3.75205 1.68718 1.6499 1.27198 1.01604 1.02792 1.45956 1.52548 1.19379 2.6011 2.35767 1.65336 1.5657 1.64908 0.974641 1.903 1.3977 1.06931 1.04022 1.02434 0.865818 1.74439 1.16619 3.09683 2.90522 2.08854 1.86696
threshold=-0.094394531511986998 -0.10493619285434021 -0.051622473297168826 124.97190972983556 -0.081441973292464651 0.0057473162673052289 -0.02510135825495707 25.039018712157532 0.0028819401186802067 225.75653526687111 -1.018241474193758 0.031843089055153838 68.607783511079717 0.038601464910134671 -0.12378283309731937 132.55953068155529 145.01606733223335 0.0054524384270358888 172.2490324094899 0.016972607212694828 25.260956490555571 25.190084981370003 25.292373053327331 25.441143698654923 0.07272727272396283 0.19680508070183955 42.090812582531974 137.12143858775065 30.410011307629208 25.800061346913761
decision_type=2 2 2 2 2 2 2 2 2 2 2 2 2 2 2 2 2 2 2 2 2 2 2 2 2 2 2 2 2 2
left_child=1 7 3 -2 -5 -4 -7 -1 -9 11 -11 12 15 -13 -15 -10 -17 18 -8 -19 21 -21 -22 24 -24 26 27 28 -25 -27
right_child=2 -3 5 4 -6 6 17 8 9 10 -12 13 -14 14 -16 16 -18 19 -20 20 22 -23 23 25 -26 29 -28 -29 -30 -31
leaf_value=0.07254968102800459 0.15236578929213029 -0.1111835611937254 -0.10943219713442698 0.065397717951903397 -0.067118904423700207 -0.068508004529975103 -0.0079305431174759543 0.078358348464468569 -0.11056862399492523 0.091583237058521588 -0.10632811995020086 0.092121562685594252 0.070416300416388217 -0.0051406646753740463 0.071166182785915286 0.052580132885717792 -0.073506657715131388 -0.074613697310182289 0.12112357040467317 -0.012828348710565006 0.066038661086392697 -0.10772444454926806 0.036318285650671994 -0.052710779449590878 -0.072367350345031889 0.032646195329386611 -0.077123629687124384 0.070454076159170084 0.047781229077381693 -0.0052277359605373891
leaf_weight=1.76541532203555 2.1624648096039882 1.6723080743104208 1.3692835383117188 1.6551042497158053 2.2902377182617784 2.6038853265345088 2.6876436229795209 1.4920200873166312 3.5549856126308423 0.46290361508727107 2.4547842160100108 2.7332165502011767 1.8458100110292432 77.038952858652905 2.9481500145048036 1.7850779257714746 2.4762092754244804 2.4325171038508406 1.987591605633497 3.8093670830130568 2.5685260817408553 1.6578378453850744 2.2977372705936423 4.5345700923353487 4.132833905518055 15.029809544328598 2.636522725224494 11.641890456899999 3.8023068364709616 97.105723528889939
leaf_count=12 20 26 25 20 38 50 35 14 57 4 99 26 17 1069 31 20 38 28 17 49 13 33 17 50 46 109 51 103 32 1184
internal_value=-0.00068425 -0.00444226 0.00157928 0.0464991 -0.0115271 -0.000132293 0.000809403 -0.00263109 -0.00400233 -0.00529177 -0.0749286 -0.00309245 -0.0363538 0.000792615 -0.00232816 -0.0615675 -0.0206882 0.00196401 0.0469345 0.000577612 0.00180337 -0.041604 0.00345427 0.00231567 -0.0335324 0.00402641 0.0247416 0.0381844 -0.00687809 -0.000151397
internal_weight=266.636 100.23 166.406 6.10781 3.94534 160.298 158.929 98.5575 96.7921 95.3001 2.91769 92.3824 9.66208 82.7203 79.9871 7.81627 4.26129 156.325 4.67524 151.65 149.217 5.4672 143.75 141.181 6.43057 134.751 22.6153 19.9788 8.33688 112.136
internal_count=3333 1413 1920 78 58 1842 1817 1387 1375 1361 103 1258 132 1126 1100 115 58 1767 52 1715 1687 82 1605 1592 63 1529 236 185 82 1293
is_linear=0
shrinkage=0.1


Tree=63
num_leaves=31
num_cat=0
split_feature=0 1 1 2 3 3 0 0 3 0 1 0 3 1 2 0 3 0 2 3 0 1 3 3 1 2 2 0 0 2
split_gain=0.237295 1.1853 4.00486 3.40636 2.18673 5.08623 2.71516 3.5361 2.19534 2.0051 1.83435 2.40172 3.88762 1.57338 2.32808 3.20316 2.90411 2.08854 1.87588 1.45145 1.31115 1.24467 1.3571 2.1832 1.85411 1.44585 1.493 1.49604 1.3687 1.21311
threshold=0.13840072969701972 0.32606359396463941 0.18556383640440879 26.978287232737149 131.46632328870712 133.82987942038878 0.12639528610191555 0.10526315789102907 124.1292657944209 0.13328658251254741 0.70722045143591694 0.051579647487827417 163.11675650355446 0.11137999605892676 32.752803369730515 0.066784037556907261 147.81628825213753 0.081860939415876868 34.628978993986799 188.53217578466692 0.07272727272396283 0.90647471441915273 123.40680812652273 133.48347753929929 1.747809742507638 26.717538667821305 37.186219814970997 0.027777777777056485 0.031843089055153838 37.986842205143262
decision_type=2 2 2 2 2 2 2 2 2 2 2 2 2 2 2 2 2 2 2 2 2 2 2 2 2 2 2 2 2 2
left_child=1 2 4 -4 8 -6 7 13 29 -8 11 12 -3 14 15 19 -16 -17 -18 -7 -5 -12 -23 -24 28 -26 27 -27 -25 -1
right_child=-2 10 3 20 5 6 9 -9 -10 -11 21 -13 -14 -15 16 17 18 -19 -20 -21 -22 22 23 24 25 26 -28 -29 -30 -31
leaf_value=-0.029869981331341423 0.0017966342935019693 0.078370103820390849 0.13310611158717589 -0.044592058646434736 0.14228527957062409 -0.087827141026646183 0.15970660902822661 -0.10713531005125815 -0.090265221760369968 0.0043422669375127133 0.038495007297011274 -0.090016851231127598 -0.11027486610915878 0.070620966471445903 0.12008234486023446 0.089111236919253239 0.092908344473385307 -0.028577324957042495 -0.025156430469722921 0.021248790454699767 0.065209679232980183 0.038979267188941159 -0.11654536161137924 0.029793672041150118 0.077208451277826884 0.059388065814048853 0.036370620673657025 -0.087076988645368336 -0.088654932176612147 0.027306975743523788
leaf_weight=13.401851241476839 157.60503182129469 2.7644499465823156 4.1184051763266307 2.3430211339145899 2.6750056724995366 7.4491552822291904 1.7333763167262071 3.3333445542957625 4.7457108264788976 1.5950811207294462 5.4414967456832555 6.7630086243152618 1.806177109479904 2.9676388949155799 2.6504346542060366 2.7297644696664056 1.7018966390751282 3.3688433698844165 6.4308948651887476 1.4588776691816745 2.0295079313218594 3.8310096822679069 2.3447531927377012 1.280797351617365 2.560403196141122 0.91033916361629996 3.625837187981233 2.9812720422632992 4.0932759216520935 5.1315287603065363
leaf_count=181 1859 21 38 25 31 93 19 70 76 21 59 93 26 25 30 28 14 48 126 34 16 39 28 21 25 11 70 57 67 82
internal_value=-0.000679483 -0.00428398 0.0034735 0.0678427 -0.00543191 0.00932382 -0.000717955 -0.00963475 -0.0295784 0.0852521 -0.0183968 -0.0521731 0.00382317 0.00166675 -0.00626781 -0.0317365 0.0291761 0.0241006 -0.000449779 -0.0699637 0.00637238 -0.00425492 -0.0150107 -0.0266329 -0.0129892 0.0123064 -0.00979893 -0.0528154 -0.0604252 -0.0140388
internal_weight=265.872 108.267 69.8643 8.49093 61.3734 38.0943 35.4193 32.0909 23.2791 3.32846 38.4028 11.3336 4.57063 28.7575 25.7899 15.0066 10.7832 6.09861 8.13279 8.90803 4.37253 27.0692 21.6277 17.7967 15.4519 10.0779 7.51745 3.89161 5.37407 18.5334
internal_count=3333 1474 957 79 878 539 508 468 339 40 517 140 47 398 373 203 170 76 140 127 41 377 318 279 251 163 138 68 88 263
is_linear=0
shrinkage=0.1


Tree=64
num_leaves=31
num_cat=0
split_feature=2 0 2 3 3 3 0 0 0 3 1 0 1 3 1 2 1 1 2 3 0 0 0 3 1 0 1 0 2 3
split_gain=0.239579 0.777967 1.30731 0.833346 1.55103 1.45269 1.08447 1.01362 1.37851 1.19265 0.734065 0.86441 1.5351 2.08007 0.801894 0.40201 2.21941 1.87288 0.639458 1.19715 0.707926 0.462173 1.59485 0.713506 0.514844 1.65908 1.01266 1.04416 0.794445 0.726745
threshold=59.882272358761263 0.31457536173471928 80.647282377916767 102.79851636070073 128.20512721504545 130.60963517657592 0.16406970534893947 0.29854809435655882 0.14170040485255989 203.69234013607721 0.016972607212694828 0.079809368096845842 -0.56665881240760452 143.6619710890599 2.1620953017602393 55.689282672125081 -0.45836074990447423 -0.17191375293079933 51.202493045150483 113.50459355462804 0.60706241745741263 0.51527596289627042 0.50410270860908046 172.83972002575862 4.3100588649643141 0.31457536173471928 2.9434779568532794 0.26822455374689724 29.8832973918867 309.60199633185249
decision_type=2 2 2 2 2 2 2 2 2 2 2 2 2 2 2 2 2 2 2 2 2 2 2 2 2 2 2 2 2 2
left_child=15 3 -3 -2 6 -6 -5 8 10 -10 11 12 -7 -14 -12 18 -17 -18 20 -20 21 22 24 -23 26 28 29 -28 -26 -1
right_child=1 2 -4 4 5 7 -8 -9 9 -11 14 -13 13 -15 -16 16 17 -19 19 -21 -22 23 -24 -25 25 -27 27 -29 -30 -31
leaf_value=-0.00043838392288919815 0.07178412998027052 -0.10560008771585223 0.032722760749160085 -0.11025748161994416 0.1320309131209999 0.097103989576772326 -0.00015476158031999465 0.090741545780294156 -0.10641787679939484 0.055287659549728724 -0.10643658530198337 0.085289753907022092 0.079200811220022441 -0.1115237651731824 0.035522220210118548 0.16320024445573134 -0.10803411481095798 0.046909888335339392 0.051750918572417204 -0.074899942364691038 0.06197800976469732 -0.051716695869073605 0.095913314948335063 0.012080585690594354 -0.037231048186171102 0.092670542589682756 -0.08454076182781925 -0.0034579254742845688 0.045722085105790927 0.059490891680954394
leaf_weight=210.28837233688682 1.3733738139271796 1.9831568485824385 1.0424143814016131 2.2160971867851909 0.87803000072017212 1.137638717889786 1.5001632487401364 1.0699459055904288 2.1511826133355503 0.5788316357647999 0.95397604280151405 1.8242040697950868 0.89146311022341107 1.5948174856603143 0.68266600067727268 0.97521912166848768 1.2065684823319318 2.2072163145057848 1.0187855586409562 2.7907932808157057 1.8445241264998902 4.2078852318227282 1.7411335092037905 3.0049283429980278 3.2132011074572793 2.4721360285766423 2.904739507706835 3.5041665406897664 1.8019611490890381 2.043164911097846
leaf_count=2363 12 76 19 50 10 8 26 10 71 28 31 27 13 39 22 14 34 43 12 92 15 32 11 21 39 23 72 31 29 60
internal_value=-0.000694537 -0.0112533 -0.0579431 -0.00287092 -0.00949468 0.00829782 -0.0658117 -0.00168327 -0.0117588 -0.0721322 0.0115052 0.0291476 0.000886832 -0.0431389 -0.0472236 0.000161359 0.0301539 -0.00785354 -0.000385228 -0.04103 0.000268032 -0.000215958 0.000572566 -0.0251381 -0.000161212 0.0256238 -0.00104381 -0.0402075 -0.00742577 0.000138287
internal_weight=265.103 19.878 3.02557 16.8524 15.479 11.7628 3.71626 10.8847 9.81478 2.73001 7.08477 5.44812 3.62392 2.48628 1.63664 245.225 4.389 3.41378 240.836 3.80958 237.026 235.182 227.969 7.21281 226.228 7.4873 218.74 6.40891 5.01516 212.332
internal_count=3333 442 95 347 335 259 76 249 239 99 140 87 60 52 53 2891 91 77 2800 104 2696 2681 2628 53 2617 91 2526 103 68 2423
is_linear=0
shrinkage=0.1


Tree=65
num_leaves=31
num_cat=0
split_feature=2 0 2 3 3 3 0 0 3 3 1 1 1 3 1 1 3 3 3 2 1 0 2 1 1 1 2 0 3 3
split_gain=0.209687 0.674001 1.19852 0.953171 1.09304 1.17448 0.81632 1.19655 1.27888 0.792976 0.60903 1.01225 0.738642 0.876537 0.352614 1.2171 1.18185 2.49041 2.21232 1.72355 1.38744 1.57558 1.30612 1.07051 1.42939 0.983297 1.12037 0.883264 0.793919 0.771253
threshold=59.882272358761263 0.31457536173471928 80.647282377916767 101.82133996116444 128.20512721504545 130.60963517657592 0.29854809435655882 0.14170040485255989 206.91763810590041 111.28156457047199 0.016972607212694828 2.419916050869594 -0.2196219484294874 161.90475921333623 -0.4909915281705815 -0.43207278977803992 129.60742257646348 146.25347243181156 123.40680812652273 26.070535869006559 -0.62662442371139926 0.11999999999499941 25.607266419431074 -0.62662442371139926 -0.51088788781343453 -0.80355167576219444 26.795545859873098 0.25637414227139416 139.12124010638931 105.09866404328382
decision_type=2 2 2 2 2 2 2 2 2 2 2 2 2 2 2 2 2 2 2 2 2 2 2 2 2 2 2 2 2 2
left_child=14 3 -3 -2 9 -6 7 10 -9 -5 12 -12 13 -7 16 28 18 25 20 22 21 -1 -19 -21 -25 -18 -27 -23 -16 -17
right_child=1 2 -4 4 5 6 -8 8 -10 -11 11 -13 -14 -15 15 29 17 19 -20 23 -22 27 -24 24 -26 26 -28 -29 -30 -31
leaf_value=0.036575341189105333 0.10253964751065021 -0.10507822159630793 0.028982690690826807 -0.016955071117765005 0.11825024890197114 0.038912317842969897 0.080258132837006682 -0.10578392145175837 0.068665443099442711 -0.10686020078114529 -0.10571449225346859 0.060850738733011084 0.077230369222332187 -0.06282420992214767 -0.084254525822651707 -0.035755944193683151 -0.11406470192922871 0.016554921164627159 0.099061709204941492 0.020557135923374052 0.044826872056151587 -0.11386956743338746 0.1314109629606347 -0.10980884820354471 0.030825034877760806 -0.077538739347411789 0.023662416145628584 -0.015663856725991621 0.00096245868519512505 0.00079543796143301628
leaf_weight=2.580053223296999 0.81485012918711319 1.8028926537372165 1.0583421443589029 2.4607209460809818 0.88206101022660632 2.1849093204364185 1.0877173400949676 2.0299289035610859 0.52994290553033341 1.6315043359063564 0.99443224794231333 0.57629115763120353 1.8582616918720285 1.3828669735230503 2.8889415874145916 5.9443353982642284 2.0844140723347664 1.9998980015516274 3.5655904039740554 5.2273805367294681 5.7393174115568391 1.8570934161543848 1.9608682133257387 1.8278082245960834 1.195371472625993 2.3628063760697868 2.0370361469686031 1.806931212544441 1.7588702463544903 200.09201111318544
leaf_count=28 7 76 19 32 10 28 10 73 26 49 37 16 23 36 53 114 23 24 28 52 50 25 19 38 12 23 19 18 36 2329
internal_value=-0.000661632 -0.0106986 -0.0554904 -0.00289985 -0.0084008 0.00736183 -0.00182712 -0.0111699 -0.0696695 -0.0527988 0.0102331 -0.0446025 0.0261068 -0.000520671 0.000129046 -0.00140067 0.00954035 -0.00740177 0.029911 0.0191941 0.00933559 -0.0232866 0.073417 -0.00683616 -0.0542019 -0.0574878 -0.0306847 -0.065439 -0.0520059 -0.000259103
internal_weight=264.223 19.2947 2.86123 16.4335 15.6186 11.5264 10.6444 9.55663 2.55987 4.09223 6.99676 1.57072 5.42604 3.56778 244.929 210.684 34.2446 18.6956 15.549 12.2113 11.9834 6.24408 3.96077 8.25056 3.02318 6.48426 4.39984 3.66402 4.64781 206.036
internal_count=3333 442 95 347 340 259 249 239 99 81 140 53 87 64 2891 2532 359 210 149 145 121 71 43 102 50 65 42 43 89 2443
is_linear=0
shrinkage=0.1


Tree=66
num_leaves=31
num_cat=0
split_feature=0 0 1 2 3 3 3 3 1 1 0 2 3 1 3 0 0 2 1 3 3 2 0 3 0 0 2 0 3 2
split_gain=0.210032 1.1411 3.18773 2.95767 3.06266 4.26406 3.97822 3.24174 2.80853 3.07871 2.10931 2.09797 1.6081 1.53927 1.25623 1.12479 1.66602 1.68955 3.00707 1.36419 2.89354 1.11445 0.928512 3.70723 1.56892 1.80253 2.47306 1.23475 3.68023 1.2081
threshold=0.13840072969701972 0.18512230396194365 2.1234905006965739 25.425048288441989 151.70476240171033 158.13953408936609 137.12143858775065 122.8416142888034 0.66739218865932848 -0.10493619285434021 0.1875334941013653 26.717538667821305 184.36175608049044 -1.0000000180025095e-35 101.02505057277627 0.10812371133773251 0.11612481750452565 38.416299240948952 0.069422401946570719 172.83972002575862 139.12124010638931 25.518822309292919 0.19592809407034539 161.90475921333623 0.22025800695807937 0.21375428697262697 27.2518863809712 0.22960080701976629 147.36506323641046 25.190084981370003
decision_type=2 2 2 2 2 2 2 2 2 2 2 2 2 2 2 2 2 2 2 2 2 2 2 2 2 2 2 2 2 2
left_child=15 2 3 -2 6 -6 7 11 9 12 -3 -5 -7 -13 -12 -1 21 19 -19 20 -18 -17 23 -16 25 26 -24 28 -26 -29
right_child=1 10 -4 4 5 8 -8 -9 -10 -11 14 13 -14 -15 22 16 17 18 -20 -21 -22 -23 24 -25 27 -27 -28 29 -30 -31
leaf_value=0.0006787536539634931 -0.079792083316658033 -0.11211275616108443 -0.11013881389518335 0.066778981001309273 0.20512835756783021 0.011172894732325765 -0.088499900652345032 0.10558482862308234 0.12787762158111682 -0.059262452721565974 0.08125021091820106 -0.0029173298308496024 0.15535974766278363 -0.12114223498915139 0.099801607025194056 0.030887750267130296 -0.066175007613706524 -0.051645677475887344 0.13601117706482468 -0.082627486644169204 0.054685873852652014 -0.10752595701926881 -0.08395976755941395 -0.068770350263122809 -0.062972401317655691 -0.10827091463680404 0.025195297458396701 0.052357043620474275 0.11060057041381599 -0.004947875431447024
leaf_weight=88.100732977385633 2.3770734164863887 1.7319000957068045 1.7991825039498497 2.6921455822885054 2.0860488926991811 1.6103519825264805 3.3732812413945785 4.1657806737348437 2.9226610995829105 3.2140121636912218 1.8301404155790795 3.2431905814446553 1.4884601152734829 1.6675100866705133 3.5330998729914418 0.70519858412444847 4.0268410313874465 1.5670506525784724 1.876400042325258 3.3763053261209279 3.8987384121865034 3.3217705169226974 3.3636584449559432 2.068343729712069 1.928864512592553 2.8382290061563245 5.420382498530671 3.8252139948308459 3.3311989339999855 96.196830061031505
leaf_count=1175 32 26 35 18 22 23 43 37 26 37 16 47 25 19 39 14 56 31 19 57 45 77 48 26 28 52 93 37 36 1094
internal_value=-0.000638597 0.00169258 0.0190017 0.027058 0.0366558 0.0759985 0.00723948 0.0346816 0.0468315 0.00930944 -0.00251426 -0.00416799 0.0804305 -0.0430626 -0.000987644 -0.00405679 -0.0262813 -0.0107129 0.050612 -0.0293974 -0.00672132 -0.0832871 -0.00221621 0.0375561 -0.00412189 -0.0389891 -0.0166033 -0.000272846 0.0469514 -0.00275632
internal_weight=263.581 156.708 30.6397 28.8405 26.4634 11.3215 15.1419 11.7686 9.23549 6.31282 126.068 7.60285 3.09881 4.9107 124.336 106.873 18.7723 14.7453 3.44345 11.3019 7.92558 4.02697 122.506 5.60144 116.904 11.6223 8.78404 105.282 5.26006 100.022
internal_count=3333 1859 364 329 297 133 164 121 111 85 1495 84 48 66 1469 1474 299 208 50 158 101 91 1453 65 1388 193 141 1195 64 1131
is_linear=0
shrinkage=0.1


Tree=67
num_leaves=31
num_cat=0
split_feature=1 3 1 1 0 0 0 3 3 3 3 2 2 1 3 3 1 2 0 0 3 3 3 1 2 2 0 0 2 3
split_gain=0.204994 0.467405 1.51242 1.63251 2.38613 1.29138 0.951326 0.844359 0.937822 0.686489 1.58579 1.21414 1.13393 1.22673 0.703646 2.1672 1.77783 1.50957 1.319 0.783644 0.904533 1.19248 0.700795 0.663576 1.46535 0.657875 0.620044 0.550526 0.387262 1.13457
threshold=-1.212569147693104 271.18913841680109 1.2067170955782769 1.7812749596480175 0.037841037095351589 0.29854809435655882 0.38997956563693575 260.36953973681062 244.84822745990905 222.79708247803228 211.23592373204849 36.132036400473531 29.294554265337904 1.308932603651894 196.01774191214139 193.98781229044263 0.25089879193686421 30.646309120904093 0.078947368413249577 0.16807079644602485 198.56938096256559 203.69234013607721 191.0854864984118 0.34765097715127646 26.203273155880492 45.36702746237841 0.12476415093545797 0.16406970534893947 59.882272358761263 164.36445126393099
decision_type=2 2 2 2 2 2 2 2 2 2 2 2 2 2 2 2 2 2 2 2 2 2 2 2 2 2 2 2 2 2
left_child=-1 7 25 -4 -5 -6 -7 8 9 10 14 27 23 -14 15 22 17 -16 -18 -20 -21 -22 28 -11 -25 -3 -24 -12 -2 -30
right_child=1 2 3 4 5 6 -8 -9 -10 12 11 -13 13 -15 16 -17 18 -19 19 20 21 -23 26 24 -26 -27 -28 -29 29 -31
leaf_value=0.040185446110266893 5.7057270872645067e-05 -0.11205106017752853 0.11678999968823225 0.16132727309138922 -0.10669096954264115 0.095690096098351607 -0.043968570159425811 0.064673192245797165 -0.055931693402784505 0.038024545299497559 -0.028158730009615437 0.022746511627965024 0.018904897309123168 0.11758297506251601 0.10103099538692704 -0.11450234023014233 -0.10963419797713375 -0.0082962469385971811 0.05810426959471654 0.04629594710066464 -0.1124605679024525 0.019553976821165258 0.096015711535631557 0.03611140664723398 -0.079828987377568092 -0.0017061209002949898 0.012236940108929929 -0.11154132823045178 -0.0048431811942669985 -0.080796061955719367
leaf_weight=1.2232065964490164 197.02643793867901 2.1012227146420615 1.0743433381430803 0.62949923682026554 1.9470945394132284 0.76030999887734685 1.3605551454238591 1.9985613268800069 3.0244965874589971 2.4678046479821187 1.1416703779250377 1.4176046494394539 3.1582869761623442 2.0958236772567034 3.7984984088689071 1.6761869238689531 1.119078400544822 1.8920891005545852 2.0982854012399912 1.4830927578732369 1.460444638039917 1.2874061996117232 1.3660127101466053 2.0096006337553263 2.3825344033539295 0.7273284327238797 2.5003775134682655 2.5839674770832062 12.718676095595582 2.3264600117690852
leaf_count=14 2196 55 14 12 79 21 35 26 39 27 24 37 39 16 39 26 27 43 29 12 25 20 23 19 28 43 29 43 244 49
internal_value=-0.000656611 -0.000847559 -0.0237737 0.00558284 -0.0198511 -0.0478876 0.00609773 -6.83223e-05 -0.000583748 9.12223e-05 -0.00110102 -0.0560194 0.0233078 0.0582668 0.000123049 -0.00123382 0.0225964 0.0646803 -0.00955617 0.00813875 -0.016641 -0.0506099 -0.000354594 -0.00346776 -0.026781 -0.0836772 0.0418363 -0.0859899 -0.0011238 -0.0165879
internal_weight=262.857 261.634 8.60035 5.7718 4.69746 4.06796 2.12087 253.033 251.035 248.01 235.896 5.14324 12.1141 5.25411 230.753 217.614 13.1389 5.69059 7.44831 6.32923 4.23094 2.74785 215.938 6.85994 4.39214 2.82855 3.86639 3.72564 212.072 15.0451
internal_count=3333 3319 259 161 147 135 56 3060 3034 2995 2866 104 129 55 2762 2567 195 82 113 86 57 45 2541 74 47 98 52 67 2489 293
is_linear=0
shrinkage=0.1


Tree=68
num_leaves=31
num_cat=0
split_feature=1 1 2 0 1 3 1 1 0 3 3 3 3 1 2 3 1 2 0 1 2 1 3 0 2 3 0 2 2 0
split_gain=0.186982 1.71054 1.24608 1.20535 1.19494 2.38486 1.16367 1.0283 1.35597 0.919637 1.0314 0.992916 2.05311 1.95965 0.944259 1.70946 0.985401 2.50898 2.72733 2.89398 1.67428 1.3937 1.0876 2.03618 7.60555 1.72248 2.7277 1.65326 2.03015 1.78456
threshold=-0.094394531511986998 -0.10493619285434021 25.137125144120208 0.28867897523418112 -0.051622473297168826 124.97190972983556 -0.081441973292464651 -0.02510135825495707 0.0057473162673052289 205.75107587233413 196.74267009426782 223.91995994287848 225.75653526687111 -0.64029819483190653 25.039018712157532 189.61940964694904 -0.21484301266894593 27.115002229315937 0.13840072969701972 -0.12378283309731937 25.518822309292919 -0.1910875081996061 121.20994185674054 0.27706523455459497 26.221795554203442 124.55371159969496 0.17264757450894749 26.348123628480678 27.115002229315937 0.04651162790577449
decision_type=2 2 2 2 2 2 2 2 2 2 2 2 2 2 2 2 2 2 2 2 2 2 2 2 2 2 2 2 2 2
left_child=1 9 3 -2 5 -4 -7 -6 -9 10 14 -11 -13 -14 -1 16 22 20 21 -20 -18 -19 23 27 -25 26 -24 -16 -29 -30
right_child=2 -3 4 -5 7 6 -8 8 -10 11 -12 12 13 -15 15 -17 17 18 19 -21 -22 -23 25 24 -26 -27 -28 28 29 -31
leaf_value=0.071192759196705396 -0.10893444954845483 -0.1102346872612819 0.12471763165184496 0.011639060856984929 -0.064434215285483459 0.055295651416648807 -0.057743879323868132 -0.10827466816307114 0.0028331397779267267 -0.10439700749384018 0.062507433303647192 0.14891761121862579 0.062890142040869276 -0.10595125186653256 -0.080090490599249053 -0.10684986978915259 0.0084468661149136436 0.020591218816230421 0.0028083516431913745 0.16543472956757632 -0.10969534222766573 -0.10659986004655136 -0.011611875615034985 0.1804802011739941 -0.04834858122108121 0.0063375486085620091 0.15201520263372562 0.071008984059162492 0.047064455208163006 -0.0526617541529023
leaf_weight=1.7345587462186802 1.9788192305713885 1.4947469206526864 2.363005816936492 1.4270063564181326 2.3644039286300531 1.7301124446094038 1.9227957008406518 1.1064557125791896 150.9047451838851 1.7512865485623468 2.5605187676846972 0.64622376114130053 1.0524433413520458 1.9819543182384221 4.9632843201980057 1.5662228250876058 1.6840049643069495 1.42161450535059 3.2114999722689381 1.6597669832408435 4.1697256900370121 2.1865677461028081 1.9408216839656223 2.2879705801606169 3.9775551443453878 43.063503226730973 2.1445024190470576 2.3903127983212462 2.2910671001300207 8.2768146609887463
leaf_count=11 36 26 20 13 49 20 35 22 1725 56 36 4 13 92 69 36 31 15 52 13 63 45 26 12 55 542 22 21 37 136
internal_value=-0.000630727 -0.00407477 0.00143945 -0.0584154 0.00271044 0.0464346 -0.00420541 0.00100654 0.00202441 -0.00243823 -6.57633e-05 -0.0424155 -0.0129239 -0.0473907 -0.0018666 -0.00331929 -0.00142651 -0.0253529 0.00940947 0.0582194 -0.0757081 -0.0564869 0.00338091 -0.0138586 0.0352124 0.0122246 0.0742806 -0.0310143 -0.012217 -0.0310416
internal_weight=262.254 98.457 163.797 3.40583 160.392 6.01591 3.65291 154.376 152.011 96.9622 91.5303 5.43191 3.68062 3.0344 88.9698 87.2352 85.669 14.3332 8.47945 4.87127 5.85373 3.60818 71.3358 24.187 6.26553 47.1488 4.08532 17.9215 12.9582 10.5679
internal_count=3333 1413 1920 49 1871 75 55 1796 1747 1387 1222 165 109 105 1186 1175 1139 219 125 65 94 60 920 330 67 590 48 263 194 173
is_linear=0
shrinkage=0.1


Tree=69
num_leaves=31
num_cat=0
split_feature=2 2 0 3 2 3 3 3 1 2 3 3 2 2 2 3 2 3 3 3 3 2 2 3 1 3 3 3 0 1
split_gain=0.164784 1.14231 3.69059 1.74871 1.18103 1.53184 1.54576 1.8647 2.95637 2.11319 1.53437 1.35598 1.20574 1.27976 1.85394 1.7949 1.05301 1.27827 1.04 1.36846 1.55527 2.50049 2.16515 1.1768 1.07671 1.86967 2.50098 1.54896 1.37161 2.24715
threshold=31.079464191410487 32.53698551997784 0.16807079644602485 145.39930780874104 33.096538785441503 101.37537737279656 118.66070496806546 112.84606049809462 -0.077079993574675501 37.986842205143262 121.20994185674054 109.70549469826361 34.094080804259157 36.548070112380316 35.587942347969836 161.90475921333623 37.186219814970997 122.09732175691606 123.8270286059179 124.55371159969496 126.47878431953326 37.773505048708564 38.962074463542116 129.60742257646348 -0.20139606304800639 177.87470281983568 137.87034565233185 135.43453142848878 0.024096385540722371 -0.26538987481067955
decision_type=2 2 2 2 2 2 2 2 2 2 2 2 2 2 2 2 2 2 2 2 2 2 2 2 2 2 2 2 2 2
left_child=-1 2 -2 -4 -3 -6 7 9 -9 -7 -8 -11 -12 14 15 -14 -15 -18 -19 -20 -21 -22 -23 -24 27 26 -26 -25 -29 -30
right_child=1 4 3 -5 5 6 10 8 -10 11 12 -13 13 16 -16 -17 17 18 19 20 21 22 23 24 25 -27 -28 28 29 -31
leaf_value=0.0011441534841224361 -0.1093066767278314 0.061799118769513384 0.050543084798793658 -0.050351704366279761 -0.10801619799073692 -0.10727063192228309 -0.10994332273195123 -0.0050410929730143267 0.1389607248533245 0.039279953315676519 -0.056713501662526533 -0.060902888034390791 -0.055004920123444628 -0.10924580882376551 0.095312944707721725 0.05787194294751577 0.11975534387395487 -0.11636084683459953 0.10233862641964762 -0.11202303716100047 0.11792095149812223 -0.099959692486413565 0.06542332974096686 -0.10849468294799364 0.028350577947700184 0.0048880446046699506 -0.097334843507063465 0.08695063501326869 -0.028398005638073209 0.079612479597473917
leaf_weight=174.02434551960323 4.1171479248441738 2.9917415194213381 4.2352581359446049 2.8900456847622991 1.3455304102972139 1.5201749755069638 1.4440353028476227 2.640873153693974 3.0983138168230644 7.1618090029805881 4.2380545251071444 1.6651501711457966 2.9276261329650861 1.012723575811832 3.1257720510475338 2.7153192569967359 0.79236310999840398 0.87455847393721242 1.1300372639670957 1.4195332364179183 1.5746503900736559 2.5315237157046786 2.2754268818534937 0.9706579996272805 2.2100162338465621 9.1967538041062635 5.5821908675134182 2.6039723007706916 6.3014578708680329 2.7741888375021517
leaf_count=1929 71 39 32 40 26 32 29 47 21 92 50 26 31 17 29 29 12 15 11 26 16 32 30 27 29 243 110 32 169 41
internal_value=-0.000634865 -0.00417846 -0.0339328 0.00961984 0.000215814 -0.00230346 -0.000322052 0.0269834 0.0726986 0.00162682 -0.00820783 0.0203811 -0.00550016 -0.00116089 0.0335321 -0.000689895 -0.00853574 -0.00600099 -0.00852716 -0.00608211 -0.00935449 -0.00530846 -0.0109417 -0.00388064 -0.00920116 -0.025648 -0.0616881 0.0128864 0.0229741 0.00461799
internal_weight=261.391 87.3669 11.2425 7.1253 76.1245 73.1327 71.7872 16.0863 5.73919 10.3471 55.7009 8.82696 54.2568 50.0188 8.76872 5.64295 41.2501 40.2373 39.445 38.5704 37.4404 36.0208 34.4462 31.9147 29.6392 16.989 7.79221 12.6503 11.6796 9.07565
internal_count=3333 1404 143 72 1261 1222 1196 218 68 150 978 118 949 899 89 60 810 793 781 766 755 729 713 681 651 382 139 269 242 210
is_linear=0
shrinkage=0.1


Tree=70
num_leaves=31
num_cat=0
split_feature=1 3 0 3 2 2 1 3 0 2 1 2 2 0 0 2 0 3 1 2 0 0 0 0 2 0 1 0 0 2
split_gain=0.168543 1.43954 1.49686 2.21666 2.05312 1.97145 0.645811 1.45598 0.62978 0.472075 0.403058 1.12207 1.44699 1.37382 1.29127 1.7864 2.00736 1.06298 0.818797 0.830069 0.377002 1.82464 1.67693 3.51369 2.29056 1.53737 1.38125 1.06488 2.35394 2.07026
threshold=2.7709547501131695 118.35608640722121 0.19122909211265496 143.31286667458099 27.56364074996916 38.962074463542116 4.3100588649643141 244.84822745990905 0.036871237132600286 26.309819022087932 1.6651972796695931 44.242985382396846 85.618853404780978 0.30985915491320609 0.25832567570686377 26.717538667821305 0.092436974784749867 116.39616750453574 1.4646777298908795 26.795545859873098 0.18512230396194365 0.17726007719431347 0.17093056378338425 0.16406970534893947 29.294554265337904 0.15793132504013477 -0.36326178126329217 0.22162162161262935 0.21246554713273816 35.91294972410148
decision_type=2 2 2 2 2 2 2 2 2 2 2 2 2 2 2 2 2 2 2 2 2 2 2 2 2 2 2 2 2 2
left_child=10 -2 5 -4 9 8 -6 -8 -3 -5 18 13 17 14 15 -12 -17 -13 20 -20 21 22 23 25 -25 -1 -23 28 29 -22
right_child=1 2 3 4 6 -7 7 -9 -10 -11 11 12 -14 -15 -16 16 -18 -19 19 -21 27 26 -24 24 -26 -27 -28 -29 -30 -31
leaf_value=0.0010792891878296739 -0.1159504930735954 -0.009466240741292398 0.093544494091114122 0.063887475268765329 -0.11360882431796365 0.045242716876562505 0.062888826019003308 -0.1089586770728775 -0.10909840459295153 0.0033035107341002124 0.076535992393679905 0.056189801545272228 0.074976436799863891 -0.024727540049673508 0.092496432689780472 0.040801308359814659 -0.066856518473810508 -0.10757698744063898 -0.11123899886180173 -0.010664843864789789 -0.032540151926303322 0.12999678465810452 -0.068861376079499978 0.014817002616959058 0.15990396313095398 -0.077278151187870778 0.022701495805936004 -0.00050209417648904963 -0.10742307813408725 0.062353266982321021
leaf_weight=102.75364295952022 1.1962764170020843 0.81521941907704176 2.8916203118860713 2.5115975458174926 1.5794384677428754 1.6257278483826665 0.93364505097270001 1.0446803623344747 2.8609734745696187 2.6360566932708025 3.7855173815041834 0.4886470017954706 0.83184298174455751 4.6263308636844149 3.3299157507717601 3.7593487813137472 3.2114838287234306 2.0982713595731184 1.336169304326176 2.1268269715365022 9.5963772982358915 1.8703501794952897 3.3644546475261441 2.0788868591189376 2.2832532310858369 2.5664391787722698 3.346604421734809 82.813699795398861 3.0714807687327257 3.0234129992313674
leaf_count=1375 16 14 19 17 36 38 11 31 67 24 33 6 11 39 23 32 47 82 20 32 123 22 36 22 21 46 35 940 61 54
internal_value=-0.000631425 -0.00994115 -0.00243676 0.0176867 -0.00751043 -0.0464534 -0.065926 -0.0278575 -0.0870043 0.0328631 6.36557e-05 0.012928 -0.0397513 0.0225524 0.0380805 0.0212345 -0.00879698 -0.0766428 -0.0012291 -0.0494706 -0.000458412 0.00334766 0.000679315 0.00281245 0.0907591 -0.000830124 0.0611683 -0.00502793 -0.0289139 -0.00980586
internal_weight=260.458 18.0952 16.899 11.597 8.70542 5.30192 3.55776 1.97833 3.67619 5.14765 242.363 22.1314 3.41876 18.7126 14.0863 10.7563 6.97083 2.58692 220.232 3.463 216.769 118.264 113.047 109.682 4.36214 105.32 5.21695 98.505 15.6913 12.6198
internal_count=3333 273 257 138 119 119 78 42 81 41 3060 273 99 174 135 112 79 88 2787 52 2735 1557 1500 1464 43 1421 57 1178 238 177
is_linear=0
shrinkage=0.1


Tree=71
num_leaves=31
num_cat=0
split_feature=1 2 2 2 0 2 1 1 1 1 3 0 0 0 2 0 0 2 3 0 2 0 1 0 1 0 3 0 2 0
split_gain=0.186129 1.0971 2.43672 1.709 1.15535 0.979625 0.874093 3.73087 2.52187 2.9455 1.55215 1.40369 1.77712 2.08494 1.47485 2.23458 1.35487 1.30913 1.29452 1.22665 1.53204 1.49243 1.22527 0.925577 0.925159 2.22741 1.91014 1.93071 1.82376 1.7663
threshold=-0.094394531511986998 25.137125144120208 25.204765435799843 25.260956490555571 0.29316826547316271 25.345065020802085 -0.27704583218941187 -0.29128728726922143 -0.30930367393534214 -0.31810342773869577 106.07812697835945 0.46231487113485287 0.3480012894733408 0.25637414227139416 47.635070883055917 0.051579647487827417 0.080848861280177958 25.11932099711689 125.43259798162701 0.17833647600377114 26.00329428752482 0.13840072969701972 -0.18032846408167486 0.28867897523418112 -0.4695725465643365 0.045375356348446985 132.84770716647373 0.25637414227139416 26.032714176012174 0.031843089055153838
decision_type=2 2 2 2 2 2 2 2 2 2 2 2 2 2 2 2 2 2 2 2 2 2 2 2 2 2 2 2 2 2
left_child=6 4 -3 -4 -2 -5 7 8 9 17 -8 12 13 14 19 -16 -17 -1 -18 20 22 -22 -12 -15 -19 29 28 -28 -27 -26
right_child=1 2 3 5 -6 -7 10 -9 -10 -11 11 -13 -14 23 15 16 18 24 -20 -21 21 -23 -24 -25 25 26 27 -29 -30 -31
leaf_value=0.070744725200733841 -0.10817170622386402 0.12316251096290561 -0.1097573455115104 0.04308365533544925 0.012518578272882004 0.0007920459724498933 0.060697562711469477 0.1116716763642325 -0.11078472648546574 0.11933360521984454 -0.028776765043004041 0.060163603672952586 -0.10975111967614828 0.08082942921860875 -0.11463176291530452 0.14290547922379848 0.084725322065971401 0.003057405248858028 -0.050602793740361335 -0.1087828909768101 -0.090682401294127565 0.0029284776886123048 0.090197581157637194 -0.0068796245685575647 -0.0048589444980112429 0.0094037933959376045 -0.044497047055967173 0.0543012056980689 -0.097398323352499053 0.1623626928938815
leaf_weight=2.3061960563063613 1.8418677663430565 1.6596573684364546 1.3721716739237297 5.6842437051236621 1.3930933326482771 150.30374071141705 2.3281751703470972 2.9857197124510995 2.088321582414209 2.0324414679780594 2.302932677790523 1.8474257336929429 2.5286294326651833 2.4247877346351734 1.1084057437255967 1.0575060201808812 1.2870379230007531 37.369173543993384 1.5680674200411884 3.0278643835335961 5.5471224426291865 2.4576733205467463 1.3869200162589681 2.3881349908187985 1.5944285185541986 2.1345813022926468 4.6815179131226596 3.4250879264436662 6.3704930897802114 1.0460725524462757
leaf_count=20 37 19 28 37 12 1787 31 39 39 26 34 20 43 30 20 13 16 435 38 52 105 28 20 31 39 25 114 46 129 20
internal_value=-0.000619501 0.00145419 0.00262701 0.00135574 -0.056198 0.00233316 -0.00407771 0.00244382 -0.00272878 0.000972915 -0.0178536 -0.0241745 -0.0299271 -0.0217074 -0.036094 0.0107072 0.0462145 -0.00310941 0.0104011 -0.0520552 -0.0373678 -0.0619415 0.0159426 0.0373089 -0.0061175 -0.0239263 -0.0374874 -0.00275421 -0.0705934 0.0613883
internal_weight=259.549 162.255 159.02 157.36 3.23496 155.988 97.2947 66.034 63.0483 60.96 31.2607 28.9325 27.0851 24.5565 19.7435 5.02102 3.91261 58.9276 2.85511 14.7225 11.6946 8.0048 3.68985 4.81292 56.6214 19.2522 16.6117 8.10661 8.50507 2.6405
internal_count=3333 1920 1871 1852 49 1824 1413 932 893 854 481 450 430 387 326 87 67 828 54 239 187 133 54 61 808 373 314 160 154 59
is_linear=0
shrinkage=0.1


Tree=72
num_leaves=31
num_cat=0
split_feature=2 2 1 1 1 1 3 0 2 0 1 0 0 0 0 3 1 0 1 1 2 1 2 3 2 2 1 1 3 3
split_gain=0.193977 1.20827 0.935132 0.972547 2.00542 1.35889 1.1579 1.61975 1.55095 1.23324 0.977169 0.639777 0.839082 0.704031 0.792789 1.4697 1.71344 0.880062 1.16669 1.73981 0.82218 0.720619 0.474769 1.38635 1.59393 0.709507 0.736552 0.785147 0.518755 0.571273
threshold=51.202493045150483 52.866884243325096 3.3819052973577963 -0.02510135825495707 0.0054524384270358888 -0.16844689735170526 103.13020003857717 0.22960080701976629 57.719710043070769 0.14285714285132686 2.419916050869594 0.0075853471420628772 0.020857501932886022 0.026064311593469471 0.16406970534893947 135.43453142848878 -0.25087630073160855 0.24235749564693768 -0.39018008720521585 -0.26115284421768986 60.403235725821041 -0.59450639180986864 47.259644985917433 143.6619710890599 49.290923380124958 43.041402035848513 -0.26899549162574471 0.33966027037356689 100.64181718721322 113.08391660191822
decision_type=2 2 2 2 2 2 2 2 2 2 2 2 2 2 2 2 2 2 2 2 2 2 2 2 2 2 2 2 2 2
left_child=22 -2 3 5 -5 11 -6 8 -8 10 -10 -3 -13 -14 15 -15 21 20 -19 -20 -16 -17 25 -24 -25 28 -27 -28 -1 -30
right_child=1 2 -4 4 6 -7 7 -9 9 -11 -12 12 13 14 17 16 -18 18 19 -21 -22 -23 23 24 -26 26 27 -29 29 -31
leaf_value=0.049109753697572069 -0.10489232375259022 0.066965454636905439 -0.10762846181706882 0.16796514096702878 0.13688243351243121 -0.10534256996561922 0.11043109236209643 -0.10437143715009881 -0.10631443139958521 0.053730368608566531 0.041763242023086074 -0.10795900373716485 0.080575451519062202 -0.10782229820382899 0.12512210054538922 0.043104087580647869 0.091485822551124529 -0.10745843544753575 0.062974880947931439 -0.10656723913161335 0.012440437596297791 -0.10453037115770497 0.069156241770929397 -0.10810306714137355 0.056511901984055236 0.013573426592137375 -0.11002671492805954 -0.018436241076042078 -0.014773532795739459 0.0017599539154727049
leaf_weight=2.1716195568442336 1.2459268970415021 1.1319197975099164 0.84117757226340373 0.90886182337999155 0.6549842208623885 1.4950755070894963 1.4355490054003892 1.2599152582697568 1.4881161118391908 1.6267526226583866 0.63615684793330718 0.84212094638496537 0.89598851022310455 2.0070060561411065 1.024881210178137 0.45761352055706073 1.2554046288132665 1.0916122628841591 2.0799945048056587 0.85368302185087541 1.7586895255371926 1.1913828316610309 3.4301588507369152 1.2464382906910034 1.1138423597440121 2.0287491022609174 1.7552439626306289 2.0051442072726786 23.399761110544205 195.5092290607281
leaf_count=21 39 9 32 6 4 51 18 64 51 29 15 19 10 64 11 8 10 35 35 30 41 56 39 28 24 31 32 28 316 2177
internal_value=-0.000626489 -0.00878685 -0.00398511 -0.000366938 0.0281023 -0.0145443 0.0102023 -0.00266876 0.0220367 -0.0117926 -0.0619696 -0.00524015 -0.011313 -0.00486201 -0.0113935 -0.0420163 0.00345718 0.0106955 -0.0192011 0.0136391 0.0539286 -0.0635603 0.000291852 0.0285675 -0.0304195 -0.000429833 -0.0349886 -0.0611881 0.000475111 -7.35422e-06
internal_weight=258.843 26.1828 24.9369 24.0957 8.01034 16.0854 7.10147 6.44649 5.18657 3.75103 2.12427 14.5903 13.4584 12.6163 11.7203 4.91141 2.9044 6.80886 4.02529 2.93368 2.78357 1.649 232.66 5.79044 2.36028 226.87 5.78914 3.76039 221.081 218.909
internal_count=3333 637 598 566 187 379 181 177 113 95 66 328 319 300 290 138 74 152 100 65 52 64 2696 91 52 2605 91 60 2514 2493
is_linear=0
shrinkage=0.1


Tree=73
num_leaves=31
num_cat=0
split_feature=2 2 2 1 0 1 3 3 0 1 0 2 0 2 1 2 3 3 2 3 3 0 3 1 2 3 3 2 0 1
split_gain=0.187604 2.63327 2.04943 1.01102 1.9357 1.4751 3.18357 3.37939 3.50951 2.52465 1.72829 1.78638 1.47579 1.33395 1.003 1.00148 4.30542 3.07662 2.43736 1.79612 2.45031 1.60945 1.59999 1.31983 1.24744 1.18851 1.83871 4.01456 2.75978 2.52089
threshold=26.572415629628477 26.620641549187734 26.445113083677981 -0.64029819483190653 0.31783804223313689 -0.23048438736049967 134.80662879155133 122.09732175691606 0.14652426970795537 -0.18346361784735099 0.26466491887892901 25.934033946363552 0.12997234744895142 25.640816535263642 0.31354628891914577 26.25479721697997 184.97943435331987 144.61503186617429 25.915099035576528 114.42040196880701 124.55371159969496 0.1830985915364047 130.96291553819972 0.66739218865932848 25.461751650441872 165.83296453904555 148.69230598845215 25.679528329438291 0.1233566819540345 0.39988234777904091
decision_type=2 2 2 2 2 2 2 2 2 2 2 2 2 2 2 2 2 2 2 2 2 2 2 2 2 2 2 2 2 2
left_child=2 -2 3 4 13 6 7 8 -5 -7 11 12 -8 -1 -4 18 17 -17 19 24 21 -21 -22 -20 -11 26 27 29 -28 -24
right_child=1 -3 14 5 -6 9 10 -9 -10 15 -12 -13 -14 -15 -16 16 -18 -19 23 20 22 -23 25 -25 -26 -27 28 -29 -30 -31
leaf_value=-0.01725145436362004 0.10393376349169624 -0.00013486997106149196 -0.10957072886967396 -0.086410183005504446 0.04499086130433428 -0.10896662414207846 -0.10922568970854607 0.13291084276128937 0.069231247842612559 -0.11219264190046907 -0.11612963117156955 0.064892550047105965 0.015094421292035571 -0.11352415786976806 -0.014297895777748808 0.042293846406703833 0.1344129341488598 -0.11568617405373503 -0.016513951966922322 0.11737370859138058 -0.079858830654479684 0.012331272456986309 -0.03687424648269249 -0.086465048088333385 -0.00671304350972886 -0.013398688717060828 0.12670898467514286 -0.1213361616667414 -0.0036836035040525594 0.097830494090914252
leaf_weight=2.8824248593300572 2.4683409966528407 162.44667172431946 2.6412933357059947 2.1622260240837949 2.1980270817875862 2.2478595962747923 1.7555973231792434 4.184367798268795 4.3906002379953861 2.0394686050713053 1.530230129137635 2.6656534220091999 2.0935231484472752 2.874536570161581 1.8997876718640325 3.0488361036404958 2.7039535902440548 2.0694928094744682 5.9778748638927919 3.3323493078351012 2.2596034221351173 2.5941617954522371 2.4595651887357253 4.9149969909340143 2.4901706418022513 13.74913041712716 3.5371594075113535 2.1498853899538517 2.999767767265439 3.1926040686666965
leaf_count=36 26 2288 41 34 14 38 31 34 33 29 18 32 25 32 24 33 16 25 78 25 30 25 29 58 25 150 27 21 32 24
internal_value=-0.000602875 0.00142276 -0.00419315 -0.000831388 -0.0348416 0.00252744 0.027068 0.062705 0.0178745 -0.0049349 -0.0204947 0.00196864 -0.0416084 -0.0653218 -0.0697128 -0.00100593 0.0323412 -0.0215822 -0.0060517 0.00516717 0.0125811 0.0713944 0.00109566 -0.0480767 -0.0542052 0.00760821 0.027751 -0.00502681 0.0668724 0.0392132
internal_weight=257.96 164.915 93.0451 88.5041 7.95499 80.5491 18.7822 10.7372 6.55283 61.7669 8.045 6.51477 3.84912 5.75696 4.54108 59.519 7.82228 5.11833 51.6967 40.8039 36.2742 5.92651 30.3477 10.8929 4.52964 28.0881 14.339 7.80205 6.53693 5.65217
internal_count=3333 2314 1019 954 82 872 207 101 67 665 106 88 56 68 65 627 74 58 553 417 363 50 313 136 54 283 133 74 59 53
is_linear=0
shrinkage=0.1


Tree=74
num_leaves=31
num_cat=0
split_feature=2 2 2 3 2 2 1 3 3 0 3 3 1 0 0 3 2 3 0 3 2 2 2 1 1 3 3 3 2 2
split_gain=0.183428 2.34652 1.26691 0.753574 0.948685 1.31199 2.89327 1.25815 1.56757 1.72508 2.28107 2.94971 2.01109 1.02819 0.944466 2.75099 0.70889 0.636965 1.20826 0.585952 0.632879 0.697209 0.560808 0.660803 1.26705 2.01398 1.56022 1.99479 0.881469 0.689102
threshold=25.701417485883493 25.747669091496508 25.664387551144326 105.38805276676926 25.607266419431074 25.371691890206307 0.31354628891914577 196.74267009426782 188.53217578466692 0.044217827575367956 132.14855255947001 154.33957663429587 0.39988234777904091 0.1561840717205478 0.30667240754331387 154.02298730187977 25.260956490555571 101.37537737279656 0.23316520768535359 101.82133996116444 25.765723122772069 25.800061346913761 25.821318316057887 5.89662117946816 2.7709547501131695 196.74267009426782 174.73249404020336 143.31286667458099 27.653348353481409 25.842430527409711
decision_type=2 2 2 2 2 2 2 2 2 2 2 2 2 2 2 2 2 2 2 2 2 2 2 2 2 2 2 2 2 2
left_child=2 -2 3 -1 5 7 -7 8 9 -5 13 12 -12 -11 15 -8 -13 18 -3 -19 -21 -22 -23 24 29 26 27 -26 -25 -24
right_child=1 17 -4 4 -6 6 14 -9 -10 10 11 16 -14 -15 -16 -17 -18 19 -20 20 21 22 23 28 25 -27 -28 -29 -30 -31
leaf_value=0.059247676937235087 0.080792091097188712 -0.10839378270637352 -0.077471333879599757 0.067917750309548344 0.036423009243804538 -0.091115671838129728 -0.11275137003699046 -0.076227178348301255 0.1035823979485721 -0.11865799939995524 0.012040075494256657 -0.078694751591345119 0.13743591167067393 -0.028664974179955983 0.054525504970570321 0.04119749627403807 0.0088261739562841158 0.056639363054652503 0.02507551948624568 -0.070830976627605804 0.041641324886547267 -0.063369631144287036 0.071027102931780023 0.10161035844805517 0.014478388801406381 -0.094987196930080328 0.084372089924139748 -0.11361469085982966 -0.00092432574467838236 6.4151862487776826e-05
leaf_weight=1.8895387053489674 3.5862574912607661 1.515395277179777 2.3807816915214053 3.2972056623548367 4.7548009008169165 5.5250571668148023 1.9511836767196653 1.7900708708912123 1.6843225900083769 2.1080031376332036 2.8804319985210878 2.5301109440624718 2.3004405312240124 3.1919190883636475 2.5061034634709358 2.8652643696404994 1.4591914452612398 1.8010400906205166 1.2277978360652921 1.2769050747156132 3.9045412354171267 1.4325166083872307 1.3786915838718403 1.4660707227885716 3.5971957985311729 3.6589024898130447 1.5697086798027156 1.8364090481773017 1.9584265956655142 183.73430947453016
leaf_count=21 26 30 26 31 37 93 23 28 16 34 32 40 16 42 14 31 15 11 14 13 26 13 12 10 37 104 19 34 36 2449
internal_value=-0.000615619 0.000583542 -0.00656614 -0.00242191 -0.00542177 -0.0112583 -0.0364838 0.00399881 0.0113818 0.00264123 -0.0122329 0.0179513 0.067719 -0.064459 0.00473737 -0.0211685 -0.0466817 -0.000783882 -0.0486556 -0.000151358 -0.000648323 -0.000210179 -0.00102466 -0.000576314 -0.00133806 -0.0348587 -0.00344435 -0.0288136 0.0429721 0.000592672
internal_weight=257.059 213.944 43.1144 40.7336 38.8441 34.0893 12.8476 21.2417 19.4516 17.7673 14.4701 9.17017 5.18087 5.29992 7.32255 4.81645 3.9893 210.358 2.74319 207.615 205.814 204.537 200.632 199.2 195.775 10.6622 7.00331 5.4336 3.4245 185.113
internal_count=3333 2834 499 473 452 415 161 254 226 210 179 103 48 76 68 54 55 2808 44 2764 2753 2740 2714 2701 2655 194 90 71 46 2461
is_linear=0
shrinkage=0.1


Tree=75
num_leaves=31
num_cat=0
split_feature=2 2 2 1 1 3 1 3 1 2 3 0 1 1 2 3 3 2 1 3 3 2 0 3 0 3 1 1 1 1
split_gain=0.179116 1.95969 1.76357 0.965066 0.784025 1.73265 1.24098 2.56763 2.41305 4.10681 2.15032 1.61069 1.51657 1.20517 1.01177 3.12572 2.86592 1.83605 1.27518 1.22446 2.25314 1.30663 1.15358 1.1376 2.69212 2.13783 2.2391 1.17021 2.70905 1.10081
threshold=26.572415629628477 26.620641549187734 26.445113083677981 0.31354628891914577 -0.64029819483190653 149.80150902038233 -0.23048438736049967 153.1380419853526 -0.41666374347892748 25.765723122772069 184.36175608049044 0.19447173105442461 -0.16844689735170526 -0.51088788781343453 26.25479721697997 184.97943435331987 144.61503186617429 25.915099035576528 0.66739218865932848 114.42040196880701 124.55371159969496 25.545709984969779 0.1830985915364047 148.69230598845215 0.34008159101177593 165.83296453904555 0.48645402044156461 1.7812749596480175 -0.0076379364422374399 1.2385574471743122
decision_type=2 2 2 2 2 2 2 2 2 2 2 2 2 2 2 2 2 2 2 2 2 2 2 2 2 2 2 2 2 2
left_child=2 -2 4 -4 5 -1 7 8 13 11 -9 -10 -8 -6 17 16 -16 19 -19 21 22 -14 -21 24 29 26 -25 28 -27 -22
right_child=1 -3 3 -5 6 -7 12 10 9 -11 -12 -13 14 -15 15 -17 -18 18 -20 20 23 -23 -24 25 -26 27 -28 -29 -30 -31
leaf_value=-0.063686505591810702 0.087443309510485068 -1.4008246795209405e-05 -0.10860839554095421 -0.013041871643134457 0.030179063613633553 0.038999874112101075 -0.074481120170673362 -0.1087565026024126 -0.061492933247551979 0.15100480436623351 0.035835467862808293 0.072939241568988886 -0.0018189006094289058 -0.059114040125499034 0.044491144482059257 0.11656421506049677 -0.11369333609090736 -0.012718622235864344 -0.083278381341914579 0.10323413794246135 -0.081590919799667511 -0.11646868066573841 0.0141479602470277 0.11511717357483722 0.064105747911125138 0.077326749530800876 -0.0010943787402999327 0.03363900030479107 -0.057371475050321953 0.010106794650939332
leaf_weight=5.2648066747933617 2.6032331679016343 162.12769689346896 2.4112391024827948 1.8810029327869413 4.6707742027938366 2.3887058310210705 2.9924151459708801 2.326224183663725 1.8213173467665922 4.10256855096668 1.8437090856023131 1.745354702696204 2.4423074070364228 2.2346770670264968 2.9859086191281667 2.798371534794569 1.8580695055425165 5.7574800355359894 4.613763015717268 3.4135102275758973 5.5954221729189175 1.6763275498524306 2.5315198674798012 3.3641126975417164 2.2910670842975378 1.8601444223895613 3.2691102437674999 4.0208861446008077 7.5672802710905707 1.7090373197570441
leaf_count=59 26 2288 41 24 36 23 59 40 26 34 28 15 30 28 31 16 25 74 58 24 71 21 24 28 14 23 29 33 89 16
internal_value=-0.000601978 0.00136807 -0.00415118 -0.066728 -0.00106902 -0.0316375 0.00187415 0.0243671 0.0441638 0.0827741 -0.0448261 0.00429159 -0.00506649 0.00128287 -0.00146992 0.0324228 -0.0161858 -0.00663874 -0.0441079 0.00313969 0.00910826 -0.0484826 0.0652994 -0.00214816 -0.0304717 0.0113856 0.0578436 -0.0115292 -0.0307939 -0.0601362
internal_weight=256.168 164.731 91.4371 4.29224 87.1449 7.65351 79.4914 18.7446 14.5747 7.66924 4.16993 3.56667 60.7467 6.90545 57.7543 7.64235 4.84398 50.112 10.3712 39.7407 35.6221 4.11863 5.94503 29.6771 9.59553 20.0815 6.63322 13.4483 9.42742 7.30446
internal_count=3333 2314 1019 65 954 82 872 207 139 75 68 41 665 64 606 72 56 534 132 402 351 51 48 303 101 202 57 145 112 87
is_linear=0
shrinkage=0.1


Tree=76
num_leaves=31
num_cat=0
split_feature=0 0 0 2 1 2 3 2 2 3 2 1 2 0 0 0 2 0 2 2 1 1 1 3 1 2 1 1 2 3
split_gain=0.178029 2.83374 1.66436 1.04352 1.70073 1.58753 1.21684 5.68903 1.11525 1.82105 1.75182 0.983993 0.892112 0.601595 0.438901 0.704889 2.76557 0.993516 0.309619 0.618469 0.635391 1.07743 2.36375 1.63378 0.852712 1.07584 0.674172 2.32652 2.25653 1.12922
threshold=0.031843089055153838 0.027777777777056485 0.033632456072933088 25.292373053327331 -0.71959319236206964 27.2518863809712 170.42639257694606 41.587910614520894 47.259644985917433 139.12124010638931 31.079464191410487 0.22442922131190879 26.018980254608199 0.036871237132600286 0.038601464910134671 0.044217827575367956 25.982058851652639 0.045375356348446985 78.412966621658555 74.615697914765093 -1.212569147693104 -0.83308365185115341 -0.76792881565592552 154.02298730187977 -0.68058981404378305 26.832178220777973 -0.4909915281705815 -0.37494226237442319 25.345065020802085 115.51795859284938
decision_type=2 2 2 2 2 2 2 2 2 2 2 2 2 2 2 2 2 2 2 2 2 2 2 2 2 2 2 2 2 2
left_child=1 3 -2 -1 -5 11 8 -8 9 10 -7 12 -6 -4 -15 16 -16 -17 19 20 -19 23 -23 -22 25 -24 29 28 -28 -26
right_child=2 -3 13 4 5 6 7 -9 -10 -11 -12 -13 -14 14 15 17 -18 18 -20 -21 21 22 24 -25 26 -27 27 -29 -30 -31
leaf_value=0.088349216706895772 0.1015950981463833 -0.10979111633639496 -0.047084225607003816 -0.11320975397143154 0.048161072485931704 0.073563678166028573 0.1478097004249645 -0.10746217535647984 0.050876166425067926 -0.11148303455072153 -0.049389527808856498 -0.086511388757862739 -0.056852032314445591 0.039648960484065708 0.06415667502618301 0.086739275786799644 -0.10975081477782317 0.080191217356165106 0.024684456602346277 -0.061706786873147984 -0.086238896282760283 0.093303296996923302 -0.11077901312614157 0.019157414556864039 0.064012587850756697 0.0054962342028185424 0.099973536404020125 0.0011947053689307682 -0.063501982156804609 0.0035466440987568996
leaf_weight=1.3369689024984897 1.6094160266220559 2.4914194142911574 2.7337531552184364 1.3071873411536312 1.6587003683671313 2.2785927290096861 2.8230277001857749 1.2639066537376491 3.2864193394780159 1.6431057304143903 2.3579887906089425 2.5064207669347525 1.5791359166614709 2.7729399311356238 1.4876584988087409 1.3236113572493184 2.3731269175186753 0.97725853975862165 4.9032558255130416 1.6505776002304617 3.5222053742036215 2.7140085725113741 1.5739098023623221 2.5252028449904174 4.2656210139393798 1.6094726752489803 0.93072444200515647 173.42077187018003 9.1013150041690078 11.192807079642078
leaf_count=18 13 52 39 14 21 22 37 47 37 21 30 34 23 26 13 13 52 12 81 44 45 22 22 25 36 24 14 2160 204 132
internal_value=-0.000603538 -0.00870243 0.000257753 0.00272396 -0.0028052 0.00463499 0.0231913 0.0688655 0.00367796 -0.0210228 0.0110344 -0.0394701 -0.00305522 -0.000454205 0.000108985 -0.000381426 -0.0427399 0.000362902 -0.000160612 -0.000731249 -0.000256136 -0.000628986 0.000599336 -0.0422288 -0.000645622 -0.0519919 0.000176125 -0.00151383 -0.0483355 0.0202317
internal_weight=255.221 24.5329 230.688 22.0415 20.7045 19.3973 13.653 4.08693 9.56611 6.27969 4.63658 5.74426 3.23784 229.078 226.344 223.572 3.86079 219.711 218.387 213.484 211.833 210.856 204.809 6.04741 202.095 3.18338 198.911 183.453 10.032 15.4584
internal_count=3333 356 2977 304 286 272 194 84 110 73 52 78 44 2964 2925 2899 65 2834 2821 2740 2696 2684 2614 70 2592 46 2546 2378 218 168
is_linear=0
shrinkage=0.1


Tree=77
num_leaves=31
num_cat=0
split_feature=0 0 2 1 3 3 1 2 2 2 2 2 2 0 1 2 3 2 3 2 0 3 3 2 1 2 2 3 0 0
split_gain=0.230549 0.371655 0.564207 1.1084 0.236349 1.19095 2.04748 0.993596 0.485835 1.0947 1.01229 2.37369 0.960219 0.742236 0.615181 1.33724 0.448154 1.93964 1.01084 0.841104 0.603351 0.545242 1.62135 1.22222 2.02758 1.23619 1.09628 1.01476 0.621121 1.98238
threshold=1.0000000180025095e-35 0.010489638730236906 55.689282672125081 -0.087869493652173378 238.54264495136223 230.35313211399904 1.2385574471743122 26.161930557385841 26.686081830472904 27.014044652272847 27.704092925750775 29.665010712715965 32.752803369730515 0.30089097587469865 2.5488244864361076 57.020480686356542 211.23592373204849 36.132036400473531 219.66095643683028 41.587910614520894 0.26229508195288026 196.01774191214139 193.35110854888634 33.47070326485148 0.73036814648837478 26.795545859873098 62.455470997965399 191.0854864984118 0.024096385540722371 0.031843089055153838
decision_type=2 2 2 2 2 2 2 2 2 2 2 2 2 2 2 2 2 2 2 2 2 2 2 2 2 2 2 2 2 2
left_child=-1 2 3 -2 5 16 -7 -6 -9 -10 -11 -12 -13 14 15 -14 21 18 -18 -19 -20 22 27 24 25 -23 -25 28 -3 -30
right_child=1 4 -4 -5 7 6 -8 8 9 10 11 12 13 -15 -16 -17 17 19 20 -21 -22 23 -24 26 -26 -27 -28 -29 29 -31
leaf_value=0.043618550647905006 -0.10944599350902318 0.023631514981737815 0.02838983483125216 -0.0032185568172500728 -0.073720632388175916 -0.012190363703502981 0.11997114845750292 0.045390615650685875 -0.12380601168218573 0.077045193208702123 -0.10831543116011717 0.066923178511304693 -0.10582508075653739 -0.10516868759159165 0.054285494213514619 0.05768418658796675 -0.10826918130272603 0.11425700080777301 0.003435193784122461 0.00041984497844673298 -0.070239553379248074 0.031982705575294645 -0.086155476121418773 -0.071106361244795996 -0.025683264067119661 0.12138707285513016 0.049505046579914225 0.05817980211655497 -0.065287222001845918 -0.00036908278481958775
leaf_weight=1.1736741513013829 1.6229875553399322 9.9380400190129858 1.3977477150037882 2.4880525246262541 2.2469119462184599 2.4766153562813988 2.2256664168089628 1.8767939046956588 0.78045568056404491 1.4304055296815921 2.0303946767235157 2.332343784859404 1.0812011135276414 0.72388015734031785 1.5087690239306537 0.93076381465652946 2.0724119208753091 1.1704570502042773 2.9320951998233795 1.4570168596692381 1.7902409490197895 3.4505516719073039 2.2019488043151787 2.2686098748818035 3.2131208712235093 2.80281144939363 1.1284663765691219 2.9661227022297671 4.8259326862171283 185.95458562485874
leaf_count=14 28 107 17 39 34 32 18 14 8 19 53 35 50 45 38 47 46 11 40 37 16 32 37 50 41 31 36 37 76 2245
internal_value=-0.000599961 -0.000804828 -0.026495 -0.0451558 -0.000233753 0.000548512 0.0503638 -0.0124256 -0.0015769 -0.00972504 -0.000855016 -0.0138008 0.0153771 -0.0129465 0.00601478 -0.0301833 -0.000478104 -0.0218321 -0.0500463 0.0511307 -0.024495 0.000441677 -0.000806244 0.0204152 0.0388803 0.0720545 -0.0310408 0.00011643 -0.000741603 -0.00201123
internal_weight=254.499 253.325 5.50879 4.11104 247.817 232.875 4.70228 14.9419 12.695 10.8182 10.0378 8.60735 6.57696 4.24461 3.52073 2.01196 228.172 9.42222 6.79475 2.62747 4.72234 218.75 205.887 12.8636 9.46648 6.25336 3.39708 203.685 200.719 190.781
internal_count=3333 3319 84 67 3235 2892 50 343 309 295 287 268 215 180 135 97 2842 150 102 48 56 2692 2502 190 104 63 86 2465 2428 2321
is_linear=0
shrinkage=0.1


Tree=78
num_leaves=31
num_cat=0
split_feature=2 2 1 1 1 3 2 1 3 2 3 0 0 0 0 3 3 3 3 0 0 0 0 3 3 3 1 2 3 3
split_gain=0.192001 1.07798 0.559236 1.28083 1.21427 1.15345 1.56013 1.12583 1.06562 2.75241 0.480883 1.56532 1.36882 1.17885 0.773549 0.528096 0.468123 0.97042 0.77516 0.46753 0.425858 0.389352 0.513872 0.383588 0.345337 1.03081 1.37038 0.413584 1.16676 1.57323
threshold=51.202493045150483 52.866884243325096 1.747809742507638 -0.02510135825495707 -0.16844689735170526 192.37084583257564 72.739510587859684 0.0054524384270358888 131.79963725401498 57.719710043070769 135.43453142848878 0.16406970534893947 0.24235749564693768 0.0075853471420628772 0.020857501932886022 103.72220813029379 164.36445126393099 187.85514963868346 201.02396807410443 0.30280794179185161 0.60706241745741263 0.22771715407365975 0.060606060603761801 107.64075709694738 100.64181718721322 105.09866404328382 -0.46396887092104083 34.869866503127732 109.28382469868075 111.72378290007761
decision_type=2 2 2 2 2 2 2 2 2 2 2 2 2 2 2 2 2 2 2 2 2 2 2 2 2 2 2 2 2 2
left_child=20 -2 3 4 10 -4 -7 -5 -9 -10 11 23 -13 -12 -15 -14 21 -18 -19 -20 24 22 -16 -3 -1 26 -26 -27 -29 -30
right_child=1 2 5 7 -6 6 -8 8 9 -11 13 12 15 14 16 -17 17 18 19 -21 -22 -23 -24 -25 25 27 -28 28 29 -31
leaf_value=0.038845721916629189 -0.10447439646961763 -0.02190250284150852 -0.10826955342902862 0.14078361008166196 -0.10471305303929011 -0.10377626009192652 0.10547351086915258 0.074887226544730956 0.10204326899095724 -0.10574630245631388 0.12542252691109815 0.07131329154634175 0.015107492708976853 -0.10764439317692275 0.05539317075033362 -0.10486910951385116 -0.10765810344127291 0.095353946506542248 -0.10348149849815438 0.034204958148602103 0.048662323687572923 0.069177947889741243 -0.039393226609289622 -0.10868515583857224 0.032962732881199865 -0.0013272748082899797 -0.083034825777778792 0.087577810891056457 -0.11186990324836324 0.010261471886077421
leaf_weight=2.259580409154295 1.1266216658987129 0.69771832926199406 1.4598126038908952 0.95624528080224891 1.3383699264377344 0.61530756612773962 0.84650835121283308 2.1049082782119513 1.0805804533883931 1.5545974443666635 0.81083306483924378 2.0088075785897677 0.63017420843243577 0.62974421237595368 1.0649790111929185 0.87807750538922846 0.90960297454148564 0.76336416183039524 0.52458277385449037 0.46542898938059807 1.8087682425975788 1.5621661366894839 1.2354828729294238 1.886358185438439 1.4842015244066713 185.2568945720559 3.2455279864370814 1.8618907146155823 1.0909764133393753 31.735922983847558
leaf_count=23 39 16 33 6 51 49 34 20 16 61 6 26 7 16 13 36 26 16 37 13 15 26 32 58 15 2114 92 23 17 397
internal_value=-0.000579559 -0.00887288 -0.00438951 0.00128761 -0.0136934 -0.0453936 0.0173961 0.0418036 0.0218358 -0.0205402 -0.00503375 -0.0261606 0.0172564 0.0111468 -0.00180271 -0.0547408 0.00841138 -0.0238458 0.0196336 -0.0387517 0.000332288 0.0306502 0.00448732 -0.0852532 -5.29232e-05 -0.00044413 -0.0466345 0.000549151 0.0105703 0.00620253
internal_weight=253.894 25.1503 24.0236 21.102 15.4057 2.92163 1.46182 5.69633 4.74009 2.63518 14.0673 6.10114 3.51706 7.96618 7.15535 1.50825 6.52561 2.66298 1.75338 0.990012 228.744 3.86263 2.30046 2.58408 226.935 224.675 4.72973 219.946 34.6888 32.8269
internal_count=3333 637 598 482 379 116 83 103 97 77 328 143 69 185 179 43 163 92 66 50 2696 71 45 74 2681 2658 107 2551 437 414
is_linear=0
shrinkage=0.1


Tree=79
num_leaves=31
num_cat=0
split_feature=2 3 2 3 3 0 0 1 2 3 1 1 2 1 2 2 0 1 0 2 1 1 1 1 0 1 2 1 2 0
split_gain=0.178189 0.961303 0.810072 0.755023 0.667659 0.60502 1.71049 1.45547 1.5202 1.52678 1.02363 1.26076 0.925208 0.875089 1.12616 2.17377 1.04966 0.8893 1.03859 0.977914 1.2438 1.11451 1.84659 1.0485 0.773747 1.24287 0.942579 0.927014 0.595952 2.03794
threshold=39.867297911561046 101.37537737279656 40.542074974675458 100.64181718721322 101.82133996116444 0.075268817196197949 0.05263157894472649 -0.21077226753771569 48.016631347067289 135.43453142848878 2.641372599443867 2.3656710479827012 68.607783511079717 -0.35634019177429227 48.016631347067289 61.524468674358793 0.20784615383799593 1.747809742507638 0.080848861280177958 42.090812582531974 1.2067170955782769 0.39126434751302697 0.25089879193686421 0.0054524384270358888 0.24048217218636134 -0.2058212291156454 62.455470997965399 -0.25087630073160855 34.869866503127732 0.33152882571808501
decision_type=2 2 2 2 2 2 2 2 2 2 2 2 2 2 2 2 2 2 2 2 2 2 2 2 2 2 2 2 2 2
left_child=3 -2 -3 -1 -4 6 7 8 -6 -10 11 13 -11 14 -7 16 -16 18 -15 -20 21 22 23 24 25 -21 -27 -26 -5 -30
right_child=1 2 4 28 5 10 -8 -9 9 12 -12 -13 -14 17 15 -17 -18 -19 19 20 -22 -23 -24 -25 27 26 -28 -29 29 -31
leaf_value=0.0629536677183931 -0.10856106670009594 -0.079114179427058479 0.095571295577992404 -0.001630210941919242 0.132271778559166 -0.11075106079097319 -0.10640732683791715 -0.057451321841784302 -0.10863466761748337 -0.033985879263766568 -0.071057890837358417 0.1130486592430564 0.081620272374264669 0.11272644772321459 0.13662733533762084 -0.073174538468465819 0.00013674109908728621 -0.059553180076585145 0.087305919600826232 -0.075173619952906792 0.10553832768311325 -0.075504524302322129 0.11850732257214328 -0.069948077703339315 0.074424684526108384 -0.0330411577309827 0.095166537754265035 -0.0091661763257341929 0.028848157785011333 -0.073683688434676473
leaf_weight=1.9261885490268458 0.90276662586256762 1.3967602525372047 0.6942347064614286 189.80851382517722 1.1195170497521747 1.3259816339705164 2.0334747111191964 3.1173416487872592 0.97021431010216508 1.1392868472030389 1.7129288277355943 1.109398660250007 1.7643721980275584 1.1346891103312504 1.056629649421666 2.3700326617108658 1.2071172348223624 1.5192335135070596 1.6529972073622072 2.1829290874302463 1.1767137506976713 1.7802963550202537 1.3741008061915625 2.0008880437817416 2.8299606565851718 1.1618723087012712 1.1322770775295792 2.4975329171866179 16.74078223970719 2.1924112038686863
leaf_count=17 20 24 4 2200 13 24 62 87 25 28 56 20 24 13 22 84 28 50 17 53 21 35 11 46 40 29 18 56 176 30
internal_value=-0.0005576 -0.00647535 -0.00425254 0.00063241 -0.00164262 -0.00335686 -0.0243983 -0.0038375 0.0296333 -2.84044e-05 0.00394664 0.00861639 0.0362608 0.00422841 -0.0294895 -0.00623605 0.0638453 0.014058 0.0199675 0.0140509 0.00654683 -0.00123965 0.00879206 -0.00397829 0.00948463 -0.0211596 0.0302357 0.0352372 5.73334e-05 0.0169753
internal_weight=253.031 42.3635 41.4608 210.668 40.064 39.3698 10.1442 8.11073 4.99339 3.87387 29.2256 27.5127 2.90366 26.4033 5.95976 4.63378 2.26375 20.4435 18.9243 17.7896 16.1366 14.9599 13.1796 11.8055 9.80457 4.47708 2.29415 5.32749 208.742 18.9332
internal_count=3333 910 890 2423 866 862 239 177 90 77 623 567 52 547 158 134 50 389 339 326 309 288 253 242 196 100 47 96 2406 206
is_linear=0
shrinkage=0.1


Tree=80
num_leaves=31
num_cat=0
split_feature=0 0 3 2 3 2 2 0 0 0 1 1 2 1 1 1 3 3 3 3 3 0 3 2 1 1 2 1 1 3
split_gain=0.203422 0.33762 0.604179 0.910922 0.444957 0.210149 0.936709 0.522153 0.530357 0.790024 0.709399 1.1207 0.859365 0.75784 0.655905 1.4095 1.2781 0.556795 1.51625 0.741851 0.48907 1.35431 0.475342 0.427171 1.10284 0.896255 0.468094 0.740162 0.772349 0.33704
threshold=1.0000000180025095e-35 0.010489638730236906 124.1292657944209 55.689282672125081 184.36175608049044 51.202493045150483 52.866884243325096 0.018508911878980346 0.24235749564693768 0.22025800695807937 -0.26538987481067955 -0.44031092228044327 75.748363931169408 -0.24571667599724811 -0.39018008720521585 -0.26115284421768986 122.09732175691606 177.87470281983568 201.02396807410443 137.87034565233185 111.28156457047199 0.047782126547759957 282.11708969173833 47.259644985917433 -0.13112929656686137 1.0460783063323265 43.041402035848513 -0.26899549162574471 0.33966027037356689 100.64181718721322
decision_type=2 2 2 2 2 2 2 2 2 2 2 2 2 2 2 2 2 2 2 2 2 2 2 2 2 2 2 2 2 2
left_child=-1 2 -2 4 -4 23 -7 -8 9 10 11 20 13 -12 -10 -16 -17 19 -19 -15 -9 -22 -20 26 -25 -26 29 -28 -29 -3
right_child=1 5 3 -5 -6 6 7 8 14 -11 12 -13 -14 17 15 16 -18 18 22 -21 21 -23 -24 24 25 -27 27 28 -30 -31
leaf_value=0.040790009416159262 0.037041569783576714 0.039900739363105106 -0.10988310972957145 0.024075652711649426 -0.028468167993846362 -0.10390378866241448 -0.10613409845110927 0.065818681771906945 -0.1059518411332747 0.077101369909505932 0.13898502825804596 -0.10358616696259178 -0.03525884113094771 0.034083814499281766 0.049992601040919016 0.025408421148633654 -0.10433061092244589 0.12796398456217983 -0.10461626375734633 -0.061319802648861312 0.06643130554771777 -0.10445904907232589 0.039489286409661525 0.0699164492768415 -0.063912863203654011 0.056574802597133614 0.022371610799132954 -0.10894914103221508 -0.014130020533523536 0.00035416143943475554
leaf_weight=1.185411357320844 1.1897443467751134 2.1773904357105485 1.6378284245729449 1.3325216923840342 1.1375199873000381 1.0028930990956748 0.49857055442407983 0.87766344146803055 0.89970933273434628 1.4815293974243093 0.63393866457045511 1.4854578576632818 2.370663121691905 2.1932071289047523 2.1058812709525228 1.2224160451441997 2.0043298405362293 1.3871635324321689 0.49217261979356397 1.2970889527350662 0.86944073310587533 0.99386299133766443 0.42791252513416111 2.9594906037673354 1.6557074049487703 0.98444612440653134 1.817717410624027 1.5492034009657794 1.928360176971182 210.31562987412326
leaf_count=14 18 20 27 17 22 39 23 12 35 21 7 79 49 34 35 20 106 17 18 34 17 46 24 38 32 19 29 32 28 2421
internal_value=-0.000537713 -0.000732949 -0.02571 -0.0438844 -0.0765139 -0.000194262 -0.00946354 -0.00500455 -0.00257378 0.00790582 3.73266e-05 -0.0336374 0.0162066 0.0351768 -0.0269723 -0.0136471 -0.0551805 0.0238258 0.061942 -0.00137076 0.00427103 -0.0247195 -0.0375958 0.000728729 0.0280002 -0.0189861 2.75418e-05 -0.0293406 -0.0563705 0.00075939
internal_weight=252.115 250.929 5.29761 4.10787 2.77535 245.632 22.2439 21.241 20.7424 14.5101 13.0286 4.22643 8.80215 6.43148 6.23234 5.33263 3.22675 5.79754 2.30725 3.4903 2.74097 1.8633 0.920085 223.388 5.59964 2.64015 217.788 5.29528 3.47756 212.493
internal_count=3333 3319 84 66 49 3235 616 577 554 358 337 154 183 134 196 161 126 127 59 68 75 63 42 2619 89 51 2530 89 60 2441
is_linear=0
shrinkage=0.1


Tree=81
num_leaves=31
num_cat=0
split_feature=2 2 0 3 3 2 0 0 2 1 2 1 1 2 1 1 2 2 1 0 1 0 3 2 2 2 3 2 0 0
split_gain=0.177972 0.996028 3.21419 1.35678 0.971496 0.87073 2.40695 4.46599 2.18728 1.11054 0.646239 2.33661 1.25503 0.892032 0.623858 1.98361 2.4919 0.958345 0.816727 0.784353 1.22758 1.1053 1.06043 1.01864 2.81192 1.15841 1.10543 1.07603 0.973095 0.966223
threshold=31.079464191410487 32.53698551997784 0.16807079644602485 145.39930780874104 203.69234013607721 33.47070326485148 0.068204043872233208 0.26054735115494077 33.953051810081085 -0.89379055948823305 30.25367180820853 0.73036814648837478 0.069422401946570719 30.01452901750017 -0.71959319236206964 -0.62662442371139926 26.832178220777973 25.640816535263642 -1.018241474193758 0.031843089055153838 -0.26538987481067955 0.035294117643940241 140.8497891856932 29.216935488178425 29.398469258597473 28.620635825805277 186.91155010545793 29.665010712715965 0.020857501932886022 0.52449468993302817
decision_type=2 2 2 2 2 2 2 2 2 2 2 2 2 2 2 2 2 2 2 2 2 2 2 2 2 2 2 2 2 2
left_child=10 2 -2 -4 -5 6 -3 -8 -7 -10 13 12 -12 14 17 16 -16 -1 -19 20 -17 -21 -22 25 -25 29 -27 -26 -24 -23
right_child=1 5 3 4 -6 8 7 -9 9 -11 11 -13 -14 -15 15 19 -18 18 -20 21 22 23 28 24 27 26 -28 -29 -30 -31
leaf_value=0.028917044051787466 -0.10836497367725313 0.13705723504735137 0.042065966852685092 -0.1104894380067134 0.0085688780835760873 -0.11513658153664269 -0.10997396153576565 0.12416775594560139 -0.11360704748665465 0.0013525100813961061 0.020107277279173153 -0.064967300925758406 0.1115445498425854 -0.066231857282993273 -0.0028205270440329407 -0.11119921281674019 0.14567255783864683 0.012128448320252651 -0.062071338521611064 0.080233492761625891 0.023052091628122582 0.0024354689520000414 -0.012448995374838005 0.11268184288848758 -0.077099467881227846 -0.086247232347715169 0.024346862528177832 0.024871774073158354 -0.11191528825454339 -0.054654703756552903
leaf_weight=2.5989547371864301 3.6882042088545841 1.6953561068512488 4.2853830084204674 1.3047091588377955 1.4437871742993591 1.6980661256238807 1.8957488517044114 1.4284559842199085 0.85153346415609021 63.80777230556123 3.481774984393267 2.0002605074550956 2.6387256998568773 2.0110555225983253 2.3846621848642817 1.4635359300300468 2.1480895364657044 2.0475210323929787 5.3847145922482014 1.7995037361979473 4.2968701706267876 118.10510808904655 2.8278296329081059 2.9693340035155407 1.6487277926644308 2.9335846100002518 1.3062082851538432 2.7792148209409788 1.5081113642081616 3.0408483259379855
leaf_count=30 71 17 32 20 20 26 34 14 17 1153 40 32 19 26 28 23 16 17 56 13 50 1346 47 24 22 35 26 31 26 22
internal_value=-0.000513838 -0.0043349 -0.0327537 0.0068929 -0.047948 -6.58909e-05 0.0400923 -0.00936008 -0.00310364 -0.000161455 0.0013383 0.0288634 0.0595285 -4.7864e-05 0.000787964 0.00241085 0.067551 -0.0233521 -0.0416299 0.000370027 -0.0265122 0.00238673 -0.0121551 0.00133173 0.0373919 -0.000795679 -0.0521751 -0.0130968 -0.047045 0.00100247
internal_weight=251.474 82.099 10.7221 7.03388 2.7485 71.3769 5.01956 3.3242 66.3574 64.6593 169.375 8.12076 6.1205 161.254 159.243 149.212 4.53275 10.0312 7.43224 144.679 10.0963 134.583 8.63281 132.783 7.39728 125.386 4.23979 4.42794 4.33594 121.146
internal_count=3333 1404 143 72 40 1261 65 48 1196 1170 1929 91 59 1838 1812 1709 44 103 73 1665 146 1519 123 1506 77 1429 61 53 73 1368
is_linear=0
shrinkage=0.1


Tree=82
num_leaves=31
num_cat=0
split_feature=0 0 3 2 3 2 2 3 3 3 3 3 1 0 1 2 2 1 3 1 2 0 0 2 2 3 3 0 0 2
split_gain=0.172376 0.287927 0.466567 0.790392 0.455943 0.203207 1.30068 0.919286 0.896358 1.54651 2.38835 1.7997 2.88753 1.40929 1.35854 3.51731 2.41387 1.82989 1.2892 1.27252 1.61793 0.655858 0.598801 0.552321 1.77743 0.886111 0.550973 1.05089 0.526722 0.872762
threshold=1.0000000180025095e-35 0.010489638730236906 124.1292657944209 55.689282672125081 184.97943435331987 25.607266419431074 25.624371375516539 105.69121618569851 122.09732175691606 124.55371159969496 129.94284342755859 141.19106283925743 0.39988234777904091 0.25144747724342981 0.73036814648837478 25.461751650441872 25.441143698654923 -0.15131085103706293 155.30536052980531 0.87382851627323388 25.164251149041476 0.10424081596434402 0.35795971406853982 25.701417485883493 25.747669091496508 130.96291553819972 101.37537737279656 0.23450883099001787 0.47759221432569848 29.744466023454244
decision_type=2 2 2 2 2 2 2 2 2 2 2 2 2 2 2 2 2 2 2 2 2 2 2 2 2 2 2 2 2 2
left_child=-1 2 -2 4 -4 7 -7 -3 19 -10 -11 12 -12 14 15 17 -16 18 -13 20 -9 -19 -15 25 -25 -8 27 -26 -28 -30
right_child=1 5 3 -5 -6 6 23 8 9 10 11 13 -14 22 16 -17 -18 21 -20 -21 -22 -23 -24 24 26 -27 28 -29 29 -31
leaf_value=0.037219177326972094 0.02999526228980225 0.06231083417279476 -0.1086346610542876 0.021322458917176653 -0.023442477700003961 0.079891615240624936 -0.083394888657139774 0.011252597715840092 0.085867471640210358 -0.11975671853108134 -0.026509399396780098 0.063964721953854831 0.13188133413521569 -0.094328845328044419 -0.11243781700706874 -0.10751548801659988 0.051557537130419433 0.14327579645109639 -0.063124077481488697 0.031884047718480017 -0.11429379535769101 0.063179092088972252 -0.024750547031503752 0.070922935687382088 -0.10819453067877993 0.0027465969906636935 -0.0011429187304450431 0.022151001093294331 0.039857231064301342 -0.0097030826854348426
leaf_weight=1.2047502687200893 1.2172961570322502 1.7938148733228434 1.510124875232578 1.3449304918758569 1.0757252713665364 2.0669648200273505 2.0383322015404692 1.5463263681158412 1.8166266363114143 1.826435961760583 2.2400090172886875 1.4827816579490956 2.3674331270158291 2.5496196802705517 2.296163165941834 1.6840088134631512 1.4734975448809562 1.7176861595362387 1.7288205437362192 1.5820341827347872 3.0533548686653376 2.5252358708530664 2.402364008128643 3.5689065381884566 1.3192375651560717 2.8834224734455347 182.76708096062066 1.1645349059253929 8.3033264018595201 6.2112687418702981
leaf_count=14 18 21 28 17 21 13 22 21 17 29 29 16 15 32 35 33 13 14 33 15 49 27 22 24 30 29 2547 13 49 87
internal_value=-0.000515754 -0.000697921 -0.0241021 -0.0408551 -0.0731943 -0.000204951 0.000955844 -0.00736744 -0.011238 -0.00313146 -0.0097865 -0.000846809 0.0548762 -0.0152218 0.00217674 0.0230128 -0.0483348 0.0524997 -0.00444778 -0.0454789 -0.0720875 0.0956051 -0.0605742 0.000172398 0.000973617 -0.0329287 -0.000276061 -0.0470811 0.000313213 0.0186488
internal_weight=250.762 249.557 5.14808 3.93078 2.58585 244.409 210.323 34.0862 32.2924 26.1107 24.2941 22.4676 4.60744 17.8602 12.9082 9.13853 3.76966 7.45452 3.2116 6.18172 4.59968 4.24292 4.95198 208.256 203.334 4.92175 199.765 2.48377 197.282 14.5146
internal_count=3333 3319 84 66 49 3235 2814 421 400 315 298 269 44 225 171 123 48 90 49 85 70 41 54 2801 2750 51 2726 43 2683 136
is_linear=0
shrinkage=0.1


Tree=83
num_leaves=31
num_cat=0
split_feature=1 1 3 2 1 1 1 2 2 2 1 3 3 3 3 2 2 2 2 3 2 2 2 1 3 2 2 3 0 0
split_gain=0.167231 1.82022 2.40365 2.20211 1.20997 0.845662 2.53161 1.50652 4.57627 2.31904 1.39504 1.38551 1.2325 4.15534 2.231 1.82056 1.6537 2.23846 3.56235 2.9198 1.25537 2.21787 1.35237 1.3026 1.07218 2.65315 2.17474 1.64034 1.59435 1.93415
threshold=0.50065447674152874 0.66739218865932848 116.39616750453574 25.461751650441872 0.48645402044156461 0.90647471441915273 0.97072678939899004 25.720117430065432 26.348123628480678 27.881286557244277 0.79987288786144994 113.50459355462804 145.01606733223335 161.90475921333623 139.12124010638931 25.39003055274538 25.371691890206307 28.423742973446494 36.132036400473531 127.50926656440795 25.821318316057887 26.161930557385841 26.717538667821305 1.4161840336791998 196.74267009426782 31.722622867669621 29.398469258597473 179.57372080537542 0.30089097587469865 0.22025800695807937
decision_type=2 2 2 2 2 2 2 2 2 2 2 2 2 2 2 2 2 2 2 2 2 2 2 2 2 2 2 2 2 2
left_child=4 2 -2 -4 -1 7 -7 -3 -9 -10 -11 -8 14 -14 16 -15 -13 19 -19 -18 -17 -22 -23 -24 26 -26 -25 -28 29 -27
right_child=1 5 3 -5 -6 6 11 8 9 10 -12 12 13 15 -16 20 17 18 -20 -21 21 22 23 24 25 28 27 -29 -30 -31
leaf_value=0.00051079133779666902 0.064025603690037944 0.086100516068560937 0.02721209115798779 -0.09818170480566113 0.088706714299756073 -0.116574286225357 -0.06125403271486235 -0.11447933625549199 0.10282580378166176 0.035236689501836803 -0.073158638463610828 0.10249108432239272 -0.08203286336350335 -0.11144866711201162 0.11841016531580428 0.063375090321251784 0.019726481291501567 0.097600993869182889 -0.039012439001718101 -0.11972523266635771 -0.1110845090888571 0.06857736172197125 0.045353155005333913 0.086481850927210557 -0.083500173332926766 -0.0052488668890272819 -0.11911462617233498 0.029947658854373439 -0.10547632127704538 0.13220366505164854
leaf_weight=163.28156951168785 1.6531768003478626 2.9909774884581557 1.830439234152436 5.96271116216667 1.5704825054854143 1.9356441958807398 3.5164362997747949 2.4542604135349384 3.5187331195920688 3.4521218920126557 1.8097587283700702 1.7779785133898283 6.1388745433650902 1.2319166222587217 2.2446878012269726 4.1944044716656235 3.203160470351575 4.2135955207049847 3.4894877229817212 2.8261401318013668 1.5622639348730469 3.5854437528178122 5.2881974428892162 2.7805960262194303 5.0017720803152752 3.0426552125718445 1.3301895009353759 1.6589408330619333 0.88683998346095894 1.5428218592423943
leaf_count=2215 23 26 16 91 13 26 49 30 34 41 25 15 89 19 19 29 29 28 47 32 22 31 54 30 96 89 19 27 49 20
internal_value=-0.000507611 -0.00410701 -0.0454964 -0.0687295 0.001351 0.00105933 -0.00402677 0.02303 0.00623917 0.0399811 -0.00204454 -0.000366406 0.00345694 -0.00665125 0.0252303 0.00776218 0.0117451 -4.04271e-06 0.0357153 -0.0456393 0.0125188 0.00452357 0.0117142 0.00224552 -0.0117882 -0.0308565 0.0228273 -0.0363864 0.0172606 0.0409982
internal_weight=249.976 85.1242 9.44633 7.79315 164.852 75.6779 61.452 14.2259 11.2349 8.78061 5.26188 59.5164 56 38.2449 17.7551 32.106 15.5104 13.7324 7.70308 6.0293 30.8741 26.6797 25.1175 21.532 16.2438 10.4741 5.76973 2.98913 5.47232 4.58548
internal_count=3333 1105 130 107 2228 975 819 156 130 100 66 793 744 574 170 485 151 136 75 61 466 437 415 384 330 254 76 46 158 109
is_linear=0
shrinkage=0.1


Tree=84
num_leaves=31
num_cat=0
split_feature=2 2 3 3 3 3 3 0 3 3 1 3 2 2 1 2 0 2 2 0 3 0 0 0 0 2 2 3 2 1
split_gain=0.185672 0.994716 0.893552 0.914658 2.3365 1.24484 1.54181 1.12206 1.27153 1.93445 1.86309 2.13743 1.57553 1.47151 0.918098 1.51386 0.568549 0.530016 1.30842 0.775523 0.526907 0.988607 0.465767 0.787061 1.9197 1.15752 2.15036 2.03152 1.57912 1.15707
threshold=25.607266419431074 25.624371375516539 105.38805276676926 122.09732175691606 124.55371159969496 132.14855255947001 141.19106283925743 0.25144747724342981 188.53217578466692 199.38270971716938 0.73036814648837478 172.83972002575862 25.407495862719514 25.280812854134581 0.87382851627323388 25.164251149041476 0.35795971406853982 25.701417485883493 25.747669091496508 0.17833647600377114 101.37537737279656 0.23450883099001787 0.47759221432569848 0.33333333331384757 0.34328358205109843 25.842430527409711 26.203273155880492 113.50459355462804 26.397805226977784 -0.64029819483190653
decision_type=2 2 2 2 2 2 2 2 2 2 2 2 2 2 2 2 2 2 2 2 2 2 2 2 2 2 2 2 2 2
left_child=2 -2 -1 14 -5 -6 -7 8 10 -10 11 12 13 -8 15 -4 -9 19 -19 -3 21 -20 23 -22 -25 -26 -27 -28 -29 -30
right_child=1 17 3 4 5 6 7 16 9 -11 -12 -13 -14 -15 -16 -17 -18 18 20 -21 22 -23 -24 24 25 26 27 28 29 -31
leaf_value=0.062154306994977662 0.068650001546759848 0.0040528961953269667 0.0091629715212570278 0.097418755756654374 -0.079877450583571596 0.05210744223099445 0.0015730822097553467 -0.092832089219791122 0.12042881386130085 -0.02352952129374028 -0.11230353156782164 -0.10952333528699239 -0.055674983707963269 0.11683614354338441 0.016769400395177228 -0.11307708438413949 -0.023738523938043793 0.059938074393168811 -0.10751003351278438 -0.075735044399227222 0.0013500385028323979 0.019574098030786517 0.017502607720591406 -0.1154576537770087 0.061814171736218095 -0.11108260864713884 -0.10966160814479003 0.089326119357272277 0.080248805676678359 -0.015358098014646654
leaf_weight=1.754543175920843 2.1247326284646979 2.6516084037721148 1.5674350755289186 2.1288194172084358 2.421167520806196 3.9655559584498432 2.2812015460804123 2.3885999359190455 1.8459649309515946 1.8882605247199533 1.8165209116414187 1.4322337787598369 1.700731700286269 2.1529153380542994 1.6904813116416333 2.864751361310482 2.375229905359447 3.6572553534060708 1.2746916753239923 2.2535174544900656 162.34421023732284 1.17765293456614 14.367845744360237 1.8614963921718324 2.0514503531157997 2.1719679962843683 1.7145939907059098 1.9455092772841478 1.3960321415215844 13.573943500930895
leaf_count=19 13 28 21 18 39 36 30 32 21 32 26 27 28 16 17 50 22 26 31 24 2297 13 136 28 13 29 35 11 11 204
internal_value=-0.000524357 0.000567375 -0.00735888 -0.0111093 -0.00303239 -0.0118439 -0.00430429 -0.0168145 -0.00171893 0.0476344 -0.0213592 0.000472522 0.026152 0.0575372 -0.0459321 -0.0698471 -0.0583823 -0.000113552 0.000654344 -0.0326034 -0.000409107 -0.0464823 0.000151827 -0.00118087 -0.0178055 -0.00985143 -0.0169189 -0.00594095 0.00457242 -0.00644223
internal_weight=248.841 214.567 34.2744 32.5199 26.3972 24.2684 21.8472 17.8817 13.1178 3.73423 9.3836 7.56708 6.13485 4.43412 6.12267 4.43219 4.76383 212.442 207.537 4.90513 203.879 2.45234 201.427 187.059 24.715 22.8535 20.802 18.6301 16.9155 14.97
internal_count=3333 2899 434 415 327 309 270 234 180 53 127 101 74 46 88 71 54 2886 2834 52 2808 44 2764 2628 331 303 290 261 226 215
is_linear=0
shrinkage=0.1


Tree=85
num_leaves=31
num_cat=0
split_feature=2 2 3 3 3 3 3 0 0 3 1 3 3 0 3 1 2 0 2 2 3 3 0 3 1 1 3 1 1 1
split_gain=0.159774 0.786124 0.715846 0.777584 1.81502 1.14802 2.29538 0.990985 1.29883 1.0209 1.83605 1.76023 1.45247 0.953506 0.83102 0.808785 1.41949 0.527773 0.440949 1.04556 0.781745 0.450769 0.906526 0.423893 0.414276 0.733259 0.933354 1.10766 0.734924 2.06538
threshold=25.607266419431074 25.624371375516539 105.38805276676926 122.09732175691606 124.55371159969496 134.27461611743684 141.19106283925743 0.033632456072933088 0.25144747724342981 188.53217578466692 0.73036814648837478 157.74471164959999 199.38270971716938 0.31457536173471928 172.83972002575862 0.87382851627323388 25.164251149041476 0.35795971406853982 25.701417485883493 25.747669091496508 130.96291553819972 101.37537737279656 0.23450883099001787 101.82133996116444 5.89662117946816 3.5253885748930354 196.74267009426782 4.3100588649643141 3.1409650384746111 2.7709547501131695
decision_type=2 2 2 2 2 2 2 2 2 2 2 2 2 2 2 2 2 2 2 2 2 2 2 2 2 2 2 2 2 2
left_child=2 -2 -1 15 -5 13 -7 -8 9 10 11 -9 -11 -6 -13 16 -4 -10 20 -20 -3 22 -21 -23 25 28 27 -27 29 -25
right_child=1 18 3 4 5 6 7 8 17 12 -12 14 -14 -15 -16 -17 -18 -19 19 21 -22 23 -24 24 -26 26 -28 -29 -30 -31
leaf_value=0.054452925879749953 0.060324485428673191 -0.078816744244880027 0.0081907405429379621 0.083150596597312332 -0.10996540632778667 0.080369500497171356 -0.108304573500169 0.06263259450476559 -0.089473412136119285 0.11460379252034536 -0.1105402713798924 -0.0046049373443401752 -0.013694850076902333 -0.003712380506971643 -0.10912747330340491 0.014981444960741051 -0.1118907810228954 -0.021615858587878949 0.053218770183218668 -0.10680257083326201 0.0033576269131180888 0.049423340102252744 0.017446355965719185 0.00042774566651583937 0.034080969877854944 -0.067096979598948711 -0.084040968722232448 0.043268361027545443 0.051688016627975356 -0.11139134664115009
leaf_weight=1.7998413480818261 2.173395447432994 1.9528228119015683 1.5775727890431905 2.2382951229810741 1.9693389302119642 2.9013487659394768 1.0832600286230469 3.3488774914294499 2.2383102346211663 1.8364767851307982 1.5201553581282494 2.2928418656811123 1.6984824198298154 1.4787740111351011 1.138297216966748 1.7023446448147295 2.6182144116610289 2.3490657564252615 3.7044363748282185 1.1606392571702593 2.8432527165859938 1.7287886291742314 1.1885399539023636 185.49861950456398 3.4425920583307734 1.5851812660694116 2.374325820885133 2.1330300676636398 2.7306127110496154 1.6666828633751709
leaf_count=19 13 23 21 18 40 25 24 32 32 18 24 33 27 10 22 17 50 22 26 31 29 11 13 2509 47 28 69 23 33 44
internal_value=-0.000519609 0.000488625 -0.00691016 -0.0103624 -0.00295025 -0.0110289 -0.00201151 -0.0156651 -0.00955439 0.00795423 -0.0112127 0.0110576 0.0529587 -0.0643972 -0.0392808 -0.0431542 -0.0667414 -0.0547255 -0.000124777 0.000569049 -0.0301014 -0.000389324 -0.0439403 0.000119272 -0.000308125 -0.00091218 -0.0350607 -0.00378358 0.000183428 -0.000567989
internal_weight=247.974 214.183 33.7915 31.9917 26.0935 23.8552 20.4071 17.5058 16.4225 11.8351 8.30017 6.78002 3.53496 3.44811 3.43114 5.89813 4.19579 4.58738 212.01 207.213 4.79608 203.509 2.34918 201.16 199.431 195.988 6.09254 3.71821 189.896 187.165
internal_count=3333 2899 434 415 327 309 259 234 210 156 111 87 45 50 55 88 71 54 2886 2834 52 2808 44 2764 2753 2706 120 51 2586 2553
is_linear=0
shrinkage=0.1


Tree=86
num_leaves=31
num_cat=0
split_feature=2 2 1 1 0 0 3 3 3 3 3 2 0 2 3 0 0 3 3 2 3 2 1 0 3 0 3 2 3 1
split_gain=0.183762 1.79458 1.2234 1.37032 2.1226 0.686128 0.235735 0.401695 0.340947 0.392922 0.785221 0.564283 0.691657 0.25333 0.687653 0.727881 1.70492 0.651111 0.681879 0.585227 0.575303 0.540072 0.471993 0.99006 0.697361 0.749603 1.16642 0.3459 1.70679 0.538323
threshold=25.260956490555571 25.204765435799843 0.41907594595885167 -0.15131085103706293 0.19447173105442461 0.071161048687809272 100.64181718721322 101.37537737279656 101.82133996116444 105.09866404328382 103.13020003857717 54.067708362829713 0.15116982044026836 59.882272358761263 128.20512721504545 0.16406970534893947 0.19592809407034539 130.60963517657592 135.43453142848878 62.455470997965399 137.87034565233185 63.533876353225367 -0.56665881240760452 0.049778652718994038 210.02920991487915 0.080848861280177958 157.74471164959999 57.719710043070769 124.55371159969496 -0.37494226237442319
decision_type=2 2 2 2 2 2 2 2 2 2 2 2 2 2 2 2 2 2 2 2 2 2 2 2 2 2 2 2 2 2
left_child=1 2 3 4 5 -1 -2 -8 -9 10 11 12 -10 27 15 -15 -17 -16 -19 -20 -21 -22 -23 -24 25 -25 -27 -11 -29 -30
right_child=6 -3 -4 -5 -6 -7 7 8 9 13 -12 -13 -14 14 17 16 -18 18 19 20 21 22 23 24 -26 26 -28 28 29 -31
leaf_value=-0.015169423293624237 0.03275225433431872 -0.11144855747162739 -0.055768125958457052 0.071833773848843235 0.06902863857351707 -0.11201257539728858 -0.056660969749910875 0.044253531240873147 0.028893927086857337 0.00077494722532229913 -0.10624072013912307 0.050861410212902552 -0.10923211255962678 -0.10750423745094857 0.085742863772519051 0.10831313834824348 -0.10435963713421266 -0.10468368619637072 -0.063916308959495224 0.098104156216710897 0.082464676605801784 0.052415799687855494 -0.10520099513508502 0.049206371430930762 0.065049594198733254 0.032299332097328777 -0.10653014962157184 0.14327412743422122 0.03731485020915988 -0.10405711179864968
leaf_weight=1.402987453155218 2.1931575313210478 1.5934143885970105 2.7274690344929686 3.2584497621282935 1.9467634726315735 1.5287646250799296 1.2527259085327376 1.7372016422450531 0.68642649101093389 209.87203730852343 1.0405565705150364 1.0999251939356325 0.76828555390238762 1.4110104185529047 0.79700774629600246 0.69055156502872683 0.83003475668374449 0.68219287344254453 1.2912974264472712 0.65879838541149904 0.73233887157402922 1.0978991587180598 1.0868132535833908 1.046828475315124 1.2410672969417644 1.0035614580847325 1.5245590377598999 0.91466081142425482 0.48095687991008174 0.61219759960658815
leaf_count=17 26 42 39 38 18 28 28 11 21 2527 41 11 21 46 12 8 35 25 45 9 15 18 51 13 52 29 59 7 13 28
internal_value=-0.000507449 -0.0123427 0.00219247 0.0216206 -0.0119178 -0.0656684 0.000120627 -0.000187107 0.000118748 -0.00021523 -0.0330145 -0.00318799 -0.0440554 0.0003066 -0.0126754 -0.0557771 -0.00777747 -0.00135553 -0.00805266 -0.00124486 0.0083987 0.000756483 -0.00779093 -0.0189891 0.000466032 -0.0219546 -0.0514205 0.00117015 0.0424793 -0.0418575
internal_weight=247.21 12.4578 10.8644 8.13697 4.87852 2.93175 234.752 232.559 231.306 229.569 3.59519 2.55464 1.45471 225.974 14.094 2.9316 1.52059 11.1624 10.3654 9.68316 8.39187 7.73307 7.00073 5.90283 4.81602 3.57495 2.52812 211.88 2.00782 1.09315
internal_count=3333 182 140 101 63 45 3151 3125 3097 3086 94 53 42 2992 417 89 43 328 316 291 246 237 222 204 153 101 88 2575 48 41
is_linear=0
shrinkage=0.1


Tree=87
num_leaves=31
num_cat=0
split_feature=2 2 1 1 0 3 2 1 2 0 3 0 0 0 0 2 1 0 3 0 3 3 3 3 2 3 1 0 1 2
split_gain=0.156141 1.61619 1.01336 1.06579 1.74824 1.14539 0.22751 0.501626 0.268101 2.20124 0.751662 0.278964 1.29821 2.77097 1.14396 2.23659 2.08664 2.42095 1.2757 1.11513 1.74708 3.7515 2.78916 2.16824 1.84772 2.5603 1.39396 2.29516 1.17404 1.03375
threshold=25.260956490555571 25.204765435799843 0.41907594595885167 -0.15131085103706293 0.19447173105442461 122.09732175691606 25.31432670476401 0.39988234777904091 25.441143698654923 0.050678955451304471 167.56504286474933 0.13840072969701972 0.12798618591617908 0.12639528610191555 0.10812371133773251 25.586046005638433 0.17598759200727601 0.11612481750452565 158.54887925779283 0.18512230396194365 151.70476240171033 158.13953408936609 137.12143858775065 122.8416142888034 32.219595987742998 173.51792874797468 -0.01599164417019492 0.16406970534893947 -0.10003748305545994 25.518822309292919
decision_type=2 2 2 2 2 2 2 2 2 2 2 2 2 2 2 2 2 2 2 2 2 2 2 2 2 2 2 2 2 2
left_child=1 2 3 4 5 -1 7 -2 9 -8 -11 12 13 14 15 -10 -16 -18 -19 20 22 -22 23 26 25 -23 27 -13 -27 -21
right_child=6 -3 -4 -5 -6 -7 8 -9 11 10 -12 19 -14 -15 16 -17 17 18 -20 29 21 24 -24 -25 -26 28 -28 -29 -30 -31
leaf_value=0.019209081257943138 -0.01087243354572639 -0.11047793822200602 -0.052223367961678618 0.062181300374547166 0.059753403901134351 -0.11274390579550658 0.066627518550287451 0.054014273943082516 -0.10779682053838296 -0.075065089584561262 0.010091790011365212 -0.062701077842604966 -0.051260138600684874 0.13746305773070117 -0.10625958770107724 0.0032868585423749528 -0.106784763432095 0.1016948993300134 -0.021811340156060129 0.062287831459203094 0.16474278680494947 -0.062692209290133458 -0.085768078162980543 0.0759938930481283 -0.063384718152045244 0.13779776785299286 -0.06854339188255873 0.087916683189080344 0.04501416296771777 -0.0029598400178686649
leaf_weight=1.0634324885904773 2.372406222857534 1.4538037860766042 2.6267453553155056 3.3807885320857167 2.019840694963932 1.7247626492753623 2.1518369168043128 2.3934114743024111 1.859664050862192 3.9981801677495241 1.3993055522441862 1.7797337707597751 5.4744571801275006 1.4209637194871891 2.9427028500940642 71.520529495144729 1.4687438454711808 1.8859811052680018 1.5026567660970611 2.4860483258962622 2.2761237635277203 1.777118157595394 3.14175962191075 4.3610716564580798 2.0006654772441825 1.9447675310075263 2.7959598246961859 2.3444772018119693 4.564893133472653 104.35604426183272
leaf_count=17 27 42 39 38 18 28 18 15 36 60 20 35 77 12 84 1031 38 17 29 23 22 21 46 40 45 22 29 21 46 1337
internal_value=-0.000487695 -0.0114843 0.00182217 0.0191585 -0.0110932 -0.0624163 8.8353e-05 0.0217139 -0.000360816 -0.0188932 -0.0529881 0.000269666 -0.0041009 -0.000975387 -0.00339859 0.00047168 -0.0398086 0.00044885 0.0469273 0.00314604 0.021309 0.0485707 -0.00243812 0.0207688 0.0228673 0.043691 -0.0140339 0.0229201 0.0727334 -0.00144163
internal_weight=246.489 12.2694 10.8156 8.18882 4.80804 2.7882 234.22 4.76582 229.454 7.54932 5.39749 221.904 88.0757 82.6012 81.1803 73.3802 7.80008 4.85738 3.38864 133.829 26.9866 12.5636 14.423 11.2812 10.2874 8.28678 6.92017 4.12421 6.50966 106.842
internal_count=3333 182 140 101 63 45 3151 42 3109 98 80 3011 1324 1247 1235 1067 168 84 46 1687 327 156 171 125 134 89 85 56 68 1360
is_linear=0
shrinkage=0.1


Tree=88
num_leaves=31
num_cat=0
split_feature=2 0 2 0 2 1 3 3 0 0 1 0 1 0 0 1 0 2 2 0 3 2 0 0 2 0 0 3 2 3
split_gain=0.168099 0.435669 0.970034 0.476071 0.689225 0.959101 0.57667 0.373507 1.007 0.652306 0.670516 0.480519 0.48936 0.230846 0.292176 1.03567 0.316294 0.941257 1.30337 0.558841 2.57246 1.0259 0.940115 0.930734 0.548275 0.481502 0.591612 1.37975 0.465817 1.63692
threshold=59.882272358761263 0.31457536173471928 80.647282377916767 0.29854809435655882 67.272464002875722 -0.2058212291156454 102.79851636070073 135.43453142848878 0.14285714285132686 0.095395487901166046 -1.0000000180025095e-35 0.04651162790577449 -0.45836074990447423 0.0028819401186802067 0.010489638730236906 -0.087869493652173378 0.019607843136103687 30.111938696471764 26.018980254608199 0.031843089055153838 170.42639257694606 29.128765756727013 0.035294117643940241 0.037841037095351589 57.719710043070769 0.039594356259990963 0.044217827575367956 129.60742257646348 51.202493045150483 177.87470281983568
decision_type=2 2 2 2 2 2 2 2 2 2 2 2 2 2 2 2 2 2 2 2 2 2 2 2 2 2 2 2 2 2
left_child=13 3 -3 4 5 -2 -6 8 -8 11 -11 12 -9 -1 15 -15 17 18 -16 20 21 -18 -21 -24 25 -25 27 -27 -28 -30
right_child=1 2 -4 -5 6 -7 7 9 -10 10 -12 -13 -14 14 16 -17 19 -19 -20 22 -22 -23 23 24 -26 26 28 -29 29 -31
leaf_value=0.035835293593174951 -0.10676764268125001 -0.1047161502540087 0.031606766004794638 0.062143915805785689 0.079518698547418901 0.0048115411748673991 -0.10686932527119897 0.06149416679479125 0.019560497534019866 -0.10387099533238596 0.014913014592785257 0.066431533333541196 -0.049591281073213242 -0.10700493428648283 0.041051543490912078 0.011506738632295507 -0.023077263256529503 0.063619040842830113 -0.066281472791811083 0.056679948933602189 0.067953763582424526 -0.11026853460006708 -0.05861646822105987 0.046949605251792925 0.055858894986951492 0.036151639887640613 0.00086823988827543035 -0.1121818760181359 -0.078738056883187704 0.060674016678628366
leaf_weight=1.8016798673197616 1.5172767160693186 1.3452910236082964 0.85290136095136393 1.012531361193395 0.92262495635077257 1.5649317258503277 1.1167841651476904 0.65689282421954009 1.4452767584007231 0.84134419297333396 1.0920331068337001 2.1029858372639865 1.0006604924565179 1.133357919752598 2.4595215814188114 2.1106348084285846 2.9249780289828768 3.0277745597995818 2.0950841046869755 2.9458824312314382 2.0594047612976283 2.5053030401468277 2.6930661416845387 2.1677499003708354 1.7771919689839695 1.1023464598692947 194.10420910513494 1.4544636623468248 2.6339733409695323 1.238116683787666
leaf_count=25 64 76 19 13 8 54 33 8 27 44 32 28 36 26 24 32 40 38 29 24 37 45 36 23 44 16 2305 28 79 40
internal_value=-0.00049738 -0.0105874 -0.0518227 -0.00375847 -0.00920087 -0.0501155 0.0045384 -0.00384083 -0.0355494 0.0104269 -0.036778 0.034696 -0.00556782 0.00018066 -0.000100552 -0.0298978 0.000328697 0.020406 -0.00832083 -0.000370885 -0.0272124 -0.0633036 0.000585889 -0.000211744 0.000557472 7.26132e-05 -0.000434124 -0.0482292 0.000183136 -0.0341605
internal_weight=245.706 15.4715 2.19819 13.2733 12.2608 3.08221 9.1786 8.25598 2.56206 5.69392 1.93338 3.76054 1.65755 230.235 228.433 3.24399 225.189 7.58238 4.55461 217.607 7.48969 5.43028 210.117 207.171 204.478 202.701 200.533 2.55681 197.976 3.87209
internal_count=3333 442 95 347 334 118 216 208 60 148 76 72 44 2891 2866 58 2808 91 53 2717 122 85 2595 2571 2535 2491 2468 44 2424 119
is_linear=0
shrinkage=0.1


Tree=89
num_leaves=31
num_cat=0
split_feature=2 1 0 0 2 2 3 3 1 3 3 2 2 2 3 3 3 1 2 0 0 2 0 2 3 3 0 1 1 2
split_gain=0.150203 1.16763 0.965348 0.78539 0.521493 0.376708 1.78066 0.213757 0.201406 1.02706 1.73514 4.41702 3.24549 0.968185 0.824693 1.85627 1.70117 1.652 1.45165 1.27538 1.25361 2.16825 1.22214 1.08464 2.27417 3.96544 2.89069 2.53532 8.0186 2.93348
threshold=25.137125144120208 -0.10493619285434021 0.29516317014165966 0.18512230396194365 25.164251149041476 25.260956490555571 140.8497891856932 100.64181718721322 0.026078909915676116 106.07812697835945 113.90914776022487 26.070535869006559 27.881286557244277 35.027752827793208 117.98096355596307 118.66070496806546 111.28156457047199 -0.31409088637043087 26.221795554203442 0.098039215678267996 0.37021406824782638 39.376152128491647 0.044217827575367956 30.937440329438513 153.1380419853526 149.80150902038233 0.28421052630532101 -0.23478014399985478 -0.33764193485455268 27.082181353862843
decision_type=2 2 2 2 2 2 2 2 2 2 2 2 2 2 2 2 2 2 2 2 2 2 2 2 2 2 2 2 2 2
left_child=1 3 -3 -1 -2 6 -6 -7 14 13 11 -11 -13 -10 16 -16 22 18 -18 -20 23 -22 -9 24 25 26 27 28 29 -17
right_child=4 2 -4 -5 5 7 -8 8 9 10 -12 12 -14 -15 15 20 17 -19 19 -21 21 -23 -24 -25 -26 -27 -28 -29 -30 -31
leaf_value=-0.017388544640123665 0.057245664939327971 -0.10765014486233174 0.0062452033550402762 0.073088305098960846 0.03506928311218268 0.031024630329927434 -0.10755959682190197 -0.079470834948193694 -0.10906937793988908 -0.077713200891518008 0.00026469360127033954 0.1626987892357884 0.027155303293257056 0.019414557369092835 0.12862725080911797 -0.040209524267839809 0.048286522085353209 -0.10960478227198832 0.012078736681298581 -0.11042090340176547 -0.066860332351037763 0.03935974421673543 0.011397939133427216 -0.011891744648642646 -0.012396937914508058 0.14882952095859414 -0.062789591118809551 -0.026518313554699864 0.19175765879070414 0.080296701730423747
leaf_weight=2.2453927388414745 1.5777324587106694 1.81769754551351 1.2600288391113279 1.6752205230295656 1.8351750643923872 2.2071346808224908 1.6735513657331464 1.6723586227744842 1.5706269661895924 2.2606811951845867 120.01006534404587 2.9740591775625944 4.35087607242167 0.93600447475910176 1.1301560759311531 4.9022411797195726 1.9585327543318269 3.3807214880362135 1.4594321581535044 2.0349974040873349 6.4301475174725038 2.7409101999364793 12.874868359882383 25.11780129338149 17.463725763140246 2.7239319477230302 3.466496165841817 4.4404898006469038 3.3947986345738164 3.435881121084094
leaf_count=33 14 39 11 15 30 26 40 35 43 29 1451 22 41 15 15 60 19 58 21 34 67 54 190 530 255 24 35 63 30 34
internal_value=-0.000480062 -0.0149194 -0.0610211 0.0212709 -5.55164e-05 -0.00043787 -0.0329602 5.20128e-05 -0.000244268 0.0023086 0.00353489 0.0444771 0.0821885 -0.061092 -0.00366359 0.00143364 -0.020068 -0.0546828 -0.0206323 -0.0592595 -0.000505858 -0.0351148 0.000951606 0.00438134 0.0146442 0.0357604 0.0200784 0.0378397 0.0621969 0.00944735
internal_weight=245.022 6.99834 3.07773 3.92061 238.023 236.446 3.50873 232.937 230.73 132.102 129.596 9.58562 7.32494 2.50663 98.6275 75.2466 23.3809 8.83368 5.45296 3.49443 74.1164 9.17106 14.5472 64.9454 39.8276 22.3638 19.6399 16.1734 11.7329 8.33812
internal_count=3333 98 50 48 3235 3221 70 3151 3125 1601 1543 92 63 58 1524 1167 357 132 74 55 1152 121 225 1031 501 246 222 187 124 94
is_linear=0
shrinkage=0.1


Tree=90
num_leaves=31
num_cat=0
split_feature=2 2 2 1 1 3 3 3 1 3 3 3 0 2 3 0 1 2 1 1 3 2 1 3 2 1 1 0 3 1
split_gain=0.145409 1.57801 1.35271 0.840787 0.775164 1.65276 1.13255 1.03816 0.858056 1.63767 2.40103 1.97009 1.67314 3.05693 1.80564 1.72888 1.34249 1.90626 1.57243 1.39382 2.60382 2.66892 2.74283 2.42821 2.09576 2.08782 1.91283 1.4515 1.26168 1.21278
threshold=26.572415629628477 26.445113083677981 26.620641549187734 0.31354628891914577 -0.70339585733826304 133.48347753929929 120.18142336389401 156.45724639793903 -0.2196219484294874 197.46232441524953 136.19205580910028 139.90182101324396 0.20784615383799593 27.2518863809712 102.50254357099801 0.19329010141912098 -0.18346361784735099 35.587942347969836 -0.12378283309731937 0.19680508070183955 204.40605464703427 27.596553088327557 -0.11086516153047556 153.1380419853526 34.395272768954122 -0.077079993574675501 0.24422866547770797 0.49427655674204513 152.35792928149417 0.27132695875984419
decision_type=2 2 2 2 2 2 2 2 2 2 2 2 2 2 2 2 2 2 2 2 2 2 2 2 2 2 2 2 2 2
left_child=1 -1 -2 -3 5 6 -4 -7 9 10 12 -12 13 -6 -14 -15 17 -10 28 20 21 23 -23 -20 -22 -24 -21 29 -18 -28
right_child=2 3 4 -5 8 7 -8 -9 16 -11 11 -13 14 15 -16 -17 18 -19 19 26 24 22 25 -25 -26 -27 27 -29 -30 -31
leaf_value=-0.00081058732921655222 0.071784431445086325 -0.10780945065267865 0.025715380083362507 -0.016263246280184392 0.12525145629957646 -0.066128433286578331 0.13372778263458118 0.029726138332628584 -0.039043059332797045 -0.087703450601004568 0.13421808986992687 0.0091620977684693256 0.036639032416537883 -0.044576057030225887 -0.095953927341065379 0.085929149365846266 -0.0057332983445074369 0.10624184311778713 0.11200868604786743 -0.087681968902599342 0.16051518093125383 0.12070417839097165 -0.10974568921996596 -0.011433895882187893 0.0069147458451405096 -0.0062011903549802645 0.058709151035612611 0.042913961734078868 -0.11018898069544845 -0.0091452403417280857
leaf_weight=82.368611597688869 2.6768979644402853 2.1407521278597406 2.0263233128935085 1.8880616379901765 1.4645846337080026 1.9641012884676454 1.8635280262678859 2.6603088798001409 1.3401079978793848 2.8487271777703418 1.3847422264516343 13.953316940227522 1.2541820723563422 8.788754979381336 5.6710412327665836 1.1476523254532356 2.384931238833814 2.7695286720991135 4.1608046703040662 2.6617202451452604 2.2372932061552997 1.5344274113886154 2.2058819672092893 2.5826012492179871 1.4732258724980054 16.613828949863077 2.7580610644072285 6.7035860542673609 2.2446786237414926 58.590870445594192
leaf_count=954 26 41 22 24 14 25 18 31 22 116 17 217 13 186 107 13 50 35 38 34 18 16 41 24 32 208 23 61 53 854
internal_value=-0.000501052 -0.00379949 0.00130299 -0.0649073 8.80168e-05 0.0294225 0.0774614 -0.0109857 -0.00161365 -0.0149005 -0.00873975 0.0204523 -0.033172 -0.00962284 -0.0719409 -0.0295027 0.00278626 0.058866 0.000615155 0.00321419 0.0209661 0.0102082 -0.00785588 0.0647324 0.0995296 -0.0183378 -0.00451976 -0.00126706 -0.0563789 -0.00609471
internal_weight=244.363 86.3974 157.966 4.02881 155.289 8.51426 3.88985 4.62441 146.775 36.513 33.6643 15.3381 18.3262 11.401 6.92522 9.93641 110.262 4.10964 106.152 101.522 30.8081 27.0975 20.3541 6.74341 3.71052 18.8197 70.7142 68.0525 4.62961 61.3489
internal_count=3333 1019 2314 65 2288 96 40 56 2192 683 567 234 333 213 120 199 1509 57 1452 1349 377 327 265 62 50 249 972 938 103 877
is_linear=0
shrinkage=0.1


Tree=91
num_leaves=31
num_cat=0
split_feature=2 0 2 0 2 1 3 0 0 3 2 1 1 2 1 3 1 0 0 0 3 2 1 1 1 0 0 3 1 2
split_gain=0.132734 0.400399 0.874318 0.448321 0.604748 0.86177 0.486813 0.373517 0.644484 0.463518 0.605393 0.701438 0.604267 1.07541 0.487698 0.220674 0.771828 0.210998 0.405275 0.914202 0.492316 0.392314 0.796652 1.5758 0.325756 1.05399 1.41862 0.869589 0.63647 1.4671
threshold=59.882272358761263 0.31457536173471928 80.647282377916767 0.29854809435655882 67.272464002875722 -0.2058212291156454 102.79851636070073 0.0075853471420628772 0.020857501932886022 187.85514963868346 75.748363931169408 -0.21484301266894593 2.3656710479827012 78.412966621658555 -0.42599239002695016 130.31007126303422 -0.13112929656686137 0.60706241745741263 0.51527596289627042 0.50410270860908046 172.83972002575862 55.689282672125081 -0.45836074990447423 -0.17191375293079933 4.3100588649643141 0.19122909211265496 0.041187486229378047 226.77838712875979 3.5253885748930354 33.763605722722495
decision_type=2 2 2 2 2 2 2 2 2 2 2 2 2 2 2 2 2 2 2 2 2 2 2 2 2 2 2 2 2 2
left_child=17 3 -3 4 5 -2 -6 -8 -9 10 11 -10 13 -11 -12 -7 -17 18 19 21 -20 24 -23 -24 28 26 -26 -27 -1 -30
right_child=1 2 -4 -5 6 15 7 8 9 12 14 -13 -14 -15 -16 16 -18 -19 20 -21 -22 22 23 -25 25 27 -28 -29 29 -31
leaf_value=-0.00068035033503046672 -0.10623763866796326 -0.10441130228073457 0.028065353817032419 0.061064668295378599 0.073512180067123054 0.049760615984743364 0.089133166571695677 -0.1066675586418276 0.061788768613353577 -0.10554034271284546 0.0091998774689650755 -0.04941143581764576 0.11262626686664037 0.082983109894509022 -0.081401619381270607 0.079946280783954854 -0.10346857322105869 0.033154169007439324 -0.0473896947453291 0.073720820354336872 0.0079357339307834264 0.11000551903682654 -0.10666706701162126 0.05912666898119312 0.054562385346879155 0.093047539504144544 -0.10766854251555105 0.0069640844784807634 -0.11158631780695215 0.048645189836000712
leaf_weight=205.45960650616325 1.3593522019800732 1.2248909418121905 0.83970976877026249 1.0042520948918525 0.91437847539782424 0.60842028819024452 0.4128219708800297 0.61509896023198951 1.5102133508771616 0.55019016051664926 0.91752854501828585 0.90849716495722965 0.74012093781493593 0.67234076769091189 1.6856148687656967 0.39183507347479463 0.55355054023675621 1.9130645706318308 3.8954645581543437 1.6938303876668204 2.7395219504833221 0.97353503678459707 0.86011850577779192 1.7190347102005019 0.95994994603097383 2.2152258809655905 1.2292143416125325 2.4953393780160695 1.5363955427892499 0.90981906000524748
leaf_count=2569 64 76 19 13 8 9 3 22 36 29 16 24 20 14 44 8 37 21 34 11 21 14 34 39 11 16 33 35 38 15
internal_value=-0.000513198 -0.0096554 -0.0505307 -0.00308504 -0.00852614 -0.0480881 0.00438445 -0.00350441 -0.00853662 0.000105401 -0.0159994 0.0200206 0.0413128 -0.00186035 -0.0494674 0.00278416 -0.0274484 8.30366e-05 -0.000196058 0.000538149 -0.0245464 -2.95372e-05 0.0329296 0.00383633 -0.000574652 0.020802 -0.0365302 0.0474463 -0.00128408 -0.0519915
internal_weight=243.509 14.9088 2.0646 12.8442 11.84 2.91316 8.92681 8.01243 7.5996 6.98451 5.02185 2.41871 1.96265 1.22253 2.60314 1.55381 0.945386 228.6 226.687 220.052 6.63499 218.358 3.55269 2.57915 214.806 6.89973 2.18916 4.71057 207.906 2.44621
internal_count=3333 442 95 347 334 118 216 208 205 183 120 60 63 43 60 54 45 2891 2870 2815 55 2804 87 73 2717 95 44 51 2622 53
is_linear=0
shrinkage=0.1


Tree=92
num_leaves=31
num_cat=0
split_feature=0 3 3 1 2 0 0 1 1 0 1 2 1 0 2 3 2 1 1 3 2 1 3 3 2 1 0 2 2 0
split_gain=0.143678 0.20657 0.921001 1.52401 0.666888 0.606863 0.871353 0.606456 1.12839 1.68032 1.02612 1.21529 1.34032 1.02735 0.751393 0.541301 1.15524 1.41989 1.225 1.0711 0.765852 0.566472 0.466548 1.51716 1.28697 1.74098 1.0475 0.951668 0.409415 0.391881
threshold=1.0000000180025095e-35 238.54264495136223 230.35313211399904 1.2385574471743122 26.161930557385841 0.026634382565941566 0.037841037095351589 1.8196772632839244 0.80891991744776559 0.20492349643426058 2.5488244864361076 26.717538667821305 2.7709547501131695 0.47759221432569848 30.646309120904093 205.75107587233413 30.410011307629208 -0.094394531511986998 0.29823349223901663 221.0526294847642 26.473642416753574 0.24422866547770797 196.01774191214139 193.35110854888634 30.646309120904093 0.73036814648837478 0.14482758619690447 26.795545859873098 36.548070112380316 0.40199330091560703
decision_type=2 2 2 2 2 2 2 2 2 2 2 2 2 2 2 2 2 2 2 2 2 2 2 2 2 2 2 2 2 2
left_child=-1 2 15 -4 -3 -6 -7 8 9 14 -9 -12 -13 -14 -8 22 20 -18 -19 -20 -17 -22 23 29 25 27 -26 -24 -16 -2
right_child=1 4 3 -5 5 6 7 10 -10 -11 11 12 13 -15 28 16 17 18 19 -21 21 -23 24 -25 26 -27 -28 -29 -30 -31
leaf_value=0.034090712812391559 -0.001389337316940617 -0.066689862401198161 -0.010398565167197749 0.10612688988053803 -0.10656477348707294 0.1106936653321241 -0.036176922151763796 -0.11013164922354164 0.07408098391504668 -0.11494540264348629 0.13390685824571311 0.080079260069246649 -0.11066171324236714 0.049050184300875793 0.12407893339512632 -0.012870587394290962 -0.068873785243109442 0.13313301906550878 -0.054343188697819268 0.074133543358793047 -0.02258918718708057 -0.10964429108845275 0.036407806246754743 -0.086308978418518659 0.023166767443732486 -0.031836857816449918 -0.10762122775536578 0.12099037848904218 0.025323808710493331 0.012956586566828868
leaf_weight=1.1959259030409146 177.63638103182893 1.949508191552012 2.3670412446372202 2.134560938924551 0.54775737383169953 0.68339198193279926 1.1678429405437767 1.2552456848789004 2.120668298448436 1.2055661998456342 0.53545587882399592 0.80771567579358849 1.6199272770900282 0.53602747502736736 0.73736802232451715 2.9560407474637014 1.5063144853338597 1.1291625252924862 1.3293548868969085 1.26771870162338 1.0919898487627508 2.3691208055242896 3.176098430529235 2.0505896862596265 1.2284873304888608 2.302369736135006 1.2210410332772879 2.2888354603201151 0.97475078969728202 21.327472615987062
leaf_count=14 2327 34 32 19 28 16 23 45 25 37 3 11 74 8 9 39 45 16 31 11 21 44 27 39 32 27 37 19 36 204
internal_value=-0.000484976 -0.000656181 7.31409e-05 0.0448552 -0.0123832 -0.00369938 0.00113964 -0.00569106 0.0148971 -0.0158234 -0.0325661 -0.00474095 -0.0297909 -0.0709531 0.0256695 -0.000831338 -0.0218161 0.0130572 0.0461774 0.00837061 -0.0502518 -0.0821782 0.000326002 -0.000733529 0.0211721 0.0411033 -0.0420284 0.0718329 0.0678552 0.000148441
internal_weight=242.72 241.524 227.383 4.5016 14.1412 12.1917 11.644 10.9606 6.2062 4.08553 4.75437 3.49913 2.96367 2.15595 2.87996 222.881 11.6497 5.23255 3.72624 2.59707 6.41715 3.46111 211.231 201.014 10.2168 7.7673 2.44953 5.46493 1.71212 198.964
internal_count=3333 3319 2970 51 349 315 287 271 130 105 141 96 93 82 68 2919 207 103 58 42 104 65 2712 2570 142 73 69 46 45 2531
is_linear=0
shrinkage=0.1


Tree=93
num_leaves=31
num_cat=0
split_feature=2 1 0 2 0 2 1 3 3 0 0 0 2 0 0 3 0 2 3 0 1 2 0 0 0 3 0 2 3 2
split_gain=0.124666 1.01466 1.1328 0.458273 0.363874 0.259638 0.881754 0.6946 0.163993 0.248519 0.650857 0.211961 1.74352 0.711775 0.420189 0.745294 0.545365 1.64061 1.82129 0.86814 0.630488 0.947172 0.50923 0.485604 0.600385 1.87851 0.592049 0.791501 2.45511 1.37727
threshold=25.137125144120208 -0.38315528719512465 0.34008159101177593 25.190084981370003 0.10526315789102907 25.280812854134581 -0.087869493652173378 155.30536052980531 100.64181718721322 1.0000000180025095e-35 0.0057473162673052289 0.011494376841730042 32.53698551997784 0.014265364264652114 0.019607843136103687 155.30536052980531 0.031843089055153838 27.2518863809712 170.42639257694606 0.033632456072933088 0.26105552778767843 37.186219814970997 0.036871237132600286 0.039594356259990963 0.044217827575367956 124.1292657944209 0.049778652718994038 25.441143698654923 135.0002963324072 25.345065020802085
decision_type=2 2 2 2 2 2 2 2 2 2 2 2 2 2 2 2 2 2 2 2 2 2 2 2 2 2 2 2 2 2
left_child=1 -1 4 -2 -3 6 -5 -8 -7 -10 -11 12 -12 -13 15 -15 17 -16 20 -18 21 -19 -21 -24 25 -25 -26 28 -28 -30
right_child=3 2 -4 5 -6 8 7 -9 9 10 11 13 -14 14 16 -17 19 18 -20 22 -22 -23 23 24 26 -27 27 -29 29 -31
leaf_value=0.035474254679320368 0.039104425108464826 -0.033600250790339729 0.028390451178845214 -0.10951674512266335 -0.10819718523440339 0.026815558789036617 0.051270597343559876 -0.050819853858411847 0.047145626424348559 -0.056298118022406154 0.091100116051472155 -0.067434407378423517 -0.065165620159209292 0.054411681828179917 -0.11043116191074048 -0.02598066553209101 0.071032938919888267 -0.11030529443828774 0.080410260414803369 -0.045258218502654789 0.021331546579095337 0.0067639474531602205 0.038842208757107408 0.069751896303149249 0.035488679169582385 -0.10965396156631427 -0.11328575351747722 0.00070772720757954286 0.045513874500961032 -0.063641102928870444
leaf_weight=2.5966783100739121 2.9468934573233119 1.0341376410797232 1.4361032508313654 0.95640902500599656 1.7783995959907768 2.2318641059100619 1.3916717972606414 1.2788736224174497 1.0929191573522974 2.0827401583082965 1.7275826642289751 1.5769762867130328 1.2169734446797518 3.5101643498055628 1.7984413383528579 1.717391603044234 1.7200938425958145 1.7520108688622715 1.867384939570911 2.4895943597075521 1.2304984652437267 1.1413073129951952 3.2080465704202643 0.88774826284497921 4.6558396707987404 1.7036983428988604 2.5050267931073895 183.37520711158868 3.328597498126328 1.770925744436681
leaf_count=25 28 26 11 27 36 26 20 23 13 39 23 27 28 31 32 35 12 28 36 37 16 24 35 14 63 37 43 2477 33 28
internal_value=-0.000469766 -0.0137727 -0.0438713 -8.25374e-05 -0.0807687 -0.000579828 -0.0271255 0.00238141 -0.000158639 -0.0004246 -0.000655395 -0.000136139 0.0265161 -0.000492475 -9.69408e-06 0.0280007 -0.000695739 -0.0266681 -0.00152407 0.000288071 -0.0386263 -0.0641258 -0.000308658 0.000246886 -0.000377729 -0.0481951 0.000255675 -0.00060326 -0.0322163 0.00760732
internal_weight=242.01 6.84532 4.24864 235.165 2.81254 232.218 3.62695 2.67055 228.591 226.359 225.266 223.184 2.94456 220.239 218.662 5.22756 213.434 7.78964 5.9912 205.645 4.12382 2.89332 203.925 201.435 198.227 2.59145 195.636 190.98 7.60455 5.09952
internal_count=3333 98 73 3235 62 3207 70 43 3137 3111 3098 3059 51 3008 2981 66 2915 136 104 2779 68 52 2767 2730 2695 51 2644 2581 104 61
is_linear=0
shrinkage=0.1


Tree=94
num_leaves=31
num_cat=0
split_feature=0 0 0 0 0 3 3 0 0 1 0 0 1 3 3 0 2 0 2 3 3 2 2 2 0 3 0 2 2 3
split_gain=0.127887 2.92393 1.41391 1.08582 1.72555 1.62557 2.06203 2.51028 2.07148 1.79277 0.680186 0.631023 1.91791 0.739642 2.69583 1.48543 1.7191 1.27674 1.24714 0.921308 1.16922 1.34911 0.871053 2.13488 2.54923 1.76713 1.12852 0.851852 1.55829 0.848975
threshold=0.27706523455459497 0.28421052630532101 0.29160135840004103 0.23809523807444857 0.24877774021915375 115.8667424683676 146.75552696011496 0.26229508195288026 0.26229508195288026 -0.067946555010022683 0.23316520768535359 0.30089097587469865 0.076253110390777687 184.36175608049044 179.57372080537542 0.49427655674204513 26.717538667821305 0.52449468993302817 26.108376844556464 148.69230598845215 133.33333027957647 25.545709984969779 28.124863569667724 27.217718641924879 0.47759221432569848 127.17907801977864 0.4112129948522919 29.294554265337904 30.01452901750017 118.35608640722121
decision_type=2 2 2 2 2 2 2 2 2 2 2 2 2 2 2 2 2 2 2 2 2 2 2 2 2 2 2 2 2 2
left_child=3 -2 -3 10 -5 -6 8 9 -7 -8 -1 12 -4 14 18 16 -15 -17 19 20 21 -13 23 24 25 -20 -27 -18 -29 -24
right_child=1 2 11 4 5 6 7 -9 -10 -11 -12 13 -14 15 -16 17 27 -19 22 -21 -22 -23 29 -25 -26 26 -28 28 -30 -31
leaf_value=-0.00026698356039849485 0.080384452077893284 -0.074360592309144255 -0.043112622148915564 -0.090094557858416746 -0.097039477926303561 -0.01058155989654316 0.12597005594408126 -0.11034438723798906 0.10710653675137474 -0.039935933800740842 0.047834428754927966 -0.018989225920194589 0.084062244484345253 0.0039498204524064133 0.11218125967191271 0.083376476092422061 -0.11853141537422802 -0.020938004027301588 0.02731196542358277 0.067694704780918533 -0.036287227112101382 0.077295479301802861 -0.036655112355674702 -0.11501611418898186 0.081846619732143841 -0.10991375196871266 -0.012295393452432931 0.083444924560199807 -0.082320955696978657 0.01484281768740417
leaf_weight=149.64161481970223 4.580671275034546 2.6085192806785917 1.9341262220405031 3.3737267783144516 1.844379330985247 3.2021679580211622 1.0878205248154702 2.6413512417348102 2.8063071987126023 1.6232448727823792 2.9986705195624372 2.5652743671089393 3.0650657839141786 4.502770026214419 2.2035433501005164 2.0958685046061865 2.7667494844645262 2.6655278445687145 2.6278136679902691 3.5748840868473044 3.6537510603666306 3.3630326213315129 4.2635685257846516 2.5170853165909639 2.2448699790984392 3.1935213133692741 1.882251478731632 0.74863913608714971 2.3385950822848827 12.847598317777736
leaf_count=2215 39 39 23 65 27 38 15 47 26 29 39 24 29 39 17 17 42 36 25 35 30 24 66 38 13 42 19 7 78 150
internal_value=-0.000458276 0.00306392 -0.00217055 -0.00196198 -0.0262678 -0.0099611 0.00417561 -0.040963 0.0443856 0.0266342 0.000677985 0.000724086 0.0348598 -0.00211748 0.00431949 -0.0212507 -0.0425043 0.0249791 -0.00124236 0.0243712 0.00820806 0.0356315 -0.0126363 -0.0327426 -0.0119264 -0.0392524 -0.0737139 -0.078236 -0.0421235 0.00201114
internal_weight=241.463 72.2437 67.6631 169.219 16.579 13.2053 11.3609 5.35242 6.00848 2.71107 152.64 65.0545 4.99919 60.0553 44.9372 15.1182 10.3568 4.7614 42.7337 13.1569 9.58206 5.92831 29.5767 12.4655 9.94846 7.70359 5.07577 5.85398 3.08723 17.1112
internal_count=3333 832 793 2501 247 182 155 91 64 44 2254 754 52 702 483 219 166 53 466 113 78 48 353 137 99 86 61 127 85 216
is_linear=0
shrinkage=0.1


Tree=95
num_leaves=31
num_cat=0
split_feature=2 2 1 2 2 3 2 1 1 1 1 3 3 0 0 0 2 1 0 0 3 3 3 2 0 3 2 0 0 2
split_gain=0.126246 1.71054 1.02652 0.815202 2.07209 1.75581 1.24637 0.97344 0.775587 1.17367 1.60619 1.33087 2.7557 1.80168 1.42547 2.92209 1.41734 1.44476 1.30746 1.28417 1.25403 1.15049 1.51653 1.50819 1.4939 1.47607 1.34221 1.55092 3.32238 1.92938
threshold=27.082181353862843 27.217718641924879 0.076253110390777687 26.832178220777973 26.773658806346575 151.70476240171033 26.717538667821305 -0.19648868365365213 -0.70339585733826304 -0.2196219484294874 -0.18346361784735099 142.26690394186974 143.6619710890599 0.26822455374689724 0.083333333329952977 0.078947368413249577 37.986842205143262 -0.3868583727230398 0.024096385540722371 0.31457536173471928 109.28382469868075 145.39930780874104 142.66495089930589 28.280831033754179 0.21246554713273816 151.23440925881167 29.398469258597473 0.23316520768535359 0.40728676557943927 34.094080804259157
decision_type=2 2 2 2 2 2 2 2 2 2 2 2 2 2 2 2 2 2 2 2 2 2 2 2 2 2 2 2 2 2
left_child=3 2 -2 4 6 7 -1 -5 -3 11 -11 16 -13 14 15 18 -10 -18 -14 -15 -19 22 23 24 -12 -23 -25 29 -29 -28
right_child=1 8 -4 5 -6 -7 -8 -9 9 10 21 12 13 19 -16 -17 17 20 -20 -21 -22 25 -24 26 -26 -27 27 28 -30 -31
leaf_value=-0.001261740557501997 0.10299961766976964 0.031619100036733981 0.018583110089597957 -0.019031049009104208 0.080076653761906882 0.013070161981074389 -0.077760131920585382 -0.11334633932719373 -0.071219719030650802 0.06659485014207138 -0.0007756401824571919 0.19421506731672472 0.018591378010935855 0.093296628524674602 -0.07256922454772613 0.16416380679875084 0.019852027155055275 0.0081293364418419198 -0.10828556601629531 -0.010873103930161009 -0.10669920687890995 -0.080103007568047474 0.10057049241985437 0.066567980893668124 -0.11314883670459251 -0.0056623707226329803 -0.058421680495619958 0.070989643461539548 -0.055133474250578268 0.013926926610181115
leaf_weight=91.551517675397918 2.4910470577888182 6.9599472347181282 3.4156843665987253 1.8290124367922542 3.0984272733330718 4.4097056370228529 2.1805400904268017 2.7243153043091279 7.4053487395867768 3.81048262072727 3.240261676721274 0.7162231164984395 1.8830859783920444 2.4354395605623713 4.5667740898788907 0.9337547905743121 5.5765591292874914 1.6185503825545269 1.4282123741577377 2.3020199667662382 2.3061440057354048 2.8293827844317994 1.8866188377141941 4.6231675799936083 1.8633429515175519 45.489969613758149 5.6523621780797901 7.9165921988897008 2.8371381657198071 10.595578932203351
leaf_count=1084 21 82 31 20 26 49 26 35 125 51 40 8 34 24 126 7 111 29 58 44 70 47 19 38 27 782 75 69 36 139
internal_value=-0.000466754 0.00156276 0.0541841 -0.00305241 -0.000381715 -0.0319048 -0.00304136 -0.0754611 -0.000848995 -0.00270252 0.00304809 -0.0194431 0.00305109 -0.00705395 -0.0337914 0.00792525 -0.0384233 -0.0128615 -0.0361325 0.0426786 -0.0593437 0.000262724 0.0131312 0.00863975 -0.0418035 -0.0100213 0.0167803 0.00825572 0.0377148 -0.0112418
internal_weight=240.577 134.784 5.90673 105.794 96.8305 8.96303 93.7321 4.55333 128.877 121.917 90.7449 31.1721 14.2655 13.5493 8.81183 4.24505 16.9066 9.50125 3.3113 4.73746 3.92469 86.9344 38.6151 36.7284 5.1036 48.3194 31.6248 27.0017 10.7537 16.2479
internal_count=3333 2093 52 1240 1136 104 1110 55 2041 1959 1323 636 301 293 225 99 335 210 92 68 99 1272 443 424 67 829 357 319 105 214
is_linear=0
shrinkage=0.1


Tree=96
num_leaves=31
num_cat=0
split_feature=2 2 2 3 3 2 3 3 0 0 2 2 2 2 1 1 0 3 1 1 1 1 1 2 2 3 3 3 3 3
split_gain=0.121415 0.357536 0.425248 0.341489 0.592174 0.670461 0.511873 0.872242 0.580611 0.727194 0.391633 0.553716 0.505124 0.551251 0.274581 0.636143 0.269018 0.265141 0.226692 4.71811 2.03105 1.95136 1.27373 1.59021 1.93796 2.56818 1.0734 1.23917 0.964767 1.6049
threshold=59.882272358761263 62.455470997965399 62.969694920466722 102.79851636070073 108.48627978506089 87.295438582020196 109.70549469826361 128.20512721504545 0.0075853471420628772 0.020857501932886022 78.412966621658555 75.748363931169408 72.739510587859684 69.249453928750782 -0.32898600900763753 -1.0000000180025095e-35 0.16807079644602485 187.85514963868346 -0.28208271653592004 -0.29128728726922143 -0.30930367393534214 -0.31810342773869577 -0.19648868365365213 37.986842205143262 26.445113083677981 145.39930780874104 198.56938096256559 241.68829883662249 146.25347243181156 151.23440925881167
decision_type=2 2 2 2 2 2 2 2 2 2 2 2 2 2 2 2 2 2 2 2 2 2 2 2 2 2 2 2 2 2
left_child=18 16 -3 -4 -5 6 -6 -8 -9 -10 11 12 13 14 -11 -16 -2 -12 19 20 21 26 23 24 25 -20 28 -28 -1 -30
right_child=1 2 3 4 5 -7 7 8 9 10 17 -13 -14 -15 15 -17 -18 -19 22 -21 -22 -23 -24 -25 -26 -27 27 -29 29 -31
leaf_value=-0.0068777153909288513 -0.10671282743030781 0.075466879194980352 0.03959419755873303 -0.10680832916173418 0.080555631737669969 -0.10564010521506938 -0.10441336067224022 0.13309433558725678 -0.10610556084787758 0.056139691977209784 0.0089161243558245114 -0.10715592149295879 0.051765824854056799 -0.10560518200570233 -0.10313705244192606 0.038686458389892653 -0.024209971389071345 0.077330570709580104 0.042345135653466655 0.1562236455756002 -0.11213453148762537 0.098301348222361029 0.00071143291930862501 0.022604667049197738 -0.10902102685636439 -0.10858895333030796 -0.10798318559158404 0.019363678299502279 0.088670603587938157 0.0073812477769840878
leaf_weight=30.427305856952444 0.58620435459306364 0.6480414136312892 1.3512701708823431 0.6428304142318656 0.71339377760886868 0.65330427419394332 0.83927703672088494 0.32822559028863896 0.62400831538252521 0.63975486188427844 1.230049508623779 0.52359488574438717 1.3520304409903472 0.62312066799495358 0.56730364006943357 0.71472995620571478 1.2131224953336639 1.0500584947294553 3.0296499743126315 2.0061030983924857 1.5683598381001491 2.0782704948214805 158.96913463395322 3.6604959163814774 3.8396132858470082 1.7953919209539888 1.9019478000700467 1.2772453069337641 3.0666715833358458 11.675315363332627
leaf_count=394 26 13 16 22 5 24 46 2 23 28 22 27 26 35 30 33 39 25 36 19 34 23 1960 48 69 34 51 43 33 147
internal_value=-0.00047576 -0.00941089 -0.00341201 -0.00772459 -0.0138132 -0.00774958 -0.000802434 -0.00763702 0.00297627 -0.00285447 0.00676096 -0.0106019 0.00237114 -0.0238707 0.00263088 -0.0240709 -0.0510887 0.040423 9.13843e-05 0.0057409 -6.51033e-05 0.00342045 -0.00168965 -0.0326587 -0.0560054 -0.0138172 -0.000658026 -0.0568214 0.00329497 0.0242913
internal_weight=239.596 14.3003 12.501 11.853 10.5017 9.85885 9.20555 8.49215 7.65288 7.32465 6.70064 4.42053 3.89694 2.54491 1.92179 1.28203 1.79933 2.28011 225.296 54.0012 51.9951 50.4268 171.294 12.3252 8.66466 4.82504 48.3485 3.17919 45.1693 14.742
internal_count=3333 442 377 364 348 326 302 297 251 249 226 179 152 126 91 63 65 47 2891 744 725 691 2147 187 139 70 668 94 574 180
is_linear=0
shrinkage=0.1


Tree=97
num_leaves=31
num_cat=0
split_feature=2 3 2 3 3 3 0 2 2 0 2 1 1 1 2 2 3 2 0 1 1 0 0 3 3 0 0 1 3 0
split_gain=0.126339 0.827567 0.629071 0.503367 1.22889 1.00691 0.612541 1.37858 1.59472 1.47625 1.11304 1.6587 1.10755 0.751159 0.746216 0.721082 0.571824 0.498884 1.58788 1.84571 1.92087 1.42386 1.03148 0.482501 0.494315 0.936769 0.430687 0.417592 0.835553 0.410865
threshold=39.867297911561046 101.37537737279656 40.542074974675458 115.51795859284938 121.83127559434426 111.72378290007761 0.29854809435655882 50.056989058237733 51.202493045150483 0.024602774274213066 42.395527248135615 0.39126434751302697 2.5488244864361076 -0.35634019177429227 54.067708362829713 56.502848403159369 171.54494007307713 35.587942347969836 0.28867897523418112 -0.21077226753771569 0.83011460367075529 0.064275814273086276 0.16606469951025593 101.02505057277627 105.09866404328382 0.16807079644602485 0.17093056378338425 -0.23813889625688897 108.48627978506089 0.13988127490770388
decision_type=2 2 2 2 2 2 2 2 2 2 2 2 2 2 2 2 2 2 2 2 2 2 2 2 2 2 2 2 2 2
left_child=17 -2 -3 5 -5 27 7 9 -9 -6 -8 13 26 -12 -10 -16 -15 23 19 22 21 -21 -19 -1 25 -25 -11 28 -4 -23
right_child=1 2 3 4 6 -7 10 8 14 12 11 -13 -14 16 15 -17 -18 18 -20 20 -22 29 -24 24 -26 -27 -28 -29 -30 -31
leaf_value=0.04430731343129584 -0.10982151184727335 -0.073537878596451764 -0.021071532731407418 -0.1044629740834488 0.068250818791999762 0.085259808765610567 0.10471440116457931 0.12104864618070793 -0.10343767420613857 -0.10866956724781976 -0.049735062712616997 -0.10573357233062886 0.026810170693796688 0.083192481445613406 0.075907911022580654 -0.0057086623337734912 -0.0016596348249385965 -0.10797619546439681 -0.05345250653471173 0.0091275968431982577 -0.018417881725905357 0.14198209152590832 0.020127958520504721 0.004272413852003794 -0.00078857283637406058 -0.10906332128846573 -0.049860426092311699 -0.030075301379108257 0.08136514992250303 0.084273293718582651
leaf_weight=2.3327562175691119 0.74935019109398027 1.2453052231576283 1.7902387971989813 1.2465421285014624 0.96523092966527357 1.8728681129869071 1.3398334458470333 1.1353226995561261 0.69670707441400637 2.9879129525506869 0.91204240266233627 1.1161713830952065 1.0909309892449526 2.1858577411621818 1.2161929920548562 9.8473817842314002 1.2474698197329415 1.2510339682921761 2.5706540201790622 2.0382174439728242 2.7652565641328692 2.0967245940119028 1.2632049107924102 1.8047574167139822 180.81161993590649 1.2238249303773043 2.1351929008960724 2.4821371720172456 1.4341797246597705 2.9973759353160858
leaf_count=24 20 24 39 52 13 26 8 17 36 64 27 61 19 34 32 317 31 27 31 22 32 17 13 40 2156 34 38 37 15 27
internal_value=-0.000469071 -0.0057818 -0.00367172 -0.00123477 -0.00739907 0.0216373 -0.00289717 -0.0116845 0.00786833 -0.0468057 0.0230393 0.00300269 -0.0646776 0.0309332 -0.00305796 0.00326326 0.0523622 0.000526544 0.0180815 0.0328972 0.052333 0.0797637 -0.0436141 -0.000886212 -0.00145967 -0.0415256 -0.0841593 0.0007567 0.024491 0.108026
internal_weight=238.852 37.6969 36.9475 35.7022 28.1228 7.57942 26.8762 20.0749 12.8956 7.17927 6.80137 5.46154 6.21404 4.34537 11.7603 11.0636 3.43333 201.155 14.9825 12.4118 9.89757 7.13232 2.51424 186.173 183.84 3.02858 5.12311 5.70656 3.22442 5.0941
internal_count=3333 910 890 866 749 117 697 536 402 134 161 153 121 92 385 349 65 2423 169 138 98 66 40 2254 2230 74 102 91 54 44
is_linear=0
shrinkage=0.1


Tree=98
num_leaves=31
num_cat=0
split_feature=1 1 2 3 1 2 3 3 1 1 0 1 0 1 0 2 2 0 1 3 3 3 2 3 2 2 2 2 1 2
split_gain=0.125817 1.01575 1.16717 0.787483 1.17556 0.732808 1.12299 1.12258 0.285681 0.498632 1.39837 0.303288 1.82312 1.16098 1.08557 1.46182 1.71819 1.18933 1.00949 0.404598 2.25015 1.97259 1.4754 2.26829 2.327 1.97196 1.458 2.15762 1.3393 1.13737
threshold=4.3100588649643141 3.5253885748930354 35.027752827793208 139.12124010638931 4.7968088156983386 26.598588587276438 223.91995994287848 370.22166731709842 3.1409650384746111 2.7709547501131695 0.32722651643426431 1.9839088479941178 0.080848861280177958 1.8196772632839244 0.49427655674204513 31.601532176884934 26.334393813745191 0.22025800695807937 1.747809742507638 174.12349724784812 170.42639257694606 177.87470281983568 26.280623453276295 180.37625341169436 26.374524950869077 25.164251149041476 26.658685637210976 29.540414392980495 -1.0000000180025095e-35 25.934033946363552
decision_type=2 2 2 2 2 2 2 2 2 2 2 2 2 2 2 2 2 2 2 2 2 2 2 2 2 2 2 2 2 2
left_child=1 8 -3 -2 -5 -6 -7 -8 9 11 -11 13 -13 18 15 16 -14 -17 19 20 -1 -21 25 -24 -25 -23 -22 -28 29 -27
right_child=3 2 -4 4 5 6 7 -9 -10 10 -12 12 14 -15 -16 17 -18 -19 -20 21 26 22 23 24 -26 28 27 -29 -30 -31
leaf_value=-0.00116899374433647 -0.057005525638612102 -0.11359391144220128 0.022838734260200316 0.10072498991751143 -0.065382865452289982 0.1093248954246428 -0.067435762492118814 0.076045538372293345 0.030771280437105426 -0.10865835912923943 0.053129000022671846 0.072610337344722248 0.0070349894307879628 -0.07894210565642211 0.07275223294959951 -0.0324803175626295 -0.11175424159361419 0.08607374798755589 0.060664375067512266 -0.085160209210640186 -0.014898314314762946 0.065949458143738107 0.10054730701981474 0.11146875191005959 -0.0073597212817951745 -0.061304611371006457 0.15753426937660034 0.021194271824026764 -0.086075362930520871 0.052497470864262791
leaf_weight=150.92926125047961 1.350856628268956 1.664256670570466 1.0061245787655932 1.6126548941538201 1.2078001499176023 1.0841657612472775 1.460548813454807 0.87016251101158548 2.9482699901564038 1.4066362151643255 0.86139101022854436 3.8522649246733627 2.2464179489761573 1.8949639653728798 1.399450564640573 1.6568067950429397 2.658776200376451 1.7295298134558832 2.6799583728425196 3.190687666181474 1.9079156713560212 1.5960860848426808 2.3841926474124184 1.7462970465421701 29.275592109479476 1.8324099732562893 2.307027991861105 2.3360510151833296 5.3905926905572406 1.6865175394341347
leaf_count=1959 14 42 23 20 15 13 26 29 39 44 8 40 22 39 19 31 40 30 26 57 25 20 22 9 539 38 15 29 78 22
internal_value=-0.000456671 -0.000873556 -0.0621899 0.0122148 0.0272111 0.00156525 0.025244 -0.0138675 -0.000155145 -0.000560443 -0.0472119 -8.53358e-05 0.0144171 -0.00102439 -0.00871525 -0.0224654 -0.0573527 0.0280697 -0.000312004 -0.00111077 0.00132135 -0.00924224 -0.00372593 0.00655334 -0.00067058 -0.0364123 0.0586968 0.0889382 -0.0547498 -0.00676265
internal_weight=238.174 230.587 2.67038 7.58619 6.23533 4.62268 3.41488 2.33071 227.917 224.969 2.26803 222.701 13.5432 209.158 9.69098 8.29153 4.90519 3.38634 207.263 204.583 157.48 47.1024 43.9117 33.4061 31.0219 10.5056 6.55099 4.64308 8.90952 3.51893
internal_count=3333 3216 65 117 103 83 68 55 3151 3112 52 3060 182 2878 142 123 62 61 2839 2813 2028 785 728 570 548 158 69 44 138 60
is_linear=0
shrinkage=0.1


Tree=99
num_leaves=31
num_cat=0
split_feature=3 3 0 0 3 1 1 2 1 1 0 3 3 3 2 0 0 0 1 2 3 1 0 0 0 3 1 0 2 1
split_gain=0.134206 1.42639 2.12548 1.5143 1.37694 2.8442 1.24444 1.5602 0.988683 1.98465 1.28263 1.46893 1.07917 2.56188 1.88014 2.16399 1.36632 2.17687 1.53933 1.03144 0.916045 0.876299 0.862049 2.06146 1.75822 1.32184 1.31401 1.30012 1.63936 2.44653
threshold=133.82987942038878 136.62515807361817 0.36253196929180798 0.11519105589130081 132.55953068155529 -0.077079993574675501 2.0885214968309507 35.027752827793208 0.17598759200727601 0.12140982654733815 0.062781719319698961 120.61708389231443 116.60614573715858 123.8270286059179 28.423742973446494 0.30667240754331387 0.36253196929180798 0.25637414227139416 0.35927262602488313 29.216935488178425 137.12143858775065 0.83011460367075529 0.16406970534893947 0.10812371133773251 0.09929573996362169 113.50459355462804 -0.21077226753771569 0.23809523807444857 27.490285619065663 -0.32447322944715856
decision_type=2 2 2 2 2 2 2 2 2 2 2 2 2 2 2 2 2 2 2 2 2 2 2 2 2 2 2 2 2 2
left_child=4 2 3 -2 6 -6 8 -8 9 22 11 -10 16 21 15 -15 17 18 -12 -20 -3 -14 23 24 -1 26 -25 28 29 -24
right_child=1 20 -4 -5 5 -7 7 -9 10 -11 12 -13 13 14 -16 -17 -18 -19 19 -21 -22 -23 27 25 -26 -27 -28 -29 -30 -31
leaf_value=-0.0097541929727217765 -0.012845520549326021 0.075365358195068857 0.051166740036815019 -0.11517098410872706 0.12356844421786546 -0.039232215372730639 -0.11100086927996367 0.017920167035540824 0.018580954864425833 -0.11096242943805318 0.092303722921936462 0.11818918599361293 -0.11497199627129184 -0.11073706719399373 0.062249583591827209 0.038457787168328927 -0.047284348668572701 0.13986856357307298 -0.046461358545169723 0.052620575220277556 -0.00084849916331092019 -0.025794673856778302 0.0009355953926757643 -0.069469774423745065 0.098894966186650141 -0.11323011656879567 0.077709579240783047 -0.0074174265352871874 0.0025592520968252506 0.15238970492175391
leaf_weight=15.02194122713991 2.4689173582009962 1.595054555684327 1.8014990007504819 3.4915525339310989 2.6213270099833608 1.8169380873441685 2.1954483189620073 1.6398762445896862 3.8181749489158419 1.743171365931629 2.0307165076956171 2.4181427918374538 2.4357222942635408 1.8440774856135234 4.6103974254801869 2.0561937093734741 1.8774569611996401 1.9476338056847451 3.0292230905033648 1.6085375370457766 139.81845653196797 2.0122146201319993 1.924661638215184 1.691742741968483 1.6533669130876649 3.0690889764809981 0.94569885451346536 16.133751944755204 5.507220758125186 2.392262036912145
leaf_count=261 31 13 12 48 27 25 38 20 37 29 16 18 29 31 31 16 21 22 36 19 2067 17 23 39 18 57 15 212 79 26
internal_value=-0.000452461 -0.00227978 -0.0440176 -0.0727862 0.00264358 0.0569211 -0.00023774 -0.0558779 0.00243738 -0.00613407 0.016897 0.0572042 0.00617859 -0.0131249 0.019019 -0.0320827 0.0300166 0.0468606 0.0196961 -0.0120963 1.11447e-05 -0.0746288 -0.00235387 -0.0167353 0.00101844 -0.0686141 -0.0166962 0.0100463 0.0387261 0.0848653
internal_weight=237.22 149.175 7.76197 5.96047 88.045 4.43827 83.6067 3.83532 79.7714 50.0829 29.6885 6.23632 23.4522 12.9586 8.51067 3.90027 10.4936 8.61611 6.66848 4.63776 141.414 4.44794 48.3397 22.3818 16.6753 5.70653 2.63744 25.9579 9.82414 4.31692
internal_count=3333 2171 91 79 1162 52 1110 58 1052 759 293 55 238 124 78 47 114 93 71 55 2080 46 730 390 279 111 54 340 128 49
is_linear=0
shrinkage=0.1


end of trees

feature_importances:
cci_abs=811
entry_adx=789
efficiency_ratio=709
volatility_zscore=691

parameters:
[boosting: gbdt]
[objective: binary]
[metric: auc]
[tree_learner: serial]
[device_type: cpu]
[data_sample_strategy: bagging]
[data: ]
[valid: ]
[num_iterations: 100]
[learning_rate: 0.1]
[num_leaves: 31]
[num_threads: 0]
[seed: 0]
[deterministic: 0]
[force_col_wise: 0]
[force_row_wise: 0]
[histogram_pool_size: -1]
[max_depth: -1]
[min_data_in_leaf: 20]
[min_sum_hessian_in_leaf: 0.001]
[bagging_fraction: 1]
[pos_bagging_fraction: 1]
[neg_bagging_fraction: 1]
[bagging_freq: 0]
[bagging_seed: 3]
[bagging_by_query: 0]
[feature_fraction: 1]
[feature_fraction_bynode: 1]
[feature_fraction_seed: 2]
[extra_trees: 0]
[extra_seed: 6]
[early_stopping_round: 0]
[early_stopping_min_delta: 0]
[first_metric_only: 0]
[max_delta_step: 0]
[lambda_l1: 0]
[lambda_l2: 0]
[linear_lambda: 0]
[min_gain_to_split: 0]
[drop_rate: 0.1]
[max_drop: 50]
[skip_drop: 0.5]
[xgboost_dart_mode: 0]
[uniform_drop: 0]
[drop_seed: 4]
[top_rate: 0.2]
[other_rate: 0.1]
[min_data_per_group: 100]
[max_cat_threshold: 32]
[cat_l2: 10]
[cat_smooth: 10]
[max_cat_to_onehot: 4]
[top_k: 20]
[monotone_constraints: ]
[monotone_constraints_method: basic]
[monotone_penalty: 0]
[feature_contri: ]
[forcedsplits_filename: ]
[refit_decay_rate: 0.9]
[cegb_tradeoff: 1]
[cegb_penalty_split: 0]
[cegb_penalty_feature_lazy: ]
[cegb_penalty_feature_coupled: ]
[path_smooth: 0]
[interaction_constraints: ]
[verbosity: -1]
[saved_feature_importance_type: 0]
[use_quantized_grad: 0]
[num_grad_quant_bins: 4]
[quant_train_renew_leaf: 0]
[stochastic_rounding: 1]
[linear_tree: 0]
[max_bin: 255]
[max_bin_by_feature: ]
[min_data_in_bin: 3]
[bin_construct_sample_cnt: 200000]
[data_random_seed: 1]
[is_enable_sparse: 1]
[enable_bundle: 1]
[use_missing: 1]
[zero_as_missing: 0]
[feature_pre_filter: 1]
[pre_partition: 0]
[two_round: 0]
[header: 0]
[label_column: ]
[weight_column: ]
[group_column: ]
[ignore_column: ]
[categorical_feature: ]
[forcedbins_filename: ]
[precise_float_parser: 0]
[parser_config_file: ]
[objective_seed: 5]
[num_class: 1]
[is_unbalance: 0]
[scale_pos_weight: 1]
[sigmoid: 1]
[boost_from_average: 1]
[reg_sqrt: 0]
[alpha: 0.9]
[fair_c: 1]
[poisson_max_delta_step: 0.7]
[tweedie_variance_power: 1.5]
[lambdarank_truncation_level: 30]
[lambdarank_norm: 1]
[label_gain: ]
[lambdarank_position_bias_regularization: 0]
[eval_at: ]
[multi_error_top_k: 1]
[auc_mu_weights: ]
[num_machines: 1]
[local_listen_port: 12400]
[time_out: 120]
[machine_list_filename: ]
[machines: ]
[gpu_platform_id: -1]
[gpu_device_id: -1]
[gpu_use_dp: 0]
[num_gpu: 1]

end of parameters

pandas_categorical:[]
