tree
version=v4
num_class=1
num_tree_per_iteration=1
label_index=0
max_feature_idx=7
objective=binary sigmoid:1
feature_names=entry_adx cci_abs st_gap_ratio efficiency_ratio volatility_zscore session_cluster wick_ratio candle_body_atr
feature_infos=[25.004839627949611:96.056168322344988] [100.00820538605966:399.99999949307511] [0.052750074141970624:9.310290288958452] [0:0.83076923073726161] [-2.1964541850606651:9.3471846574209767] [0:2] none none
tree_sizes=3338 3364 3380 3377 3378 3368 3366 3395 3372 3375 3377 3395 3371 3382 3386 3386 3388 3403 3384 3390 3417 3381 3398 3397 3385 3391 3382 3369 3392 3381 3385 3371 3410 3376 3394 3374 3403 3401 3398 3387 3376 3389 3379 3395 3385 3392 3397 3390 3387 3386 3387 3384 3421 3395 3393 3389 3402 3403 3410 3391 3407 3406 3414 3419 3393 3394 3357 3396 3379 3391 3396 3391 3409 3378 3387 3362 3384 3387 3406 3388 3401 3409 3390 3387 3379 3384 3398 3395 3398 3385 3394 3394 3382 3391 3395 3397 3392 3420 3417 3414

Tree=0
num_leaves=31
num_cat=0
split_feature=2 4 2 3 0 5 3 2 4 4 3 3 4 2 3 2 2 4 4 4 4 0 0 2 0 2 4 0 0 5
split_gain=65.7282 25.2624 10.9296 11.0517 9.08727 8.78374 7.98775 7.39519 5.8919 5.97871 7.01001 6.74169 5.46711 5.49787 8.15127 4.62659 7.98203 6.01513 5.12727 13.4979 6.65243 6.91495 12.9957 5.96182 5.36362 5.27758 4.65144 4.23581 5.89055 4.21537
threshold=5.4877058822079894 -0.12378283309731937 2.2313089446627652 0.29854809435655882 25.859604399712811 1.5000000000000002 0.062007934081179251 3.9545920236892846 0.016972607212694828 0.59611826555853076 0.50410270860908046 0.46231487113485287 -1.0825435314252021 4.2863847878712358 0.12997234744895142 3.8257916672875245 3.8882914278661178 0.27132695875984419 0.083897528437183774 0.29823349223901663 0.77500062564498207 33.47070326485148 53.532788902747683 4.5340595458878594 25.664387551144326 4.1486949164099176 -0.051622473297168826 26.00329428752482 27.704092925750775 1.0000000180025095e-35
decision_type=2 2 2 2 2 2 2 2 2 2 2 2 2 2 2 2 2 2 2 2 2 2 2 2 2 2 2 2 2 2
left_child=1 12 -3 5 7 15 -7 -5 -6 11 -11 -10 -1 -14 27 17 -17 26 -18 25 23 24 -23 -21 -22 -20 -4 -15 -29 -27
right_child=-2 2 3 4 8 6 -8 -9 9 10 -12 -13 13 14 -16 16 18 -19 19 20 21 22 -24 -25 -26 29 -28 28 -30 -31
leaf_value=-0.82277340300830937 -0.9224970074723885 -0.88659541279596399 -0.89978767180235064 -0.74650323342966929 -0.80332535533304639 -0.81808077731118134 -0.84991423398623189 -0.82126331930646534 -0.85318733780649159 -0.84502196954881015 -0.79025626729526965 -0.92260671440799258 -0.87597014387458361 -0.91690195375658201 -0.84416625545109858 -0.79424959975125697 -0.87521870261652146 -0.89537108291093614 -0.86867079552192994 -0.86746069477769128 -0.81421626203119368 -0.77428293747132027 -0.88609624623896555 -0.9164845322455033 -0.87355643590988385 -0.78493182402061989 -0.84042250627361048 -0.82660936275667152 -0.88303752350671993 -0.83133054398542505
leaf_weight=5.843073070049285 43.405685663223267 20.033393383026123 4.3823048025369671 4.7996671646833411 9.1819719672203046 25.876466453075409 82.637747704982758 10.642740234732626 17.320538029074672 29.215365350246429 7.3038413375616065 4.3823048025369635 195.53426666557789 5.8430730700492886 38.397337317466736 5.0083483457565299 34.015032514929771 19.407349839806557 4.5909859836101559 22.537567555904392 4.5909859836101559 6.886478975415228 4.1736236214637756 8.5559284240007383 22.3288863748312 9.3906531482934952 13.35559558868408 6.0517542511224773 19.616031020879745 10.22537787258625
leaf_count=28 208 96 21 23 44 124 396 51 83 140 35 21 937 28 184 24 163 93 22 108 22 33 20 41 107 45 64 29 94 49
internal_value=-0.86292 -0.858954 -0.850649 -0.848653 -0.832624 -0.85343 -0.842323 -0.798027 -0.84055 -0.846421 -0.834069 -0.867205 -0.870614 -0.871668 -0.859633 -0.860543 -0.856165 -0.876135 -0.858601 -0.852542 -0.863801 -0.849761 -0.816477 -0.88095 -0.863436 -0.820413 -0.855089 -0.87848 -0.869733 -0.809118
internal_weight=695.534 652.129 380.843 360.81 82.8464 277.963 108.514 15.4424 67.404 58.222 36.5192 21.7028 271.286 265.442 69.9082 169.449 132.304 37.1453 127.296 93.2805 69.0735 37.98 11.0601 31.0935 26.9199 24.207 17.7379 31.5109 25.6678 19.616
internal_count=3333 3125 1825 1729 397 1332 520 74 323 279 175 104 1300 1272 335 812 634 178 610 447 331 182 53 149 129 116 85 151 123 94
is_linear=0
shrinkage=1


Tree=1
num_leaves=31
num_cat=0
split_feature=1 4 1 0 3 0 1 5 4 3 0 0 4 3 1 1 3 3 1 0 0 0 4 1 1 1 0 4 0 3
split_gain=41.9469 19.5866 13.2931 11.5093 13.2126 8.39672 7.84577 7.08609 6.21382 6.18296 5.8488 11.2844 5.32812 5.20687 4.79952 7.74631 4.7892 4.60398 5.8175 7.02411 5.87934 4.27356 4.14262 4.10662 4.10398 3.98016 3.91195 13.9281 7.79667 5.59742
threshold=348.05519347003099 -0.12378283309731937 164.36445126393099 44.242985382396846 0.38558638768135761 37.186219814970997 271.18913841680109 1.5000000000000002 1.0460783063323265 0.062007934081179251 25.859604399712811 26.658685637210976 1.1528093082473176 0.078947368413249577 122.09732175691606 184.97943435331987 0.13840072969701972 0.087378640772457467 218.11136839351116 52.866884243325096 25.664387551144326 27.274032680536234 0.61294550942665316 221.0526294847642 175.85381575340136 309.60199633185249 26.018980254608199 1.747809742507638 25.640816535263642 0.13678566388259608
decision_type=2 2 2 2 2 2 2 2 2 2 2 2 2 2 2 2 2 2 2 2 2 2 2 2 2 2 2 2 2 2
left_child=1 2 -1 4 5 6 7 16 13 14 -6 -12 -7 -5 -9 -16 -3 -4 20 -20 -19 -13 -23 26 -14 -8 27 28 29 -11
right_child=-2 3 17 8 10 12 25 9 -10 23 11 21 24 -15 15 -17 -18 18 19 -21 -22 22 -24 -25 -26 -27 -28 -29 -30 -31
leaf_value=-0.00091655465331477314 -0.056011463925130206 -0.0067179375066192069 -0.046079139463908354 0.039159464775919424 0.083229317686126833 0.019989203774458588 -0.062415959555936054 0.085087394961750148 -0.02763636603717692 -0.044847108164296573 -0.029158598177070394 0.093946070090145509 0.10623059204918364 -0.0068827872185664111 0.0033937667864038339 0.07245865017555736 0.011090300213953158 0.017205644970050761 0.039223047133778784 -0.038176145953327009 -0.035603442300138573 0.011046042453541091 0.059560650370237049 -0.025223119221318886 0.036324234700248738 0.0016933550069639794 0.0084100203499054057 0.10640229756811054 0.057249506283811348 0.01723689433375665
leaf_weight=199.2462605535984 31.904686331748962 74.513465270400047 20.294291377067566 8.1535006612539274 7.0620305836200705 12.583737373352053 5.828565761446951 5.0925574004650143 27.672916114330292 5.6609391123056474 5.8935167342424419 4.2241593897342709 4.2155985534191114 24.871593430638313 10.609975606203081 6.5764500051736823 76.528838634490967 6.2397894263267508 8.1514277309179288 4.5773036777973166 33.928443595767021 7.9165543764829662 9.9062623232603055 6.5017912834882727 4.1824562847614288 4.1411184370517731 56.413136854767799 5.0555381476879111 7.3723846822977057 10.122096061706541
leaf_count=958 156 357 98 39 33 60 28 24 133 27 28 20 20 119 50 31 366 30 39 22 163 38 47 31 20 20 269 24 35 48
internal_value=-1.05604e-05 0.00268212 -0.00761053 0.00985192 0.0135283 0.0100864 0.00775547 0.00939702 -0.0101598 0.0188428 0.0425751 0.0322996 0.0405727 0.00448449 0.0424544 0.0298217 0.00230499 -0.0258333 -0.0180659 0.01139 -0.0274 0.0487284 0.0380114 0.0130701 0.0714154 -0.0357868 0.0160122 0.0312142 0.0147984 -0.00503092
internal_weight=695.441 663.537 272.438 391.099 330.401 295.399 274.417 264.447 60.698 113.405 35.0025 27.9405 20.9818 33.0251 22.279 17.1864 151.042 73.1913 52.897 12.7287 40.1682 22.047 17.8228 91.1259 8.39805 9.96968 84.6241 28.211 23.1554 15.783
internal_count=3333 3177 1310 1867 1576 1410 1310 1262 291 539 166 133 100 158 105 81 723 352 254 61 193 105 85 434 40 48 403 134 110 75
is_linear=0
shrinkage=0.05


Tree=2
num_leaves=31
num_cat=0
split_feature=2 4 2 3 5 3 0 2 2 0 0 4 4 4 3 3 0 4 4 2 3 4 2 2 4 2 2 0 5 2
split_gain=57.8038 20.6484 9.33625 8.99644 7.1211 6.81997 6.79556 5.90225 5.87677 5.44574 7.40749 6.26266 5.14087 5.0838 6.21537 5.88571 4.92333 6.39352 4.80826 5.00768 7.18701 4.4029 4.205 7.00462 5.48633 4.75739 7.96499 4.24738 5.79292 4.37567
threshold=5.4877058822079894 -0.12378283309731937 2.2313089446627652 0.29854809435655882 1.5000000000000002 0.10424081596434402 25.859604399712811 4.6115171194100855 3.9545920236892846 44.823526708143618 30.551012055499282 0.97072678939899004 0.016972607212694828 0.59611826555853076 0.46231487113485287 0.50410270860908046 26.556424364441913 0.24422866547770797 -1.0825435314252021 4.2863847878712358 0.12997234744895142 2.0485615759114704 3.8257916672875245 3.8882914278661178 0.27132695875984419 3.9864775780081678 4.0440512785435487 29.744466023454244 1.0000000180025095e-35 4.4063233598626796
decision_type=2 2 2 2 2 2 2 2 2 2 2 2 2 2 2 2 2 2 2 2 2 2 2 2 2 2 2 2 2 2
left_child=1 18 -3 4 22 7 8 16 -5 10 -7 -12 -8 14 -14 -15 17 -6 -1 -20 -21 -18 24 -24 -4 -25 -27 29 -29 -28
right_child=-2 2 3 6 5 9 12 -9 -10 -11 11 -13 13 15 -16 -17 21 -19 19 20 -22 -23 23 25 -26 26 27 28 -30 -31
leaf_value=0.037509649125129635 -0.05714369521788161 -0.022400419306752198 0.0072003984556812039 0.10062885237985773 -0.028923174542243565 0.0041139753735573012 0.054555714538156976 -0.0045322477489055197 0.03579683062348623 -0.046932399742629444 0.0077561741454730106 0.082950675797283185 0.0088453184116053917 0.01596658437077143 -0.058357274197761155 0.06535751651595588 0.068291357125641355 0.045393409462890069 -0.012123731849050223 -0.014371271660498945 0.017908348518547678 0.015643711924008392 0.063499218361454793 -0.035814010841129805 -0.031339797595438486 0.071013343645664903 -0.019033682871897661 0.030061265855068887 -0.0025459435572545396 0.0076724276972284546
leaf_weight=5.9373191744089118 41.632647186517715 19.767925307154655 17.820495039224625 5.1196295768022564 4.6535850316286069 51.45195809006691 9.4350190162658674 8.1068860441446287 11.017820820212362 4.1621260195970526 5.0466629117727262 6.1354366689920425 17.434818938374523 29.605998009443283 4.2865069955587378 7.5750696510076514 17.753533765673641 7.6542423963546753 193.86753843724728 31.151836782693863 38.62308144569397 5.1154339462518683 5.1438498497009268 7.0904376804828635 19.16473188996315 4.5784050822257987 29.696906194090843 27.544027134776115 26.946644008159637 31.720984473824501
leaf_count=28 208 96 85 23 22 244 44 38 51 20 24 29 83 140 21 35 83 36 937 151 184 24 24 34 93 22 142 131 129 152
internal_value=-1.92116e-05 0.00361942 0.0110653 0.0128814 0.00856376 0.0184681 0.0271818 0.0339285 0.0563649 0.00844981 0.01213 0.0490142 0.0202904 0.0148018 -0.0044165 0.0260292 0.0427922 0.0172943 -0.00698757 -0.00798966 0.00349673 0.0565149 0.00213932 0.0062941 -0.0127701 0.00398762 0.00632987 0.00377486 0.0139364 -0.00524057
internal_weight=695.242 653.609 384.029 364.261 279.786 110.08 84.4749 43.2837 16.1375 66.7962 62.6341 11.1821 68.3374 58.9024 21.7213 37.1811 35.1768 12.3078 269.58 263.642 69.7749 22.869 169.706 132.721 36.9852 127.577 120.487 115.909 54.4907 61.4179
internal_count=3333 3125 1825 1729 1332 520 397 203 74 317 297 53 323 279 104 175 165 58 1300 1272 335 107 812 634 178 610 576 554 260 294
is_linear=0
shrinkage=0.05


Tree=3
num_leaves=31
num_cat=0
split_feature=2 2 3 0 3 0 5 1 2 2 1 5 1 3 2 0 2 1 1 1 2 5 2 0 0 1 0 1 5 3
split_gain=53.5201 12.4533 9.06707 18.5184 8.40774 7.3872 6.30872 9.50456 8.02083 6.23837 6.16186 8.85671 8.29215 7.05421 6.66779 5.82245 6.843 5.55599 5.48979 6.75196 5.48978 8.53803 5.78755 5.47486 5.41653 5.1408 5.43994 4.66288 7.34824 4.54104
threshold=5.4877058822079894 2.2313089446627652 0.29854809435655882 66.652701578500924 0.30280794179185161 25.842430527409711 1.5000000000000002 119.47015396442826 4.2712920319342897 3.8694261773131022 137.12143858775065 1.0000000180025095e-35 193.35110854888634 0.1490294886096224 4.3369383563430963 68.607783511079717 4.0729861702091803 196.74267009426782 129.60742257646348 135.43453142848878 4.4973890726280104 1.0000000180025095e-35 4.4243889189098793 25.624371375516539 31.343386212678965 130.31007126303422 28.423742973446494 105.09866404328382 1.0000000180025095e-35 0.38997956563693575
decision_type=2 2 2 2 2 2 2 2 2 2 2 2 2 2 2 2 2 2 2 2 2 2 2 2 2 2 2 2 2 2
left_child=1 17 6 4 -4 9 7 27 15 -6 25 12 13 -12 -13 -9 -17 -1 -7 -20 22 -22 29 -11 -16 26 -10 28 -3 -21
right_child=-2 2 3 -5 5 18 -8 8 10 23 11 14 -14 -15 24 16 -18 -19 19 20 21 -23 -24 -25 -26 -27 -28 -29 -30 -31
leaf_value=-0.012526863374841558 -0.055762167459669311 0.027425025450899289 0.084433076663342169 -0.053754549627983164 0.091860333713848552 0.0313410396660933 0.0096969960911237295 -0.0179508730732722 -0.032812718141856753 0.01015734390209579 0.019793406498200293 0.048854139655109256 -0.0036272347033518408 0.068366152235390415 0.00053672125885029622 0.047321072241253169 -0.028998064713125729 -0.055403661835613766 -0.045967235534372777 -0.009603315861561379 0.086940032860467004 0.0097598136146357737 -0.045762878236216234 0.070595969024029176 -0.039236979863051004 -0.044101307140559966 0.028831322035708998 0.023514547793825339 -0.040545277514274732 0.023827095189098965
leaf_weight=26.765219509601593 40.558320105075836 7.6478605270385716 5.1048878580331793 8.7254005968570691 5.3597774952650097 28.628352269530296 169.99229629337788 125.02712388336658 6.4924977868795413 11.416778400540354 18.642074599862102 4.585490718483924 17.658000394701958 12.478223189711569 21.658342227339745 7.6343613713979703 4.7736243307590485 10.526992186903952 5.8779315501451483 19.356604039669037 5.3336873650550869 10.91903407871723 5.7215605527162543 5.5775730013847342 14.153873875737188 11.070004001259802 7.975126251578331 45.525050818920135 8.2828671187162399 21.375799566507339
leaf_count=130 208 37 24 42 24 136 806 604 31 53 89 22 84 59 104 37 23 52 28 92 25 51 27 26 68 53 38 219 40 101
internal_value=-2.70755e-05 0.00342787 0.00512375 0.0166644 0.0215928 0.0189099 0.00194032 -0.00226425 -0.00656157 0.044827 0.00319939 0.00940071 0.0237407 0.0392695 -0.00791408 -0.0147088 0.0179594 -0.0246303 0.0129502 0.00527359 0.0100767 0.0350882 0.00132606 0.0299934 -0.0151828 -0.0184553 0.00116791 0.0153674 -0.00791479 0.0079405
internal_weight=694.845 654.286 616.994 133.397 124.672 119.567 483.597 313.605 252.149 22.3541 114.714 89.176 48.7783 31.1203 40.3977 137.435 12.408 37.2922 97.213 68.5846 62.7067 16.2527 46.454 16.9944 35.8122 25.5376 14.4676 61.4558 15.9307 40.7324
internal_count=3333 3125 2943 629 587 563 2314 1508 1212 103 548 426 232 148 194 664 60 182 460 324 296 76 220 79 172 122 69 296 77 193
is_linear=0
shrinkage=0.05


Tree=4
num_leaves=31
num_cat=0
split_feature=1 4 1 3 0 5 0 0 4 3 4 4 4 0 1 5 1 3 3 1 0 0 1 1 0 1 3 0 5 0
split_gain=33.9013 15.9614 13.6986 7.56654 5.8828 5.76773 6.5788 7.57169 6.36159 4.84138 4.93042 11.5892 4.72828 4.65945 6.30485 6.55836 5.31665 4.61558 4.97564 4.43742 7.56139 5.21029 4.88966 4.31044 4.28537 4.26561 4.12725 5.92771 4.19787 3.89528
threshold=348.05519347003099 -0.16844689735170526 164.36445126393099 0.29854809435655882 25.859604399712811 1.5000000000000002 45.949242622862947 30.551012055499282 1.0775238626472137 0.030824045312594636 0.29823349223901663 0.094671997567211272 0.74356510034853696 64.128926808043175 129.60742257646348 1.0000000180025095e-35 112.84606049809462 0.38997956563693575 0.3480012894733408 171.54494007307713 26.753248167852636 31.209111884017542 140.46440589263801 129.2513404443491 30.01452901750017 250.04853705736323 0.21246554713273816 52.866884243325096 1.5000000000000002 37.186219814970997
decision_type=2 2 2 2 2 2 2 2 2 2 2 2 2 2 2 2 2 2 2 2 2 2 2 2 2 2 2 2 2 2
left_child=1 2 -1 5 -5 9 7 25 -8 -3 11 19 -12 14 16 -16 -6 18 -17 20 -11 -21 -22 -9 -19 -7 -4 28 -28 -25
right_child=-2 3 26 4 13 6 8 23 -10 10 12 -13 -14 -15 15 17 -18 24 -20 21 22 -23 -24 29 -26 -27 27 -29 -30 -31
leaf_value=-0.000903115052476578 -0.052243182456877792 -0.0208053704123487 -0.037868136660224129 0.046457394178466026 0.012241601636253277 0.011832787821656103 0.024093458199750169 0.067977303121960472 -0.054583863520736298 -0.02589958719891769 -0.019637268590176712 0.038222287756403454 0.0037918130556897963 -0.031393441521572855 0.040679784853600173 0.00062623542247161818 0.069556303435772862 0.033851598899575397 -0.050384717719390959 0.0014923574383416084 0.0046220464945390637 -0.052094518955085878 0.050159921610890439 0.0079028427771879375 -0.014428982294309832 -0.03791989462627976 0.025983817579180654 -0.049325143460619864 -0.025542960207411449 0.054015496877486968
leaf_weight=186.56414923071861 29.762052908539772 26.044346362352371 39.142917513847351 17.940790459513664 7.064359292387965 80.777561277151108 4.1872871816158277 8.8516957759857195 6.6489322483539581 11.054975733160971 36.306332528591156 26.737258821725845 52.926937744021416 5.123489797115325 13.230460628867148 15.185513556003572 9.4705360531806928 13.555100843310358 6.9766021966934195 10.369062647223474 13.8217650949955 8.0637588798999769 10.278576195240019 11.781076386570932 6.9538109153509131 4.5508352518081656 9.7867106646299415 7.168223723769187 6.6309984177350989 7.4922057688236228
leaf_count=899 156 126 193 80 33 379 20 41 33 53 176 126 256 25 62 72 44 63 33 50 66 39 49 55 33 22 47 35 32 35
internal_value=-3.54147e-05 0.00230225 -0.00769942 0.00830462 0.0206552 0.00461747 0.01304 0.0165951 -0.0241817 -0.000734326 0.0023486 0.0113351 -0.00574078 0.0146868 0.0179461 0.00992341 0.0450692 0.000387171 -0.0154319 -0.00208003 0.00833837 -0.0219502 0.0240435 0.0390938 0.0174814 0.00917932 -0.0279126 -0.0113904 0.00517251 0.0258285
internal_weight=694.448 664.686 249.293 415.393 95.5007 319.893 124.29 113.453 10.8362 195.603 169.559 80.3254 89.2333 77.5599 72.4364 55.9015 16.5349 42.671 22.1621 53.5881 35.1553 18.4328 24.1003 28.125 20.5089 85.3284 62.7289 23.5859 16.4177 19.2733
internal_count=3333 3177 1206 1971 445 1526 585 532 53 941 815 383 432 365 340 263 77 201 105 257 168 89 115 131 96 401 307 114 79 90
is_linear=0
shrinkage=0.05


Tree=5
num_leaves=31
num_cat=0
split_feature=2 4 1 2 3 2 1 1 4 2 4 2 3 1 5 2 5 5 3 3 1 3 2 1 2 1 1 1 2 4
split_gain=47.3264 16.6268 10.2189 7.42757 7.31826 5.8052 4.65137 7.07725 5.15624 4.65994 4.22809 4.522 5.91159 5.89349 4.5388 4.78257 4.20057 6.06302 7.2885 6.36312 6.11766 5.64907 5.37204 6.41642 5.30028 6.22349 4.7745 5.08207 4.76742 4.68366
threshold=5.4877058822079894 -0.12378283309731937 129.94284342755859 2.8823191694033015 0.35795971406853982 4.4243889189098793 111.72378290007761 127.50926656440795 1.308932603651894 3.8492236764854346 -0.66302616647761392 4.3092222995428981 0.21246554713273816 164.36445126393099 1.5000000000000002 4.0855063657251689 1.5000000000000002 1.0000000180025095e-35 0.020857501932886022 0.27706523455459497 134.80662879155133 0.10424081596434402 4.6115171194100855 202.9514529695974 3.8282753582792135 140.8497891856932 122.46624511857638 135.0002963324072 4.0485785635984035 0.19680508070183955
decision_type=2 2 2 2 2 2 2 2 2 2 2 2 2 2 2 2 2 2 2 2 2 2 2 2 2 2 2 2 2 2
left_child=1 2 -1 -3 16 6 -6 -8 9 -9 -4 13 -13 14 -12 -16 17 19 -19 20 28 22 23 26 -22 -26 -18 -28 -5 -21
right_child=-2 3 10 4 5 -7 7 8 -10 -11 11 12 -14 -15 15 -17 21 18 -20 29 24 -23 -24 -25 25 -27 27 -29 -30 -31
leaf_value=0.0051087373447251897 -0.053687128972605497 -0.012165902487653904 0.0050948828812981163 0.017265446663383279 -0.006381670286753691 0.0061450425300959332 0.10068299438255364 -0.013634412042637184 0.074476327789315996 0.0413901869595516 -0.021072155620933435 -0.019120201377122444 0.02070009722456535 -0.037770935253106486 0.037279165884581224 -0.027043270264176345 0.064248256915239749 -0.051048033644446281 -0.00052964943820836498 0.084435628021985676 -0.020228664595760698 0.0083827522889180616 -0.0054574591858797409 0.089148241907279421 0.081692359012848256 0.017958166986488118 -0.029030834528660995 0.030830089833904145 -0.03315021631553218 0.020097044377653441
leaf_weight=111.80528677999973 38.813112616539001 35.101137951016426 23.028765738010406 7.3291147798299816 4.3834910541772834 17.54367595911026 5.3738305419683483 5.8379774242639604 6.6614065617322913 11.28665481507778 38.597879588603973 24.40239791572094 15.080287769436834 42.772025629878044 7.8701258450746518 4.5667365342378616 7.5354918837547329 7.7945379465818396 84.982713624835014 5.040679454803465 7.9888481348752967 81.47462472319603 8.1627620607614499 5.5012584030628195 4.2302895933389655 40.505314737558365 4.5319108366966274 16.292027160525322 13.017988592386244 6.445907935500145
leaf_count=538 208 171 111 35 20 81 24 27 30 52 188 119 71 213 38 22 34 38 408 23 39 381 38 25 20 191 21 75 62 30
internal_value=-4.14805e-05 0.00313668 -0.00643319 0.00976656 0.0119541 0.029451 0.0416403 0.0488593 0.0371511 0.0226317 -0.0146885 -0.0181065 -0.00391096 -0.0240813 -0.012608 0.0136604 0.00898286 0.00405233 -0.00477387 0.0137364 0.00829832 0.0160628 0.0309527 0.0397301 0.0172857 0.023985 0.0301438 0.0178026 -0.0149903 0.0483309
internal_weight=693.958 655.145 268.124 387.022 351.921 51.087 33.5434 29.1599 23.786 17.1246 156.318 133.289 39.4827 93.8068 51.0347 12.4369 300.833 177.335 92.7773 84.5581 73.0716 123.498 42.0235 33.8607 52.7245 44.7356 28.3594 20.8239 20.3471 11.4866
internal_count=3333 3125 1300 1825 1654 234 153 133 109 79 762 651 190 461 248 60 1420 846 446 400 347 574 193 155 250 211 130 96 97 53
is_linear=0
shrinkage=0.05


Tree=6
num_leaves=31
num_cat=0
split_feature=2 2 3 0 3 0 2 1 1 0 0 2 1 0 0 2 2 0 3 1 1 3 0 0 5 1 2 1 2 2
split_gain=44.3224 10.282 6.82615 16.1163 7.25141 5.9132 5.3858 4.87906 4.79015 5.17599 9.89921 8.0743 6.28242 5.39177 6.91712 5.07055 7.75136 4.85913 4.40696 4.29959 5.91425 4.47801 8.17131 6.93865 5.87409 5.08618 4.92797 4.22355 5.93348 5.8152
threshold=5.9668568166016618 2.2313089446627652 0.29854809435655882 66.652701578500924 0.30280794179185161 25.842430527409711 3.9999999953780123 196.74267009426782 164.36445126393099 28.086103106616196 27.74592280196698 4.6199696989887773 137.12143858775065 29.294554265337904 30.01452901750017 3.978239649436488 4.0335752908212514 25.747669091496508 0.078947368413249577 129.60742257646348 135.43453142848878 0.39534883718250913 26.658685637210976 47.259644985917433 1.5000000000000002 150.78273621834535 4.2565441951732703 154.92787885190674 4.2712920319342897 4.4844743838366883
decision_type=2 2 2 2 2 2 2 2 2 2 2 2 2 2 2 2 2 2 2 2 2 2 2 2 2 2 2 2 2 2
left_child=1 7 8 4 -4 6 -6 -1 9 10 11 -3 -13 18 -15 17 -17 -10 -11 -7 -21 24 -23 26 25 -22 -24 29 -29 -16
right_child=-2 2 3 -5 5 19 -8 -9 15 13 -12 12 -14 14 27 16 -18 -19 -20 20 21 22 23 -25 -26 -27 -28 28 -30 -31
leaf_value=-0.011873010219566708 -0.058969901090148075 -0.0013225981200547835 0.075705027581097678 -0.052069877874545395 0.072108183381328503 0.026820300636546612 0.021268832768143155 -0.052788627172576146 0.015782116578926971 0.0048039356133961382 -0.057841796656959314 -0.0004305144970777216 0.080563637879998165 -0.045246677689116561 0.012864302482328666 0.053382198743456913 -0.0029325148877028802 -0.026933415609743695 0.062590671525389038 -0.044469538414119915 -0.036325577904964164 -0.031279795829175817 0.018390392176432388 -0.01377657895140668 -0.031559844378250317 0.025685382672386112 0.06788603776586663 0.0052747434185830867 0.067610759055038314 -0.017216621985350584
leaf_weight=26.591266810894012 30.510989010334015 146.28247378766537 5.3088514655828467 8.6373007148504239 7.968240141868594 29.410540208220482 15.046325758099554 10.036091297864912 8.0718806982040388 5.2408049106597892 7.3293261826038352 4.2088046073913556 5.5531013011932373 5.6831554472446433 95.98553267121315 6.4298944175243369 122.99890668690205 38.002106115221977 8.9060447067022306 5.7641698271036139 4.2189655750989941 6.0086622685194007 8.6786477565765434 6.0613074600696555 12.562167704105375 15.292517945170401 11.958159774541853 7.7936626672744733 7.4824082851409912 19.296496495604515
leaf_count=130 169 699 24 43 35 136 68 52 39 25 35 20 26 27 458 31 592 186 42 28 20 28 40 29 60 72 55 37 35 92
internal_value=-4.74475e-05 0.00266493 0.00417107 0.0140396 0.0184909 0.0160209 0.0388707 -0.0230841 0.00140946 0.00510957 -0.00105187 0.00161552 0.0456434 0.011803 0.00875229 -0.00520555 -0.000134856 -0.0194499 0.0411831 0.0107597 0.00406395 0.00838247 0.0214005 0.0332567 -0.00489256 0.0122768 0.047071 0.0111029 0.0358077 0.0078292
internal_weight=693.319 662.808 626.18 136.916 128.279 122.97 23.0146 36.6274 489.265 313.762 163.374 156.044 9.76191 150.388 136.241 175.503 129.429 46.074 14.1468 99.9551 70.5446 64.7804 32.7068 26.6981 32.0737 19.5115 20.6368 130.558 15.2761 115.282
internal_count=3333 3164 2982 638 595 571 103 182 2344 1496 780 745 46 716 649 848 623 225 67 468 332 304 152 124 152 92 95 622 72 550
is_linear=0
shrinkage=0.05


Tree=7
num_leaves=31
num_cat=0
split_feature=2 4 3 0 2 4 5 2 3 3 0 2 4 4 0 4 2 3 3 3 3 3 0 0 3 0 4 2 5 4
split_gain=41.2878 14.4346 5.71791 9.51527 4.92475 4.08285 3.7869 5.66546 6.12774 4.41721 4.40314 5.62399 3.66234 6.79523 6.66362 6.5888 4.54753 4.39203 6.82746 5.42456 4.40041 4.55724 4.54735 4.4614 3.65134 6.50241 3.39039 3.194 3.39561 2.98766
threshold=5.9668568166016618 -0.16844689735170526 0.35464030350982417 55.001128844571987 1.9033956943267425 -1.0825435314252021 1.5000000000000002 2.1487840173179551 0.062007934081179251 0.030824045312594636 25.260956490555571 4.1361420092885135 0.29823349223901663 0.094671997567211272 25.624371375516539 0.70722045143591694 4.220898447504589 0.27706523455459497 0.24419708121443565 0.19329010141912098 0.14170040485255989 0.087378640772457467 32.120610431874518 32.310681622377437 0.12639528610191555 31.343386212678965 0.21687192368005451 4.1624552034772826 1.0000000180025095e-35 1.747809742507638
decision_type=2 2 2 2 2 2 2 2 2 2 2 2 2 2 2 2 2 2 2 2 2 2 2 2 2 2 2 2 2 2
left_child=1 4 6 -4 -1 -6 9 -8 -9 27 11 -11 13 17 -14 -16 26 18 19 20 21 22 -12 -23 -18 -26 -15 -3 -29 -10
right_child=-2 2 3 -5 5 -7 7 8 29 10 12 -13 14 16 15 -17 24 -19 -20 -21 -22 23 -24 -25 25 -27 -28 28 -30 -31
leaf_value=-0.038889050919507701 -0.057870830361964179 -0.039919958005028733 0.029518755891040471 -0.030823367068289184 0.035178376911611318 -0.0065403599110098048 -0.029700446692240534 0.034723736683070279 0.0037885619135244139 -0.062534458371117374 -0.040426115007327998 0.011668811665226788 0.046747146466571292 -0.015847649530852204 -0.022838303411275591 0.005966609435585208 0.077398027660042945 0.037688293743857709 -0.060421048099639177 0.040915673283810572 -0.029246677200396271 0.069499336374965331 0.019574236367028246 0.0025888809357313366 0.063769059142066695 -0.016130594975835921 0.039611562479744851 0.019578527619179005 -0.028094877288880195 0.022800692565613012
leaf_weight=11.568697988986967 29.560118824243546 10.098803639411928 54.295575007796288 7.4267290234565726 6.0181926786899558 229.83960017561913 7.685106322169303 29.174241676926613 77.722175568342209 5.4371809065341932 6.6119435578584689 4.8146760910749435 6.8063383102416983 6.2853101938962954 31.462216600775719 53.799370259046555 6.9543578922748592 7.9621803015470496 4.5866310298442832 7.9911731034517279 12.012817069888113 4.6115512847900373 6.0448577105998993 5.4184967279434204 6.1491488963365537 4.3461495041847229 4.9073990881443024 7.7075086385011655 7.2471569031476974 28.147130712866783
leaf_count=58 169 50 246 36 28 1118 39 132 363 26 32 23 33 30 153 259 32 36 22 38 58 22 29 26 28 20 23 37 36 131
internal_value=-5.35649e-05 0.00252373 0.0082149 0.0222581 -0.00703813 -0.00547586 0.00576626 0.012058 0.0144344 0.00151545 0.0041675 -0.0276857 0.00602345 0.0135809 -0.000862047 -0.00466264 0.0333442 0.00333342 -0.00245241 0.00377564 -0.00477754 0.00817901 -0.0117701 0.0333525 0.0493003 0.0306823 0.00846822 -0.0181951 -0.00352441 0.00884326
internal_weight=692.693 663.133 415.706 61.7223 247.426 235.858 353.984 142.729 135.044 211.255 186.202 10.2519 175.95 83.882 92.0679 85.2616 28.6424 55.2397 47.2775 42.6908 34.6997 22.6868 12.6568 10.03 17.4497 10.4953 11.1927 25.0535 14.9547 105.869
internal_count=3333 3164 1960 282 1204 1146 1678 665 626 1013 890 49 841 396 445 412 133 263 227 205 167 109 61 48 80 48 53 123 73 494
is_linear=0
shrinkage=0.05


Tree=8
num_leaves=31
num_cat=0
split_feature=2 2 5 5 0 0 3 1 3 1 0 1 2 1 0 1 2 3 2 0 0 1 3 1 2 2 1 2 1 3
split_gain=38.5282 8.83853 5.94338 8.04868 7.21556 12.6194 6.99815 6.21071 5.54967 5.05078 5.9522 4.71789 5.57799 5.70096 5.24827 5.079 6.67687 5.68291 5.31613 5.25359 5.19304 4.93163 4.75563 4.6396 4.62206 4.7683 6.28103 4.49931 4.43342 6.08254
threshold=5.4877058822079894 2.2313089446627652 1.5000000000000002 1.0000000180025095e-35 45.949242622862947 37.186219814970997 0.38558638768135761 266.87523904007645 0.028690984547769281 166.71289686360657 39.867297911561046 115.8667424683676 3.8282753582792135 144.39880165103031 26.161930557385841 135.0002963324072 4.477974596682686 0.064275814273086276 4.477974596682686 35.91294972410148 50.677314886304522 148.35335289801523 0.15335378322382667 196.74267009426782 5.035716484505051 4.1181536637525076 105.69121618569851 4.1624552034772826 179.57372080537542 0.23450883099001787
decision_type=2 2 2 2 2 2 2 2 2 2 2 2 2 2 2 2 2 2 2 2 2 2 2 2 2 2 2 2 2 2
left_child=1 23 3 11 5 6 7 24 -5 10 -7 -3 13 -13 -15 18 17 -17 -14 21 -21 -18 -19 -1 25 26 -4 -27 -23 -30
right_child=-2 2 4 8 -6 9 -8 -9 -10 -11 -12 12 15 14 -16 16 19 22 -20 20 -22 28 -24 -25 -26 27 -28 -29 29 -31
leaf_value=-0.010497394823504168 -0.05048208846222179 0.023242171203145229 -0.02959788766548585 -0.033557709011673958 -0.014095863704804857 0.12058447599418765 0.036835922705232359 -0.050452089943357509 -0.0044548841808302866 0.022063388456137607 0.040971697122914291 0.011461409004495538 0.0023507991754042629 0.022751297996145572 -0.037979488139838445 0.029942625094268507 0.064509143265985322 -0.02783201764226095 -0.044801638180310986 0.090859245104964487 0.025458561958385025 -0.024456099529750266 0.0063749646049810031 -0.050998647518734258 0.057837053348094927 -0.045157561135207039 0.020521733540479176 0.0015637640427443565 -0.00016050653440666292 0.06919039062437421
leaf_weight=26.237574115395546 35.916971385478973 36.838452115654945 6.8867226392030707 18.220922112464905 26.346146762371063 4.6082238405942899 21.632501870393753 4.6380821764469138 162.20887491106987 6.2653807252645484 4.7861518263816833 15.043603196740149 27.208302065730095 4.2983060926198986 20.639630690217018 15.798433139920233 4.6489537060260799 15.088063225150107 7.6606387794017783 6.006677642464636 6.1357655972242355 7.1292077004909542 31.111867055296898 9.6797521114349347 4.5634244531393042 5.5319419950246802 67.726008355617523 75.214777424931526 9.0640398263931257 4.8553277552127829
leaf_count=130 208 175 32 91 127 21 97 22 779 29 22 72 131 21 103 76 21 73 37 27 29 33 147 52 21 26 315 351 43 22
internal_value=-5.82572e-05 0.00270221 0.00409885 0.000363996 0.0105139 0.013726 0.0101003 0.0065858 -0.00739387 0.0568344 0.0800242 0.00698135 0.00355226 -0.0128477 -0.0275119 0.00841981 0.0141575 0.00405579 -0.0080085 0.0307084 0.0578113 0.0179019 -0.00479642 -0.0214125 0.00824001 0.00678318 0.0158957 -0.0016371 0.00760786 0.0240303
internal_weight=691.991 656.074 620.156 391.957 228.199 201.853 186.193 164.561 180.43 15.6598 9.39438 211.527 174.689 39.9815 24.9379 134.707 99.8383 61.9984 34.8689 37.84 12.1424 25.6975 46.1999 35.9173 159.923 155.359 74.6127 80.7467 21.0486 13.9194
internal_count=3333 3125 2943 1880 1063 936 864 767 870 72 43 1010 835 196 124 639 471 296 168 175 56 119 220 182 745 724 347 377 98 65
is_linear=0
shrinkage=0.05


Tree=9
num_leaves=31
num_cat=0
split_feature=2 4 1 2 3 3 0 1 1 1 2 3 2 1 4 2 0 0 2 0 0 0 4 2 2 4 0 1 2 3
split_gain=36.1784 12.843 11.0704 6.54043 4.8291 4.71646 8.14945 4.40843 4.50815 4.19234 4.14086 3.67507 3.41949 4.26378 4.03681 5.74954 5.49654 8.2806 10.4905 6.75799 5.82952 5.25119 4.97278 5.27512 9.50755 4.88257 4.51067 4.15498 3.94223 3.83285
threshold=5.9668568166016618 -0.16844689735170526 164.36445126393099 4.3092222995428981 0.21246554713273816 0.35464030350982417 55.001128844571987 137.87034565233185 109.70549469826361 256.38329710734678 2.2313089446627652 0.4328930062087557 4.8756169652135251 203.69234013607721 1.1788855310017248 3.4505863177561023 25.39003055274538 30.25367180820853 3.9080388212472221 53.532788902747683 26.161930557385841 26.717538667821305 0.34765097715127646 2.830792316876495 3.5970408862657597 0.22442922131190879 27.308627748143177 156.98636925201086 3.8202038677472259 0.074488944510536573
decision_type=2 2 2 2 2 2 2 2 2 2 2 2 2 2 2 2 2 2 2 2 2 2 2 2 2 2 2 2 2 2
left_child=1 2 10 -4 -5 12 7 8 -7 -9 -1 -10 14 -14 21 -16 -17 18 20 -19 -18 28 25 -24 -25 26 -23 -27 -3 -28
right_child=-2 5 3 4 -6 6 -8 9 11 -11 -12 -13 13 -15 15 16 17 19 -20 -21 -22 22 23 24 -26 27 29 -29 -30 -31
leaf_value=-0.028759576799802018 -0.055941249111469374 -0.022943623274089497 -0.036622013662825477 -0.021919588341401414 0.028702147993280691 0.0020554655025294094 -0.029336582378485406 0.010058630606159795 0.085547461347416767 0.062512002407628692 0.001273306711043351 0.035869298229680741 -0.031271756310657539 0.0085733157490602615 -0.0067730670816056803 0.076130393797759446 0.090974335255835342 0.057517018147376281 -0.010704518799804746 -0.012315886502463846 0.013430926833774618 0.042873567543092989 -0.057064818790055788 0.074118974326607259 -0.0051611153054895989 0.016562881991284403 -0.0097906443978909886 0.069024077860375468 0.00039746574219174459 0.014740953929809165
leaf_weight=12.289321318268774 27.802054986357689 24.744394615292549 41.137860059738159 11.687664180994036 7.8926786184310904 4.4781499356031444 7.2969668060541144 31.276177033782005 7.0322033762931806 4.3376493602991095 173.67972630262375 7.9108278900384903 13.70264755189419 13.164420083165167 20.536698400974274 4.6265844851732245 4.5559397339820844 17.69605486094952 27.397276550531387 4.3078498542308798 5.17880679666996 9.8892463743686658 4.1674213111400595 4.1306701004505149 44.755009189248085 7.759934797883032 23.407393857836723 7.3483338356018066 67.268349468708038 49.793694466352463
leaf_count=61 169 119 211 59 37 20 36 140 31 20 836 35 66 64 102 21 21 80 128 21 24 46 21 20 212 36 112 34 317 234
internal_value=-6.3077e-05 0.00227851 -0.00676359 -0.0253005 -0.00151437 0.00763065 0.0203143 0.0268974 0.0460604 0.0164473 -0.000711345 0.0592479 0.00540004 -0.0117483 0.00680657 0.0162356 0.0236463 0.0195401 0.00513721 0.0438454 0.0497219 0.00353908 0.0092688 -0.00306557 0.00153778 0.0159326 0.0111784 0.0420789 -0.0058795 0.00689652
internal_weight=691.252 663.45 246.687 60.7182 19.5803 416.763 62.332 55.035 19.4212 35.6138 185.969 14.943 354.431 26.8671 327.564 84.2992 63.7625 59.1359 37.132 22.0039 9.73475 243.264 151.252 53.0531 48.8857 98.1986 83.0903 15.1083 92.0127 73.2011
internal_count=3333 3164 1204 307 96 1960 282 246 86 160 897 66 1678 130 1548 397 295 274 173 101 45 1151 715 253 232 462 392 70 436 346
is_linear=0
shrinkage=0.05


Tree=10
num_leaves=31
num_cat=0
split_feature=2 4 1 2 3 3 0 1 1 2 1 1 0 0 0 1 2 2 4 2 1 0 1 0 3 2 0 1 2 1
split_gain=33.7594 11.5794 10.161 6.08188 4.35327 4.21669 7.32171 3.88109 3.94696 3.78684 3.67324 3.29257 4.86719 5.61699 4.24355 3.67918 4.97924 8.94289 4.55061 3.56268 3.94439 8.81093 11.4471 3.31179 3.15636 3.08652 4.0649 4.54731 3.64317 8.47188
threshold=5.9668568166016618 -0.16844689735170526 164.36445126393099 4.3092222995428981 0.21246554713273816 0.35464030350982417 55.001128844571987 137.87034565233185 109.70549469826361 2.2313089446627652 256.38329710734678 129.94284342755859 25.280812854134581 25.701417485883493 73.698550783737815 126.82926493407199 4.477974596682686 4.2917440240118685 -0.42599239002695016 4.2127820863397378 110.69487408668427 26.858384191252757 107.64075709694738 30.353033874869507 0.4328930062087557 4.8756169652135251 26.348123628480678 226.77838712875979 4.4645006473524393 190.46172881546212
decision_type=2 2 2 2 2 2 2 2 2 2 2 2 2 2 2 2 2 2 2 2 2 2 2 2 2 2 2 2 2 2
left_child=1 2 9 -4 -5 25 7 8 -7 -1 -9 12 -11 -14 -13 16 17 19 -19 20 21 -15 -23 -22 -10 28 -27 -28 -3 -30
right_child=-2 5 3 4 -6 6 -8 10 24 11 -12 14 13 15 -16 -17 -18 18 -20 -21 23 22 -24 -25 -26 26 27 -29 29 -31
leaf_value=-0.027683493651466481 -0.054984521616123494 0.0035838359325853736 -0.035415682564977805 -0.021038004668545621 0.026970002429697666 0.0019513917920948335 -0.028232009693989497 0.0095248907733368124 0.079374958656406855 0.045401496589640052 0.058188741530167232 -0.0095142725174463469 -0.035077337852766781 0.070493452447190671 0.04048783338665296 0.03998590202680416 -0.042547595175269765 0.091903463652028283 0.021082027026487263 -0.033471196068913904 -0.03095797854493744 -0.019765052705047581 0.067682783819137712 0.0056107619407674628 0.033723434017348591 0.033769542241776189 -0.034986706285873519 0.013297485763676434 0.027290376024118757 -0.0092464554420620057
leaf_weight=12.13272614777088 26.894609987735748 253.41960674524307 40.430396571755409 11.571576178073885 7.9773449599742881 4.4810593277215984 7.2057014852762213 31.374730587005615 7.1956099420785886 7.7191556245088568 4.4245689064264289 71.874802082777023 8.3309427946805936 6.3280175179243114 4.5094120204448691 8.1090882420539838 5.2245237082242957 4.2610128670930862 4.8498198390007001 6.6584617346525183 9.9899163097143191 14.600554794073107 5.032057672739028 16.282444730401039 7.9913362562656403 4.2270255684852627 15.369419991970064 7.1422470510005942 51.989228054881096 22.833930537104607
leaf_count=61 169 1200 211 59 37 20 36 140 31 37 20 348 40 30 22 39 25 20 23 32 48 70 24 78 35 20 75 35 241 107
internal_value=-6.74934e-05 0.00215842 -0.00645005 -0.0243445 -0.00144734 0.00722641 0.0191831 0.0253427 0.0431864 -0.000676638 0.0155394 0.001209 0.00730441 0.00402475 -0.00656235 0.00802983 0.00449104 0.00810495 0.0542043 0.000973136 0.00536397 0.0191862 0.0026488 -0.00829429 0.0553532 0.00511542 -0.0112199 -0.0196676 0.0064461 0.0161404
internal_weight=690.431 663.537 245.882 59.9793 19.5489 417.654 62.673 55.4673 19.668 185.903 35.7993 173.77 97.386 89.6668 76.3842 81.3359 73.2268 68.0023 9.11083 58.8915 52.233 25.9606 19.6326 26.2724 15.1869 354.981 26.7387 22.5117 328.243 74.8232
internal_count=3333 3164 1204 307 96 1960 282 246 86 897 160 836 466 429 370 389 350 325 43 282 250 124 94 126 66 1678 130 110 1548 348
is_linear=0
shrinkage=0.05


Tree=11
num_leaves=31
num_cat=0
split_feature=2 4 5 0 3 4 3 0 4 4 2 4 4 2 2 3 2 0 0 2 4 0 3 3 5 3 3 3 2 0
split_gain=31.5167 10.4597 4.44887 6.93082 5.71892 5.25718 5.04845 4.88199 4.87182 4.73113 4.67404 4.55485 4.87424 4.18275 8.69809 5.48128 5.5999 4.29842 4.15237 4.11325 3.9025 3.84798 4.22584 5.03266 4.30228 5.42543 5.60246 7.17544 4.38147 8.44986
threshold=5.9668568166016618 -0.18032846408167486 1.5000000000000002 45.949242622862947 0.04651162790577449 0.59611826555853076 0.38558638768135761 36.887416414770442 4.1673564594087358 0.77500062564498207 4.4243889189098793 0.10361222379137068 0.39126434751302697 4.3060007634785089 4.4184592931257365 0.10526315789102907 3.7992195829273645 25.859604399712811 25.260956490555571 2.2313089446627652 0.80891991744776559 25.39003055274538 0.52449468993302817 0.47092151674202992 1.0000000180025095e-35 0.062781719319698961 0.26822455374689724 0.24711584148081819 4.4844743838366883 67.272464002875722
decision_type=2 2 2 2 2 2 2 2 2 2 2 2 2 2 2 2 2 2 2 2 2 2 2 2 2 2 2 2 2 2
left_child=1 19 4 6 11 -5 7 8 13 -9 -8 -3 -13 15 -15 20 -17 -16 -6 -1 -4 -20 23 24 25 -23 27 28 29 -27
right_child=-2 2 3 5 18 -7 10 9 -10 -11 -12 12 -14 14 17 16 -18 -19 21 -21 -22 22 -24 -25 -26 26 -28 -29 -30 -31
leaf_value=-0.031473618725797049 -0.054066529847103917 -0.036519358159292192 0.024951201399489569 0.019128313661862573 -0.022777888029651777 -0.042452400663545137 0.057091629862144222 0.0071786694776441451 -0.032842047356093376 0.068873749607250373 0.0068427392789978088 0.029364466466127843 -0.017256716770874973 -0.033324272498459442 0.042795754856670837 -0.011848901002420566 0.023504637324842186 0.0033478346128225675 0.051891018989567696 -0.0046435608172287228 0.067408596577126584 0.059619762808177296 -0.034165755954067248 0.047608454390850784 -0.0017140028587820718 -0.01206793100938241 0.030991752091304878 -0.059493056585276198 0.02632863918584993 0.060726317518691481
leaf_weight=15.267449289560316 26.006294205784798 15.090395614504812 17.004422545433048 5.4840531051158896 12.016461566090582 9.4173873215913755 13.018640637397768 5.4864136725664121 6.4323286116123191 7.1664600223302841 7.1802851855754843 8.3835021704435366 16.924167931079865 13.653479561209677 9.3100631535053235 18.601144894957542 28.154690787196159 26.738284766674042 4.7627596557140341 222.00610452890396 7.9391159564256659 6.018532693386077 6.2141989320516577 7.5962614864110938 89.435737460851669 32.059467792510986 23.871416822075844 4.3482555896043769 19.492901012301445 4.5526473224163047
leaf_count=80 169 75 77 26 57 48 56 25 31 32 32 40 83 63 42 86 129 124 22 1086 35 28 29 34 428 154 108 21 91 22
internal_value=-7.14361e-05 0.00204453 0.00672734 0.0128311 0.00245348 -0.0197894 0.0158562 0.0124957 0.00956331 0.0421221 0.0392292 -0.0147772 -0.00181283 0.0118101 0.000663039 0.0195372 0.00943973 0.0135359 0.00576236 -0.00636995 0.0384647 0.00749137 0.00639904 0.00774434 0.00605995 0.0137558 0.0104824 0.00238374 0.00717932 -0.0030161
internal_weight=689.633 663.627 426.353 175.587 250.767 14.9014 160.685 140.486 127.834 12.6529 20.1989 40.3981 25.3077 121.401 49.7018 71.6994 46.7558 36.0483 210.369 237.274 24.9435 198.352 193.589 187.375 179.779 90.3432 84.3247 60.4533 56.105 36.6121
internal_count=3333 3164 1998 806 1192 74 732 644 587 57 88 198 123 556 229 327 215 166 994 1166 112 937 915 886 852 424 396 288 267 176
is_linear=0
shrinkage=0.05


Tree=12
num_leaves=31
num_cat=0
split_feature=2 4 1 2 2 2 4 2 2 4 2 2 1 1 0 0 2 0 4 4 0 0 1 1 1 0 5 4 2 2
split_gain=29.4617 9.81316 6.25855 4.50013 4.41161 4.93829 3.58473 7.55675 6.79143 6.274 9.67949 5.34308 6.10583 5.20438 4.76979 11.7989 7.4625 7.39918 5.41874 6.60415 5.31042 3.96402 7.75707 3.90355 6.65472 4.30805 4.68535 3.70565 5.24934 8.28294
threshold=5.4877058822079894 -0.087869493652173378 129.94284342755859 2.8823191694033015 4.5174617514145403 4.5643330478304573 4.7968088156983386 5.2642381170337798 4.8756169652135251 1.1788855310017248 3.2890293647958191 3.1750035485532973 233.83689043865982 222.79708247803228 28.280831033754179 26.032714176012174 3.8957986235172357 58.766054687840828 2.641372599443867 1.5026783454468948 25.39003055274538 37.186219814970997 148.69230598845215 106.07812697835945 116.39616750453574 26.070535869006559 1.5000000000000002 0.54006369925731346 4.0729861702091803 4.4184592931257365
decision_type=2 2 2 2 2 2 2 2 2 2 2 2 2 2 2 2 2 2 2 2 2 2 2 2 2 2 2 2 2 2
left_child=1 2 -1 -3 -4 -6 7 8 9 11 -11 -5 13 23 15 16 -12 21 19 -17 -18 22 -16 -13 25 -25 -27 28 -26 -30
right_child=-2 3 4 6 5 -7 -8 -9 -10 10 14 12 -14 -15 17 18 20 -19 -20 -21 -22 -23 -24 24 27 26 -28 -29 29 -31
leaf_value=0.004044445283034488 -0.046724596585191555 -0.010007643306322138 -0.014252391258159997 0.056423715643129438 0.058627846212667971 -0.0018128753592143937 -0.022532526773952736 0.075674828057343199 -0.019840516594458627 -0.049198776477714319 0.099889152713478591 -0.021930808656203254 -0.032501101210013712 0.056204827340749747 0.077188380371316784 -0.035875527866558128 0.068184268617965851 -0.021573432060463311 -0.037779171511927195 0.030130410386244911 0.0003876736971424037 0.077968167524147203 0.013379274255544374 0.0012503299952650601 0.022863543018644988 0.029584138207194716 0.090649750750940172 -0.006775753238481709 -0.013989809534655371 0.018281372369122428
leaf_weight=116.23967742919922 32.259662613272667 33.394517049193382 143.69193361699581 5.2819414585828772 4.2100592851638821 17.131391569972038 8.6619803160428983 4.3294878453016272 18.990031227469444 4.403750628232955 5.0157044231891659 11.726268514990805 10.07040463387966 5.3133969008922568 7.738316670060164 5.369094565510756 4.7920957356691343 4.0965332686901084 8.4185880571603757 12.881546646356581 7.2706648856401443 8.9125709086656553 12.387198433279989 6.5594272315502193 45.171763524413109 9.2336571812629682 4.7606505006551734 50.751321479678154 41.355060368776321 38.29675817489624
leaf_count=558 208 167 718 24 20 82 40 20 90 21 22 55 48 24 34 25 21 20 39 59 33 39 56 30 211 43 21 236 193 176
internal_value=-7.45676e-05 0.00221792 -0.00484248 0.00751107 -0.0111019 0.0101104 0.00922274 0.0100484 0.0091843 0.0109634 0.0228937 0.00671974 0.00554372 0.00734101 0.0270231 0.0161846 0.0486331 0.0413332 -0.00459481 0.0107123 0.0273208 0.0502077 0.0379141 0.00609191 0.00776735 0.0346858 0.0503577 0.00461613 0.00924789 0.00152624
internal_weight=688.715 656.456 281.273 375.183 165.033 21.3415 341.788 333.126 328.797 309.807 81.2861 228.521 223.239 213.168 76.8823 43.7477 17.0785 33.1346 26.6692 18.2506 12.0628 29.0381 20.1255 207.855 196.129 20.5537 13.9943 175.575 124.824 79.6518
internal_count=3333 3125 1378 1747 820 102 1580 1540 1520 1430 369 1061 1037 989 348 199 76 149 123 84 54 129 90 965 910 94 64 816 580 369
is_linear=0
shrinkage=0.05


Tree=13
num_leaves=31
num_cat=0
split_feature=2 2 1 5 5 0 0 1 3 1 0 0 3 3 2 3 1 3 3 3 2 3 2 1 2 2 2 2 1 2
split_gain=27.7301 6.08634 4.47906 4.25428 6.89198 6.02626 9.09464 7.70779 5.85687 6.16805 4.57102 7.04647 8.13254 6.64395 6.40712 5.58472 8.97476 5.57233 4.77165 4.17716 4.13987 4.12501 3.88832 5.39629 3.82466 3.78774 5.0105 5.50974 3.67286 3.61957
threshold=5.9668568166016618 2.2313089446627652 196.74267009426782 1.5000000000000002 1.0000000180025095e-35 44.823526708143618 37.186219814970997 166.71289686360657 0.38558638768135761 266.87523904007645 78.412966621658555 68.607783511079717 0.1561840717205478 0.13152652547008956 3.5409680671194503 0.20117785425839674 130.96291553819972 0.11428571428026794 0.27706523455459497 0.059190077086718577 5.035716484505051 0.028690984547769281 4.1078537643087669 105.69121618569851 4.6199696989887773 4.5340595458878594 4.3255656473075597 4.0440512785435487 165.08463665773647 3.972168784389448
decision_type=2 2 2 2 2 2 2 2 2 2 2 2 2 2 2 2 2 2 2 2 2 2 2 2 2 2 2 2 2 2
left_child=1 2 -1 4 10 6 8 -8 9 20 11 13 -13 17 -15 16 -16 24 -17 -7 22 28 23 -5 -3 26 27 -18 -6 -25
right_child=-2 3 -4 5 21 19 7 -9 -10 -11 -12 12 -14 14 15 18 25 -19 -20 -21 -22 -23 -24 29 -26 -27 -28 -29 -30 -31
leaf_value=-0.0077843059582597312 -0.052432194249388789 0.0029480581225400726 -0.048555034618346558 -0.0287576776894462 -0.012985822710598883 0.024554853248420355 0.078552022612798922 0.0071703878552755078 0.032058386070067772 -0.050233871551586831 -0.033649584159185578 0.085655529748549494 0.0051086976939825951 -0.015397391435184791 0.090421577357036501 -0.0053568547901327711 -0.016750865668001453 -0.045948739012127655 0.021217339626839804 -0.023264798279453144 0.050622067188203904 -0.0048354392727765899 -0.0021760820641522276 0.011155267438813836 -0.029465207499899389 0.053074297863136083 -0.037663634969713269 0.063099520081241936 -0.059605279701404015 0.03789040727103387
leaf_weight=25.519762381911278 24.394961446523666 63.499143719673157 9.1523799598216993 6.8216473162174216 11.657227277755739 5.7480196803808239 8.8843051046133024 6.58469533920288 22.80811882019043 4.8982551395893088 7.0719352066516867 5.9912581443786603 6.5705980509519577 17.143180325627327 6.1522295773029354 28.302387282252312 3.8765925019979495 7.8695230782032004 41.900805205106735 22.222001850605011 5.1965767890214911 162.95086790621281 82.824585095047951 50.010215938091278 10.623588025569914 6.280604124069213 4.3981939405202857 4.8795405626296997 6.6263770014047614 16.951093450188637
leaf_count=130 169 308 52 32 59 28 39 30 100 24 36 28 32 84 29 134 20 38 191 109 24 785 385 229 51 29 21 24 35 78
internal_value=-7.77313e-05 0.00184743 -0.0185465 0.00297206 -0.000183251 0.00833311 0.0113038 0.048167 0.00829478 0.00504346 0.00588067 0.00722801 0.0435247 0.00488889 0.0127543 0.0177925 0.0377901 -0.00594473 0.010504 -0.0134376 0.00671685 -0.0073622 0.00525999 0.0136073 -0.00169755 0.0211293 0.00587703 0.0277475 -0.0298817 0.0179232
internal_weight=687.811 663.416 34.6721 628.744 395.794 232.95 204.979 15.469 189.51 166.702 214.56 207.488 12.5619 194.926 112.934 95.7904 25.5872 81.9923 70.2032 27.97 161.804 181.234 156.608 73.783 74.1227 19.4349 13.1543 8.75613 18.2836 66.9613
internal_count=3333 3164 182 2982 1904 1078 941 69 872 772 1025 989 60 929 532 448 123 397 325 137 748 879 724 339 359 94 65 44 94 307
is_linear=0
shrinkage=0.05


Tree=14
num_leaves=31
num_cat=0
split_feature=2 2 1 5 5 0 0 1 3 1 0 0 3 3 2 0 2 2 3 1 3 2 2 2 3 3 2 0 2 2
split_gain=25.9141 5.53554 4.21996 3.82861 6.2201 5.43206 8.05591 6.71512 5.2235 5.6653 4.17027 7.11332 6.73752 5.96872 5.74989 5.41393 5.89035 5.60922 5.14673 4.72598 4.47349 4.21957 3.88976 7.05893 3.80583 3.79007 3.67142 3.7366 3.76516 4.38564
threshold=5.9668568166016618 2.2313089446627652 196.74267009426782 1.5000000000000002 1.0000000180025095e-35 44.823526708143618 37.186219814970997 166.71289686360657 0.38558638768135761 266.87523904007645 77.499346998107129 68.607783511079717 0.23450883099001787 0.13152652547008956 3.5409680671194503 25.486380133050215 4.4468372840395132 4.3843950743625362 0.11428571428026794 130.60963517657592 0.20312977564827597 4.0768595621641524 4.3136785195137692 4.2251753705746422 0.028690984547769281 0.059190077086718577 4.9700042360387497 25.085545652214424 4.1078537643087669 3.978239649436488
decision_type=2 2 2 2 2 2 2 2 2 2 2 2 2 2 2 2 2 2 2 2 2 2 2 2 2 2 2 2 2 2
left_child=1 2 -1 4 10 6 8 -8 9 26 11 13 -13 18 -15 17 19 -16 -3 20 -17 -12 23 -21 -6 -7 27 -5 29 -29
right_child=-2 3 -4 5 24 25 7 -9 -10 -11 21 12 -14 14 15 16 -18 -19 -20 22 -22 -23 -24 -25 -26 -27 -28 28 -30 -31
leaf_value=-0.0074224312451984858 -0.051602251827859616 -0.0016150486671168297 -0.047406638243023456 0.045984143870698338 -0.028821053834568955 0.023089935650203605 0.073095381872512299 0.0067959587973651222 0.030198034932512947 -0.048787946667455777 0.0055430803506270054 0.073635925092285948 -0.00395058430347174 -0.01472484236385904 0.082424116258703911 0.066929746237328933 0.032338390996083287 0.0097509871057054054 -0.044511757184073936 -0.0081971614642200562 0.010743579501138906 -0.068005141669465849 -0.03469179063258257 0.057023555531095983 -0.0046028945866715678 -0.02232728894705947 0.04371551398590634 0.0046433042132610338 -0.0041496866767087824 0.033406947520011179
leaf_weight=25.428161606192589 23.56897260248661 74.074153691530228 8.9115486741065961 5.3317340910434714 18.01949143409729 5.8055292963981655 9.0651954412460309 6.5997145324945441 22.997487932443619 4.7939272224903098 4.0005592852830878 7.4305874407291395 4.4882780611515045 17.032758980989456 5.9912974387407285 4.6047861576080349 26.198537155985832 4.7684232741594315 7.7212084978818885 25.331230551004413 15.358743637800215 3.8048802316188812 9.1648426055908185 4.961182788014411 162.6325595676899 22.003028884530067 6.3225045651197425 54.134776130318642 78.827789008617401 17.547782942652702
leaf_count=130 169 359 52 24 94 28 39 30 100 24 20 34 22 84 27 21 118 22 38 123 71 20 43 23 785 109 29 248 367 80
internal_value=-8.10272e-05 0.00174953 -0.0177988 0.00281673 -0.00017981 0.00789484 0.0106998 0.0451631 0.00785777 0.00478054 0.00556825 0.00692027 0.0444192 0.00463067 0.0120557 0.0167885 0.0125876 0.0502173 -0.00566435 0.00387946 0.0237035 -0.0303091 -0.00615057 0.00248445 -0.00701858 -0.0128456 0.00636414 0.0048488 0.0033916 0.0116846
internal_weight=686.922 663.353 34.3397 629.013 395.584 233.429 205.621 15.6649 189.956 166.959 214.931 207.126 11.9189 195.207 113.412 96.379 85.6193 10.7597 81.7954 59.4208 19.9635 7.80544 39.4573 30.2924 180.652 27.8086 162.165 155.842 150.51 71.6826
internal_count=3333 3164 182 2982 1904 1078 941 69 872 772 1025 985 56 929 532 448 399 49 397 281 92 40 189 146 879 137 748 719 695 328
is_linear=0
shrinkage=0.05


Tree=15
num_leaves=31
num_cat=0
split_feature=2 4 1 2 3 3 4 3 3 4 4 3 3 3 3 1 3 3 1 4 1 4 1 2 2 2 2 3 2 5
split_gain=24.224 8.66631 8.56973 5.46444 3.76157 3.17492 5.43948 5.92169 5.10726 4.08924 7.99804 4.26519 4.46845 4.46118 3.99466 3.64581 3.41618 3.37421 3.27882 6.93977 4.61288 4.50135 3.81868 3.19894 4.26501 7.06129 5.86235 4.88167 8.16949 6.18182
threshold=5.9668568166016618 -0.16844689735170526 164.36445126393099 4.3092222995428981 0.21246554713273816 0.1875334941013653 1.1788855310017248 0.23809523807444857 0.16129032256241724 0.03247880264475609 -0.0076379364422374399 0.20312977564827597 0.35110443396154639 0.47759221432569848 0.21839080459101398 127.50926656440795 0.25466126229859742 0.40728676557943927 150.21860617240816 2.641372599443867 256.38329710734678 2.210698461805769 201.99586115511167 4.9008961278092942 3.972168784389448 3.8882914278661178 4.0768595621641524 0.11519105589130081 3.8257916672875245 1.5000000000000002
decision_type=2 2 2 2 2 2 2 2 2 2 2 2 2 2 2 2 2 2 2 2 2 2 2 2 2 2 2 2 2 2
left_child=1 2 -1 -4 -5 8 9 14 23 10 -7 -11 -13 15 -8 -14 -9 -17 -18 21 22 -20 -21 24 25 27 -26 28 29 -3
right_child=-2 5 3 4 -6 6 7 16 -10 11 -12 12 13 -15 -16 17 18 -19 19 20 -22 -23 -24 -25 26 -27 -28 -29 -30 -31
leaf_value=-0.00057350238563714693 -0.050796082999495444 -0.015980683809931156 -0.033287637948511056 -0.019378836816417916 0.025334002240409177 0.0080796335011675043 0.032515186928041104 -0.027099384342930286 -0.019130841324783116 0.034721964611191328 0.069756001208462939 -0.012095399939107764 0.057225200479423505 -0.02124760695079192 0.090692610299119236 -0.0092777048418756902 0.037845504424783898 0.034041134199311741 0.014113009213980171 -0.0065810952414460007 0.022397816492577098 0.069753714225671073 -0.073321421349397439 -0.01951646567566015 0.046563956850427433 -0.055936184213679421 0.0084401299604121606 -0.020651011669586689 0.072666763834926554 0.024104199034127805
leaf_weight=185.40793113410473 22.766308411955833 20.535093113780022 39.095269694924355 11.327888116240503 8.0438538491725904 28.294787436723709 8.4753073900938016 4.4098338335752478 25.427848190069199 7.8921227455139151 6.4556498229503623 56.278265118598938 5.6650348454713884 7.8534758985042563 4.5264411717653266 9.4896782189607638 15.363727971911429 8.5413865149021131 12.813151821494108 4.3318964242935163 4.6148305982351294 5.0745190232992163 4.2421289682388306 12.801443725824354 11.117940053343771 5.9135634601116172 108.39616972208023 17.946198508143425 4.6914118230342856 18.092295303940773
leaf_count=897 169 103 211 59 37 130 40 21 121 37 29 263 24 35 21 42 68 38 59 20 22 23 20 64 51 28 509 88 21 83
internal_value=-8.34416e-05 0.00165763 -0.00583684 -0.0225277 -0.000812435 0.00601718 0.0106984 0.0226563 0.00197283 0.00484619 0.0195374 -0.000487327 -0.0036512 0.0114116 0.0527691 0.0222357 0.0149569 0.0112426 0.0189504 0.00960897 -0.017908 0.0298976 -0.0396019 0.00466274 0.0063207 -0.0037593 0.0119866 0.00127704 0.0103614 0.00279427
internal_weight=685.885 663.119 243.875 58.467 19.3717 419.244 194.322 63.8518 224.922 130.47 34.7504 95.72 87.8278 31.5496 13.0017 23.6961 50.8501 18.0311 46.4403 31.0765 13.1889 17.8877 8.57403 199.494 186.693 67.1786 119.514 61.265 43.3188 38.6274
internal_count=3333 3164 1204 307 96 1960 892 294 1068 598 159 439 402 139 61 104 233 80 212 144 62 82 40 947 883 323 560 295 207 186
is_linear=0
shrinkage=0.05


Tree=16
num_leaves=31
num_cat=0
split_feature=1 4 1 3 4 3 0 1 3 3 1 5 1 1 0 0 4 3 0 3 1 1 4 4 3 0 0 3 4 0
split_gain=15.4729 7.23806 5.56011 3.74447 3.30216 3.69221 3.71956 3.89329 3.82356 3.28227 3.6101 3.43014 5.45966 4.47012 3.82288 4.37437 4.32261 3.62487 2.99843 2.99054 5.70695 3.78152 2.84045 2.82921 3.0566 5.65487 4.76903 5.38191 5.45106 5.98877
threshold=348.05519347003099 -0.18032846408167486 164.36445126393099 0.39808868732943137 5.5034844000069461 0.29854809435655882 25.842430527409711 145.78108895058824 0.30441502585631869 0.28421052630532101 154.92787885190674 1.5000000000000002 114.19030302959948 117.51790065662634 45.949242622862947 36.887416414770442 1.3609393639669618 0.030824045312594636 33.953051810081085 0.21246554713273816 218.11136839351116 192.37084583257564 3.3819052973577963 -1.0825435314252021 0.3480012894733408 26.221795554203442 67.272464002875722 0.2751924308297547 -0.51088788781343453 32.120610431874518
decision_type=2 2 2 2 2 2 2 2 2 2 2 2 2 2 2 2 2 2 2 2 2 2 2 2 2 2 2 2 2 2
left_child=1 2 23 -2 5 9 7 -7 -8 11 -11 17 -13 -14 15 18 -16 -3 -15 -4 21 -21 -10 -1 26 -26 27 -25 -29 -30
right_child=3 4 19 -5 -6 6 8 -9 22 10 -12 12 13 14 16 -17 -18 -19 -20 20 -22 -23 -24 24 25 -27 -28 28 29 -31
leaf_value=0.035508682865694856 -0.050204987531094453 -0.017662779443080017 -0.0289554613281921 0.0059975634288647241 -0.028754009131527432 0.059038349779828039 0.049577675153097411 0.012526562660112079 0.0038183204623906254 0.0061974675552006996 -0.052980303228961793 0.036785177726378772 -0.038330603247150319 0.010432235189625397 0.015492121636830343 0.044563614838142022 -0.055364027962111977 0.0026012328253046365 -0.031612117162295013 -0.0044943719368501864 0.038738321323062347 -0.057523600184662009 0.041021863315940058 -0.0066706943674154518 0.028075683043924344 -0.032191047870372448 0.025902365418408908 -0.013581246597030215 0.087948385232574519 0.011029565815043415
leaf_weight=5.021559625864028 18.577081024646763 25.457435980439186 33.625506743788719 3.5261117517948142 7.0571028143167487 8.6188519746065158 5.5653568208217612 9.4127157777547819 68.499312058091164 4.9553522169589979 5.3699500858783722 17.161378890275955 5.3130969256162635 76.313058033585548 3.967093348503111 9.1548391431570035 4.7055314630270004 165.80296559631824 4.4900078773498526 11.399727717041975 5.5228007435798636 4.7679001837968817 5.54586037993431 119.62555418908596 4.9392291158437756 18.363346546888351 15.943381339311598 6.0531305074691799 4.6761489361524564 5.5150562673807144
leaf_count=23 133 131 185 23 36 36 25 40 313 23 26 77 24 349 19 40 27 797 20 57 28 25 26 582 23 90 77 29 22 27
internal_value=-8.55918e-05 0.00128671 -0.00575268 -0.041239 0.00516478 0.00573426 0.0142533 0.0347586 0.00960892 0.0031565 -0.0245795 0.00407332 0.0106579 0.00634418 0.00875075 0.0118072 -0.0229525 -9.59789e-05 0.00809594 -0.0196182 -0.00514316 -0.0201329 0.0066048 -0.00149491 -0.00255601 -0.0194169 3.20469e-05 -0.00300365 0.0240009 0.0463231
internal_weight=684.946 662.843 235.453 22.1032 427.39 420.333 97.6421 18.0316 79.6105 322.691 10.3253 312.365 121.105 103.944 98.6305 89.9579 8.67262 191.26 80.8031 55.3159 21.6904 16.1676 74.0452 180.137 175.116 23.3026 151.813 135.87 16.2443 10.1912
internal_count=3333 3177 1168 156 2009 1973 440 76 364 1533 49 1484 556 479 455 409 46 928 369 295 110 82 339 873 850 113 737 660 78 49
is_linear=0
shrinkage=0.05


Tree=17
num_leaves=31
num_cat=0
split_feature=2 2 1 0 2 3 0 3 0 2 0 5 0 0 0 1 3 3 3 1 0 0 0 1 1 3 0 0 0 2
split_gain=21.7259 4.80639 3.75762 3.20603 5.03034 3.5982 7.51579 6.16542 3.81242 4.30274 3.63852 7.72469 4.6025 5.45541 4.28641 5.69422 5.79446 3.82825 7.15731 4.87315 3.62866 6.02536 5.24398 4.53303 9.18909 5.06401 4.38897 7.19413 4.42719 4.00135
threshold=5.9668568166016618 2.2313089446627652 196.74267009426782 78.986995640012822 4.0335752908212514 0.29854809435655882 66.652701578500924 0.30280794179185161 25.842430527409711 3.9999999953780123 67.272464002875722 1.0000000180025095e-35 54.067708362829713 52.249529700109029 58.766054687840828 162.36755337317655 0.16807079644602485 0.28421052630532101 0.2751924308297547 149.80150902038233 28.423742973446494 28.884894629688215 27.74592280196698 118.35608640722121 114.19030302959948 0.07272727272396283 27.56364074996916 27.308627748143177 27.138456250507016 4.3136785195137692
decision_type=2 2 2 2 2 2 2 2 2 2 2 2 2 2 2 2 2 2 2 2 2 2 2 2 2 2 2 2 2 2
left_child=1 2 -1 5 -5 10 7 -7 9 -9 12 -12 13 17 -14 16 -16 18 20 -19 22 -22 26 24 25 -23 27 28 -3 -24
right_child=-2 3 -4 4 -6 6 -8 8 -10 -11 11 -13 14 -15 15 -17 -18 19 -20 -21 21 23 29 -25 -26 -27 -28 -29 -30 -31
leaf_value=-0.0071821456225346931 -0.049545926381343079 -0.0016056280084944875 -0.045586403572722069 0.018731528328591932 -0.047642464077837086 0.064031183244089893 -0.048750396911094479 0.057234013845978288 0.0060102999788414707 0.012716137102899816 0.044675953218598553 -0.014902828427964971 -0.043180999567090872 0.054243625171276268 -0.011111941415926146 -0.044029888680087885 0.055025707213542177 0.0057233807995792502 0.046523487153296246 -0.055573132739680786 0.045596806027222929 0.040614700222739664 -0.0038902434131083776 -0.00037048483872294908 0.074823617594293942 -0.0081908645586812011 0.037035215321452652 -0.039548937994436151 0.034754296854770786 -0.048158328734692071
leaf_weight=25.340970546007156 21.505444556474686 191.2621593773365 8.5077042728662473 4.5542292445898038 7.6488422751426697 5.5567272454500189 5.208690643310546 8.3150094896554965 102.2324503660202 15.631032258272169 13.441009178757669 9.1401050984859449 11.223617926239966 4.8245278149843207 9.231938377022745 6.4135186523199073 5.1643018126487723 6.2739467620849592 8.685987636446951 6.7106989622116089 9.2854806780815107 7.7826794981956544 9.6050479412078875 118.24190881848335 6.3363455533981314 16.761776745319366 7.3411052525043479 12.209294363856314 8.7550809532403928 10.894617110490797
leaf_count=130 169 916 52 23 41 24 27 35 468 68 62 46 56 24 45 34 25 29 40 33 44 36 47 565 29 78 35 58 41 53
internal_value=-8.65386e-05 0.00151877 -0.0168349 0.00250686 -0.0228715 0.00300918 0.0101574 0.0124866 0.0102166 0.0281745 0.000968032 0.0205604 -4.91864e-08 0.00137757 -0.0182762 -0.00484397 0.0126133 0.00077051 0.00162283 -0.0259558 0.000644081 0.00651789 -0.00323175 0.00408455 0.0211428 0.00728465 -0.000973752 -0.00228852 -1.40948e-05 -0.0274167
internal_weight=684.086 662.581 33.8487 628.732 12.2031 616.529 136.944 131.735 126.178 23.946 479.585 22.5811 457.004 424.971 32.0334 20.8098 14.3962 420.146 407.161 12.9846 398.475 158.408 240.067 149.123 30.8808 24.5445 219.568 212.227 200.017 20.4997
internal_count=3333 3164 182 2982 64 2918 622 595 571 103 2296 108 2188 2028 160 104 70 2004 1942 62 1902 752 1150 708 143 114 1050 1015 957 100
is_linear=0
shrinkage=0.05


Tree=18
num_leaves=31
num_cat=0
split_feature=1 4 1 3 0 4 0 0 1 1 0 3 0 0 1 4 3 0 0 3 4 3 0 3 4 4 4 4 4 3
split_gain=13.3414 6.56326 4.8759 3.6114 3.16908 2.81738 3.32687 3.54943 4.2325 3.04765 2.89411 2.7237 5.50747 4.16457 4.95845 2.577 2.98489 11.6818 4.28853 2.56251 5.42801 3.17526 2.68557 2.54751 2.49685 5.75331 4.3501 4.2554 3.01273 2.44329
threshold=348.05519347003099 -0.18032846408167486 164.36445126393099 0.39808868732943137 25.039018712157532 5.5034844000069461 25.260956490555571 25.39003055274538 146.25347243181156 129.2513404443491 77.499346998107129 0.21246554713273816 52.866884243325096 30.353033874869507 190.46172881546212 -1.0825435314252021 0.041187486229378047 37.986842205143262 25.280812854134581 0.079809368096845842 -0.43207278977803992 0.088607594932045008 77.499346998107129 0.059190077086718577 3.5253885748930354 2.7709547501131695 2.4571411870808517 4.1673564594087358 3.1409650384746111 0.027777777777056485
decision_type=2 2 2 2 2 2 2 2 2 2 2 2 2 2 2 2 2 2 2 2 2 2 2 2 2 2 2 2 2 2
left_child=1 2 15 -2 -3 6 9 8 -8 -6 24 -4 13 14 -13 -1 17 29 -18 20 -20 -21 -23 -22 25 26 -9 -26 -27 -17
right_child=3 4 11 -5 5 -7 7 10 -10 -11 -12 12 -14 -15 -16 16 18 -19 19 21 23 22 -24 -25 27 28 -28 -29 -30 -31
leaf_value=0.033518040784160257 -0.048650851583764136 0.049512666989507875 -0.0276971347728324 0.0072222780872018416 0.011928853733457678 -0.027236028331237856 0.001565385198576975 0.0051545770155706598 0.057767861454415294 -0.029113240702675347 -0.024207600267984158 -0.036025960592399701 -0.043633039050487668 0.048976580406476178 0.034910635291061552 -0.028633756980097159 0.027268020880480422 0.05753046839289086 -0.053534339496590727 0.029724076114589212 0.016688707404996644 -0.0080599184030980785 0.02925798344381177 -0.025784513210532312 0.050451588413265538 -0.047404658165645763 0.041283922498659836 0.00230582926713724 -0.00023673077672001729 0.0153330562471721
leaf_weight=5.0771137475967398 17.459868676960472 3.9336874783039084 32.978019900619984 3.4662250131368628 6.9088319689035442 6.9111711233854285 6.350706681609152 334.05398726463318 7.0893180072307587 13.099303320050238 8.259312227368353 5.9745232760906237 6.4291025996208182 4.9950570911169043 4.1918921321630478 9.718618720769884 9.5295757353305799 9.3090427070856077 8.792471185326578 6.4367827326059333 7.4221612811088544 107.39681561291218 5.0476398617029181 6.7330484837293625 8.2191169261932391 7.7873686999082548 8.5445303171873075 10.392686128616331 5.9889183640480042 4.6821704357862464
leaf_count=23 133 18 185 23 32 36 29 1560 32 61 46 30 35 25 20 48 45 45 43 31 36 521 25 33 39 38 40 50 28 23
internal_value=-8.88282e-05 0.00115321 -0.00556473 -0.039396 0.00484129 0.00442646 0.0049516 0.00595497 0.031211 -0.0149414 0.00506927 -0.0186586 -0.00485289 0.0115915 -0.00677685 -0.00159841 -0.00261682 0.0138788 -0.00520081 -0.00738241 -0.0226795 -0.00442962 -0.00638472 -0.00351405 0.00571411 0.00478172 0.00605566 0.0235674 -0.0268995 -0.0143387
internal_weight=683.179 662.253 234.714 20.9261 427.539 423.605 416.694 396.686 13.44 20.0081 383.246 54.5686 21.5906 15.1615 10.1664 180.145 175.068 23.7098 151.358 141.829 22.9477 118.881 112.444 14.1552 374.987 356.375 342.599 18.6118 13.7763 14.4008
internal_count=3333 3177 1168 156 2009 1991 1955 1862 61 93 1801 295 110 75 50 873 850 116 734 689 112 577 546 69 1755 1666 1600 89 66 71
is_linear=0
shrinkage=0.05


Tree=19
num_leaves=31
num_cat=0
split_feature=2 4 1 4 1 1 1 1 1 5 1 4 4 3 3 3 4 4 2 2 2 4 2 4 2 1 1 1 2 4
split_gain=19.5799 6.50705 6.58565 3.96217 5.64011 6.7003 4.71314 4.32863 4.70498 3.55804 6.08547 4.05437 4.13478 5.93443 5.17505 4.44662 3.12328 4.66338 3.11543 4.3575 7.21595 3.2035 3.029 2.81205 3.64602 2.97091 2.8066 4.78492 4.72281 3.16375
threshold=5.9668568166016618 -0.16844689735170526 129.94284342755859 -0.66302616647761392 225.75653526687111 216.5623088175723 197.46232441524953 150.78273621834535 160.29061332970915 1.0000000180025095e-35 122.09732175691606 -0.26115284421768986 -0.54280343073795789 0.10953904608762896 0.054288880503453561 0.087378640772457467 -0.35634019177429227 -0.4695725465643365 4.5340595458878594 4.4547783391938767 4.3797896518335202 -0.29128728726922143 0.36520174474220451 -0.23048438736049967 4.2917440240118685 105.69121618569851 106.07812697835945 108.15903098184076 4.3060007634785089 0.12140982654733815
decision_type=2 2 2 2 2 2 2 2 2 2 2 2 2 2 2 2 2 2 2 2 2 2 2 2 2 2 2 2 2 2
left_child=1 2 9 7 5 6 18 -4 -9 11 23 12 13 -1 -14 -16 17 -17 19 20 -5 -20 -3 24 25 -11 28 -28 29 -24
right_child=-2 22 3 4 -6 -7 -8 8 -10 10 -12 -13 14 -15 15 16 -18 -19 21 -21 -22 -23 26 -25 -26 -27 27 -29 -30 -31
leaf_value=-0.042964665843224406 -0.048394105281146613 -0.063087571039268431 -0.016000010169219491 -0.016688384831958593 -0.054661474725980444 0.0441648117472523 -0.052772162669200012 0.069957073050801635 0.0039643871224191033 -0.048584621957947161 0.024050898987240273 -0.020950725903590619 0.082392683482155879 0.026885140797154192 -0.024354974002272239 0.055604423738775215 0.055719542785796439 -0.011313593009715579 0.047525711125567485 -0.059982857253213985 0.044368701906223912 -0.014221888690546816 0.0057289017388896168 0.018472944722194001 0.017293622838233959 -0.015164824989813155 0.046436425026171922 0.0056097796167689125 0.032390291344142647 -0.040489192830393518
leaf_weight=5.3693422824144346 20.352929621934891 1.6198729574680317 10.931287556886675 72.369385480880737 8.8250437527894956 4.8806301653385153 7.9476777911186209 4.2222748994827253 7.4957136213779449 9.3156111240386945 14.630152791738508 6.8850424438714972 4.2115603238344219 7.0117603540420532 4.2087967544794109 4.2803256660699871 8.2067922800779307 6.6456730663776407 4.1648023426532745 5.1773238182067862 5.1858220398426047 4.2378620654344541 5.6011767387390199 6.0956293046474448 6.1347239464521399 23.23991933465004 7.3111399114131919 390.42196413874626 4.6139356940984717 10.924276307225226
leaf_count=26 169 10 53 372 50 26 45 20 38 46 70 33 20 33 20 20 39 32 20 26 25 20 26 29 29 112 33 1818 21 52
internal_value=-8.95666e-05 0.00139517 -0.00514281 -0.0124528 -0.0162852 -0.0130276 -0.0158447 0.00663126 0.0277431 0.00417664 -0.00394608 0.0144848 0.0205942 -0.00340679 0.0313791 0.0221747 0.0324102 0.0149019 -0.0126244 -0.0155705 -0.0126057 0.0163835 0.00515279 -0.0130918 -0.0180648 -0.0247277 0.0054167 0.00636026 -0.0123362 -0.0248239
internal_weight=682.518 662.166 241.673 135.438 112.789 103.964 99.0829 22.6493 11.718 106.235 59.416 46.8193 39.9343 12.3811 27.5531 23.3416 19.1328 10.926 91.1352 82.7325 77.5552 8.40266 420.492 44.7859 38.6903 32.5555 418.872 397.733 21.1394 16.5255
internal_count=3333 3164 1204 695 584 534 508 111 58 509 286 223 190 59 131 111 91 52 463 423 397 40 1960 216 187 158 1950 1851 99 78
is_linear=0
shrinkage=0.05


Tree=20
num_leaves=31
num_cat=0
split_feature=2 4 0 0 4 3 5 0 0 3 3 0 0 2 3 4 4 4 3 4 4 3 3 5 2 2 2 2 0 0
split_gain=18.3127 5.93465 3.359 4.76872 3.84425 3.82277 3.20501 7.74643 5.26396 4.15088 10.8007 4.68889 3.87346 3.69598 3.48932 3.11294 5.03022 5.14516 3.61251 3.08565 2.83628 4.61241 4.26034 2.74377 2.66107 7.49785 4.90901 4.77999 3.84406 3.80767
threshold=5.9668568166016618 -0.087869493652173378 44.242985382396846 37.186219814970997 1.0775238626472137 0.35110443396154639 1.0000000180025095e-35 25.486380133050215 25.947004888448877 0.079809368096845842 0.090350794692984973 37.186219814970997 26.242626365615781 1.9033956943267425 0.1490294886096224 -0.031685206445490575 0.083897528437183774 0.59611826555853076 0.21839080459101398 -0.13576957342723747 -0.16844689735170526 0.17264757450894749 0.022514150543423421 1.5000000000000002 4.2917440240118685 4.0855063657251689 3.9489740602823824 4.5643330478304573 58.766054687840828 29.665010712715965
decision_type=2 2 2 2 2 2 2 2 2 2 2 2 2 2 2 2 2 2 2 2 2 2 2 2 2 2 2 2 2 2
left_child=1 6 3 5 -5 -3 7 14 -9 11 -11 -8 -10 -12 -1 -4 -17 18 -18 24 22 -22 -14 -13 25 26 28 -26 -15 -28
right_child=-2 2 15 4 -6 -7 9 8 12 10 13 23 20 19 -16 16 17 -19 -20 -21 21 -23 -24 -25 27 -27 29 -29 -30 -31
leaf_value=0.012671987756466186 -0.047656419210014095 0.0031556526194142761 0.033004903316945361 0.01214495444037594 0.052501649344253526 0.018699333074847318 -0.034507100398153724 -0.036231237256878115 0.043203996468920897 0.071512210051859135 -0.047196328750302462 -0.022611713594689466 0.032538123059631288 -0.015273516079521801 0.071133456780786503 -0.046967650769794422 0.043596471974208635 -0.015504955086834105 -0.010704364377501246 -0.032267871173108857 -0.0055322096010206063 0.059885124988275085 -0.0073171308525207431 0.021473016007902301 0.024683762643038079 -0.032709718052995225 0.0053649960721997621 -0.027616058215676916 0.028082904021027782 0.053884962792938584
leaf_weight=4.8414990752935392 19.652419649064541 259.42607738077641 4.5679424256086341 14.608064755797388 9.9000665843486768 46.67207732796669 27.494064033031464 10.175992235541342 5.2760998159646979 4.5422616451978675 5.4770410209894171 6.6203878223896009 7.3380609154701224 29.009680658578873 5.3981983363628387 7.7841681391000739 8.0126303136348707 26.875476866960526 4.9582865685224524 9.4958111941814405 6.1428563445806486 4.8000218719244003 77.750626161694527 7.5597855597734451 18.128502100706104 20.572011739015579 9.8542923182249087 5.756008341908454 6.2060735970735541 6.8572321683168402
leaf_count=24 169 1210 21 66 43 201 140 50 26 22 31 35 37 143 24 37 37 139 24 44 30 22 388 37 87 104 48 28 32 34
internal_value=-9.14545e-05 0.00132036 0.00536379 0.00722485 0.0284471 0.00552566 -0.00422157 0.00187249 -0.00195023 -0.00892915 -0.00406291 -0.0224625 0.00149318 -0.00714564 0.0434919 -0.00642347 -0.0102048 -0.00302301 0.0228393 -0.00507386 -0.000798471 0.0231627 -0.00388001 0.000890898 -0.00239468 -0.00716324 0.0029575 0.0120799 -0.00763281 0.0252742
internal_weight=681.754 662.101 382.805 330.606 24.5081 306.098 279.297 121.723 111.484 157.573 115.899 41.6742 101.308 111.357 10.2397 52.1985 47.6306 39.8464 12.9709 105.88 96.0316 10.9429 85.0887 14.1802 96.3838 72.4993 51.9273 23.8845 35.2158 16.7115
internal_count=3333 3164 1778 1520 109 1411 1386 601 553 785 573 212 503 551 48 258 237 200 61 520 477 52 425 72 476 361 257 115 175 82
is_linear=0
shrinkage=0.05


Tree=21
num_leaves=31
num_cat=0
split_feature=1 4 1 3 0 1 1 3 3 0 4 4 0 5 1 1 0 3 3 1 0 1 1 1 3 3 3 0 0 4
split_gain=10.9323 4.96349 4.08015 3.48951 2.75859 2.55651 3.88444 2.9369 5.17305 4.33854 3.45836 3.34493 3.98233 3.21705 6.87974 5.37916 4.80281 4.39707 3.93493 3.30779 3.07793 2.98839 3.36505 3.83236 2.97197 2.79842 7.27071 2.76481 6.15367 2.61651
threshold=348.05519347003099 -0.18032846408167486 164.36445126393099 0.39808868732943137 25.039018712157532 293.40735310362248 185.44639116305586 0.1875334941013653 0.20618906684771199 28.423742973446494 1.9839088479941178 1.747809742507638 26.182353720412312 1.5000000000000002 166.2856013851833 135.43453142848878 26.527016858045769 0.098039215678267996 0.083333333329952977 151.23440925881167 25.204765435799843 114.82084218769312 127.50926656440795 140.8497891856932 0.07627704605437885 0.40199330091560703 0.51527596289627042 29.216935488178425 50.677314886304522 -0.12378283309731937
decision_type=2 2 2 2 2 2 2 2 2 2 2 2 2 2 2 2 2 2 2 2 2 2 2 2 2 2 2 2 2 2
left_child=1 2 -1 -2 -3 6 7 9 -9 10 13 20 -13 14 15 16 18 -17 -6 21 -10 -15 -23 -24 -21 -22 -27 -14 -29 -11
right_child=3 4 -4 -5 5 -7 -8 8 11 29 -12 12 27 19 -16 17 -18 -19 -20 24 25 22 23 -25 -26 26 -28 28 -30 -31
leaf_value=-0.0012780079397092831 -0.046788278744910899 0.045475825947274083 -0.017033755867080527 0.0092188288507455557 -0.029061737207609274 0.031253367246755155 -0.0047781597403741063 0.04231999918674674 -0.032126917404441034 -0.019244571445893428 -0.041089362533968603 0.06698980602643663 -0.0061265084323322413 0.024639680048524588 -0.049888051791815914 0.038198835165027485 -0.061248396399234351 -0.010738423861374377 0.026630822682492346 0.00056758829015700048 0.002370802819139674 -0.051330333842203285 0.024220935428430655 -0.030870889937152771 0.053869213734898017 0.043288141956772969 -0.021901152767965896 0.062194414564646278 -0.017832945634146242 0.013044331738841525
leaf_weight=179.3893233910203 16.04413523525 4.0068573504686347 53.298521310091019 3.364275023341178 7.3009007126092929 8.3102624714374524 110.73004776984453 12.412667900323866 5.3950487375259391 6.8760604262351981 6.4843727499246588 4.6535347849130657 8.3359054476022738 7.4067842066288021 9.4446721822023374 10.50429452955723 5.339793160557746 8.1526094377040845 5.6077083051204681 4.5217188596725446 77.878312572836876 4.3542419672012356 7.0550954192876798 5.7127903401851654 6.2024580836296082 13.943643778562548 6.1698700487613669 6.495779871940611 3.8116996586322784 71.676241673529148
leaf_count=873 133 18 295 23 36 45 535 57 24 34 31 20 37 33 46 51 26 39 27 20 355 20 32 26 28 60 28 28 20 333
internal_value=-9.2708e-05 0.000992545 -0.00488695 -0.0370799 0.00418317 0.00379366 0.00324573 0.00615178 0.0115156 0.00167455 -0.00594405 0.00849731 0.0256127 -0.00315132 -0.0118094 -0.00206439 -0.0213659 0.0168145 -0.00486799 0.00823208 0.00464058 -0.00189498 -0.0133735 -0.000429038 0.0313952 0.00666485 0.0232912 0.0152846 0.0326003 0.0102179
internal_weight=680.88 661.471 232.688 19.4084 428.783 424.777 416.466 305.736 139.096 166.64 88.0874 126.684 23.2969 81.6031 46.35 36.9053 18.2484 18.6569 12.9086 35.2531 103.387 24.5289 17.1221 12.7679 10.7242 97.9918 20.1135 18.6434 10.3075 78.5523
internal_count=3333 3177 1168 156 2009 1991 1946 1411 629 782 415 572 105 384 225 179 89 90 63 159 467 111 78 58 48 443 88 85 48 367
is_linear=0
shrinkage=0.05


Tree=22
num_leaves=31
num_cat=0
split_feature=2 2 0 0 2 3 0 3 0 2 3 3 3 0 5 0 5 3 0 3 2 0 0 0 0 0 3 1 2 0
split_gain=16.5658 3.84088 3.79912 2.70707 4.53671 2.84586 6.56368 5.63182 3.83959 4.04379 3.77 7.07339 3.82337 3.73213 3.41728 3.41083 6.73802 4.2798 3.87073 4.4337 4.6518 3.87819 5.25527 4.78636 4.43161 4.48817 5.43563 5.92705 6.64779 3.38459
threshold=5.9668568166016618 2.2313089446627652 75.748363931169408 78.986995640012822 4.0335752908212514 0.29854809435655882 66.652701578500924 0.31457536173471928 25.842430527409711 3.8694261773131022 0.47759221432569848 0.45674096560366656 0.38997956563693575 27.082181353862843 1.0000000180025095e-35 67.272464002875722 1.0000000180025095e-35 0.29316826547316271 54.067708362829713 0.16807079644602485 4.0655843603589252 28.21780526644265 27.74592280196698 27.56364074996916 27.350344833686098 26.978287232737149 0.047782126547759957 136.19205580910028 4.3008256294337723 25.624371375516539
decision_type=2 2 2 2 2 2 2 2 2 2 2 2 2 2 2 2 2 2 2 2 2 2 2 2 2 2 2 2 2 2
left_child=1 2 -1 5 -5 15 7 -7 9 -9 11 12 14 -12 -10 17 -17 18 21 -20 -21 22 23 24 25 -3 -27 -28 -29 -11
right_child=-2 3 -4 4 -6 6 -8 8 10 29 13 -13 -14 -15 -16 16 -18 -19 19 20 -22 -23 -24 -25 -26 26 27 28 -30 -31
leaf_value=-0.021231365363179225 -0.046591144001405183 -0.0027751666161282456 0.033654026216299371 0.017547792096339887 -0.04580452980849075 0.036821631250371016 -0.047108970753667434 0.063494661330288346 0.012985831906497531 -0.0027732678073680503 -0.020775383442015169 -0.057809053129323842 0.016979129647682969 0.030264989065632721 -0.018267385607550802 0.041884249659307426 -0.013848045360412738 -0.048717495139775802 -0.030269787322805441 -0.022904247098543853 0.043187659096409418 0.0071984331989143578 -0.031006844547117551 0.03824404648112726 -0.032327143305696734 -0.028659678013645346 -0.0082449257554757498 0.021735883832230733 0.099313298162753166 0.045266231532366669
leaf_weight=29.580230072140694 18.629872158169746 189.58084012567997 3.5290453135967246 4.5869820415973646 7.3604150712490082 18.239891171455383 5.0406031012535086 5.3617256730794933 12.926835045218466 10.844098433852198 4.4619268774986294 5.4833369851112357 24.329352766275406 18.151720717549324 27.046188503503799 13.610880628228189 9.0154148340225202 4.5024724900722495 20.573027655482296 5.4353185594081861 5.2184803038835526 175.83748719096184 15.200655996799467 7.6465929150581351 11.418675139546393 4.2860943377018001 5.47064380347729 6.4026602506637555 4.8558907061815262 5.5393864959478369
leaf_count=162 169 909 20 23 41 81 27 22 59 47 20 25 110 80 127 62 46 22 105 28 25 833 76 36 55 20 26 31 22 24
internal_value=-9.25165e-05 0.00121695 -0.0153813 0.00209145 -0.0214816 0.00254829 0.00889103 0.0110233 0.00690077 0.0258041 0.00245208 -0.00329713 0.00135133 0.0201941 -0.00816044 0.000728771 0.0196778 -0.000210579 0.000272688 -0.0167119 0.00946912 0.00153338 -0.00253474 -0.000650244 -0.00198983 -0.000344923 0.0215785 0.0344498 0.0551956 0.0134693
internal_weight=680.167 661.537 33.1093 628.428 11.9474 616.48 137.425 132.384 114.145 21.7452 92.3994 69.7857 64.3024 22.6136 39.973 479.055 22.6263 456.429 451.926 31.2268 10.6538 420.7 244.862 229.661 222.015 210.596 21.0153 16.7292 11.2586 16.3835
internal_count=3333 3164 182 2982 64 2918 622 595 514 93 421 321 296 100 186 2296 108 2188 2166 158 53 2008 1175 1099 1063 1008 99 79 53 71
is_linear=0
shrinkage=0.05


Tree=23
num_leaves=31
num_cat=0
split_feature=2 4 1 1 1 1 1 3 1 0 0 0 2 1 0 3 2 2 4 4 0 3 4 2 1 1 0 0 2 3
split_gain=15.603 4.82239 4.63063 3.00631 3.86842 6.62598 5.16186 4.60989 3.62077 3.83573 4.05501 3.44211 8.31423 4.14512 4.10748 3.68113 5.3566 4.9707 3.13116 9.82486 4.08131 3.54302 6.18921 3.58898 3.4093 2.91506 3.31466 2.88185 4.72974 3.08922
threshold=6.785606000581498 -0.18032846408167486 244.84822745990905 129.94284342755859 218.11136839351116 225.75653526687111 199.38270971716938 0.022514150543423421 127.50926656440795 25.280812854134581 25.518822309292919 26.161930557385841 3.7885507757976966 138.22260958266975 26.473642416753574 0.12997234744895142 3.9489740602823824 3.5970408862657597 -0.32898600900763753 -0.35129745159053022 26.445113083677981 0.041187486229378047 -0.37932263430573582 4.2863847878712358 111.72378290007761 161.28843464350754 40.542074974675458 77.499346998107129 3.7598197600908208 0.35464030350982417
decision_type=2 2 2 2 2 2 2 2 2 2 2 2 2 2 2 2 2 2 2 2 2 2 2 2 2 2 2 2 2 2
left_child=1 2 3 8 6 -6 7 -5 9 -1 -11 12 -9 -13 -15 -16 17 -17 19 21 -20 -12 23 -23 -22 -18 -27 29 -29 -3
right_child=-2 27 -4 4 5 -7 -8 11 -10 10 18 13 -14 14 15 16 25 -19 20 -21 24 22 -24 -25 -26 26 -28 28 -30 -31
leaf_value=0.034889669530424418 -0.053131265925769382 0.0028836949197303973 -0.047822130322650563 0.02928843999027685 0.071612138936268319 -0.019362348693069787 -0.047738887584283102 0.060196855771401027 0.037964115445219548 -0.048200944586331881 0.031772367761959408 -0.039818085686984965 -0.0095603128556570553 -0.056787172520191699 -0.023978631814320493 0.0042902563406857419 0.034977708218677454 -0.058007680797855225 0.028913541067702459 0.079340711800283126 -0.0032969549320092692 -0.0056049404384943191 -0.05944572472451707 0.032644718823376613 -0.043315809451066584 -0.033889519790553421 0.029508642633021873 0.02142486408021033 -0.054671170613787234 0.014771430789046259
leaf_weight=7.3474506586790076 13.589351601898668 359.94968289136887 6.0950735583901396 7.6320692896842948 3.8826077282428724 4.1310026049613953 8.9246155023574811 5.3262697756290462 6.7909493148326865 4.6412283182144156 7.7302003651857367 15.289088994264601 21.570838585495949 4.428682029247283 19.449758529663086 7.7443576008081418 12.154281571507456 5.4589234292507172 4.4404249042272594 4.261438161134719 10.396799340844156 33.689123883843415 4.6585621386766496 7.4976294562220565 10.903314575552939 4.3033120483160001 3.9579219818115234 3.3735335022211057 5.1734710708260536 64.432666920125484
leaf_count=34 130 1695 38 39 20 22 53 26 32 23 37 77 108 23 104 42 58 29 21 20 51 164 23 35 53 22 20 18 32 284
internal_value=-9.33276e-05 0.000989474 -0.00481533 -0.00365859 -0.00888558 0.0247149 -0.011202 -0.0081635 0.00268656 0.000179734 -0.00271114 -0.0110309 0.00425327 -0.016679 -0.0105261 -0.00666549 0.00335082 -0.021467 -0.000185003 0.0062713 -0.0146918 0.000459308 -0.00482054 0.00135802 -0.0237822 0.0194012 -0.00351573 0.00410964 -0.0246358 0.00468857
internal_weight=679.225 665.635 232.706 226.611 124.254 8.01361 116.24 107.316 102.357 95.5662 88.2187 99.6834 26.8971 72.7863 57.4972 53.0686 33.6188 13.2033 83.5775 57.837 25.7405 53.5755 45.8453 41.1868 21.3001 20.4155 8.26123 432.929 8.547 424.382
internal_count=3333 3203 1174 1136 643 42 601 548 493 461 427 509 134 375 298 275 171 71 404 279 125 259 222 199 104 100 42 2029 50 1979
is_linear=0
shrinkage=0.05


Tree=24
num_leaves=31
num_cat=0
split_feature=2 4 1 1 5 1 4 0 1 1 1 0 4 1 0 0 2 4 4 4 4 2 2 2 1 2 2 0 2 5
split_gain=14.6846 4.36878 4.31974 2.73023 3.77538 5.20745 4.52959 3.77229 3.48474 5.78066 4.84232 3.27199 6.89516 5.88946 3.34851 6.99674 3.23344 2.97824 3.66123 3.51079 3.01528 3.455 2.79541 2.85468 3.30251 3.58268 2.65929 2.67632 5.19151 2.8487
threshold=6.785606000581498 -0.18032846408167486 244.84822745990905 129.94284342755859 1.0000000180025095e-35 122.09732175691606 -0.26115284421768986 25.640816535263642 218.11136839351116 225.75653526687111 199.38270971716938 45.949242622862947 -0.68058981404378305 150.78273621834535 26.161930557385841 26.00329428752482 3.7698115389207048 -0.52701233024058725 -0.4695725465643365 -0.64029819483190653 -0.35129745159053022 3.9080388212472221 4.2917440240118685 4.1571972538457693 105.38805276676926 3.9677677394979463 0.36520174474220451 77.499346998107129 3.5499788901510776 1.5000000000000002
decision_type=2 2 2 2 2 2 2 2 2 2 2 2 2 2 2 2 2 2 2 2 2 2 2 2 2 2 2 2 2 2
left_child=1 2 3 4 6 22 7 -1 10 -10 11 12 13 -5 15 -14 -7 19 -19 -9 21 -20 23 24 -6 -26 -3 29 -29 -28
right_child=-2 26 -4 8 5 16 -8 17 9 -11 -12 -13 14 -15 -16 -17 -18 18 20 -21 -22 -23 -24 -25 25 -27 27 28 -30 -31
leaf_value=0.062898454935238532 -0.052626981168385593 -0.061973553753434933 -0.046729039291644091 -0.012033929535849463 -0.042502004094682889 -0.014685725066057531 -0.031178350041164649 0.015861414501592213 0.065937218198507147 -0.018572173031535726 -0.046617778250807707 0.0054704813806904515 -0.020033527455127997 0.047202864054768173 -0.031453536662539486 0.052029388749581851 0.036766471878882108 0.065227956786712352 0.024860474093193845 -0.040087907459271384 0.034599900232272551 -0.032660636157718352 0.014628098213833172 -0.052365002709550926 -0.018107395750634386 0.024590192233839139 0.0012238389875554045 0.026477890161921997 -0.054436279421121961 0.0095432403342186178
leaf_weight=4.3459879159927359 13.047330468893049 1.5267366766929615 5.929992087185382 9.3929272294044441 7.6420236527919796 4.4818169474601737 5.0854427218437186 6.7620165050029755 4.0026498734951002 4.0924272686243057 8.6883290335535985 32.366889841854572 18.200245529413234 7.5837489366531363 35.16419643163681 4.1332499384880057 9.5813309699296934 4.3212038427591315 5.179213210940361 4.790021866559977 9.6845564991235804 5.2637142315506935 6.8342539370059958 5.8051017224788657 15.395548194646837 7.2155123949050894 247.18343976140022 3.191854462027548 5.2314971387386322 176.2768302038312
leaf_count=20 130 10 38 46 39 22 25 32 20 22 53 169 92 37 183 21 45 20 25 23 45 26 32 29 76 34 1172 17 33 797
internal_value=-9.50154e-05 0.000935118 -0.00460328 -0.003498 0.00254054 -0.00603458 0.0132906 0.0188957 -0.00849921 0.0232139 -0.0107213 -0.00780223 -0.0135706 0.0144281 -0.0218375 -0.00669688 0.0203691 0.0135837 0.0234691 -0.00733782 0.0145039 -0.0041328 -0.0146915 -0.0202486 -0.014086 -0.00448199 0.00389903 0.00413189 -0.0237755 0.00468702
internal_weight=678.4 665.353 231.942 226.012 102.388 56.9556 45.4322 40.3467 123.625 8.09508 115.53 106.841 74.4744 16.9767 57.4977 22.3335 14.0631 36.0007 24.4487 11.552 20.1275 10.4429 42.8924 36.0582 30.2531 22.6111 433.41 431.884 8.42335 423.46
internal_count=3333 3203 1174 1136 493 277 216 191 643 42 601 548 379 83 296 113 67 171 116 55 96 51 210 178 149 110 2029 2019 50 1969
is_linear=0
shrinkage=0.05


Tree=25
num_leaves=31
num_cat=0
split_feature=1 4 1 1 1 1 3 0 4 4 4 3 3 4 4 5 1 1 1 3 1 4 3 1 0 0 3 0 1 4
split_gain=8.31822 3.59009 3.40705 3.32811 7.38018 4.09163 3.3139 2.85579 2.62255 3.18449 4.68689 2.4841 4.43037 9.53514 3.92018 5.6016 3.45356 7.71233 5.20747 4.12504 5.27225 3.77968 3.70158 3.76267 4.02746 3.93029 3.74948 3.56295 3.04401 2.36248
threshold=348.05519347003099 -0.087869493652173378 129.94284342755859 106.07812697835945 108.15903098184076 102.79851636070073 0.39808868732943137 77.499346998107129 5.5034844000069461 3.6444837612088317 4.1673564594087358 0.079809368096845842 0.022514150543423421 -0.45836074990447423 -0.73479759567790703 1.5000000000000002 218.11136839351116 226.77838712875979 200.10952851813136 0.10526315789102907 159.18257178190393 -0.28208271653592004 0.1233566819540345 137.12143858775065 26.95379107524564 25.371691890206307 0.18028021348600595 27.527119284320435 133.48347753929929 2.7709547501131695
decision_type=2 2 2 2 2 2 2 2 2 2 2 2 2 2 2 2 2 2 2 2 2 2 2 2 2 2 2 2 2 2
left_child=1 2 -1 5 -5 -3 -2 8 9 29 -11 12 13 -4 15 -13 18 -18 19 20 -16 -19 -21 28 25 -25 -27 -26 -24 -6
right_child=6 3 11 4 7 -7 -8 -9 -10 10 -12 14 -14 -15 16 -17 17 21 -20 22 -22 -23 23 24 27 26 -28 -29 -30 -31
leaf_value=0.002965791854854048 -0.04439971526698501 0.0063372662551992882 0.070490604288098085 0.057495231387728885 0.0051185046380076331 -0.040933350858926444 0.011683685837887451 -0.030567591997460505 -0.02627115770850242 0.060068430225103386 0.0052263184497742428 -0.0029528435825665941 -0.028474609292038041 -0.025958019308861342 -0.017660775203277631 0.0643333887506186 0.073705709553690144 -0.050088932667015806 -0.052028526635062113 -0.049456817144444325 0.061944315105770947 0.02209298659010344 -0.01393811133894877 0.016343614471955103 0.045542689198825557 0.012321020236557394 -0.044151311671381151 0.00060551187729876736 -0.069026453899205489 -0.013972989195244668
leaf_weight=116.54682116210461 14.313116878271105 9.3286443799734133 3.9702241867780685 6.5700746178627005 312.60327313095331 8.9887451082468015 3.2280074134469023 5.8705797791481009 6.7502272874116889 6.4108600020408657 9.9303367808461172 8.784068286418913 30.876482799649239 7.2275696247816068 3.8176186829805356 4.7743235677480689 4.0334507673978788 3.4837729334831238 7.1434428095817557 5.8467807695269576 4.5696447715163231 3.7828828543424606 6.3314017653465253 5.6209491938352611 5.0864370167255393 3.7611192911863354 13.451251447200773 33.2177564650774 4.1521787047386169 17.090080551803112
leaf_count=559 133 44 22 29 1442 42 23 36 36 30 48 43 166 39 19 23 19 21 42 32 24 19 32 27 25 20 67 168 21 82
internal_value=-9.60348e-05 0.000807116 -0.00353619 0.003938 0.00498107 -0.0168595 -0.034079 0.00401908 0.00459463 0.00519674 0.0267416 -0.00827437 -0.0187037 0.00823824 -0.00455116 0.0207407 -0.00783899 0.0182622 -0.0110105 -0.00759767 0.0257106 -0.0125124 -0.0112039 -0.0080811 -0.00333542 -0.0199569 -0.0318114 0.00657275 -0.0357567 0.00412887
internal_weight=677.562 660.021 276.478 383.543 365.225 18.3174 17.5411 358.655 352.785 346.035 16.3412 159.931 42.0743 11.1978 117.857 13.5584 104.299 11.3001 92.9986 85.8551 8.38726 7.26666 77.4679 71.6211 61.1375 22.8333 17.2124 38.3042 10.4836 329.693
internal_count=3333 3177 1388 1789 1703 86 156 1674 1638 1602 78 829 227 61 602 66 536 59 477 435 43 40 392 360 307 114 87 193 53 1524
is_linear=0
shrinkage=0.05


Tree=26
num_leaves=31
num_cat=0
split_feature=2 4 0 2 2 0 2 0 3 0 2 2 2 1 2 2 2 0 4 2 1 2 4 4 2 1 0 1 1 1
split_gain=13.3927 4.08959 7.17451 6.46193 5.21348 4.92354 7.37003 5.47992 6.84706 5.8321 5.29677 4.80381 4.31263 4.3685 5.35512 4.62471 4.30549 3.83042 5.73884 3.59664 4.21555 3.58541 3.64267 4.21186 3.57546 3.54815 3.52501 3.39589 4.13547 4.60203
threshold=6.785606000581498 1.1788855310017248 57.719710043070769 3.2890293647958191 2.5639399706117905 35.027752827793208 4.0485785635984035 25.39003055274538 0.21375428697262697 28.280831033754179 4.8756169652135251 4.8123301028301482 2.2313089446627652 167.56504286474933 3.8354145035110037 4.8123301028301482 4.7080648355103589 26.032714176012174 2.7709547501131695 3.9999999983600696 151.70476240171033 3.901259932561707 -0.62662442371139926 -0.3868583727230398 4.6363095132965348 244.84822745990905 26.495932946956955 119.47015396442826 112.84606049809462 109.70549469826361
decision_type=2 2 2 2 2 2 2 2 2 2 2 2 2 2 2 2 2 2 2 2 2 2 2 2 2 2 2 2 2 2
left_child=1 12 3 -3 -4 6 17 -8 26 11 -7 -10 -1 19 -15 16 21 -5 -19 -14 27 -16 -23 -24 -22 -17 -9 28 29 -21
right_child=-2 2 4 5 -6 10 7 8 9 -11 -12 -13 13 14 15 25 -18 18 -20 20 24 22 23 -25 -26 -27 -28 -29 -30 -31
leaf_value=-0.022396364249232862 -0.051906942339407638 -0.016630531085934964 0.02508594838510635 0.065095198302465115 -0.042617223689006618 0.059266239645985666 0.055170994500962182 0.012828043312625131 -0.01881245767626756 0.045839943151127188 -0.0043963949014196009 0.0396802875860605 0.0087956020102650939 -0.025901292507591697 0.042575310691632597 -0.048251528612549971 0.040537202172926966 0.043718839570026029 -0.023955366285312502 0.0033119581998259972 0.0071446513097564836 0.040316781735834528 -0.03852760109584856 -0.0021681093246848199 0.050151969530363362 0.0029177034754814253 -0.029866932986707975 -0.010222738585562682 0.020302183608859169 -0.039023935657432035
leaf_weight=22.667285464704037 12.247442089021204 15.689087763428686 3.8972816616296759 7.9510296434164074 10.516011655330656 12.42133440077305 4.7062713652849189 6.4030114114284542 12.00155925750733 10.407250717282293 4.4333764091134062 4.961096078157424 150.25927996635437 30.620885536074638 4.4164535850286475 9.0358591899275762 6.4884017407894126 9.6765291988849622 4.6323837786912909 29.002307325601578 36.675954058766365 4.5226069986820212 8.8069711178541166 83.299324586987495 5.5661014690995207 5.4199973940849295 19.734732553362846 107.39755099266768 24.775620929896832 8.2436288595199567
leaf_count=126 130 79 23 34 63 53 20 30 54 47 24 22 711 159 23 47 30 42 21 135 174 23 49 401 26 29 95 510 115 38
internal_value=-9.66497e-05 0.000858084 0.00891094 0.0131477 -0.0243106 0.0179479 0.0128013 0.00344451 -0.0011051 0.0163737 0.0425207 -0.00170499 -0.00105217 -0.000111863 -0.00720674 -0.00251417 0.00105527 0.037271 0.0218099 0.00287982 -0.00131982 -0.00147998 -0.00349354 -0.00564471 0.0128116 -0.0290664 -0.0194079 -0.00484327 0.00447191 -0.00605823
internal_weight=676.877 664.629 127.431 113.018 14.4133 97.3286 80.4739 58.2139 53.5077 27.3699 16.8547 16.9627 537.198 514.531 152.611 121.99 107.534 22.2599 14.3089 361.92 211.661 101.045 96.6289 92.1063 42.2421 14.4559 26.1377 169.419 62.0216 37.2459
internal_count=3333 3203 607 521 86 442 365 268 248 123 77 76 2596 2470 761 602 526 97 63 1709 998 496 473 450 200 76 125 798 288 173
is_linear=0
shrinkage=0.05


Tree=27
num_leaves=31
num_cat=0
split_feature=2 4 0 2 2 4 0 0 2 2 2 1 2 2 2 2 1 2 1 1 5 5 1 0 1 0 1 2 4 5
split_gain=12.6108 3.68653 6.50803 5.82045 4.81307 4.40469 4.11665 4.98088 5.36809 4.22396 3.9407 3.95501 4.91074 4.23374 3.83233 3.33235 3.31251 3.23455 3.79543 3.38486 5.65339 4.62931 6.67008 4.17218 4.41547 3.6681 3.40161 3.32466 3.31403 3.21695
threshold=6.785606000581498 1.1788855310017248 57.719710043070769 3.2890293647958191 2.5639399706117905 1.2385574471743122 35.027752827793208 25.39003055274538 3.9080388212472221 4.8756169652135251 2.2313089446627652 167.56504286474933 3.8354145035110037 4.8123301028301482 4.7080648355103589 3.7486280778644567 244.84822745990905 3.9999999983600696 151.70476240171033 105.69121618569851 1.5000000000000002 1.5000000000000002 111.28156457047199 45.949242622862947 148.96678304938683 37.186219814970997 107.64075709694738 3.972168784389448 -0.21484301266894593 1.5000000000000002
decision_type=2 2 2 2 2 2 2 2 2 2 2 2 2 2 2 2 2 2 2 2 2 2 2 2 2 2 2 2 2 2
left_child=1 10 3 -3 -4 -5 7 -7 -9 -8 -1 17 15 14 -14 -13 -15 19 -19 20 25 22 26 27 28 -12 -21 -24 -25 -10
right_child=-2 2 4 5 -6 6 9 8 29 -11 11 12 13 16 -16 -17 -18 18 -20 21 -22 -23 23 24 -26 -27 -28 -29 -30 -31
leaf_value=-0.021528512981476344 -0.051433907142020709 -0.015914280936740115 0.02349943525293027 0.064216092146179446 -0.041428990296247629 0.052998123791391176 0.053090899201802579 0.032314917902690421 -0.015229478527414906 -0.0041844566505232919 0.033862571308147245 -0.017284488059051296 -0.0014104200370310262 -0.046852773577728761 0.037982064002327127 -0.061040034666067625 0.0027682669228909322 -0.0046115256222297009 0.012113821897152072 0.0037875428150403335 -0.053230681689838688 0.023495438433975138 -0.012641315056720687 0.016010270917270832 -0.021722103616866498 -0.0232795826850925 0.057843076490868797 0.030739797328719953 0.067743571691117513 0.0091576598518972596
leaf_weight=22.408710710704327 11.754572398960589 15.578331932425497 3.9509456455707541 4.7009541839361182 10.28273696452379 6.128668099641799 11.809679016470911 15.205902725458143 23.555643528699875 4.425238110125064 6.155871734023096 25.000071674585346 100.96383285522461 8.845229007303713 6.5762863904237738 5.2683278024196616 5.426773525774478 169.102275416255 42.430532291531563 4.6175762861967069 5.7095501571893683 47.69829735159874 49.403222665190697 9.6397898495197296 5.0727200657129279 5.1647457927465439 7.8716411739587784 4.850183740258216 4.5600896626710901 31.748753257095814
leaf_count=126 130 79 23 20 63 26 50 66 111 24 30 132 496 47 30 27 29 798 200 22 28 216 239 46 25 25 36 23 21 145
internal_value=-9.71354e-05 0.000811454 0.00845817 0.0124664 -0.0234063 0.0169976 0.0146075 0.00976252 0.00600454 0.037479 -0.00100329 -0.000109076 -0.00687605 -0.00239731 0.000998507 -0.0249003 -0.0279849 0.00273164 -0.00125665 0.00832826 -0.0126659 0.0110021 0.0040742 -0.00166425 0.0183194 0.00779291 0.0378574 -0.0087631 0.0326237 -0.00122948
internal_weight=675.907 664.153 127.387 113.153 14.2337 97.5748 92.8739 76.639 70.5103 16.2349 536.766 514.357 152.081 121.812 107.54 30.2684 14.272 362.276 211.533 150.744 17.0302 133.714 86.0152 73.526 19.2726 11.3206 12.4892 54.2534 14.1999 55.3044
internal_count=3333 3203 607 521 86 442 422 348 322 74 2596 2470 761 602 526 159 76 1709 998 711 83 628 412 354 92 55 58 262 67 256
is_linear=0
shrinkage=0.05


Tree=28
num_leaves=31
num_cat=0
split_feature=2 4 1 2 4 4 0 0 0 0 1 4 1 0 0 2 4 2 2 4 2 2 4 0 4 4 1 2 0 0
split_gain=11.8765 3.39958 3.86772 2.4385 2.32994 4.59598 3.62302 5.70816 3.7832 7.23696 5.6605 4.48653 3.59657 2.84392 2.90461 5.52227 6.28257 3.28169 4.9997 3.98378 3.08414 3.96793 2.59339 2.46493 4.67087 2.46196 4.81786 4.33096 2.18634 2.71003
threshold=6.785606000581498 -0.18032846408167486 244.84822745990905 0.36520174474220451 -0.32898600900763753 -0.35129745159053022 69.867418769662436 61.960217953418329 36.548070112380316 26.161930557385841 144.39880165103031 -0.21484301266894593 128.69925456398971 25.137125144120208 25.947004888448877 4.0553073166869646 -0.61258155075413978 4.7186384224662632 4.2863847878712358 -0.62662442371139926 4.4844743838366883 4.355970177148218 -0.54280343073795789 62.455470997965399 -0.93121404702395549 -0.38315528719512465 138.22260958266975 2.7518244695073806 25.039018712157532 25.260956490555571
decision_type=2 2 2 2 2 2 2 2 2 2 2 2 2 2 2 2 2 2 2 2 2 2 2 2 2 2 2 2 2 2
left_child=1 2 4 -3 5 13 7 8 9 10 -6 -10 -7 -1 15 16 -15 18 22 -20 21 -21 23 24 -16 27 -27 -24 -5 -30
right_child=-2 3 -4 28 6 12 -8 -9 11 -11 -12 -13 -14 14 17 -17 -18 -19 19 20 -22 -23 25 -25 -26 26 -28 -29 29 -31
leaf_value=0.033113523008388129 -0.050970922708883308 -0.061255495242388949 -0.045097378947469985 0.040024810727104745 0.03506003436486127 0.062959274409202945 0.023049217360084973 -0.066696109309216198 -0.0035034718050438508 -0.034663804657694551 -0.020594270246699478 0.056126765389716865 0.0027543871428549575 0.040549853286838071 0.028447185889535199 -0.04218607751763704 -0.033050797627954397 -0.042565363131653738 0.048392011544453224 -0.0065842964613570289 -0.031563092725524614 0.054794531909121882 -0.02256127797656933 0.016283659245453205 -0.030486647474099862 -0.058059514183371755 0.017123622708007834 0.016974399075455084 -0.014584268415620709 0.004133476463700307
leaf_weight=5.5916771590709677 11.280299261212347 1.4545362815260876 5.6242418810725203 4.0791649222373954 8.8254515975713748 5.0545560568571073 7.4073567241430274 4.7406475096940985 15.926297858357431 26.408988684415817 9.4724242985248548 3.9334781020879737 4.8714205622673035 6.1326184123754501 3.9662082791328492 12.423751667141913 5.4995837211608904 4.3069730252027503 8.9854294955730456 6.0663361847400648 3.9635127335786811 4.6525371968746185 8.8666706159710795 5.1710501611232749 22.072756826877587 4.3501576930284624 4.1767717301845551 31.665116742253304 20.30084627866745 407.63598666340113
leaf_count=26 130 10 38 18 42 23 37 26 82 137 49 20 25 29 19 62 28 26 42 29 20 22 48 26 113 22 23 160 94 1907
internal_value=-9.72166e-05 0.000767533 -0.00414369 0.0033752 -0.00311785 0.000551421 -0.010188 -0.0137403 -0.0098521 -0.0179188 0.00624898 0.00830705 0.0334122 -0.00181404 -0.00329026 -0.0190056 0.00575223 0.000202308 0.00197454 0.0221699 0.00612232 0.0200572 -0.00398022 -0.0152481 -0.02151 0.00318815 -0.0212323 0.00832564 0.0035928 0.00324553
internal_weight=674.907 663.627 230.156 433.471 224.532 147.817 76.7146 69.3073 64.5666 44.7069 18.2979 19.8598 9.92598 137.891 132.299 24.056 11.6322 108.244 103.937 23.6678 14.6824 10.7189 80.2687 31.21 26.039 49.0587 8.52693 40.5318 432.016 427.937
internal_count=3333 3203 1174 2029 1136 743 393 356 330 228 91 102 48 695 669 119 57 550 524 113 71 51 411 158 132 253 45 208 2019 2001
is_linear=0
shrinkage=0.05


Tree=29
num_leaves=31
num_cat=0
split_feature=2 4 0 2 2 0 2 2 0 0 4 2 1 2 2 1 2 2 1 2 1 1 1 0 0 2 2 1 2 0
split_gain=11.1859 3.20793 5.84728 5.20449 4.52338 3.97442 4.89185 4.45165 4.18717 3.90024 5.91134 3.46899 3.51549 4.49974 3.83654 3.77543 3.14874 2.89782 3.38663 3.15036 3.11483 7.8914 4.18994 3.59905 9.57056 5.28274 3.405 3.40634 6.27383 5.44072
threshold=6.785606000581498 1.1788855310017248 57.719710043070769 3.2890293647958191 2.5639399706117905 35.281795385482731 4.0485785635984035 4.8756169652135251 25.39003055274538 26.032714176012174 2.5488244864361076 2.2313089446627652 167.56504286474933 3.8354145035110037 4.826477265739201 244.84822745990905 3.7486280778644567 3.9999999983600696 151.70476240171033 4.6363095132965348 116.39616750453574 112.84606049809462 109.70549469826361 27.350344833686098 25.947004888448877 4.2917440240118685 4.1446275781141226 138.22260958266975 4.1959738993316051 30.353033874869507
decision_type=2 2 2 2 2 2 2 2 2 2 2 2 2 2 2 2 2 2 2 2 2 2 2 2 2 2 2 2 2 2
left_child=1 11 3 -3 -4 6 9 -7 -8 -5 -11 -1 17 16 -15 -16 -14 -13 20 -20 21 22 23 24 -19 -25 -22 28 -28 -29
right_child=-2 2 4 5 -6 7 8 -9 -10 10 -12 12 13 14 15 -17 -18 18 19 -21 26 -23 -24 25 -26 -27 27 29 -30 -31
leaf_value=-0.020396534069058593 -0.050516552466870902 -0.015314957556465593 0.022571566652478663 0.058918888621087864 -0.040387342087136492 0.054675386335139277 0.048486536524911382 -0.0041819987060891517 -0.00022775879009120757 0.040045151616282915 -0.025001004219606472 0.0078241126263883815 -0.016536469300624048 0.00083920202574846439 -0.049356578399380784 0.0053243015610647789 -0.059603491789181888 -0.010895886194446692 0.0060216785803283183 0.046037900048508017 -0.025419518786141557 0.039473447797350042 -0.037495324190633748 -0.036049682577907131 0.08263378772806218 0.019337605420078001 0.035223086433357205 0.024772374376724887 -0.016951981627278043 -0.01704790148475872
leaf_weight=22.037587530910969 10.824234157800673 15.483387023210524 3.9794350937008849 8.0837043076753634 10.077893503010271 11.724567741155626 4.8036807328462592 4.4251436591148368 53.976570054888725 9.3726763874292356 5.5677943080663672 151.05137287080288 24.769046410918239 108.33830244839191 7.9747948274016363 5.2249388247728348 5.121696636080741 7.1818562895059603 36.950192451477051 5.6736704111099234 24.565351203083992 13.043511830270289 8.1151459962129575 9.6065662801265734 4.4174891114234924 7.8009436428546897 6.438177376985549 20.000781312584877 54.830420017242432 12.725371420383452
leaf_count=126 130 79 23 34 63 49 20 24 250 40 25 711 132 530 44 28 27 34 174 26 118 60 38 46 20 35 31 92 263 61
internal_value=-9.78156e-05 0.000724879 0.00785324 0.0116227 -0.0225645 0.0158806 0.0114057 0.038548 0.0037533 0.0309419 0.0158047 -0.000971118 -0.000137984 -0.00653598 -0.00226161 -0.0277119 -0.0239159 0.00253541 -0.00124442 0.0113482 -0.00442561 0.00601831 -0.00573679 0.00314819 0.0247239 -0.0112286 -0.00884467 -0.00451287 -0.0114694 0.00851081
internal_weight=674.186 663.362 127.495 113.438 14.0573 97.9541 81.8044 16.1497 58.7803 23.0242 14.9405 535.867 513.83 151.429 121.538 13.1997 29.8907 362.401 211.349 42.6239 168.726 50.1655 37.122 29.0069 11.5993 17.4075 118.56 93.9948 61.2686 32.7262
internal_count=3333 3203 607 521 86 442 369 73 270 99 65 2596 2470 761 602 72 159 1709 998 200 798 233 173 135 54 81 565 447 294 153
is_linear=0
shrinkage=0.05


Tree=30
num_leaves=31
num_cat=0
split_feature=2 4 1 2 1 1 1 1 2 0 5 0 0 1 4 2 2 2 2 4 2 0 1 2 0 0 2 2 4 0
split_gain=10.5367 2.94804 3.72494 4.76455 4.24618 3.30152 5.96905 3.55832 3.61721 3.26511 5.61778 3.20784 5.5675 4.71208 3.16728 3.04213 3.8875 2.95673 5.00256 6.00371 4.58307 3.58177 3.35668 11.0549 4.04729 2.8407 5.69068 2.83426 3.74033 3.2038
threshold=6.785606000581498 -0.094394531511986998 145.78108895058824 4.3008256294337723 143.6619710890599 106.07812697835945 108.15903098184076 102.79851636070073 3.8606267928965776 25.280812854134581 1.0000000180025095e-35 44.242985382396846 37.186219814970997 186.91155010545793 0.70722045143591694 4.3316458426123727 4.3668418528708477 4.3060007634785089 4.259996149287498 0.52034188820984839 4.4063233598626796 30.01452901750017 221.0526294847642 5.1073750497380397 31.722622867669621 25.701417485883493 3.9489740602823824 4.6277090873422457 2.641372599443867 48.016631347067289
decision_type=2 2 2 2 2 2 2 2 2 2 2 2 2 2 2 2 2 2 2 2 2 2 2 2 2 2 2 2 2 2
left_child=1 2 4 -4 9 7 -7 -3 -9 10 -1 12 17 14 -14 -5 -17 18 -8 -20 21 -19 24 -24 -22 26 -11 29 -29 -13
right_child=-2 5 3 15 -6 6 11 8 -10 25 -12 27 13 -15 -16 16 -18 20 19 -21 22 -23 23 -25 -26 -27 -28 28 -30 -31
leaf_value=0.0705225790214868 -0.050069447384418132 0.0039979366941816996 -0.017721516078494821 0.046918985825450149 0.04070684452023305 0.051201620148298134 0.0059935843572179077 -0.071226461488244672 -0.0074318289556270529 0.017835734093211278 -0.0021023092220999614 -0.037251370768810015 0.026439292228479929 -0.0027165436761498636 0.072297054687304227 -0.045144566498788063 0.0058364572524814418 -0.031172435069610732 0.001930898598496226 0.081307123964559094 0.012002762897616318 0.0077275027067871347 -0.041144233635698108 0.032282066270064601 -0.020805909722246288 -0.00011260273000807061 -0.055116844897151879 -0.043022487887143294 0.01664837333248757 0.0049702871816056501
leaf_weight=4.3245832473039609 10.385958738625048 9.5634809434413928 73.773418456315994 3.7413173466920844 6.6410709768533698 6.7169168889522544 148.53608183562756 4.5310220271348935 4.3602895885705948 4.41350209712982 6.9294188916683197 5.2160495966672888 9.4479100406169909 7.8543917983770362 6.2602152824401847 4.2783143967390052 29.681372709572315 20.019356533885006 4.5671633034944517 4.9794485867023468 70.961225628852844 8.4006741493940336 14.023294299840929 8.0795872285962087 10.835282206535338 131.80436403304338 6.7790344804525375 10.087739840149878 3.5504974499344817 32.411392197012901
leaf_count=19 130 45 407 18 32 29 681 22 20 21 32 24 42 36 26 22 152 94 21 22 321 38 66 42 49 644 34 61 21 162
internal_value=-9.78304e-05 0.000685253 -0.00330716 -0.0103319 0.00155998 0.00347058 0.00449478 -0.0171717 -0.0399416 -0.000125442 0.0258053 0.0036358 0.00552931 0.0289041 0.0447152 0.00412801 -0.000586242 0.00363273 0.00824851 0.043333 -0.00188177 -0.019674 0.00298501 -0.0143037 0.00765672 -0.00216622 -0.0263498 -0.00796051 -0.0274881 -0.000882629
internal_weight=673.154 662.768 272.366 111.474 160.892 390.402 371.947 18.4548 8.89131 154.251 11.254 365.23 313.965 23.5625 15.7081 37.701 33.9597 290.402 158.083 9.54661 132.319 28.42 103.899 22.1029 81.7965 142.997 11.1925 51.2657 13.6382 37.6274
internal_count=3333 3203 1381 599 782 1822 1735 87 42 750 51 1706 1438 104 68 192 174 1334 724 43 610 132 478 108 370 699 55 268 82 186
is_linear=0
shrinkage=0.05


Tree=31
num_leaves=31
num_cat=0
split_feature=2 4 0 2 3 0 2 3 2 4 2 2 1 2 3 3 2 1 1 4 1 2 2 2 0 4 2 2 2 1
split_gain=9.92596 2.79294 5.13464 4.63794 4.28469 5.50862 5.09853 4.46725 11.889 4.42901 5.54647 4.09589 3.94395 3.82997 6.91925 3.52434 3.16846 3.13751 5.56059 4.39518 3.05674 5.16153 4.25421 3.44028 3.78073 3.52089 3.3905 3.36504 3.79125 4.67794
threshold=6.785606000581498 1.1788855310017248 57.719710043070769 3.2890293647958191 0.1875334941013653 28.280831033754179 3.9171548105149725 0.098039215678267996 4.784510599541699 2.1234905006965739 4.4547783391938767 2.5639399706117905 221.0526294847642 4.5340595458878594 0.35110443396154639 0.033632456072933088 2.2313089446627652 148.69230598845215 260.36953973681062 2.641372599443867 164.36445126393099 3.8354145035110037 3.901259932561707 3.9545920236892846 47.259644985917433 0.1566947249437092 3.7486280778644567 4.8123301028301482 4.7080648355103589 200.10952851813136
decision_type=2 2 2 2 2 2 2 2 2 2 2 2 2 2 2 2 2 2 2 2 2 2 2 2 2 2 2 2 2 2
left_child=1 16 3 -3 7 6 -6 8 15 -9 -11 -4 13 14 -8 -5 -1 -7 19 -19 -18 26 -23 -24 27 -26 -22 28 29 -25
right_child=-2 2 11 4 5 17 12 9 -10 10 -12 -13 -14 -15 -16 -17 20 18 -20 -21 21 22 23 24 25 -27 -28 -29 -30 -31
leaf_value=-0.019611179095930784 -0.049628335903303192 -0.014719783407765894 0.020886147486441992 0.0070281483222460238 0.047115962474523265 0.078725603174871733 -0.03488731909206684 0.0083799094550260703 -0.049548043067335248 -0.071918178838555488 0.0038616925987825291 -0.038975227426857911 -0.04176712406490235 0.038555802631474359 0.041404965392343715 0.051378961693326897 0.0024836844561171908 0.044012599012863932 0.080761541947478199 -0.019626127332045579 -0.016338820746743459 0.045340981751986774 -0.046928413678383477 -0.0062883972232265122 -0.032302099706414296 0.018535181897461089 -0.059315160705459606 -0.023067077335845201 0.041849525283190747 0.018368123009069089
leaf_weight=21.788492999970913 9.965031683444975 15.384978234767912 4.0376550778746596 6.9393142461776796 7.7203815579414359 5.1126292049884823 8.0231738686561638 10.794595509767534 5.1768203899264327 5.4083268195390684 4.3621668294072151 9.7769705206155759 4.5000621601939192 7.4214666932821265 4.7204745113849631 12.635731205344198 350.62843501567841 5.8117024004459363 4.4252623692154875 5.0888371765613556 26.654771871864796 4.6961610764265052 4.3289019316434851 52.644542828202248 15.804443560540678 4.3414504230022422 5.5437909960746756 11.518940798938273 6.689963847398757 30.31355756521225
leaf_count=126 130 79 23 31 33 21 36 48 28 26 21 63 21 32 20 55 1651 25 22 23 143 24 22 255 90 21 30 59 30 145
internal_value=-9.76815e-05 0.000647568 0.0073026 0.010805 0.0148063 0.0244829 0.0116559 0.00352685 0.0178362 -0.0136957 -0.0380852 -0.0214793 0.000556656 0.0100017 -0.0066273 0.0356567 -0.000936598 0.0448077 0.0334929 0.0143033 -0.000143693 -0.00581155 -0.00138294 -0.00312936 -0.00156645 -0.0213466 -0.0237383 0.00237248 0.00564123 0.00272129
internal_weight=672.259 662.294 127.341 113.526 98.1409 52.824 32.3856 45.317 24.7519 20.5651 9.77049 13.8146 24.6652 20.1651 12.7436 19.575 534.953 20.4384 15.3258 10.9005 513.165 162.537 130.338 125.642 121.313 20.1459 32.1986 101.167 89.6481 82.9581
internal_count=3333 3203 607 521 442 233 142 209 114 95 47 86 109 88 56 86 2596 91 70 48 2470 819 646 622 600 111 173 489 430 400
is_linear=0
shrinkage=0.05


Tree=32
num_leaves=31
num_cat=0
split_feature=1 3 4 5 0 1 3 4 4 3 1 1 3 0 4 0 0 4 0 1 1 3 4 1 3 0 3 4 5 0
split_gain=5.26222 4.24855 2.35416 3.74329 7.64383 5.43831 5.08411 4.9698 4.86463 3.6565 4.55447 4.78752 5.98517 8.13113 3.95634 5.5544 3.57506 3.24144 4.04388 13.1368 4.3723 2.74704 3.19342 2.57924 2.55947 2.76452 2.83511 2.37913 2.52748 4.05672
threshold=348.05519347003099 0.45172331129759241 -0.2196219484294874 1.0000000180025095e-35 25.280812854134581 123.40680812652273 0.024602774274213066 -0.32898600900763753 -0.35129745159053022 0.24999999999214362 103.72220813029379 191.0854864984118 0.15116982044026836 48.016631347067289 -0.80355167576219444 26.00329428752482 27.56364074996916 -0.52701233024058725 49.290923380124958 108.81201064271814 108.81201064271814 0.35464030350982417 -0.51810977541121683 293.40735310362248 0.04651162790577449 71.921422753403661 0.33152882571808501 5.5034844000069461 1.5000000000000002 44.823526708143618
decision_type=2 2 2 2 2 2 2 2 2 2 2 2 2 2 2 2 2 2 2 2 2 2 2 2 2 2 2 2 2 2
left_child=2 -2 3 4 -1 17 -7 8 9 10 -5 12 13 14 -12 -16 -17 -6 20 -20 -19 22 -11 27 -8 26 -26 28 -4 -30
right_child=1 -3 23 7 5 6 24 -9 -10 21 11 -13 -14 -15 15 16 -18 18 19 -21 -22 -23 -24 -25 25 -27 -28 -29 29 -31
leaf_value=0.059094822760129756 -0.039437647098558209 0.042248043228721131 -0.00066235922689280343 -0.067477591474784257 -0.0085878901537197114 0.032837671389803147 -0.054623040724199205 -0.027199680841806143 0.046028714384273868 0.0033124901460153673 0.035613945056084083 -0.048224209161184875 -0.026744932589170912 0.054446750109880142 -0.059305411338821702 0.036476420651991352 -0.019988282538841086 0.011146806493796693 0.066412351488438187 -0.051807399509698517 0.068468870489834341 -0.010764584015725019 0.054803707852002559 0.030346607272076553 -0.00049532267851694995 -0.047657815054433131 -0.031848347256929276 -0.029483033222995808 0.0093957553886713473 -0.017594756496516904
leaf_weight=5.8028891980648032 13.074842952191828 1.8124608621001232 256.54393833130598 3.5999860912561408 9.3944523483514768 6.2941100448369971 3.7408647239208213 30.573456346988678 4.6600020527839652 6.6186951100826263 4.5999952852726009 6.9113730341196051 17.521505326032639 7.6647884324192992 5.2662627398967805 4.6638922393321973 7.0269238501787186 5.8447937965393084 4.2622970789670926 5.2373943477869034 7.7213812321424484 8.1670050919055921 5.524431377649309 8.2250695675611478 32.310176119208336 4.7758784666657439 9.2814878374338132 5.8878777325153342 162.94530813395977 15.222278423607348
leaf_count=26 142 14 1229 19 45 32 20 162 23 32 22 47 89 39 27 23 36 27 20 26 36 40 27 46 172 26 48 31 723 84
internal_value=-9.765e-05 -0.0294928 0.000569152 -0.00383546 0.00349583 -0.000134877 -0.00951847 -0.00998823 -0.00358854 -0.00656949 -0.0130353 -0.00938243 -0.00363937 0.0102148 -0.00551225 -0.0166687 0.00253754 0.0161699 0.0262534 0.00123513 0.0437725 0.0116577 0.0267381 0.00260513 -0.0148388 -0.0116291 -0.00749198 0.00208726 0.00251486 0.00708974
internal_weight=671.176 14.8873 656.289 207.464 94.6657 88.8628 56.4025 112.798 82.2249 77.5649 57.2547 53.6547 46.7434 29.2219 21.5571 16.9571 11.6908 32.4603 23.0659 9.49969 13.5662 20.3101 12.1431 448.824 50.1084 46.3675 41.5917 440.599 434.712 178.168
internal_count=3333 156 3177 1064 478 452 298 586 424 401 302 283 236 147 108 86 59 154 109 46 63 99 59 2113 266 246 220 2067 2036 807
is_linear=0
shrinkage=0.05


Tree=33
num_leaves=31
num_cat=0
split_feature=2 4 0 2 2 4 0 0 1 1 4 0 1 0 2 2 2 0 4 4 1 2 2 2 2 2 1 0 2 0
split_gain=9.08586 2.45728 4.51086 4.10659 3.8004 3.48441 3.20845 4.46351 5.67226 6.38104 4.54913 4.51541 6.5169 4.15287 3.06962 4.56504 2.82518 2.79372 2.72262 5.56428 2.66325 4.72789 3.77555 3.2184 2.93716 4.66098 3.16851 3.11164 4.05186 3.42897
threshold=6.785606000581498 1.1788855310017248 57.719710043070769 3.2890293647958191 2.5639399706117905 1.2385574471743122 25.39003055274538 28.280831033754179 147.81628825213753 233.83689043865982 4.7968088156983386 27.217718641924879 178.77564543350715 27.527119284320435 4.9008961278092942 4.4707655336209191 2.2313089446627652 26.032714176012174 0.16549558592908822 -0.23478014399985478 164.36445126393099 3.8354145035110037 3.9080388212472221 3.7486280778644567 4.826477265739201 3.9545920236892846 244.84822745990905 47.259644985917433 4.3843950743625362 26.25479721697997
decision_type=2 2 2 2 2 2 2 2 2 2 2 2 2 2 2 2 2 2 2 2 2 2 2 2 2 2 2 2 2 2
left_child=1 16 3 -3 -4 -5 -7 10 -9 14 11 12 17 -13 15 -10 18 -8 19 -1 -18 23 -23 -22 25 -24 -26 29 -29 -27
right_child=-2 2 4 5 -6 6 7 8 9 -11 -12 13 -14 -15 -16 -17 20 -19 -20 -21 21 22 24 -25 26 27 -28 28 -30 -31
leaf_value=-0.029502856482252222 -0.049004251125591113 -0.014029297286648862 0.020102942318197696 0.055472429742285202 -0.037670270484056759 0.046460319399869346 0.018079911216498431 0.05248608854105391 -0.022400166504130816 0.044261932977918042 -0.049854606782998724 -0.056111944525694249 0.042728887515944197 0.0043288348698549174 -0.039906053258215161 0.032611267459291944 0.0022988738823832614 -0.02042592735246597 -0.054466027179457921 0.031204159148990187 -0.015568013551911919 0.039908447799009622 -0.055726048445688292 -0.058025643282575215 -0.043835832571493399 -0.0090713827520625817 0.0058349087249782534 -0.033657834738567691 0.020865563687349334 0.011864007430423155
leaf_weight=11.634819656610492 9.364275895059107 15.260304987430571 4.0611032098531714 4.7834166586399069 9.5177844464778882 6.204763948917388 8.1076709181070381 10.794823348522185 7.4551568478345924 9.3299448490142805 4.3589364737272254 5.1982003599405271 11.90110122412443 6.2701068669557571 4.9623341113328925 7.6316616088151932 350.8211495578289 11.242245048284529 4.2564672678709021 5.5872344076633462 26.403384305536751 5.3479966521263114 3.6684430539607993 5.371468022465705 8.4277871102094633 28.584152847528458 5.1865101531147948 12.014044009149076 4.7564776986837378 61.944068819284439
leaf_count=72 130 79 23 20 63 26 35 46 32 46 21 24 54 29 26 33 1651 50 24 30 143 27 19 30 48 137 28 67 23 297
internal_value=-9.83112e-05 0.000594444 0.00684335 0.0101017 -0.0203918 0.0138501 0.0117197 0.00924923 0.0214914 0.010103 -0.00119755 0.00376726 0.0136147 -0.023067 -0.00579305 0.00542735 -0.000892639 -0.00429187 -0.0186581 -0.00980809 -0.000148138 -0.00545698 -0.00122903 -0.0227454 -0.00299496 -0.000305864 -0.0249132 0.0015889 -0.0181938 0.00525369
internal_weight=670.448 661.084 127.08 113.501 13.5789 98.2404 93.4569 87.2522 40.1739 29.3791 47.0783 42.7193 31.251 11.4683 20.0492 15.0868 534.004 19.3499 21.4785 17.2221 512.525 161.704 129.929 31.7749 124.581 110.967 13.6143 107.299 16.7705 90.5282
internal_count=3333 3203 607 521 86 442 422 396 183 137 213 192 139 53 91 65 2596 85 126 102 2470 819 646 173 619 543 76 524 90 434
is_linear=0
shrinkage=0.05


Tree=34
num_leaves=31
num_cat=0
split_feature=2 2 2 3 2 1 1 2 0 0 3 0 0 3 2 0 3 2 5 0 0 3 3 0 0 0 0 1 0 0
split_gain=8.59668 2.89897 2.49038 2.62613 2.33485 2.3821 2.2669 3.03985 2.93717 3.601 2.66272 2.44494 1.94523 9.46002 4.93779 4.43324 4.24242 3.3263 4.86422 2.80904 2.54292 6.57155 4.65937 2.94581 2.56835 2.53798 4.09892 3.13506 6.96606 5.0124
threshold=5.4877058822079894 5.2642381170337798 4.9008961278092942 0.19122909211265496 0.69538496774920977 309.60199633185249 244.84822745990905 4.7186384224662632 32.120610431874518 27.596553088327557 0.26466491887892901 35.91294972410148 67.272464002875722 0.37259526450433755 3.5409680671194503 78.986995640012822 0.068204043872233208 3.3757491142744729 1.0000000180025095e-35 78.412966621658555 44.242985382396846 0.28040508091260635 0.15461796577952688 54.067708362829713 28.423742973446494 64.128926808043175 61.055485114047947 119.47015396442826 30.353033874869507 27.308627748143177
decision_type=2 2 2 2 2 2 2 2 2 2 2 2 2 2 2 2 2 2 2 2 2 2 2 2 2 2 2 2 2 2
left_child=1 2 4 -4 -1 6 7 12 9 -8 11 -9 17 14 19 16 -16 18 -6 -14 21 -20 23 -22 -23 26 27 28 29 -19
right_child=-2 -3 3 -5 5 -7 8 10 -10 -11 -12 -13 13 -15 15 -17 -18 25 20 -21 22 24 -24 -25 -26 -27 -28 -29 -30 -31
leaf_value=-0.036913629827463317 -0.032870568919231409 0.036711040149453804 -0.036177071721256372 -0.00064341658572216907 -0.028016890204112823 0.033032339057193875 -0.02460052394149001 -0.0064534309093148921 -0.040864670927578124 0.033519930467333474 0.043621022864951661 0.035691499922901708 0.030224806243915766 -0.054797273877679346 0.063308639341426831 -0.030535863939859256 0.0042542530081184334 0.007203517965217148 -0.023729121255166574 0.082694228811864348 0.070892786685273601 0.045221877371031338 -0.012792186500978978 0.010365888708919123 -0.0039655937010560629 -0.032495242389563798 0.036793809889311357 -0.00079764817163077348 0.02790294304708554 -0.02556935457271502
leaf_weight=4.004606954753398 19.429440714418888 5.5968951284885398 9.3086860328912753 11.779574945569037 24.357431344687939 5.8906214833259574 6.2635152488946932 10.384243324398996 7.2921722605824462 4.6387916803359985 7.6062576025724402 5.1469090580940238 7.3208836466074008 4.6054219454526892 4.3156176209449795 5.6274489164352408 10.298871651291845 53.299515396356583 22.591517083346844 3.9149584323167801 4.2649850696325284 6.0683642923831922 7.2877254635095587 3.8024998679757118 4.7166533768177032 5.3615920990705481 8.3609936237335187 347.59555282443762 33.381779372692108 14.936428055167196
leaf_count=28 208 26 49 55 127 30 31 49 41 23 33 23 36 26 20 32 50 245 114 20 22 27 40 20 22 27 42 1647 151 69
internal_value=-9.80508e-05 0.000881536 0.000570353 -0.0163285 0.00114206 0.00138813 0.00108427 0.00161567 -0.0163009 0.000128984 0.0193833 0.00751309 0.000897101 0.0121343 0.0219268 0.00717278 0.0216928 0.000140657 -0.00977205 0.048507 -0.000652785 -0.00839986 0.0161865 0.0423643 0.0237105 0.00170569 0.00210644 0.00146082 0.00918618 2.97379e-05
internal_weight=669.45 650.021 644.424 21.0883 623.335 619.331 613.44 595.246 18.1945 10.9023 23.1374 15.5312 572.108 36.0832 31.4778 20.2419 14.6145 536.025 73.0892 11.2358 48.7317 33.3765 15.3552 8.06748 10.785 462.936 457.574 449.213 101.618 68.2359
internal_count=3333 3125 3099 104 2995 2967 2937 2842 95 54 105 72 2737 184 158 102 70 2553 372 56 245 163 82 42 49 2181 2154 2112 465 314
is_linear=0
shrinkage=0.05


Tree=35
num_leaves=31
num_cat=0
split_feature=2 4 4 2 2 3 0 2 3 0 0 3 3 0 3 3 0 0 2 2 2 0 3 2 2 2 3 3 0 0
split_gain=8.22139 2.3426 2.82887 2.13491 3.79371 3.75855 6.16727 3.59185 4.42307 5.24226 4.76229 3.1757 2.92552 2.63645 3.34067 3.40003 5.07961 4.2386 4.16133 4.71704 3.2116 2.92717 3.12121 2.84332 4.17581 2.70423 2.53084 2.47929 3.65265 3.80821
threshold=6.785606000581498 -0.18032846408167486 -1.0825435314252021 4.2863847878712358 4.267991961267156 0.017392619478851436 35.91294972410148 4.4547783391938767 0.2661177374084463 29.216935488178425 26.473642416753574 0.33492494654442456 0.21246554713273816 26.161930557385841 0.3480012894733408 0.25637414227139416 66.103452128916175 35.587942347969836 3.8257916672875245 3.901259932561707 3.9609168116761926 34.869866503127732 0.075268817196197949 4.0768595621641524 4.191620712910904 3.9489740602823824 0.17833647600377114 0.064275814273086276 28.547447509942881 53.532788902747683
decision_type=2 2 2 2 2 2 2 2 2 2 2 2 2 2 2 2 2 2 2 2 2 2 2 2 2 2 2 2 2 2
left_child=1 2 -1 4 5 6 -4 11 9 10 -9 12 -5 23 15 16 18 -17 21 -20 -18 -15 -23 -7 -25 -16 -24 -21 -29 -30
right_child=-2 -3 3 7 -6 13 -8 8 -10 -11 -12 -13 -14 14 25 17 20 -19 19 27 -22 22 26 24 -26 -27 -28 28 29 -31
leaf_value=0.029944031139880006 -0.048281005997592198 0.0027002805007840945 -0.014294168368143362 0.011597320764999079 -0.05491854480329731 0.012096777630659604 0.069494163081346469 -0.025896927851695485 0.033146516956723264 -0.04200725841268655 0.039769089473492253 -0.021277328255646089 0.048522826099565507 -0.052524226477355308 -0.048064936054189662 0.041720565495431287 0.031054179432489133 -0.011601566971616009 0.035165884601033696 -0.040561504032090662 -0.016218502122797112 -0.056260375128498109 0.010592423013462865 -0.045069836077126543 0.0186440180434129 -0.0088569212331549019 -0.035493926397176911 -0.03828899125737114 0.019972839614254622 -0.033986904591056778
leaf_weight=6.1278060227632514 8.7373798787593824 432.55256401747465 4.6194962263107282 18.010029390454299 4.1003120094537726 26.809390872716904 4.1864817589521408 5.6818008869886452 5.0265766680240622 11.698875375092028 5.3711265027523041 4.9151779413223258 7.6392432004213324 11.281600862741472 10.470950216054918 7.1071582138538343 9.7047117054462415 7.8359941020607948 5.5667520612478247 7.1861210912466076 5.7049279958009711 4.3324589580297497 7.7749197483062726 6.1700652539730054 4.4095262289047241 7.5823448002338401 4.8292414247989655 6.6554687023162868 12.211476296186449 4.4655001610517493
leaf_count=28 130 2029 24 89 22 131 20 29 23 67 27 24 35 65 57 36 49 42 27 38 31 24 44 32 22 40 27 35 62 24
internal_value=-9.77249e-05 0.00054012 -0.0035675 -0.00449523 -0.00743299 -0.00620769 0.0255399 0.0037126 -0.00930078 -0.0186787 0.00601321 0.0155397 0.022595 -0.00807026 -0.0118869 -0.00812758 -0.0122305 0.0137591 -0.0184092 -0.00716142 0.013553 -0.0327929 -0.0196497 0.00343509 -0.0185142 -0.0315977 -0.0070654 -0.0148821 -0.0069732 0.00552434
internal_weight=668.765 660.028 227.476 221.348 163.005 158.905 8.80598 58.3428 27.7784 22.7518 11.0529 30.5645 25.6493 150.099 112.71 94.6563 79.7132 14.9432 64.3035 36.0853 15.4096 28.2182 16.9366 37.389 10.5796 18.0533 12.6042 30.5186 23.3324 16.677
internal_count=3333 3203 1174 1146 852 830 44 294 146 123 56 148 124 786 601 504 426 78 346 186 80 160 95 185 54 97 71 159 121 86
is_linear=0
shrinkage=0.05


Tree=36
num_leaves=31
num_cat=0
split_feature=2 2 3 3 0 2 0 3 2 1 3 1 0 3 3 5 1 1 1 3 0 3 0 0 3 5 1 2 2 3
split_gain=7.74478 2.08942 2.19007 8.29134 5.1507 4.43262 4.84774 5.16958 4.5694 4.27049 3.8122 4.08388 3.19962 3.1868 3.72115 3.51891 5.42079 3.49114 2.69069 2.53758 3.28324 2.49427 4.40124 4.97061 5.00041 5.65978 5.5161 4.30148 4.46766 3.7639
threshold=6.785606000581498 0.69538496774920977 0.12997234744895142 0.11288840594485838 25.039018712157532 4.9008961278092942 35.91294972410148 0.10666666666311346 2.6321572203181454 282.11708969173833 0.041187486229378047 165.83296453904555 37.186219814970997 0.10812371133773251 0.087378640772457467 1.0000000180025095e-35 140.46440589263801 172.83972002575862 238.54264495136223 0.074488944510536573 44.823526708143618 0.064275814273086276 25.164251149041476 25.486380133050215 0.047782126547759957 1.0000000180025095e-35 169.76421334578757 3.6406864897902591 3.901259932561707 0.07272727272396283
decision_type=2 2 2 2 2 2 2 2 2 2 2 2 2 2 2 2 2 2 2 2 2 2 2 2 2 2 2 2 2 2
left_child=1 -1 3 5 -4 6 8 10 -3 18 11 -8 -11 14 21 -16 -17 -18 -6 -12 -21 22 -10 -24 27 -26 -27 -25 -29 -23
right_child=-2 2 4 -5 9 -7 7 -9 13 12 19 -13 -14 -15 15 16 17 -19 -20 20 -22 29 23 24 25 26 -28 28 -30 -31
leaf_value=-0.035925268780522372 -0.047851758794963471 -0.048819155608679991 0.070323361690668107 -0.026921683783740397 0.0025175147784181687 -0.02872625664373268 0.039148770491013327 0.064464872493936898 -0.043467683351753085 0.053722332759848848 -0.013141932677811675 -0.0040330907153232438 0.0014360101268736372 -0.037561958500280733 -0.01007347607682346 -0.00069878364658552971 0.081115693553698201 0.022102841870883697 -0.019653488050768775 0.040843682464541772 -0.0027557041490712795 -0.04114473304520657 0.037624041586866136 -0.05164620801443124 0.067174775020343858 -0.014920710958410886 0.052907816356658248 0.029049019344860573 -0.011228365929186971 -0.0034925630071175546
leaf_weight=3.9116740301251403 8.3839344903826696 5.2145850807428351 2.8295109272003165 31.359368227422237 361.38839990645647 12.32612408697605 16.505587771534923 4.5929517447948447 5.2924643456935874 7.0209708064794523 19.288926817476749 8.193245053291319 5.0164817869663239 5.7919144332408896 8.1958572268486041 8.2608358412981051 5.439738988876341 4.6472903043031693 14.223188653588293 6.6738424897193935 12.232330314815043 9.9535133838653582 9.4776806980371457 5.2908179014921179 4.9158540964126614 10.178739026188849 4.2485124915838233 8.3632243424653989 38.949516594409943 19.922605097293854
leaf_count=28 130 28 12 157 1715 79 77 23 26 34 97 44 30 28 41 39 25 22 71 31 61 49 46 27 23 48 20 39 188 95
internal_value=-9.79035e-05 0.000508981 0.000726304 -0.00277906 0.00310807 0.000457008 0.00208006 0.0132558 -0.00281292 0.00261745 0.0095162 0.0248242 0.0319326 -0.00120205 0.000269221 0.0171654 0.0293328 0.0539273 0.00167797 -0.000382723 0.0126348 -0.00357739 0.000715175 0.003587 -0.000896772 0.0208409 0.00505332 -0.00889002 -0.00410874 -0.0160367
internal_weight=668.09 659.706 655.794 265.316 390.479 233.956 221.63 67.4869 154.143 387.649 62.8939 24.6988 12.0375 148.929 143.137 26.5437 18.3479 10.087 375.612 38.1951 18.9062 116.593 86.7168 81.4243 71.9467 19.3431 14.4273 52.6036 47.3127 29.8761
internal_count=3333 3203 3175 1313 1862 1156 1077 333 744 1850 310 121 64 716 688 127 86 47 1786 189 92 561 417 391 345 91 68 254 227 144
is_linear=0
shrinkage=0.05


Tree=37
num_leaves=31
num_cat=0
split_feature=2 4 3 3 2 3 3 3 1 2 4 3 3 2 4 4 1 2 2 2 2 2 2 2 1 1 5 5 3 1
split_gain=7.29554 2.23561 4.01672 4.37474 3.61959 4.45064 4.61081 3.18898 3.15257 3.12715 2.66856 2.66682 2.42959 2.33797 2.59306 4.86095 2.29912 4.33643 3.23213 3.88144 3.73844 3.27411 3.10118 2.83535 3.51153 3.01894 5.113 3.88592 6.58413 6.35811
threshold=6.785606000581498 1.1788855310017248 0.1875334941013653 0.23809523807444857 4.9008961278092942 0.065692182192923013 0.033632456072933088 0.22025800695807937 210.02920991487915 4.0086755383060924 2.7039449141482303 0.12230215826751491 0.25637414227139416 2.2313089446627652 0.16549558592908822 -0.23478014399985478 164.36445126393099 3.8354145035110037 3.9080388212472221 3.9545920236892846 4.0485785635984035 3.9999999966262485 3.7486280778644567 3.9999999983600696 153.63847716828829 105.69121618569851 1.5000000000000002 1.5000000000000002 0.096241135233460381 112.09651324336743
decision_type=2 2 2 2 2 2 2 2 2 2 2 2 2 2 2 2 2 2 2 2 2 2 2 2 2 2 2 2 2 2
left_child=1 13 4 7 5 6 -3 -4 -6 -8 -7 -12 -5 14 15 -1 23 22 -19 -20 21 -21 -18 25 -25 26 -15 28 -27 -30
right_child=-2 2 3 12 8 10 9 -9 -10 -11 11 -13 -14 16 -16 -17 17 18 19 20 -22 -23 -24 24 -26 27 -28 -29 29 -31
leaf_value=-0.027675160130739847 -0.047423112455167338 -0.0034614459537259962 0.023586425030482 -0.024520776689952093 -0.056619042096211152 -8.4093808062538522e-05 0.018017731634579631 0.075442764133822962 0.00089131527357678953 0.076297418221535324 -0.0036269876120563491 -0.059730991251587477 0.011900455236219284 0.0066102732340768914 -0.052983048626991082 0.029111803637575279 -0.014865510540318278 0.036469498335219362 -0.054251480235700825 0.0015234261528224032 -0.0037900067664272371 0.06258109591513733 -0.05704236430664953 -0.0046382353150615056 0.013637268548753693 0.023873988965359569 -0.051879859642119254 0.021372230204914886 0.030526930660997726 -0.013650126357663779
leaf_weight=11.243775889277462 8.0453197434544546 8.8258226513862628 9.2599907219409925 5.0641999170184127 5.3450631797313672 23.926284626126289 4.6100766211748105 4.360998608171939 4.2999445199966431 4.596852645277977 4.0844746157526952 4.3996380269527435 47.785699747502804 11.370539247989656 4.095764033496379 5.6682233586907396 26.132897049188617 5.4606704562902442 3.5650888085365287 4.7041436433792096 111.6271939650178 4.1172847598791122 5.2306656017899504 171.74527870118618 31.033867910504341 26.823339566588402 5.5650583505630484 46.831606149673462 9.8188877403736097 47.767223998904228
leaf_count=72 130 42 44 25 34 112 22 20 25 20 20 22 221 55 24 30 143 27 19 23 556 21 30 813 144 128 28 209 45 229
internal_value=-9.77859e-05 0.000479664 0.00645335 0.0149225 -0.00291538 0.00245068 0.0223616 0.0401891 -0.0309797 0.0471157 -0.00862751 -0.0327211 0.00841049 -0.000939296 -0.0172873 -0.00864245 -0.000268255 -0.0052186 -0.00117784 -0.00283556 -0.00131373 0.0300213 -0.0218996 0.00200042 -0.0018413 0.00725779 -0.0126097 0.00982153 0.00341303 -0.00611759
internal_weight=667.406 659.361 126.559 66.4709 60.0882 50.4431 18.0328 13.621 9.64501 9.20693 32.4104 8.48411 52.8499 532.802 21.0078 16.912 511.794 160.838 129.474 124.014 120.449 8.82143 31.3636 350.956 202.779 148.177 16.9356 131.241 84.4095 57.5861
internal_count=3333 3203 607 310 297 238 84 64 59 42 154 42 246 2596 126 102 2470 819 646 619 600 44 173 1651 957 694 83 611 402 274
is_linear=0
shrinkage=0.05


Tree=38
num_leaves=31
num_cat=0
split_feature=2 3 3 0 3 2 0 3 2 2 3 1 0 1 3 1 1 1 3 3 0 1 3 3 2 3 2 2 2 0
split_gain=6.87201 1.93581 5.91323 4.95458 4.3839 3.78106 3.97051 4.76872 4.20785 3.48612 3.89019 3.52819 3.27198 4.46719 4.32866 4.10036 7.56828 4.20539 6.30529 4.51591 4.21514 3.76426 3.83246 6.56753 3.14508 4.00365 3.58952 3.51404 3.1057 2.90548
threshold=6.785606000581498 0.13840072969701972 0.14285714285132686 25.039018712157532 0.11288840594485838 4.9008961278092942 35.91294972410148 0.10666666666311346 2.6321572203181454 2.1487840173179551 0.041187486229378047 121.20994185674054 63.533876353225367 282.11708969173833 0.37021406824782638 130.60963517657592 132.14855255947001 125.99206396284123 0.21839080459101398 0.25832567570686377 26.334393813745191 111.72378290007761 0.19592809407034539 0.23316520768535359 3.5970408862657597 0.12997234744895142 3.8282753582792135 4.6675088980105315 4.259996149287498 25.260956490555571
decision_type=2 2 2 2 2 2 2 2 2 2 2 2 2 2 2 2 2 2 2 2 2 2 2 2 2 2 2 2 2 2
left_child=1 4 -3 -4 5 6 8 9 -1 -8 11 -11 13 15 21 17 -17 19 -19 -5 -21 -14 -23 -24 -6 26 -26 -28 -27 -18
right_child=-2 2 3 12 24 -7 7 -9 -10 10 -12 -13 14 -15 -16 16 29 18 -20 20 -22 22 23 -25 25 28 27 -29 -30 -31
leaf_value=-0.047598868073593613 -0.046994184360679425 0.046635452984683315 0.073688651747249381 -0.0061189186371893023 -0.040574379644203101 -0.027192551109371795 -0.026819518888756486 0.06032869406288726 -0.001331988440485323 0.062027051545351077 0.0012464359549455703 0.016654569491496605 0.045819209834443389 0.033201730805204901 -0.045926128966064732 -0.072904385852148076 -0.026400418815383297 0.075053034893286241 0.012324355643181019 0.038901035111679673 0.0060671169134004291 -0.04447122353573519 0.058499463108252527 -0.018312999763368181 0.019690965341968378 0.043021795375845544 -0.041599122472751257 0.0099649235988382417 -0.0074105274435423453 0.00035202344662061378
leaf_weight=5.0820554941892615 7.7210417613387099 7.5376070886850348 2.3879450857639304 45.111196458339691 10.589984074234961 12.023164339363573 6.4466485679149619 4.6805837005376807 148.85536648333073 5.6804663687944439 34.173096269369125 17.435555547475815 3.3552277386188569 11.717174492776392 7.9412842839956275 3.7251974195241919 10.692834213376043 5.6830195784568813 13.575540333986281 14.109292685985563 31.817867547273636 6.0915864929556873 3.8602899312973014 9.9695577844977361 4.3162245899438885 5.1512463539838773 15.550854593515398 4.1955278217792502 7.4932435527443886 199.62584826350212
leaf_count=28 130 37 10 215 57 79 38 23 716 25 166 86 16 60 47 18 49 26 62 61 145 34 20 56 21 25 79 21 36 947
internal_value=-9.73045e-05 0.000452257 0.00279426 0.00190031 -0.00268401 0.000118109 0.00159486 0.0116171 -0.00285943 0.0080398 0.0119625 0.0278043 0.00143356 0.00287194 -0.0140505 0.00177625 -0.00225938 0.00960784 0.030835 0.00511737 0.016154 -0.00317546 -0.0114273 0.00312747 -0.0165697 -0.00964435 -0.0216146 -0.0306433 0.0131351 -0.0010081
internal_weight=666.597 658.875 377.201 369.664 281.674 234.377 222.354 68.4164 153.937 63.7358 57.2891 23.116 367.276 336.058 31.2179 324.341 214.044 110.297 19.2586 91.0384 45.9272 23.2767 19.9214 13.8298 47.2971 36.7071 24.0626 19.7464 12.6445 210.319
internal_count=3333 3203 1803 1766 1400 1161 1082 338 744 315 277 111 1756 1583 173 1523 1014 509 88 421 206 126 110 76 239 182 121 100 61 996
is_linear=0
shrinkage=0.05


Tree=39
num_leaves=31
num_cat=0
split_feature=2 4 1 1 1 2 3 4 0 0 0 3 1 4 2 1 2 2 3 3 0 2 0 1 0 0 3 0 0 1
split_gain=6.47232 2.15404 2.98108 4.92729 3.28831 3.28395 2.70233 5.96115 5.87942 7.32197 5.34855 4.53716 4.83346 7.80211 3.67011 3.29045 3.18291 3.09027 2.59167 3.28181 4.41753 2.67514 3.5957 5.79781 4.95791 2.47008 2.7062 2.45923 7.57236 2.38198
threshold=6.785606000581498 -0.094394531511986998 106.07812697835945 108.15903098184076 102.79851636070073 3.8606267928965776 0.079809368096845842 -1.0825435314252021 44.242985382396846 51.202493045150483 25.085545652214424 0.026064311593469471 144.39880165103031 -0.41286414391197718 4.6050335759535308 150.78273621834535 4.2500134529933433 4.2127820863397378 0.3480012894733408 0.2751924308297547 78.412966621658555 3.9489740602823824 58.766054687840828 110.69487408668427 35.281795385482731 25.89492588399089 0.38997956563693575 44.823526708143618 28.21780526644265 145.78108895058824
decision_type=2 2 2 2 2 2 2 2 2 2 2 2 2 2 2 2 2 2 2 2 2 2 2 2 2 2 2 2 2 2
left_child=1 6 4 -4 -3 -6 8 -8 14 -10 -9 -11 13 -13 15 -1 17 18 19 20 21 22 23 24 -12 -20 -27 28 -23 -21
right_child=-2 2 3 -5 5 -7 7 10 9 11 16 12 -14 -15 -16 -17 -18 -19 25 29 -22 27 -24 -25 -26 26 -28 -29 -30 -31
leaf_value=-0.017597396026823003 -0.04656414207677282 0.0033653616677616887 0.04595229902850885 0.002991519109991661 -0.069675536914263744 -0.0083732708731018429 0.057331056565622512 0.068544796385388199 0.060572507294516437 0.026985606823542358 0.046632793409960259 -0.047730246247125518 -0.063509464105521385 0.049442313615648416 0.022044563424559457 -0.048645473190373878 0.0074377428930027514 -0.046528435939121357 0.012914737072414945 0.032087198380552504 0.043553747681320649 -0.0094891595293616331 0.013520072977546191 -0.032711164433186883 -0.029321226044866363 -0.052729759703017534 -0.014425032194006406 -0.0224390475010008 0.04972649665228826 -0.0063410036775908007
leaf_weight=31.322547450661659 7.4106096513569346 9.5651912838220614 6.7990177124738684 363.75374114513397 4.3748504072427732 4.363789439201355 4.4367274641990653 2.7033040523529044 5.2860189825296429 6.9479008764028576 4.9338527917861921 4.2095436677336719 4.7097437605261794 4.0560557618737176 4.3680390268564215 11.728872820734976 58.320599310100079 4.6728134006261817 4.9113157838583019 11.177578508853914 4.3302808552980414 15.797182947397237 8.5579482540488225 30.051529735326767 3.8057908564805984 6.7060836106538799 14.759177416563032 7.2739679440855971 8.201863765716551 6.3084407672286025
leaf_count=157 130 45 29 1706 22 20 20 12 27 36 23 21 31 20 23 67 284 25 22 52 22 81 47 165 20 36 79 37 40 34
internal_value=-9.73494e-05 0.00042563 0.00280679 0.00377978 -0.0168909 -0.0390632 -0.00300911 3.09013e-05 -0.0112528 0.0082583 -0.00128967 -0.00562166 -0.0230819 -4.61884e-05 -0.0216253 -0.0260561 -0.00228427 -0.00659641 -0.00512501 -0.00146204 -0.00561166 -0.00831955 -0.015815 -0.0222868 0.0135576 -0.0190731 -0.026392 0.00302903 0.0107483 0.0182234
internal_weight=665.844 658.434 388.857 370.553 18.3038 8.73864 269.577 196.948 72.6287 25.2093 192.512 19.9232 12.9753 8.2656 47.4195 43.0514 189.808 131.488 126.815 100.438 82.9524 78.6221 47.3491 38.7912 8.73964 26.3766 21.4653 31.273 23.999 17.486
internal_count=3333 3203 1822 1735 87 42 1381 999 382 135 979 108 72 41 247 224 967 683 658 521 435 413 255 208 43 137 115 158 121 86
is_linear=0
shrinkage=0.05


Tree=40
num_leaves=31
num_cat=0
split_feature=2 4 0 2 2 3 0 2 3 2 0 4 2 2 3 3 3 2 2 2 4 4 5 4 3 0 2 3 2 5
split_gain=6.0951 1.97128 3.70058 3.47216 3.23521 3.14549 4.53395 4.3837 3.83956 7.05366 3.96384 3.45327 3.2185 2.71422 2.57929 2.25447 4.9621 2.2089 2.20027 1.92699 2.49885 4.37787 2.01758 3.90083 4.11562 4.26276 4.19298 3.62755 4.5901 3.40327
threshold=6.785606000581498 1.1788855310017248 57.719710043070769 2.5639399706117905 3.2890293647958191 0.1875334941013653 28.280831033754179 3.9171548105149725 0.062007934081179251 4.6675088980105315 36.132036400473531 2.641372599443867 4.8123301028301482 4.3490028230176634 0.13988127490770388 0.24877774021915375 0.33333333331384757 4.220898447504589 2.488750405270491 2.2313089446627652 0.16549558592908822 -0.23478014399985478 1.0000000180025095e-35 0.37438455002856413 0.34328358205109843 28.086103106616196 4.4063233598626796 0.011494376841730042 4.5867547731018563 1.5000000000000002
decision_type=2 2 2 2 2 2 2 2 2 2 2 2 2 2 2 2 2 2 2 2 2 2 2 2 2 2 2 2 2 2
left_child=1 19 4 -4 18 8 7 -7 9 17 11 14 15 -8 -10 -9 -17 -6 -3 20 21 -1 23 27 25 -25 -27 -21 -29 -24
right_child=-2 2 3 -5 5 6 13 12 10 -11 -12 -13 -14 -15 -16 16 -18 -19 -20 22 -22 -23 29 24 -26 26 -28 28 -30 -31
leaf_value=-0.026018985397718075 -0.04613220115867165 0.0090011296954478747 0.01941304490987503 -0.036095225731725571 0.020055120896280854 0.041572930650401511 0.063957822277510998 0.018981542600232621 -0.019094274695802198 -0.034291273611114725 0.025438485091480043 -0.045830671274895728 0.029934524414688801 0.025755810050514451 0.025770222803756002 -0.050349187238968196 0.0089963827088719844 0.062827348020263948 -0.029593031361769065 0.047039936532933063 -0.051669578425549048 0.028038654337533116 -0.0080679564632187249 -0.04219956630948301 0.025671336658112179 0.033129747644805266 -0.031684299381243737 0.0025190713178490452 0.031225607810273892 0.0021986813567727304
leaf_weight=10.89622446894646 7.1135359853506079 6.570453241467475 4.0693269968032828 9.156135253608225 6.0832244455814379 7.7705370783805838 7.0434434711933163 4.5001525133848252 9.7060829699039513 4.1488055586814871 6.6321792751550666 7.6396861821413031 6.1328147798776618 13.680287703871725 4.781874567270278 7.2870749384164792 6.8178098052740097 5.9915098994970322 8.4324440062046033 5.4147786051034918 3.953442007303237 5.7069495692849168 155.06208852678537 12.571611866354948 5.4267618358135215 5.1225671470165235 4.8652949258685112 138.63780578225851 15.480015151202677 168.36386827379465
leaf_count=72 130 37 23 63 26 33 29 20 45 22 30 39 27 62 21 33 29 26 42 27 24 30 771 63 23 24 24 680 71 787
internal_value=-9.78095e-05 0.000399903 0.00601106 -0.019016 0.00893456 0.012238 0.0204635 0.00881262 0.0025041 0.0219534 -0.00846737 -0.0186298 -0.00147789 0.0387397 -0.00428636 -0.0118324 -0.0216636 0.0412788 -0.0126909 -0.000934989 -0.0159446 -0.00743795 -0.000331116 0.00379521 -0.0134226 -0.0228268 0.00155748 0.00681567 0.00540243 -0.00272352
internal_weight=665.059 657.945 126.444 13.2255 113.218 98.2155 53.2321 32.5084 44.9834 16.2235 28.7598 22.1276 24.7379 20.7237 14.488 18.605 14.1049 12.0747 15.0029 531.501 20.5566 16.6032 510.945 187.519 27.9862 22.5595 9.98786 159.533 154.118 323.426
internal_count=3333 3203 607 86 521 442 233 142 209 74 135 105 109 91 66 82 62 52 79 2596 126 102 2470 912 134 111 48 778 751 1558
is_linear=0
shrinkage=0.05


Tree=41
num_leaves=31
num_cat=0
split_feature=2 2 4 2 4 2 2 4 1 1 2 1 2 2 2 1 4 4 5 1 1 1 4 1 1 2 4 2 1 4
split_gain=5.76411 2.77299 2.25756 2.10175 2.96439 2.94101 3.34451 2.73932 2.52435 4.44504 5.1169 3.4073 3.29872 3.02355 2.5675 4.38338 5.14483 7.29305 5.40664 3.07073 4.8618 4.20255 3.53408 7.30411 5.73731 4.81704 3.36841 3.05745 3.04177 4.05884
threshold=5.4877058822079894 5.2642381170337798 5.1193809898612566 4.9008961278092942 1.1788855310017248 3.4505863177561023 2.488750405270491 1.2385574471743122 233.83689043865982 219.66095643683028 4.4616999454736552 211.23592373204849 4.1146255877491873 3.9609168116761926 4.5340595458878594 136.62515807361817 0.31354628891914577 0.12140982654733815 1.5000000000000002 130.60963517657592 132.14855255947001 128.69925456398971 0.094671997567211272 200.10952851813136 185.44639116305586 4.477974596682686 -0.23048438736049967 4.477974596682686 175.85381575340136 0.54006369925731346
decision_type=2 2 2 2 2 2 2 2 2 2 2 2 2 2 2 2 2 2 2 2 2 2 2 2 2 2 2 2 2 2
left_child=1 3 -2 4 8 6 -6 -7 9 11 12 14 -11 -13 19 -16 17 -17 -18 21 -21 27 25 24 28 -22 -23 -1 29 -24
right_child=2 -3 -4 -5 5 7 -8 -9 -10 10 -12 13 -14 -15 15 16 18 -19 -20 20 22 26 23 -25 -26 -27 -28 -29 -30 -31
leaf_value=0.002643601094573528 -0.036969422850310234 0.035726506122927167 0.012747045226195847 -0.015324048511316633 0.012251246842388368 0.049562029378948054 -0.026858368505187087 0.010643782316021753 -0.017830218223423563 0.01853399817589518 -0.016898743942863986 -0.065802664979533798 0.078571872769891665 -0.010460326827515692 -0.012311247071119422 0.018312018933518508 -0.034289515407262126 0.083637989586328509 0.033707171891895191 -0.046892484230278475 -0.0068674169274515993 -0.00057915635459222369 0.011408389957150664 0.059336526281872082 -0.037980022595948515 -0.053763581365015536 0.056890293172875778 -0.039291450359456144 0.031523467470050928 -0.014998101331813167
leaf_weight=168.0050908178091 14.150300152599813 5.5876484289765349 2.7227397598326197 20.697009235620499 10.709633365273477 4.8025717437267295 11.165682271122931 77.239377096295357 20.592473283410072 4.4401601552963239 4.2523630559444419 3.5736652985215169 4.7199473977088928 7.9767694398760796 15.366768568754194 20.417033478617672 7.3896688371896726 5.4031077027320853 4.8369781970977783 6.7896138280630103 137.96990496665239 4.2437007129192352 36.607851907610893 5.6001112163066855 8.7312720715999586 5.702080935239791 6.3874146044254285 4.4619872123002997 9.3658433854579908 24.152889847755432
leaf_count=792 176 26 32 104 60 20 56 344 116 23 20 22 21 39 72 94 34 23 21 35 712 21 167 26 43 29 29 21 43 112
internal_value=-9.65426e-05 0.000655622 -0.0289469 0.000350193 0.000872673 0.00857854 -0.00771123 0.012922 -0.000676251 3.53666e-05 0.028428 -0.0007531 0.0494698 -0.0275831 -9.57454e-05 0.0102268 0.0193297 0.0319821 -0.00738938 -0.00141474 -0.00519809 0.00343938 -0.00395718 0.00415959 0.000241182 -0.00872864 0.0339498 0.00155868 0.005 0.000911595
internal_weight=664.062 647.189 16.873 641.601 620.904 103.917 21.8753 82.0419 516.987 496.394 13.4125 482.982 9.16011 11.5504 471.431 53.4136 38.0468 25.8201 12.2266 418.018 234.92 183.098 228.13 84.458 78.8579 143.672 10.6311 172.467 70.1266 60.7607
internal_count=3333 3125 208 3099 2995 480 116 364 2515 2399 64 2335 44 61 2274 244 172 117 55 2030 1167 863 1132 391 365 741 50 813 322 279
is_linear=0
shrinkage=0.05


Tree=42
num_leaves=31
num_cat=0
split_feature=2 2 4 3 0 3 0 2 0 4 0 1 3 3 4 3 2 1 0 4 0 1 0 4 1 4 4 3 3 4
split_gain=5.53281 1.89928 1.94006 3.2222 4.40719 4.01538 2.70637 4.4289 4.1203 6.67276 3.72322 3.30352 2.7895 2.43879 2.424 2.36003 2.11621 1.89222 3.60397 4.13318 4.00471 2.82836 4.1678 1.8782 1.61379 2.5206 1.62649 2.13308 3.54039 1.91965
threshold=6.785606000581498 0.69538496774920977 1.1788855310017248 0.1875334941013653 25.679528329438291 0.23809523807444857 29.216935488178425 4.8123301028301482 26.280623453276295 1.9839088479941178 42.395527248135615 154.92787885190674 0.36253196929180798 0.1490294886096224 2.210698461805769 0.22025800695807937 4.4645006473524393 151.70476240171033 33.305986075151225 2.419916050869594 27.217718641924879 135.43453142848878 28.547447509942881 -1.0825435314252021 266.87523904007645 0.32606359396463941 1.0775238626472137 0.011494376841730042 0.016538117899450349 -0.2196219484294874
decision_type=2 2 2 2 2 2 2 2 2 2 2 2 2 2 2 2 2 2 2 2 2 2 2 2 2 2 2 2 2 2
left_child=1 -1 23 4 -4 15 7 8 9 -7 11 -8 -10 17 -12 16 -5 21 20 -20 -19 22 -6 -3 26 -26 27 -25 -29 -30
right_child=-2 2 3 5 13 6 10 -9 12 -11 14 -13 -14 -15 -16 -17 -18 18 19 -21 -22 -23 -24 24 25 -27 -28 28 29 -31
leaf_value=-0.034933777869039763 -0.045432278330155867 0.026568331812002296 0.03532588004572524 0.049273998595297158 -0.040764601097614164 -0.028912827233492561 0.070924925682650575 0.034180837016610392 -0.048945589128403362 0.050366534160647902 0.024674007926128061 0.018687749210126663 -0.0037427530532384277 -0.033271208605661594 -0.033091207731482941 0.06803275316871904 0.00086246563324111718 0.0031219660441372927 -0.017654089558586737 0.038659292114071847 -0.051666414693503693 0.042733895329130266 0.020447160044943131 0.016852597581043453 -0.038776757638958138 0.010003597950839766 -0.022561311122269275 -0.035853555500155253 -0.0043746620707382881 0.0021221427078195842
leaf_weight=3.7889061644673339 6.6620152108371249 6.2194974273443213 6.8496299982070914 4.2423298060893995 4.4715097099542636 5.1610122770071083 4.7497541308403042 6.7353670895099631 7.9283697903156263 5.4642343968153 3.3253361061215392 8.3427341282367689 5.9927211850881577 7.7227870076894751 4.0014428980648518 4.4322211742401114 4.8244755640625954 5.7061374187469509 7.2339344322681409 5.9289568886160851 8.0273771882057172 4.823079712688922 7.3548518270254135 17.498663514852524 6.8366264402866346 4.3226175531744957 8.3400006443262082 7.1445082128047934 185.60700315982103 293.48805653303862
leaf_count=28 130 28 31 19 21 22 20 30 37 24 21 36 25 40 24 20 23 27 37 32 42 23 35 89 41 22 39 37 964 1366
internal_value=-9.57825e-05 0.000364237 0.000569118 0.00621715 -0.00234337 0.0138479 0.00750754 -0.00173496 -0.01159 0.0118581 0.0216668 0.0376386 -0.0294868 -0.00737608 -0.00687385 0.0381312 0.0235141 -0.00278362 -0.010984 0.00771113 -0.0289024 0.0104637 -0.00269681 -0.000746392 -0.00107107 -0.0198813 -0.000661156 -0.000298573 -0.000915805 -0.000394795
internal_weight=663.226 656.564 652.775 123.318 58.1183 65.2 51.701 31.2817 24.5463 10.6252 20.4193 13.0925 13.9211 51.2686 7.32678 13.499 9.06681 43.5458 26.8964 13.1629 13.7335 16.6494 11.8264 529.457 523.237 11.1592 512.078 503.738 486.24 479.095
internal_count=3333 3203 3175 589 288 301 239 138 108 46 101 56 62 257 45 62 42 217 138 69 69 79 56 2586 2558 63 2495 2456 2367 2330
is_linear=0
shrinkage=0.05


Tree=43
num_leaves=31
num_cat=0
split_feature=2 2 4 3 4 2 1 1 5 2 1 2 3 1 4 3 2 3 4 1 2 1 4 2 2 3 3 2 2 3
split_gain=5.20886 1.75382 1.78141 2.72101 3.53022 2.23845 2.12851 2.61858 2.08559 3.25174 6.3063 3.78897 3.62992 3.488 4.19859 3.83247 3.04555 3.01532 3.27186 5.50742 4.46511 4.36093 4.97305 3.66461 3.36291 3.13207 5.74382 3.64105 3.19888 3.02952
threshold=6.785606000581498 0.69538496774920977 0.80891991744776559 0.50410270860908046 2.419916050869594 1.1562723652743909 108.15903098184076 111.28156457047199 1.0000000180025095e-35 4.0855063657251689 105.38805276676926 4.1446275781141226 0.16406970534893947 160.83390205944258 0.24422866547770797 0.21839080459101398 1.9033956943267425 0.011494376841730042 0.29823349223901663 203.69234013607721 4.579271097747414 205.75107587233413 0.21687192368005451 4.0485785635984035 4.6277090873422457 0.14799469610700899 0.19843409647713503 4.201035632199309 3.5839245241434026 0.11734466388392822
decision_type=2 2 2 2 2 2 2 2 2 2 2 2 2 2 2 2 2 2 2 2 2 2 2 2 2 2 2 2 2 2
left_child=1 -1 8 5 -5 -4 -7 -8 17 10 -10 12 -11 16 15 -15 -12 -3 20 23 21 22 25 -20 -22 -19 28 -28 -27 -26
right_child=-2 2 3 4 -6 6 7 -9 9 11 13 -13 -14 14 -16 -17 -18 18 19 -21 24 -23 -24 -25 29 26 27 -29 -30 -31
leaf_value=-0.033960933610479388 -0.044991953299577198 0.035643962392821443 0.049879188583780279 0.061430757673469796 0.0012519008317190112 0.030728173986920428 -0.075285511706072297 0.0019782597180215936 -0.033919530824071786 -0.011339158772335191 -0.027112138839961331 -0.0059903957630339545 -0.061949449162316289 -0.034731107423581091 0.020166802236918021 0.0039386084179585616 0.011728021978111847 -0.0061983897536538159 -0.0017122188451582127 0.025754701854570735 0.069534415353079623 -0.029356228850166751 0.056834645595849755 -0.048709438423587506 -0.019833094299480103 0.0020351498759606178 -0.0060926300565074783 0.021919242540583701 0.054290425664190622 0.034541500858978252
leaf_weight=3.7047382295131674 6.3975689746439448 6.9066877141594878 2.5535253584384909 4.7762696444988233 4.9757704436779022 6.4578457474708548 1.1053102910518635 139.39958439767361 11.355577379465101 8.3586588427424413 5.3310934603214255 144.93916384130716 6.1493788659572592 15.489955969154837 9.4048864841461164 10.927346482872961 94.749760150909424 57.169887281954288 6.9265773743391099 5.9991602748632422 4.0013753622770301 10.415234200656412 4.3487299829721442 10.339465126395224 3.8534774109721166 4.2065596580505362 38.326882526278496 16.635958284139633 9.6411763951182348 7.6413926631212234
leaf_count=28 130 35 14 21 23 29 5 665 59 42 32 705 31 89 44 59 439 286 34 29 18 61 19 49 20 22 190 76 46 33
internal_value=-9.40048e-05 0.000343797 0.000538604 0.00513598 0.0307258 0.00346692 0.00266049 0.00137045 -0.000946266 -0.00348131 0.00187585 -0.00842896 -0.0327908 0.00486679 -0.00852204 -0.0187356 0.00965909 0.00322466 0.00197729 -0.015516 0.00458215 0.00177745 0.00426549 -0.0298557 0.0300558 0.00245085 0.0096369 0.0023859 0.0384167 0.0163133
internal_weight=662.489 656.091 652.387 159.268 9.75204 149.516 146.963 140.505 493.118 306.706 147.259 159.447 14.508 135.903 35.8222 26.4173 100.081 186.413 179.506 23.2652 156.241 140.744 130.329 17.266 15.4962 125.98 68.8106 54.9628 13.8477 11.4949
internal_count=3333 3203 3175 757 44 713 699 670 2418 1500 722 778 73 663 192 148 471 918 883 112 771 700 639 83 71 620 334 266 68 53
is_linear=0
shrinkage=0.05


Tree=44
num_leaves=31
num_cat=0
split_feature=2 2 4 3 4 2 2 3 4 3 2 2 2 1 5 4 1 2 5 2 1 1 2 2 2 2 4 4 2 2
split_gain=4.90276 1.61892 1.60766 2.44819 3.16265 1.9639 1.9447 4.06422 3.61829 4.44793 3.01465 2.39948 2.94478 5.91434 5.7731 3.68115 3.48568 2.20896 1.88305 2.94473 5.81507 3.78397 3.53871 3.09779 3.5608 3.17856 3.02737 2.96907 2.70331 3.55326
threshold=6.785606000581498 0.69538496774920977 0.80891991744776559 0.50410270860908046 2.419916050869594 1.1562723652743909 3.7698115389207048 0.079809368096845842 1.9839088479941178 0.1875334941013653 3.8882914278661178 3.9545920236892846 4.3060007634785089 160.83390205944258 1.5000000000000002 1.308932603651894 111.28156457047199 2.830792316876495 1.0000000180025095e-35 4.0855063657251689 107.64075709694738 114.42040196880701 4.1026357309750816 1.9033956943267425 2.308270814965018 2.6710465636629137 -0.76792881565592552 -0.17639925293316916 2.6710465636629137 2.7933010361245523
decision_type=2 2 2 2 2 2 2 2 2 2 2 2 2 2 2 2 2 2 2 2 2 2 2 2 2 2 2 2 2 2
left_child=1 -1 18 5 -5 -4 7 -7 17 -10 -8 -12 13 14 -13 -15 -14 -9 28 20 -20 27 -21 -23 -25 -26 -24 -22 -3 -30
right_child=-2 2 3 4 -6 6 10 8 9 -11 11 12 16 15 -16 -17 -18 -19 19 22 21 23 26 24 25 -27 -28 -29 29 -31
leaf_value=-0.033004793454527802 -0.044547269539562465 -0.018096606199119156 0.046237076162774428 0.058077226360718062 0.0011890168366007305 0.023009832470793593 0.034074692780308967 -0.0063362564476266278 -0.042864206448993102 0.021597962789389472 -0.033682783838273882 -0.04530671398935221 0.066187520236728081 0.076760252621045896 0.023808712306331966 0.019386789120841769 -0.0015951875599382827 -0.051869270217446965 -0.025247257734051166 -0.056222853961325196 0.0075636140969666758 -0.034940639118400667 0.028332399101738043 0.049592568974355954 -0.04391183570502593 0.0039475485167471515 -0.0082661517150257584 0.051285705475772117 0.058286095086195158 0.0038087436138977727
leaf_weight=3.6235516220331183 6.1447804048657408 13.97054650634527 2.6152651309967032 4.7988316565752012 4.9769474416971207 7.8631459921598426 8.5893491953611356 3.8985531181097057 3.9402751326560965 8.3402268886566144 4.2167858630418769 4.9618428647518176 1.9452325701713551 5.3218997865915281 7.7255066484212875 5.8899517506361008 75.957821350544691 8.4089673310518247 17.532230168581009 3.720900446176528 8.0827391594648343 5.3291406631469718 5.8726166635751715 4.1383287459611884 3.5926244109868994 101.031822219491 149.31732926517725 7.4728593677282324 3.0470309406518927 169.40069650113583
leaf_count=28 130 77 14 21 23 37 38 20 21 39 19 24 8 23 33 27 371 39 89 19 39 35 28 21 18 487 731 33 15 826
internal_value=-9.32438e-05 0.000323424 0.00050866 0.00487232 0.0291149 0.00328896 0.00252518 -0.00828027 -0.0182867 0.000914877 0.00558473 0.00327656 0.00480746 0.0201608 -0.00322135 0.0466201 9.73408e-05 -0.0374461 -0.000904084 -0.00331684 0.00177906 0.00543382 -0.00803654 0.00227971 0.00410342 0.00230414 -0.00688121 0.0285676 0.00305755 0.00477132
internal_weight=661.728 655.583 651.959 159.451 9.77578 149.675 147.06 32.4512 24.588 12.2805 114.608 106.019 101.802 23.8992 12.6873 11.2119 77.9031 12.3075 492.509 306.091 147.18 129.648 158.911 114.092 108.763 104.624 155.19 15.5556 186.418 172.448
internal_count=3333 3203 3175 757 44 713 699 156 119 60 543 505 486 107 57 50 379 59 2418 1500 722 633 778 561 526 505 759 72 918 841
is_linear=0
shrinkage=0.05


Tree=45
num_leaves=31
num_cat=0
split_feature=1 3 1 4 4 4 1 1 1 0 3 3 4 4 0 3 4 4 0 4 4 0 1 3 0 0 3 0 3 1
split_gain=2.48283 3.91984 1.92552 2.00075 1.83702 3.57098 2.18483 10.8924 4.05492 4.06578 5.63246 6.32958 3.02891 4.91584 5.38901 4.52499 4.16364 6.04358 5.06894 3.6077 4.03837 4.66434 3.74245 3.5467 2.73603 2.72892 2.60614 10.8637 5.06508 4.7661
threshold=348.05519347003099 0.45172331129759241 309.60199633185249 5.5034844000069461 3.6444837612088317 4.1673564594087358 130.60963517657592 132.14855255947001 126.82926493407199 26.348123628480678 0.21839080459101398 0.13152652547008956 0.094671997567211272 0.33966027037356689 25.842430527409711 0.28646080253495004 0.80891991744776559 0.54006369925731346 25.607266419431074 2.7709547501131695 2.2649386210786568 27.308627748143177 164.36445126393099 0.1490294886096224 26.182353720412312 25.586046005638433 0.28646080253495004 55.689282672125081 0.32178910543628253 119.47015396442826
decision_type=2 2 2 2 2 2 2 2 2 2 2 2 2 2 2 2 2 2 2 2 2 2 2 2 2 2 2 2 2 2
left_child=2 -2 3 4 6 -6 8 -8 26 -10 11 -11 -9 15 16 25 17 -15 23 20 24 -22 -21 -18 -16 -14 29 28 -28 -1
right_child=1 -3 -4 -5 5 -7 7 12 9 10 -12 -13 13 14 19 -17 18 -19 -20 22 21 -23 -24 -25 -26 -27 27 -29 -30 -31
leaf_value=0.0036400981315133901 -0.034591703518790061 0.049015068882810542 0.026977436503777919 -0.029181339751288279 0.04488912887973015 -0.0029899087069729692 -0.054204703090350873 -0.005524329427238418 -0.0091254831785982562 0.023540595737292488 0.0005734068521677058 0.097249399007637086 -0.0074736949629543616 0.033075362270319736 -0.033191998016908857 -0.015900000379486395 0.050266942674899645 -0.036855837239018002 0.075660477988020669 0.011872875167393333 0.072862742617302301 0.0053426001139683012 -0.052319298572850614 -0.0036183548310115745 -0.003655125734801356 0.03136846431912451 0.060161766192294852 -0.050667660967375794 0.01328770348542028 -0.016592068573301692
leaf_weight=109.42723169177771 10.055576361715792 1.6290468387305725 6.7037502937018862 5.8044245801866046 6.6934017241001156 9.3126688450574857 9.8615701198577863 190.70977269858122 7.5371774137020138 6.6756665110588091 7.6120440512895575 5.1668449491262436 5.3052930831909171 5.7896638512611407 8.5390925258398038 8.0221775621175748 4.9145874977111843 6.6246083378791809 5.0894333571195594 3.2479639351367933 3.4947494715452185 9.5401278734207136 7.5450942628085613 8.0646573752164823 95.802522007375956 30.624383792281151 7.2242791503667823 5.8628326877951613 28.495127573609352 39.657607689499855
leaf_count=518 142 14 39 32 31 45 51 997 35 32 36 23 25 26 40 36 22 31 22 15 15 50 41 35 459 138 31 32 128 192
internal_value=-9.18819e-05 -0.0229354 0.000319173 4.10875e-05 0.000307433 0.0170321 -0.000123755 -0.00230313 0.00391316 0.0220514 0.0341301 0.0556995 -0.0010018 0.00325522 -0.000844083 0.0180524 0.0180517 -0.00424191 0.0333688 -0.00533812 -0.00279437 0.0234453 -0.0330019 0.0167853 -0.00607236 0.0256331 0.00134543 0.0124141 0.022768 -0.0017418
internal_weight=661.033 11.6846 649.349 642.645 636.841 16.0061 620.835 403.176 217.659 26.9917 19.4546 11.8425 393.314 202.604 158.653 43.9519 30.483 12.4143 18.0687 128.17 117.376 13.0349 10.7931 12.9792 104.342 35.9297 190.667 41.5822 35.7194 149.085
internal_count=3333 156 3177 3138 3106 76 3030 2003 1027 126 91 55 1952 955 756 199 136 57 79 620 564 65 56 57 499 163 901 191 159 710
is_linear=0
shrinkage=0.05


Tree=46
num_leaves=31
num_cat=0
split_feature=2 2 4 3 2 4 1 1 2 1 2 2 4 2 4 3 4 4 3 1 2 3 2 3 3 2 2 4 2 2
split_gain=4.54768 2.42914 2.27822 7.53439 1.9017 2.06971 2.35211 3.58703 4.25642 3.08019 2.88767 2.34421 2.27914 2.22133 2.36214 2.97588 2.23826 2.0931 3.48486 2.41284 2.05135 2.20345 2.18453 2.56777 4.61118 1.93144 2.29925 3.32903 1.9046 3.19341
threshold=5.4877058822079894 5.2642381170337798 3.3819052973577963 0.31783804223313689 4.9008961278092942 1.2067170955782769 233.83689043865982 219.66095643683028 4.4616999454736552 211.23592373204849 3.9609168116761926 4.1146255877491873 4.1673564594087358 4.5936335953376934 0.83011460367075529 0.041187486229378047 -1.0825435314252021 0.12140982654733815 0.21375428697262697 137.12143858775065 3.6122429882190361 0.50410270860908046 3.8882914278661178 0.059190077086718577 0.030824045312594636 4.5643330478304573 4.4616999454736552 0.1566947249437092 4.5709808876596005 4.5340595458878594
decision_type=2 2 2 2 2 2 2 2 2 2 2 2 2 2 2 2 2 2 2 2 2 2 2 2 2 2 2 2 2 2
left_child=1 4 -2 -4 5 6 7 9 11 13 -11 -9 20 16 15 -15 -1 19 -19 -17 -7 22 -22 24 -24 26 27 -8 29 -18
right_child=2 -3 3 -5 -6 12 25 8 -10 10 -12 -13 -14 14 -16 17 28 18 -20 -21 21 -23 23 -25 -26 -27 -28 -29 -30 -31
leaf_value=0.030956571156356708 -0.039610252287792636 0.033326756054784634 -0.042215771090938076 0.089415607580699441 -0.014709552242427114 -0.003667577289474009 -0.038883450599660654 0.017699950934796496 -0.016273242189680386 -0.064764843371510658 -0.0097363821557393138 0.067603941750402644 -0.012800244203920456 0.049726391025023881 -0.022850546407139804 -0.034839945172002638 -0.0015857424857314473 0.0018778279474475261 0.057774217101359826 0.008909701117412655 0.034467494085924637 0.045551734995799571 -0.0032908357057437189 0.0028252858034252745 0.066342331363474338 -0.046760678187691779 0.026362730887936971 0.014363286009669615 -0.028274850526071055 0.028739672856637189
leaf_weight=5.4256874471902838 10.745937597006558 5.6053889766335478 3.2710718363523474 1.6282171905040739 20.513801276683807 20.702274344861507 7.9351115524768883 4.4497388750314695 4.2273164838552466 3.4115416407585126 7.9154737144708633 4.994665339589119 12.365946859121321 5.4736933857202521 4.4367914050817481 4.0921501964330735 412.11931113153696 6.3702297657728177 4.9591817706823349 13.710293248295782 9.0323595702648145 5.2108460515737525 4.7635687589645368 44.239888578653336 4.7464427947998047 4.3331376910209647 3.5520336776971808 4.6588989123702049 6.4738046526908866 8.8680337965488416
leaf_count=24 144 26 47 17 104 104 54 23 20 22 39 22 63 25 20 20 2011 29 21 62 39 22 23 197 20 22 17 25 31 40
internal_value=-9.13069e-05 0.00055519 -0.0267271 0.00153026 0.000267705 0.000764482 -0.000513847 0.000170525 0.0254267 -0.000543994 -0.0263102 0.0440916 0.00730918 7.44336e-05 0.0114968 0.0159005 -0.00095576 0.00954486 0.0263451 -0.00114679 0.0101128 0.0143087 0.0117155 0.00789219 0.031463 -0.0171201 -0.00916547 -0.0191859 -0.00136082 -0.000946942
internal_weight=660.233 644.588 15.6452 4.89929 638.982 618.468 517.407 496.928 13.6717 483.256 11.327 9.4444 101.061 471.929 39.0423 34.6055 432.887 29.1319 11.3294 17.8024 88.6954 67.9931 62.7823 53.7499 9.51001 20.4792 16.146 12.594 427.461 420.987
internal_count=3333 3125 208 64 3099 2995 2527 2409 65 2344 61 45 468 2283 177 157 2106 132 50 82 405 301 279 240 43 118 96 79 2082 2051
is_linear=0
shrinkage=0.05


Tree=47
num_leaves=31
num_cat=0
split_feature=2 2 3 3 4 1 0 4 3 2 0 3 2 0 0 0 3 4 0 1 0 1 0 4 4 0 2 4 2 0
split_gain=4.32482 1.42766 1.44289 6.79833 5.81639 3.27101 2.98365 4.13475 5.32941 4.95551 3.69534 5.74089 3.80413 3.74626 3.55893 4.95332 3.23296 4.24287 3.05331 7.95965 4.78662 4.19775 6.50617 2.89076 4.59386 3.17031 2.79073 2.72457 2.69552 2.64465
threshold=6.785606000581498 0.69538496774920977 0.12997234744895142 0.11428571428026794 -1.0825435314252021 282.11708969173833 35.91294972410148 0.094671997567211272 0.078947368413249577 4.5486625718968687 27.653348353481409 0.020857501932886022 4.0958289871167848 26.00329428752482 30.754003821705243 26.572415629628477 0.10666666666311346 -0.70339585733826304 28.049218760590069 125.99206396284123 30.353033874869507 132.84770716647373 26.280623453276295 0.06396604648458469 0.29823349223901663 27.411530479857735 4.2565441951732703 0.99819292736744314 4.092824176313246 31.722622867669621
decision_type=2 2 2 2 2 2 2 2 2 2 2 2 2 2 2 2 2 2 2 2 2 2 2 2 2 2 2 2 2 2
left_child=1 -1 3 6 -4 -6 7 8 10 18 11 12 -3 -13 15 -10 17 -8 21 -20 -21 -9 -23 25 -25 -5 -15 -7 -24 -12
right_child=-2 2 4 23 5 27 16 9 14 -11 29 13 -14 26 -16 -17 -18 -19 19 20 -22 22 28 24 -26 -27 -28 -29 -30 -31
leaf_value=-0.031597959880707564 -0.043634470107559484 -0.0095057721246644897 0.061058097306259489 -0.011643205248412782 0.0009196235135818737 -0.007095191547120596 -0.068248400135572457 -0.019423683886720486 -0.00066272137486946838 -0.019427210770955571 -0.051871149339358852 -0.043563494882772745 0.052823041795150329 -0.022770018400702054 -0.024850552607519644 0.052378342172753882 0.045051271857730002 0.0077408413174694674 0.076509752518319291 0.038848329810673189 -0.017087946739790468 0.034690295005870606 0.011940095269960534 0.033264542811624442 -0.027711766970600821 -0.065935437027059535 0.026651206951539427 0.043569855054040402 -0.035871076313101033 -0.013277715320332574
leaf_weight=3.4919793456792823 5.6532318405807009 4.9057141244411451 4.1793978065252295 4.3559073656797427 372.15592799335718 3.9119207039475432 1.8888531252741803 13.830592125654219 12.691488862037664 17.038396939635277 12.427140198647978 12.030979797244074 4.8864623308181763 7.614988371729849 6.5642193630337706 6.7386967986822119 5.6336380541324607 66.842198494821787 5.7715698629617718 6.8727432638406745 8.6232697367668134 16.323421418666843 5.4431663602590543 4.128287851810458 12.267690137028692 7.0257540047168732 4.571193739771843 8.2487743906676751 6.430903896689415 6.9056614488363257
leaf_count=28 130 25 18 23 1780 21 11 66 63 85 67 63 25 41 34 33 28 345 25 31 40 75 25 19 61 41 22 43 30 35
internal_value=-8.97044e-05 0.000286815 0.000458027 -0.00241093 0.00239146 0.00175346 0.000364836 -0.00348794 -0.0115844 0.00450799 -0.0206308 -0.0107086 0.0215974 -0.0237715 0.00697944 0.0177328 0.00863725 0.00565252 0.010951 0.0263886 0.00772074 0.00313913 0.014206 -0.0257976 -0.0123587 -0.0451571 -0.00423148 0.0272716 -0.0139541 -0.0380856
internal_weight=659.454 653.801 650.309 261.813 388.496 384.317 234.035 159.671 79.3365 80.3341 53.3421 34.0093 9.79218 24.2172 25.9944 19.4302 74.3647 68.7311 63.2957 21.2676 15.496 42.0281 28.1975 27.7776 16.396 11.3817 12.1862 12.1607 11.8741 19.3328
internal_count=3333 3203 3175 1313 1862 1844 1169 785 408 377 278 176 50 126 130 96 384 356 292 96 71 196 130 144 80 64 63 64 55 102
is_linear=0
shrinkage=0.05


Tree=48
num_leaves=31
num_cat=0
split_feature=2 2 4 3 2 3 3 4 2 2 4 3 4 3 4 4 4 5 1 1 3 1 2 2 2 2 2 2 4 2
split_gain=4.09517 2.19321 2.16053 6.51408 1.72186 1.84729 1.84199 1.79725 2.21806 3.67135 2.33535 2.00374 1.99476 2.38011 2.16894 2.6906 4.20976 1.85529 1.83548 3.57537 3.01941 2.82138 2.74535 2.00845 2.19225 2.92765 1.90739 2.55041 3.36797 1.88673
threshold=5.4877058822079894 5.2642381170337798 3.3819052973577963 0.31783804223313689 4.9008961278092942 0.19122909211265496 0.28421052630532101 1.1788855310017248 3.2890293647958191 2.488750405270491 1.2385574471743122 0.11999999999499941 1.308932603651894 0.50410270860908046 4.1673564594087358 3.2631092981699656 2.7709547501131695 1.5000000000000002 233.83689043865982 219.66095643683028 0.20117785425839674 211.23592373204849 3.9609168116761926 4.5936335953376934 4.8123301028301482 4.7186384224662632 4.5643330478304573 4.4616999454736552 0.1566947249437092 4.0392170876305942
decision_type=2 2 2 2 2 2 2 2 2 2 2 2 2 2 2 2 2 2 2 2 2 2 2 2 2 2 2 2 2 2
left_child=1 4 -2 -4 7 -6 -7 18 9 11 -10 -9 -12 14 15 16 -14 -11 19 21 -21 23 -23 29 25 -25 27 28 -20 -1
right_child=2 -3 3 -5 5 6 -8 8 10 17 12 -13 13 -15 -16 -17 -18 -19 26 20 -22 22 -24 24 -26 -27 -28 -29 -30 -31
leaf_value=0.0024038099916604129 -0.038700488538743111 0.031534180343488968 -0.041231073131969616 0.08020229313091172 -0.031601035690086175 0.021380954613151655 -0.018571303408050042 -0.016046504291555904 0.044150251569744073 -0.055055228512428105 -0.022485715188797471 0.028558525718965479 0.011730479364190432 0.041892207889059618 -0.019168498507111248 0.034695808553293128 -0.03011479556297858 -0.01008744068478187 -0.037916133396619991 0.0010902328022660459 0.048338084928565277 -0.063900023558715907 -0.0094775363592540761 0.0072795709454508877 -0.018711844828824941 0.041965529959427032 -0.045186352871271339 0.031188013090801693 0.016397261319315126 -0.0042135087937086296
leaf_weight=209.70122536271811 10.320805534720419 5.6484563946723929 3.1144235506653777 1.7111502289772031 8.6432396471500414 5.1185585856437665 6.6113911718130112 4.0575578063726443 4.7980638742446891 4.3702764660119993 4.9562245756387702 6.6345662474632263 45.019214987754822 5.5108153820037833 6.7523310631513587 9.8089680969715101 6.9364990293979636 4.8275226056575775 7.7538778483867663 6.5611760020256025 6.977277010679245 3.2787820324301702 7.9022415429353714 24.710408106446266 5.3459994792938224 8.0703176110982877 4.2301493883132926 3.3694914579391471 4.5170179605484009 221.4915978461504
leaf_count=1030 144 26 47 17 49 24 31 24 20 24 22 36 198 24 32 43 33 24 54 32 32 22 39 112 25 36 22 16 24 1071
internal_value=-8.98102e-05 0.000514961 -0.0257879 0.00182924 0.000240317 -0.0140615 -0.00113747 0.000712115 0.00671748 -0.00829265 0.0102809 0.0116313 0.00822343 0.0102794 0.00773682 0.0106782 0.0061438 -0.0314536 -0.000499361 9.99138e-05 0.0254402 -0.000614068 -0.0254367 -2.26969e-05 0.0109772 0.0158189 -0.0153991 -0.0073427 -0.0179229 -0.00099532
internal_weight=658.75 643.603 15.1464 4.82557 637.955 20.3732 11.7299 617.582 103.672 19.8899 83.7821 10.6921 78.9841 74.0278 68.517 61.7647 51.9557 9.1978 513.91 494.039 13.5385 480.501 11.181 469.32 38.1267 32.7807 19.8705 15.6404 12.2709 431.193
internal_count=3333 3125 208 64 3099 104 55 2995 480 108 372 60 352 330 306 274 231 48 2515 2399 64 2335 61 2274 173 148 116 94 78 2101
is_linear=0
shrinkage=0.05


Tree=49
num_leaves=31
num_cat=0
split_feature=2 1 1 4 1 4 3 2 4 1 0 3 3 0 0 1 3 1 4 2 3 1 1 3 0 1 1 0 1 1
split_gain=3.91972 1.2344 10.6604 3.62993 3.49816 3.41183 6.34118 4.51613 3.92664 3.88104 3.29259 4.39301 6.10344 3.24831 4.00054 3.25271 3.67939 3.43348 5.61536 2.94661 3.56226 2.63374 2.51411 2.47431 7.6789 3.61879 3.89502 4.48081 4.5915 4.52422
threshold=6.785606000581498 130.60963517657592 132.14855255947001 0.094671997567211272 126.82926493407199 0.29823349223901663 0.28646080253495004 4.3316458426123727 0.24422866547770797 191.0854864984118 26.348123628480678 0.21839080459101398 0.13152652547008956 25.842430527409711 25.569784730419869 260.36953973681062 0.18956442829899303 147.36506323641046 2.5488244864361076 4.5266082121417872 0.11087914635976456 148.69230598845215 160.83390205944258 0.25637414227139416 55.689282672125081 119.47015396442826 118.66070496806546 30.353033874869507 114.82084218769312 115.28738806058369
decision_type=2 2 2 2 2 2 2 2 2 2 2 2 2 2 2 2 2 2 2 2 2 2 2 2 2 2 2 2 2 2
left_child=1 4 -3 -4 23 6 7 8 -5 -9 -6 12 -12 14 19 17 -17 18 -15 20 -7 -19 -22 25 -25 26 27 28 -1 -29
right_child=-2 2 3 5 10 13 -8 9 -10 -11 11 -13 -14 15 -16 16 -18 21 -20 -21 22 -23 -24 24 -26 -27 -28 29 -30 -31
leaf_value=-0.0020330468438053959 -0.042901201129229211 -0.052948347251083161 -0.0052041973820197221 -0.0042589119324224168 -0.0084649486066528667 0.046083390354862405 -0.026144637203360369 0.06499036829608669 0.049685363834516313 0.0095966609842203787 0.018442024505373238 0.0013983202808346233 0.089393973676577032 0.00067600262211171369 0.039628497212840716 -0.0044648547336810758 0.03972509024768911 -0.055386556339113428 0.059746766421223022 -0.033620133130482885 -0.023509427465327488 -0.0067446901592093239 0.02112631813676551 0.01694927915782515 -0.039232655955447039 -0.016224560858745223 0.047580327611056988 0.0039909186561457276 -0.037809736009664432 0.044537702611249758
leaf_weight=40.760994106531143 5.3031282760202876 9.7637149170041067 190.82244604453444 12.954420916736128 7.4958861172199276 5.4097142666578355 6.8295835405588141 9.979118734598158 4.5611848086118689 4.6287259608507147 7.0446636900305766 7.9884997010231009 5.3199285268783569 20.264954499900345 11.357251748442648 9.3209048211574572 9.5233468785881978 2.85430984199047 5.0197844356298438 4.3725353032350531 6.6683087795972806 111.17795686423779 5.9871879070997238 48.208730667829514 6.9600722119212142 36.280749142169952 4.5119875520467749 36.622930429875851 11.497608244419096 8.4710374325513822
leaf_count=194 130 52 1008 62 35 24 31 42 20 21 34 38 23 95 50 55 49 14 23 20 30 535 27 215 38 178 21 175 55 39
internal_value=-8.83246e-05 0.000259548 -0.00129721 -0.000101414 0.00329684 0.0041155 0.0176074 0.0269093 0.00978855 0.047438 0.0198645 0.030298 0.0489695 0.00137764 0.0154485 -0.00162895 0.0178675 -0.00426607 0.0124033 0.00320941 0.0121237 -0.00796223 -0.00239271 0.000910088 0.00986139 -0.00266465 0.00216494 6.0082e-05 -0.00990441 0.0116078
internal_weight=657.962 652.659 431.495 421.732 221.163 230.909 38.953 32.1235 17.5156 14.6078 27.849 20.3531 12.3646 191.956 33.795 158.161 18.8443 139.317 25.2847 22.4377 18.0652 114.032 12.6555 193.314 55.1688 138.145 101.865 97.3526 52.2586 45.094
internal_count=3333 3203 2158 2106 1045 1098 176 145 82 63 130 95 57 922 151 771 104 667 118 101 81 549 57 915 253 662 484 463 249 214
is_linear=0
shrinkage=0.05


Tree=50
num_leaves=31
num_cat=0
split_feature=2 4 4 5 1 4 4 4 3 2 1 2 2 2 4 1 2 3 3 4 1 3 2 2 2 3 1 3 3 1
split_gain=3.68517 1.22077 1.47298 2.80073 4.989 4.08977 4.4203 3.43886 3.3546 3.10397 3.28523 3.17098 2.85178 4.89864 4.35263 3.46706 3.31616 2.83525 4.78168 3.00389 2.80698 2.3412 2.43587 3.5591 3.23312 2.22935 3.52194 1.92772 4.63419 4.6972
threshold=6.785606000581498 -1.0825435314252021 -0.2196219484294874 1.0000000180025095e-35 123.40680812652273 -0.32898600900763753 -0.35129745159053022 -0.54280343073795789 0.022514150543423421 4.2863847878712358 162.36755337317655 4.4243889189098793 4.2917440240118685 4.4707655336209191 -0.53565071648673068 105.69121618569851 4.1743573186920839 0.055156457713977668 0.10953904608762896 -0.35634019177429227 148.96678304938683 0.10666666666311346 4.3441608775835174 4.0729861702091803 3.9320585116610536 0.33333333331384757 191.0854864984118 0.24999999999214362 0.15335378322382667 134.80662879155133
decision_type=2 2 2 2 2 2 2 2 2 2 2 2 2 2 2 2 2 2 2 2 2 2 2 2 2 2 2 2 2 2
left_child=1 -1 3 4 7 6 12 -3 -6 -10 11 -11 15 20 -15 -5 25 -9 -19 -20 -14 -7 23 24 -23 26 27 28 29 -17
right_child=-2 2 -4 5 8 21 -8 17 9 10 -12 -13 13 14 -16 16 -18 18 19 -21 -22 22 -24 -25 -26 -27 -28 -29 -30 -31
leaf_value=0.022104736365123293 -0.042427196034774295 -0.009025018566321652 0.0016084103735815815 -0.048719013481647894 0.031930368737431374 -0.045819142843194639 0.044111302857806796 0.063508431217520048 -0.018393676913015213 0.022410420625804141 0.036023511405927827 -0.03578468650893582 0.05048301468302973 0.023475578926655055 -0.053467412709660704 -0.006365022883017199 -0.041889497972099239 -0.019336357064503411 0.014540650316024452 0.059863321663741399 -0.0011323834429360392 -0.028349310471656949 0.020194800325487712 -0.056032376972811021 0.028543539203712921 -0.032612628797662711 -0.045836441825172117 0.032080939433731623 -0.025132725621431019 0.047418174422339497
leaf_weight=6.3239840418100348 5.0994365252554408 8.6500039100646955 449.26368891447783 5.7237858623266211 5.2337809950113288 9.2199194133281726 4.6726166754961005 4.4961825758218792 35.141130276024342 4.1559130698442441 6.3717643022537223 5.3594378530979156 7.1453739404678362 3.2070029526948929 4.3058664985001078 9.095379859209066 6.1299014389514914 5.6808845028281238 8.2526169866323489 6.5634908378124193 4.1719479411840439 6.6119012907147461 3.8807110339403144 5.6306443810462943 4.0126501321792603 5.3611450567841521 3.4905838035047045 6.2082372307777396 10.304493457078932 7.3323423191905013
leaf_count=28 130 42 2133 32 26 51 23 20 202 20 32 26 33 18 28 44 35 28 39 30 21 39 20 33 20 28 28 30 54 40
internal_value=-8.7659e-05 0.000243489 2.93714e-05 -0.00358249 0.00291604 -0.00906819 -0.00302428 0.0181476 -0.00619201 -0.0101021 0.00823833 -0.0103675 -0.00606316 0.0106775 -0.0206229 -0.0119393 -0.00754632 0.0275519 0.0196645 0.0346185 0.0314558 -0.0249519 -0.0153972 -0.0238943 -0.00686218 -0.00250901 0.001921 0.00698169 0.00115269 0.0176405
internal_weight=657.097 651.997 645.673 196.41 89.9052 106.505 77.1487 33.6432 56.262 51.0282 15.8871 9.51535 72.4761 18.8302 7.51287 53.6459 47.9221 24.9932 20.497 14.8161 11.3173 29.3558 20.1359 16.2552 10.6246 41.7922 36.431 32.9405 26.7322 16.4277
internal_count=3333 3203 3175 1042 465 577 414 159 306 280 78 46 391 100 46 291 259 117 97 69 54 163 112 92 59 224 196 168 138 84
is_linear=0
shrinkage=0.05


Tree=51
num_leaves=31
num_cat=0
split_feature=2 4 2 0 2 2 4 0 0 2 0 1 4 4 1 4 1 1 0 1 2 1 4 2 0 4 4 2 1 4
split_gain=3.48285 2.06483 3.53847 1.99391 1.98392 1.56392 1.50483 2.36487 3.13127 4.57507 3.49243 3.24473 2.66195 5.81357 2.1888 2.18434 1.96602 2.89697 4.69784 2.52266 2.63196 1.96394 2.38572 1.95553 1.88642 5.35742 2.99601 1.76458 4.19756 3.53382
threshold=5.4877058822079894 3.3819052973577963 6.785606000581498 80.647282377916767 5.2642381170337798 4.9008961278092942 1.2067170955782769 25.407495862719514 28.280831033754179 3.8257916672875245 26.280623453276295 154.92787885190674 1.5026783454468948 2.419916050869594 158.54887925779283 3.3819052973577963 233.83689043865982 219.66095643683028 27.2518863809712 211.23592373204849 3.9609168116761926 232.24821313392786 2.0485615759114704 4.3369383563430963 34.094080804259157 -0.14114886333842588 0.1566947249437092 4.5340595458878594 136.62515807361817 0.29109315820129467
decision_type=2 2 2 2 2 2 2 2 2 2 2 2 2 2 2 2 2 2 2 2 2 2 2 2 2 2 2 2 2 2
left_child=4 3 -3 -2 5 6 16 -8 10 11 14 -10 -12 23 -9 -15 17 19 -19 27 -21 22 -11 -14 25 -18 -26 -1 -29 -30
right_child=1 2 -4 -5 -6 -7 7 8 9 21 12 -13 13 15 -16 -17 24 18 -20 20 -22 -23 -24 -25 26 -27 -28 28 29 -31
leaf_value=-0.0010300587666959263 -0.046410563445626905 0.037153803908164494 -0.052295576039287431 0.019669907454352525 0.029898483161651397 -0.013491317288098782 0.032002193203942757 -0.0061780184360187874 0.015252643918341913 0.035212254053740108 -0.0509370441853923 -0.029257074511050321 0.032153244403856675 -0.060382425794993623 0.02888708701800621 -0.015306889037236475 0.044892889188779081 -0.016291942948126224 0.044567652886423254 -0.062966590452969692 -0.0087157559977097121 0.054005721603746837 0.0053221096047178307 -0.010546140492363416 -0.053788395132289668 -0.02801687406042427 0.0064009731024070125 -0.013459130087361533 0.028157227792829576 -0.0035865881657335418
leaf_weight=415.9623643681407 8.4371480420231801 2.889506369829177 1.7908252626657484 1.3201813958585251 5.6720001101493827 20.206691794097424 8.1788421422243101 8.7806659787893313 7.6519558280706432 12.140410408377653 4.7465076744556454 8.8074837550520879 6.8676643967628497 4.9303661882877332 9.0241551101207715 5.9086634963750839 3.9313166216015816 4.9407994896173468 8.8516729921102506 3.1265633553266508 7.8458898440003395 4.6359259337186804 14.831295996904371 4.3989080935716629 5.8906050547957403 7.0162140876054782 3.1855666786432266 15.508038207888601 25.630684778094292 13.325448289513586
leaf_count=2035 125 19 45 19 26 104 35 39 38 53 23 50 30 25 40 29 23 24 41 22 39 20 66 20 42 36 17 73 115 60
internal_value=-8.76156e-05 -0.0243738 0.00292798 -0.0374698 0.000458549 0.000196131 0.000645035 0.00622877 0.00395539 0.0128117 -0.00557726 -0.00856461 -0.0169632 -0.00966834 0.0115943 -0.0358105 -0.000448517 0.000172573 0.0227663 -0.000474754 -0.0241743 0.0239433 0.0187762 0.0154817 -0.0158082 -0.00183459 -0.0326631 7.80265e-05 0.00854087 0.0172988
internal_weight=656.434 14.4377 4.68033 9.75733 641.997 636.325 616.118 100.903 92.724 48.0671 44.6569 16.4594 26.8521 22.1056 17.8048 10.839 515.215 495.191 13.7925 481.399 10.9725 31.6076 26.9717 11.2666 20.0237 10.9475 9.07617 470.427 54.4642 38.9561
internal_count=3333 208 64 144 3125 3099 2995 468 433 227 206 88 127 104 79 54 2527 2409 65 2344 61 139 119 50 118 59 59 2283 248 175
is_linear=0
shrinkage=0.05


Tree=52
num_leaves=31
num_cat=0
split_feature=2 0 4 4 4 4 0 4 4 3 3 2 4 2 2 3 3 3 3 4 4 2 2 4 2 2 2 0 5 0
split_gain=3.24323 1.17129 1.08424 1.32625 3.03924 1.94715 5.28157 4.6232 3.20004 3.08395 1.88229 1.25502 4.89179 2.01319 1.15242 1.41857 1.69255 1.41521 2.81016 2.56301 1.77248 3.0288 3.23385 3.97746 2.18332 2.49632 2.17816 4.11399 5.6062 6.52354
threshold=6.785606000581498 74.615697914765093 -1.0825435314252021 -0.89379055948823305 -0.80355167576219444 -0.54280343073795789 52.866884243325096 -0.66302616647761392 -0.52701233024058725 0.25637414227139416 0.092436974784749867 5.4877058822079894 3.3819052973577963 5.2642381170337798 4.9008961278092942 0.19122909211265496 0.28421052630532101 0.011494376841730042 0.018508911878980346 0.54006369925731346 -0.2196219484294874 4.2917440240118685 4.2059132540748605 -0.37016567485314611 4.1852438832672147 4.1361420092885135 4.3395367814564167 37.186219814970997 1.0000000180025095e-35 40.248156126273521
decision_type=2 2 2 2 2 2 2 2 2 2 2 2 2 2 2 2 2 2 2 2 2 2 2 2 2 2 2 2 2 2
left_child=2 -2 -1 -4 -5 6 7 10 -7 -9 -6 13 -13 14 17 -16 -17 19 -19 -10 21 22 24 -24 25 -20 -22 -28 -29 -30
right_child=1 -3 3 4 5 8 -8 9 11 -11 -12 12 -14 -15 15 16 -18 18 20 -21 26 -23 23 -25 -26 -27 27 28 29 -31
leaf_value=0.020749880304194432 -0.052031352979158334 0.017224825181402635 -0.020157244990384269 0.030470480139435031 0.030081983278923582 0.040968119266912684 0.029922161149754978 -0.050436796547187857 0.025810734459052409 -0.00035125783703496559 -0.010275151351345185 -0.04391583434095038 0.03459201881845899 0.030438823247909749 -0.027960952730318879 0.020914553917604217 -0.017444239983590071 -0.02373409960063963 -0.0044489272421042326 -0.01852330309931173 0.0051237055125952155 0.0088783910976796918 -0.0012091507479727076 -0.065128888282209946 0.031363147243825044 -0.032856237506505757 -0.0067814874010291952 0.043635189204385076 0.04082325810187782 -0.028211064075644516
leaf_weight=6.36374707520008 3.9884952306747428 0.72083517909049977 8.0504266247153264 8.2202712148427945 3.9765751659870174 4.8617449402809134 6.4631917700171462 12.328665107488634 13.013470739126207 4.0940244346857062 10.566751703619955 6.0741335861384851 2.9467820152640343 5.5699832513928405 7.9518255144357708 5.1324158161878568 6.5404126197099686 11.98906187713146 73.062111757695675 4.3495893627405158 257.03610598295927 32.215747237205505 4.4664294421672821 5.3477163910865766 3.7901965826749793 8.649048797786234 112.33406490087509 10.434104517102243 5.2635324746370307 9.781723350286482
leaf_count=28 111 19 42 41 20 25 36 70 64 20 52 55 19 25 46 24 31 61 399 21 1213 159 25 31 19 48 513 47 23 46
internal_value=-8.65064e-05 -0.0414306 0.000212635 9.85462e-06 0.000264943 -0.000130284 -0.0111895 -0.0197703 0.000570345 -0.0379509 0.000759681 0.000235156 -0.0182704 0.000524511 0.000232886 -0.0116736 -0.000578295 0.00065639 0.000199924 0.0147047 0.000749229 -0.00437554 -0.00885525 -0.0360389 -0.00573501 -0.00745581 0.00240446 -0.0026672 0.015472 -0.00405964
internal_weight=655.583 4.70933 650.874 644.51 636.46 628.239 37.4292 30.966 590.81 16.4227 14.5433 585.948 9.02092 576.928 571.358 19.6247 11.6728 551.733 534.37 17.3631 522.381 127.531 95.3155 9.81415 85.5014 81.7112 394.85 137.813 25.4794 15.0453
internal_count=3333 130 3203 3175 3133 3092 198 162 2894 90 72 2869 74 2795 2770 101 55 2669 2584 85 2523 681 522 56 466 447 1842 629 116 69
is_linear=0
shrinkage=0.05


Tree=53
num_leaves=31
num_cat=0
split_feature=2 0 1 1 1 0 0 4 4 2 5 4 4 1 4 1 0 4 4 4 1 4 4 2 4 2 1 4 4 4
split_gain=3.04785 1.13667 1.13552 9.80584 3.19708 3.42542 5.66847 3.16308 2.98434 3.53948 4.62927 3.12497 5.29708 2.884 5.05992 3.04989 3.23567 2.51531 2.47986 4.77769 2.42288 2.33321 4.56117 2.44039 2.31194 2.41786 2.22828 2.21008 3.08833 2.38137
threshold=6.785606000581498 74.615697914765093 130.60963517657592 132.14855255947001 126.47878431953326 26.348123628480678 25.842430527409711 0.094671997567211272 0.29823349223901663 4.3316458426123727 1.0000000180025095e-35 0.22442922131190879 0.17598759200727601 147.36506323641046 2.3656710479827012 260.36953973681062 25.779258594377307 0.03247880264475609 0.83011460367075529 0.55963435647605275 148.69230598845215 0.80891991744776559 1.4161840336791998 4.0335752908212514 -0.44658135955702544 4.1806580834472458 182.99279996661656 0.34765097715127646 0.39988234777904091 2.7039449141482303
decision_type=2 2 2 2 2 2 2 2 2 2 2 2 2 2 2 2 2 2 2 2 2 2 2 2 2 2 2 2 2 2
left_child=2 -2 4 -4 -1 6 -6 17 9 11 -11 12 -9 14 21 16 18 -5 19 -15 -18 23 -23 -10 -7 -26 -12 -22 -29 -30
right_child=1 -3 3 7 5 24 -8 8 13 10 26 -13 -14 15 -16 -17 20 -19 -20 -21 27 22 -24 -25 25 -27 -28 28 29 -31
leaf_value=0.00069327204064549162 -0.051928776245440213 0.016100306096271173 -0.051598111539131242 -0.0033772748388601402 0.029714576419535618 -0.0067676659150383931 -0.049994872012655921 0.011562656213837145 0.019688463589586248 0.065863499543867263 0.032717439136213076 0.026593535797835778 -0.05358377342317764 0.034287387924239743 0.058306554746936794 0.016263996741676685 -0.053741678240754376 -0.026080185597832664 0.027967095586625346 -0.034164001965346497 0.028843783252074956 0.043445385981328362 -0.013527147745555856 -0.025474393241930252 0.0534246878574728 0.016712705439497731 -0.015203806934727566 -0.045294321666290077 -0.0021014954631813168 -0.020778505022450489
leaf_weight=189.97859358042479 3.8012792561203232 0.73231628909707058 9.475619472563265 176.62286113575101 4.7171732634305972 3.7828084081411388 4.230917364358902 8.773211598396303 4.6371686160564449 6.7252962291240719 5.6387647837400419 8.8222465664148313 4.8426251560449591 4.4309430718421954 5.5245345234870902 20.759090229868889 2.789971522986888 13.105486661195753 12.430519849061964 6.0022668093442917 4.2387797236442557 8.4333153516054136 6.0213724896311751 8.4265492260456067 9.5757791548967379 8.4360546544194204 4.2572521567344666 5.2692636847496024 80.851924791932106 21.633269976824522
leaf_count=902 111 19 52 947 22 18 20 42 21 28 24 39 23 20 25 113 14 61 54 28 19 38 28 40 44 39 20 25 388 109
internal_value=-8.57394e-05 -0.04094 0.000199019 -0.00129825 0.00311399 0.0180731 -0.00797437 -0.000164075 0.00377144 0.0163669 0.0338548 0.00341251 -0.0116074 0.00120171 0.0146382 -0.0016011 -0.00429541 -0.00494548 0.0128811 -0.00509297 -0.00771681 0.00587149 0.0197124 -0.00944314 0.0287672 0.0362302 0.0121018 -0.00657024 -0.00796333 -0.00604397
internal_weight=654.967 4.5336 650.434 429.712 220.721 30.7427 8.94809 420.237 230.508 39.0594 16.6213 22.4381 13.6158 191.449 33.0429 158.406 137.647 189.728 22.8637 10.4332 114.783 27.5184 14.4547 13.0637 21.7946 18.0118 9.89602 111.993 107.754 102.485
internal_count=3333 130 3203 2158 1045 143 42 2106 1098 176 72 104 65 922 152 770 657 1008 102 48 555 127 66 61 101 83 44 541 522 497
is_linear=0
shrinkage=0.05


Tree=54
num_leaves=31
num_cat=0
split_feature=2 3 1 1 1 4 4 3 2 1 4 3 3 4 4 1 5 5 3 4 2 4 3 1 1 1 4 4 2 3
split_gain=2.88097 1.88972 1.02762 9.05074 2.90295 2.74173 2.64959 5.44329 3.53901 2.8038 5.07657 3.19752 7.30584 3.28255 3.75104 2.73186 2.4209 4.25704 5.64203 3.81268 3.25689 2.94994 2.6127 2.67705 2.31152 2.29356 3.21482 2.35267 2.23991 2.38025
threshold=5.8421117616699698 0.45172331129759241 130.60963517657592 132.14855255947001 126.82926493407199 0.094671997567211272 0.29823349223901663 0.28646080253495004 4.4184592931257365 147.36506323641046 2.3656710479827012 0.31783804223313689 0.21839080459101398 0.84920125101373756 1.4646777298908795 139.12124010638931 1.0000000180025095e-35 1.5000000000000002 0.22162162161262935 -0.4695725465643365 4.3490028230176634 -0.27415600801445333 0.16007117436637869 147.36506323641046 187.85514963868346 152.35792928149417 0.22442922131190879 0.1566947249437092 4.5174617514145403 0.024602774274213066
decision_type=2 2 2 2 2 2 2 2 2 2 2 2 2 2 2 2 2 2 2 2 2 2 2 2 2 2 2 2 2 2
left_child=2 -2 4 -4 -1 16 7 8 25 10 11 12 13 15 -15 -8 28 18 -18 -19 22 -20 -21 -24 -10 -7 27 -27 29 -5
right_child=1 -3 3 5 -6 6 9 -9 24 -11 -12 -13 -14 14 -16 -17 17 19 21 20 -22 -23 23 -25 -26 26 -28 -29 -30 -31
leaf_value=0.00090862671871064183 -0.036731070450637435 0.021603233980238168 -0.050293254111003709 0.028765368360857052 0.018151575119809839 -0.013537300405620052 -0.036824041147478302 -0.025222278268635052 0.062570506174420712 -0.0016128976762070379 0.058845086834818421 0.042318333803151087 -0.054607632739379602 0.067114695224308449 0.0018094190797858989 0.019527681260914871 -0.029556227137021503 0.023865394305916304 0.028008148005591978 0.018914024428928127 -0.029184541583216563 -0.013050601444669989 0.021597199239010049 -0.027413615302452194 0.017416829339797026 0.027639322125243428 0.056940609225003873 -0.023086098991495319 0.019893242799194428 -0.0047595728166741416
leaf_weight=192.40708200633526 8.2147086467593891 1.6706685945391644 9.1530490517616254 5.8021864145994178 27.955992594361305 6.3731311708688763 4.3088035285472959 6.7791107743978491 7.5006801038980466 154.41203199326992 5.3889453858137122 4.9119957983493796 5.1351435929536811 4.4356975853443128 4.3603348731994629 4.2941082864999771 38.738188732415438 13.503310725092886 7.6026959717273739 12.712066799402239 11.567030012607573 10.303131856024264 3.9718404486775389 9.3337137773632985 4.5559253394603729 5.3146210983395559 4.589183881878852 4.0110452398657799 14.458786264061926 60.510840147733688
leaf_count=910 166 16 51 28 129 29 21 31 31 738 24 21 24 20 20 20 218 71 39 66 58 52 19 51 20 25 20 20 66 329
internal_value=-8.45606e-05 -0.0268723 0.000326382 -0.00111303 0.00309612 -2.80028e-05 0.00368115 0.0155153 0.0240535 0.0012085 0.0144766 0.00576498 -0.00220295 0.0132638 0.0347418 -0.00869631 -0.00448225 -0.00938858 -0.0188277 0.00107715 -0.00711015 0.00438267 0.00270379 -0.0127834 0.0455079 0.0113037 0.0226811 0.0058219 0.00206171 -0.00182624
internal_weight=654.276 9.88538 644.391 424.028 220.363 414.875 226.371 39.1237 32.3446 187.247 32.835 27.4461 22.5341 17.3989 8.79603 8.60291 188.504 107.732 56.644 51.088 37.5847 17.9058 26.0176 13.3056 12.0566 20.288 13.9149 9.32567 80.7718 66.313
internal_count=3333 182 3151 2112 1039 2061 1064 176 145 888 150 126 105 81 40 41 997 574 309 265 194 91 136 70 51 94 65 45 423 357
is_linear=0
shrinkage=0.05


Tree=55
num_leaves=31
num_cat=0
split_feature=2 0 3 3 0 0 0 2 3 0 2 0 0 3 3 1 5 3 3 2 1 1 1 1 1 0 0 0 2 3
split_gain=2.72895 1.12854 1.06582 6.06982 3.68389 2.97733 4.95815 3.54109 2.53328 3.8388 4.13808 3.90701 3.03578 3.50025 8.20977 2.5013 2.4823 5.1988 4.23184 3.7175 3.78876 3.67215 3.59045 3.9541 4.78353 3.20107 3.19967 6.22144 5.58303 4.03125
threshold=6.785606000581498 74.615697914765093 0.12997234744895142 0.11519105589130081 25.039018712157532 25.640816535263642 27.371425950573258 4.4547783391938767 0.15116982044026836 30.25367180820853 3.1435791719025006 50.056989058237733 63.533876353225367 0.19329010141912098 0.23450883099001787 190.46172881546212 1.0000000180025095e-35 0.1875334941013653 0.19447173105442461 3.3757491142744729 105.38805276676926 105.38805276676926 118.96379599214895 122.09732175691606 124.55371159969496 25.11932099711689 27.014044652272847 27.350344833686098 4.0594753331805942 0.20492349643426058
decision_type=2 2 2 2 2 2 2 2 2 2 2 2 2 2 2 2 2 2 2 2 2 2 2 2 2 2 2 2 2 2
left_child=2 -2 3 -1 -4 -5 -7 -8 9 15 -11 -12 16 -14 -15 -6 19 -18 -19 -10 -21 -20 -23 -24 -25 -26 -22 -28 -29 -30
right_child=1 -3 4 5 8 6 7 -9 12 10 11 -13 13 14 -16 -17 17 18 21 20 26 22 23 24 25 -27 27 28 29 -31
leaf_value=0.0002134790075891005 -0.051781277802003978 0.016686829630695312 0.058478348538684083 -0.059993527417203457 -0.0076956154458295463 0.022425596191087142 -0.048267235178419604 0.0056331524257665876 -0.016119478711965333 0.080489920262760778 0.043347028786961485 -0.01727876246166599 -0.050426057449861832 0.05161817293226173 -0.02219243647990746 0.035431706278757989 -0.019346044986843922 0.040031473102207442 -0.030217915133060144 0.052898281202388757 -0.0019854523843317469 0.019160091747668612 -0.045401214792392723 0.051652486431065452 -0.059191795809521101 -0.00018591446626058802 0.077233785927212251 -0.018540890084651821 0.052352132395207363 0.012020110175538522
leaf_weight=234.82629076391459 3.515340654179453 0.72615853697061528 2.8493701517581931 5.0215062201023128 17.426654815673832 5.7304769158363369 10.361220642924307 4.3166243359446517 13.863094560801981 3.5837720558047286 6.5180637612938863 4.4867902994155884 5.7384385243058231 4.7659417614340809 17.979748595505953 4.1656891554594031 34.391643278300762 6.9738088548183432 9.3245948255062086 5.2566216588020316 36.363411709666252 25.856528267264366 4.8626198619604102 4.4195570349693289 2.3394425213336936 131.33132820576429 4.0241120159625998 10.965637870132921 8.4806181415915507 22.993572913110256
leaf_count=1187 111 19 12 26 85 28 59 22 73 18 30 23 34 24 107 22 172 33 46 23 169 116 23 20 11 622 18 56 40 104
internal_value=-8.38056e-05 -0.0400593 0.000177364 -0.00229931 0.00183452 -0.0255031 -0.0170167 -0.0324156 0.00141651 0.0140117 0.0338257 0.0186293 0.000114229 -0.0155305 -0.00672678 0.000624696 0.00150054 -0.00149388 0.00182291 0.00794776 0.0117356 0.000327078 0.0020143 -0.00108693 0.000473523 -0.00121861 0.0091232 0.017817 0.0121832 0.0228874
internal_weight=653.459 4.2415 649.217 260.256 388.961 25.4298 20.4083 14.6778 386.112 36.181 14.5886 11.0049 349.931 28.4841 22.7457 21.5923 321.447 219.5 185.108 101.947 88.084 178.134 168.809 142.953 138.09 133.671 82.8274 46.4639 42.4398 31.4742
internal_count=3333 130 3203 1322 1881 135 109 81 1869 178 71 53 1691 165 131 107 1526 1043 871 483 410 838 792 676 653 633 387 218 200 144
is_linear=0
shrinkage=0.05


Tree=56
num_leaves=31
num_cat=0
split_feature=1 3 1 4 4 4 1 1 1 0 3 3 0 0 0 3 4 0 4 3 0 0 0 4 3 4 0 0 0 1
split_gain=1.48878 2.93222 1.68027 1.82595 1.40307 2.48975 1.52126 7.89346 2.73419 2.77064 4.43964 4.80824 2.5592 4.66203 5.27461 3.96184 4.64251 3.74379 3.52723 3.50219 2.74233 4.69534 4.58358 5.2039 3.54269 2.75557 3.96894 2.31533 5.32001 4.76881
threshold=348.05519347003099 0.45172331129759241 309.60199633185249 5.5034844000069461 3.6444837612088317 4.1673564594087358 130.60963517657592 132.14855255947001 126.82926493407199 26.348123628480678 0.21511549469656602 0.13152652547008956 25.039018712157532 25.260956490555571 25.407495862719514 0.21839080459101398 0.21687192368005451 25.441143698654923 2.7709547501131695 0.12230215826751491 25.486380133050215 25.607266419431074 25.842430527409711 0.79987288786144994 0.17833647600377114 2.2649386210786568 27.308627748143177 26.717538667821305 26.832178220777973 137.5000955155746
decision_type=2 2 2 2 2 2 2 2 2 2 2 2 2 2 2 2 2 2 2 2 2 2 2 2 2 2 2 2 2 2
left_child=2 -2 3 4 6 -6 8 -8 -1 -10 11 -11 -9 -14 15 16 -15 -16 20 -20 -19 -22 23 24 -23 27 -27 -24 -29 -30
right_child=1 -3 -4 -5 5 -7 7 12 9 10 -12 -13 13 14 17 -17 -18 18 19 -21 21 22 25 -25 -26 26 -28 28 29 -31
leaf_value=0.0010607429689665064 -0.031021165158125474 0.041981691498455917 0.025370282770022158 -0.02833329766848033 0.037837872440748523 -0.0020942050333361737 -0.048781393498327386 0.040104543334194304 -0.0080538799846029858 0.019837782364611749 -0.00070273049601387878 0.084367571079260406 -0.025881976420025151 -0.026112066071708448 -0.057888627382345015 0.063037590159385801 0.04467307718892341 0.048526883770482816 0.008598536528247689 -0.048940942001021101 -0.032913757951823358 0.03224820412097007 -0.010788232902521693 0.070369803204216569 -0.01851328190600544 0.067014576364764572 0.0048273372399039345 0.041657005734143833 -0.024187392307422825 0.0013204633358131377
leaf_weight=189.64747689664364 8.4501060508191568 1.6429166719317425 6.570751540362834 5.6535025499761096 6.7760711573064318 9.2078279927372915 8.8205177560448629 3.7595881670713416 7.4591113477945354 6.7954938188195246 8.1611244082450849 5.0186524093151093 18.437314882874489 4.6282996200025064 2.9029217511415473 5.4505033344030371 4.637204498052597 2.8930097073316565 4.140563812106846 7.3191983234137297 10.723808646202086 7.653827831149103 57.04941564053297 4.6890022158622733 6.2390286326408386 3.5336182862520209 9.3671714663505536 7.576673597097396 20.098037883639336 207.49486042745411
leaf_count=901 142 14 39 32 31 45 51 17 35 32 38 21 91 26 14 24 20 14 23 38 51 38 282 20 30 15 50 35 102 1062
internal_value=-8.37164e-05 -0.0191379 0.000215511 -4.43177e-05 0.000209349 0.0148342 -0.000171065 -0.00200973 0.003195 0.0179486 0.0276584 0.0472501 -0.000948079 -0.00134914 -0.000114631 0.0292124 0.00931452 -0.00134181 -0.000871168 -0.0281512 5.56186e-05 -0.000363691 0.00071465 0.0248243 0.00945215 -0.000753633 0.0218609 -0.00175201 0.000440073 -0.000932058
internal_weight=652.798 10.093 642.705 636.134 630.48 15.9839 614.496 397.415 217.082 27.4344 19.9753 11.8141 388.594 384.834 366.397 14.716 9.2655 351.681 348.778 11.4598 337.318 334.425 323.702 18.5819 13.8929 305.12 12.9008 292.219 235.17 227.593
internal_count=3333 156 3177 3138 3106 76 3030 2003 1027 126 91 53 1952 1935 1844 70 46 1774 1760 61 1699 1685 1634 88 68 1546 65 1481 1199 1164
is_linear=0
shrinkage=0.05


Tree=57
num_leaves=31
num_cat=0
split_feature=2 3 2 3 3 4 0 2 0 5 5 3 0 4 2 0 0 2 3 2 2 2 4 3 4 4 2 4 4 2
split_gain=2.53148 1.70327 1.01793 3.64194 3.4875 4.68194 4.42588 1.81679 2.489 1.6087 3.08593 4.26036 2.92556 2.28546 2.8451 2.28196 5.24845 4.30668 3.81808 2.85217 2.97431 3.74575 2.5396 5.83163 2.98994 5.40741 3.45059 2.39621 2.27653 2.19726
threshold=5.8421117616699698 0.31783804223313689 2.2313089446627652 0.060606060603761801 0.33152882571808501 -0.23478014399985478 57.020480686356542 2.488750405270491 49.290923380124958 1.0000000180025095e-35 1.5000000000000002 0.016538117899450349 25.039018712157532 -0.57726659783204759 4.0086755383060924 44.823526708143618 37.186219814970997 4.4707655336209191 0.071161048687809272 5.1073750497380397 4.2712920319342897 4.2443065745043809 -0.21077226753771569 0.079809368096845842 0.06396604648458469 0.19680508070183955 3.978239649436488 -0.37932263430573582 -0.57726659783204759 4.1078537643087669
decision_type=2 2 2 2 2 2 2 2 2 2 2 2 2 2 2 2 2 2 2 2 2 2 2 2 2 2 2 2 2 2
left_child=2 -2 3 -1 5 -5 -7 8 -4 -9 11 -11 -12 14 -13 16 19 -18 -17 20 21 22 23 -14 26 -26 -24 -20 -22 -25
right_child=1 -3 7 4 -6 6 -8 9 -10 10 12 13 15 -15 -16 18 17 -19 27 -21 28 -23 24 29 25 -27 -28 -29 -30 -31
leaf_value=-0.046200283864692597 -0.039614415784656534 0.0067520317128328261 -0.0037121857678045498 -0.02477229136916655 -0.036504187412234018 0.0038728329378237164 0.065069434818584446 0.0040010744625638651 0.049864145721748944 -0.041560889556308267 0.057263369452900684 -0.05685736773557315 -0.05779047811077264 -0.0031670664452480412 -0.0048193514081225942 0.018657574979458951 0.051904548928193329 -0.0042001802976599891 0.0017799858036863056 0.035911587746465724 0.027915651715321694 0.049084976767235194 0.0047589860560867774 0.011158714458082536 -0.039777083984821639 0.0078678119884096776 0.051228837018888002 -0.037816559896094309 -0.0099387321996465688 -0.030228939459707484
leaf_weight=5.3263080269098309 6.6312901657074672 2.8242578636854887 4.2751162648200971 6.5652509517967781 5.2819771915674201 7.6907210946083033 4.7975624725222588 205.47581052035093 4.3978210389614105 8.2517082095146161 2.402021422982215 4.5832352340221387 5.1843013614416007 152.48827996104956 6.1526233777403831 6.9774656668305424 9.6614659726619703 5.2950637042522422 5.632264651358132 5.7515327334403983 4.2188212871551505 4.6937946379184714 8.3339579999447029 14.674326695501806 6.6585637331008902 56.377056524157524 7.6724141091108313 11.879471994936463 67.818470552563667 4.1036524027585974
leaf_count=33 145 37 21 46 33 44 26 1003 21 47 10 25 28 759 33 35 43 24 31 26 19 22 38 72 30 248 34 63 314 23
internal_value=-8.2559e-05 -0.0257653 0.000295338 -0.00875091 -0.000554377 0.00941155 0.0273824 0.000733097 0.023455 0.000406984 -0.00144477 -0.00650897 0.0023751 -0.00473694 -0.0270349 0.00178895 0.00354927 0.0320418 -0.0126191 0.0012518 0.00014269 0.00540311 0.00341258 -0.0108465 0.00773533 0.002835 0.0270336 -0.0250812 -0.00772181 0.00211405
internal_weight=652.077 9.45555 642.621 29.6618 24.3355 19.0535 12.4883 612.959 8.67294 604.286 398.81 171.476 227.335 163.224 10.7359 224.933 200.443 14.9565 24.4892 185.487 179.735 107.698 103.004 23.9623 79.042 63.0356 16.0064 17.5117 72.0373 18.778
internal_count=3333 182 3151 182 149 116 70 2969 42 2927 1924 864 1060 817 58 1050 921 67 129 854 828 495 473 123 350 278 72 94 333 95
is_linear=0
shrinkage=0.05


Tree=58
num_leaves=31
num_cat=0
split_feature=2 0 3 0 3 3 0 2 0 0 0 0 4 3 4 2 2 5 0 2 0 0 2 2 4 4 4 4 0 3
split_gain=2.3918 1.24404 1.12656 7.99682 5.12229 3.37978 2.42828 3.93687 2.91091 3.51099 2.78241 2.60861 3.95436 2.64723 2.52828 2.39184 5.16844 3.407 2.855 2.22948 2.33791 6.41893 2.83973 2.70517 4.31974 3.10989 3.17297 6.59988 5.02015 3.36649
threshold=6.785606000581498 75.748363931169408 0.29854809435655882 66.652701578500924 0.30280794179185161 0.29316826547316271 67.272464002875722 4.6675088980105315 54.067708362829713 58.766054687840828 52.249529700109029 62.969694920466722 -0.34803618197854541 0.10195477360537021 -0.16844689735170526 4.2964491377440224 4.1624552034772826 1.0000000180025095e-35 78.412966621658555 3.5499788901510776 28.086103106616196 27.797844012662008 4.5936335953376934 4.5709808876596005 -0.76792881565592552 0.73036814648837478 0.34765097715127646 0.12140982654733815 35.027752827793208 0.055900621115696596
decision_type=2 2 2 2 2 2 2 2 2 2 2 2 2 2 2 2 2 2 2 2 2 2 2 2 2 2 2 2 2 2
left_child=2 -2 5 4 -4 6 8 15 10 14 19 13 -13 -11 -10 16 17 -8 -19 -1 21 22 -21 24 -22 26 27 29 -29 -26
right_child=1 -3 3 -5 -6 -7 7 -9 9 11 -12 12 -14 -15 -16 -17 -18 18 -20 20 23 -23 -24 -25 25 -27 -28 28 -30 -31
leaf_value=-0.0098484988226366626 -0.051642401475842793 0.023693748190481537 0.051954398079724406 -0.044421352654595493 0.0048040469036957105 -0.041913097618789703 0.039293761879650696 -0.035148401574882894 -0.057648902435708839 -0.021308551274342672 0.036592347590364553 0.01195248083779793 -0.049520381618488485 0.028944441947685765 -0.012474322075454248 0.050140870772539349 -0.041814208253410513 -0.021325956034164623 0.031342584112216028 -0.0036033141250039862 0.052417685546540228 -0.048401651232361814 0.013183647550492986 -0.0065305412486435961 -0.021733799416074662 0.022336445293625024 -0.020986643828193013 0.065203806557602828 -0.00030305388250122202 0.005979654384643757
leaf_weight=58.934127293527126 3.2655294053256507 0.65848132967948902 6.0248791873455039 8.0431604385375959 131.09542870521545 4.9897137805819503 12.063196636736402 3.9213121682405463 6.6777822934091091 3.8992122784256953 5.0267365574836722 4.7813238091766834 5.776826895773409 7.9920861721038818 5.7764474973082525 4.8840623050928107 3.8110824003815642 6.2233030013740045 4.386694110929966 171.2260697260499 5.4592345505952826 7.4487921595573416 29.538616068661213 36.890094067901373 14.164195939898489 25.23168919980526 12.430921837687491 7.5284780561923963 4.7827492654323578 48.411951415240765
leaf_count=311 113 17 25 53 609 26 58 36 42 21 26 26 34 42 30 22 22 34 23 838 26 40 139 185 73 110 59 33 21 239
internal_value=-8.19862e-05 -0.0390004 0.000153898 0.00403352 0.00687577 -0.000967399 -0.000556539 0.0120853 -0.00152223 -0.0154054 -0.000387589 -0.00359394 -0.021682 0.0124663 -0.0366963 0.0179899 0.0120609 0.0211166 0.000449806 -0.000828034 0.000636011 -0.00282445 -0.00113344 0.00528751 0.00898188 0.00687502 0.00240726 0.00629053 0.0397553 -0.000293324
internal_weight=651.344 3.92401 647.42 145.163 137.12 502.257 497.267 35.2897 461.977 34.9037 427.074 22.4494 10.5582 11.8913 12.4542 31.3683 26.4843 22.6732 10.61 422.047 363.113 208.213 200.765 154.899 118.009 112.55 87.3183 74.8874 12.3112 62.5761
internal_count=3333 130 3203 687 634 2516 2490 195 2295 195 2100 123 60 63 72 159 137 115 57 2074 1763 1017 977 746 561 535 425 366 54 312
is_linear=0
shrinkage=0.05


Tree=59
num_leaves=31
num_cat=0
split_feature=2 0 4 0 1 0 0 4 0 4 2 4 2 1 1 0 1 2 2 2 5 2 1 1 1 0 1 0 0 1
split_gain=2.24433 1.40382 0.926 5.95915 4.91134 6.56008 6.19476 3.74335 6.07098 2.81922 1.67421 1.48603 1.53161 1.39536 1.20838 3.33338 2.19691 3.07617 2.06371 6.05371 3.18907 3.45599 3.50565 5.71034 4.9853 5.06233 7.8363 4.21756 3.19083 5.03004
threshold=6.785606000581498 76.799280751149567 -0.68058981404378305 33.47070326485148 150.78273621834535 26.658685637210976 25.586046005638433 -0.54280343073795789 62.455470997965399 -0.52701233024058725 4.2863847878712358 -0.62662442371139926 3.8553324068992141 168.93419843640763 119.47015396442826 83.395472401757971 122.09732175691606 3.7992195829273645 3.8354145035110037 3.9080388212472221 1.0000000180025095e-35 4.0392170876305942 134.80662879155133 127.50926656440795 139.90182101324396 27.014044652272847 179.57372080537542 27.371425950573258 28.800966363880637 152.35792928149417
decision_type=2 2 2 2 2 2 2 2 2 2 2 2 2 2 2 2 2 2 2 2 2 2 2 2 2 2 2 2 2 2
left_child=2 -2 3 4 5 6 -1 8 10 -9 11 -4 -13 -6 -11 16 17 -16 -18 -20 21 -21 23 -23 -24 26 -26 -27 -29 -30
right_child=1 -3 7 -5 13 -7 -8 9 -10 14 -12 12 -14 -15 15 -17 18 -19 19 20 -22 22 24 -25 25 27 -28 28 29 -31
leaf_value=0.022724987126493831 -0.051581543730049043 0.032296801349950881 -0.065904298782681656 -0.034010226013174973 0.068863179225555404 0.038065362511822493 -0.050034260336062453 0.038126294501857422 0.034258447168868882 0.004521945516408687 -0.0084051411674564893 -0.0076929158423131062 -0.048095123145769837 0.029167294781506072 0.012291302128011944 -0.042926170785633724 -0.0058762455692744882 -0.035454024280820243 0.031421620000182539 0.036445804942647639 -0.0031453514135389529 0.029141572025553106 0.05311158062540388 -0.035961831007976792 -0.048818987376654632 0.065630442252050988 0.01272668562049846 -0.02050614162804916 -0.025954365148379871 0.022586951698747148
leaf_weight=5.0445560365915352 3.1927915457636113 0.59119581058621395 4.2173955366015461 6.8659845963120452 4.3899290114641172 8.4340956062078458 6.9638976007699966 4.9270742535591117 4.2331680990755549 124.08177429437637 5.431185044348239 4.2020748332142848 5.3098923489451408 4.4658736437559128 5.0890295952558509 4.7012556791305533 110.31515330821276 10.007897943258284 16.630177110433578 9.4251767098903638 206.5538759380579 4.7978253811597851 5.933193400502204 11.303405866026877 9.5212828516960162 3.6435153037309638 11.322199925780295 7.3474270552396765 6.2888818979263297 35.255633182823658
leaf_count=24 115 15 24 37 20 41 34 25 23 582 28 25 30 23 24 33 582 49 77 46 1015 23 27 59 45 16 53 36 30 172
internal_value=-8.19463e-05 -0.0384767 0.000142709 0.00791662 0.0177421 0.0042681 -0.0194693 -0.000317767 -0.0199318 0.000463719 -0.0319041 -0.0412001 -0.0302468 0.048845 0.000144995 -0.00104046 -0.000606185 -0.0193595 3.97051e-05 0.00202926 0.000459536 0.00756192 0.0047087 -0.0165624 0.00902696 0.00546241 -0.0153873 0.0137346 0.00986719 0.0152389
internal_weight=650.487 3.78399 646.703 36.1643 29.2984 20.4425 12.0085 610.538 23.3937 587.145 19.1605 13.7294 9.51197 8.8558 582.218 458.136 453.435 15.0969 438.338 328.023 311.392 104.839 95.4134 16.1012 79.3121 73.3789 20.8435 52.5355 48.8919 41.5445
internal_count=3333 130 3203 179 142 99 58 3024 130 2894 107 79 55 43 2869 2287 2254 73 2181 1599 1522 507 461 82 379 352 98 254 238 202
is_linear=0
shrinkage=0.05


Tree=60
num_leaves=31
num_cat=0
split_feature=2 0 3 0 3 3 0 2 0 0 0 4 4 3 2 2 5 4 2 0 0 2 0 3 2 0 0 2 4 4
split_gain=2.10543 1.4991 1.00908 7.32534 4.61053 3.16395 2.18148 3.56945 2.64843 3.23675 2.54055 2.40061 2.38696 3.7322 2.03556 4.71504 2.44261 2.74477 1.96372 2.05872 5.9529 2.54309 2.46316 4.72198 2.81519 3.47317 3.98301 4.70601 3.0243 3.24793
threshold=6.785606000581498 77.499346998107129 0.29854809435655882 66.652701578500924 0.30280794179185161 0.29316826547316271 67.272464002875722 4.6675088980105315 54.067708362829713 58.766054687840828 52.249529700109029 -0.16844689735170526 -0.11823041208886594 0.088607594932045008 4.2964491377440224 4.1255957286158909 1.0000000180025095e-35 -0.22531682445747153 3.5499788901510776 28.086103106616196 27.797844012662008 4.5936335953376934 28.884894629688215 0.078947368413249577 4.5709808876596005 35.91294972410148 38.669791924582519 4.7495362346506438 -0.76792881565592552 0.026078909915676116
decision_type=2 2 2 2 2 2 2 2 2 2 2 2 2 2 2 2 2 2 2 2 2 2 2 2 2 2 2 2 2 2
left_child=2 -2 5 4 -4 6 8 14 10 11 18 -10 13 -11 15 16 -8 -18 -1 20 21 -20 23 -21 28 -26 -27 -28 -24 -30
right_child=1 -3 3 -5 -6 -7 7 -9 9 12 -12 -13 -14 -15 -16 -17 17 -19 19 22 -22 -23 24 -25 25 26 27 -29 29 -31
leaf_value=-0.0092890804216039843 -0.051527602682696953 0.037651077113957904 0.049125101200787814 -0.043293774824395066 0.0045152399108108641 -0.040832112692689583 0.038108157011117083 -0.03419308052703212 -0.056437898434178749 -0.0255762985844822 0.034783442916581468 -0.011987553821869437 -0.027554622552769355 0.02591712148378722 0.046432154888538565 -0.030723262113118807 0.024865758798686979 -0.028813590860560279 -0.0034117510914463949 -0.014113607473302897 -0.047118448054016368 0.012455560401609132 0.047369001449590803 0.04020918382894792 -0.025623352637871816 0.041699455960272518 -0.05619306460875171 0.014626061994197099 -0.0041375413913753495 0.013896163964610179
leaf_weight=58.604616619646549 3.0945848152041431 0.55590210296213616 6.0595129728317252 7.8113053254783145 131.19700437039137 4.9194412529468527 11.175883248448381 3.8201040215790263 6.4458840899169445 5.4637686461210242 5.0775140002369872 5.744344159960745 7.0522103458642986 9.8853985741734487 4.9471344500780097 5.2930915281176558 6.1658400222659155 3.8798995837569175 170.84157870709896 5.9717605039477375 7.2718584537506095 29.631865166127682 4.3706752508878699 12.117972642183302 17.199728183448315 5.3946864902973166 3.7206420600414258 6.348295483738184 49.949177369475365 49.921237975358963
leaf_count=311 116 14 25 53 609 26 53 36 42 29 26 30 40 54 22 30 32 22 838 31 40 139 20 55 89 25 17 33 253 223
internal_value=-8.19771e-05 -0.0379473 0.000131903 0.00380428 0.00648465 -0.000931004 -0.000535491 0.0114472 -0.00145254 -0.0147584 -0.000373167 -0.0354918 -0.00347581 0.00758726 0.0169889 0.0114953 0.0220255 0.00413354 -0.000796831 0.000575187 -0.00267841 -0.00106641 0.00493612 0.0222762 0.0026449 -0.0101638 0.00703145 -0.0115428 0.00665842 0.00487679
internal_weight=649.933 3.65049 646.282 145.068 137.257 501.215 496.295 35.282 461.013 34.5916 426.422 12.1902 22.4014 15.3492 31.4618 26.5147 21.2216 10.0457 421.344 362.739 207.745 200.473 154.994 18.0897 136.904 32.6634 15.4636 10.0689 104.241 99.8704
internal_count=3333 130 3203 687 634 2516 2490 195 2295 195 2100 72 123 83 159 137 107 54 2074 1763 1017 977 746 86 660 164 75 50 496 476
is_linear=0
shrinkage=0.05


Tree=61
num_leaves=31
num_cat=0
split_feature=2 4 2 1 1 2 4 5 2 1 1 3 4 3 3 4 4 1 4 3 3 1 1 4 3 3 1 3 2 2
split_gain=1.96063 2.06239 1.38945 1.35559 1.62631 1.26334 2.18639 1.57079 1.27514 3.35487 2.90874 1.25356 1.19844 4.26904 5.66864 4.05996 3.11069 3.12406 2.76291 1.6063 3.52939 1.27431 7.64218 3.37226 2.82207 3.1105 2.94344 2.76283 3.21602 3.10037
threshold=5.4877058822079894 5.1193809898612566 5.2642381170337798 266.87523904007645 309.60199633185249 4.8514164773982102 0.74356510034853696 1.0000000180025095e-35 4.7186384224662632 190.46172881546212 159.18257178190393 0.19122909211265496 -0.68058981404378305 0.07272727272396283 0.11206407322413839 -0.54280343073795789 -1.0825435314252021 150.78273621834535 -0.52701233024058725 0.044217827575367956 0.16964285713527441 130.60963517657592 132.14855255947001 0.094671997567211272 0.23809523807444857 0.1830985915364047 211.23592373204849 0.14799469610700899 3.9171548105149725 2.308270814965018
decision_type=2 2 2 2 2 2 2 2 2 2 2 2 2 2 2 2 2 2 2 2 2 2 2 2 2 2 2 2 2 2
left_child=2 3 5 -2 -5 8 -7 -8 12 10 -10 -9 13 -1 -15 19 -16 -18 -17 -14 -21 -20 -23 -24 25 27 -27 29 -29 -25
right_child=1 -3 -4 4 -6 6 7 11 9 -11 -12 -13 15 14 16 18 17 -19 21 20 -22 22 23 24 -26 26 -28 28 -30 -31
leaf_value=-0.022195994987299673 -0.048537455629799844 0.024209953478228033 0.024821608653495045 0.049275026345972722 -0.024190969476983615 -0.030905613225558931 0.021652417302082044 -0.033052347482694158 0.0058777182056205706 -0.014309909004779832 0.053624744263576565 0.0019599305260684509 0.0091152086969502385 0.073543578542258847 0.046457659607084291 0.037845889412435774 -0.013624802541488807 0.03087388146716091 0.0034114104502353929 -0.052306447797753113 -0.0082327084791067092 -0.051764703959132422 -0.0063795638689092939 -0.031939916931680731 -0.0045335226722195447 0.032195846481995583 -0.0096437189789242064 -0.04961676433083903 0.00047709902988529637 0.010173456436285269
leaf_weight=8.3567069172859174 4.7914315275847894 2.2029872648417941 5.7263830602169028 0.90085738711059082 4.5991434417665005 8.8496443107724208 5.5214453637599972 4.069708511233328 6.7886751741170901 7.219991832971572 6.0167251378297806 6.8755347579717636 3.5941676199436214 4.0114426612854031 4.4918401539325741 4.8853295370936385 12.812144577503206 5.6985717937350264 184.5756982639432 8.0435417704284209 10.43544916436076 7.4700078815221778 143.91640670225024 4.6361003071069709 65.861253328621387 20.649996712803844 5.2780095860362044 4.7603534609079352 9.7997665554285032 76.232843473553658
leaf_count=44 55 32 26 10 111 47 27 23 31 34 26 33 18 19 19 24 64 28 867 49 56 44 770 30 303 94 26 25 46 352
internal_value=-8.15762e-05 -0.0196966 0.000303417 -0.0290953 -0.0121578 8.08602e-05 -0.0108621 -9.01948e-05 0.000538366 0.0129451 0.0283121 -0.0110585 0.000114037 0.0090353 0.0186966 -0.000459548 0.00913179 7.42321e-05 0.00041863 -0.0214686 -0.0274171 6.9144e-05 -0.00175275 -0.000624537 0.0037994 0.00832174 0.0236788 0.00414923 -0.0159008 0.00775916
internal_weight=649.072 12.4944 636.578 10.2914 5.5 630.851 25.3163 16.4667 605.535 20.0254 12.8054 10.9452 585.51 35.3707 27.014 550.139 23.0026 18.5107 528.066 22.0732 18.479 523.18 338.605 331.135 187.218 121.357 25.928 95.4291 14.5601 80.8689
internal_count=3333 208 3125 176 121 3099 130 83 2969 91 57 56 2878 174 130 2704 111 92 2581 123 105 2557 1690 1646 876 573 120 453 71 382
is_linear=0
shrinkage=0.05


Tree=62
num_leaves=31
num_cat=0
split_feature=2 3 4 4 2 3 3 4 0 2 0 5 5 3 0 3 3 2 0 2 0 4 2 2 4 4 4 4 4 2
split_gain=1.83952 1.58634 0.789665 3.13544 0.752734 3.23119 3.20125 4.28733 3.70931 1.77291 2.19037 1.3363 2.64028 3.88569 2.62391 2.11288 2.84694 2.07079 2.06907 5.70272 2.455 3.11971 2.68741 3.74411 3.40147 4.13908 3.22664 3.56813 4.12567 2.9343
threshold=5.8421117616699698 0.31783804223313689 2.1620953017602393 1.5969722503765726 2.2313089446627652 0.060606060603761801 0.33152882571808501 -0.23478014399985478 40.542074974675458 2.488750405270491 49.290923380124958 1.0000000180025095e-35 1.5000000000000002 0.016538117899450349 25.039018712157532 0.47092151674202992 0.4328930062087557 4.8514164773982102 25.345065020802085 4.1361420092885135 25.425048288441989 -0.83308365185115341 4.0855063657251689 4.2251753705746422 -0.14114886333842588 -0.27704583218941187 0.083897528437183774 0.34765097715127646 0.52034188820984839 3.9999999966262485
decision_type=2 2 2 2 2 2 2 2 2 2 2 2 2 2 2 2 2 2 2 2 2 2 2 2 2 2 2 2 2 2
left_child=4 2 3 -2 5 -1 7 -7 -9 10 -6 -11 13 -13 -14 16 17 18 19 -15 -20 -22 29 -24 25 -25 -26 -28 -29 -23
right_child=1 -3 -4 -5 9 6 -8 8 -10 11 -12 12 14 15 -16 -17 -18 -19 20 -21 21 22 23 24 26 -27 27 28 -30 -31
leaf_value=-0.0439907079876918 -0.05310521345920946 0.0084370613884019001 -0.05456813213367067 0.063910673732262072 -0.0027102447091616544 -0.023717574500144833 -0.035044927277158237 -0.0038466619077063453 0.050933211282671288 0.0035582948224818743 0.047625345532009956 -0.040113492679882769 0.054210103669274916 -0.050248496281443039 0.0015668909724519651 0.020972272773998348 -0.047223019845115552 -0.031852098562461219 0.037159330921154483 0.015385524927837409 -0.052095835191880803 0.0022600327526612033 -0.029537177852201554 -0.00020744260493150702 -0.032300484584190811 0.0587195065896986 0.021730134934284953 -0.057478989405754514 -0.0015720662778260432 0.035605358663333579
leaf_weight=5.0492193885147598 1.9001475404947981 2.7379703149199486 3.1729675754904747 0.81929971463978279 4.2185051143169385 6.4208923727274021 5.126439467072486 5.570619642734524 6.9402692392468452 204.99951462447643 4.4317872300744057 8.0094489231705648 2.3922848254442206 7.6846857964992505 224.21327602863312 7.7878717333078376 4.0242504626512519 6.6666680723428717 3.9976917058229438 5.8129221349954605 3.1100084632635108 44.97497496008873 15.435494296252726 8.4219811260700208 10.699364334344869 4.6118269935250202 11.455894753336908 4.1751681268215206 15.741398856043814 7.731589086353778
leaf_count=33 52 37 76 17 21 46 33 33 37 1003 21 47 10 40 1050 35 20 38 19 30 17 227 85 44 54 23 51 21 75 38
internal_value=-8.0734e-05 -0.0230104 -0.0376227 -0.0178513 0.000228614 -0.00762693 4.91381e-06 0.00949588 0.0265418 0.000603092 0.0230781 0.000280114 -0.00141287 -0.00611619 0.00212265 -0.00443876 -0.00571929 -0.00460965 -0.00334714 -0.0219823 -0.00141757 -0.00263806 -0.00139005 -0.00777208 -0.00167552 0.020643 -0.00858977 -0.000503398 -0.013292 0.0071515
internal_weight=648.334 8.63039 5.89241 2.71945 639.704 29.1074 24.0582 18.9318 12.5109 610.597 8.65029 601.946 396.947 170.341 226.606 162.332 154.544 150.52 143.853 13.4976 130.355 126.358 123.248 70.5411 55.1056 13.0338 42.0718 31.3725 19.9166 52.7066
internal_count=3333 182 145 69 3151 182 149 116 70 2969 42 2927 1924 864 1060 817 782 762 724 70 654 635 618 353 268 67 201 147 96 265
is_linear=0
shrinkage=0.05


Tree=63
num_leaves=31
num_cat=0
split_feature=2 3 0 4 4 4 4 0 4 3 4 2 3 4 0 0 3 2 0 4 2 4 2 2 0 5 0 0 2 2
split_gain=1.70086 1.50183 0.813601 0.735779 1.18804 2.42505 1.34026 4.52707 3.84491 2.73288 2.00524 4.27918 1.84888 1.82306 2.44032 1.82202 1.39719 1.39453 1.37492 1.25247 4.19801 1.09196 2.28321 4.53906 2.10089 3.59298 2.37569 2.05936 1.84818 3.39703
threshold=5.8421117616699698 0.31783804223313689 76.799280751149567 -1.0825435314252021 -0.89379055948823305 -0.80355167576219444 -0.54280343073795789 52.866884243325096 -0.66302616647761392 0.25637414227139416 -0.47650873808617672 3.9320585116610536 0.092436974784749867 -0.42599239002695016 26.978287232737149 27.56364074996916 0.22162162161262935 3.5260973241850899 56.502848403159369 -0.40837335237544453 3.9171548105149725 -0.2196219484294874 4.2917440240118685 4.2059132540748605 26.556424364441913 1.0000000180025095e-35 25.821318316057887 27.308627748143177 4.3395367814564167 4.2500134529933433
decision_type=2 2 2 2 2 2 2 2 2 2 2 2 2 2 2 2 2 2 2 2 2 2 2 2 2 2 2 2 2 2
left_child=3 2 -2 -1 -5 -6 7 8 12 -10 11 17 -7 14 -12 -13 18 -8 -16 20 -15 22 23 24 25 -21 -27 -26 29 -23
right_child=1 -3 -4 4 5 6 10 -9 9 -11 13 15 -14 19 16 -17 -18 -19 -20 21 -22 28 -24 -25 27 26 -28 -29 -30 -31
leaf_value=0.017071269945996378 -0.044627644894868063 0.0079728713415520205 0.009776109466039044 -0.019232965059608864 0.027156996197207822 0.03013728461492951 0.0074417909165739975 0.028700919259315838 -0.047440181775186982 0.00036177934376361844 -0.046385980989047115 0.05596609485122294 -0.010002392195893809 0.059226910587831354 0.020789197763833332 0.017872501163041253 -0.027980214279580137 -0.033184207370014505 -0.015350123191019039 0.043412614458637783 -0.0087909861227595722 0.0016192704987443623 0.0078184100399144533 -0.049316556186679288 -0.043446889618007176 -0.033673359970672959 0.019928844493480997 -0.0071832206320036566 -0.0028620912780360974 0.018460472406978772
leaf_weight=6.4083306640386573 4.9026636090129596 2.7521346360445023 0.79924923554062832 7.8934859707951537 8.2856629788875562 3.9495769590139398 4.3845405280590075 6.419992644339799 11.402898676693438 4.0526449978351602 4.7018606215715435 5.3441935181617719 10.483715564012526 3.7921954616904241 5.9412858709692937 7.6071701496839523 4.6836955994367591 4.0759721025824547 4.7247866094112396 5.390483707189559 5.6458213701844215 234.46207452565432 25.165048480033875 6.5742018595337859 4.3590213805437079 4.4887443929910642 3.8316056504845619 38.43086763471365 172.4354410469532 34.326623849570751
leaf_count=28 127 37 18 42 41 20 24 35 69 20 26 26 52 21 31 38 25 22 27 26 30 1122 127 40 25 25 20 217 812 160
internal_value=-8.05048e-05 -0.0223607 -0.0370018 0.000214144 4.34473e-05 0.000286916 -7.41117e-05 -0.00939337 -0.0175759 -0.0349059 0.00050892 0.0155252 0.00098157 -6.63097e-05 -0.0148698 0.0335913 -0.00521586 -0.0121304 0.00478044 0.000484501 0.0185386 0.000162676 -0.00491485 -0.00999505 -0.00541975 0.011613 -0.008989 -0.0108774 0.00117813 0.00377004
internal_weight=647.716 8.45405 5.70191 639.262 632.854 624.96 616.674 36.3088 29.8888 15.4555 580.366 21.4119 14.4333 558.954 20.0516 12.9514 15.3498 8.46051 10.6661 538.902 9.43802 529.464 88.24 63.0749 56.5007 13.7108 8.32035 42.7899 441.224 268.789
internal_count=3333 182 145 3151 3123 3081 3040 196 161 89 2844 110 72 2734 109 64 83 46 58 2625 51 2574 480 353 313 71 45 242 2094 1282
is_linear=0
shrinkage=0.05


Tree=64
num_leaves=31
num_cat=0
split_feature=2 1 2 0 1 1 1 0 2 5 2 2 3 0 3 0 3 3 0 1 2 0 1 0 1 0 0 2 1 0
split_gain=1.56761 1.78624 1.94937 1.69541 0.751462 2.78857 2.6181 3.16393 4.51644 3.66717 3.48704 4.06488 3.49124 4.11086 3.40201 2.87182 2.76183 2.58233 3.07586 2.19657 1.09809 4.07872 3.98458 3.14306 2.85677 4.82136 3.75227 4.28193 7.41302 6.10872
threshold=5.8421117616699698 266.87523904007645 6.785606000581498 78.412966621658555 204.40605464703427 201.99586115511167 218.11136839351116 27.490285619065663 2.308270814965018 1.5000000000000002 4.5486625718968687 4.8756169652135251 0.1830985915364047 38.962074463542116 0.11999999999499941 26.161930557385841 0.1875334941013653 0.11288840594485838 28.800966363880637 266.87523904007645 4.0335752908212514 78.412966621658555 195.26626223078662 77.499346998107129 190.46172881546212 29.540414392980495 37.495179481190526 4.6453647146301469 179.57372080537542 30.01452901750017
decision_type=2 2 2 2 2 2 2 2 2 2 2 2 2 2 2 2 2 2 2 2 2 2 2 2 2 2 2 2 2 2
left_child=4 -2 -3 -4 5 20 17 9 -9 14 12 -12 19 -14 -8 -16 -11 -6 -19 -10 21 22 -1 24 26 -26 27 -22 29 -29
right_child=1 2 3 -5 6 -7 7 8 10 16 11 -13 13 -15 15 -17 -18 18 -20 -21 23 -23 -24 -25 25 -27 -28 28 -30 -31
leaf_value=0.00090331375426855516 -0.056367441818711242 0.023801646343550083 -0.051373493658045333 0.051049459331247854 0.0076059679071707924 0.033543916069656558 -0.033523182018594125 -0.045569457442739082 0.02148335737415356 -0.0045741731911384401 -0.030783116506814773 0.019678947712484775 0.070260072274045446 0.011836998959148252 0.052422008544915633 -0.0058796377925110898 -0.058015091400451774 -0.0068238999406072384 -0.050927642435877329 -0.02361610553465195 -0.0051173424017167679 0.041251126453664036 0.044023036421688783 -0.037968802321233092 0.0037736864083110799 -0.042731944483011111 0.012075236123004681 0.017758315844944656 0.064576560895722487 -0.037691749811315345
leaf_weight=223.24974358081818 2.5637317895889264 2.7880780547857285 2.4589351881295447 0.48347702436149109 6.5253629311919239 6.4612974375486365 4.1191465333104142 3.5190779268741599 8.0894924998283404 4.019583448767662 7.7058491110801688 8.2777191661298257 6.7778448015451414 5.4176585599780083 4.0314970910549146 4.4367146119475365 6.0662596374750137 7.5985488072037688 8.2405398488044721 4.0523351207375518 191.64274410903454 6.7936348319053641 5.4893402010202399 5.7854069843888274 11.930589348077776 10.458664320409296 56.867897972464561 18.594163373112686 6.0409390926361075 6.7772626578807822
leaf_count=1097 41 24 105 12 38 34 22 31 42 20 38 43 30 31 18 23 29 37 48 23 918 33 30 38 56 55 272 85 27 33
internal_value=-7.95559e-05 -0.0216769 -0.00615689 -0.0345441 0.000200791 0.000890018 -0.00406505 0.000911085 0.00875352 -0.0142527 0.0134947 -0.00464935 0.0254107 0.0443066 0.00374709 0.0218763 -0.0367169 -0.0188644 -0.0297696 0.00643141 0.000501911 0.00307204 0.00193811 -0.00146289 -0.000764269 -0.0179504 0.000610343 -0.00231263 0.0147985 0.00294639
internal_weight=647.264 8.29422 5.73049 2.94241 638.969 550.092 88.8776 66.5132 43.84 22.6732 40.3209 15.9836 24.3373 12.1955 12.5874 8.46821 10.0858 22.3645 15.8391 12.1418 543.63 235.533 228.739 308.098 302.312 22.3893 279.923 223.055 31.4124 25.3714
internal_count=3333 182 141 117 3151 2678 473 350 238 112 207 81 126 61 63 41 49 123 85 65 2644 1160 1127 1484 1446 111 1335 1063 145 118
is_linear=0
shrinkage=0.05


Tree=65
num_leaves=31
num_cat=0
split_feature=2 1 2 3 1 1 4 4 3 1 1 2 2 2 4 2 2 4 4 4 3 2 1 4 3 3 4 4 1 3
split_gain=1.44954 1.7202 1.79621 1.1405 0.738609 7.3117 2.62507 4.43297 3.59998 3.04294 2.34964 2.30109 5.61964 2.68831 2.22144 5.84533 2.11034 2.02312 2.38843 2.37741 4.83079 3.01667 2.54984 4.46158 2.64822 6.65362 2.83381 2.93266 2.49627 2.27586
threshold=5.8421117616699698 266.87523904007645 6.785606000581498 0.051579647487827417 130.60963517657592 132.14855255947001 2.0885214968309507 1.308932603651894 0.26822455374689724 126.82926493407199 116.39616750453574 4.4973890726280104 4.5867547731018563 4.4375169019625327 -0.23048438736049967 4.2304019676517131 4.3843950743625362 0.094671997567211272 0.03247880264475609 0.29823349223901663 0.28646080253495004 4.4184592931257365 147.36506323641046 2.3656710479827012 0.31783804223313689 0.21839080459101398 0.84920125101373756 1.4646777298908795 139.12124010638931 0.079809368096845842
decision_type=2 2 2 2 2 2 2 2 2 2 2 2 2 2 2 2 2 2 2 2 2 2 2 2 2 2 2 2 2 2
left_child=4 -2 -3 -4 6 -6 7 9 -8 11 -9 13 -13 16 -11 -16 -1 18 29 20 21 -19 23 24 25 26 28 -28 -21 -7
right_child=1 2 3 -5 5 17 8 10 -10 14 -12 12 -14 -15 15 -17 -18 19 -20 22 -22 -23 -24 -25 -26 -27 27 -29 -30 -31
leaf_value=0.0012016138493332839 -0.05606243934647135 0.022299686874848602 0.02264427204328523 -0.051645711048006394 -0.047029913201372765 -0.012067296565947233 -0.045661882627501309 0.014454399933318131 0.012744108160477718 0.00068084185018356673 0.059269342986125621 -0.055471510526370518 0.0086624221210785338 0.033275118277504227 0.058359710856136261 -0.0055021217286865985 -0.028692957484873521 0.010509312934765211 -0.024749013057057602 -0.035362915920625369 -0.024312337541062306 0.042082919915174814 -0.0019619907795617843 0.054988779467134014 0.038427939563838776 -0.052956983737167673 0.060505359338709111 0.0028616857529767149 0.018738546832384795 0.00099835101324267472
leaf_weight=145.20535665005445 2.4516293015331012 2.8260582834482193 0.67800907976925406 2.1704428475350142 8.4686938822269422 45.093584038317204 6.3566408753395063 6.962141886353491 4.5102860331535339 10.480330869555475 5.0436094999313354 6.1679710596799833 7.6544594541192055 6.3180026710033408 8.3170043975114805 6.2953447103500357 6.1536551564931861 20.195530585944653 12.85565562546253 4.2191907912492841 6.7014675289392462 12.096494331955908 153.2925942465663 5.3908101171255103 4.9177014529705039 4.9942577183246604 4.5229992866516096 4.3081139326095581 4.3102942556142807 127.75186847522855
leaf_count=696 41 24 34 83 51 256 32 30 20 50 23 30 36 29 36 29 28 94 61 21 31 51 738 24 21 24 20 20 20 680
internal_value=-7.9105e-05 -0.0210635 -0.00594251 -0.0339627 0.000187927 -0.00104257 0.00253786 0.00378598 -0.0214206 0.00198473 0.0332811 -0.000394719 -0.019956 0.00132008 0.0182474 0.0308465 -1.37805e-05 -9.41944e-05 -0.0039568 0.00309447 0.0143195 0.0223367 0.000740668 0.0134245 0.00520876 -0.00209891 0.0125318 0.0323848 -0.00802326 -0.00241034
internal_weight=646.71 8.12614 5.67451 2.84845 638.584 419.119 219.465 208.598 10.8669 196.592 12.0058 171.499 13.8224 157.677 25.0927 14.6123 151.359 410.651 185.701 224.949 38.9935 32.292 185.956 32.6634 27.2726 22.3549 17.3606 8.83111 8.52949 172.845
internal_count=3333 182 141 117 3151 2112 1039 987 52 934 53 819 66 753 115 65 724 2061 997 1064 176 145 888 150 126 105 81 40 41 936
is_linear=0
shrinkage=0.05


Tree=66
num_leaves=31
num_cat=0
split_feature=2 4 0 0 2 2 1 0 2 4 0 0 0 2 1 2 0 2 4 4 1 4 1 1 0 1 2 1 4 2
split_gain=1.34181 1.9867 2.21999 2.63566 1.27211 1.17418 1.18826 2.35275 1.1457 0.917974 2.33457 1.84695 4.2562 3.66792 3.21044 2.9002 3.47535 2.77244 2.55349 5.22339 2.1052 1.93703 1.7487 2.43244 3.65405 1.98225 2.52193 1.73354 2.03126 1.67376
threshold=5.4877058822079894 5.1193809898612566 83.395472401757971 27.704092925750775 5.2642381170337798 4.9008961278092942 244.84822745990905 28.326889553751379 5.0725884509381176 1.2067170955782769 25.085545652214424 28.280831033754179 26.280623453276295 3.8257916672875245 158.54887925779283 2.488750405270491 40.902494064944086 3.901259932561707 1.5026783454468948 2.419916050869594 122.8416142888034 3.3819052973577963 233.83689043865982 219.66095643683028 27.2518863809712 211.23592373204849 3.9609168116761926 232.24821313392786 2.0485615759114704 4.3369383563430963
decision_type=2 2 2 2 2 2 2 2 2 2 2 2 2 2 2 2 2 2 2 2 2 2 2 2 2 2 2 2 2 2
left_child=4 2 3 -2 5 9 7 -7 -9 22 -11 12 14 15 20 -13 -17 -16 -14 29 -12 -21 23 25 -25 -1 -27 28 -15 -20
right_child=1 -3 -4 -5 -6 6 -8 8 -10 10 11 13 18 27 17 16 -18 -19 19 21 -22 -23 -24 24 -26 26 -28 -29 -30 -31
leaf_value=1.6946241726659698e-05 0.043163053981615802 0.02698116679050654 0.04335351492123804 -0.044944451479085192 0.023675993122240977 0.0021715683724843494 0.010605458157358782 -0.056247611191424712 -0.01844447642568554 0.05795173080680896 0.019066332590668839 0.013030273024279157 -0.050271268319452514 0.031010507925618814 0.061449710225180303 -0.0014786368641729318 -0.067145540856375682 0.011433842246315502 0.029476720925443428 -0.058715693823462117 -0.023259273783897777 -0.01560084595105252 -0.015125928666185159 -0.014159132424481203 0.039831449939657149 -0.061850219979797297 -0.006927954319430287 0.04915090839933034 0.0033597955634077138 -0.010089628833728468
leaf_weight=465.42437316477299 0.95661190524697115 2.1084806676954022 1.0113693475723255 7.530998757109046 5.733135573565959 7.1388539597392109 4.4799106866121283 3.9976784437894803 4.0194609761238098 2.0233330577611914 5.0348282158374804 7.90611254423857 4.6839055716991451 12.120743915438657 4.5807002782821638 4.7470080405473691 3.5007506459951401 7.0118613392114639 6.8826955854892748 4.7110731452703458 7.0536388158798218 5.8275577872991562 19.531483691185713 4.8312604129314414 8.9197213873267156 2.8747470900416356 7.6582010090351105 4.5775526612997046 14.693740315735338 4.3699690997600555
leaf_count=2283 14 32 15 147 26 36 21 23 24 9 22 46 23 53 21 22 20 30 30 25 32 29 118 24 41 22 39 20 66 20
internal_value=-7.80476e-05 -0.0169245 -0.0266702 -0.0350141 0.00023022 1.63836e-05 -0.0120179 -0.0187051 -0.0372947 0.000404426 0.00479122 0.00369031 -0.00300298 0.0107511 0.0123976 -0.00860847 -0.0293509 0.0311972 -0.0167782 -0.00957909 -0.00563072 -0.0348744 -0.000454648 0.0001305 0.0208624 -0.000468471 -0.0219178 0.0207132 0.0158585 0.0141111
internal_weight=645.942 11.6075 9.49898 8.48761 634.334 628.601 19.6359 15.156 8.01714 608.965 99.7255 97.7021 50.1562 47.5459 23.681 16.1539 8.24776 11.5926 26.4752 21.7913 12.0885 10.5386 509.24 489.708 13.751 475.957 10.5329 31.392 26.8145 11.2527
internal_count=3333 208 176 161 3125 3099 104 83 47 2995 468 459 232 227 105 88 42 51 127 104 54 54 2527 2409 65 2344 61 139 119 50
is_linear=0
shrinkage=0.05


Tree=67
num_leaves=31
num_cat=0
split_feature=2 4 3 3 3 2 2 3 3 2 3 3 3 4 5 5 3 4 2 4 2 4 3 3 3 3 4 1 2 2
split_gain=1.23162 1.87541 4.90414 1.4165 1.39704 1.14317 1.06779 1.50882 1.44202 1.20405 1.04865 0.984767 0.897885 2.16784 2.81143 5.76123 2.14159 1.18419 3.53464 1.64843 1.82153 2.33275 1.64746 3.35761 3.06134 2.23411 1.99226 5.19705 4.04158 4.85239
threshold=5.4877058822079894 3.3819052973577963 0.31783804223313689 0.20117785425839674 0.11519105589130081 5.2642381170337798 4.9008961278092942 0.19122909211265496 0.28421052630532101 5.0725884509381176 0.050678955451304471 0.07627704605437885 0.011494376841730042 0.54006369925731346 1.5000000000000002 1.0000000180025095e-35 0.015483300912028894 1.308932603651894 4.826477265739201 1.2385574471743122 4.7186384224662632 1.1788855310017248 0.065692182192923013 0.1875334941013653 0.23809523807444857 0.033632456072933088 2.7709547501131695 143.6619710890599 3.6271239157215942 4.3369383563430963
decision_type=2 2 2 2 2 2 2 2 2 2 2 2 2 2 2 2 2 2 2 2 2 2 2 2 2 2 2 2 2 2
left_child=5 3 11 4 10 6 12 9 -9 -8 -2 -3 13 14 15 -1 -14 18 19 20 21 -18 25 -24 -25 -19 28 -28 -26 -30
right_child=1 2 -4 -5 -6 -7 7 8 -10 -11 -12 -13 16 -15 -16 -17 17 22 -20 -21 -22 -23 23 24 26 -27 27 -29 29 -31
leaf_value=0.039490788377412211 -0.0030978469317936917 0.012409947124708177 0.076795992650928638 -0.059528082200416325 0.037734411131724044 0.02239613475689007 -0.011010116659004485 0.020018363994822163 -0.015726816992624394 -0.049901451085238011 -0.05614276615261167 -0.058188145041168343 -0.028061166199855381 -0.020007713187235543 0.055437514793584303 -0.034420849098836796 -0.00077325940887392527 -0.0061950691654013099 -0.046641671308116923 -0.029591046453153302 0.019615563197434439 0.032211469737542596 -0.011261079649605099 0.034381214958353869 -0.022962941701421991 0.037347750407107007 0.030912921679915342 -0.033986093688072615 0.051035854315175523 -0.0011474604038453297
leaf_weight=5.9395983815193194 1.940531956031917 0.72096492722630579 1.6659950893372295 2.756031034514308 1.0093867368996141 5.7570872381329528 4.548426032066347 5.0888242572545987 6.332457035779953 3.5382217839360237 1.7922087982296941 1.5687620211392639 6.7042537927627555 4.3423089534044257 4.0887683033943167 4.7409628182649612 468.80706020072103 4.5236293375492087 4.1319074332714072 4.7254023551940909 11.650653347373007 5.4222180396318427 26.956855557858944 10.689332097768782 5.939058884978297 8.4460056424140912 4.7467923015356055 8.8100769668817502 8.8146679699420947 9.0067563652992231
leaf_count=28 48 14 17 43 16 26 27 24 31 22 37 33 35 21 19 27 2330 22 21 22 53 24 133 48 31 39 21 44 38 39
internal_value=-7.66e-05 -0.0163262 0.011529 -0.0310214 -0.0144539 0.000217081 1.37564e-05 -0.011501 0.000199675 -0.0280266 -0.0285664 -0.035959 0.000382917 0.0110489 0.0201798 0.00668237 3.70503e-05 0.000360351 -0.000589942 -0.000202092 8.37291e-05 -0.00039612 0.00570697 0.00286028 0.0107898 0.0221606 0.00403212 -0.0112624 0.0127586 0.024663
internal_weight=645.205 11.4539 3.95572 7.49816 4.74213 633.751 627.994 19.5079 11.4213 8.08665 3.73274 2.28973 608.486 19.1116 14.7693 10.6806 589.375 582.67 494.737 490.605 485.88 474.229 87.9332 74.9635 48.0067 12.9696 37.3174 13.5569 23.7605 17.8214
internal_count=3333 208 64 144 101 3125 3099 104 55 49 85 47 2995 95 74 55 2900 2865 2450 2429 2407 2354 415 354 221 61 173 65 108 77
is_linear=0
shrinkage=0.05


Tree=68
num_leaves=31
num_cat=0
split_feature=1 3 4 5 3 1 4 4 4 1 0 1 5 0 0 4 1 3 3 3 1 1 5 0 1 0 4 4 4 4
split_gain=0.850452 2.53241 4.55042 2.8292 2.72129 2.71536 1.94596 1.65846 2.46494 3.7003 2.94296 2.8586 2.88467 2.74668 2.43508 1.99825 1.93567 1.79325 6.49492 4.4134 3.35038 11.6665 4.42869 4.26207 3.73174 2.2097 1.77678 1.73366 5.17847 4.49484
threshold=164.36445126393099 0.04651162790577449 3.085237636225219 1.5000000000000002 0.051579647487827417 203.69234013607721 6.2597502431904433 0.094671997567211272 0.29823349223901663 212.45689242294443 27.797844012662008 260.36953973681062 1.5000000000000002 28.884894629688215 27.115002229315937 -0.80355167576219444 328.49483056899425 0.10424081596434402 0.087378640772457467 0.13152652547008956 218.11136839351116 225.75653526687111 1.0000000180025095e-35 25.545709984969779 182.99279996661656 31.722622867669621 -0.15838795858307531 2.641372599443867 1.747809742507638 3.6444837612088317
decision_type=2 2 2 2 2 2 2 2 2 2 2 2 2 2 2 2 2 2 2 2 2 2 2 2 2 2 2 2 2 2
left_child=-1 2 3 -2 -3 -5 7 15 9 10 -9 27 13 -13 -14 -6 -16 18 25 -19 22 -22 -21 -24 -25 -17 -23 28 -10 -29
right_child=1 4 -4 5 6 -7 -8 8 11 -11 -12 12 14 -15 16 17 -18 19 -20 20 21 26 23 24 -26 -27 -28 29 -30 -31
leaf_value=0.0012730144519944898 -0.034024249928784188 0.040639505026208368 0.042115995908022855 -0.024798935786113946 0.025581198587125532 0.027046940394663224 -0.038147334479971838 0.012289297455832801 -0.0074859438691695914 -0.016660930073974518 0.060603121055015245 0.08115473111769117 -0.059070634009742412 0.020798365394292733 0.043080286973080265 -0.050234783228898683 -0.017488153653633719 -0.054469374593056619 0.04620667162272353 0.0033526689901359091 0.08810771846540591 -0.040983031952411583 0.020533852771965386 -0.018431830521033261 -0.066553657888612699 0.0019359270400496602 0.0060505526181236632 -0.045440160393078667 0.026456385714151431 0.007325227890207617
leaf_weight=415.60303267091513 17.931280337274082 3.9519583564251652 3.0615320391952983 5.5042437762022001 4.5351589713245621 4.66656144708395 3.5128520224243394 6.8318886309862155 52.741695921868086 4.8785048052668563 5.8517265617847443 2.4901409726589936 1.6606318056583393 7.7560651525855064 2.4370528608560562 3.7566107735037786 2.8755461536347866 5.7034137565642586 6.0776807554066172 16.709180444478989 3.7444893941283217 4.2404190041124812 3.2409900575876263 8.1206147298216838 7.9952409118413916 4.4149960819631815 3.8140557855367652 7.9058893062174347 14.279652876779435 8.2454096395522338
leaf_count=2007 120 27 22 31 24 34 33 30 252 24 26 15 8 68 17 27 35 39 38 89 17 31 17 46 47 32 19 44 72 42
internal_value=-7.49785e-05 -0.00252209 -0.0157697 -0.022076 -0.000434607 -0.00101105 -0.0012721 -0.000591427 0.00306423 0.0203456 0.0345794 4.1117e-05 0.018584 0.0354668 -0.00622289 -0.00655112 0.0102965 -0.0086999 0.00706449 -0.0128933 -0.0079392 0.0151886 -0.0155054 -0.0317841 -0.0423056 -0.0220477 -0.0187111 -0.00379787 -0.000254148 -0.0185029
internal_weight=644.539 228.935 31.1636 28.1021 197.772 10.1708 193.82 190.307 117.954 17.5621 12.6836 100.392 17.2194 10.2462 6.97323 72.3529 5.3126 67.8177 14.2493 53.5684 47.865 11.799 36.066 19.3568 16.1159 8.17161 8.05447 83.1726 67.0213 16.1513
internal_count=3333 1326 207 185 1119 65 1092 1059 633 80 56 553 143 83 60 426 52 402 97 305 266 67 199 110 93 59 50 410 324 86
is_linear=0
shrinkage=0.05


Tree=69
num_leaves=31
num_cat=0
split_feature=2 1 1 5 3 0 2 3 3 0 5 2 5 5 2 0 0 3 3 3 0 2 3 2 0 3 0 0 2 1
split_gain=1.18447 1.61726 2.0223 3.07729 3.06165 1.25884 0.7456 2.98697 2.84833 3.07658 1.97259 1.61561 1.32373 0.960725 3.0088 2.51228 5.43576 2.93129 2.8477 3.74329 2.90484 2.62093 4.4546 4.81805 3.79589 3.7474 3.41375 2.679 2.59532 3.27141
threshold=5.8421117616699698 266.87523904007645 309.60199633185249 1.5000000000000002 0.45172331129759241 58.766054687840828 2.2313089446627652 0.060606060603761801 0.33152882571808501 66.103452128916175 1.0000000180025095e-35 2.4191045295202458 1.5000000000000002 1.0000000180025095e-35 2.6710465636629137 77.499346998107129 68.607783511079717 0.23450883099001787 0.13152652547008956 0.11428571428026794 25.190084981370003 4.0392170876305942 0.044217827575367956 3.8282753582792135 26.00329428752482 0.057116715787194815 47.635070883055917 30.01452901750017 4.4468372840395132 133.82987942038878
decision_type=2 2 2 2 2 2 2 2 2 2 2 2 2 2 2 2 2 2 2 2 2 2 2 2 2 2 2 2 2 2
left_child=6 -2 -3 -4 5 -5 7 -1 9 10 -9 -8 -12 14 -13 16 18 -18 19 21 -20 22 -16 -24 -23 26 27 -26 29 -22
right_child=1 2 3 4 -6 -7 11 8 -10 -11 12 13 -14 -15 15 -17 17 -19 20 -21 28 24 23 -25 25 -27 -28 -29 -30 -31
leaf_value=-0.043112388985580466 -0.055445864320834107 0.072024571912850097 -0.055911320031873435 -0.052208444308759622 0.10173750264865918 0.044193105594031112 0.026827802905071304 -0.027093557040318645 -0.033957917800153732 0.046553253132432068 0.033464980216958602 -0.038199173257840863 -0.0042091570196880253 -0.0011584116496284871 -0.015212033275445729 -0.02760461477718287 0.059646083187140243 0.0053502791296470079 0.045529735319446318 -0.039971924447574997 0.014077146895358161 -0.041824072446626816 0.002222888779323287 0.05948507793877908 0.0039331390251896555 -0.017470061484383081 -0.025878272878844158 0.045919356502542322 0.019354433099972243 -0.0071338386571108692
leaf_weight=4.9339511580765274 2.2299728933721772 0.7384027000516652 2.4528896920382977 0.9648771118372681 0.82495414838194836 0.52177012991160154 5.7867631614208213 5.1746340058744016 5.0015948042273513 4.1424669697880736 3.9395592138171178 4.3269705623388282 5.7125041633844376 395.8879722058773 9.0192656740546244 6.1197881102561942 6.7382519245147687 3.9389019012451172 4.9568056166172019 6.767069309949874 30.691408045589924 7.0248064398765555 7.7384638190269452 6.9930931478738785 7.6800980567932147 19.342192128300667 4.2736526206135741 7.5186438858509064 27.956014707684517 44.586754977703094
leaf_count=33 41 9 69 37 6 20 28 31 33 23 25 22 37 1932 44 37 29 22 22 38 139 37 43 33 38 97 22 35 124 227
internal_value=-7.50554e-05 -0.0195259 -0.00496984 -0.0169025 0.0244907 -0.0183743 0.000161346 -0.00768455 -0.000392363 0.00845786 -0.00218571 0.000534746 0.0111678 0.000281818 0.00305404 0.00394059 0.00492944 0.0396159 0.00292264 -0.00447056 0.00814049 -0.00101834 0.0124621 0.0294053 -0.00800298 -0.00188192 0.013602 0.0247032 0.00634524 0.00151402
internal_weight=643.984 7.73287 5.50289 4.76449 2.3116 1.48665 636.252 28.9047 23.9708 18.9692 14.8267 607.347 9.65206 601.56 205.672 201.345 195.225 10.6772 184.548 76.3573 108.191 69.5902 23.7508 14.7316 45.8394 38.8146 19.4724 15.1987 103.234 75.2782
internal_count=3333 182 141 132 63 57 3151 182 149 116 93 2969 62 2941 1009 987 950 51 899 387 512 349 120 76 229 192 95 73 490 366
is_linear=0
shrinkage=0.05


Tree=70
num_leaves=31
num_cat=0
split_feature=2 1 1 5 1 2 1 2 0 4 1 2 0 5 5 5 4 2 0 2 0 0 1 2 1 0 0 2 4 4
split_gain=1.10059 1.55072 1.77717 2.89459 2.46691 0.678708 2.69805 3.34922 2.4513 3.51491 1.50753 1.4639 1.90297 1.10007 1.06365 2.2408 2.43809 2.36917 2.25027 2.19407 2.24318 5.78311 2.64503 5.45808 2.9374 4.95992 3.00347 2.91379 2.21224 1.96053
threshold=5.8421117616699698 266.87523904007645 309.60199633185249 1.5000000000000002 399.99999791291822 2.2313089446627652 196.74267009426782 1.1562723652743909 40.542074974675458 -0.29128728726922143 130.60963517657592 2.488750405270491 49.290923380124958 1.5000000000000002 1.0000000180025095e-35 1.5000000000000002 -0.57726659783204759 4.0086755383060924 25.039018712157532 2.7518244695073806 32.310681622377437 31.601532176884934 200.10952851813136 4.5142782259919692 123.8270286059179 25.934033946363552 25.31432670476401 4.1361420092885135 0.0097013864150368671 -0.16394054346414691
decision_type=2 2 2 2 2 2 2 2 2 2 2 2 2 2 2 2 2 2 2 2 2 2 2 2 2 2 2 2 2 2
left_child=5 -2 -3 -4 -5 6 7 -1 10 -10 -9 12 -7 -8 -13 16 17 -16 -17 -18 21 22 24 -24 25 -21 27 -26 -27 -22
right_child=1 2 3 4 -6 11 13 8 9 -11 -12 14 -14 -15 15 18 19 -19 -20 20 29 -23 23 -25 26 28 -28 -29 -30 -31
leaf_value=0.046034884586448749 -0.055183544938547817 0.065476551377783382 -0.055662899874584539 0.07944062910724517 -0.024167038244627376 -0.0032692450171567925 -0.016237185066553719 -0.0097460621714320263 -0.026539639862247472 0.03274375153571011 -0.05204154441597602 0.0031380257307023329 0.043417021307035543 -0.058437028105326388 -0.0554131274515706 0.050539387772608295 0.037052095831252796 -0.0087606342171634693 0.0014389913630552147 0.039743360806749818 0.00049186197963523926 0.053259039285588942 0.037685912313183044 -0.025214177904932619 -0.065742569233905354 -0.028758093845203669 -0.0078924202773646111 -0.0080708074208480623 0.010623906942256209 -0.020936188849573854
leaf_weight=3.4461935535073343 2.1310444585978976 0.77074716240167607 2.3434115229174495 1.0576913552358749 1.2576817031949756 4.2298507243394834 3.198336035013198 5.1392985880374926 4.1853495314717346 6.2101409211754728 3.5704179108142853 204.24322021007538 4.5099138468503952 2.9862359613180161 4.6678450405597669 2.3581456393003455 3.1790461540222159 6.5260794535279274 223.11509816348553 8.2079133242368716 15.947173006832598 4.7191880717873564 9.9349697232246381 5.2827596068382254 4.7815824151039106 7.1229152083396894 54.785513915121555 4.0411186218261719 7.1409837901592255 32.284926012158394
leaf_count=19 41 9 69 22 41 21 25 29 28 33 21 1003 21 27 27 10 16 36 1050 39 90 23 49 27 27 36 276 21 35 162
internal_value=-7.44993e-05 -0.0190388 -0.00485235 -0.0164875 0.0231622 0.000151009 -0.00735754 0.000665714 -0.00751797 0.00887554 -0.0270845 0.000506425 0.0208219 -0.0366135 0.000209682 -0.00130796 -0.0056677 -0.0282146 0.00195252 -0.0040645 -0.00491191 -0.000844938 -0.0033655 0.0158505 -0.0067626 0.00877694 -0.0122525 -0.0393268 -0.00904215 -0.0138513
internal_weight=643.375 7.56058 5.42953 4.65878 2.31537 635.814 28.736 22.5514 19.1052 10.3955 8.70972 607.078 8.73976 6.18457 598.338 394.095 168.622 11.1939 225.473 157.428 154.249 106.017 101.298 15.2177 86.08 22.4718 63.6082 8.8227 14.2639 48.2321
internal_count=3333 182 141 132 63 3151 182 130 111 61 50 2969 42 52 2927 1924 864 63 1060 801 785 533 510 76 434 110 324 48 71 252
is_linear=0
shrinkage=0.05


Tree=71
num_leaves=31
num_cat=0
split_feature=1 1 0 1 0 3 3 4 4 3 3 5 1 0 1 1 1 1 1 1 1 1 1 0 4 1 4 3 3 1
split_gain=0.830907 1.98669 2.07223 2.70621 4.13988 2.95186 4.00237 2.99039 2.72936 2.55757 3.00973 2.4245 1.86374 1.8832 1.67491 1.50544 2.33733 1.47608 2.50721 2.25553 2.95224 1.41314 3.91943 1.91963 1.46177 1.40686 3.83408 4.35433 5.19477 2.14914
threshold=189.61940964694904 193.98781229044263 41.587910614520894 205.75107587233413 31.601532176884934 0.33333333331384757 0.28040508091260635 2.7039449141482303 1.7812749596480175 0.25637414227139416 0.075268817196197949 1.0000000180025095e-35 222.79708247803228 27.371425950573258 200.10952851813136 186.91155010545793 185.44639116305586 357.79164726281334 276.86843707203587 244.84822745990905 218.11136839351116 271.18913841680109 293.40735310362248 27.138456250507016 1.5026783454468948 175.85381575340136 0.39988234777904091 0.24999999999214362 0.098039215678267996 172.83972002575862
decision_type=2 2 2 2 2 2 2 2 2 2 2 2 2 2 2 2 2 2 2 2 2 2 2 2 2 2 2 2 2 2
left_child=15 -2 3 8 5 6 12 -7 11 10 -6 -3 13 -5 -13 16 25 18 19 20 -4 23 -23 -14 -24 29 27 28 -27 -1
right_child=1 2 17 4 9 7 -8 -9 -10 -11 -12 14 21 -15 -16 -17 -18 -19 -20 -21 -22 22 24 -25 -26 26 -28 -29 -30 -31
leaf_value=0.00064605610354618204 -0.020971491979474972 0.037904828477638632 -0.021825793548066037 -0.010313232534233866 0.035427810545812552 0.030247394229110137 -0.063706185569283591 -0.018783211621640945 0.051990386442862573 0.05022271479093543 -0.014807398248440132 -0.021073657476656741 -0.011441194753968396 -0.055496239963898908 0.017695740509687165 0.022754594250812388 -0.033439988085793841 -0.042266855025660771 0.023005648209623863 -0.051497570951758845 0.019545227890120823 -0.065866699966225337 0.043847233231945337 0.021963897449270638 -0.018045735250578673 0.015404045825093408 0.031434405695873857 0.036278030225639392 -0.043775004441854559 -0.022901484990399564
leaf_weight=451.2178117800504 14.605887576937674 4.9118829295039239 13.663563849404463 5.3321891799569112 5.2552924444898981 7.9180038813501579 4.0292374677956095 5.1211393252015114 4.6562182307243338 4.7426762729883185 6.8915970101952553 6.3841853663325292 9.307836398482328 4.0636602193117142 4.942574318498373 7.7275760620832434 5.0170793756842604 3.6377191236242643 5.1886464152485123 3.6538222134113303 6.3006823584437361 2.9833444897085419 1.7724605025723579 7.9944119080901137 2.0658617950975895 6.8198344409465816 13.431578382849692 5.2177985459566107 8.1276385486125928 9.9024014025926572
leaf_count=2189 78 24 105 28 36 38 23 26 21 25 42 32 47 24 26 39 26 77 35 24 35 19 20 41 32 37 61 25 46 52
internal_value=-7.42009e-05 -0.00355385 -0.00144818 0.0025195 -0.00234941 -0.00950538 -0.0166227 0.0109906 0.0182431 0.0190844 0.00692662 0.00856651 -0.0109631 -0.0298547 -0.00415614 0.000854389 0.000515738 -0.0122554 -0.00846555 -0.0153794 -0.00876917 -0.00360513 -0.0228779 0.00399345 0.0105352 0.000860094 0.0107382 -0.00304697 -0.0167744 0.000140381
internal_weight=642.885 135.423 120.817 88.3726 67.4777 50.5881 37.549 13.0391 20.8949 16.8896 12.1469 16.2386 33.5198 9.39585 11.3268 507.462 499.734 32.4444 28.8067 23.6181 19.9642 24.1239 6.82167 17.3022 3.83832 494.717 33.5968 20.1653 14.9475 461.12
internal_count=3333 858 780 504 401 298 234 64 103 103 78 82 211 52 58 2475 2436 276 199 164 140 159 71 88 52 2410 169 108 83 2241
is_linear=0
shrinkage=0.05


Tree=72
num_leaves=31
num_cat=0
split_feature=2 3 0 4 0 0 0 2 4 0 3 4 2 2 3 3 4 5 5 4 2 2 4 2 2 3 3 3 5 0
split_gain=0.964784 1.26257 0.934031 0.696789 5.27402 3.79253 6.06694 3.90511 2.61632 5.33701 2.32579 2.27449 1.17634 1.1229 0.834427 3.08139 3.00578 2.99995 4.57611 0.858404 2.41478 2.55426 3.80424 2.28748 7.06393 2.31712 6.44336 5.89995 2.60497 5.34347
threshold=5.8421117616699698 0.31783804223313689 76.799280751149567 -0.68058981404378305 33.47070326485148 26.658685637210976 25.345065020802085 4.259996149287498 -0.54280343073795789 62.455470997965399 0.16964285713527441 -0.52701233024058725 4.0335752908212514 4.1681369836678561 0.011494376841730042 0.014265364264652114 0.47266428175881037 1.5000000000000002 1.0000000180025095e-35 -0.2196219484294874 4.2917440240118685 4.2059132540748605 -0.37016567485314611 4.3060007634785089 4.259996149287498 0.10424081596434402 0.09703066943569208 0.13480703467965058 1.5000000000000002 26.161930557385841
decision_type=2 2 2 2 2 2 2 2 2 2 2 2 2 2 2 2 2 2 2 2 2 2 2 2 2 2 2 2 2 2
left_child=3 2 -2 4 5 6 -1 -7 9 10 13 -10 -8 -5 16 -16 17 18 -13 20 21 -17 -23 24 25 26 28 -27 -21 -30
right_child=1 -3 -4 8 -6 7 12 -9 11 -11 -12 14 -14 -15 15 19 -18 -19 -20 23 -22 22 -24 -25 -26 27 -28 -29 29 -31
leaf_value=0.045493863994711337 -0.042451572675835519 0.0099932550791093436 0.020598133098804886 -0.063465281739100529 -0.033086235789546059 0.015112744509852883 -0.0012865930798374873 0.072196972847312177 0.034115271714166555 0.033846606964460471 -0.011365186832245576 0.0401602282267269 -0.033732095054965917 -0.027628186600112115 -0.04444442492940634 -0.0049342723725580122 -0.023454059682869274 0.059452319200112839 -0.030512984551861095 -0.0037278096017651519 0.0080179316180981376 0.0015043096681752388 -0.063131143485451194 -0.0031491018052542657 0.038152647758293745 -0.025977909205998063 0.063379168772122643 0.0025840080546731107 -0.024333055790835029 0.029107534561845772
leaf_weight=5.1166417449712815 4.0758045092225066 2.593390291556716 0.68631281144917 4.8242086209356838 6.7161515727639189 8.0047008246183378 4.8432149887084943 4.7880632579326621 4.9529328420758238 4.1784706413745871 9.2742614299058896 4.9364285990595835 6.6012065857648849 3.9967461675405502 3.9175550118088713 85.007043067365885 4.7341232374310485 3.9506017416715613 4.2732582837343216 33.936167776584625 33.375647254288197 4.2952645495533943 4.8436043858528119 178.93296142667532 14.490512907505034 20.714268937706947 5.2176387012004843 142.20943011343479 6.0314959287643459 20.837887771427631
leaf_count=23 127 37 18 32 37 41 24 21 24 22 50 23 33 24 22 472 24 19 25 171 168 25 31 848 67 106 23 675 28 93
internal_value=-7.33993e-05 -0.0180778 -0.0333649 0.000135154 0.0068843 0.0160296 0.000233803 0.0364782 -0.000271307 -0.017086 -0.0288472 0.000378172 -0.0200013 -0.0472276 8.58919e-05 -0.000257474 0.0107126 0.0230033 0.00736814 5.73239e-05 -0.00353795 -0.00763463 -0.0327525 0.00114281 0.00429747 0.00215471 0.0100564 -0.00104738 0.00548087 0.0171115
internal_weight=642.356 7.35551 4.76212 635 36.07 29.3538 16.5611 12.7928 598.931 22.2737 18.0952 576.657 11.4444 8.82095 571.704 553.809 17.8944 13.1603 9.20969 549.892 127.522 94.1459 9.13887 422.37 243.437 228.947 66.0232 162.924 60.8056 26.8694
internal_count=3333 182 145 3151 179 142 80 62 2972 128 106 2844 57 56 2820 2729 91 67 48 2707 696 528 56 2011 1163 1096 315 781 292 121
is_linear=0
shrinkage=0.05


Tree=73
num_leaves=31
num_cat=0
split_feature=1 1 0 1 0 3 3 4 4 4 3 3 5 1 0 1 3 3 4 0 0 3 3 1 1 1 1 0 4 4
split_gain=0.737293 1.79918 1.88162 2.42401 3.80904 2.63561 3.7368 2.6557 2.49621 2.38376 2.6145 4.07487 2.13783 1.74003 1.76645 1.4807 1.47774 2.17765 6.43142 1.59695 2.34461 1.84619 1.47377 1.32306 2.16956 1.25775 3.74388 1.66554 1.29465 1.23941
threshold=189.61940964694904 193.98781229044263 41.587910614520894 205.75107587233413 31.601532176884934 0.33333333331384757 0.28040508091260635 2.7039449141482303 1.7812749596480175 -0.15131085103706293 0.26054735115494077 0.068204043872233208 1.0000000180025095e-35 222.79708247803228 27.371425950573258 200.10952851813136 0.04651162790577449 0.11428571428026794 0.1566947249437092 66.652701578500924 55.689282672125081 0.30089097587469865 0.24235749564693768 186.91155010545793 185.44639116305586 271.18913841680109 293.40735310362248 27.138456250507016 1.5026783454468948 0.24422866547770797
decision_type=2 2 2 2 2 2 2 2 2 2 2 2 2 2 2 2 2 2 2 2 2 2 2 2 2 2 2 2 2 2
left_child=23 -2 3 8 5 6 13 -7 12 -6 11 -11 -3 14 -5 -14 -4 18 -18 20 22 -22 -19 24 -1 27 -27 -15 -28 -29
right_child=1 2 16 4 9 7 -8 -9 -10 10 -12 -13 15 25 -16 -17 17 19 -20 -21 21 -23 -24 -25 -26 26 28 29 -30 -31
leaf_value=0.00081146961368554161 -0.020018036657184463 0.035294544331143679 -0.0363296057563516 -0.010040003296400828 0.058393238649448925 0.028242956122922481 -0.062022284392761584 -0.017971967860157142 0.049386293324367864 0.03042163683903424 0.042415177569039036 -0.034800108343010845 -0.020083073422035396 -0.010716405881804125 -0.054212308411971312 0.016373892248630947 -0.041900126041215506 -0.0041783683892786189 0.061648508557094743 -0.040265254122423495 -0.016394535989023906 0.034862746181938499 -0.045178712759909895 0.02126040426548511 -0.032436617166260104 -0.064864852159711023 0.04155856091621804 0.041399226699274663 -0.016780422138795704 0.0020741138431420929
leaf_weight=494.27997651509941 14.470792092382906 4.9786061495542588 5.1265597632154813 5.3061754181981069 3.0429894421249655 7.9610999617725593 3.9294520905241361 5.0998268090188503 4.6926844567060462 4.4308506827801448 4.2055490687489501 5.2115411087870598 6.3250787705183011 9.2451939731836372 3.9467352405190468 4.9763750992715359 2.5502298139035728 4.3891967879608327 3.6396815106272697 4.7492544800043097 2.9847550205886355 4.2698176465928555 4.3778976239264011 7.7801552079617968 4.9557656608521929 2.874259825795888 1.7972945710644128 3.7500115707516652 2.0195899941027164 4.3023724257946014
leaf_count=2410 78 24 57 28 25 38 23 26 21 24 22 32 32 47 24 26 25 28 30 51 26 27 32 39 26 19 20 19 32 22
internal_value=-7.3161e-05 -0.00336195 -0.00135645 0.00241931 -0.00221678 -0.00912361 -0.0159126 0.0101977 0.017257 0.0183235 0.00951843 -0.00482956 0.00799587 -0.010462 -0.0288813 -0.00402996 -0.0117228 -0.00704383 0.0189867 -0.0148011 -0.0072529 0.0137739 -0.0246521 0.000800279 0.000481426 -0.00335737 -0.0217653 0.0037633 0.0106902 0.0203879
internal_weight=641.67 134.654 120.183 88.0957 67.1229 50.232 37.1711 13.0609 20.9727 16.8909 13.8479 9.64239 16.2801 33.2416 9.25291 11.3015 32.0874 26.9608 6.18991 20.7709 16.0217 7.25457 8.76709 507.016 499.236 23.9887 6.69114 17.2976 3.81688 8.05238
internal_count=3333 858 780 504 401 298 234 64 103 103 78 56 82 211 52 58 276 219 55 164 113 53 60 2475 2436 159 71 88 52 41
is_linear=0
shrinkage=0.05


Tree=74
num_leaves=31
num_cat=0
split_feature=2 3 0 3 3 3 2 4 3 2 0 5 0 3 0 3 0 0 2 2 2 0 0 2 0 0 3 0 5 4
split_gain=0.863749 0.664267 4.36046 2.60604 2.9305 4.39678 3.15391 2.50256 3.07749 2.24276 2.14995 2.67034 3.73284 3.56113 2.52021 2.28142 3.01825 3.29908 2.15232 4.0187 8.2702 2.20196 2.13175 2.93035 2.9651 3.1028 2.2863 4.85087 2.64512 3.34835
threshold=6.3089676702095625 0.2751924308297547 63.533876353225367 0.28421052630532101 0.29854809435655882 0.31457536173471928 4.2165635655138205 -0.3868583727230398 0.37021406824782638 4.0958289871167848 67.272464002875722 1.0000000180025095e-35 78.412966621658555 0.10424081596434402 77.499346998107129 0.24235749564693768 42.090812582531974 31.209111884017542 4.5643330478304573 4.0485785635984035 3.8202038677472259 26.686081830472904 25.842430527409711 3.8694261773131022 25.624371375516539 25.39003055274538 0.38997956563693575 26.658685637210976 1.0000000180025095e-35 -0.12378283309731937
decision_type=2 2 2 2 2 2 2 2 2 2 2 2 2 2 2 2 2 2 2 2 2 2 2 2 2 2 2 2 2 2
left_child=1 10 3 -3 9 6 -6 -4 -9 -5 15 14 13 -13 -12 -1 17 18 19 20 -17 -21 23 -7 25 -25 28 -28 29 -24
right_child=-2 2 7 4 5 22 -8 8 -10 -11 11 12 -14 -15 -16 16 -18 -19 -20 21 -22 -23 26 24 -26 -27 27 -29 -30 -31
leaf_value=-0.00069755466279411958 -0.02181725656568579 0.030040072170689183 -0.066501729805979445 0.0024842465329156316 0.047981289095947649 0.046718645938715983 0.0063870833834935017 0.021100103280853252 -0.036500042740227875 -0.038164637920664289 0.036132615911003634 0.010284048363860432 0.02613004802817125 -0.055523080963397788 -0.0025486902042309478 -0.043578021458712271 -0.054619598420483952 0.021267704650713693 0.012596006056753026 -0.062521389990946183 0.044056455248806289 -0.016984601600651652 -0.020346204610493971 0.013047706785929742 0.034933994212537782 -0.041210040416218313 -0.026355019137305688 0.012932525504722762 -0.018955545227012992 0.031208381999492087
leaf_weight=396.82821383699775 4.5344624351710072 9.7821214497089368 2.8801855966448775 6.5045499354600889 9.6854747384786624 5.7353360205888775 8.6078971922397596 3.8721995130181295 5.7810113318264484 7.0943071693181992 12.909592572599651 3.6793206483125669 5.6585552394390097 4.6589949503540993 6.2493380084633818 5.6453735530376488 3.9937894865870467 7.246198169887065 5.0799015387892714 6.7498709782958013 5.1464554071426392 4.3757598847150803 5.6184144616127014 6.1722116023302096 5.5271812230348578 4.5977259427309036 9.6544387042522413 42.198136456310749 27.608388476073742 7.1670102626085264
leaf_count=2003 156 44 17 33 42 25 38 24 40 36 60 23 33 28 35 29 23 33 23 35 24 21 28 27 24 20 45 196 137 31
internal_value=-7.22349e-05 8.26273e-05 0.00277487 0.00505516 0.00338311 0.00565055 0.0284092 -0.0255989 -0.0133949 -0.0187216 -0.00088616 0.011387 -0.00521439 -0.0264854 0.0235154 -0.00182148 -0.0134856 -0.0086882 -0.0167285 -0.0235251 -0.0017865 -0.0446116 0.00200742 0.0159807 0.00516332 -0.0101151 -0.00133002 0.00561757 -0.0102485 0.00855329
internal_weight=641.242 636.708 168.487 155.953 146.171 132.572 18.2934 12.5334 9.65321 13.5989 468.221 33.1558 13.9969 8.33832 19.1589 435.066 38.2373 34.2436 26.9974 21.9175 10.7918 11.1256 114.279 22.0325 16.2971 10.7699 92.2464 51.8526 40.3938 12.7854
internal_count=3333 3177 807 726 682 613 80 81 64 69 2370 179 84 51 95 2191 188 165 132 109 53 56 533 96 71 47 437 241 196 59
is_linear=0
shrinkage=0.05


Tree=75
num_leaves=31
num_cat=0
split_feature=2 4 0 0 2 2 1 0 2 4 0 0 0 2 1 2 0 2 4 4 1 4 0 1 0 0 1 4 1 1
split_gain=0.805948 1.69305 2.15969 2.25309 1.07027 0.948215 1.05208 2.20254 1.74255 0.7713 2.05172 1.51978 3.79807 3.07612 2.924 2.79401 3.1597 2.47913 2.28916 4.3584 1.79803 1.78373 1.53188 2.6558 5.07667 2.15244 1.57163 1.51021 1.47562 1.93424
threshold=5.4877058822079894 5.1193809898612566 83.395472401757971 27.704092925750775 5.2642381170337798 4.9008961278092942 244.84822745990905 27.881286557244277 5.0725884509381176 1.2067170955782769 25.085545652214424 28.280831033754179 26.280623453276295 3.8257916672875245 158.54887925779283 2.488750405270491 40.902494064944086 3.901259932561707 1.5026783454468948 2.419916050869594 122.8416142888034 3.3819052973577963 35.027752827793208 174.12349724784812 45.36702746237841 31.890791824573785 188.53217578466692 2.1234905006965739 233.83689043865982 222.79708247803228
decision_type=2 2 2 2 2 2 2 2 2 2 2 2 2 2 2 2 2 2 2 2 2 2 2 2 2 2 2 2 2 2
left_child=4 2 3 -2 5 9 7 -7 -9 28 -11 12 14 15 20 27 -17 -16 -14 -20 -12 -21 25 24 -24 26 -15 -13 29 -1
right_child=1 -3 -4 -5 -6 6 -8 8 -10 10 11 13 18 22 17 16 -18 -19 19 21 -22 -23 23 -25 -26 -27 -28 -29 -30 -31
leaf_value=-0.00039964522603395367 0.038586664822495155 0.02739966838487462 0.046583096546369891 -0.042770040208459981 0.021653818033748232 0.0055384285558311361 0.010381234526908308 -0.055967902008928462 -0.011076468979716772 0.054942003124651473 0.017299183229384379 0.040305850136133511 -0.048271252358619191 0.038020632360502432 0.058574247309681506 -0.0025450714816748206 -0.066108341267079346 0.011055776435600129 0.01230801642096508 -0.056597937689690417 -0.021948816072139665 -0.014409620981640054 0.049151157891440603 0.05722852163666145 -0.025383535049971165 -0.016240817773572939 -0.001077687485476499 -0.0046726097135510822 -0.014122464474249509 0.021877002773288148
leaf_weight=477.38211057707667 0.97579790465533545 2.0260734297335139 0.97719524055719365 6.6542113954201341 5.7382987365126601 6.1317728757858303 4.4360257089138022 4.3458470180630666 4.301257885992527 1.9645593166351307 5.02337893843651 3.0925734862685195 4.5294618308544186 6.1620800495147758 4.5325849056243879 4.7311673015356046 3.332067534327507 6.9590684473514557 11.246161937713625 4.4500715732574445 6.9628923833370209 5.733456127345562 4.8156722635030729 5.7134588509798041 4.3465657979249954 5.7772018015384665 4.4094419628381729 4.7063010260462761 19.071554511785507 9.9473534226417524
leaf_count=2362 14 32 15 147 26 31 21 26 26 9 22 17 23 26 21 22 20 30 50 25 32 29 21 26 21 25 20 29 118 47
internal_value=-7.16661e-05 -0.0137224 -0.0234022 -0.0323654 0.000158791 -3.88443e-05 -0.0109737 -0.0173836 -0.0336379 0.000308513 0.00435706 0.00332749 -0.00279553 0.00975618 0.0117772 -0.00817423 -0.0288121 0.0297982 -0.0159754 -0.00914917 -0.0055002 -0.0328454 0.0188649 0.030475 0.0137919 0.00830081 0.0217125 0.0131632 -0.000478875 5.5065e-05
internal_weight=640.476 10.6333 8.6072 7.63001 629.842 624.104 19.2149 14.7789 8.6471 604.889 98.4882 96.5236 49.4371 47.0865 23.4779 15.8621 8.06323 11.4917 25.9592 21.4297 11.9863 10.1835 31.2244 14.8757 9.16224 16.3487 10.5715 7.79887 506.401 487.329
internal_count=3333 208 176 161 3125 3099 104 83 52 2995 468 459 232 227 105 88 42 51 127 104 54 54 139 68 42 71 46 46 2527 2409
is_linear=0
shrinkage=0.05


Tree=76
num_leaves=31
num_cat=0
split_feature=2 1 2 5 3 3 2 2 3 3 2 3 3 2 3 1 0 0 1 1 2 2 0 2 2 1 2 3 3 3
split_gain=0.739 1.5903 1.56267 1.55992 1.52724 1.04524 0.962525 0.862582 1.34704 1.30525 1.24581 0.758525 1.78565 1.62387 2.25659 0.880113 2.80634 5.98659 5.41196 2.70252 2.78679 8.11154 4.60945 2.5327 2.44731 2.20045 2.03987 1.8022 1.51806 1.47801
threshold=5.4877058822079894 226.77838712875979 7.6331047207848828 1.5000000000000002 0.14285714285132686 0.39808868732943137 5.2642381170337798 4.9008961278092942 0.19122909211265496 0.28421052630532101 5.0725884509381176 0.011494376841730042 0.015483300912028894 4.4547783391938767 0.0075853471420628772 107.64075709694738 27.350344833686098 25.664387551144326 104.30586721787675 114.42040196880701 4.0392170876305942 3.8257916672875245 27.411530479857735 4.2838221050725478 3.7243539969712622 110.69487408668427 2.7518244695073806 0.18028021348600595 0.12558139534300103 0.22025800695807937
decision_type=2 2 2 2 2 2 2 2 2 2 2 2 2 2 2 2 2 2 2 2 2 2 2 2 2 2 2 2 2 2
left_child=6 -2 3 4 -3 -5 7 11 10 -10 -9 13 -13 14 -1 16 17 -14 23 20 21 22 27 24 26 -24 -18 -17 -20 -19
right_child=1 2 -4 5 -6 -7 -8 8 9 -11 -12 12 15 -15 -16 19 18 29 28 -21 -22 -23 25 -25 -26 -27 -28 -29 -30 -31
leaf_value=-0.013598419268825969 -0.041596361127437427 -0.05647520944197465 -0.051265480207557779 0.009751995002487971 0.014744369825564228 0.071359620915842359 0.020498449627216059 -0.0088729559942997728 0.019432991445644449 -0.014778116362189979 -0.04911317924477613 -0.026026962941548489 -0.027441462661507383 0.037107625671444537 0.026517412484933663 -0.042705749409035099 -0.016071888747135773 0.045573085003478668 -0.019138587193907826 -0.00024999969471959293 -0.0018709942595785949 0.067181979447121648 0.052320569138385946 0.032512987343115279 -0.028956236030309241 0.0075566662312655467 0.035114067004042855 0.0020315489783281483 -0.056440954507452006 0.011918912882551695
leaf_weight=8.8990238308906573 3.3591568237170559 1.2419249974191191 1.226219233125448 1.4956048559397461 1.9110639663413165 1.2757428623735902 5.7581158280372611 4.4033993184566524 5.0534959435462934 6.2192082330584526 3.4151459038257599 6.5300187766551963 7.3747682571411159 4.3107637763023368 5.7841206043958655 4.5379697531461769 3.7410994470119494 6.5915067791938764 4.3754360526800138 478.65669913589954 20.225159257650375 7.437978968024253 4.977614611387251 4.7115918248891822 7.8747000172734261 6.1216441243886948 4.0575006008148193 4.467168003320694 7.2413920015096664 6.4594991207122803
leaf_count=47 53 24 64 33 26 8 26 27 24 31 22 35 36 20 28 21 20 31 21 2390 94 32 24 21 39 29 20 20 37 30
internal_value=-7.00155e-05 -0.0132192 0.000111656 0.0107457 -0.0133082 0.038112 0.000149611 -3.83236e-05 -0.0105024 0.000558549 -0.0264499 0.000292219 -2.68534e-05 0.0101258 0.00220438 0.000266454 -0.00591149 0.00856815 -0.0151534 0.000881726 0.0122222 0.0225713 0.00606677 0.000368659 -0.00929433 0.0276317 0.0105594 -0.020513 -0.0423912 0.0289162
internal_weight=639.735 10.5097 7.15056 5.92434 3.15299 2.77135 629.225 623.467 19.0912 11.2727 7.81855 604.376 585.382 18.9939 14.6831 578.852 52.4275 20.4258 32.0017 526.424 47.7675 27.5424 20.1044 20.3849 15.6733 11.0993 7.7986 9.00514 11.6168 13.051
internal_count=3333 208 155 91 50 41 3125 3099 104 55 49 2995 2900 95 75 2865 255 97 158 2610 220 126 94 100 79 53 40 41 58 61
is_linear=0
shrinkage=0.05


Tree=77
num_leaves=31
num_cat=0
split_feature=1 1 1 1 4 4 2 0 4 4 4 2 0 2 1 1 1 2 0 2 4 4 0 4 4 2 1 1 2 2
split_gain=0.740167 0.799199 4.07434 2.14674 1.76828 2.90047 3.31813 3.54779 2.34518 3.05406 1.68342 1.54808 1.42913 1.42214 4.0158 3.96512 3.32375 2.68042 2.36312 2.30181 1.21663 1.17842 3.23294 2.0294 3.00105 3.46901 9.25402 2.95272 3.44953 5.4256
threshold=100.33355122691552 114.42040196880701 112.84606049809462 115.28738806058369 -0.54280343073795789 -0.33764193485455268 3.8102407730011607 26.773658806346575 -0.29128728726922143 -0.26115284421768986 0.1271435525680589 3.901259932561707 25.345065020802085 4.0440512785435487 106.07812697835945 102.79851636070073 108.81201064271814 3.7406202025156015 27.350344833686098 2.935667341000181 -0.33764193485455268 -0.68058981404378305 25.345065020802085 -0.2196219484294874 -0.27704583218941187 4.3092222995428981 159.76978382773225 225.75653526687111 4.3797896518335202 4.4547783391938767
decision_type=2 2 2 2 2 2 2 2 2 2 2 2 2 2 2 2 2 2 2 2 2 2 2 2 2 2 2 2 2 2
left_child=-1 2 4 -3 11 6 -6 -8 -7 -10 20 -2 -11 14 15 -14 18 19 -15 -16 -4 22 -5 24 27 -26 -27 28 -23 -30
right_child=1 3 10 21 5 8 7 -9 9 12 -12 -13 13 16 17 -17 -18 -19 -20 -21 -22 23 -24 -25 25 26 -28 -29 29 -31
leaf_value=-0.025342348089334339 -0.001333527721682746 -0.03194069279465369 0.03646098639013514 0.05332190598058837 0.043997529335732283 -0.043060875141885245 0.03699807871202046 -0.017905569153174285 0.039668252095522438 -0.032478892799253999 0.053138170467550233 -0.044940164160732016 0.014441673853685097 0.027243580322226658 0.034353610706503689 -0.041606504235806384 -0.041579221229586794 0.054027273276631198 -0.014672089466845749 -0.014848260483523319 0.0003849252971928581 -0.0054752068115882305 0.0030516913973454955 0.0007898424275892893 -0.037678112850875967 -0.055310606228910056 0.053894135140109815 -0.040315552759245019 0.061580807889336675 0.00045536601325983834
leaf_weight=2.8838706612586966 4.2770326733589155 5.4530223272740832 4.2663466334342948 3.6588152199983623 7.8916441351175335 3.4811063110828391 4.7005302459001523 7.8665030375123024 4.3105246424674908 4.0960012972354951 4.7732476741075507 3.8831966072320938 6.0602375045418757 5.5686745792627361 4.5148800760507566 6.5835818648338318 6.3810218125581732 4.87479443848133 8.4879167154431325 5.0202971398830414 5.1678526550531378 73.302350379526615 25.409502875059843 382.22778578754514 14.516465850174429 3.593134030699729 4.2163412198424339 4.9843804612755767 5.2853834480047253 11.593183513730763
leaf_count=14 23 26 20 16 38 18 22 39 21 19 21 20 29 25 21 33 30 21 39 22 24 411 132 1957 92 19 22 67 24 68
internal_value=-6.88614e-05 4.56581e-05 0.00409653 -0.000729313 8.52416e-05 0.00235122 0.0185872 0.0026304 -0.00324278 -0.000763063 0.0289416 -0.0220846 -0.00414141 -0.00169738 0.00582291 -0.0147424 -0.0116522 0.0238676 0.00193327 0.00844869 0.0166993 -0.000407451 0.00937918 -0.000976733 -0.00672383 -0.0232221 0.00364911 -0.00285331 -0.00078274 0.0195963
internal_weight=639.33 636.446 102.205 534.24 87.9979 79.8377 20.4587 12.567 59.379 55.8979 14.2074 8.16023 51.5874 47.4914 27.0538 12.6438 20.4376 14.41 14.0566 9.53518 9.4342 528.787 29.0683 499.719 117.491 22.3259 7.80948 95.1653 90.1809 16.8786
internal_count=3333 3319 485 2834 420 377 99 61 278 260 65 43 239 220 126 62 94 64 64 43 44 2808 148 2660 703 133 41 570 503 92
is_linear=0
shrinkage=0.05


Tree=78
num_leaves=31
num_cat=0
split_feature=2 2 4 3 2 3 3 4 0 2 0 0 4 2 5 0 4 4 2 0 2 4 2 2 3 4 5 3 0 0
split_gain=0.690106 0.62888 0.955573 1.32793 0.607964 2.86798 2.62223 3.56527 2.81907 1.32107 1.65683 0.975811 4.04696 1.56771 1.43618 3.17379 6.93002 2.93478 4.57159 4.67308 4.55903 5.19097 3.32913 5.56341 3.01898 2.57655 2.49328 3.92066 1.96662 4.77075
threshold=6.3089676702095625 7.6331047207848828 3.8587554251112728 0.055900621115696596 2.2313089446627652 0.060606060603761801 0.33152882571808501 -0.23478014399985478 40.542074974675458 2.488750405270491 49.290923380124958 78.986995640012822 -0.25561695166684911 2.6710465636629137 1.0000000180025095e-35 68.607783511079717 -0.26538987481067955 -0.46396887092104083 3.5127903428243967 62.455470997965399 3.8817278829363144 -0.54280343073795789 4.1446275781141226 4.3893847526693799 0.12558139534300103 -0.17639925293316916 1.5000000000000002 0.016538117899450349 32.310681622377437 31.601532176884934
decision_type=2 2 2 2 2 2 2 2 2 2 2 2 2 2 2 2 2 2 2 2 2 2 2 2 2 2 2 2 2 2
left_child=4 2 3 -2 5 -1 7 -7 -9 10 -6 13 -13 -11 15 17 -17 20 25 -20 24 22 -22 -24 -15 -19 27 -16 29 -29
right_child=1 -3 -4 -5 9 6 -8 8 -10 11 -12 12 -14 14 26 16 -18 18 19 -21 21 -23 23 -25 -26 -27 -28 28 -30 -31
leaf_value=-0.042368876526810338 0.037937095843154633 -0.05119553254526632 0.030780776319940924 -0.0523341321598257 -0.0029681526956588872 -0.02248595548276551 -0.032724226250151638 -0.0031331698720788908 0.044585811537787901 -0.0228101336293134 0.04055905000496958 0.014349728554824484 -0.050442375523235376 0.013182046704374187 -0.042295737404146924 -0.016888309893232409 0.06069234875529509 -0.05727649317258568 0.0043225429792416725 -0.038027334836724408 -0.038369272153445516 0.041081930596820554 0.041617970557067327 -0.035446870929942129 0.07029939971882819 -0.011135749394462527 0.0023666898318951629 -0.0027189788308571656 -0.012692895139513341 0.047968943415628663
leaf_weight=4.7877655290067223 0.55810227803885926 1.1768662771210072 1.041222460567951 1.5086812647059558 4.2019057571887952 6.2088771834969601 4.8471146970987311 5.4812412038445437 7.1094085723161697 7.1992492824792853 4.5574520751833916 5.2113092020153999 4.4835060983896238 4.0887601748108846 7.034792222082614 4.8518513366580009 7.0773831009864789 4.9455195739865303 132.61412958055735 6.8503557518124572 6.6408914104104069 6.7229129970073727 5.3316682130098325 4.1763274222612381 5.3282717913389206 7.793569400906561 219.9903658926487 105.06592754274607 47.074596229940653 4.8567208126187316
leaf_count=33 22 65 18 51 21 46 33 33 37 38 21 30 35 22 44 26 32 30 634 40 36 32 25 21 26 38 1038 535 248 23
internal_value=-6.82371e-05 -0.0200667 -0.00827962 -0.0279578 6.6809e-05 -0.00707867 6.65835e-05 0.00852109 0.0238117 0.000402031 0.0196788 0.000119356 -0.0156143 0.000378927 0.000666541 0.00414412 0.0291388 0.00252798 -0.000376599 0.00224236 0.0162196 0.00416406 -0.0112051 0.00776772 0.0454997 -0.0290483 -0.00111219 -0.00577786 -0.00414156 -0.00047943
internal_weight=638.817 4.28487 3.10801 2.06678 634.532 28.4344 23.6466 18.7995 12.5906 606.097 8.75936 597.338 9.69482 587.643 580.444 196.422 11.9292 184.492 152.204 139.464 32.2888 22.8718 16.1489 9.508 9.41703 12.7391 384.022 164.032 156.997 109.923
internal_count=3333 156 91 73 3177 182 149 116 70 2995 42 2953 65 2888 2850 962 58 904 742 674 162 114 82 46 48 68 1888 850 806 558
is_linear=0
shrinkage=0.05


Tree=79
num_leaves=31
num_cat=0
split_feature=1 1 0 0 0 4 4 4 2 4 4 2 2 2 2 2 4 0 0 4 0 0 2 2 2 0 0 0 2 1
split_gain=0.698311 0.73844 2.41748 2.21481 3.59714 2.13963 3.63652 3.47757 3.10843 3.82175 3.60773 2.9608 4.46637 2.36719 4.98277 4.92722 4.05271 3.37803 5.93552 5.38673 2.64708 2.79791 3.36313 2.38667 4.06451 4.67823 4.87472 3.6192 2.47941 2.45324
threshold=100.33355122691552 164.36445126393099 25.060507039026707 25.23820844975516 25.345065020802085 -0.15838795858307531 -0.14114886333842588 -0.18346361784735099 4.3092222995428981 -0.3868583727230398 -0.56665881240760452 4.0485785635984035 3.9609168116761926 4.3369383563430963 4.2251753705746422 4.4645006473524393 0.6335717263744759 26.25479721697997 26.495932946956955 1.2385574471743122 26.773658806346575 27.308627748143177 4.5340595458878594 4.1624552034772826 3.9999999953780123 30.01452901750017 38.962074463542116 31.535553001995748 3.9080388212472221 179.57372080537542
decision_type=2 2 2 2 2 2 2 2 2 2 2 2 2 2 2 2 2 2 2 2 2 2 2 2 2 2 2 2 2 2
left_child=-1 -2 -3 -4 -5 7 -7 8 11 10 -10 12 -6 14 23 -15 -16 19 -19 -17 -20 -22 -23 24 25 28 -27 -26 29 -8
right_child=1 2 3 4 5 6 13 -9 9 -11 -12 -13 -14 15 16 17 -18 18 20 -21 21 22 -24 -25 27 26 -28 -29 -30 -31
leaf_value=-0.024689770085671713 0.0013040944472879998 0.041884555383811202 -0.031767393315796026 0.036459441772603227 -0.018615324035882449 0.053522743306622503 0.034579210981770046 -0.050463238548183222 0.019688106096073632 0.035378938043420974 -0.051592481791556261 -0.040285826101568327 0.045665134348347708 -0.031298290090187024 0.00998309924836022 -0.064194346832742596 0.06683005630332646 0.087733959013727283 -0.042625704028860921 0.01104101088774154 0.033934713355009562 0.032400804991789774 -0.0067145827389165445 -0.03370290236791048 0.0050574604795797055 -0.064758127859696424 -0.0069430159487786601 0.056646690283794925 -0.028142836225419916 0.0011028972328567873
leaf_weight=2.8668760359287253 410.49149159900844 3.0589476972818366 6.4383204989135256 5.9109910540282717 12.918226938694721 3.0664450526237479 8.550874009728437 5.3645383808761826 3.5815652590245008 7.5977208185940963 3.5195236904546618 9.4886910468339902 3.4171417057514182 16.982472464442253 7.6986731737852079 5.0399225875735265 5.2892688661813736 2.015196129679679 3.3615732174366704 4.5064787324517965 6.4651100235059848 6.393836945295333 39.101723031140864 5.087006375193595 8.7144510149955732 5.5797761306166676 10.519619755446909 5.5742671787738791 4.2912745624780646 15.20302891731262
leaf_count=14 1993 14 35 31 103 15 41 30 26 46 41 69 19 83 35 24 25 9 18 22 32 29 295 25 40 30 65 26 21 77
internal_value=-6.84104e-05 4.27093e-05 -0.00226127 -0.00287044 -0.00200606 -0.00309225 -0.000413746 -0.0126325 -0.00762434 0.010731 -0.0156408 -0.018072 -0.00516871 -0.00144504 0.00491498 -0.00724705 0.0331337 -0.00114021 0.00344482 -0.0286787 0.00037446 0.00315634 -0.0012174 -0.000854886 0.00200475 -0.00549768 -0.0269807 0.0251833 0.00683473 0.0131536
internal_weight=638.095 635.228 224.737 221.678 215.239 209.328 163.441 45.8874 40.5229 14.6988 7.10109 25.8241 16.3354 160.375 76.5082 83.8663 12.9879 66.8838 57.3374 9.5464 55.3222 51.9607 45.4956 63.5203 58.4333 44.1446 16.0994 14.2887 28.0452 23.7539
internal_count=3333 3319 1326 1312 1277 1246 912 334 304 113 67 191 122 897 385 512 60 429 383 46 374 356 324 325 300 234 95 66 139 118
is_linear=0
shrinkage=0.05


Tree=80
num_leaves=31
num_cat=0
split_feature=1 1 1 1 4 4 2 0 4 4 4 2 0 5 2 2 1 0 1 2 4 0 4 1 1 0 0 0 1 4
split_gain=0.635628 0.681374 3.61128 1.98522 1.62269 2.61546 2.98312 3.13585 1.84476 2.14695 1.52869 1.3966 1.33345 1.33945 2.63566 2.73975 1.81629 2.22988 1.1855 2.61245 1.07775 2.91102 1.92789 1.80755 4.24982 3.60703 3.40909 1.69324 1.45206 1.23096
threshold=100.33355122691552 114.42040196880701 112.84606049809462 115.28738806058369 -0.54280343073795789 -0.33764193485455268 3.8102407730011607 26.773658806346575 -0.28533432633408629 -0.25561695166684911 0.1271435525680589 3.901259932561707 25.345065020802085 1.5000000000000002 4.2127820863397378 3.7406202025156015 102.257347291605 50.677314886304522 105.38805276676926 4.0818233116839311 -0.68058981404378305 25.345065020802085 -0.58522406576898345 133.48347753929929 150.78273621834535 27.596553088327557 28.423742973446494 35.281795385482731 115.8667424683676 -0.2196219484294874
decision_type=2 2 2 2 2 2 2 2 2 2 2 2 2 2 2 2 2 2 2 2 2 2 2 2 2 2 2 2 2 2
left_child=-1 2 4 -3 11 6 -6 -8 -7 -10 -4 -2 -11 16 15 -15 -14 18 -18 -20 21 -5 27 25 -25 -23 -26 -22 -24 -30
right_child=1 3 10 20 5 8 7 -9 9 12 -12 -13 13 14 -16 -17 17 -19 19 -21 22 23 28 24 26 -27 -28 -29 29 -31
leaf_value=-0.023657823236212641 -0.0017888117573111946 -0.030830926394394137 0.015452309383144562 0.050523027203830478 0.041426736724173963 -0.034800584255434128 0.034363915186996441 -0.017142093946025262 0.032341120441726115 -0.031161717432336235 0.050081990877804142 -0.043429457061933831 0.020155351724343011 -0.0042157311549645311 -0.02022419325789827 0.039057980367176698 -0.030433429010465619 -0.047466312304509532 0.023815604133720442 -0.021056321707168507 -0.036873597656460012 -0.011255447372911426 0.025853713570738675 -0.035324119330949262 0.045034694850421636 0.055087206183118104 -0.013646338286264666 0.0048740561102981091 -0.0055716720588179962 0.00057957721849959197
leaf_weight=2.8429541885852805 4.2846600413322431 5.4040844179689875 9.4722038209438306 3.6839965432882336 7.9811156243085888 4.2799970656633368 4.7526776641607267 7.8134355545043945 4.5076102763414303 4.0574291050434175 4.8026969730854026 3.7989991754293442 4.456532463431361 6.6806443184614208 5.8318724185228339 8.0832024365663511 4.0730697959661546 4.2253592535853377 6.2375504672527295 6.7580400705337524 6.8249752521514875 4.0536788552999514 5.1876031160354605 7.2603848725557354 4.8412318378686887 4.1425776779651642 5.0639566024765372 3.770698755979538 103.57425388973206 378.7208787528798
leaf_count=14 23 26 44 16 38 23 22 39 21 19 21 20 20 31 26 35 22 22 28 31 43 20 24 38 23 20 31 24 625 1944
internal_value=-6.84711e-05 3.72029e-05 0.0037789 -0.000680161 -1.23133e-05 0.00215168 0.0175213 0.00233819 -0.00318361 -0.000719262 0.0271032 -0.0213583 -0.00367586 -0.00126958 0.00823496 0.0194766 -0.00887147 -0.0149464 -0.00689603 0.000481053 -0.000371055 0.00899117 -0.00091702 0.00295835 -0.00626532 0.0222757 0.0150344 -0.0220168 -0.000458406 -0.000741421
internal_weight=637.468 634.625 102.097 532.528 87.8222 79.7385 20.5472 12.5661 59.1913 54.9113 14.2749 8.08366 50.4037 46.3463 20.5957 14.7638 25.7506 21.294 17.0687 12.9956 527.124 29.0458 498.078 25.3618 17.1656 8.19626 9.90519 10.5957 487.483 482.295
internal_count=3333 3319 485 2834 420 377 99 61 278 255 65 43 234 215 92 66 123 103 81 59 2808 148 2660 132 92 40 54 67 2593 2569
is_linear=0
shrinkage=0.05


Tree=81
num_leaves=31
num_cat=0
split_feature=2 0 4 1 4 4 4 4 0 4 4 1 0 4 0 0 0 0 4 2 2 0 1 1 2 1 4 5 2 4
split_gain=0.616893 0.962149 1.18376 1.97235 0.559666 1.01727 1.67825 0.822399 3.97209 3.31789 1.84583 1.53823 1.23968 0.969276 0.798468 4.14329 3.9515 4.48351 3.27241 2.97235 2.79022 2.13273 3.83909 2.12404 2.01517 3.42554 2.5957 4.78917 3.32915 2.5231
threshold=6.3089676702095625 78.986995640012822 3.8587554251112728 348.05519347003099 -1.0825435314252021 -0.89379055948823305 -0.80355167576219444 -0.54280343073795789 52.866884243325096 -0.66302616647761392 -0.52701233024058725 127.50926656440795 26.161930557385841 -0.62662442371139926 26.978287232737149 27.308627748143177 26.832178220777973 26.753248167852636 -0.12378283309731937 4.1852438832672147 3.7992195829273645 26.445113083677981 155.30536052980531 131.46632328870712 3.7992195829273645 235.80563735938418 -0.35634019177429227 1.0000000180025095e-35 3.8606267928965776 2.5488244864361076
decision_type=2 2 2 2 2 2 2 2 2 2 2 2 2 2 2 2 2 2 2 2 2 2 2 2 2 2 2 2 2 2
left_child=4 2 -2 -4 -1 -6 -7 8 9 11 -9 -8 -11 -14 16 18 17 21 -16 -18 -20 24 23 -23 29 26 27 -26 -28 -12
right_child=1 -3 3 -5 5 6 7 10 -10 12 14 -13 13 -15 15 -17 19 -19 20 -21 -22 22 -24 -25 25 -27 28 -29 -30 -31
leaf_value=0.014825826872382375 -0.051709043642894172 0.044653193158653785 0.063660896705177869 -0.051971122737813957 -0.01814710488481908 0.022327173824256901 -0.016710703848128804 0.030312367143466957 0.028118502733688783 -0.013943396748825316 -0.013897715332362849 0.016405964404208873 -0.021195783686913411 -0.05586490267420962 -0.016275176974842969 -3.612173363249773e-05 -0.061598300293207536 0.035615725415857537 0.062291006704338348 -0.0097103545269008728 0.01923052727641332 -0.011494826755290583 -0.037037581204913635 0.031812612491478071 0.016932155930056796 -0.036170239835240481 0.038617568503456205 -0.044535092380172094 0.0046505651730314951 0.025178143156518024
leaf_weight=6.352238029241561 2.1765271537005897 0.51623725332319725 0.74349435418844201 0.73172444384545088 7.7042585760354987 8.4029631689190847 6.3126563429832458 5.071935921907424 6.3724876753985873 5.6428825110197076 38.319549284875393 7.8879472464323044 3.0798497870564443 5.836776290088892 4.8232148289680508 330.59439012408257 4.6865924075245839 8.119349077343939 4.9303762242198017 6.7138474136590958 15.875383421778677 8.6585894972085971 11.55827537178993 4.2068336904048911 5.7855957671999914 5.3879919201135626 7.7679695188999167 7.0066833570599556 101.09925140440464 4.630181521177291
leaf_count=28 102 14 8 32 42 41 32 25 35 33 189 40 19 38 27 1689 24 37 24 32 71 41 60 20 28 27 35 40 478 22
internal_value=-6.70468e-05 -0.0192399 -0.0282723 0.00630617 5.92309e-05 -9.0497e-05 0.000134324 -0.000171206 -0.00759769 -0.0155115 0.000282367 0.00168447 -0.0322835 -0.04389 1.52332e-05 0.00146529 -0.00239919 -0.000787026 0.0208323 -0.0310409 0.0294346 -0.00230727 -0.0161232 0.00266617 -0.000322309 0.0028429 0.00457069 -0.0167351 0.0070742 -0.00968516
internal_weight=636.996 4.16798 3.65175 1.47522 632.828 626.476 618.772 610.369 35.1326 28.7601 575.236 14.2006 14.5595 8.91663 570.164 356.223 213.941 202.54 25.629 11.4004 20.8058 194.421 24.4237 12.8654 169.997 127.047 121.66 12.7923 108.867 42.9497
internal_count=3333 156 142 40 3177 3149 3107 3066 197 162 2869 72 90 57 2844 1811 1033 977 122 56 95 940 121 61 819 608 581 68 513 211
is_linear=0
shrinkage=0.05


Tree=82
num_leaves=31
num_cat=0
split_feature=1 0 0 0 4 4 4 2 4 4 2 2 0 2 2 2 4 0 0 4 1 4 1 4 0 0 2 2 2 2
split_gain=0.578996 2.178 2.07649 3.19217 1.88476 3.27448 3.23063 2.84291 3.42112 3.30875 2.77646 3.87148 2.27018 2.118 4.51649 4.44653 3.60091 3.03592 5.259 5.0338 2.51115 4.21485 3.46813 4.80166 3.05707 5.11236 2.99909 3.38142 2.1753 3.66839
threshold=164.36445126393099 25.060507039026707 25.23820844975516 25.345065020802085 -0.15838795858307531 -0.18346361784735099 -0.14114886333842588 4.3092222995428981 -0.3868583727230398 -0.56665881240760452 4.0485785635984035 3.9609168116761926 31.722622867669621 4.3369383563430963 4.4645006473524393 4.2251753705746422 0.6335717263744759 26.25479721697997 26.495932946956955 1.2385574471743122 193.35110854888634 0.12140982654733815 179.57372080537542 0.40961114628699352 27.082181353862843 27.274032680536234 4.5709808876596005 4.6863108436414374 4.1624552034772826 3.9999999953780123
decision_type=2 2 2 2 2 2 2 2 2 2 2 2 2 2 2 2 2 2 2 2 2 2 2 2 2 2 2 2 2 2
left_child=-1 -2 -3 -4 5 7 -6 10 9 -9 11 -5 -10 15 -15 28 -17 19 -19 -16 22 -22 23 -20 -23 -26 -27 -28 29 -8
right_child=1 2 3 4 6 -7 13 8 12 -11 -12 -13 -14 14 17 16 -18 18 20 -21 21 24 -24 -25 25 26 27 -29 -30 -31
leaf_value=0.0010432151062821601 0.03978269515757369 -0.03086107855465833 0.034213002028307939 -0.01755215594621997 0.050021458999151884 -0.049115127789787598 -0.0052864831268242558 0.018537231762154282 -0.0026786975872058151 -0.050434196635565469 -0.039119607951005594 0.041887479178171275 0.053924339345354892 -0.030059001372365803 -0.06239688206273513 0.0093561632488662321 0.062743012262537465 0.081960897469299909 0.031306031643649083 0.010813716423612878 -0.052132559149164925 -0.050356094114239004 0.037292601807758757 -0.038654533496430672 0.079474423943322242 0.044629363336592752 -0.058741001667693117 -0.00086266568652534773 -0.032429984664942249 0.023817419298849368
leaf_weight=412.88347298465669 3.0592492520809165 6.3559837937355033 5.9616694087162605 12.680570442229515 3.1176196932792655 5.2334081390872589 43.950390104204416 3.5868676789104939 2.7717157239094359 3.3750230148434639 9.1957964077591878 3.4943669661879531 4.9083998305723071 16.785712078213692 4.9061956405639631 7.7185546159744245 5.3462760448455811 2.0481002628803244 4.6624848991632479 4.5028753262013197 4.5888402163982382 2.8390602190047529 9.1325674178078753 5.1745178401470184 2.0828131139278439 3.0706301331520107 2.8726110756397274 20.765573714859784 5.0161774158477774 14.366217017173765
leaf_count=2007 14 35 31 103 15 30 234 26 17 41 69 19 29 83 24 35 25 9 20 22 24 18 43 27 9 14 14 205 25 66
internal_value=-6.65155e-05 -0.00211594 -0.00269721 -0.00186133 -0.00289433 -0.0119224 -0.000387455 -0.00705789 0.0104857 -0.0148991 -0.0171827 -0.00471106 0.0334966 -0.00137073 -0.00687852 0.0046442 0.0312027 -0.00104022 0.00328653 -0.0273607 0.000366873 -0.0073517 0.0151043 -0.00549503 -0.000855092 0.00402606 -0.00185757 -0.00789628 -0.000834502 0.00188322
internal_weight=636.454 223.57 220.511 214.155 208.193 45.2461 162.947 40.0127 14.642 6.96189 25.3707 16.1749 7.68012 159.83 83.432 76.3976 13.0648 66.6463 57.2372 9.40907 55.1891 36.2195 18.9696 9.837 31.6307 28.7916 26.7088 23.6382 63.3328 58.3166
internal_count=3333 1326 1312 1277 1246 334 912 304 113 67 191 122 46 897 512 385 60 429 383 46 374 284 90 47 260 242 233 219 325 300
is_linear=0
shrinkage=0.05


Tree=83
num_leaves=31
num_cat=0
split_feature=2 1 1 5 1 2 0 2 1 1 2 1 1 1 2 2 0 1 2 4 0 4 2 2 2 2 0 0 1 2
split_gain=0.574768 1.59925 1.61082 2.70026 1.91422 0.52597 2.47879 2.25935 2.75759 1.81495 1.31076 1.2621 0.952637 0.915941 4.28986 3.41751 2.02622 1.82292 3.0647 3.10882 2.84384 2.59076 1.92004 2.4797 2.80825 2.35163 2.61619 2.21808 2.10942 2.31468
threshold=5.8421117616699698 266.87523904007645 309.60199633185249 1.5000000000000002 399.99999791291822 2.2313089446627652 77.499346998107129 2.0698342263201326 196.74267009426782 122.46624511857638 1.6847428759097081 293.40735310362248 309.60199633185249 164.36445126393099 2.830792316876495 3.1034626106477874 25.060507039026707 156.98636925201086 4.234807135216097 0.39988234777904091 26.572415629628477 -0.031685206445490575 2.7933010361245523 3.3757491142744729 3.4214862137318192 2.7200433969823168 62.455470997965399 52.866884243325096 147.36506323641046 4.5340595458878594
decision_type=2 2 2 2 2 2 2 2 2 2 2 2 2 2 2 2 2 2 2 2 2 2 2 2 2 2 2 2 2 2
left_child=5 -2 -3 -4 -5 6 7 8 9 -1 -11 13 -10 17 -15 -16 -17 22 19 21 -20 -19 25 27 -25 26 -7 -24 -26 -30
right_child=1 2 3 4 -6 11 -8 -9 12 10 -12 -13 -14 14 15 16 -18 18 20 -21 -22 -23 23 24 28 -27 -28 -29 29 -31
leaf_value=-0.012863536420085774 -0.054804354098390809 0.067514062372382888 -0.055426332493252607 0.073543929784916251 -0.020532305940812876 -0.008119048147179838 0.035432755727933515 -0.04417095396749221 -0.058527739840915242 0.041139507114627979 0.001685303943341405 0.018413443387805446 -0.013515348000008968 -0.052633316646338683 0.0416105204301533 0.037738484097013393 -0.0032563643096728701 -0.0023170437840593552 -0.0042518647478655804 -0.03043603926298652 0.041441905295834303 0.043389053253110703 -0.025467653690776876 0.042120369103508526 0.0019051956861761987 0.04713356003953572 0.035553191163002117 0.010651111503915726 -0.014506389783445012 0.014288903952915334
leaf_weight=7.4221232533454993 1.8087076935917128 0.75283568166196335 1.909687867388129 1.0734895998612048 1.0895019667223094 10.462999716401102 3.1201830878853789 4.4417776465415946 2.612092249095439 4.1338904201984388 4.2894737422466278 9.5699654929339868 2.1371846981346607 4.2032146677374831 4.4751819074153891 3.0635924935340872 186.85219044610858 9.9629461243748665 4.8058966845273998 6.1901607364416114 11.682462714612482 4.5011332780122766 17.027168639004234 4.0328222662210456 260.48588042706251 4.528378650546073 5.1011477559804908 5.6647519916295996 39.881273299455643 8.4592100232839567
leaf_count=43 41 9 69 22 41 52 17 26 24 25 26 50 21 27 26 14 969 52 23 29 54 20 84 18 1246 22 23 27 194 39
internal_value=-6.64538e-05 -0.0147065 0.000323003 -0.0120973 0.0261576 8.79325e-05 -0.00659114 -0.0118284 -0.00485289 0.00516365 0.021048 0.000400872 -0.0382721 0.000109385 -0.00265797 -0.00157738 -0.00259506 0.00150857 0.0120487 -0.000783793 0.0281234 0.0119064 0.000407782 -0.00049121 0.00066637 0.0154212 0.00619452 -0.0164511 0.000125042 -0.00946744
internal_weight=635.741 6.63422 4.82552 4.07268 2.16299 629.107 28.1567 25.0365 20.5948 15.8455 8.42336 600.95 4.74928 591.38 198.594 194.391 189.916 392.786 37.1426 20.6542 16.4884 14.4641 355.644 335.551 312.859 20.0925 15.5641 22.6919 308.826 48.3405
internal_count=3333 182 141 132 63 3151 182 165 139 94 51 2969 45 2919 1036 1009 983 1883 178 101 77 72 1705 1608 1497 97 75 111 1479 233
is_linear=0
shrinkage=0.05


Tree=84
num_leaves=31
num_cat=0
split_feature=3 0 1 2 4 3 1 1 2 4 3 4 2 0 1 3 3 3 0 4 2 4 0 0 3 3 2 3 0 4
split_gain=0.641176 4.07369 3.51804 2.84367 2.54976 2.33621 2.8402 2.94836 4.70286 2.97967 2.55689 2.06953 2.85112 2.03044 2.42027 2.19471 4.50903 2.1604 2.65181 2.96141 4.99706 2.7068 1.86082 4.70618 4.5146 1.83174 4.29117 4.44951 3.48081 2.74039
threshold=0.2751924308297547 63.533876353225367 139.12124010638931 3.9609168116761926 -1.0825435314252021 0.28421052630532101 127.17907801977864 109.70549469826361 3.9080388212472221 -0.10003748305545994 0.37589808914496142 0.22442922131190879 4.1446275781141226 67.272464002875722 105.38805276676926 0.15335378322382667 0.19329010141912098 0.24235749564693768 42.090812582531974 -0.33370889376165125 3.6122429882190361 1.8196772632839244 55.689282672125081 49.290923380124958 0.38558638768135761 0.39808868732943137 4.1571972538457693 0.42805383019603888 27.082181353862843 0.61294550942665316
decision_type=2 2 2 2 2 2 2 2 2 2 2 2 2 2 2 2 2 2 2 2 2 2 2 2 2 2 2 2 2 2
left_child=13 4 -3 -4 -2 -6 7 9 10 -7 -9 12 -10 17 -15 -16 -17 -1 19 -19 -21 -22 23 25 -24 -8 -27 -28 -29 -30
right_child=1 2 3 -5 5 6 22 8 11 -11 -12 -13 -14 14 15 16 -18 18 -20 20 21 -23 24 -25 -26 26 27 28 29 -31
leaf_value=-0.00084929275571350618 0.070379914473354413 -0.054658451735796143 0.029616606938287389 -0.034158565671177442 0.02776174141981019 0.018501409099411073 -0.0068496334670053172 0.073813069250122779 -0.010460404012689167 -0.029239509617110828 0.027038818616942597 -0.021705320924815818 0.046162852024264157 0.055300346014101942 0.01646056202295957 -0.055787059060818461 0.012441642051513678 0.021184712265711222 -0.052885135815702568 -0.069150769882868668 -0.015897415670556445 0.027029173795883727 0.062249857550856005 -0.056173800202079661 -0.016159916830704012 -0.012262223911039271 0.060032502055656037 -0.027798838157510743 -0.0067991078109239274 0.044073302407189964
leaf_weight=395.50403640698642 1.4672530889511097 5.5306489467620832 3.6054934076964855 3.3925804262980819 9.8156810300424677 6.5713926255702972 57.229645360261202 5.0720495432615298 4.3404856175184232 6.5022962987422925 6.8915178328752518 4.9829223752021781 4.557324007153511 2.8036361113190642 20.155229562893513 3.7425287403166276 6.8604143531993032 6.5776576399803153 3.8180127628147593 3.8288523405790356 18.855199530720714 4.5605939924716941 3.6295548882335416 4.0652631521224967 3.7145216688513756 15.9133328422904 5.6624304112046984 4.6793629527091971 4.4195561408996564 6.6011052690446377
leaf_count=2092 6 36 23 34 46 31 281 22 20 29 31 22 20 13 128 24 41 33 24 20 91 22 19 26 23 76 29 21 20 30
internal_value=-6.58307e-05 0.0025765 -0.0248549 -0.00130082 0.00477795 0.00415554 0.00255569 0.0141065 0.0238947 -0.00524289 0.0468691 0.00409344 0.0185412 -0.00102064 0.0108271 0.00677337 -0.0116411 -0.00193865 -0.0133851 -0.00892613 -0.0161958 -0.00753679 -0.00168863 -0.00349763 0.0225914 -0.0012317 0.00739353 0.0220355 0.00833136 0.0236722
internal_weight=635.351 168.644 12.5287 6.99807 156.116 154.648 144.833 38.918 25.8443 13.0737 11.9636 13.8807 8.89781 466.706 33.5618 30.7582 10.6029 433.144 37.6403 33.8223 27.2446 23.4158 105.915 98.5707 7.34408 94.5054 37.2758 21.3625 15.7 11.0207
internal_count=3333 845 93 57 752 746 700 175 115 60 53 62 40 2488 206 193 65 2282 190 166 133 113 525 483 42 457 176 100 71 50
is_linear=0
shrinkage=0.05


Tree=85
num_leaves=31
num_cat=0
split_feature=3 0 3 3 2 0 0 0 0 0 1 1 1 1 2 2 0 0 3 2 0 1 2 1 3 0 3 3 0 1
split_gain=0.591353 5.78591 3.93873 2.74575 2.42094 1.80356 2.1277 2.82208 2.42948 2.35212 3.94156 4.01884 2.66364 2.12711 1.73444 4.99035 4.65957 6.8127 5.33226 3.18063 4.07133 5.08261 3.06718 2.254 1.83981 3.73953 3.11906 2.23804 2.14136 1.72955
threshold=0.29854809435655882 66.652701578500924 0.30280794179185161 0.29316826547316271 1.5697743230894525 67.272464002875722 54.067708362829713 58.766054687840828 52.249529700109029 62.969694920466722 118.96379599214895 168.93419843640763 145.39930780874104 105.38805276676926 3.9677677394979463 4.1571972538457693 26.161930557385841 26.658685637210976 0.32178910543628253 3.8553324068992141 27.990556551126947 139.90182101324396 4.2059132540748605 116.60614573715858 0.39808868732943137 26.717538667821305 0.37021406824782638 0.31249999997830658 35.281795385482731 121.83127559434426
decision_type=2 2 2 2 2 2 2 2 2 2 2 2 2 2 2 2 2 2 2 2 2 2 2 2 2 2 2 2 2 2
left_child=3 2 -2 5 -4 6 8 -8 -1 10 -9 -12 -11 -7 16 -16 -6 -18 -19 20 -20 -22 -17 -24 26 -26 27 -25 -27 -15
right_child=1 -3 4 -5 14 13 7 9 -10 12 11 -13 -14 29 15 22 17 18 19 -21 21 -23 23 24 25 28 -28 -29 -30 -31
leaf_value=-0.00081355115817074726 0.044494257279269797 -0.040457678024480477 -0.059926607504074227 -0.038967721680230598 0.038967441936617976 0.051980322130586176 -0.033552516837226307 -0.039231340538995366 0.034261911356226742 0.00014730176146114765 0.053061057970932406 -0.016972187589818166 -0.052191236343600969 -0.021428073739527664 -0.023992619422708798 0.038846848264745604 -0.0596939029391685 0.063396241199729683 0.026432038814375881 0.041241287937573777 0.0014748663021665208 -0.058993728383287924 0.03420331150945332 -0.031902315609293054 -0.022701030774339079 0.03581488218113537 -0.036932918255969747 0.0084498584381896939 -0.00067445141937781715 0.011576623153708082
leaf_weight=413.90304687712342 6.0633861124515525 7.3445539725944391 1.4982243590056885 4.6887030825018874 11.731360033154486 2.8327827006578437 11.507950211875139 2.8337660431861904 4.9964125445112577 6.1221859604120237 5.8184373974800092 3.1615626914426684 4.0318584078922868 4.6458351463079479 17.557795509696007 6.4290569424629203 3.9061040580272666 4.1125370413064983 6.864240534603602 4.3539360463619223 9.7988007217645627 5.3847895413637152 5.0949838310480109 4.273191584274179 6.4352052658796337 10.631606923416259 7.4460964780300847 17.54226893093437 6.4659655001014462 27.260741638951004
leaf_count=2136 25 62 12 26 52 13 79 14 27 32 28 30 33 23 83 30 19 19 32 20 47 31 21 21 29 48 37 89 38 177
internal_value=-6.52318e-05 0.00276567 0.00510697 -0.000887983 0.00326317 -0.000521448 -0.00136455 -0.0134947 -0.000395189 -0.0029873 0.0121808 0.0284047 -0.0206347 0.0104574 0.00400263 -0.000366672 0.0117541 0.00247904 0.0104377 0.00218852 -0.00552349 -0.01997 0.0060828 0.0024441 -0.000620864 0.00978733 -0.00899136 0.000545713 0.0220153 0.00677089
internal_weight=634.737 142.934 135.59 491.803 129.526 487.115 452.375 33.4758 418.899 21.9678 11.8138 8.98 10.154 34.7394 128.028 81.8762 46.1518 34.4204 30.5143 26.4018 22.0478 15.1836 64.3184 57.8893 52.7943 23.5328 29.2616 21.8155 17.0976 31.9066
internal_count=3333 715 653 2618 628 2592 2379 216 2163 137 72 58 65 213 616 396 220 168 149 130 110 78 313 283 262 115 147 110 86 200
is_linear=0
shrinkage=0.05


Tree=86
num_leaves=31
num_cat=0
split_feature=2 1 4 5 1 4 2 2 3 2 3 4 4 4 4 4 4 2 3 3 3 1 3 3 2 1 2 2 2 2
split_gain=0.585166 1.43707 1.42859 1.22718 1.36201 1.14815 0.841677 0.792856 1.17803 1.15959 1.07989 0.767664 2.09177 1.77441 2.13994 5.78453 2.75851 4.40498 1.86652 1.81472 1.72986 1.60917 2.21989 4.5253 1.48646 0.96086 0.948053 2.00697 1.07634 3.86691
threshold=5.4877058822079894 226.77838712875979 1.3609393639669618 1.5000000000000002 309.60199633185249 5.1193809898612566 5.2642381170337798 4.9008961278092942 0.19122909211265496 5.0725884509381176 0.28421052630532101 4.1673564594087358 3.2631092981699656 2.8383766626567213 2.2649386210786568 2.1234905006965739 1.747809742507638 4.1078537643087669 0.29854809435655882 0.12798618591617908 0.23809523807444857 244.84822745990905 0.20784615383799593 0.096241135233460381 3.6271239157215942 169.76421334578757 4.826477265739201 4.7698489505030173 4.0335752908212514 3.8354145035110037
decision_type=2 2 2 2 2 2 2 2 2 2 2 2 2 2 2 2 2 2 2 2 2 2 2 2 2 2 2 2 2 2
left_child=6 -2 -3 4 -4 -5 7 11 9 -9 -10 12 13 14 15 16 21 -18 19 -16 -14 26 23 -23 -13 -19 27 28 29 -1
right_child=1 2 3 5 -6 -7 -8 8 10 -11 -12 24 20 -15 18 -17 17 25 -20 -21 -22 22 -24 -25 -26 -27 -28 -29 -30 -31
leaf_value=-0.0018275013238516062 -0.040230309645563775 -0.053284861304931569 0.038143851931215098 0.0046273096651925491 -0.034258512722823029 0.069224304313021706 0.019229660822715891 -0.0084114581534858908 0.017247346908748112 -0.047703189135068796 -0.013940493304549752 0.0073486041190880093 0.038539528635336835 -0.025510081176386562 0.025273292449147916 -0.058473902094464209 -0.011972706384913606 0.026028381018615501 0.04481241314044155 -0.015220729842336479 -0.00090304773483269288 -0.042639674472801994 -0.043256092778782826 0.026784096696585297 -0.028573785781890751 0.057207978138176366 -0.021807720570554467 0.028063524222687115 -0.0020206449116642066 0.012315738717868254
leaf_weight=153.80372843518853 3.1167929610237461 1.0374777279794214 0.94534841366112266 1.4883072134107354 2.0759340822696686 1.2790486766025422 5.7133353799581519 4.38438153266907 5.0767599642276746 3.2844550684094429 6.1232704743742943 5.2258822172880155 6.5327168554067594 6.684711940586566 6.252322815358637 4.2143580317497245 6.3122157678008106 4.9813046008348447 4.7274778932332984 4.962899312376976 4.8389482796192169 4.0555328875780088 5.1003081351518622 5.5728143975138664 6.4147207587957382 4.9030082523822784 4.8590354025363913 6.4655542075633994 283.04984777420759 70.473326712846756
leaf_count=797 53 41 7 34 58 15 26 27 24 22 31 31 31 34 30 20 33 22 22 25 22 29 32 34 32 22 24 29 1389 337
internal_value=-6.50449e-05 -0.0120993 0.000745237 0.0104289 -0.0116041 0.0344835 0.000126707 -4.98118e-05 -0.0101415 -0.0252396 0.000196359 0.000267854 0.000519658 0.000100712 0.000401204 -0.000118723 0.000328766 0.020657 0.0184616 0.0073541 0.0217557 -0.000288519 -0.0165856 -0.00245772 -0.0124469 0.0414947 0.000174285 0.000382173 2.93919e-05 0.00261665
internal_weight=633.956 9.94291 6.82612 5.78864 3.02128 2.76736 624.013 618.3 18.8689 7.66884 11.2 599.431 587.79 576.418 569.734 553.791 549.577 16.1965 15.9427 11.2152 11.3717 533.38 14.7287 9.62835 11.6406 9.88431 518.651 513.792 507.327 224.277
internal_count=3333 208 155 114 65 49 3125 3099 104 49 55 2995 2932 2879 2845 2768 2748 77 77 55 53 2671 95 63 63 44 2576 2552 2523 1134
is_linear=0
shrinkage=0.05


Tree=87
num_leaves=31
num_cat=0
split_feature=2 2 3 0 3 4 3 0 3 3 0 0 4 0 0 1 1 2 4 3 0 0 0 4 2 4 4 4 0 2
split_gain=0.821772 0.827648 0.719729 4.6267 2.91259 2.95835 2.38157 1.63315 2.03997 5.11544 1.87658 4.31946 2.60165 2.50111 2.12368 3.79085 4.71944 2.1185 1.92698 1.6316 1.60784 2.45823 2.58882 2.37161 2.37968 2.35292 3.48666 3.46286 2.74561 2.04963
threshold=0.69538496774920977 1.1562723652743909 0.29854809435655882 66.652701578500924 0.31457536173471928 0.083897528437183774 0.29316826547316271 67.272464002875722 0.15116982044026836 0.19329010141912098 54.067708362829713 58.766054687840828 -0.16844689735170526 52.249529700109029 64.128926808043175 118.96379599214895 168.93419843640763 2.1487840173179551 -0.3037549991985134 0.13152652547008956 25.842430527409711 25.607266419431074 25.39003055274538 -1.0825435314252021 4.5142782259919692 -0.067946555010022683 0.31354628891914577 0.84920125101373756 27.527119284320435 4.4243889189098793
decision_type=2 2 2 2 2 2 2 2 2 2 2 2 2 2 2 2 2 2 2 2 2 2 2 2 2 2 2 2 2 2
left_child=-1 -2 6 4 5 -4 7 10 19 -10 13 12 -12 17 15 -13 -17 -3 -16 -9 21 22 -6 -22 29 -26 -27 -28 -29 -25
right_child=1 2 3 -5 20 -7 -8 8 9 -11 11 14 -14 -15 18 16 -18 -19 -20 -21 23 -23 -24 24 25 26 27 28 -30 -31
leaf_value=-0.026355138531914069 0.021706318698473004 -0.025354597529650649 0.046902208106050676 -0.03787475917146077 0.019681881762791471 0.0064849031778211391 -0.037209660707857098 0.013649088754018997 -0.047498976207213217 0.01768704697037057 -0.063135543697113425 -0.039691553530002442 -0.013252691682904131 0.034893081888836823 0.0031551619617393497 0.048267155324238357 -0.018152114930321511 -0.00046949099416394884 -0.051425344986388899 0.052066363615642222 0.088904917582077525 0.03921502721869765 -0.0227574864025624 -0.0028229024505053799 0.046767478567036239 -0.054361574416402839 0.053928854755627066 -0.036986930305556442 0.018275673558122221 -0.03050851154124843
leaf_weight=2.958182491362094 4.3850891627371302 8.7381844259798509 7.7973538786172893 6.5799626763910046 9.1622905433177966 10.796170450747011 4.4999067839235058 17.199104746803645 4.6608893331140271 8.4951304001733643 5.5044977851212025 2.9799677878618267 4.9775372212752718 4.9118715785443774 3.2590929847210646 7.2049868218600732 4.253340519964695 402.35496864933521 3.2097768262028685 3.2929102927446356 0.73190736770629783 6.819843813776969 5.9120566695928565 65.259246505796909 4.2614261060953167 2.1448616236448279 3.914139673113822 3.5266731157898885 6.1970010949298739 7.4480742514133444
leaf_count=28 28 55 34 57 40 49 25 111 29 50 42 15 31 26 18 35 39 2063 22 16 3 30 26 318 18 10 17 18 45 35
internal_value=-6.35564e-05 5.98028e-05 -9.18071e-05 0.00305907 0.00506953 0.0234342 -0.0010039 -0.000665212 0.00995803 -0.00540693 -0.00146418 -0.0132529 -0.039448 -0.000574668 -0.000119738 0.0105468 0.0236123 -0.000998448 -0.023927 0.0198225 0.00210998 0.0143064 0.00303745 -0.000746478 -0.00145392 0.0137994 0.00489781 0.0142177 -0.00176748 -0.00565899
internal_weight=633.436 630.478 626.093 140.551 133.971 18.5935 485.542 481.042 33.648 13.156 447.394 31.3892 10.482 416.005 20.9072 14.4383 11.4583 411.093 6.46887 20.492 115.378 21.8942 15.0743 93.4833 92.7514 20.0441 15.7827 13.6378 9.72367 72.7073
internal_count=3333 3305 3277 700 643 83 2577 2552 206 79 2346 202 73 2144 129 89 74 2118 40 127 560 96 66 464 461 108 90 80 63 353
is_linear=0
shrinkage=0.05


Tree=88
num_leaves=31
num_cat=0
split_feature=2 1 2 5 3 4 3 2 4 1 1 3 2 2 2 2 3 2 1 2 4 4 4 1 1 2 1 1 1 3
split_gain=0.553697 1.46692 1.32158 1.16956 0.599902 2.5218 1.93947 1.52393 2.60323 0.755256 2.25899 1.94522 2.61138 6.21457 3.95084 3.51656 1.76173 1.53788 4.01124 1.7458 3.28941 1.59465 3.64377 1.50022 1.44059 1.41624 1.25018 1.19146 2.77506 3.5222
threshold=5.8421117616699698 266.87523904007645 7.6331047207848828 1.5000000000000002 0.011494376841730042 0.47266428175881037 0.014265364264652114 3.7992195829273645 -0.14840624152583429 107.64075709694738 114.42040196880701 0.28276503932375208 3.7406202025156015 4.1392572265021155 2.7933010361245523 4.3441608775835174 0.45674096560366656 4.2964491377440224 104.30586721787675 3.8102407730011607 -0.41286414391197718 -0.28533432633408629 0.094671997567211272 115.28738806058369 102.79851636070073 3.3757491142744729 102.79851636070073 119.47015396442826 122.09732175691606 0.062007934081179251
decision_type=2 2 2 2 2 2 2 2 2 2 2 2 2 2 2 2 2 2 2 2 2 2 2 2 2 2 2 2 2 2
left_child=4 -2 3 -3 5 7 -6 -1 -9 17 11 12 14 -14 -11 -15 -13 19 -19 20 -8 24 -23 -12 -21 26 -22 -25 29 -29
right_child=1 2 -4 -5 6 -7 9 8 -10 10 23 16 13 15 -16 -17 -18 18 -20 21 25 22 -24 27 -26 -27 -28 28 -30 -31
leaf_value=0.04746893939149982 -0.054803604859466573 -0.012205279010880242 -0.051111750745841178 0.043998073067958526 -0.033666752682597549 -0.023540266336361235 0.035990391046316975 -0.01276792110130495 0.034362423917521638 0.020163973126931939 -0.027462892433018051 0.040817732830845679 0.042743766246002221 -0.038661889097962615 -0.039557358304729832 0.013568340073296575 0.002325357745098892 0.0423327247985643 -0.022923077822356329 -0.058401133501859707 -0.0063983280371550169 0.019194519408561754 -0.038483600265274642 0.0097199797145261398 -0.019752490991984974 0.0056335781490395413 -0.044499158536351974 0.020393705976994494 2.7481234768134854e-05 -0.032374843931569003
leaf_weight=3.4937105327844646 1.6808607056736935 2.0407759416848421 1.0126992575824258 1.6939561981707814 4.2967307157814494 4.6637746989727011 4.9729581475257882 6.1046772375702858 5.6337573975324613 4.7229391634464246 5.070808917284011 8.5157695710659009 10.597980514168741 5.6149096786975843 6.6948209404945374 7.5639834254980087 4.5665884912013999 5.1467653512954694 4.3413695394992828 3.7984844595193881 4.5874814540147764 6.1214531287550908 4.9544102624058723 28.924193471670151 6.6011264771223068 7.2967161089181909 4.0570407435297966 4.1177937090396908 450.26912875846028 13.628387250006197
leaf_count=18 41 43 64 34 25 24 25 34 27 24 24 39 46 28 31 35 20 23 20 20 25 29 23 135 34 35 22 20 2297 68
internal_value=-6.29961e-05 -0.0146626 -0.000450404 0.0132868 8.68392e-05 0.00863 -0.000193432 0.0184799 0.00985187 4.54155e-05 0.000589111 0.0109195 0.00480042 0.0142384 -0.0148537 -0.00868452 0.0273814 -0.00572176 0.0124744 -0.00979464 0.000487622 -0.0198082 -0.00660582 -0.000404339 -0.033869 -0.0105877 -0.0242798 -0.000128232 -0.000736869 -0.0201305
internal_weight=632.786 6.42829 4.74743 3.73473 626.358 19.8959 606.462 15.2321 11.7384 602.165 550.287 48.277 35.1946 23.7769 11.4178 13.1789 13.0824 51.8778 9.48813 42.3897 20.9142 21.4755 11.0759 502.01 10.3996 15.9412 8.64452 496.94 468.015 17.7462
internal_count=3333 182 141 77 3151 103 3048 79 61 3023 2767 223 164 109 55 63 59 256 43 213 107 106 52 2544 54 82 47 2520 2385 88
is_linear=0
shrinkage=0.05


Tree=89
num_leaves=31
num_cat=0
split_feature=0 0 3 4 0 0 2 3 2 4 0 2 3 0 4 3 0 4 4 2 0 2 3 3 2 3 2 0 3 4
split_gain=0.563059 2.73462 4.90989 4.08843 2.18306 1.83124 0.985555 0.810126 1.784 0.981386 2.27285 6.94605 4.8744 3.13619 3.80578 2.70879 2.87965 2.14221 1.96377 1.84522 3.55281 2.605 2.25529 2.24432 2.55892 2.44257 3.3357 2.68028 3.5947 1.80449
threshold=25.260956490555571 25.190084981370003 0.07272727272396283 -0.31810342773869577 25.292373053327331 25.085545652214424 4.1681369836678561 0.57995433788713169 3.9609168116761926 -0.21077226753771569 25.765723122772069 4.0553073166869646 0.21631069498057498 26.161930557385841 -0.57726659783204759 0.017392619478851436 44.242985382396846 -0.20139606304800639 -0.33764193485455268 3.8354145035110037 67.272464002875722 3.8817278829363144 0.1561840717205478 0.098039215678267996 3.7486280778644567 0.3480012894733408 3.5127903428243967 47.635070883055917 0.22025800695807937 -0.46396887092104083
decision_type=2 2 2 2 2 2 2 2 2 2 2 2 2 2 2 2 2 2 2 2 2 2 2 2 2 2 2 2 2 2
left_child=1 2 -1 -4 -2 -5 -3 9 -9 10 11 12 -6 14 -12 16 -15 -11 -16 20 23 -21 -22 -17 25 26 27 -25 -29 -23
right_child=4 6 3 5 7 -7 -8 8 -10 17 13 -13 -14 15 18 19 -18 -19 -20 21 22 29 -24 24 -26 -27 -28 28 -30 -31
leaf_value=-0.037413276178700848 0.031285826352805128 -0.015543877206737174 0.051514580342587504 0.019953825304523772 -0.023297177239098504 -0.0155756373643308 -0.046941395691660059 0.012933435657816262 -0.034368123954129207 0.035799566338907046 -0.01695206765860342 -0.056341299871218213 0.047260671840276401 -0.0081029813560768767 0.059290223805041758 -0.038727203315379211 0.048982983224513214 0.0012278892186968339 0.015814845085163273 0.039269828541466684 0.040088951216034077 0.0063666095446268337 -0.011116647234363165 -0.03547435998168133 -0.046925899839577595 -0.035403899705672641 0.041890158686963629 0.037119485353023444 -0.033711007716757994 -0.0081454700993782731
leaf_weight=5.9040524493902948 5.6332938410341731 6.5795901045203191 5.4292998388409641 6.6921225488185865 5.6279226243495959 7.9173328056931496 4.0303758606314659 3.3175183832645398 4.9940629359334707 4.5322561636567107 4.6210190281271926 7.4906264301389447 4.3318241536617279 3.9885412435978633 5.2035260647535315 10.933595377951859 4.9517416311427951 395.09811910055578 5.186206776648759 3.879286214709281 4.5574984699487668 34.778571831993752 4.0712679401040077 5.461593061685571 4.3603681474924079 5.130601003766059 4.3300181180238715 4.7505511045455933 2.8755431324243546 55.771425277926035
leaf_count=33 28 34 24 30 32 39 22 18 32 24 25 42 20 24 26 69 30 2009 28 20 23 192 24 41 24 33 23 29 18 317
internal_value=-6.20764e-05 -0.00608571 0.00266024 0.0144672 0.000307431 0.000699269 -0.0274708 1.17723e-05 -0.015488 0.000233151 -0.00280695 -0.0199664 0.00739077 -0.000990528 0.0207985 -0.00317331 0.0235151 0.00161997 0.0375888 -0.00486673 -0.0130232 -0.000852744 0.0159289 -0.0196248 -0.011863 -0.0050826 0.00384891 -0.00873691 0.0104117 -0.00257165
internal_weight=632.43 36.5528 25.9428 20.0388 595.877 14.6095 10.61 590.244 8.31158 581.932 182.302 17.4504 9.95975 164.851 15.0108 149.841 8.94028 399.63 10.3897 140.9 46.471 94.4293 8.62877 37.8423 26.9087 22.5483 17.4177 13.0877 7.62609 90.55
internal_count=3333 182 126 93 3151 69 56 3123 50 3073 1040 94 52 946 79 867 54 2033 54 813 284 529 47 237 168 144 111 88 47 509
is_linear=0
shrinkage=0.05


Tree=90
num_leaves=31
num_cat=0
split_feature=2 0 0 4 5 2 2 1 0 2 4 4 4 4 4 4 2 0 0 0 1 1 2 2 1 0 4 2 0 0
split_gain=0.517206 1.36979 2.17889 0.955151 1.85564 0.760355 0.723527 1.06686 1.94029 1.68603 0.682892 1.94673 1.58811 1.93941 5.2892 2.57373 3.96679 4.22567 1.82549 1.78812 1.51544 1.45946 2.2766 1.92714 1.4433 1.09163 3.10449 2.01218 5.19171 3.30884
threshold=5.4877058822079894 83.395472401757971 37.186219814970997 3.3819052973577963 1.0000000180025095e-35 5.2642381170337798 4.9008961278092942 244.84822745990905 27.881286557244277 5.0725884509381176 4.1673564594087358 3.2631092981699656 2.8383766626567213 2.2649386210786568 2.1234905006965739 1.747809742507638 4.1078537643087669 28.21780526644265 27.082181353862843 38.416299240948952 150.21860617240816 244.84822745990905 4.5643330478304573 3.9999999974705323 188.53217578466692 67.272464002875722 -0.067946555010022683 4.0335752908212514 75.748363931169408 78.412966621658555
decision_type=2 2 2 2 2 2 2 2 2 2 2 2 2 2 2 2 2 2 2 2 2 2 2 2 2 2 2 2 2 2
left_child=5 2 3 4 -2 6 10 8 -8 -10 11 12 13 14 15 21 -17 -18 -15 -20 -13 25 23 -23 -12 -1 27 29 -29 -27
right_child=1 -3 -4 -5 -6 -7 7 -9 9 -11 24 20 -14 18 -16 16 17 -19 19 -21 -22 22 -24 -25 -26 26 -28 28 -30 -31
leaf_value=-0.0004566971117254737 0.031648848717370746 0.043804955231024054 -0.044653943581268028 0.027690898118008844 -0.059159755095232747 0.01825498505788482 0.0052778644037261239 0.012006214707851678 -0.054348077795475472 -0.0093740751261420507 -0.034665317239844527 0.042840114816613047 -0.024278893601515021 0.041187409391414041 -0.056487603202812466 -0.011153477998392782 0.0088124426772776647 0.07427963248051149 -0.014323770577234643 0.026887212602617557 0.0057528392007822286 -0.03017319011414947 -0.053330204712343725 0.01165556040480091 0.0018464143982742411 -0.0032872966386262082 0.037831175024214077 0.015849223647811269 -0.055503321532046207 0.047755184018428772
leaf_weight=484.98074935004115 1.0353083116933688 1.0031732283532608 4.0587106486782432 2.3718120455741882 1.2320618582889435 5.7245243564248076 6.0459539368748692 4.3366167843341819 4.1801682114601117 4.1555994376540184 4.3177098631858808 4.6691094040870649 6.6125868111848822 5.4033997952938071 4.1320050209760657 6.2729380428791073 5.2286437451839429 4.663046583533287 5.4864489287137967 5.0594443008303642 6.7167705595493317 4.6623649746179563 3.1779341399669638 6.7260873951017857 7.2539598867297173 10.281628265976908 7.2569356970489016 5.6624296084046346 4.6370954588055611 4.5936154946684828
leaf_count=2406 17 16 113 36 26 26 31 21 26 26 22 21 34 25 20 33 23 21 27 25 32 40 17 38 41 54 36 28 30 22
internal_value=-6.21248e-05 -0.0115181 -0.0178988 0.00550861 -0.0176955 0.000116481 -5.19407e-05 -0.00973179 -0.0162866 -0.0319274 0.000251158 0.000488588 8.30775e-05 0.000366584 -0.000129822 0.000295013 0.0199498 0.0396744 0.0175556 0.0054474 0.0209615 -0.000302215 -0.0159107 -0.00546888 -0.0117771 0.000137202 0.00901832 0.000712662 -0.0162754 0.0124751
internal_weight=631.939 9.70107 8.69789 4.63918 2.26737 622.238 616.513 18.7183 14.3817 8.33577 597.795 586.223 574.837 568.225 552.275 548.143 16.1646 9.89169 15.9493 10.5459 11.3859 531.979 14.5664 11.3885 11.5717 517.412 32.4317 25.1748 10.2995 14.8752
internal_count=3333 208 192 79 43 3125 3099 104 83 52 2995 2932 2879 2845 2768 2748 77 44 77 52 53 2671 95 78 63 2576 170 134 58 76
is_linear=0
shrinkage=0.05


Tree=91
num_leaves=31
num_cat=0
split_feature=0 0 0 2 1 2 2 2 2 2 2 1 2 2 4 2 2 2 2 4 5 2 1 1 1 2 1 1 1 0
split_gain=0.512888 2.48682 1.93774 1.7126 3.77714 2.75059 0.931892 0.723278 2.70973 4.71862 7.99363 5.3289 2.61862 4.1238 4.4135 3.41702 3.7978 2.56094 3.68645 3.53194 2.88781 2.32767 2.28029 2.23553 2.19755 4.36567 4.26336 2.61503 2.57339 2.27855
threshold=25.260956490555571 25.190084981370003 25.292373053327331 4.1078537643087669 133.33333027957647 4.4113590638274633 4.1681369836678561 4.0855063657251689 3.8394820670814442 3.9080388212472221 3.9489740602823824 213.62623571028962 4.2500134529933433 4.3060007634785089 0.80891991744776559 4.2917440240118685 4.2636761862594339 3.7885507757976966 3.7698115389207048 0.61294550942665316 1.0000000180025095e-35 3.7243539969712622 152.35792928149417 103.72220813029379 142.26690394186974 4.3395367814564167 190.46172881546212 186.91155010545793 144.39880165103031 37.495179481190526
decision_type=2 2 2 2 2 2 2 2 2 2 2 2 2 2 2 2 2 2 2 2 2 2 2 2 2 2 2 2 2 2
left_child=1 3 -2 4 -1 -5 -3 8 17 -10 -11 -12 -9 14 15 16 -14 18 21 20 -19 -4 -23 -15 25 -25 27 28 -26 -30
right_child=2 6 7 5 -6 -7 -8 12 9 10 11 -13 13 23 -16 -17 -18 19 -20 -21 -22 22 -24 24 26 -27 -28 -29 29 -31
leaf_value=0.013576531511269668 0.029361602322636366 -0.014777404370569605 0.00058102696774399692 0.036911732280536173 -0.041004032980685029 -0.0091536867056221504 -0.045537322349585213 -0.0098438366131586748 0.028322344999900724 -0.034577068438344072 0.005607934171201933 0.061791597480967644 0.030429727835310484 0.037122703499410332 0.064856533524086851 0.041443192807435511 -0.018354694430561935 -0.0035939033461258687 0.04206375829397508 0.014444439806392746 -0.055799425837722808 -0.0046757380770185587 -0.049583320538918875 -0.043000893406711538 0.04303433745655022 -0.0047399257317240102 -0.0077693648385289546 0.047090038241438426 0.0002569260441680241 0.022644371120993385
leaf_weight=7.2042901515960711 5.6776885092258444 6.5358172878622991 136.62129566818476 6.9037344977259618 5.6601332426071167 6.1071511637419462 3.9505923958495259 73.866692155599594 23.208052076399326 12.147915937006472 54.564996734261513 4.5742416083812705 6.1683338582515814 3.7000631392002097 4.400486320257186 6.458982326090335 11.293693713843821 4.2468486502766627 5.0784934535622588 4.9655704498291007 7.0403736606240273 7.0935758501291257 4.6995302401483059 8.5020710229873639 4.6533099114894858 60.568662341684103 69.330042750108987 4.2960523311048737 57.703016586601734 14.153195174410937
leaf_count=33 28 34 738 33 30 30 22 385 108 61 263 22 31 16 20 31 60 22 25 23 38 34 27 42 21 298 494 21 273 70
internal_value=-6.10437e-05 -0.00582577 0.000291243 0.0024984 -0.010438 0.0152892 -0.0263657 1.11778e-05 0.00195406 0.00874027 0.00236518 0.00995357 -0.00156802 0.000865258 0.0188369 0.0103712 -0.00112195 -0.00182374 0.0001747 -0.0206972 -0.036157 -0.00125867 -0.0225713 -0.00141814 -0.00206869 -0.00944955 0.00132692 0.00913141 0.00700001 0.00466648
internal_weight=631.375 36.3617 595.013 25.8753 12.8644 13.0109 10.4864 589.335 264.241 94.4952 71.2872 59.1392 325.095 251.228 28.3215 23.921 17.462 169.746 153.493 16.2528 11.2872 148.414 11.7931 222.906 219.206 69.0707 150.136 80.8056 76.5095 71.8562
internal_count=3333 182 3151 126 63 63 56 3123 1361 454 346 285 1762 1377 142 122 91 907 824 83 60 799 61 1235 1219 340 879 385 364 343
is_linear=0
shrinkage=0.05


Tree=92
num_leaves=31
num_cat=0
split_feature=3 0 1 2 3 1 0 0 0 3 0 1 2 0 0 3 2 2 3 3 0 0 2 3 1 1 5 0 1 1
split_gain=0.524782 3.18591 3.30063 2.57522 2.11 2.53408 4.03101 2.65653 3.06947 2.9355 2.3262 1.78882 2.97004 1.74979 2.11296 1.74371 1.67765 2.59473 1.64433 3.0342 2.78278 1.99009 2.39796 1.98112 1.85985 1.75116 1.63071 1.56 1.79884 1.59921
threshold=0.2751924308297547 63.533876353225367 139.12124010638931 3.9609168116761926 0.28421052630532101 137.87034565233185 26.242626365615781 55.689282672125081 47.259644985917433 0.29854809435655882 27.082181353862843 156.98636925201086 3.7992195829273645 27.74592280196698 29.294554265337904 0.27027027025505324 4.1806580834472458 4.4547783391938767 0.39808868732943137 0.36613293611666337 26.620641549187734 26.658685637210976 4.2565441951732703 0.31783804223313689 213.62623571028962 179.57372080537542 1.0000000180025095e-35 67.272464002875722 105.38805276676926 153.63847716828829
decision_type=2 2 2 2 2 2 2 2 2 2 2 2 2 2 2 2 2 2 2 2 2 2 2 2 2 2 2 2 2 2
left_child=15 4 -3 -4 -2 6 -6 8 9 -7 -8 12 -11 -12 -15 27 -14 -18 19 20 -13 -20 -23 -22 -24 -25 -16 -1 -29 -30
right_child=1 2 3 -5 5 7 10 -9 -10 11 13 18 16 14 26 -17 17 -19 21 -21 23 22 24 25 -26 -27 -28 28 29 -31
leaf_value=-0.0014162051514783295 0.026682007494798557 -0.052726521500339921 0.029549396464455892 -0.032275162986454498 0.030978964304255754 -0.032307435688170787 -0.020859253958855253 0.02750639040029268 -0.045936258031390641 0.022348951030006982 0.036580551650099762 0.027226800647894296 -0.046698911002906102 -0.030177678310502089 0.028280991982127742 -0.030063065951074521 0.015103228678716121 -0.037489939680135538 -0.006804314175914556 -0.035284714449954555 0.015376589343078426 -0.00037190674989925497 0.061166808257558096 -0.054414304065663749 0.018716219871351632 -0.005795070497432951 -0.00050718837493958079 0.047901977058350476 -0.0042768245043905747 0.018774973520791105
leaf_weight=425.75960920751095 9.8283613063395006 5.150796025991438 3.5728043876588345 3.1866660183295608 17.47415579855442 7.5702742105349889 8.6129018962383253 6.7970346082001916 4.3414025139063588 4.6199658662080791 4.7141971141099956 8.8036620914936119 5.1221475750207892 3.9538570940494564 7.5710739195346859 5.0783182745799413 4.7035952061414701 4.6771273016929626 7.2297119870781925 5.7412289250642052 4.9327323697507364 6.0247037857770946 5.0134512633085233 3.0806373804807663 5.3161271251738071 4.6438721837475896 14.043737556785343 2.8390679135918608 16.428702060133222 13.880667149089275
leaf_count=2259 46 36 23 34 77 42 41 38 30 21 21 39 25 18 35 26 21 21 34 30 23 28 21 16 30 27 68 13 81 109
internal_value=-6.06642e-05 0.00234533 -0.0225738 0.000402997 0.0042624 0.00274263 0.0110307 -0.00252941 -0.00502455 -0.00273214 0.00206875 0.000470496 -0.0125637 0.00858982 0.00342906 -0.00092522 -0.0236853 -0.0111192 0.00537834 -0.00299887 0.00563825 0.0150407 0.0246978 -0.00937753 0.0393196 -0.0251851 0.00957652 -0.000602778 0.00984491 0.00628012
internal_weight=630.713 166.726 11.9103 6.75947 154.816 144.988 56.3699 88.6177 81.8206 77.4792 38.8958 69.909 19.1228 30.2829 25.5687 463.986 14.5029 9.38072 50.7861 27.2021 21.4609 23.584 16.3543 12.6572 10.3296 7.72451 21.6148 458.908 33.1484 30.3094
internal_count=3333 845 93 57 752 706 260 446 408 378 183 336 88 142 121 2488 67 42 248 135 105 113 79 66 51 43 103 2462 203 190
is_linear=0
shrinkage=0.05


Tree=93
num_leaves=31
num_cat=0
split_feature=3 3 4 4 0 4 0 3 0 4 4 3 0 0 4 4 3 0 4 0 0 4 4 0 1 0 3 4 4 1
split_gain=0.48241 5.24539 3.12205 3.02292 5.29416 3.49901 3.52225 2.22053 2.94488 2.58073 2.92356 2.47756 2.24301 2.16375 2.05537 2.47533 3.5198 2.83744 4.28642 3.27384 4.29354 4.50295 2.78158 2.66977 2.91506 3.10727 3.84684 3.05825 2.56462 3.87396
threshold=0.12997234744895142 0.11519105589130081 -1.0825435314252021 0.083897528437183774 25.640816535263642 0.32606359396463941 28.21780526644265 0.15335378322382667 30.25367180820853 -0.31409088637043087 0.14551860365988048 0.13840072969701972 25.039018712157532 35.587942347969836 -0.89379055948823305 -0.68058981404378305 0.054288880503453561 35.91294972410148 -0.14840624152583429 27.082181353862843 26.00329428752482 -0.33764193485455268 -0.29128728726922143 51.202493045150483 119.82555525957237 45.36702746237841 0.071161048687809272 0.29823349223901663 1.0775238626472137 192.37084583257564
decision_type=2 2 2 2 2 2 2 2 2 2 2 2 2 2 2 2 2 2 2 2 2 2 2 2 2 2 2 2 2 2
left_child=1 14 -2 -3 -5 -6 -7 8 9 -4 -11 -12 -9 -10 -1 16 -16 18 19 20 22 -22 -17 24 -19 26 27 -26 -25 -30
right_child=2 3 7 4 5 6 -8 12 13 10 11 -13 -14 -15 15 17 -18 23 -20 -21 21 -23 -24 28 25 -27 -28 -29 29 -31
leaf_value=-0.031434247211787107 0.043880453663890748 -0.045220851025952823 0.029769944627440977 -0.070157292692425779 0.053116248169570404 0.030830982730807411 -0.035014452307532078 0.04941435822943599 0.063632665408160982 -0.034165556828601749 -0.023627860233098267 0.02766588193554468 -0.0010456431615614866 0.01878842370118175 -0.0026388604313480326 -0.048049115189256975 0.06268119378843022 0.043091894476573869 0.001588544981140836 -0.035242264132619806 0.047813776608641945 -0.020032227199550095 -0.0034991665131912869 0.0048282533640347869 -0.042511067733324408 0.040949365969785517 0.02407232746110434 0.013470821580338636 -0.069538856595314696 0.012906851254500119
leaf_weight=4.9002077877521506 4.21153800189495 9.8395850835368055 5.6375596113503006 2.8627189993858329 2.9194740355014792 3.2599735092371684 5.3873754041269422 2.2169557660818091 3.4554198235273352 6.9566856399178532 3.8098187148570997 6.1613914836198092 333.0739435525611 12.14142990298569 4.3778198063373548 6.4327352782711369 3.8992968676611781 8.924750551581381 104.80128526128829 15.919217548798768 5.7620716728270054 4.2490564268082363 7.6952329427003896 30.259117289446294 6.3062281422317081 6.0934510068036607 8.8772937040775997 3.9788212161511183 3.0991623178124419 2.6372980754822493
leaf_count=26 18 62 30 15 13 17 36 10 17 37 19 30 1715 61 24 43 20 41 518 105 31 25 43 182 36 37 44 23 18 37
internal_value=-5.96513e-05 -0.00175163 0.0010715 -0.0238513 -0.00927936 0.00578756 -0.0101913 0.000588727 0.0120168 0.000469446 -0.00928861 0.00806747 -0.000712 0.0287235 0.000598546 0.00130145 0.028133 0.000268654 -0.00372895 -0.0176407 -0.00603278 0.0190177 -0.0237836 0.00852061 0.0185286 0.00984857 -4.11943e-05 -0.0208542 -0.00098274 -0.031635
internal_weight=630.147 252.482 377.665 24.2691 14.4295 11.5668 8.64735 373.453 38.1623 22.5655 16.9279 9.97121 335.291 15.5968 228.213 223.313 8.27712 215.036 144.86 40.0583 24.1391 10.0111 14.128 70.1761 34.1805 25.2558 19.1623 10.285 35.9956 5.73646
internal_count=3333 1396 1937 143 81 66 53 1919 194 116 86 49 1725 78 1253 1227 44 1183 765 247 142 56 86 418 181 140 103 59 237 55
is_linear=0
shrinkage=0.05


Tree=94
num_leaves=31
num_cat=0
split_feature=3 0 1 2 3 1 0 0 0 3 0 4 4 3 3 4 1 4 4 2 3 3 0 3 0 3 0 0 3 2
split_gain=0.48163 2.91469 3.12874 2.33357 1.89541 2.27398 3.59815 2.38592 2.84735 2.68649 2.15626 2.00366 5.23081 3.97622 4.21622 3.54877 1.61619 3.94974 2.97379 3.15334 2.04857 2.86993 1.78832 1.58466 1.53084 1.46524 1.39043 1.56484 2.84126 2.82404
threshold=0.2751924308297547 63.533876353225367 139.12124010638931 3.9609168116761926 0.28421052630532101 137.87034565233185 26.242626365615781 55.689282672125081 47.259644985917433 0.29854809435655882 26.658685637210976 -0.17639925293316916 0.13511537625424302 0.35464030350982417 0.4328930062087557 -0.33764193485455268 156.98636925201086 -0.45836074990447423 -0.12378283309731937 4.4287611819842541 0.39808868732943137 0.36613293611666337 26.753248167852636 0.27027027025505324 27.014044652272847 0.35464030350982417 67.272464002875722 54.067708362829713 0.16807079644602485 4.0855063657251689
decision_type=2 2 2 2 2 2 2 2 2 2 2 2 2 2 2 2 2 2 2 2 2 2 2 2 2 2 2 2 2 2
left_child=23 4 -3 -4 24 6 -6 8 9 -7 -8 15 -13 -14 -15 25 18 -18 -11 22 21 -19 -20 26 -2 -12 27 -1 -29 -30
right_child=1 2 3 -5 5 7 10 -9 -10 16 11 12 13 14 -16 -17 17 20 19 -21 -22 -23 -24 -25 -26 -27 -28 28 29 -31
leaf_value=-0.00049251693826706921 0.0020218800594614486 -0.051807922347969021 0.027720047750219162 -0.031259428054103214 0.029283375713516607 -0.031092089271980212 -0.031327612536035006 0.025926881591583257 -0.044671265909347849 -0.044136319732093303 0.028782702743366358 0.05587863657869549 -0.033869880053911526 0.055272996233455024 -0.010808968857051942 -0.046150136510741166 0.055809355299271737 -0.00061300978626922407 -0.0045168443694484526 -0.034615089461829195 0.012210727659992648 -0.044828542234540955 0.039160194735993754 -0.028810688903446624 0.041924735940473343 -0.011200286754972054 0.0092648692942113708 -0.022384739054884958 -0.014063451302939223 0.038859159570450705
leaf_weight=393.37589035695419 4.1276063472032529 4.9868247751146537 3.6235900148749352 3.1220951871946454 17.516805320978165 7.4630170641466966 4.3169836699962607 6.8625945961102834 4.2387416874989858 5.2119370996952084 4.5732862353324872 5.8696315288543728 5.4552575945854178 4.4544306397438032 5.2689031399786472 4.3361668810248366 3.5743051618337551 20.151455441489826 4.8486951440572721 4.422973468899726 22.466717569157481 4.4871610561385742 4.5360269844532013 5.0262984540313473 5.7546438984572887 4.5923257395625114 33.24606214556843 21.437871532514695 5.6176368556916696 4.5725060468539596
leaf_count=2051 19 36 23 34 77 42 20 38 30 27 21 25 26 19 24 23 17 99 21 20 108 24 20 26 27 25 203 149 34 25
internal_value=-6.02484e-05 0.0022483 -0.0217776 0.000422667 0.00407244 0.00262504 0.0104688 -0.00238561 -0.00477253 -0.00258078 0.00198927 0.00615218 0.0157959 0.000295772 0.0194643 -0.00888168 0.00047206 0.00513636 -0.0119564 0.000190421 0.00129134 -0.0086655 0.0165941 -0.000888748 0.0252582 0.00874968 -0.000582487 -0.0013528 -0.0120526 0.00968391
internal_weight=629.538 166.262 11.7325 6.74569 154.53 144.647 56.3838 88.2636 81.401 77.1623 38.867 34.55 21.0482 15.1786 9.72333 13.5018 69.6993 50.6796 19.0196 13.8077 47.1053 24.6386 9.38472 463.276 9.88225 9.16561 458.25 425.004 31.628 10.1901
internal_count=3333 845 93 57 752 706 260 446 408 378 183 163 94 69 43 69 336 248 88 61 231 123 41 2488 46 46 2462 2259 208 59
is_linear=0
shrinkage=0.05


Tree=95
num_leaves=31
num_cat=0
split_feature=1 0 1 1 0 0 3 3 1 1 3 1 3 3 0 1 0 4 4 0 0 0 0 1 0 4 4 0 0 1
split_gain=0.481379 1.73379 1.52364 0.669645 5.21748 5.0396 6.3394 3.43783 1.82166 1.80302 2.59547 3.8976 2.57882 2.28051 1.78299 1.74002 1.66095 1.54546 1.43782 0.814998 3.73831 3.56572 3.13436 2.73881 2.45159 2.53429 2.91087 2.75705 2.30124 5.22842
threshold=101.37537737279656 38.669791924582519 102.257347291605 107.64075709694738 27.350344833686098 26.397805226977784 0.11612481750452565 0.16129032256241724 114.42040196880701 112.84606049809462 0.11915227922635303 112.09651324336743 0.094427687629955834 0.22590632177558989 34.628978993986799 115.28738806058369 28.086103106616196 -0.01599164417019492 -0.37016567485314611 26.978287232737149 26.832178220777973 26.753248167852636 26.161930557385841 159.76978382773225 26.203273155880492 0.13511537625424302 -0.4695725465643365 26.495932946956955 27.308627748143177 135.43453142848878
decision_type=2 2 2 2 2 2 2 2 2 2 2 2 2 2 2 2 2 2 2 2 2 2 2 2 2 2 2 2 2 2
left_child=1 -1 -2 4 5 6 -4 14 9 10 16 17 -11 -14 -6 -10 -5 18 -12 20 21 22 -17 -22 -24 26 -26 -28 29 -21
right_child=2 -3 3 8 7 -7 -8 -9 15 12 11 -13 13 -15 -16 19 -18 -19 -20 28 23 -23 24 -25 25 -27 27 -29 -30 -31
leaf_value=0.0041089922508017306 0.025267786783856827 -0.036868511404855406 -0.048819732677284539 -0.033453978867038846 -0.032672627377059692 0.058481038840935265 0.027277015782277911 -0.046310551275993657 -0.029142579669849806 0.051545444058052892 0.013017578609911354 -0.028283062252682269 -0.018086075683038445 0.033024692360221534 0.0096999758336138355 0.0016120333339941673 0.0020306498783422321 0.0061517164054066421 0.050256880554059649 -0.025950062579638073 -0.050878403167255219 0.032893881563827353 -0.050573330218238732 -0.00088882587469094683 0.0026907858675080912 0.00082915886818060779 -0.019937255293219401 -0.067064718301925494 8.9783854361195876e-05 0.029629945812474152
leaf_weight=7.3556491583585721 5.9686178937554351 3.9769926518201828 4.578168600797655 6.039514556527136 3.7788849249482173 4.6429568976163855 6.8049700707197189 9.1419026106595975 5.2755491510033599 5.4364802539348593 4.2245780304074287 4.4370215386152259 4.3295597881078702 4.4008916467428207 7.2378246411681175 129.19759494904429 7.2641431540250778 7.2964142858982131 6.7075180560350418 5.5535065457224873 6.7669175043702108 7.4042790234088889 4.0152666196227065 4.604229312390089 7.3669082447886494 25.272453853860497 8.9468847066163999 4.7515654042363158 298.28805702133104 17.772137958556414
leaf_count=35 28 21 24 29 20 21 32 50 26 24 21 21 21 20 35 646 35 32 30 28 34 34 22 24 40 123 48 27 1695 87
internal_value=-5.96259e-05 -0.0102713 0.000127783 -0.000117585 -0.00671518 0.0145787 -0.00332823 -0.0236438 0.000297348 0.0094034 0.0034527 0.0137427 0.024512 0.00767811 -0.00483442 -0.0005719 -0.0140784 0.0239722 0.0358662 -0.000282008 -0.00280287 -0.00110989 -0.00251214 -0.0306374 -0.0130941 -0.00984641 -0.0226541 -0.0362843 0.00127251 0.0163971
internal_weight=628.837 11.3326 617.505 611.536 36.1847 16.0261 11.3831 20.1586 575.351 50.1361 35.9692 22.6655 14.1669 8.73045 11.0167 525.215 13.3037 18.2285 10.9321 519.94 198.326 186.955 179.551 11.3711 50.3531 46.3378 21.0654 13.6985 321.614 23.3256
internal_count=3333 56 3277 3249 182 77 56 105 3067 233 168 104 65 41 55 2834 64 83 51 2808 998 940 906 58 260 238 115 75 1810 115
is_linear=0
shrinkage=0.05


Tree=96
num_leaves=31
num_cat=0
split_feature=1 3 4 3 3 4 3 1 0 4 3 5 1 3 1 3 0 0 0 1 5 1 0 5 0 1 4 1 0 1
split_gain=0.50511 2.15019 3.67377 2.40801 2.52717 4.70552 5.28871 4.58036 3.43391 4.18838 3.02621 2.38106 2.69009 2.13615 2.39715 2.95452 2.03557 3.25249 3.68933 2.52489 2.47113 2.37077 2.00423 2.84528 1.89217 3.73215 6.24027 3.32776 3.9179 2.62841
threshold=164.36445126393099 0.04651162790577449 3.085237636225219 0.10424081596434402 0.050678955451304471 1.0181224370299493 0.087378640772457467 190.46172881546212 30.646309120904093 0.026078909915676116 0.062007934081179251 1.5000000000000002 203.69234013607721 0.13152652547008956 186.91155010545793 0.12230215826751491 25.679528329438291 26.25479721697997 26.032714176012174 170.42639257694606 1.5000000000000002 172.2490324094899 35.027752827793208 1.0000000180025095e-35 27.490285619065663 208.07311082351438 0.16549558592908822 193.98781229044263 27.881286557244277 187.85514963868346
decision_type=2 2 2 2 2 2 2 2 2 2 2 2 2 2 2 2 2 2 2 2 2 2 2 2 2 2 2 2 2 2
left_child=-1 2 11 4 -3 6 8 -8 10 -10 -6 -2 -13 14 -5 -16 -15 18 20 -19 -18 -21 24 -24 25 26 -23 -26 -29 -28
right_child=1 3 -4 13 5 -7 7 -9 9 -11 -12 12 -14 16 15 -17 17 19 -20 21 -22 22 23 -25 27 -27 29 28 -30 -31
leaf_value=0.00098053025668999485 -0.031956339541014699 0.055541007902983545 0.03765306879330535 -0.04495174463048901 0.011588484333795465 -0.025719823946731862 0.076996269044133661 0.010227674543578855 -0.010575071202521645 0.058383894043424991 -0.048153011402632034 -0.024937867366425538 0.027696116246495973 0.01534268455707327 0.013630926748433664 -0.04233644131858337 0.018467387295344504 -0.024065955391725721 -0.055486963984609311 0.042424128597806275 -0.032453492405112208 -0.044176359799880528 0.0060856102128938354 -0.023927036993981615 -0.0067339193684616359 -0.030962173675971906 0.057253224845306018 0.069967838481395039 0.015575275764127684 0.0053203833714651413
leaf_weight=408.55016148462892 16.731503318995244 2.9490174483507863 3.0259222788736215 6.0402886644005802 3.7715875417925471 8.2645987337455136 5.4701887220144254 4.8424021983519197 4.6057727904990298 4.2189360838383436 4.8400074867531657 5.3166491966694576 4.4674124149605632 17.027270410209894 6.9275113912299258 3.5749628944322467 5.1051346883177739 9.7882576584815961 5.9295063614845267 3.5986709594726554 4.4675817713141441 3.6667861938476589 15.624770248308778 15.966492013074458 12.707919850945471 8.4605444669723493 5.0762096941471082 4.0247002942487624 18.66045871656388 4.6850654482841492
leaf_count=2007 120 20 22 36 21 60 26 33 35 20 30 31 34 82 46 27 25 52 31 18 23 21 103 126 62 49 22 20 109 22
internal_value=-5.93339e-05 -0.00199185 -0.0145422 -4.35226e-05 0.0110413 0.00739734 0.0172608 0.0456443 0.000473586 0.022393 -0.0219883 -0.0204987 -0.000905137 -0.00289745 -0.0198543 -0.00541994 -0.000816336 -0.00315278 -0.0244946 8.25641e-05 -0.00529736 0.00263872 0.00102772 -0.00908304 0.00660387 -0.00495173 0.0114365 0.0137504 0.0252254 0.0323273
internal_weight=628.386 219.836 29.5415 190.295 38.9625 36.0135 27.7489 10.3126 17.4363 8.82471 8.6116 26.5156 9.78406 151.332 16.5428 10.5025 134.789 117.762 15.5022 102.26 9.57272 92.4716 88.8729 31.5913 57.2817 21.8886 13.4281 35.3931 22.6852 9.76128
internal_count=3333 1326 207 1119 245 225 165 59 106 55 51 185 65 874 109 73 765 683 79 604 48 552 534 229 305 114 65 191 129 44
is_linear=0
shrinkage=0.05


Tree=97
num_leaves=31
num_cat=0
split_feature=2 2 2 3 0 1 2 1 3 3 3 0 2 0 2 4 0 3 4 0 2 2 2 3 2 4 0 1 2 1
split_gain=0.759264 0.788939 0.692568 2.55769 2.61185 1.12283 1.08766 0.874492 0.731604 1.22083 1.68089 1.62676 1.47157 1.04521 2.26251 1.79137 1.21475 2.66311 1.64545 1.26042 1.62805 1.19958 2.048 1.68358 1.54886 4.40589 1.94951 2.30011 1.54587 1.59376
threshold=0.69538496774920977 1.1562723652743909 2.2313089446627652 0.060606060603761801 62.455470997965399 130.60963517657592 2.4191045295202458 116.39616750453574 0.0028819401186802067 0.011494376841730042 0.016538117899450349 27.56364074996916 4.3395367814564167 74.615697914765093 3.9609168116761926 -0.41666374347892748 68.607783511079717 0.096241135233460381 -0.26538987481067955 64.128926808043175 4.1681369836678561 2.8823191694033015 2.7933010361245523 0.11999999999499941 3.1034626106477874 -0.17639925293316916 61.055485114047947 154.33957663429587 3.3757491142744729 119.47015396442826
decision_type=2 2 2 2 2 2 2 2 2 2 2 2 2 2 2 2 2 2 2 2 2 2 2 2 2 2 2 2 2 2
left_child=-1 -2 3 -3 5 7 -4 -5 -8 12 11 -11 -10 16 -15 -16 19 -18 -19 21 -21 22 23 -12 25 -23 28 -28 -26 -30
right_child=1 2 6 4 -6 -7 8 -9 9 10 13 -13 -14 14 15 -17 17 18 -20 20 -22 24 -24 -25 26 -27 27 -29 29 -31
leaf_value=-0.025637930564634922 0.021205948607717101 -0.048586994871323064 0.021795761031570389 -0.016822879855082587 0.030645433249632478 -0.032559659948998697 -0.021195672306828922 0.017442728566011128 0.026878179142382344 -0.045849774051166553 0.024745409031767442 -0.0010180656447796711 -0.0053004437332611985 0.0086362840674689672 -0.064009442276536072 -0.015045443761086592 0.04782490140705329 -0.027299584738244998 0.018853715102502753 -0.0010852123651793246 -0.041120473238534898 -0.022440688327365968 -0.040437254258815752 -0.014364130676138752 -0.015205943334869347 0.052899617552858005 0.047173790037673469 -0.0031364123666852784 0.0063230111033808828 -0.00082010510247301381
leaf_weight=2.8878982607275239 4.3794795610010615 3.4223374277353313 5.7830986604094496 4.1299043446779269 4.6642469465732566 4.6839262023568153 4.0409742472693315 3.3907339125871658 9.0722502097487432 3.9408746212720853 4.0322262123227146 4.1587743144482374 5.8400248214602462 7.3211247473955181 2.5709222424775371 6.8319126795977327 4.2860500104725343 3.4105536248534918 4.4520453754812479 6.4183868132531625 4.2016849974170327 3.2431738451123238 4.7474843338131896 8.6653131991624814 15.880253806710241 4.8312734812498075 4.8226011730730516 4.295227263122797 98.350405065342784 379.03988758474588
leaf_count=28 28 23 28 26 26 32 25 19 45 22 20 31 36 37 19 66 23 20 31 36 32 20 26 47 82 22 24 28 457 1974
internal_value=-5.94815e-05 5.87248e-05 -9.05254e-05 -0.0091756 -0.00117983 -0.0133426 0.000216598 -0.00137398 6.66657e-06 0.000151782 -0.000214208 -0.0228309 0.0142762 0.000108645 -0.0122056 -0.0284332 0.000482625 0.0161179 -0.00116617 0.000129909 -0.0169246 0.000473 -0.0124199 -0.00194452 0.000913614 0.0226385 0.000564449 0.0234737 0.000140985 0.000651497
internal_weight=627.795 624.907 620.528 20.2911 16.8688 12.2046 600.237 7.52064 594.453 590.412 575.5 8.09965 14.9123 567.401 16.724 9.40283 550.677 12.1486 7.8626 538.528 10.6201 527.908 17.445 12.6975 510.463 8.07445 502.388 9.11783 493.271 477.39
internal_count=3333 3305 3277 126 103 77 3151 45 3123 3098 3017 53 81 2964 122 85 2842 74 51 2768 68 2700 93 67 2607 42 2565 52 2513 2431
is_linear=0
shrinkage=0.05


Tree=98
num_leaves=31
num_cat=0
split_feature=2 2 2 3 0 4 0 2 3 3 3 0 0 5 0 2 4 3 0 3 5 0 2 2 0 2 4 0 0 2
split_gain=0.697892 0.704721 0.631063 2.39319 2.4262 3.47461 1.68236 0.975686 0.666735 1.09761 1.53423 1.51697 1.34915 2.56329 0.951994 2.09387 1.88865 1.38595 1.09379 2.37838 2.37278 1.1491 1.52099 1.0894 2.07458 1.39107 3.92364 1.74466 1.70346 1.40323
threshold=0.69538496774920977 1.1562723652743909 2.2313089446627652 0.060606060603761801 40.542074974675458 -0.29128728726922143 28.620635825805277 2.4191045295202458 0.0028819401186802067 0.011494376841730042 0.016538117899450349 27.56364074996916 25.982058851652639 1.0000000180025095e-35 74.615697914765093 4.0768595621641524 -0.19648868365365213 0.17264757450894749 68.607783511079717 0.096241135233460381 1.0000000180025095e-35 64.128926808043175 4.1681369836678561 2.8823191694033015 41.587910614520894 3.1034626106477874 -0.17639925293316916 61.055485114047947 61.960217953418329 3.3757491142744729
decision_type=2 2 2 2 2 2 2 2 2 2 2 2 2 2 2 2 2 2 2 2 2 2 2 2 2 2 2 2 2 2
left_child=-1 -2 3 -3 6 -6 -5 -4 -9 12 11 -11 -10 -14 18 -16 -17 -18 21 -20 -21 23 -23 24 -12 26 -25 29 -29 -27
right_child=1 2 7 4 5 -7 -8 8 9 10 14 -13 13 -15 15 16 17 -19 19 20 -22 22 -24 25 -26 27 -28 28 -30 -31
leaf_value=-0.024798407563651446 0.019940337130215174 -0.047561367515140937 0.02058240456455563 0.00035225972978631217 -0.023013978869333519 0.03804528513625216 -0.048883760068093134 -0.020332304761822344 0.044469862617441014 -0.044498161690489015 0.0022445436805539204 -0.00096760847824962936 0.028327371952592731 -0.017703743412086519 0.0027437323695984556 -0.064277056802830274 0.023507961730617907 -0.03756647405347345 0.045085888243912298 0.021585923710452089 -0.034409079733995776 -0.0010314541674959691 -0.04000488300283675 -0.02156106852068887 -0.033053585463479494 -0.014531771460513598 0.04958764806509882 0.0471147424075525 0.0035721767315675668 0.00061878194812112403
leaf_weight=2.8376814275979987 4.4234039820730677 3.3238483592867878 5.8169193491339675 3.5391955897212055 3.7636656686663663 6.1162269636988587 3.4033609665930271 4.0029276283457866 2.8490992784500113 3.8596365228295308 10.40654903650284 4.1569026382640004 6.3003840874880535 5.8164178831502795 9.9883840829134005 2.8451186753809461 1.6791733382269725 2.0789578696712852 4.3182433154433948 4.6666250769048929 3.181864807382226 6.4153429307043535 4.1053869193419814 3.2076345086097717 6.9377232044935218 15.788532853126524 4.8945486396551114 3.9140817523002607 5.2711026584729552 477.45341991493478
leaf_count=28 28 23 28 20 27 33 23 25 15 22 53 31 33 33 52 25 20 25 23 25 26 36 32 20 40 82 22 18 34 2431
internal_value=-5.85035e-05 5.39083e-05 -8.79487e-05 -0.00879231 -0.00113216 0.0147852 -0.0237841 0.000204341 4.82915e-06 0.000142777 -0.000205056 -0.0219258 0.0135107 0.0062311 0.00010196 -0.0116984 -0.0335442 -0.0102778 0.000457574 0.0152827 -0.00111507 0.000122554 -0.0162396 0.000448658 -0.0118747 0.000867323 0.02142 0.000535888 0.022127 0.000133817
internal_weight=627.362 624.525 620.101 20.1463 16.8224 9.87989 6.94256 599.955 594.138 590.135 575.169 8.01654 14.9659 12.1168 567.153 16.5916 6.60325 3.75813 550.561 12.1667 7.84849 538.394 10.5207 527.874 17.3443 510.529 8.10218 502.427 9.18518 493.242
internal_count=3333 3305 3277 126 103 60 43 3151 3123 3098 3017 53 81 66 2964 122 70 45 2842 74 51 2768 68 2700 93 2607 42 2565 52 2513
is_linear=0
shrinkage=0.05


Tree=99
num_leaves=31
num_cat=0
split_feature=0 0 3 4 1 0 3 3 1 4 0 0 4 3 1 1 0 1 4 3 3 1 0 5 3 3 0 3 3 1
split_gain=0.476972 2.20711 4.32095 3.49175 2.07192 1.79078 0.813968 0.662089 1.24484 0.770686 2.09248 2.65402 3.46305 2.33058 2.48261 3.1429 2.97361 3.28326 2.78507 2.69371 2.68235 2.46298 2.40506 2.35828 5.31056 2.64492 2.46809 2.25895 2.25641 2.20232
threshold=25.260956490555571 25.190084981370003 0.07272727272396283 -0.31810342773869577 141.19106283925743 25.292373053327331 0.12798618591617908 0.57995433788713169 126.82926493407199 -0.21077226753771569 25.765723122772069 26.161930557385841 -0.57726659783204759 0.017392619478851436 129.94284342755859 127.50926656440795 26.473642416753574 138.22260958266975 -0.76792881565592552 0.12997234744895142 0.42267700157788468 218.11136839351116 44.242985382396846 1.0000000180025095e-35 0.14170040485255989 0.079809368096845842 37.186219814970997 0.10282193958198059 0.21631069498057498 113.90914776022487
decision_type=2 2 2 2 2 2 2 2 2 2 2 2 2 2 2 2 2 2 2 2 2 2 2 2 2 2 2 2 2 2
left_child=1 2 -1 -4 -5 -2 -3 9 -9 10 28 12 -12 22 15 18 -16 -18 -15 27 21 -21 -13 26 25 -25 29 -19 -7 -20
right_child=5 6 3 4 -6 7 -8 8 -10 -11 11 13 -14 14 16 -17 17 19 23 20 -22 -23 -24 24 -26 -27 -28 -29 -30 -31
leaf_value=-0.035961818487821061 0.028199266534612927 -0.0045039156631840561 0.047215450822425592 0.019264966536888497 -0.018597205556624728 -0.03518488464272778 -0.034742852471174958 0.011970984670575689 -0.028950759529876774 0.0014400423907723237 -0.017090807315062406 -0.0072832380966828762 0.035061474637369243 0.039524321618005752 -0.046508095495811259 0.039585069065676701 -0.033444970525729915 -0.0092074971624777589 0.044722807560215599 0.0033519868952888382 -0.036832913808333458 0.040279421329409731 0.045049846563693416 -0.0072609970928613418 -0.030873099050047776 0.040571591088266107 -0.0052011851660137311 -0.050361387145720929 0.0014040905242308169 -0.00044149111693540593
leaf_weight=5.7565593551844385 5.6892509553581467 3.2518882974982244 5.4767318218946484 7.2265448123216611 7.2265643998980522 9.6066064629703778 7.0503386175259948 2.9041738137602788 5.1610930003225803 397.16976955067366 4.5694783851504317 3.923665836453436 10.49155302159488 4.0403789579868308 5.3849631771445265 5.2929564565420142 10.598969940096138 16.128414137754593 6.3082211613655108 27.620218604803085 3.4684811010956755 5.3979376256465903 4.9841955509036779 7.0260929167270678 17.43617420643568 4.9094468429684639 16.37975643016398 4.2034983290359369 7.5058757066726676 4.7178481221199036
leaf_count=33 28 19 24 32 37 58 37 14 36 2033 25 24 54 20 34 24 65 127 29 159 22 36 30 37 94 26 83 34 36 23
internal_value=-5.77163e-05 -0.00564622 0.00219553 0.0132169 0.000333855 0.00028264 -0.025198 1.12509e-05 -0.0142155 0.000210055 -0.00250399 -0.000756601 0.0192386 -0.00279385 -0.00438367 0.00263071 -0.0107533 -0.00789742 -0.000585412 -0.00313176 0.00499509 0.00938903 0.0219986 -0.00343968 -0.0132829 0.012414 0.0071096 -0.0177158 -0.0191362 0.0253979
internal_weight=626.908 35.9886 25.6864 19.9298 14.4531 590.919 10.3022 585.23 8.06527 577.165 179.995 162.882 15.061 147.821 138.913 66.1109 72.8025 67.4175 60.8179 56.8185 36.4866 33.0182 8.90786 56.7775 29.3717 11.9355 27.4058 20.3319 17.1125 11.0261
internal_count=3333 182 126 93 69 3151 56 3123 50 3073 1040 946 79 867 813 336 477 443 312 378 217 195 54 292 157 63 135 161 94 52
is_linear=0
shrinkage=0.05


end of trees

feature_importances:
st_gap_ratio=703
entry_adx=624
cci_abs=534
volatility_zscore=521
efficiency_ratio=508
session_cluster=110

parameters:
[boosting: gbdt]
[objective: binary]
[metric: auc]
[tree_learner: serial]
[device_type: cpu]
[data_sample_strategy: bagging]
[data: ]
[valid: ]
[num_iterations: 100]
[learning_rate: 0.05]
[num_leaves: 31]
[num_threads: 0]
[seed: 0]
[deterministic: 0]
[force_col_wise: 0]
[force_row_wise: 0]
[histogram_pool_size: -1]
[max_depth: -1]
[min_data_in_leaf: 20]
[min_sum_hessian_in_leaf: 0.001]
[bagging_fraction: 1]
[pos_bagging_fraction: 1]
[neg_bagging_fraction: 1]
[bagging_freq: 0]
[bagging_seed: 3]
[bagging_by_query: 0]
[feature_fraction: 0.8]
[feature_fraction_bynode: 1]
[feature_fraction_seed: 2]
[extra_trees: 0]
[extra_seed: 6]
[early_stopping_round: 0]
[early_stopping_min_delta: 0]
[first_metric_only: 0]
[max_delta_step: 0]
[lambda_l1: 0]
[lambda_l2: 0]
[linear_lambda: 0]
[min_gain_to_split: 0]
[drop_rate: 0.1]
[max_drop: 50]
[skip_drop: 0.5]
[xgboost_dart_mode: 0]
[uniform_drop: 0]
[drop_seed: 4]
[top_rate: 0.2]
[other_rate: 0.1]
[min_data_per_group: 100]
[max_cat_threshold: 32]
[cat_l2: 10]
[cat_smooth: 10]
[max_cat_to_onehot: 4]
[top_k: 20]
[monotone_constraints: ]
[monotone_constraints_method: basic]
[monotone_penalty: 0]
[feature_contri: ]
[forcedsplits_filename: ]
[refit_decay_rate: 0.9]
[cegb_tradeoff: 1]
[cegb_penalty_split: 0]
[cegb_penalty_feature_lazy: ]
[cegb_penalty_feature_coupled: ]
[path_smooth: 0]
[interaction_constraints: ]
[verbosity: -1]
[saved_feature_importance_type: 0]
[use_quantized_grad: 0]
[num_grad_quant_bins: 4]
[quant_train_renew_leaf: 0]
[stochastic_rounding: 1]
[linear_tree: 0]
[max_bin: 255]
[max_bin_by_feature: ]
[min_data_in_bin: 3]
[bin_construct_sample_cnt: 200000]
[data_random_seed: 1]
[is_enable_sparse: 1]
[enable_bundle: 1]
[use_missing: 1]
[zero_as_missing: 0]
[feature_pre_filter: 1]
[pre_partition: 0]
[two_round: 0]
[header: 0]
[label_column: ]
[weight_column: ]
[group_column: ]
[ignore_column: ]
[categorical_feature: ]
[forcedbins_filename: ]
[precise_float_parser: 0]
[parser_config_file: ]
[objective_seed: 5]
[num_class: 1]
[is_unbalance: 0]
[scale_pos_weight: 1]
[sigmoid: 1]
[boost_from_average: 1]
[reg_sqrt: 0]
[alpha: 0.9]
[fair_c: 1]
[poisson_max_delta_step: 0.7]
[tweedie_variance_power: 1.5]
[lambdarank_truncation_level: 30]
[lambdarank_norm: 1]
[label_gain: ]
[lambdarank_position_bias_regularization: 0]
[eval_at: ]
[multi_error_top_k: 1]
[auc_mu_weights: ]
[num_machines: 1]
[local_listen_port: 12400]
[time_out: 120]
[machine_list_filename: ]
[machines: ]
[gpu_platform_id: -1]
[gpu_device_id: -1]
[gpu_use_dp: 0]
[num_gpu: 1]

end of parameters

pandas_categorical:[]
