tree
version=v4
num_class=1
num_tree_per_iteration=1
label_index=0
max_feature_idx=9
objective=binary sigmoid:1
feature_names=entry_adx cci_abs st_gap_ratio efficiency_ratio volatility_zscore session_cluster dist_to_ct_vwap_atr vwap_side_aligned ct_vwap_slope_20_atr vwap_deviation_z_50
feature_infos=[25.004839627949611:96.056168322344988] [100.00820538605966:399.99999949307511] [0.052750074141970624:9.310290288958452] [0:0.83076923073726161] [-2.1964541850606651:9.3471846574209767] [0:2] [-14.441437264880207:13.546788971979886] [0:1] [-2.569929354130323:2.0166890319024562] [-4.8723344226327212:5]
tree_sizes=1687 1721 1724 1707 1727 1723 1722 1718 1725 1723 1731 1725 1724 1722 1728 1709 1717 1716 1713 1716 1725 1726 1732 1731 1731 1727 1722 1735 1733 1719 1722 1726 1733 1743 1726 1732 1723 1731 1733 1732 1723 1718 1726 1725 1732 1729 1711 1727 1732 1741 1719 1718 1736 1730 1725 1728 1730 1732 1730 1735 1721 1720 1719 1717 1740 1715 1721 1724 1719 1736 1729 1732 1714 1727 1731 1736 1710 1723 1732 1723 1723 1717

Tree=0
num_leaves=15
num_cat=0
split_feature=2 4 0 1 8 2 6 0 2 2 0 6 2 1
split_gain=56.465 22.3304 13.3214 11.3798 10.3745 9.85257 10.5376 11.7609 8.72079 8.20274 8.02676 7.51578 7.36518 7.6247
threshold=5.6677731563455191 -0.02510135825495707 55.001128844571987 166.71289686360657 0.053389698800989795 2.8823191694033015 -1.6100118932745009 37.186219814970997 3.675524325551168 4.3165666580327935 40.902494064944086 -3.8616424004691843 2.2313089446627652 127.93556998131156
decision_type=2 2 2 2 2 2 2 2 2 2 2 2 2 2
left_child=1 3 5 4 11 -3 8 -8 -7 -5 -9 -1 -13 -14
right_child=-2 2 -4 9 -6 6 7 10 -10 -11 -12 12 13 -15
leaf_value=-0.89736281371813342 -0.9017440698984166 -0.87327205817626696 -0.87711034857783898 -0.88494226689125388 -0.85276788474025045 -0.83635990648571745 -0.84935154807586288 -0.80067174615833525 -0.86526122034922226 -0.86258403364217007 -0.84023222886728088 -0.89060267234621204 -0.8555742017811927 -0.87155813454561593
leaf_weight=7.3038413375616065 31.302177160978317 18.572625115513802 21.076799288392067 43.614366844296455 61.352267235517502 11.268783777952192 140.85979722440243 7.7212036997079876 56.55260007083416 22.3288863748312 11.477464959025381 10.01669669151306 52.796338811516762 54.674469441175461
leaf_count=35 150 89 101 209 294 54 675 37 271 107 55 48 253 262
internal_value=-0.862613 -0.860256 -0.854219 -0.866663 -0.862869 -0.852261 -0.850549 -0.846349 -0.860459 -0.877372 -0.824322 -0.867835 -0.865999 -0.863706
internal_weight=550.918 519.616 267.529 252.087 186.144 246.452 227.88 160.058 67.8214 65.9433 19.1987 124.791 117.488 107.471
internal_count=2640 2490 1282 1208 892 1181 1092 767 325 316 92 598 563 515
is_linear=0
shrinkage=1


Tree=1
num_leaves=15
num_cat=0
split_feature=9 9 1 3 1 6 0 3 0 1 8 8 9 9
split_gain=46.2285 22.3829 18.6711 11.4418 8.78256 7.17102 9.34463 8.66086 6.61941 9.62291 6.58347 6.29838 6.02797 6.39089
threshold=0.95955598666097941 -0.83211218394675091 157.74471164959999 0.38997956563693575 115.8667424683676 -0.27820762425983636 37.495179481190526 0.095395487901166046 26.280623453276295 137.12143858775065 0.14444945127251144 -0.081118821041661238 2.2444651002432452 2.064877977757007
decision_type=2 2 2 2 2 2 2 2 2 2 2 2 2 2
left_child=1 3 -3 4 11 -6 7 -7 9 10 -2 -1 13 -10
right_child=8 2 -4 -5 5 6 -8 -9 12 -11 -12 -13 -14 -15
leaf_value=0.0323501068795497 0.022833234985719434 -0.0065095241833289198 -0.031071381247837853 0.020910336730226319 -0.0087685918054634208 -0.019588235416211849 0.034575938294121797 0.015083548859299301 0.0068727726448534164 0.0093721075590656108 0.054931868109120062 0.0027358500598706754 0.017972675665409686 -0.016016318706357464
leaf_weight=9.1938586086034793 17.378720954060558 62.21374686062336 50.434696167707443 19.367494776844978 141.75699932873249 12.965637713670732 8.1509246975183469 12.970848709344862 99.166305348277092 35.128334149718285 8.5948542505502683 21.764721021056175 39.532600864768028 12.345341563224791
leaf_count=44 83 298 244 93 680 62 39 62 474 168 41 104 189 59
internal_value=0.000295622 -0.00658057 -0.0175063 -0.0011388 -0.00320374 -0.0057978 0.00655662 -0.00224886 0.0112776 0.0196094 0.0334549 0.0115305 0.00790713 0.00433874
internal_weight=550.965 338.819 112.648 226.17 206.803 175.844 34.0874 25.9365 212.146 61.1019 25.9736 30.9586 151.044 111.512
internal_count=2640 1626 542 1084 991 843 163 124 1014 292 124 148 722 533
is_linear=0
shrinkage=0.03


Tree=2
num_leaves=15
num_cat=0
split_feature=2 4 2 6 6 1 2 0 2 8 3 0 2 2
split_gain=52.4007 21.1883 12.4175 13.7751 10.1898 10.097 9.90464 8.83516 11.1791 7.22014 7.03725 5.97578 5.44009 4.85737
threshold=5.6677731563455191 -0.12378283309731937 2.8823191694033015 -1.6100118932745009 -3.7909253189356829 163.72459976823788 4.3190550835026462 25.39003055274538 3.675524325551168 -0.050143414452110138 0.017392619478851436 30.646309120904093 5.1073750497380397 2.2313089446627652
decision_type=2 2 2 2 2 2 2 2 2 2 2 2 2 2
left_child=1 4 -3 7 -1 13 -7 -4 -9 11 -5 -10 -12 -6
right_child=-2 2 3 10 5 6 -8 8 9 -11 12 -13 -14 -15
leaf_value=-0.033632726064649135 -0.03794648869828917 -0.011325422392057112 0.029308181463656102 -0.012160690406765259 -0.018277795357039425 -0.022951762392127834 0.0046262418913684831 0.024200721255627718 -0.012320886857953618 -0.038051636530919537 0.014283381950284961 0.008740715198759472 0.041764067094457437 0.0022455783336234182
leaf_weight=10.326482668519018 30.480472907423973 27.963996782898903 7.9227389991283408 8.8069350868463498 11.181049495935438 37.153606817126274 17.122283935546875 10.727740004658697 36.657265067100525 6.8369383364915839 176.31573291122913 18.116045221686363 6.730760693550109 144.64603671431541
leaf_count=50 150 135 38 42 54 180 82 51 176 33 839 87 32 691
internal_value=0.000285002 0.0025238 0.00771148 0.00966782 -0.00453836 -0.00310838 -0.0142518 -0.00076799 -0.00406205 -0.00898324 0.0140336 -0.00535485 0.0152939 0.000772966
internal_weight=550.988 520.508 300.078 272.114 220.429 210.103 54.2759 80.2607 72.338 61.6102 191.853 54.7733 183.046 155.827
internal_count=2640 2490 1433 1298 1057 1007 262 385 347 296 913 263 871 745
is_linear=0
shrinkage=0.03


Tree=3
num_leaves=15
num_cat=0
split_feature=2 9 0 9 3 9 9 2 2 6 1 6 0 3
split_gain=50.0941 30.7891 8.67048 11.9701 8.564 13.9218 7.62459 13.7983 11.1817 9.85215 7.3946 6.73157 7.30946 5.87372
threshold=5.6677731563455191 1.0147187737166901 55.001128844571987 -2.9087452121819619 0.40199330091560703 -1.3679628636794547 2.3139082999609473 4.5174617514145403 4.3060007634785089 0.1343794147226427 148.35335289801523 0.73859967936477122 26.309819022087932 0.23636363635519092
decision_type=2 2 2 2 2 2 2 2 2 2 2 2 2 2
left_child=1 2 3 -1 -5 -6 8 -8 10 -10 11 -3 -13 -9
right_child=-2 6 -4 4 5 -7 7 13 9 -11 -12 12 -14 -15
leaf_value=0.029830391634652301 -0.037437717725571536 0.0015754845649846474 -0.014445029813829894 -0.0040577126854723453 0.04836339777086112 -0.0058311310995536256 0.0065237673404913658 0.026120966320659557 0.033288311147504634 -0.0064429208788024965 0.0053988565613640972 0.0424402323445379 0.017609381976581875 0.058212340188679136
leaf_weight=10.722308069467543 29.975508838891983 12.162691697478293 53.718092948198318 232.46313256025314 7.5625654608011272 9.786910265684126 23.004988983273506 11.679317757487299 6.3019650578498831 51.684026807546616 46.698619514703751 16.798866733908653 29.2422044724226 9.1580974608659726
leaf_count=51 150 58 260 1115 36 47 109 55 30 245 223 79 139 43
internal_value=0.000274632 0.00244446 -0.00347075 -0.00120804 -0.00254025 0.017792 0.0114362 0.0225414 0.00844721 -0.0021249 0.0142911 0.0214255 0.0266693 0.0402252
internal_weight=550.959 520.984 314.253 260.535 249.813 17.3495 206.731 43.8424 162.888 57.986 104.902 58.2038 46.0411 20.8374
internal_count=2640 2490 1509 1249 1198 83 981 207 774 275 499 276 218 98
is_linear=0
shrinkage=0.03


Tree=4
num_leaves=15
num_cat=0
split_feature=2 8 7 3 0 3 0 3 1 3 0 0 0 3
split_gain=47.9057 14.4737 11.2191 9.57748 12.6701 8.34377 8.12097 7.32157 7.18645 6.49491 7.14838 8.51947 8.72609 8.14942
threshold=5.6677731563455191 0.053389698800989795 1.0000000180025095e-35 0.29160135840004103 55.001128844571987 0.17264757450894749 73.698550783737815 0.062781719319698961 139.12124010638931 0.059190077086718577 42.090812582531974 28.423742973446494 25.934033946363552 0.13988127490770388
decision_type=2 2 2 2 2 2 2 2 2 2 2 2 2 2
left_child=1 2 5 9 8 7 -3 -1 -5 -4 11 12 13 -11
right_child=-2 6 3 4 -6 -7 -8 -9 -10 10 -12 -13 -14 -15
leaf_value=0.0026566004159668645 -0.036948525068148955 0.01014480258236458 0.0022555769141148463 0.027769026589172609 -0.025267804931026601 -0.0063470734912846509 -0.024075182910705577 0.033343119852238277 0.0038801681618144141 -0.016184671298479114 -0.019839097676744917 0.0053393677922693502 -0.018246129753116857 0.014467039484570529
leaf_weight=11.257420092821123 29.468887165188789 183.17794471979141 60.17948867380619 19.531522184610367 8.8422215729951841 14.010424390435217 6.4616948664188376 18.492802962660789 27.001991555094719 13.575599744915964 42.69591498374939 42.436570167541504 55.399374946951866 18.370248302817345
leaf_count=54 150 867 289 93 43 67 31 88 129 65 207 203 266 88
internal_value=0.000264498 0.0023676 -0.0014111 -0.00356134 0.00765173 0.0127418 0.00897881 0.0217314 0.013907 -0.00623021 -0.00919099 -0.00568796 -0.0110456 0.00144139
internal_weight=550.902 521.433 331.794 288.033 55.3757 43.7606 189.64 29.7502 46.5335 232.657 172.478 129.782 87.3452 31.9458
internal_count=2640 2490 1592 1383 265 209 898 142 222 1118 829 622 419 153
is_linear=0
shrinkage=0.03


Tree=5
num_leaves=15
num_cat=0
split_feature=9 6 4 9 6 4 6 8 5 3 6 6 9 0
split_gain=30.3736 19.1514 17.9381 9.29809 12.9654 11.344 8.7177 7.84613 7.12854 6.92325 9.30002 9.32148 6.12589 5.83775
threshold=1.2150432690496513 4.2445599425511542 -0.067946555010022683 -0.18865255494689118 -1.731475812389371 3.2631092981699656 3.5132143008442909 0.26250573872236849 1.5000000000000002 0.30280794179185161 -3.9449057624565933 -1.3322913148987443 1.3122706418448036 25.859604399712811
decision_type=2 2 2 2 2 2 2 2 2 2 2 2 2 2
left_child=1 3 7 5 -5 8 13 12 9 -1 -11 -12 -2 -4
right_child=2 -3 6 4 -6 -7 -8 -9 -10 10 11 -13 -14 -15
leaf_value=-0.0081142765670396289 0.02292077221080354 -0.031766544635099446 0.042040804464736792 -0.037142518456682358 -0.0061722682001265489 0.027376935146690928 0.0043806488456689307 0.018980856944112636 0.0055304745323054919 -0.023854829254883771 0.029882921834185026 -0.013545610990001329 -0.0080688286231295134 0.019765182365778088
leaf_weight=133.53374917805195 6.3557067215442649 22.121038988232613 12.623846530914305 14.802839159965513 68.291299030184746 12.804599180817602 30.18997660279274 14.991952002048491 83.488681852817535 6.2995454967021969 15.625036299228672 6.2183636426925633 59.34757836163044 65.667383283376694
leaf_count=644 30 112 59 75 328 61 142 71 401 30 74 30 282 309
internal_value=0.000360998 -0.00471624 0.0101084 -0.00296178 -0.0116895 -0.000150527 0.0180759 -0.000602609 -0.00158824 -0.0052643 0.0082584 0.0175197 -0.0050711 0.023357
internal_weight=552.362 363.185 189.176 341.064 83.0941 257.97 108.481 80.6952 245.165 161.677 28.1429 21.8434 65.7033 78.2912
internal_count=2648 1755 893 1643 403 1240 510 383 1179 778 134 104 312 368
is_linear=0
shrinkage=0.03


Tree=6
num_leaves=15
num_cat=0
split_feature=2 9 4 6 5 0 0 4 9 1 2 4 2 6
split_gain=42.1001 21.0214 15.7281 9.82496 8.15402 11.7347 16.6707 9.39383 8.91025 11.4446 6.89704 7.92192 7.92915 6.58925
threshold=5.9668568166016618 1.4118005005925827 -0.067946555010022683 1.680959554776511 1.5000000000000002 43.648616999027858 37.186219814970997 -0.19648868365365213 -2.6911643013290862 129.60742257646348 3.3757491142744729 0.93111471985787031 4.3490028230176634 0.41329761752390798
decision_type=2 2 2 2 2 2 2 2 2 2 2 2 2 2
left_child=1 4 3 13 8 6 7 -6 -1 -10 -4 -12 -13 -3
right_child=-2 2 10 -5 5 -7 -8 -9 9 -11 11 12 -14 -15
leaf_value=0.016081304158353876 -0.036861993921903188 0.0031669306847988583 -0.011178424934544151 0.0093491006388496441 -0.012085864587603742 -0.014865032420089687 0.044583958135845182 0.0096190427330085596 0.0019842407250776828 -0.012374101436804091 0.014221150471830471 0.051116391870097443 0.020780079816735676 -0.027136914634845088
leaf_weight=16.308880820870399 26.073037385940552 11.098335668444635 6.5661581456661215 37.785759717226028 23.550719395279884 24.179539948701859 10.284713238477705 75.409386426210403 80.478942140936852 131.75504693388939 60.706255704164505 12.666072845458983 19.996271908283234 15.444399148225783
leaf_count=78 137 53 31 179 113 118 49 359 385 637 283 59 93 74
internal_value=0.000348578 0.00219224 0.011093 -0.000477282 -0.001847 0.00404603 0.00823168 0.00445367 -0.00528738 -0.00692943 0.0185409 0.0206309 0.0325441 -0.0144659
internal_weight=552.304 526.23 164.263 64.3285 361.967 133.424 109.245 98.9601 228.543 212.234 99.9348 93.3686 32.6623 26.5427
internal_count=2648 2511 772 306 1739 639 521 472 1100 1022 466 435 152 127
is_linear=0
shrinkage=0.03


Tree=7
num_leaves=15
num_cat=0
split_feature=2 9 9 1 5 2 1 9 3 2 8 8 1 1
split_gain=40.311 19.8001 7.91375 9.28303 8.78717 6.95224 6.72319 11.1674 5.99278 6.08638 5.10084 5.0063 4.6912 8.55253
threshold=5.9668568166016618 1.2595144135983702 -3.2500332088644814 235.80563735938418 1.5000000000000002 2.830792316876495 130.60963517657592 -2.7286480360441403 0.050678955451304471 4.3190550835026462 -0.11925212327730771 0.12719544001183733 203.69234013607721 222.79708247803228
decision_type=2 2 2 2 2 2 2 2 2 2 2 2 2 2
left_child=1 2 -1 4 6 -6 10 -8 9 -7 -4 -12 -3 -14
right_child=-2 12 3 -5 5 8 7 -9 -10 -11 11 -13 13 -15
leaf_value=0.028149513572350588 -0.036425217561447079 0.012210325039501726 0.014760391493813939 -0.023203792585663033 -0.016863404287340372 0.039675253424166612 0.024235926737605298 -0.012408138164151308 0.0043063341675398997 0.0022507355674124593 -0.006993269012752398 0.016178141017360339 -0.021733136760605069 0.010856570141148983
leaf_weight=7.5812777131795874 25.601260587573051 153.05575600266457 19.273719921708107 19.013529226183891 11.874413713812826 9.4480993151664752 8.0234170705080015 111.52136754989624 89.075583562254906 6.6734725683927527 48.882839411497116 10.130999892950056 11.078885227441786 20.955318942666054
leaf_count=36 137 717 92 93 58 45 38 542 425 32 235 48 52 98
internal_value=0.000336331 0.00212357 -0.00215911 -0.00284724 -0.00161814 0.00489634 -0.00547322 -0.00994872 0.00735253 0.0241835 0.00136085 -0.0030154 0.0100253 -0.000414433
internal_weight=552.19 526.589 341.499 333.917 314.904 117.072 197.832 119.545 105.197 16.1216 78.2876 59.0138 185.09 32.0342
internal_count=2648 2511 1644 1608 1515 560 955 580 502 77 375 283 867 150
is_linear=0
shrinkage=0.03


Tree=8
num_leaves=15
num_cat=0
split_feature=2 9 4 1 9 1 5 4 0 0 4 4 1 8
split_gain=38.61 18.6137 15.721 8.17777 7.13196 8.42455 7.65038 8.03044 10.2217 10.4199 5.57416 5.36632 5.35442 6.80396
threshold=5.9668568166016618 1.4733570364558768 -0.067946555010022683 205.75107587233413 -3.2500332088644814 238.54264495136223 1.5000000000000002 -0.21077226753771569 44.823526708143618 37.186219814970997 -0.33764193485455268 -0.68058981404378305 149.80150902038233 0.1537734463840143
decision_type=2 2 2 2 2 2 2 2 2 2 2 2 2 2
left_child=1 4 11 -4 -1 6 -6 10 9 -9 -8 -3 -13 -14
right_child=-2 2 3 -5 5 -7 7 8 -10 -11 -12 12 13 -15
leaf_value=0.02700391006962349 -0.036003939294421389 0.020699277283979182 0.022748525503082765 0.0020569918822521838 -0.0045860688762480806 -0.022116731794730032 0.0003563135833700217 0.0093039054322274183 -0.021261599568818002 0.045156546843317824 -0.025489802133586426 0.005193491011798443 -0.025413796324587009 0.0058434002655230119
leaf_weight=7.6645101606845847 25.130921676754951 8.4601833224296552 75.922484546899796 22.222299352288246 217.59400889277458 18.223829224705696 25.904007434844971 72.108855128288269 8.7241785973310453 8.116854250431059 10.575935959815977 24.173262894153595 17.474519535899166 9.7729340046644193
leaf_count=36 137 40 350 103 1050 90 125 341 43 38 51 114 84 46
internal_value=0.000324785 0.00205739 0.0106724 0.0180635 -0.0016329 -0.00224048 -0.00118451 0.00471646 0.00957767 0.0129313 -0.00713676 -0.00144159 -0.00508439 -0.0142027
internal_weight=552.069 526.938 158.026 98.1448 368.912 361.248 343.024 125.43 88.9499 80.2257 36.4799 59.8809 51.4207 27.2475
internal_count=2648 2511 737 453 1774 1738 1648 598 422 379 176 284 244 130
is_linear=0
shrinkage=0.03


Tree=9
num_leaves=15
num_cat=0
split_feature=2 4 6 2 2 0 7 3 3 6 5 3 3 4
split_gain=36.9912 17.0537 10.4748 8.0042 6.72874 8.05998 6.3621 9.20975 7.78164 9.99957 6.34332 6.68711 6.93128 7.21619
threshold=5.9668568166016618 -0.12378283309731937 0.37013295839538984 4.826477265739201 3.4706032511680029 27.217718641924879 1.0000000180025095e-35 0.35110443396154639 0.16129032256241724 -0.20349089181255717 1.5000000000000002 0.062007934081179251 0.17093056378338425 1.5716602759577178
decision_type=2 2 2 2 2 2 2 2 2 2 2 2 2 2
left_child=1 -1 6 4 5 -4 8 10 9 -3 -8 -12 -13 -14
right_child=-2 2 3 -5 -6 -7 7 -9 -10 -11 11 12 13 -15
leaf_value=-0.0045324336767769129 -0.03559707038857772 0.054621520298537604 -0.029137527378827126 -0.0098069248767815188 0.017290526247260966 0.013186172681231541 -0.010002858761099987 0.016978690182806701 -0.0098914475857068522 0.0067214628188177142 0.025091293935814312 -0.014890026925706913 -0.0036677881198507629 0.030612440197409677
leaf_weight=214.07135890424252 24.662715226411819 6.9776803404092798 6.5163669884204891 13.270680516958235 113.70435492694378 10.697480961680411 70.604724481701851 21.948684096336365 7.1957925856113425 8.9580179154872894 10.555329844355581 19.294546321034431 14.509832471609117 8.9268011897802335
leaf_count=1033 137 32 31 62 526 51 343 104 34 42 50 92 69 42
internal_value=0.000313549 0.00199337 0.0064543 0.0123938 0.0146442 -0.00283562 0.00138591 -0.000932436 0.0160027 0.0276952 -0.00410559 0.00370831 -0.00157366 0.00938924
internal_weight=551.894 527.232 313.16 144.189 130.918 17.2138 168.971 145.84 23.1315 15.9357 123.891 53.2865 42.7312 23.4366
internal_count=2648 2511 1478 670 608 82 808 700 108 74 596 253 203 111
is_linear=0
shrinkage=0.03


Tree=10
num_leaves=15
num_cat=0
split_feature=9 9 3 1 5 5 6 8 3 1 8 9 0 5
split_gain=30.3839 24.7896 10.7195 9.02436 6.12478 8.67844 11.5073 8.39383 6.99287 6.69948 4.92701 4.75618 4.84261 4.60721
threshold=0.95955598666097941 -0.4726887613178456 0.38997956563693575 199.38270971716938 1.5000000000000002 1.0000000180025095e-35 0.033785045199963566 0.10614155749857869 0.21375428697262697 154.02298730187977 0.13792118003147333 1.6741941881983473 35.91294972410148 1.5000000000000002
decision_type=2 2 2 2 2 2 2 2 2 2 2 2 2 2
left_child=1 2 13 -3 5 7 -7 9 10 -2 -8 -9 -13 -1
right_child=4 3 -4 -5 -6 6 8 11 -10 -11 -12 12 -14 -15
leaf_value=-0.0061161808084607737 -0.016613130450917463 -0.012399038426121526 0.019764324618397368 -0.032401207831566615 0.015336929289273481 0.028975179972421314 -0.010946024866187926 0.028754045018395888 0.0048343255328802915 0.016765939429668981 -0.03915835601396616 -0.00063592922912677834 0.024447245417282416 0.0028493836901350338
leaf_weight=145.37438762187958 13.669731214642526 56.443282604217529 20.420941859483719 31.702535554766655 76.424795851111412 8.6399946510791761 26.803116410970688 22.77325451374054 22.27970415353775 8.9581645578145963 7.0330467224121085 15.86549946665764 12.295749530196188 79.957660809159279
leaf_count=708 65 276 96 171 354 40 126 106 104 42 33 73 57 381
internal_value=-0.000282393 -0.00594414 -0.00104861 -0.019593 0.00852093 0.00475489 -0.00325434 0.0118053 -0.00821662 -0.00339868 -0.0168101 0.0185597 0.0103159 -0.00293481
internal_weight=548.642 333.899 245.753 88.1458 214.743 138.318 64.7559 73.5624 56.1159 22.6279 33.8362 50.9345 28.1612 225.332
internal_count=2632 1632 1185 447 1000 646 303 343 263 107 159 236 130 1089
is_linear=0
shrinkage=0.03


Tree=11
num_leaves=15
num_cat=0
split_feature=9 9 3 1 5 5 6 8 3 1 8 6 6 9
split_gain=28.5711 23.6283 10.0243 8.79317 5.70348 8.1257 10.7584 7.8184 6.63265 6.31295 4.76131 4.45507 8.37317 5.9497
threshold=0.95955598666097941 -0.4726887613178456 0.38997956563693575 199.38270971716938 1.5000000000000002 1.0000000180025095e-35 0.033785045199963566 0.10614155749857869 0.21375428697262697 154.02298730187977 0.13792118003147333 0.98432344883336376 0.033785045199963566 -1.4185849497736291
decision_type=2 2 2 2 2 2 2 2 2 2 2 2 2 2
left_child=1 2 11 -3 5 7 -7 9 10 -2 -8 12 -1 -14
right_child=4 3 -4 -5 -6 6 8 -9 -10 -11 -12 -13 13 -15
leaf_value=-0.0036410879124622775 -0.016224075632341062 -0.012091798795321582 0.019026092354719963 -0.031959601939279943 0.014792911170582354 0.027809736728608297 -0.010663242000484505 0.017878022843771681 0.004680678571366388 0.01615908635955976 -0.038578024499643766 -0.018665860115099426 0.0053075428364317426 0.040469261412302879
leaf_weight=190.55895684659481 13.57899782061577 56.145694240927696 20.574498608708382 31.184244424104691 76.851651415228844 8.730593264102934 26.690237358212471 51.282296508550644 22.320093393325806 9.014866113662718 6.926297888159751 14.964354202151297 13.038971647620203 6.4852791875600806
leaf_count=924 65 276 96 171 354 40 126 236 104 42 33 72 62 31
internal_value=-0.000275517 -0.00578339 -0.00101804 -0.0191863 0.00823841 0.00460255 -0.00316294 0.0114 -0.00799716 -0.00330332 -0.0164148 -0.00285053 -0.001724 0.016987
internal_weight=548.347 332.952 245.622 87.3299 215.395 138.543 64.6672 73.8762 55.9366 22.5939 33.6165 225.048 210.083 19.5243
internal_count=2632 1632 1185 447 1000 646 303 343 263 107 159 1089 1017 93
is_linear=0
shrinkage=0.03


Tree=12
num_leaves=15
num_cat=0
split_feature=2 4 1 3 0 6 2 5 6 1 5 6 2 4
split_gain=31.3505 20.9453 9.57549 9.52407 8.90024 6.8455 7.10797 7.02989 8.69412 9.88909 12.9025 8.68247 8.58831 7.6089
threshold=5.9668568166016618 -0.18032846408167486 164.36445126393099 0.40199330091560703 48.016631347067289 -1.6824637465834968 3.8394820670814442 1.5000000000000002 3.9776942266212694 136.19205580910028 1.0000000180025095e-35 0.89909585189897778 4.4844743838366883 0.03247880264475609
decision_type=2 2 2 2 2 2 2 2 2 2 2 2 2 2
left_child=1 2 -1 5 -5 -3 -7 8 9 -8 12 -12 -11 -9
right_child=-2 3 -4 4 -6 6 7 13 -10 10 11 -13 -14 -15
leaf_value=-0.0029368580715723254 -0.03569010848086028 -0.0035381555191060735 -0.018601114048502176 0.028541611514444506 -0.0091739037792835081 -0.0017389741059840311 -0.0086084480573342288 0.043521064856871412 -0.024885917847147953 0.013727085052042284 0.015383225182042963 -0.016328895723486111 0.046315961361726186 0.013640719136223183
leaf_weight=145.91623325645924 21.601979434490204 79.462424382567406 46.256396442651749 27.129524007439613 7.1062817424535742 63.491190314292908 23.971671164035797 8.9011065959930402 8.0693822950124723 16.142750218510631 16.821380078792576 14.440900996327398 13.25324212014675 55.453595250844955
leaf_count=702 126 385 228 124 34 304 112 41 38 75 79 68 61 255
internal_value=-0.000268846 0.0011847 -0.00670728 0.00572218 0.0207131 0.00401147 0.0067316 0.0101559 0.00486756 0.00770453 0.0141513 0.000734531 0.0284198 0.0177736
internal_weight=548.018 526.416 192.173 334.243 34.2358 300.008 220.545 157.054 92.6993 84.6299 60.6583 31.2623 29.396 64.3547
internal_count=2632 2506 930 1576 158 1418 1033 729 433 395 283 147 136 296
is_linear=0
shrinkage=0.03


Tree=13
num_leaves=15
num_cat=0
split_feature=9 9 4 3 9 4 8 4 4 4 6 3 0 9
split_gain=26.1827 21.9531 12.7971 9.04688 6.92044 6.85688 6.76173 6.20786 5.91385 5.70057 5.4385 5.35072 5.23158 4.9174
threshold=0.95955598666097941 -0.4726887613178456 -0.13112929656686137 0.38997956563693575 1.3122706418448036 3.5253885748930354 0.035147419138457113 3.9958268773171572 0.44870061469357525 1.1788855310017248 1.6497093891162902 0.21375428697262697 27.56364074996916 1.3974429188294066
decision_type=2 2 2 2 2 2 2 2 2 2 2 2 2 2
left_child=1 3 4 5 -2 -1 12 9 -5 -4 -8 -11 -3 -6
right_child=2 6 7 8 13 -7 10 -9 -10 11 -12 -13 -14 -15
leaf_value=-0.0038110075369638969 0.016302301258958429 -0.0076783300458495669 0.011721501032117837 0.0053660308618613288 -0.029839429443157747 0.022918558137440283 0.0094930555024208361 -0.011450461810223281 0.03829577510599097 0.013286028806109866 -0.01684602242154622 0.038773085165673606 -0.029757046658715296 -0.0028719446299420534
leaf_weight=215.64621704816818 16.116663470864296 12.442187309265135 94.750913664698601 12.850338831543924 6.7664474844932547 8.9978360682725889 11.112480729818346 8.3175824135541898 7.9418533295392981 14.008572384715082 19.324867159128189 15.746387317776678 43.178577318787575 60.471780091524124
leaf_count=1047 76 63 431 60 32 42 55 39 36 64 97 71 232 287
internal_value=-0.000262525 -0.0055596 0.00786016 -0.000988107 -0.00135373 -0.00274039 -0.0185974 0.0136424 0.017944 0.0153188 -0.00722979 0.0267738 -0.0248181 -0.00558579
internal_weight=547.673 331.494 216.178 245.436 83.3549 224.644 86.0581 132.823 20.7922 124.506 30.4373 29.755 55.6208 67.2382
internal_count=2632 1632 1000 1185 395 1089 447 605 96 566 152 135 295 319
is_linear=0
shrinkage=0.03


Tree=14
num_leaves=15
num_cat=0
split_feature=2 4 1 3 0 8 5 2 8 3 8 4 8 4
split_gain=29.3373 18.9584 9.12292 8.41768 8.00374 5.89705 5.53657 8.73686 6.231 10.7385 5.68355 10.65 5.58809 5.03082
threshold=5.9668568166016618 -0.18032846408167486 164.36445126393099 0.40199330091560703 48.016631347067289 0.23975072567368269 1.5000000000000002 2.2313089446627652 0.014513834134085343 0.041187486229378047 -0.13425898731218042 1.5716602759577178 -0.29306103026387537 0.042036778586400668
decision_type=2 2 2 2 2 2 2 2 2 2 2 2 2 2
left_child=1 2 5 6 -5 -1 -3 -8 9 -9 12 13 -11 -12
right_child=-2 3 -4 4 -6 -7 7 8 -10 10 11 -13 -14 -15
leaf_value=-0.0049060359088147513 -0.035121037251101446 0.00044750799774821221 -0.018088836030628361 0.026747150649163907 -0.0090103511421552301 0.014058592572132376 -0.024205788091931944 0.038191001281134687 0.018066554998495198 -0.0077897960623896671 0.0044696723793973703 0.016302106798440935 0.027070097483045865 -0.026630699433694768
leaf_weight=128.81282687187195 20.892103135585785 178.49483197927475 45.780214071273804 27.547242537140846 7.0822025239467612 16.66591577231884 6.8388318270444861 7.3115137070417395 54.432514414191246 6.7756411880254772 6.3096459060907391 11.599440813064573 10.63379856944084 18.136895477771759
leaf_count=624 126 850 228 124 34 78 34 34 247 32 30 55 50 86
internal_value=-0.000256106 0.00112758 -0.00640896 0.00542827 0.0194342 -0.00273346 0.00381441 0.00873889 0.0106947 0.00409121 -0.000572884 -0.00737116 0.0135029 -0.0186037
internal_weight=547.314 526.422 191.259 335.163 34.6294 145.479 300.533 122.038 115.199 60.7669 53.4554 36.046 17.4094 24.4465
internal_count=2632 2506 930 1576 158 702 1418 568 534 287 253 171 82 116
is_linear=0
shrinkage=0.03


Tree=15
num_leaves=15
num_cat=0
split_feature=2 2 4 9 6 2 1 2 2 0 0 2 6 6
split_gain=32.6066 15.7844 12.5698 11.6104 11.2883 9.51628 7.85924 7.58633 7.15673 6.06696 9.73326 5.34994 5.34761 5.08029
threshold=5.4877058822079894 2.1487840173179551 0.84920125101373756 1.378664146009092 0.98432344883336376 4.3136785195137692 160.83390205944258 3.9999999983600696 3.8694261773131022 45.36702746237841 33.47070326485148 3.8354145035110037 2.7798010175543113 2.3097772988937271
decision_type=2 2 2 2 2 2 2 2 2 2 2 2 2 2
left_child=1 -1 6 4 9 8 7 13 -5 10 -4 -8 -7 -3
right_child=-2 2 3 5 -6 12 11 -9 -10 -11 -12 -13 -14 -15
leaf_value=-0.020452992077644765 -0.030857397916128012 0.0070167472008138719 0.0087181627717712578 0.019974228009978331 -0.022075070242869626 0.026017183149036185 -0.016410558347328713 -0.00036533711718641099 0.060290835602638225 -0.017425890887870141 0.047092230525572827 -0.0016836167712459594 -0.0020255644849499488 0.023387961430068865
leaf_weight=25.786537066102028 27.895082741975784 89.297121569514275 42.726269975304604 6.9025961309671429 11.49828791618347 13.772873893380167 27.835736602544785 140.48638813197613 9.3039525151252729 6.1948595046997061 6.9109459817409506 109.66586680710316 11.01459254324436 21.088403597474098
leaf_count=130 166 429 202 31 55 61 136 664 41 31 32 524 49 99
internal_value=0.000744679 0.00243189 0.00361998 0.0126565 0.00499284 0.0252436 0.00109953 0.00425901 0.0431194 0.0105673 0.014061 -0.00466493 0.0135561 0.0101444
internal_weight=550.38 522.484 496.698 108.324 67.3304 40.994 388.374 250.872 16.2065 55.8321 49.6372 137.502 24.7875 110.386
internal_count=2650 2484 2354 502 320 182 1852 1192 72 265 234 660 110 528
is_linear=0
shrinkage=0.03


Tree=16
num_leaves=15
num_cat=0
split_feature=2 2 4 9 6 2 2 9 3 2 2 4 6 2
split_gain=31.1842 14.9535 11.7584 10.7836 10.6523 8.73544 6.5005 5.1813 11.0408 6.99147 6.6252 10.626 7.13745 6.57674
threshold=5.4877058822079894 2.1487840173179551 0.84920125101373756 1.378664146009092 0.98432344883336376 4.3136785195137692 3.8694261773131022 -1.4185849497736291 0.40199330091560703 4.2500134529933433 4.3316458426123727 -0.16844689735170526 -0.62364546428009981 4.0392170876305942
decision_type=2 2 2 2 2 2 2 2 2 2 2 2 2 2
left_child=1 -1 7 4 -4 6 -5 8 9 -3 11 -11 -12 -9
right_child=-2 2 3 5 -6 -7 -8 13 -10 10 12 -13 -14 -15
leaf_value=-0.020027638669352515 -0.030471633596283507 -0.01408169820886466 0.010209434984764435 0.019248316743079787 -0.021607349608038083 0.01309378428325916 0.057459638108077464 0.008506464634054604 0.028831624284574291 -0.0085653815105017957 0.0023357881652323266 0.04547373743298589 -0.024851755952441195 -0.00096149648941903476
leaf_weight=25.547825962305069 27.408177062869072 55.826151743531227 56.044408649206161 6.9473274499177959 11.396327331662176 24.889443650841713 9.4669144749641401 122.98403318226337 8.5631030946969968 6.2979855984449387 33.747265949845314 6.8225827217102033 11.704674214124678 142.58154454827309
leaf_count=130 166 274 265 31 55 110 41 587 39 31 165 33 56 667
internal_value=0.000721096 0.00235634 0.00350634 0.0122261 0.00483294 0.0242978 0.0412867 0.00106576 -0.00402556 -0.00648503 0.000755447 0.0195345 -0.00466548 0.00342314
internal_weight=550.228 522.82 497.272 108.744 67.4407 41.3037 16.4142 388.527 122.962 114.399 58.5725 13.1206 45.4519 265.566
internal_count=2650 2484 2354 502 320 182 72 1852 598 559 285 64 221 1254
is_linear=0
shrinkage=0.03


Tree=17
num_leaves=15
num_cat=0
split_feature=2 2 4 0 0 1 8 2 8 0 1 1 0 8
split_gain=29.8274 14.1666 11.0047 8.38294 12.5007 7.30185 7.18759 6.21667 5.82469 5.5949 7.84331 7.31521 12.7242 5.18892
threshold=5.4877058822079894 2.1487840173179551 0.84920125101373756 61.055485114047947 33.47070326485148 160.83390205944258 -0.39063817387796973 3.9999999983600696 0.11558602890340003 25.842430527409711 133.82987942038878 147.81628825213753 28.049218760590069 0.11834966877806363
decision_type=2 2 2 2 2 2 2 2 2 2 2 2 2 2
left_child=1 -1 5 4 9 6 -3 13 -6 10 -4 12 -11 -8
right_child=-2 2 3 -5 8 -7 7 -9 -10 11 -12 -13 -14 -15
leaf_value=-0.019610445531055974 -0.030093364673266898 -0.022387994252585228 -0.0052660430972887333 -0.020049840226077385 0.022578522218398994 -0.0045336016494992911 0.0069020603426364841 0.00075000781372866259 0.055593652661966399 -0.0017109773447616305 0.033038932135367412 -0.0032511584552683331 0.049000201815506163 0.022753896491974807
leaf_weight=25.312195658683777 26.927415803074837 8.9130151122808439 6.919475898146632 6.9574832469224921 12.90436600148678 137.21759012341499 83.817511975765228 134.82739052176476 7.6667173504829398 10.595920398831369 15.788031205534933 40.634668856859207 7.6813349574804297 23.879783347249031
leaf_count=130 166 43 32 35 59 660 401 637 34 49 72 186 35 111
internal_value=0.000698226 0.00228323 0.00339647 0.0118135 0.0139828 0.00103269 0.00407039 0.00504276 0.0348831 0.0087152 0.0213666 0.00383874 0.0196013 0.0104169
internal_weight=550.043 523.115 497.803 109.148 102.191 388.655 251.438 242.525 20.5711 81.6194 22.7075 58.9119 18.2773 107.697
internal_count=2650 2484 2354 502 467 1852 1192 1149 93 374 104 270 84 512
is_linear=0
shrinkage=0.03


Tree=18
num_leaves=15
num_cat=0
split_feature=2 2 4 9 0 0 2 1 8 8 2 3 0 3
split_gain=28.5326 13.4209 10.2975 9.8578 8.31823 8.66674 8.00102 6.86859 6.802 5.99979 5.88884 5.86333 7.47427 10.7272
threshold=5.4877058822079894 2.1487840173179551 0.84920125101373756 1.378664146009092 50.056989058237733 33.47070326485148 4.3136785195137692 160.83390205944258 -0.39063817387796973 0.07737174522464027 3.8694261773131022 0.13840072969701972 36.548070112380316 0.048660722492154022
decision_type=2 2 2 2 2 2 2 2 2 2 2 2 2 2
left_child=1 -1 7 4 5 9 10 8 -3 -4 -5 12 -10 -14
right_child=-2 2 3 6 -6 -7 -8 -9 11 -11 -12 -13 13 -15
leaf_value=-0.01920112589622789 -0.029722060521471319 -0.021922090745577417 0.0081404848320822832 0.018087049040647118 -0.025210202824130657 0.034462791570245552 0.012180494025878693 -0.0044058023552863181 -0.0050971970190684538 -0.018255677292027653 0.054212747863152944 0.0091643423350424268 0.03292096145761423 -0.0025188052102858667
leaf_weight=25.079790487885475 26.453098803758621 8.8306266218423826 41.197198003530502 7.0150763392448452 7.6050878912210456 9.4521677792072278 25.085448324680328 136.96581614017487 79.561291038990021 9.5456096529960615 9.6440408378839475 131.73353138566017 13.102379634976389 18.597615942358971
leaf_count=130 166 43 193 31 39 43 110 660 377 45 41 620 63 89
internal_value=0.000676108 0.00221241 0.00329009 0.0114144 0.00435288 0.00808791 0.0228836 0.001001 0.00394172 0.00317491 0.0390004 0.00488163 -0.000189108 0.0121293
internal_weight=549.869 523.416 498.336 109.545 67.8001 60.195 41.7446 388.791 251.825 50.7428 16.6591 242.995 111.261 31.7
internal_count=2650 2484 2354 502 320 281 182 1852 1192 238 72 1149 529 152
is_linear=0
shrinkage=0.03


Tree=19
num_leaves=15
num_cat=0
split_feature=2 2 4 0 0 1 8 2 8 0 1 1 0 2
split_gain=27.2969 12.7149 9.64646 7.46031 11.0537 6.46069 6.43732 5.748 5.27548 5.17272 7.13713 6.87291 11.6733 5.15618
threshold=5.4877058822079894 2.1487840173179551 0.84920125101373756 61.055485114047947 33.47070326485148 160.83390205944258 -0.39063817387796973 3.9999999983600696 0.11558602890340003 25.842430527409711 133.82987942038878 147.81628825213753 28.049218760590069 3.8354145035110037
decision_type=2 2 2 2 2 2 2 2 2 2 2 2 2 2
left_child=1 -1 5 4 9 6 -3 -8 -6 10 -4 12 -11 -7
right_child=-2 2 3 -5 8 13 7 -9 -10 11 -12 -13 -14 -15
leaf_value=-0.018799414837426053 -0.029357227248661646 -0.02146600905107441 -0.0052852156983538498 -0.019308857765006897 0.020856465535706532 -0.015876897657268838 0.0098724325976085135 0.00059697074218411836 0.051971295499332465 -0.0018980587620500678 0.031178718207563703 -0.0034814814439376417 0.046395994802916361 -0.0013542454042884265
leaf_weight=24.850737199187279 25.985489577054977 8.7489495277404767 6.9169065356254604 6.8374733924865714 13.095119878649713 27.5572330057621 108.36422634124756 135.08768035471439 7.8405693620443335 10.615672320127489 16.019916981458664 40.719030722975731 7.8248044103384009 109.16323682665825
leaf_count=130 166 43 32 35 59 136 512 637 34 49 72 186 35 524
internal_value=0.000654786 0.00214412 0.00318757 0.011037 0.0130508 0.000970118 0.00381702 0.00472562 0.0325092 0.00808868 0.0201825 0.00339976 0.0185944 -0.00428142
internal_weight=549.627 523.642 498.791 109.869 103.032 388.921 252.201 243.452 20.9357 82.0963 22.9368 59.1595 18.4405 136.72
internal_count=2650 2484 2354 502 467 1852 1192 1149 93 374 104 270 84 660
is_linear=0
shrinkage=0.03


Tree=20
num_leaves=15
num_cat=0
split_feature=2 4 2 3 8 3 2 2 0 2 8 6 4 2
split_gain=27.4968 9.05004 6.64099 7.8034 6.34136 5.49993 5.4853 4.5186 4.64596 4.43423 3.83327 3.78388 8.68068 7.52266
threshold=5.6677731563455191 -0.0076379364422374399 4.2863847878712358 0.12997234744895142 0.063652817271054651 0.3480012894733408 2.830792316876495 4.1486949164099176 28.21780526644265 4.234807135216097 0.20455681941618184 -1.6100118932745009 0.051735462686475379 3.9080388212472221
decision_type=2 2 2 2 2 2 2 2 2 2 2 2 2 2
left_child=1 2 4 -4 9 7 -3 8 -6 -1 -7 13 -13 -8
right_child=-2 6 3 -5 5 10 11 -9 -10 -11 -12 12 -14 -15
leaf_value=-0.0082912608009072311 -0.031859225314418455 -0.0087474904502414241 -0.0057650750575061332 0.014025413574359078 0.003026508396741743 -0.029997938311233069 0.016986325090311782 -0.010971933509374528 0.025507293643041006 -0.031013431806615571 0.0019785846180851142 0.032800306084182614 0.0068221034835000607 -0.0053462155465832948
leaf_weight=113.59626895189285 23.59693668782711 23.854374080896378 33.569843217730522 38.491791114211082 19.340422779321671 6.9136069267988187 18.30950403213501 9.298151955008505 14.459020957350729 8.2940444946289045 6.5902746617794037 12.433225020766256 168.00953507423401 52.496856495738029
leaf_count=558 156 121 163 184 91 33 86 44 69 41 31 57 767 251
internal_value=-0.000178212 0.00124396 -0.00288075 0.00480603 -0.0059841 0.00231392 0.00500058 0.00754858 0.0126435 -0.00983739 -0.0143925 0.00630587 0.00861211 0.000428657
internal_weight=549.254 525.657 250.553 72.0616 178.492 56.6015 275.103 43.0976 33.7994 121.89 13.5039 251.249 180.443 70.8064
internal_count=2652 2496 1214 347 867 268 1282 204 160 599 64 1161 824 337
is_linear=0
shrinkage=0.03


Tree=21
num_leaves=15
num_cat=0
split_feature=2 9 4 6 4 3 4 3 2 9 2 3 9 6
split_gain=26.3934 8.77623 9.50444 9.29256 6.6963 6.53265 12.2504 6.0098 5.62212 8.85932 6.65048 7.28262 5.39419 5.82746
threshold=5.6677731563455191 0.7512219227891318 -0.16844689735170526 1.0135221877354896 0.65444889782112103 0.2751924308297547 0.051735462686475379 0.10282193958198059 4.432700059364433 2.613127742399862 4.3060007634785089 0.18620689653887615 -0.10974314766614766 -0.044719028217226502
decision_type=2 2 2 2 2 2 2 2 2 2 2 2 2 2
left_child=1 3 -3 4 -1 7 -7 -4 10 -10 11 -9 13 -6
right_child=-2 2 5 -5 12 6 -8 8 9 -11 -12 -13 -14 -15
leaf_value=-0.0033552525819259354 -0.031539470501151294 -0.0019871684391212971 0.014748383265211341 -0.017101634169820367 0.0070971306425130377 0.056054251736071307 0.013187864367437943 -0.016976584738947746 -0.0029916711879713204 0.038947260590447265 -0.03095155189839989 0.016034140650767529 -0.011950165964302359 0.034327071284150634
leaf_weight=187.96518360078335 23.128191262483597 89.131314963102341 40.082062900066376 33.345245659351349 57.864106610417366 7.1111218482255927 38.40360189974308 11.854053720831873 12.726846769452097 7.0413131713867179 8.6086283326148969 12.210368841886519 11.368444576859472 8.058491185307501
leaf_count=922 156 424 181 163 271 32 170 54 57 31 39 55 59 38
internal_value=-0.000174145 0.00120559 0.00564932 -0.00217511 -0.0002987 0.0105802 0.0198852 0.00600284 -0.000681595 0.0119468 -0.00832212 -0.000226832 0.00713457 0.0104258
internal_weight=548.899 525.771 227.169 298.601 265.256 138.038 45.5147 92.5233 52.4412 19.7682 32.6731 24.0644 77.291 65.9226
internal_count=2652 2496 1043 1453 1290 619 202 417 236 88 148 109 368 309
is_linear=0
shrinkage=0.03


Tree=22
num_leaves=15
num_cat=0
split_feature=2 9 4 6 6 3 4 3 9 6 1 2 8 2
split_gain=25.3369 8.24498 8.90052 8.81761 6.41402 6.07637 11.195 5.61774 5.28876 5.36121 6.39763 5.79477 7.49181 5.28682
threshold=5.6677731563455191 0.7512219227891318 -0.16844689735170526 1.0135221877354896 0.69039510489253197 0.2751924308297547 0.051735462686475379 0.10282193958198059 -3.2500332088644814 -0.770225405582461 124.55371159969496 4.0485785635984035 0.0074619544548989048 4.432700059364433
decision_type=2 2 2 2 2 2 2 2 2 2 2 2 2 2
left_child=1 3 -3 4 8 7 -7 -4 -1 10 -10 12 -11 -9
right_child=-2 2 5 -5 -6 6 -8 13 9 11 -12 -13 -14 -15
leaf_value=0.025885985994740384 -0.031225941654045096 -0.0019290918463650837 0.014235737476030913 -0.016711151630517625 0.025650300790049641 0.053401668653816105 0.012741082700037137 -0.0080989069051104166 0.010597668593183321 -0.011651208542465185 -0.0023780578711272123 -0.019950584402130062 0.013797458611796688 0.011546501836882645
leaf_weight=6.3604275882244101 22.666600674390793 89.061313465237617 40.276670083403587 33.104369789361954 8.3097875416278821 7.2383927255868903 38.555399954319 32.575602456927299 45.965081393718719 28.055342778563499 133.58317802846432 26.351486876606941 16.554392114281654 19.83568611741066
leaf_count=29 156 424 181 163 40 32 170 148 220 141 652 127 81 88
internal_value=-0.000170286 0.00116842 0.0054695 -0.00211262 -0.000290177 0.0102277 0.0191681 0.00581062 -0.00112936 -0.00181527 0.000943781 -0.00879632 -0.00220737 -0.000663864
internal_weight=548.494 525.827 227.543 298.284 265.18 138.482 45.7938 92.688 256.87 250.509 179.548 70.9612 44.6097 52.4113
internal_count=2652 2496 1043 1453 1290 619 202 417 1250 1221 872 349 222 236
is_linear=0
shrinkage=0.03


Tree=23
num_leaves=15
num_cat=0
split_feature=2 4 9 9 4 2 8 6 6 0 0 6 5 5
split_gain=24.3252 7.91068 6.42839 8.27501 7.0819 6.26512 5.89566 5.85679 4.79303 4.78466 6.01296 6.65696 4.89891 8.42137
threshold=5.6677731563455191 -0.0076379364422374399 0.7512219227891318 0.15462668759845552 0.051735462686475379 4.2863847878712358 0.063652817271054651 0.89909585189897778 0.39217395188517773 29.8832973918867 26.334393813745191 3.0089819386903605 1.0000000180025095e-35 1.5000000000000002
decision_type=2 2 2 2 2 2 2 2 2 2 2 2 2 2
left_child=1 5 3 7 -4 6 -1 8 -3 10 11 -6 -11 -14
right_child=-2 2 4 -5 9 -7 -8 -9 -10 12 -12 -13 13 -15
leaf_value=-0.0094934988902530531 -0.030918184314641894 0.0031765945538820423 0.035136925868313545 -0.024672013353920996 0.025610297841659291 0.0047251630785708426 0.0022324506544725183 -0.016060933762796572 0.029603021673045217 0.033589020095838133 -0.0041642956881625384 -0.0020161932627192391 -0.0083390700986386169 0.026623627395141007
leaf_weight=121.17599880695343 22.212345197796822 126.98255445063114 9.2482108771800977 10.796440556645392 17.48417487740517 72.097457855939865 56.622816011309624 13.809438705444334 6.4928080290555945 10.868858531117437 41.247633442282677 14.246097967028616 12.195914521813393 12.61242151260376
leaf_count=599 156 606 41 55 77 347 268 68 30 48 184 63 55 55
internal_value=-0.000166495 0.00113241 0.00463365 0.000679501 0.00993525 -0.00273435 -0.00575919 0.00253785 0.00446209 0.0077902 0.00338849 0.0132067 0.0167939 0.00943577
internal_weight=548.093 525.881 275.985 158.081 117.903 249.896 177.799 147.285 133.475 108.655 72.9779 31.7303 35.6772 24.8083
internal_count=2652 2496 1282 759 523 1214 867 704 636 482 324 140 158 110
is_linear=0
shrinkage=0.03


Tree=24
num_leaves=15
num_cat=0
split_feature=1 9 6 4 9 4 1 0 1 1 5 8 6 9
split_gain=14.8017 8.26909 10.5486 7.88854 5.42335 6.98341 5.64885 4.82539 4.6185 4.53425 5.52057 5.37756 7.61185 4.03719
threshold=348.05519347003099 0.7512219227891318 1.0135221877354896 -0.16844689735170526 0.19478800246406883 0.65444889782112103 147.36506323641046 28.21780526644265 160.83390205944258 196.01774191214139 1.0000000180025095e-35 0.21851653043220001 3.5132143008442909 1.8766022207920243
decision_type=2 2 2 2 2 2 2 2 2 2 2 2 2 2
left_child=1 2 4 8 5 -1 7 -7 -3 11 -11 -5 -13 -10
right_child=-2 3 -4 9 -6 6 -8 -9 13 10 -12 12 -14 -15
leaf_value=-0.0027284430633979129 -0.02622660715231908 0.0022170100468872863 -0.017798300961551862 0.0082608294017972542 -0.022108908097671891 0.0086478504307355361 0.0018156258526027817 0.034439424360107357 -0.027242021216144913 0.018684041034990943 -0.0090268829544710716 0.037387813759562842 0.0071393008940217433 -0.0023932399188849565
leaf_weight=181.26890043914318 18.931980729103088 65.175860717892647 35.780167281627655 79.452165707945824 9.999699652194975 16.041741505265239 45.253871440887451 11.008953228592871 10.404815033078195 9.2559664398431796 21.498926594853401 15.91671381890774 14.13772954046726 13.545035317540167
leaf_count=890 128 307 185 355 55 75 217 51 52 41 98 69 63 66
internal_value=-0.000162711 0.000770527 -0.00251361 0.00505637 -0.000438708 0.000415859 0.00829868 0.0191444 -0.00192278 0.0094911 -0.000687027 0.0123496 0.0231588 -0.0131886
internal_weight=547.673 528.741 299.353 229.387 263.573 253.573 72.3046 27.0507 89.1257 140.262 30.7549 109.507 30.0544 23.9499
internal_count=2652 2524 1473 1051 1288 1233 343 126 425 626 139 487 132 118
is_linear=0
shrinkage=0.03


Tree=25
num_leaves=15
num_cat=0
split_feature=9 6 8 6 1 0 0 0 0 9 1 9 9 9
split_gain=19.0889 15.6945 7.09679 14.4261 7.03173 8.50274 6.55832 5.74923 7.76379 5.40008 5.36027 6.6024 4.48558 8.74591
threshold=0.7512219227891318 0.98432344883336376 -0.11925212327730771 -2.3974787576194498 129.2513404443491 26.495932946956955 25.701417485883493 67.272464002875722 54.067708362829713 -1.4010403967736818 183.71129268656827 1.8766022207920243 2.2444651002432452 2.1468314844691041
decision_type=2 2 2 2 2 2 2 2 2 2 2 2 2 2
left_child=1 2 4 -4 5 -1 -6 8 -5 -7 12 -12 13 -2
right_child=10 -3 3 7 6 9 -8 -9 -10 -11 11 -13 -14 -15
leaf_value=-0.0054156301376403091 0.0092913020417371983 -0.020478477662865795 -0.023960735368440955 -0.00042225569390606305 0.021312152723531104 0.010335281334779586 -0.0035983948717408657 0.016744241063917902 -0.02331038893069641 0.045358746866983615 -0.016743986879046754 0.0053278549881793534 0.021643284682550473 -0.026186050414739329
leaf_weight=8.6883089393377322 144.84680712223053 45.885244160890579 30.326105445623398 109.65642380714417 11.233020842075346 6.6309761106967953 62.081353738903999 14.511091783642767 15.185203552246092 9.8440192192792875 16.631195187568665 45.752403035759926 24.306205362081528 6.5360132455825797
leaf_count=41 662 258 164 528 54 31 305 74 78 47 79 210 108 30
internal_value=0.000591225 -0.00426566 -0.00149142 -0.00520946 0.00491481 0.0185982 0.000218329 -0.00112878 -0.00320627 0.0312622 0.00699794 -0.000556402 0.00968034 0.00775955
internal_weight=552.114 314.042 268.157 169.679 98.4777 25.1633 73.3144 139.353 124.842 16.475 238.073 62.3836 175.689 151.383
internal_count=2669 1580 1322 844 478 119 359 680 606 78 1089 289 800 692
is_linear=0
shrinkage=0.03


Tree=26
num_leaves=15
num_cat=0
split_feature=9 6 4 4 4 3 8 6 0 4 4 5 4 9
split_gain=17.9501 14.9671 8.86689 9.37241 7.21329 6.46581 6.38533 11.9316 6.30528 5.88576 5.61408 5.7564 8.55721 7.48057
threshold=0.7512219227891318 0.98432344883336376 3.9958268773171572 1.2067170955782769 3.2631092981699656 0.21375428697262697 -0.11925212327730771 -2.4402182592076449 67.272464002875722 4.1673564594087358 -0.35129745159053022 1.0000000180025095e-35 0.4352925195568032 1.1462558247886765
decision_type=2 2 2 2 2 2 2 2 2 2 2 2 2 2
left_child=1 4 3 10 6 -5 -1 -8 -9 -6 -2 12 -12 -13
right_child=2 -3 -4 5 9 -7 7 8 -10 -11 11 13 -14 -15
leaf_value=0.0036319519458648743 -0.0030010037753816225 -0.020074936551612566 -0.026882582864431119 0.0090057645120386939 0.039530096245457662 0.035174783113556915 -0.023803604738153128 -0.00477719235872664 0.016116339744772921 0.0020764754616841045 0.02289081034013437 0.027098642502726564 -0.011700266938091463 0.0012247558118031678
leaf_weight=92.145926862955093 53.828135415911674 45.410646244883537 6.8435857594013205 16.707102060317993 6.7353810817003241 17.292920053005219 28.703516900539398 117.11663433909416 14.622421160340307 8.5951175391674024 38.393543049693108 11.380953490734099 7.7328167855739585 86.426421165466309
leaf_count=447 256 258 33 74 31 75 157 571 74 42 174 53 34 390
internal_value=0.000572426 -0.00414874 0.00677213 0.0077659 -0.00144935 0.0223157 -0.00266206 -0.00627686 -0.00245811 0.0185315 0.00526443 0.00835553 0.0170918 0.00423546
internal_weight=551.935 313.33 238.605 231.762 267.919 34 252.588 160.443 131.739 15.3305 197.762 143.934 46.1264 97.8074
internal_count=2669 1580 1089 1056 1322 149 1249 802 645 73 907 651 208 443
is_linear=0
shrinkage=0.03


Tree=27
num_leaves=15
num_cat=0
split_feature=2 9 8 6 4 5 1 4 9 0 6 6 1 0
split_gain=17.5133 13.5244 9.21016 8.49748 7.19133 7.24421 6.68934 10.5568 8.39565 8.10921 6.5216 6.50341 6.47244 7.8609
threshold=6.785606000581498 0.7512219227891318 -0.11925212327730771 -2.8430701753099608 -0.35129745159053022 1.0000000180025095e-35 149.32906179452081 -0.059635749726431667 1.7035616614963256 25.934033946363552 4.7404541570810697 0.98432344883336376 129.2513404443491 26.495932946956955
decision_type=2 2 2 2 2 2 2 2 2 2 2 2 2 2
left_child=1 2 12 -4 -3 -6 10 -8 -9 -10 -7 -5 13 -1
right_child=-2 4 3 11 5 6 7 8 9 -11 -12 -13 -14 -15
leaf_value=-0.0054176725916090639 -0.033268161821051134 -0.0029144665568547278 -0.026717174625378464 -0.0018395756902471702 0.018652520800825696 0.0094434290356994518 -0.022958030052278505 -0.017905723997454482 0.038612234587467376 0.0052172470113679269 0.040531771075100011 -0.015992541925653535 0.00015167558998660367 0.029767211999307458
leaf_weight=8.6875301748514193 13.442725166678427 53.764600574970245 17.140768870711327 147.97311273217201 55.189917400479317 53.123447462916374 15.006958603858946 11.006870225071905 8.0459305793046934 35.063142701983452 6.8568348884582511 36.410654380917549 73.298134312033653 16.701145216822624
leaf_count=41 103 256 91 724 246 237 72 50 35 156 30 192 358 78
internal_value=0.000554338 0.00139902 -0.00283554 -0.00651265 0.00673917 0.00955547 0.00566659 -0.000694585 0.00547932 0.0114501 0.0129974 -0.00463439 0.00467335 0.0177276
internal_weight=551.712 538.269 300.211 201.525 238.058 184.293 129.103 69.1229 54.1159 43.1091 59.9803 184.384 98.6868 25.3887
internal_count=2669 2566 1484 1007 1082 826 580 313 241 191 267 916 477 119
is_linear=0
shrinkage=0.03


Tree=28
num_leaves=15
num_cat=0
split_feature=2 9 8 6 6 3 9 9 8 0 0 3 9 5
split_gain=16.8524 12.7081 8.6854 8.20133 6.75406 6.10196 6.19443 5.85859 7.82422 5.07925 7.3344 4.94478 4.70495 4.37528
threshold=6.785606000581498 0.7512219227891318 -0.11925212327730771 -2.4402182592076449 0.98432344883336376 0.38997956563693575 -1.4916945382987257 -1.9524937687521986 -0.13737526316037246 67.272464002875722 54.067708362829713 0.14482758619690447 -2.3195278053123838 1.0000000180025095e-35
decision_type=2 2 2 2 2 2 2 2 2 2 2 2 2 2
left_child=1 2 5 -4 9 7 -7 12 -9 10 -5 -11 -1 -3
right_child=-2 13 3 4 -6 6 -8 8 -10 11 -12 -13 -14 -15
leaf_value=0.00060421708427191181 -0.033036259229897932 0.012265790021618362 -0.022536815588712497 -0.0003716947615699152 -0.015634162546652352 0.037021904253124786 -0.00040540777023988754 0.0023107691166139028 0.034902811157691581 0.030994511040594478 -0.022744216792533998 -0.0040393725692849554 -0.024354014987593871 0.0036483986299097049
leaf_weight=15.999195918440821 13.135622777044771 79.589592650532722 24.672866903245449 110.41387596726418 36.132200479507446 9.4619572609663027 6.8690978139638892 46.987049087882042 7.7180992364883414 8.2441114336252195 14.976801350712774 6.4726230949163428 11.819923728704451 158.8847865909338
leaf_count=78 103 360 130 533 192 43 32 229 37 41 78 33 58 722
internal_value=0.000536815 0.00135615 -0.00275535 -0.0063373 -0.00406944 0.00452458 0.0212794 0.0012089 0.00690903 -0.00108702 -0.00304389 0.0155861 -0.0100002 0.00652441
internal_weight=551.378 538.242 299.768 200.912 176.24 98.8553 16.3311 82.5243 54.7051 140.107 125.391 14.7167 27.8191 238.474
internal_count=2669 2566 1484 1007 877 477 75 402 266 685 611 74 136 1082
is_linear=0
shrinkage=0.03


Tree=29
num_leaves=15
num_cat=0
split_feature=2 4 3 0 6 6 8 1 8 2 4 4 2 1
split_gain=16.2187 10.597 6.981 7.15103 5.99318 5.8882 7.80433 6.03411 5.85807 9.44173 5.8122 5.99482 5.39503 5.38587
threshold=6.785606000581498 -0.2196219484294874 0.38558638768135761 47.259644985917433 -3.7909253189356829 -1.7092720245717501 -0.075853921983290717 230.35313211399904 -0.039983518270494844 4.1539544673215021 1.1788855310017248 0.4352925195568032 4.4287611819842541 114.42040196880701
decision_type=2 2 2 2 2 2 2 2 2 2 2 2 2 2
left_child=1 4 5 12 -1 6 7 10 9 -7 11 -3 -4 -6
right_child=-2 2 3 -5 13 8 -8 -9 -10 -11 -12 -13 -14 -15
leaf_value=-0.0322937322791736 -0.032809920481762671 0.0059051848381778526 0.030343094439727967 -0.0095716001400826256 0.006200494088445108 0.0042626544147907688 -0.023546308926353281 -0.027568103585215491 0.0031828107016948679 0.036563188790487713 0.02053461719671601 -0.017166664631983592 0.0044572583615482882 -0.0065510938571749187
leaf_weight=6.8281155526638022 12.834015436470507 29.971551820635796 22.503165423870087 8.0114578455686551 38.691889002919197 21.458171635866165 15.315919950604437 6.3332057520747176 206.66896814107895 13.127306833863257 13.493132695555685 15.31482322514057 10.687799930572508 129.8705437630415
leaf_count=35 103 147 99 40 187 102 80 32 958 59 63 74 48 642
internal_value=0.000519792 0.00131447 0.00424083 0.0158673 -0.00474022 0.00275167 -0.00427793 0.000254404 0.00509517 0.0165227 0.00325214 -0.00189719 0.0220076 -0.00362409
internal_weight=551.11 538.276 362.886 41.2024 175.391 321.683 80.4286 65.1127 241.254 34.5855 58.7795 45.2864 33.191 168.562
internal_count=2669 2566 1702 187 864 1515 396 316 1119 161 284 221 147 829
is_linear=0
shrinkage=0.03


Tree=30
num_leaves=15
num_cat=0
split_feature=1 4 8 1 8 9 6 9 0 8 8 8 9 6
split_gain=11.3174 10.0329 9.505 6.07326 5.6722 9.74685 5.64241 5.79074 4.93377 7.17803 7.63239 6.15451 5.36953 5.84882
threshold=348.05519347003099 -0.12378283309731937 -0.54247579757319209 163.72459976823788 -0.1309328807296169 0.7512219227891318 3.2311610960412063 0.22690881344877886 26.018980254608199 0.10476090280511811 0.23975072567368269 0.085489563058625734 1.2595144135983702 3.5132143008442909
decision_type=2 2 2 2 2 2 2 2 2 2 2 2 2 2
left_child=1 3 -3 -1 -4 6 7 -6 9 -7 -11 -10 -13 -14
right_child=-2 2 4 -5 5 8 -8 -9 11 10 -12 12 13 -15
leaf_value=-0.0014722764180702566 -0.024551406693439005 -0.021622889725810935 0.01411021911448628 -0.012942831537928039 0.00036485289350094455 0.03382031852287791 -0.030063471707967953 -0.025351802978032991 -0.0041066229341282694 -0.013494283763074731 0.02758272099464092 0.032153304515788274 0.015284985189226576 -0.0039284781172690139
leaf_weight=156.72561351954937 16.693118780851364 12.636455580592154 50.574938490986824 56.525926329195499 104.37642873823643 15.179663404822351 6.625019557774066 8.5239412039518339 38.677330195903778 8.9451630860567111 7.471317619085311 9.2250389009714109 35.415504097938538 23.870167210698128
leaf_count=758 120 61 237 292 508 66 40 49 173 39 32 41 154 105
internal_value=-0.000226491 0.00053282 0.00387933 -0.00451274 0.00492263 0.00312377 -0.0031557 -0.00157675 0.00853185 0.0189502 0.0052003 0.00546082 0.0108621 0.00754908
internal_weight=551.466 534.773 321.521 213.252 308.885 258.31 119.525 112.9 138.784 31.5961 16.4165 107.188 68.5107 59.2857
internal_count=2675 2555 1505 1050 1444 1207 597 557 610 137 71 473 300 259
is_linear=0
shrinkage=0.03


Tree=31
num_leaves=15
num_cat=0
split_feature=1 9 6 9 8 0 3 6 0 1 1 8 8 3
split_gain=10.8178 8.04568 6.83334 6.56478 12.1689 5.99822 6.34544 7.9573 6.40301 5.91111 8.29042 5.22038 5.09883 5.48025
threshold=348.05519347003099 0.7512219227891318 3.7333861609670556 0.19478800246406883 0.072777768616554842 26.161930557385841 0.29854809435655882 3.2311610960412063 25.23820844975516 118.66070496806546 106.07812697835945 0.18369809929014821 -0.010563999364538357 0.16406970534893947
decision_type=2 2 2 2 2 2 2 2 2 2 2 2 2 2
left_child=1 2 3 9 -5 6 8 -8 -3 10 -1 -7 13 -12
right_child=-2 5 -4 4 -6 11 7 -9 -10 -11 12 -13 -14 -15
leaf_value=-0.0089293444909174843 -0.024193776115711454 -0.014563812684905997 -0.030613986013743457 -0.036837403357964649 0.013699643026271609 -0.0021264163299983389 0.050061554530909748 0.0085407414510369883 0.012726861181798785 -0.0031013282588717539 0.010378662456920778 0.0086166331122832229 -0.00018474033858425446 0.0382239070740144
leaf_weight=17.885389775037766 16.435601867735386 9.8644512742757779 7.7329279482364646 12.254725009202959 6.5963905155658713 111.7935808300972 7.9902908354997662 8.6524331122636777 35.884180098772049 214.30989482998848 13.523113891482355 64.022124767303467 12.071106567978857 12.01129414141178
leaf_count=87 120 45 49 71 34 514 35 38 161 1056 65 285 59 56
internal_value=-0.000220823 0.000516206 -0.00278324 -0.00203766 -0.0191535 0.00462148 0.0126129 0.0284752 0.00684237 -0.000841768 0.00788482 0.00178559 0.0158817 0.023477
internal_weight=551.028 534.592 296.385 288.652 18.8511 238.207 62.3914 16.6427 45.7486 269.801 55.4909 175.816 37.6055 25.5344
internal_count=2675 2555 1477 1428 105 1078 279 73 206 1323 267 799 180 121
is_linear=0
shrinkage=0.03


Tree=32
num_leaves=15
num_cat=0
split_feature=1 4 8 3 3 4 3 4 0 4 9 6 3 9
split_gain=10.3394 9.44984 8.9504 8.20474 6.47218 6.35781 6.14127 6.1133 5.82245 5.74875 4.89838 6.60755 5.18045 7.78127
threshold=348.05519347003099 -0.12378283309731937 -0.54247579757319209 0.079809368096845842 0.049778652718994038 -0.80355167576219444 0.32722651643426431 -0.33764193485455268 25.859604399712811 0.016972607212694828 1.378664146009092 -0.20349089181255717 0.10424081596434402 2.3722815623202869
decision_type=2 2 2 2 2 2 2 2 2 2 2 2 2 2
left_child=1 3 -3 4 7 -5 10 -1 -8 -10 -4 -12 13 -13
right_child=-2 2 6 5 -6 -7 8 -9 9 -11 11 12 -14 -15
leaf_value=0.0039248016997479266 -0.023839719302287104 -0.021125356847628549 -0.0003596715558227975 0.018395577440654756 -0.026705668948838364 -0.0026552385938909732 0.034788827813358118 -0.020210195753041119 0.034136759982921559 0.0048558591834715987 0.033678066597156782 0.024471344049674534 9.1772762988649828e-05 -0.0118857893845785
leaf_weight=22.223619349300861 16.18315177410841 12.51669320464134 162.52682264894247 14.246938928961752 22.036072187125683 137.86419861763716 9.7379350215196592 16.427488267421722 7.1134236454963675 39.789248012006283 8.413478270173071 22.349154785275463 52.244314327836037 6.9441878646612158
leaf_count=111 120 61 796 69 111 678 42 81 32 180 36 98 229 31
internal_value=-0.000215384 0.000499983 0.00374479 -0.0044044 -0.0137305 -0.00068359 0.00475182 -0.00633305 0.0136794 0.0092967 0.00274901 0.00836589 0.00575404 0.0158526
internal_weight=550.617 534.434 321.635 212.798 60.6872 152.111 309.119 38.6511 56.6406 46.9027 252.478 89.9511 81.5377 29.2933
internal_count=2675 2555 1505 1050 303 747 1444 192 254 212 1190 394 358 129
is_linear=0
shrinkage=0.03


Tree=33
num_leaves=15
num_cat=0
split_feature=2 4 3 8 3 3 9 6 4 4 9 2 6 6
split_gain=18.816 9.76425 7.62099 6.84064 6.17042 6.03695 6.05502 6.33267 5.96362 5.85898 5.41428 5.16825 12.1608 8.11282
threshold=5.9668568166016618 -0.12378283309731937 0.079809368096845842 -0.54247579757319209 0.049778652718994038 0.35795971406853982 1.378664146009092 -0.20349089181255717 -0.80355167576219444 -0.33764193485455268 -0.79690748719035875 4.2917440240118685 -0.87536894141360866 1.4550258384708898
decision_type=2 2 2 2 2 2 2 2 2 2 2 2 2 2
left_child=1 2 4 -3 9 6 -5 -8 -4 -1 -7 -10 -13 -14
right_child=-2 3 8 5 -6 10 7 -9 11 -11 -12 12 13 -15
leaf_value=0.0039181029868799221 -0.032844698717205051 -0.017237612989930842 0.017709196579203675 -0.00027227093906414466 -0.026157630462188487 0.03090199004540687 0.033538981739152089 0.0067398942586816453 -0.0060273210476628758 -0.019777892627518646 0.0082672391908543245 0.031478272797370248 -0.028299948959731147 0.0083086606158772319
leaf_weight=22.183471217751503 15.453899726271628 13.070880889892576 14.353490993380545 167.3650193810463 21.573619171977043 13.554431661963461 8.7225772291421872 87.976269170641899 102.39037792384624 16.28513976931572 31.884181067347527 12.226534605026243 8.7458319813013095 14.449019372463225
leaf_count=110 131 64 69 810 109 60 37 384 507 81 142 60 43 68
internal_value=-0.000209959 0.000733108 -0.00426478 0.00402101 -0.0133154 0.0049188 0.00318078 0.00915727 -0.000693557 -0.00611326 0.0150192 -0.00261026 0.00726724 -0.00549495
internal_weight=550.235 534.781 212.207 322.573 60.0422 309.502 264.064 96.6988 152.165 38.4686 45.4386 137.812 35.4214 23.1949
internal_count=2675 2544 1047 1497 300 1433 1231 421 747 191 202 678 171 111
is_linear=0
shrinkage=0.03


Tree=34
num_leaves=15
num_cat=0
split_feature=2 4 8 1 8 9 2 2 9 1 1 9 2 1
split_gain=18.1385 9.19242 6.46178 5.77463 4.71687 7.30559 8.34035 5.77872 7.79273 5.38257 5.07899 5.23065 5.47292 5.19697
threshold=5.9668568166016618 -0.12378283309731937 -0.54247579757319209 163.72459976823788 -0.1309328807296169 0.7512219227891318 2.8823191694033015 4.3060007634785089 2.275277841906866 211.23592373204849 119.82555525957237 -1.9886826294120374 4.0594753331805942 106.07812697835945
decision_type=2 2 2 2 2 2 2 2 2 2 2 2 2 2
left_child=1 3 -3 -1 9 10 -7 -8 -9 -4 13 -12 -13 -6
right_child=-2 2 4 -5 5 6 7 8 -10 -11 11 12 -14 -15
leaf_value=-0.0011820906463571687 -0.032643335377699645 -0.016843814289686742 0.016774804855580593 -0.012424444631505452 -0.0097620598374019204 -0.025851978033086802 0.015681617731823923 -0.0060890030639915403 0.014341907455034743 -0.012095730425199758 0.0031843146663705895 -0.0025731651084130573 -0.021109609574338502 0.021240075347136459
leaf_weight=155.93996873497963 15.08828169852495 12.976621478796003 44.956844300031662 55.845994547009468 7.36109031736851 6.3460814356803885 65.784545004367828 36.95770038664341 30.807773724198341 6.6748752295970908 38.892344623804092 31.357740044593811 26.407858580350876 14.35948261618614
leaf_count=757 131 64 208 290 36 29 285 162 133 32 187 158 135 68
internal_value=-0.000205005 0.0007104 0.00389621 -0.0041466 0.00476465 0.00310983 0.00775115 0.00934792 0.00319937 0.0130425 -0.00237514 -0.00532085 -0.0110472 0.0107335
internal_weight=549.757 534.669 322.883 211.786 309.906 258.275 139.896 133.55 67.7655 51.6317 118.379 96.6579 57.7656 21.7206
internal_count=2675 2544 1497 1047 1433 1193 609 580 295 240 584 480 293 104
is_linear=0
shrinkage=0.03


Tree=35
num_leaves=15
num_cat=0
split_feature=1 4 6 9 0 0 8 6 3 3 6 0 0 9
split_gain=10.2058 8.06482 7.02856 7.70167 7.55084 6.46614 6.04419 5.75013 4.92585 6.28547 5.60947 4.91019 4.51502 5.71069
threshold=348.05519347003099 -0.18032846408167486 -1.6457908974748239 -2.849966666117465 25.39003055274538 25.586046005638433 -0.050143414452110138 -4.206432460549749 0.36613293611666337 0.27706523455459497 3.8724838730442888 68.607783511079717 25.327362465263317 -2.4304280672506544
decision_type=2 2 2 2 2 2 2 2 2 2 2 2 2 2
left_child=1 7 4 -4 -3 -6 -7 -1 9 10 11 -9 -5 -14
right_child=-2 2 3 12 5 6 -8 8 -10 -11 -12 -13 13 -15
leaf_value=-0.034964750563996526 -0.024983933776427738 0.021111987935118391 0.034858262951759311 -0.010062200459569881 -0.037677172220478984 -0.0024430712075369948 -0.03097070074455776 -0.0054196285755304351 -0.018083856019010535 0.012943660300110887 -0.030192349562499384 0.013204370786752365 -0.021311724846788473 0.0061706414932400861
leaf_weight=5.702982284128665 15.562915213406084 9.1671015322208387 7.5615332573652259 18.663669511675835 5.9642182588577262 68.329565763473511 7.4089660272002211 120.3677429407835 20.904670745134354 20.435655474662781 7.4490408003330222 14.248974815011023 7.0273166447877875 215.01544742286205
leaf_count=31 121 43 35 85 29 328 45 600 102 99 38 72 34 989
internal_value=-0.00104012 -0.000334697 0.00243332 0.00504617 -0.00470535 -0.00760207 -0.00523373 -0.0052987 -0.00437624 -0.00261285 -0.0048506 -0.00344831 0.00410966 0.00530087
internal_weight=543.81 528.247 339.138 248.268 90.8699 81.7028 75.7385 189.109 183.406 162.501 142.066 134.617 240.706 222.043
internal_count=2651 2530 1588 1143 445 402 373 942 911 809 710 672 1108 1023
is_linear=0
shrinkage=0.03


Tree=36
num_leaves=15
num_cat=0
split_feature=2 4 3 3 5 3 3 9 0 9 0 0 0 3
split_gain=14.561 8.23356 5.4121 5.52443 4.99137 9.85054 7.64077 7.89674 7.65292 7.11338 7.00698 6.11512 5.55622 5.00353
threshold=5.9668568166016618 -0.18032846408167486 0.36613293611666337 0.2751924308297547 1.5000000000000002 0.055156457713977668 0.13840072969701972 1.7742837170165648 27.067687783505956 -1.4777482484345494 27.371425950573258 45.949242622862947 37.495179481190526 0.16129032256241724
decision_type=2 2 2 2 2 2 2 2 2 2 2 2 2 2
left_child=1 2 3 -1 6 9 7 12 -8 -6 -10 -7 -3 -12
right_child=-2 4 -4 -5 5 11 8 -9 10 -11 13 -13 -14 -15
leaf_value=-0.005479705087683061 -0.030411438492025315 -0.017070386501380801 -0.019150092141542924 0.010707099840274639 0.050505496928108295 0.0056178310078924942 -0.0055896494615855895 0.0095341986935814603 0.03987611935302187 0.013815606440058114 0.032163691588197263 -0.018741355904299938 0.0031033581269927189 0.0048011663180049886
leaf_weight=144.97593921422958 14.749253757297991 50.119164526462555 22.130789056420326 21.834002494812012 6.9397935718297985 106.87457428872585 41.744525983929634 19.62919308245182 6.6508125215768805 15.112098380923269 6.6921052783727637 10.156626075506209 16.277685806155205 59.409771054983139
leaf_count=727 132 243 109 106 32 484 192 86 30 69 32 52 80 277
internal_value=-0.00101087 -0.000190442 -0.00521038 -0.00336099 0.00260241 0.00696947 -0.000426579 -0.00718259 0.00464946 0.025362 0.0105245 0.0035038 -0.0121246 0.00757133
internal_weight=543.296 528.547 188.941 166.81 339.606 139.083 200.523 86.026 114.497 22.0519 72.7527 117.031 66.3969 66.1019
internal_count=2651 2519 942 833 1577 637 940 409 531 101 339 536 323 309
is_linear=0
shrinkage=0.03


Tree=37
num_leaves=15
num_cat=0
split_feature=2 4 6 9 0 0 2 3 3 6 2 2 9 6
split_gain=14.0353 7.75695 6.12185 7.02828 6.58538 6.81344 7.43923 5.15414 5.19439 4.61191 4.34835 8.00527 7.44892 5.591
threshold=5.9668568166016618 -0.18032846408167486 -1.6457908974748239 -2.849966666117465 25.39003055274538 26.717538667821305 3.7048626887247034 0.36613293611666337 0.2751924308297547 3.8724838730442888 4.3092222995428981 3.6271239157215942 2.275277841906866 -0.53239403827413023
decision_type=2 2 2 2 2 2 2 2 2 2 2 2 2 2
left_child=1 7 4 -4 -3 -6 -7 8 9 -1 11 -5 13 -12
right_child=-2 2 3 10 5 6 -8 -9 -10 -11 12 -13 -14 -15
leaf_value=-0.0041300458369977937 -0.03018471972641134 0.019692869551505739 0.03322462344493779 -0.0021248692803536888 -0.018972549828144052 0.024729318774022895 -0.0056189303790527651 -0.018731009856674821 0.010340627945686753 -0.029277458847504132 0.010524557531751928 0.01269415234365584 0.011560141258614721 -0.010607232026617187
leaf_weight=137.73280134797096 14.419233806431292 9.3169591426849347 7.6632648110389701 51.065583720803261 27.789248526096344 8.7012874484062177 44.177547231316566 21.949927449226379 21.928102388978004 6.8919466137886038 14.197268292307852 91.762205645442009 30.514370962977409 54.620141729712486
leaf_count=693 132 43 35 248 135 41 215 109 106 34 66 413 131 250
internal_value=-0.000982659 -0.000185644 0.00252183 0.00493849 -0.00418746 -0.00694558 -0.000625083 -0.00506632 -0.00326546 -0.00532842 0.00404336 0.00739587 -0.000777174 -0.00624767
internal_weight=542.73 528.311 339.808 249.823 89.985 80.6681 52.8788 188.503 166.553 144.625 242.16 142.828 99.3318 68.8174
internal_count=2651 2519 1577 1143 434 391 256 942 833 727 1108 661 447 316
is_linear=0
shrinkage=0.03


Tree=38
num_leaves=15
num_cat=0
split_feature=2 4 6 0 0 2 3 3 0 0 2 2 4 1
split_gain=13.5288 7.30846 5.75649 6.17913 6.48195 6.952 4.90808 4.88448 4.74532 4.45803 4.93806 4.58466 4.22461 5.18568
threshold=5.9668568166016618 -0.18032846408167486 -1.6457908974748239 25.39003055274538 26.717538667821305 3.7048626887247034 0.36613293611666337 0.2751924308297547 25.327362465263317 68.607783511079717 3.9609168116761926 3.5127903428243967 -0.51088788781343453 146.25347243181156
decision_type=2 2 2 2 2 2 2 2 2 2 2 2 2 2
left_child=1 6 3 -3 -5 -6 7 9 -4 11 -11 -1 -9 -14
right_child=-2 2 8 4 5 -7 -8 12 -10 10 -12 -13 13 -15
leaf_value=-0.018994128178033219 -0.029960661492372337 0.018970910485904789 -0.0097998892660899114 -0.018550178781720827 0.023771165920087177 -0.0054629351790371561 -0.018320405199586706 -0.0081022484134044108 0.0059537712556269346 0.026511248376815063 -0.008820646728823189 -0.0043019000090718153 0.034673290076404573 -0.0018540966863369833
leaf_weight=23.291403830051422 14.096148781478403 9.3803900182247144 18.590039253234863 27.572642236948013 8.7792325615882856 44.077415943145752 21.771357148885727 7.6048892587423351 231.57569365203381 7.9357888251543027 6.4567063450813293 106.60206291824579 8.4395453780889493 5.9739488065242758
leaf_count=121 132 43 85 135 41 215 109 36 1058 40 33 533 40 30
internal_value=-0.000955213 -0.000180922 0.00244414 -0.00407108 -0.00675844 -0.000607293 -0.00492611 -0.00317263 0.0047831 -0.00518107 0.0106608 -0.00693639 0.00998865 0.0195338
internal_weight=542.147 528.051 339.975 89.8097 80.4293 52.8566 188.076 166.304 250.166 144.286 14.3925 129.893 22.0184 14.4135
internal_count=2651 2519 1577 434 391 256 942 833 1143 727 73 654 106 70
is_linear=0
shrinkage=0.03


Tree=39
num_leaves=15
num_cat=0
split_feature=2 6 5 2 9 5 8 0 2 9 0 9 1 8
split_gain=13.0407 4.91526 4.21414 7.04643 6.56422 6.49685 7.63592 7.49667 5.46126 5.89499 5.01364 4.72415 7.85084 4.88034
threshold=5.9668568166016618 -4.4313443247817501 1.5000000000000002 3.6122429882190361 -1.2655074551612999 1.0000000180025095e-35 -0.069109594683320064 25.260956490555571 4.1255957286158909 -1.7493084599337654 26.203273155880492 -2.6911643013290862 118.66070496806546 -0.032094860599088677
decision_type=2 2 2 2 2 2 2 2 2 2 2 2 2 2
left_child=1 -1 4 -4 11 -6 -7 -8 9 -5 -9 -3 13 -13
right_child=-2 2 3 8 5 6 7 10 -10 -11 -12 12 -14 -15
leaf_value=-0.01649590643944138 -0.029739021733223892 0.0081089887347216508 -0.0078240983568636374 0.039486582827395783 0.0060788541797540075 0.018719388771061874 -0.038634180713288814 0.010732236384502582 0.0023480341895592257 0.010445728719358619 -0.0088557315431741848 0.028363374963640987 -0.013304254780570053 -0.0081164429580858274
leaf_weight=16.103221163153648 13.779958315193651 15.024074748158453 36.994895741343498 7.2025180459022513 117.64292131364346 11.174516797065733 6.4989919662475577 14.597526058554648 94.089004032313824 49.698088213801384 60.5056332051754 7.140026718378067 85.012214317917824 6.137841731309889
leaf_count=80 132 71 183 34 554 51 31 68 435 229 290 34 429 30
internal_value=-0.000928458 -0.000176294 0.000337266 0.00390994 -0.0017373 0.00139756 -0.00453843 -0.00772334 0.00678497 0.0141217 -0.00504849 -0.0075586 -0.00995346 0.0115002
internal_weight=541.601 527.821 511.718 187.985 323.734 210.42 92.7767 81.6022 150.99 56.9006 75.1032 113.314 98.2901 13.2779
internal_count=2651 2519 2439 881 1558 994 440 389 698 263 358 564 493 64
is_linear=0
shrinkage=0.03


Tree=40
num_leaves=15
num_cat=0
split_feature=2 8 8 4 4 1 9 0 0 3 1 1 1 2
split_gain=11.7039 7.21233 5.87882 5.5174 7.59803 7.03853 6.72678 5.93398 7.20787 5.79791 5.59267 6.07147 7.79444 6.74986
threshold=6.785606000581498 0.23975072567368269 0.29157587281563874 0.11137999605892676 0.14551860365988048 244.84822745990905 -3.1467272220979008 44.242985382396846 37.186219814970997 0.3480012894733408 218.11136839351116 130.60963517657592 126.82926493407199 4.5340595458878594
decision_type=2 2 2 2 2 2 2 2 2 2 2 2 2 2
left_child=1 3 -3 5 -5 10 -6 8 9 -8 11 12 -1 -13
right_child=-2 2 -4 4 6 -7 7 -9 -10 -11 -12 13 -14 -15
leaf_value=-0.0013939257945159648 -0.031001243889974456 0.02558120836346197 0.0049394344284261517 0.029885142876257945 0.026671779328085829 -0.03206633188998563 -0.001397877545981434 -0.013144265021435586 0.026301113156671316 0.014944364886871056 0.020121316788318248 -0.010626699234100638 0.023848280031000903 0.010262324953959697
leaf_weight=91.75666119158268 10.723998963832853 15.834106639027594 57.550880819559097 8.9229469150304777 9.2178903147578222 7.6596264988183966 140.93806382268667 25.214009307324886 10.683379814028738 22.683060690760612 9.171811714768408 114.25584308803082 12.51076567173004 15.853733167052267
leaf_count=443 108 71 257 42 44 43 655 138 49 100 46 572 60 79
internal_value=3.40843e-05 0.000647862 0.00939326 -0.000720927 0.00277524 -0.00375017 0.00161636 0.000458779 0.00242653 0.000867674 -0.00285963 -0.00375894 0.00163482 -0.00808139
internal_weight=552.977 542.253 73.385 468.868 217.659 251.208 208.736 199.519 174.305 163.621 243.549 234.377 104.267 130.11
internal_count=2707 2599 328 2271 1028 1243 986 942 804 755 1200 1154 503 651
is_linear=0
shrinkage=0.03


Tree=41
num_leaves=15
num_cat=0
split_feature=2 9 2 5 2 9 9 8 2 9 8 8 2 9
split_gain=11.2831 7.05296 9.33266 8.26578 5.46117 9.25325 4.50821 4.44299 9.22991 7.23763 7.8927 5.43924 9.5088 7.62962
threshold=6.785606000581498 2.3139082999609473 4.4468372840395132 1.0000000180025095e-35 4.8514164773982102 -2.4805620526584113 2.613127742399862 0.23975072567368269 4.477974596682686 0.7512219227891318 0.27778125728064845 -0.039983518270494844 4.259996149287498 -1.811967056703508
decision_type=2 2 2 2 2 2 2 2 2 2 2 2 2 2
left_child=1 4 3 -3 7 -6 -4 11 9 -9 -11 12 -1 -14
right_child=-2 2 6 -5 5 -7 -8 8 -10 10 -12 -13 13 -15
leaf_value=-0.0017157299238061083 -0.030817110761594439 -0.025686040892300758 0.010209107822880214 0.011969806530656529 0.00876170867117506 -0.02728996719378779 0.034962202179116275 -0.013250876873385057 -0.016471532445722657 0.045670360556849053 0.012289432527230868 -0.0035925929619779447 0.0039415238836929111 0.026496649633043576
leaf_weight=107.56885352730751 10.468301899731157 8.6912675499916094 12.356959506869318 13.236458271741865 10.364556774497034 16.782604716718197 14.268100947141646 7.371051922440528 11.077409461140631 8.0287522524595243 30.946788892149925 246.34103147685528 31.492491155862808 23.621717900037766
leaf_count=526 108 39 54 59 51 103 61 37 49 35 137 1184 153 111
internal_value=3.20753e-05 0.00062774 0.0115378 -0.00295546 -0.000445432 -0.0135257 0.023474 0.000315839 0.00813004 0.0140101 0.0191657 -0.000781219 0.00347587 0.0136086
internal_weight=552.616 542.148 48.5528 21.9277 493.595 27.1472 26.6251 466.448 57.424 46.3466 38.9755 409.024 162.683 55.1142
internal_count=2707 2599 213 98 2386 154 115 2232 258 209 172 1974 790 264
is_linear=0
shrinkage=0.03


Tree=42
num_leaves=15
num_cat=0
split_feature=2 9 2 5 2 9 4 0 1 1 0 5 1 2
split_gain=10.878 6.61813 8.716 7.81901 5.18041 8.85685 6.84647 8.62147 7.10866 6.08402 5.18914 6.49786 5.86607 4.79862
threshold=6.785606000581498 2.3139082999609473 4.4468372840395132 1.0000000180025095e-35 4.8514164773982102 -2.4805620526584113 1.1788855310017248 26.309819022087932 150.21860617240816 233.83689043865982 67.272464002875722 1.0000000180025095e-35 218.11136839351116 3.4706032511680029
decision_type=2 2 2 2 2 2 2 2 2 2 2 2 2 2
left_child=1 4 3 -3 6 -6 9 -8 13 10 12 -12 -1 -9
right_child=-2 2 -4 -5 5 -7 7 8 -10 -11 11 -13 -14 -15
leaf_value=-0.0020338569893187451 -0.03063536939481917 -0.025116727619213883 0.022646877058426017 0.011570431584764467 0.0084691727978885127 -0.026862224634903606 0.026159121144301526 -0.0052834143535968924 -0.0062771894460869285 -0.019827096872920173 0.026324349159627843 -0.0048584373774233393 0.022331429735793933 0.026367373875009443
leaf_weight=346.60615457594395 10.218275047838686 8.6226690262556094 26.766815334558487 13.281833082437513 10.400329157710077 16.542013436555862 19.033520683646202 6.2598589956760433 31.78535184264183 15.228125274181364 13.930391252040865 10.583616822957991 9.1271504610776883 13.848391205072401
leaf_count=1662 108 39 115 59 51 103 86 30 149 79 68 53 44 61
internal_value=3.01652e-05 0.000608282 0.0111624 -0.0028714 -0.000432941 -0.0132235 0.000305924 0.0088887 0.00255426 -0.00123337 -0.000488725 0.0128616 -0.00140871 0.0165142
internal_weight=552.234 542.016 48.6713 21.9045 493.345 26.9423 466.403 70.9271 51.8936 395.475 380.247 24.514 355.733 20.1083
internal_count=2707 2599 213 98 2386 154 2232 326 240 1906 1827 121 1706 91
is_linear=0
shrinkage=0.03


Tree=43
num_leaves=15
num_cat=0
split_feature=2 9 2 5 2 9 4 0 1 1 4 0 5 1
split_gain=10.4879 6.21153 8.1425 7.3975 4.91396 8.47771 6.42682 8.01733 6.66581 5.78274 4.9357 4.81953 6.37671 5.97555
threshold=6.785606000581498 2.3139082999609473 4.4468372840395132 1.0000000180025095e-35 4.8514164773982102 -2.4805620526584113 1.1788855310017248 26.309819022087932 150.21860617240816 233.83689043865982 1.0775238626472137 67.272464002875722 1.0000000180025095e-35 218.11136839351116
decision_type=2 2 2 2 2 2 2 2 2 2 2 2 2 2
left_child=1 4 3 -3 6 -6 9 -8 -9 10 11 13 -13 -1
right_child=-2 2 -4 -5 5 -7 7 8 -10 -11 -12 12 -14 -15
leaf_value=-0.0015711461172985895 -0.030455812212474051 -0.024562541730754846 0.02185418238090921 0.011186358640590142 0.0081876034922648642 -0.026441361482280899 0.025172267673929126 0.015948014068809104 -0.0061023782652113445 -0.019410472566435841 -0.026986003865787374 0.026209764288037406 -0.0047229692961993641 0.023227276425198045
leaf_weight=340.54409268498421 9.973861135542391 8.5537518709898013 26.903431832790375 13.32504481077194 10.434719584882261 16.304765298962593 19.183962658047676 20.194962307810783 31.716078370809555 15.090437486767767 6.2166854590177527 13.882127583026888 10.560919567942618 8.9757516384124738
leaf_count=1636 108 39 115 59 51 103 86 91 149 79 28 67 53 43
internal_value=2.83087e-05 0.000589393 0.0108013 -0.00279006 -0.000420854 -0.0129279 0.000296249 0.00860018 0.00247589 -0.00119733 -0.0004744 -3.36768e-05 0.0128449 -0.000934317
internal_weight=551.861 541.887 48.7822 21.8788 493.105 26.7395 466.365 71.095 51.911 395.27 380.18 373.963 24.443 349.52
internal_count=2707 2599 213 98 2386 154 2232 326 240 1906 1827 1799 120 1679
is_linear=0
shrinkage=0.03


Tree=44
num_leaves=15
num_cat=0
split_feature=9 6 6 8 8 4 1 0 0 4 6 9 4 4
split_gain=7.2339 12.8999 5.56012 6.80232 7.0668 5.21994 5.90356 5.47634 10.5059 8.36775 5.25138 7.9789 6.25484 6.22796
threshold=1.0147187737166901 1.7647542118214492 -0.20349089181255717 0.011077235466401523 -0.039983518270494844 3.2631092981699656 235.80563735938418 26.686081830472904 27.274032680536234 1.3609393639669618 0.56117062330972078 0.19478800246406883 -0.45387208293997988 -0.58522406576898345
decision_type=2 2 2 2 2 2 2 2 2 2 2 2 2 2
left_child=1 5 -2 4 -4 6 7 9 -9 -1 11 12 13 -10
right_child=2 -3 3 -5 -6 -7 -8 8 10 -11 -12 -13 -14 -15
leaf_value=-0.010109836846294162 0.02033928278245406 -0.019958068004218819 0.011977231981086228 0.0051057579592524395 -0.019483745292230986 0.014660767027609727 -0.01901856653506611 0.024611509303834253 -0.0033992924746164971 0.018465538282149644 0.016280796782457193 -0.033929361984044372 -0.0028878858105893042 0.032518584276610051
leaf_weight=77.807907819747925 17.684709250926971 35.220919340848923 9.1248357594013232 174.31562486290932 21.723140150308609 18.546731747686863 16.792798042297363 17.346837416291237 7.8950027525424984 10.463130444288252 15.915175050497053 6.6697842329740515 112.32518251240253 9.6619149595499021
leaf_count=385 78 226 41 781 102 88 110 84 40 48 79 43 554 48
internal_value=2.65441e-05 -0.00280275 0.00419904 0.00280779 -0.0101776 -0.000743528 -0.0017829 -0.000661425 0.00248928 -0.00672268 -2.76632e-05 -0.00192842 -0.000285089 0.016367
internal_weight=551.494 328.645 222.848 205.164 30.848 293.424 274.878 258.085 169.814 88.271 152.467 136.552 129.882 17.5569
internal_count=2707 1705 1002 924 143 1479 1391 1281 848 433 764 685 642 88
is_linear=0
shrinkage=0.03


Tree=45
num_leaves=15
num_cat=0
split_feature=2 4 2 8 6 6 6 0 8 8 3 5 2 2
split_gain=10.1191 5.43454 5.56192 5.69106 6.7418 6.44343 4.53393 7.01749 5.60807 4.32684 12.6836 5.77644 8.47026 8.89274
threshold=5.6677731563455191 -0.18032846408167486 4.2863847878712358 -0.038544433009777265 1.383602628325201 2.4235055955553979 -1.7565867607297754 25.371691890206307 -0.051820842274186561 -0.029018717474196345 0.26054735115494077 1.5000000000000002 4.3060007634785089 4.432700059364433
decision_type=2 2 2 2 2 2 2 2 2 2 2 2 2 2
left_child=1 2 -1 -4 -5 -6 7 -3 -9 10 -8 -11 -13 -14
right_child=-2 6 3 4 5 -7 9 8 -10 11 -12 12 13 -15
leaf_value=-0.006855962664411663 -0.02445560581441867 0.022403746903938506 0.021363197412195903 -0.018404872820014254 0.02860417820282565 -0.0049146962790690678 0.020426353611299637 -0.0041213484021840035 -0.034656093663122119 -0.0015845323905826763 -0.018737807014451883 0.016579722637494826 -0.026121867441270989 0.0066424256206345181
leaf_weight=138.18136745691299 15.277554050087927 8.3738194108009321 13.672240003943442 13.147978603839872 8.7871904820203799 12.509724184870718 37.95983037352562 66.661601647734642 5.8918201029300681 120.31217351555824 9.2572855651378614 50.366572350263596 10.214180484414099 27.60432256758213
leaf_count=698 154 38 67 67 42 60 172 321 33 553 43 228 45 121
internal_value=-0.000389156 0.000313939 -0.00379714 0.0049871 -0.00151308 0.00891532 0.00258902 -0.00359975 -0.00660097 0.00454762 0.0127479 0.00269055 0.0085231 -0.00220669
internal_weight=538.218 522.94 186.299 48.1171 34.4449 21.2969 336.642 80.9272 72.5534 255.714 47.2171 208.497 88.1851 37.8185
internal_count=2642 2488 934 236 169 102 1554 392 354 1162 215 947 394 166
is_linear=0
shrinkage=0.03


Tree=46
num_leaves=15
num_cat=0
split_feature=2 0 8 1 9 1 2 1 3 9 0 1 3 9
split_gain=9.70462 4.56949 8.33485 5.9279 5.43817 6.01755 6.6751 5.58349 5.29354 4.67498 4.60685 4.49472 4.46313 4.78316
threshold=5.6677731563455191 54.067708362829713 0.24636641097141015 159.76978382773225 2.275277841906866 172.2490324094899 4.5174617514145403 230.35313211399904 0.2661177374084463 2.064877977757007 58.766054687840828 118.96379599214895 0.38558638768135761 -1.4916945382987257
decision_type=2 2 2 2 2 2 2 2 2 2 2 2 2 2
left_child=1 4 3 8 9 6 -6 -7 10 12 -3 -12 -1 -14
right_child=-2 2 -4 -5 5 7 -8 -9 -10 -11 11 -13 13 -15
leaf_value=-2.2729755784564055e-05 -0.024172884176607887 -0.020412494135610696 0.024084100847518237 -0.02072136747204829 0.0082838517068549306 -0.0067212722747952338 0.04490256718787896 0.022792271063298182 -0.020535689645749124 -0.013852188296302314 -0.0080264626784272639 0.01851256353622854 0.028055174674449731 0.0044248407234997794
leaf_weight=341.47206403315067 14.996819406747816 5.8135508745908764 7.2611822336912146 26.849901057779789 9.9845610558986682 18.722250252962116 8.1266848593950254 8.3384889513254148 11.025561690330504 19.824990704655647 8.8429406583309191 16.38646325469017 10.408508598804472 29.728939905762672
leaf_count=1634 154 30 33 144 43 81 34 36 55 90 44 82 46 136
internal_value=-0.000378777 0.000303788 -0.00648725 -0.00970822 0.00146217 0.0113308 0.024715 0.00237302 -0.00267917 0.000351682 0.00366295 0.0092106 0.00108959 0.0105527
internal_weight=537.783 522.786 76.1796 68.9184 446.606 45.172 18.1112 27.0607 42.0685 401.435 31.043 25.2294 381.61 40.1374
internal_count=2642 2488 388 355 2100 194 77 117 211 1906 156 126 1816 182
is_linear=0
shrinkage=0.03


Tree=47
num_leaves=15
num_cat=0
split_feature=2 6 5 1 8 2 9 1 1 2 2 2 1 2
split_gain=9.30636 4.55565 3.81889 6.00956 9.5805 7.8363 10.0497 7.56053 7.81211 5.76361 5.30099 6.85863 8.00728 6.94792
threshold=5.6677731563455191 -4.7183991725916217 1.5000000000000002 130.60963517657592 -0.041289412455927162 4.2251753705746422 -1.5510410443285416 137.12143858775065 185.44639116305586 4.259996149287498 1.9033956943267425 4.1255957286158909 105.69121618569851 3.5409680671194503
decision_type=2 2 2 2 2 2 2 2 2 2 2 2 2 2
left_child=1 -1 3 4 9 6 -5 -7 -9 -3 -4 12 -12 -14
right_child=-2 2 10 5 -6 7 -8 8 -10 -11 11 -13 13 -15
leaf_value=-0.018605070336515525 -0.023891060431946512 0.0090685592748300219 -0.020058510120597537 -0.023949658012626628 -0.0019336836223976938 -0.022876618464791727 -0.0040313100046208616 0.012144626442209816 -0.0053790963664174553 0.034611159493633623 -0.019068113315016507 -0.00044109338400538965 0.00018139296249894659 0.019989767837462102
leaf_weight=11.232308790087698 14.722682073712347 26.964028537273407 7.78115589916706 31.623159155249596 73.060582667589188 10.054483771324156 81.685995772480965 52.528937518596649 40.586401104927063 11.275452256202696 7.1008365601301184 91.540471345186234 22.483713060617447 54.730242252349854
leaf_count=56 154 129 44 163 350 48 398 245 193 52 33 420 107 250
internal_value=-0.000368456 0.000294162 0.000709249 -0.00123115 0.00443401 -0.00414383 -0.00959027 0.00183788 0.00450652 0.0166002 0.00417274 0.00524491 0.0114182 0.0142218
internal_weight=537.37 522.648 511.415 327.779 111.3 216.479 113.309 103.17 93.1153 38.2395 183.636 175.855 84.3148 77.214
internal_count=2642 2488 2432 1578 531 1047 561 486 438 181 854 810 390 357
is_linear=0
shrinkage=0.03


Tree=48
num_leaves=15
num_cat=0
split_feature=1 6 4 1 9 6 1 6 9 4 4 0 6 3
split_gain=7.2164 5.3799 4.92669 5.52502 4.75144 5.29289 7.96518 7.418 5.35404 4.7929 4.95623 4.22447 4.21448 4.25311
threshold=357.79164726281334 -4.7183991725916217 -0.18032846408167486 164.36445126393099 1.3122706418448036 0.98432344883336376 160.29061332970915 0.094844570525660143 -1.3233668194957335 -0.14114886333842588 0.10361222379137068 26.795545859873098 3.6352371952677438 0.32434640521772184
decision_type=2 2 2 2 2 2 2 2 2 2 2 2 2 2
left_child=1 -1 3 -3 5 7 -7 9 -9 -4 11 -11 13 -6
right_child=-2 2 4 -5 12 6 -8 8 -10 10 -12 -13 -14 -15
leaf_value=-0.019489587591413178 -0.024348085436583938 -0.00041607226230600235 0.024482736898507589 -0.012649298280047403 0.0075731629587837534 -0.0010254789476197702 -0.03033061142413675 0.0047275522257742902 0.035969203267226108 -0.029071324916343941 0.0017714019326356943 -0.0046724409816628334 -0.0029175274893634348 0.024876555493910449
leaf_weight=12.265975087881086 11.053312323987482 138.96727706491947 6.8007453680038443 43.66839711368084 86.419827744364738 27.407318994402885 12.003168970346449 10.43436808884144 9.3704842180013639 9.1198313832283038 104.59815391153097 21.310615450143814 28.536779515445232 15.004244387149809
leaf_count=69 109 682 34 238 374 128 73 49 44 45 506 104 124 63
internal_value=-0.000358714 0.000145485 0.000614379 -0.00334105 0.00279683 -9.30298e-05 -0.00995088 0.00231056 0.0195093 -9.10386e-05 -0.0013287 -0.0119846 0.00726733 0.010133
internal_weight=536.96 525.907 513.641 182.636 331.006 201.045 39.4105 161.634 19.8049 141.829 135.029 30.4304 129.961 101.424
internal_count=2642 2533 2464 920 1544 983 201 782 93 689 655 149 561 437
is_linear=0
shrinkage=0.03


Tree=49
num_leaves=15
num_cat=0
split_feature=2 4 4 2 8 1 8 6 9 3 3 4 6 4
split_gain=8.64414 5.47828 6.21276 6.95484 6.94705 6.07716 5.50745 7.40387 4.33953 5.9105 7.91528 4.47173 6.04281 6.20361
threshold=5.6677731563455191 -1.0825435314252021 -0.2196219484294874 4.2917440240118685 -0.038544433009777265 172.83972002575862 0.047642575227665955 2.4235055955553979 1.2415782769186918 0.51527596289627042 0.4112129948522919 0.34765097715127646 0.98432344883336376 0.50065447674152874
decision_type=2 2 2 2 2 2 2 2 2 2 2 2 2 2
left_child=1 -1 3 5 -5 -3 -6 -8 9 10 11 -4 13 -13
right_child=-2 2 8 4 6 -7 7 -9 -10 -11 -12 12 -14 -15
leaf_value=0.032239644063484965 -0.023409702547995334 -0.0054007458031423939 0.0040804731629272718 0.025830952545443341 -0.016871551842449404 -0.023244541754674431 0.032573081982249022 -0.0080473927121014754 0.0063675672388431217 -0.026327028837807537 0.026770963421110884 -0.022002354121120303 -0.021912379644628877 0.0011151360193801536
leaf_weight=4.7827862203121176 14.240901194512842 102.68212647736073 91.332087159156799 11.375889807939528 12.476942926645281 20.628872498869896 7.1285788416862514 9.3160797059535962 138.28274448215961 7.6566338688135138 9.8422398790717107 12.048139989376066 16.077770039439201 78.629676669836044
leaf_count=23 154 511 448 55 65 116 34 44 597 35 45 60 81 374
internal_value=-0.000349055 0.000279758 -1.5631e-05 -0.00484996 0.00596996 -0.00838586 -0.00184207 0.00956114 0.00221948 -0.00044121 0.000511987 -0.000792723 -0.00496187 -0.00195643
internal_weight=536.501 522.261 517.478 163.608 40.2975 123.311 28.9216 16.4447 353.869 215.587 207.93 198.088 106.756 90.6778
internal_count=2642 2488 2465 825 198 627 143 78 1640 1043 1008 963 515 434
is_linear=0
shrinkage=0.03


Tree=50
num_leaves=15
num_cat=0
split_feature=1 9 9 9 6 8 0 5 6 0 9 8 1 0
split_gain=7.96 8.93522 7.77922 6.81123 5.43105 8.60498 7.12026 6.49779 5.89043 5.77865 5.14599 4.77408 6.54214 4.62516
threshold=190.46172881546212 -2.7936147296555798 0.7512219227891318 0.15462668759845552 1.5482392438570372 -0.039983518270494844 35.91294972410148 1.0000000180025095e-35 4.7404541570810697 51.202493045150483 1.7395305288505543 0.10476090280511811 126.82926493407199 25.747669091496508
decision_type=2 2 2 2 2 2 2 2 2 2 2 2 2 2
left_child=2 -2 3 -1 5 -4 7 10 11 -8 -6 12 -9 -3
right_child=1 13 4 -5 6 -7 9 8 -10 -11 -12 -13 -14 -15
leaf_value=-0.00085408992352408624 0.017034047761164364 0.0067603012788354658 0.017994219890399323 -0.021930454532691789 0.026678932926653642 -0.007280757348247513 0.044318672255644072 -0.014683305926763854 0.020367659823767283 0.012202333547007553 0.0024435887871464292 -0.010835663552550168 0.017121366599641325 -0.012116714799268324
leaf_weight=217.45784691721201 12.345358811318873 13.262213319540022 16.132392436265945 14.735013172030447 20.505471274256706 48.778994292020798 8.7412855774164218 8.703146308660509 11.954439803957937 11.914974957704542 12.81191912293434 30.672604113817215 17.575477838516235 98.014798678457737
leaf_count=1070 60 65 70 80 91 227 38 39 53 54 57 136 79 558
internal_value=-0.000489301 -0.00718049 0.00148025 -0.0021916 0.0060203 -0.000999181 0.00972837 0.00648212 0.0012227 0.0257933 0.0173594 -0.00279595 0.00658806 -0.00986691
internal_weight=543.606 123.622 419.984 232.193 187.791 64.9114 122.879 102.223 68.9057 20.6563 33.3174 56.9512 26.2786 111.277
internal_count=2677 683 1994 1150 844 297 547 455 307 92 148 254 118 623
is_linear=0
shrinkage=0.03


Tree=51
num_leaves=15
num_cat=0
split_feature=2 6 3 1 3 6 5 1 7 3 0 6 5 2
split_gain=7.59986 4.89682 7.93492 4.84489 4.21979 3.96498 6.15006 5.22559 3.91552 8.77874 8.51412 4.92168 4.91694 4.15377
threshold=5.8421117616699698 2.3791262645802012 0.25144747724342981 185.44639116305586 0.28421052630532101 3.5132143008442909 1.5000000000000002 151.23440925881167 1.0000000180025095e-35 0.19843409647713503 37.495179481190526 -0.20349089181255717 1.5000000000000002 3.9999999966262485
decision_type=2 2 2 2 2 2 2 2 2 2 2 2 2 2
left_child=1 8 3 -3 -4 -6 -7 -8 9 10 11 -1 -13 -11
right_child=-2 2 4 -5 5 6 7 -9 -10 13 -12 12 -14 -15
leaf_value=0.019907488054059036 -0.023808582508942196 0.0030570764773973952 0.033053873367875686 -0.015433037557644247 0.019755903273596009 -0.010512884014746629 0.035388884398996748 -0.00062760999770384337 -0.0026970731170755245 -0.032584731671024061 0.035430180066533125 -0.01452102164405757 0.017756912986789195 0.00061281479851243818
leaf_weight=11.923682212829588 12.279521524906157 46.197753399610519 8.2782472968101484 17.617851257324219 21.574481084942818 15.155402138829231 7.0281626880168915 7.4886857718229294 351.38601543009281 6.4605754464864713 10.878649622201918 13.65904518961907 6.1642662882804862 7.1421033889055252
leaf_count=53 140 214 37 86 95 69 30 32 1708 33 52 67 28 33
internal_value=-0.0004757 6.39254e-05 0.00530139 -0.00204757 0.0131801 0.00996971 0.00285425 0.0168094 -0.00152089 0.00582943 0.0125257 0.00467716 -0.00448386 -0.0151543
internal_weight=543.234 530.955 123.341 63.8156 59.525 51.2467 29.6723 14.5168 407.614 56.2283 42.6256 31.747 19.8233 13.6027
internal_count=2677 2537 563 300 263 226 131 62 1974 266 200 148 95 66
is_linear=0
shrinkage=0.03


Tree=52
num_leaves=15
num_cat=0
split_feature=9 6 5 8 6 9 9 3 9 0 9 3 3 8
split_gain=6.65261 12.7718 7.09419 9.73356 6.86804 7.55201 5.80027 5.61631 9.00537 5.89869 5.74583 5.6094 5.07259 4.76817
threshold=0.7512219227891318 0.98432344883336376 1.0000000180025095e-35 0.10614155749857869 0.69039510489253197 0.11635494641285106 1.7395305288505543 0.38997956563693575 -1.388494770478079 25.102480437944525 -1.5510410443285416 0.18620689653887615 0.087378640772457467 0.4152916216082278
decision_type=2 2 2 2 2 2 2 2 2 2 2 2 2 2
left_child=1 4 3 11 5 7 -5 9 -9 -1 -11 12 -2 -8
right_child=2 -3 -4 6 -6 -7 13 8 -10 10 -12 -13 -14 -15
leaf_value=0.028429331317071673 -0.0099357341126084485 -0.02028889832815059 -0.00031849241905889221 0.026857460327273593 0.026768197498613221 -0.028124717645782442 0.015225134704905564 0.027634539624942969 -0.0096902948013639391 -0.0076087168265812138 0.0021477323240112161 -0.027515219403033614 0.023764628957068996 -0.013718085809044675
leaf_weight=5.4252107441425315 9.551126375794416 35.651992425322533 162.25348678231239 28.917436480522156 7.6905862987041465 9.5898899734020215 18.642357990145687 14.561330378055574 9.688486732542513 121.22270631790161 98.44515672326088 7.1836058199405661 6.9410913139581671 7.0637607723474494
leaf_count=26 45 238 736 128 37 71 82 66 47 603 501 34 32 31
internal_value=-0.000462501 -0.00342522 0.00326041 0.0106767 -0.00117026 -0.00200006 0.0176404 -0.000995292 0.0127222 -0.00247311 -0.00323632 -0.00538961 0.00424776 0.00727185
internal_weight=542.828 302.275 240.553 78.2994 266.623 258.933 54.6236 249.343 24.2498 225.093 219.668 23.6758 16.4922 25.7061
internal_count=2677 1589 1088 352 1351 1314 241 1243 113 1130 1104 111 77 113
is_linear=0
shrinkage=0.03


Tree=53
num_leaves=15
num_cat=0
split_feature=2 8 9 5 2 3 8 7 3 9 3 9 9 9
split_gain=7.11599 5.75613 7.28664 7.49053 7.34425 6.16696 4.7577 4.73599 7.62173 5.26611 4.82086 5.42084 4.7739 4.51226
threshold=5.8421117616699698 0.14444945127251144 0.63337424883343274 1.0000000180025095e-35 4.0392170876305942 0.24999999999214362 0.45981545748316072 1.0000000180025095e-35 0.19843409647713503 -1.3526260619255213 0.35110443396154639 -0.79690748719035875 0.3321652973846298 -1.8408623291059734
decision_type=2 2 2 2 2 2 2 2 2 2 2 2 2 2
left_child=1 7 13 4 -4 -5 -6 8 9 -1 -9 -12 -13 -3
right_child=-2 2 3 5 6 -7 -8 10 -10 -11 11 12 -14 -15
leaf_value=-0.0027072573974898529 -0.023388777788831559 0.0066808289490521431 0.034885168380619544 -0.0090778462785816444 0.016388814248278146 0.010216680707169204 -0.0095413403326870677 -0.004234231734875281 -0.013356655715215954 0.020617071020331838 0.015596808913813386 -0.02703912232355243 0.0048569653380660755 -0.025758916330559559
leaf_weight=12.803832009434698 11.904120072722433 6.3483236432075527 14.923061117529867 27.136528208851814 23.862769082188606 33.087017491459846 8.6866405904293043 309.59395559132099 12.892087593674658 27.260082513093948 24.91194112598896 6.2938652336597469 12.83648946136236 9.8417221456766111
leaf_count=63 140 30 66 124 104 144 38 1523 63 125 114 33 59 51
internal_value=-0.000449952 6.48031e-05 0.00572616 0.00854713 0.0174584 0.00152263 0.00946869 -0.00166018 0.00670679 0.013163 -0.00291311 0.0063737 -0.00563681 -0.0130389
internal_weight=542.382 530.478 123.886 107.696 47.4725 60.2235 32.5494 406.592 52.956 40.0639 353.636 44.0423 19.1304 16.19
internal_count=2677 2537 557 476 208 268 142 1980 251 188 1729 206 92 81
is_linear=0
shrinkage=0.03


Tree=54
num_leaves=15
num_cat=0
split_feature=1 9 9 9 2 2 9 9 0 0 4 0 2 4
split_gain=7.01332 8.45138 6.3043 6.15261 5.17268 4.7272 7.39613 5.72255 12.5337 4.45794 6.6476 5.61141 5.77098 5.10801
threshold=190.46172881546212 -2.7936147296555798 0.7512219227891318 0.15462668759845552 5.4877058822079894 3.675524325551168 -1.5510410443285416 -0.83211218394675091 26.773658806346575 28.280831033754179 -0.46396887092104083 27.653348353481409 4.6363095132965348 1.1788855310017248
decision_type=2 2 2 2 2 2 2 2 2 2 2 2 2 2
left_child=2 -2 3 5 -3 6 -1 8 -8 11 -11 12 -7 -12
right_child=1 4 -4 -5 -6 9 7 -9 -10 10 13 -13 -14 -15
leaf_value=-0.0105835377955891 0.016752091963623719 -0.0071696740869533239 0.0054760476661262752 -0.020942278851184791 -0.028359915477470316 -0.0088325033567342916 -0.0023289111797358385 0.00094706128178567738 0.040434774792998618 0.025569815958903275 -0.0056344871013831333 -0.036467585458038583 0.019536432090756201 0.016446956105876008
leaf_weight=17.185030415654182 12.369520656764506 98.368471264839172 188.53363244235516 14.347716100513933 11.589262209832667 67.755132377147675 10.790054082870485 21.128411188721657 14.40122316777706 9.3041651546955091 51.530427575111389 5.9212215393781653 7.1330830603837958 11.539862319827078
leaf_count=87 60 487 844 80 136 334 51 107 70 46 256 30 34 55
internal_value=-0.000437608 -0.00675831 0.00140522 -0.00191672 -0.00940307 -0.000656973 0.00622493 0.012461 0.022118 -0.00350997 0.00189782 -0.0083533 -0.00613037 -0.00159428
internal_weight=541.897 122.327 419.57 231.036 109.958 216.689 63.5047 46.3197 25.1913 153.184 72.3745 80.8094 74.8882 63.0703
internal_count=2677 683 1994 1150 623 1070 315 228 121 755 357 398 368 311
is_linear=0
shrinkage=0.03


Tree=55
num_leaves=15
num_cat=0
split_feature=2 5 0 0 4 4 1 0 0 8 0 2 9 9
split_gain=8.91081 5.50869 5.08838 7.85886 4.47626 4.99618 5.15044 4.84132 5.85672 5.75025 6.87556 4.04609 6.61519 7.27172
threshold=5.9668568166016618 1.5000000000000002 43.648616999027858 37.186219814970997 -0.73479759567790703 -0.2196219484294874 168.27141075581477 25.89492588399089 25.607266419431074 -0.049037603222341991 26.978287232737149 4.2565441951732703 -2.6911643013290862 2.5276140785390808
decision_type=2 2 2 2 2 2 2 2 2 2 2 2 2 2
left_child=1 11 3 4 -3 6 -6 8 -7 -9 -11 -1 -13 -14
right_child=-2 2 -4 -5 5 7 -8 9 -10 10 -12 12 13 -15
leaf_value=-0.0048444498242301449 -0.027305303912152266 0.029193066435584048 -0.0080082050910509992 0.028460927641953373 -0.001755161481351086 0.0071221883625089636 -0.034232787132505535 -0.01011338008486975 0.033569082549465994 -0.0077378242100488897 0.013711743277024267 0.024189365428390223 -0.0028339163590906423 0.019023137153164449
leaf_weight=198.60696829855442 10.799402683973311 6.224214479327201 26.450851239264011 13.098598465323446 20.730383276939396 25.229120582342148 5.5768070518970481 25.28354012966156 10.746021240949629 19.754483789205551 42.141589045524597 10.989395692944525 109.11556259542704 15.666082084178923
leaf_count=976 140 30 137 60 102 113 31 118 48 87 188 52 525 67
internal_value=-0.000328124 0.000221971 0.00422607 0.00614335 0.00426567 0.00322759 -0.00864003 0.00576264 0.0150221 0.00194169 0.00686599 -0.00211593 0.00187536 -8.98077e-05
internal_weight=540.413 529.614 195.236 168.785 155.686 149.462 26.3072 123.155 35.9751 87.1796 61.8961 334.378 135.771 124.782
internal_count=2674 2534 914 777 717 687 133 554 161 393 275 1620 644 592
is_linear=0
shrinkage=0.03


Tree=56
num_leaves=15
num_cat=0
split_feature=6 1 5 3 0 0 3 6 1 6 9 0 9 0
split_gain=7.1915 6.53343 6.82558 5.96122 8.06771 5.99951 5.79931 5.59861 8.96465 8.29787 5.99276 5.58185 5.37932 5.33731
threshold=-3.7909253189356829 348.05519347003099 1.5000000000000002 0.13840072969701972 66.652701578500924 25.39003055274538 0.15335378322382667 -0.96236600695413077 129.94284342755859 1.0000000180025095e-35 -1.0792281519344729 54.067708362829713 -2.5041362728166177 35.91294972410148
decision_type=2 2 2 2 2 2 2 2 2 2 2 2 2 2
left_child=12 2 3 4 11 -5 -7 8 10 -9 -8 13 -1 -2
right_child=1 -3 -4 5 -6 6 7 9 -10 -11 -12 -13 -14 -15
leaf_value=0.016151647369523368 -0.0095251607038981875 -0.025471015933278055 0.0056484062252264459 0.020984204535725082 0.016124419134711791 0.023436113428078324 0.042063675587583463 -0.027731428429568529 -0.0020081076126464191 -0.0016648608104148956 0.0048595839892040197 -0.027296365970636133 -0.018697362958616875 0.0061817770204220098
leaf_weight=4.6322071701288214 95.787241190671921 8.5268945544958097 181.64822896569967 13.99645449221134 13.368176423013209 9.3162605538964254 9.0087833255529386 12.534726575016974 29.376541443169117 89.25160364061594 6.8667153120040885 12.631719708442686 28.597195528447628 24.438312880694866
leaf_count=25 471 87 851 64 69 45 42 63 149 415 33 66 176 118
internal_value=-0.000319341 0.000567214 0.00101285 -0.00164699 -0.00609034 0.00216708 0.000482622 -0.000971697 0.00780784 -0.00487489 0.0259716 -0.0083256 -0.0138394 -0.0063324
internal_weight=539.981 506.752 498.225 316.577 146.225 170.351 156.355 147.038 45.252 101.786 15.8755 132.857 33.2294 120.226
internal_count=2674 2473 2386 1535 724 811 747 702 224 478 75 655 201 589
is_linear=0
shrinkage=0.03


Tree=57
num_leaves=15
num_cat=0
split_feature=2 6 0 3 2 2 1 2 2 6 6 6 2 2
split_gain=8.40856 6.10519 5.00572 10.4508 6.82251 3.84596 10.0198 7.77224 6.36833 6.00891 4.8474 4.67718 8.6542 11.5688
threshold=5.9668568166016618 -3.7909253189356829 25.915099035576528 0.37259526450433755 4.6863108436414374 3.8354145035110037 203.69234013607721 3.901259932561707 3.7885507757976966 -3.1179731976239498 -2.5003403057330544 -0.66890781787889486 4.4375169019625327 4.6675088980105315
decision_type=2 2 2 2 2 2 2 2 2 2 2 2 2 2
left_child=1 -1 3 4 -3 6 8 -7 10 -9 -4 12 -11 -14
right_child=-2 2 5 -5 -6 7 -8 9 -10 11 -12 -13 13 -15
leaf_value=-0.013105798476296289 -0.026995839859323103 0.0016448723607537337 0.023432821502465371 0.037316095915334017 0.033113184444859153 0.022777337883123874 -0.028118847824120764 -0.020231689244964796 -0.027996783584103551 -0.00026397811322423115 -0.0016221379313488288 -0.0014988370374404449 0.037839584782761733 -0.00080284429731719272
leaf_weight=29.255722656846046 10.422280870378016 87.059498265385628 7.5456815958023062 9.2465625256299955 6.6761916279792777 14.492892473936079 14.844654589891432 12.333637863397596 7.7043033093214026 48.911042645573616 87.984437450766563 174.96309386193752 15.628401041030886 12.589676737785338
leaf_count=151 140 412 36 40 30 67 83 63 37 241 430 810 73 61
internal_value=-0.000310911 0.000214597 0.000994024 0.00688776 0.00388616 -0.000534828 -0.00507301 0.00138639 -0.00175912 0.00021398 0.00035689 0.00121429 0.00736885 0.020599
internal_weight=539.658 529.236 499.98 102.982 93.7357 396.998 118.079 278.919 103.234 264.426 95.5301 252.092 77.1291 28.2181
internal_count=2674 2534 2383 482 442 1901 586 1315 503 1248 466 1185 375 134
is_linear=0
shrinkage=0.03


Tree=58
num_leaves=15
num_cat=0
split_feature=1 5 0 3 0 8 3 0 3 0 0 0 5 3
split_gain=5.39606 4.79526 5.32295 6.51485 7.15588 5.11589 4.58758 6.62283 5.7789 5.99771 5.61305 4.74983 4.35658 5.48991
threshold=348.05519347003099 1.5000000000000002 43.648616999027858 0.38558638768135761 37.186219814970997 0.34300041371910478 0.13840072969701972 66.652701578500924 0.15335378322382667 71.921422753403661 54.067708362829713 35.91294972410148 1.0000000180025095e-35 0.1875334941013653
decision_type=2 2 2 2 2 2 2 2 2 2 2 2 2 2
left_child=1 6 3 4 5 -3 7 10 -8 12 11 -1 -10 -14
right_child=-2 2 -4 -5 -6 -7 8 -9 9 -11 -12 -13 13 -15
leaf_value=-0.0090167219316205655 -0.021301886753898949 0.0033799298307063551 -0.0084783765847742769 0.022433729070049948 0.026168278008769676 -0.019634300064676213 0.021816241441783381 0.013671408256546506 0.0056559381942632792 -0.023335039983304946 -0.026955873596245322 0.005724983183644906 -0.021771965414158205 -0.00046579110518158909
leaf_weight=97.440178208053112 10.792892500758169 128.46278949826956 27.131654635071754 18.903980895876884 11.795988924801348 9.323977664113043 11.372839935123919 13.982914626598356 87.398639015853405 9.5769855827093107 12.754812099039553 24.646530516445637 13.179457060992716 62.497693262994289
leaf_count=482 121 596 150 85 55 41 55 74 412 49 69 119 67 299
internal_value=-0.0003028 0.000126064 0.00385373 0.00583959 0.00374245 0.00182257 -0.00206471 -0.00598115 0.00110257 -0.000261864 -0.0080191 -0.00604071 0.00109316 -0.00417634
internal_weight=539.261 528.468 195.618 168.487 149.583 137.787 332.85 148.824 184.026 172.653 134.842 122.087 163.076 75.6772
internal_count=2674 2553 927 777 692 637 1626 744 882 827 670 601 778 366
is_linear=0
shrinkage=0.03


Tree=59
num_leaves=15
num_cat=0
split_feature=2 6 5 3 2 6 9 3 3 1 2 9 9 4
split_gain=7.94905 5.84283 5.89216 5.69826 6.27218 6.40607 6.05359 6.34343 5.22332 6.88442 6.72012 6.20405 5.00466 5.3674
threshold=5.9668568166016618 -3.7909253189356829 1.5000000000000002 0.13840072969701972 4.4645006473524393 -0.59227887026412041 -2.3413870868054079 0.15335378322382667 0.11288840594485838 177.87470281983568 4.3165666580327935 -0.89840407627187091 2.5276140785390808 0.34765097715127646
decision_type=2 2 2 2 2 2 2 2 2 2 2 2 2 2
left_child=1 -1 3 8 6 -6 -5 -8 9 11 -11 -3 13 -7
right_child=-2 2 -4 4 5 12 7 -9 -10 10 -12 -13 -14 -15
leaf_value=-0.012857094057967576 -0.026696977082905585 -0.0077251528469585882 0.0052586104439013631 -0.026706552201815153 0.035858487050344119 0.011963338471124909 0.028566294788352781 -0.00078446126211511636 -0.018754387531767832 -0.02874646973386305 -0.0012712456033252926 0.0080810861486505445 0.025806732676044723 -0.020511820465178843
leaf_weight=29.110102288424969 10.071200609207152 41.022506609559059 182.793412104249 7.6168289333581916 8.6744282990694028 10.34654706716538 7.0109156668186179 121.07793734967709 23.686319515109062 16.37123454362154 15.690932169556616 49.097599104046822 8.1337855160236341 8.2189055532217008
leaf_count=151 140 209 847 38 42 47 33 580 118 86 79 232 34 38
internal_value=-0.000294665 0.000208128 0.000969181 -0.00150466 0.00220967 0.0134607 -0.000723067 0.000822046 -0.00586095 -0.00336142 -0.0153003 0.000886115 0.00618373 -0.00241338
internal_weight=538.923 528.851 499.741 316.948 171.079 35.3737 135.706 128.089 145.869 122.182 32.0622 90.1201 26.6992 18.5655
internal_count=2674 2534 2383 1536 812 161 651 613 724 606 165 441 119 85
is_linear=0
shrinkage=0.03


Tree=60
num_leaves=15
num_cat=0
split_feature=2 9 2 1 1 5 5 8 1 3 2 9 1 4
split_gain=7.61055 4.44899 6.42466 6.23415 7.00095 5.91454 10.8443 8.03286 12.414 8.43566 8.27943 6.11854 6.07555 5.58777
threshold=5.8421117616699698 2.7165334807986796 4.2964491377440224 130.31007126303422 132.14855255947001 1.5000000000000002 1.0000000180025095e-35 0.10614155749857869 185.44639116305586 0.024096385540722371 4.477974596682686 -2.5041362728166177 276.86843707203587 -0.25561695166684911
decision_type=2 2 2 2 2 2 2 2 2 2 2 2 2 2
left_child=1 3 -3 -1 -5 6 7 9 -9 -6 13 -8 -7 -11
right_child=-2 2 -4 4 5 12 11 8 -10 10 -12 -13 -14 -15
leaf_value=0.0049279421678979562 -0.024566649281310592 -0.0078481710001002715 0.026863928528542493 -0.026292188993562959 0.029246102965618626 0.0056285051178943755 0.012340961714850508 0.02566959391063478 -0.01203158119914528 -0.02652144371932157 0.012286714499276354 -0.014282839606356301 -0.024015391327259585 -0.0053795279302606787
leaf_weight=172.19966278970242 10.807170443236826 7.474913731217387 13.403858020901678 10.438822358846663 6.3119396865367881 112.05515787005424 8.5427749156951887 24.558389365673065 11.560654774308203 17.822778105735772 15.079564638435839 85.740544565021992 6.5882373079657546 30.513190314173706
leaf_count=811 147 34 56 50 32 526 41 109 53 97 75 429 35 156
internal_value=0.00035209 0.000867706 0.0144365 0.000302702 -0.0021166 -0.00132493 -0.00447128 0.00211964 0.0136025 -0.00382854 -0.00712056 -0.0118705 0.00398239 -0.0131751
internal_weight=533.098 522.29 20.8788 501.412 329.212 318.773 200.13 105.847 36.119 69.7275 63.4155 94.2833 118.643 48.336
internal_count=2651 2504 90 2414 1603 1553 992 522 162 360 328 470 561 253
is_linear=0
shrinkage=0.03


Tree=61
num_leaves=15
num_cat=0
split_feature=2 9 2 1 1 5 5 8 1 3 2 9 1 8
split_gain=7.3049 4.17613 6.00964 5.86221 6.66518 5.57441 10.2619 7.53658 11.5941 7.87525 7.82362 5.79091 5.75571 5.32525
threshold=5.8421117616699698 2.7165334807986796 4.2964491377440224 130.31007126303422 132.14855255947001 1.5000000000000002 1.0000000180025095e-35 0.10614155749857869 185.44639116305586 0.024096385540722371 4.477974596682686 -2.5041362728166177 276.86843707203587 0.22834404155344704
decision_type=2 2 2 2 2 2 2 2 2 2 2 2 2 2
left_child=1 3 -3 -1 -5 6 7 9 13 -6 -11 -8 -7 -9
right_child=-2 2 -4 4 5 12 11 8 -10 10 -12 -13 -14 -15
leaf_value=0.0047715641325238711 -0.024327198011668653 -0.0076295937811400056 0.025939127939077086 -0.025771074416831272 0.028009130011527057 0.0054490457684852672 0.011914509836918151 0.041031060565521492 -0.011717243747142907 -0.012864925532590544 0.01185956592133372 -0.013939241878888516 -0.023547780250487437 0.012838990267252971
leaf_weight=172.5031490623951 10.589445214718578 7.4586382955312756 13.46433913707733 10.332037299871443 6.3917217999696723 112.2698972299695 8.5824699550867063 10.426601216197016 11.515363663434981 48.024232253432274 15.152868412435053 85.226294629275799 6.5185587853193274 14.301100149750708
leaf_count=811 147 34 56 50 32 526 41 46 53 253 75 429 35 63
internal_value=0.000340704 0.000840964 0.0139725 0.000292825 -0.00205734 -0.00128786 -0.00434991 0.00205462 0.0131473 -0.0037243 -0.00693482 -0.0115739 0.00385783 0.0247264
internal_weight=532.757 522.167 20.923 501.244 328.741 318.409 199.621 105.812 36.2431 69.5688 63.1771 93.8088 118.788 24.7277
internal_count=2651 2504 90 2414 1603 1553 992 522 162 360 328 470 561 109
is_linear=0
shrinkage=0.03


Tree=62
num_leaves=15
num_cat=0
split_feature=1 6 9 9 9 9 8 0 0 9 9 0 1 1
split_gain=5.91699 8.66836 6.14948 4.68199 7.44138 4.73046 4.60703 4.80808 4.15972 4.38419 3.75815 3.56957 3.33317 6.09381
threshold=199.38270971716938 1.7409591297158544 2.7165334807986796 2.215944335635792 2.3722815623202869 2.1468314844691041 0.061758724490308739 42.090812582531974 32.310681622377437 -2.529609643412511 2.7652903040139525 61.524468674358793 130.31007126303422 132.14855255947001
decision_type=2 2 2 2 2 2 2 2 2 2 2 2 2 2
left_child=3 6 -3 5 -5 12 7 8 9 -2 -6 -9 -1 -14
right_child=1 2 -4 4 10 -7 -8 11 -10 -11 -12 -13 13 -15
leaf_value=0.0045586418537793827 0.01686158776135668 -0.025812100132315285 0.0049331822177518655 0.035819843475016509 -0.0057659850332047353 -0.023843420816188596 0.020272489639422957 -0.029417923318586416 0.020729449580198407 -0.009715634089168106 0.018214821341478275 -0.0012792524509617573 -0.024120645554971013 2.7244474109843563e-05
leaf_weight=167.62873505800962 7.5667859390377989 25.660137992352247 7.5858515650033942 9.0580791234970075 14.477884307503702 6.8253062367439261 8.7994456365704519 8.9810636527836341 8.8672616370022279 21.341213282197717 9.9055479615926725 7.4010669551789752 9.8284209296107274 218.47848483920097
leaf_count=791 38 176 37 39 63 31 43 58 47 114 42 56 49 1067
internal_value=0.000329759 -0.00640467 -0.0187968 0.00181501 0.0126013 0.000919417 0.000139344 -0.00313187 0.00275466 -0.00275894 0.003976 -0.0167055 0.00134629 -0.0010123
internal_weight=532.405 96.2028 33.246 436.202 33.4415 402.761 62.9568 54.1574 37.7753 28.908 24.3834 16.3821 395.936 228.307
internal_count=2651 569 213 2082 144 1938 356 313 199 152 105 114 1907 1116
is_linear=0
shrinkage=0.03


Tree=63
num_leaves=15
num_cat=0
split_feature=1 6 9 9 9 9 8 0 0 9 9 0 6 4
split_gain=5.58463 8.25271 5.8916 4.3919 6.92458 4.48301 4.30816 4.56721 3.88122 4.11784 3.52561 3.44744 3.25271 3.1246
threshold=199.38270971716938 1.7409591297158544 2.7165334807986796 2.215944335635792 2.3722815623202869 2.1468314844691041 0.061758724490308739 42.090812582531974 32.310681622377437 -2.529609643412511 2.7652903040139525 61.524468674358793 -4.2806954446653345 -0.038420395373344428
decision_type=2 2 2 2 2 2 2 2 2 2 2 2 2 2
left_child=3 6 -3 5 -5 12 7 8 9 -2 -6 -9 13 -1
right_child=1 2 -4 4 10 -7 -8 11 -10 -11 -12 -13 -14 -15
leaf_value=-0.029523787105690331 0.016240054142663524 -0.025342290055723873 0.0047799012862680826 0.034488915152927381 -0.0056007063867283347 -0.023309858962651666 0.019518019835433047 -0.029000975287500116 0.0199400548662662 -0.0094654872733044206 0.017610495943963595 -0.0012418491001953064 0.0018186773637743259 -0.00054927171737214329
leaf_weight=5.9048454836010933 7.6198598742485038 25.35640124976635 7.5941106006503096 9.1243569105863553 14.45827938616276 6.7728921025991431 8.8643866851925832 8.8390396386384982 8.9406071677803975 21.249458469450477 9.9376039505004865 7.3953474462032309 382.46633855253458 7.7409910857677442
leaf_count=33 38 176 37 39 63 31 43 58 47 114 42 56 1834 40
internal_value=0.000319255 -0.00623741 -0.0184 0.00175947 0.0121932 0.000891377 0.000133165 -0.00304635 0.00266826 -0.00268068 0.00385432 -0.0163557 0.00130518 -0.0130872
internal_weight=532.265 95.8592 32.9505 436.405 33.5202 402.885 62.9087 54.0443 37.8099 28.8693 24.3959 16.2344 396.112 13.6458
internal_count=2651 569 213 2082 144 1938 356 313 199 152 105 114 1907 73
is_linear=0
shrinkage=0.03


Tree=64
num_leaves=15
num_cat=0
split_feature=2 9 2 2 4 2 5 5 8 2 0 8 8 9
split_gain=6.69567 3.58395 5.65545 3.36773 3.39144 4.45688 4.00857 9.31921 7.55347 7.32245 9.4507 6.33383 9.6766 6.18096
threshold=5.8421117616699698 2.7165334807986796 4.2964491377440224 4.9008961278092942 1.1788855310017248 2.2313089446627652 1.0000000180025095e-35 1.5000000000000002 -0.013540498063609034 4.1681369836678561 25.569784730419869 0.10614155749857869 0.29157587281563874 1.7520358803786267
decision_type=2 2 2 2 2 2 2 2 2 2 2 2 2 2
left_child=1 3 -3 4 5 -1 11 8 -8 10 -10 -7 -13 -14
right_child=-2 2 -4 -5 -6 6 7 -9 9 -11 -12 12 13 -15
leaf_value=-0.014577900543224168 -0.023837611231552348 -0.0080250960923191044 0.024477248369633692 -0.011974081480931931 0.0064145154507901309 -0.00034668581056939785 0.0012686454875563595 0.0037612397394027886 -0.037543995282927491 -0.025057095264980483 0.00099531097916009253 0.024560377748149471 0.008984950058881256 -0.025371373344106263
leaf_weight=18.905271835625172 10.138295251876114 7.4791393727064159 13.542192205786703 19.436579495668411 79.741087108850479 90.250392645597458 47.536495134234428 124.15445500612259 6.9251774102449408 31.237029135227203 33.088089525699615 28.169881671667099 14.521830484271051 6.9772314578294745
leaf_count=105 147 34 56 102 365 452 236 578 35 155 164 126 65 31
internal_value=0.000309122 0.000778132 0.0129133 0.000268899 0.0007631 -0.000358573 0.000343563 -0.00198605 -0.00799304 -0.0141722 -0.00567477 0.00438846 0.0129924 -0.00216493
internal_weight=532.103 521.965 21.0213 500.944 481.507 401.766 382.861 242.941 118.787 71.2503 40.0133 139.919 49.6689 21.4991
internal_count=2651 2504 90 2414 2312 1947 1842 1168 590 354 199 674 222 96
is_linear=0
shrinkage=0.03


Tree=65
num_leaves=15
num_cat=0
split_feature=9 2 9 4 2 2 6 2 9 1 9 6 2 1
split_gain=7.6812 5.67124 8.50376 4.69154 7.53608 5.45213 5.74709 6.79926 6.16589 8.42112 5.05031 3.89699 3.64389 3.61153
threshold=1.5039596151846466 4.8756169652135251 -2.5041362728166177 -0.067946555010022683 4.0768595621641524 2.8823191694033015 -0.20349089181255717 4.3092222995428981 2.9613846461717865 196.74267009426782 1.6741941881983473 2.4540112370303269 4.5340595458878594 114.19030302959948
decision_type=2 2 2 2 2 2 2 2 2 2 2 2 2 2
left_child=1 13 -3 4 11 -5 -7 -8 9 -9 -6 -2 -12 -1
right_child=3 2 -4 5 10 6 7 8 -10 -11 12 -13 -14 -15
leaf_value=0.0053105913002969539 0.0048783128521309007 0.0068750147530629406 -0.029269084765069571 -0.021180323073148006 0.013563974573591238 0.03551893531301234 0.019107165861431536 0.0058683999440376214 0.027208758615668363 -0.022796756867525185 -0.018710021068689995 0.034254661944359735 0.0028629328947879463 -0.0023760254375968216
leaf_weight=68.611774832010269 10.82639552652836 9.396198548376562 15.55956809222698 4.908136472105979 8.2432934641838056 8.0480521917343122 36.906001821160316 36.142673656344414 7.851337455213069 12.384112469851969 24.742564991116524 6.5068844854831687 9.8528535813093168 277.55780919641256
leaf_count=326 54 47 173 22 38 33 156 154 36 56 120 31 45 1383
internal_value=0.000553151 -0.00184825 -0.0156603 0.00590864 -0.000784557 0.00969951 0.0111952 0.00909669 0.00254367 -0.00144699 -0.0075379 0.0159061 -0.012566 -0.000852517
internal_weight=537.538 371.125 24.9558 166.412 60.172 106.24 101.332 93.2841 56.3781 48.5268 42.8387 17.3333 34.5954 346.17
internal_count=2674 1929 220 745 288 457 435 402 246 210 203 85 165 1709
is_linear=0
shrinkage=0.03


Tree=66
num_leaves=15
num_cat=0
split_feature=9 2 9 1 1 1 0 0 6 8 2 8 6 1
split_gain=7.22373 5.418 8.22579 4.48023 6.42375 6.32433 5.72628 3.81172 3.45131 6.54339 3.69328 7.06164 8.9045 5.23223
threshold=1.5039596151846466 4.8756169652135251 -2.5041362728166177 196.01774191214139 222.79708247803228 186.91155010545793 29.294554265337904 28.049218760590069 -3.9449057624565933 -0.17631933969241506 4.4412635767301589 -0.038544433009777265 -2.2593627429703873 137.12143858775065
decision_type=2 2 2 2 2 2 2 2 2 2 2 2 2 2
left_child=1 8 -3 5 7 -2 -6 -5 9 -1 -10 12 -12 -13
right_child=3 2 -4 4 6 -7 -8 -9 10 -11 11 13 -14 -15
leaf_value=-0.027244684395082076 0.0066058061241071869 0.006651449576739612 -0.029012810473684383 -0.0021023401476147337 -0.0065488048428622115 0.032236733565134172 0.02386925898550429 -0.029811960988577101 -0.0014248935317677273 0.0090802582319494188 0.0050137975428410303 -0.022130460355134284 0.045753174942961869 0.006341821066853816
leaf_weight=11.627896741032602 116.89418967068195 9.420284718275072 15.231079507619141 8.6661711633205432 11.865395948290827 9.3577968627214414 10.498049199581144 9.2227023690938932 279.44480026513338 7.2432334125041953 12.258425548672678 8.3372745364904421 7.966740369796752 19.153411284089088
leaf_count=58 515 47 173 39 54 42 52 43 1384 39 58 40 37 93
internal_value=0.000536192 -0.00179539 -0.0153841 0.00572691 -0.00298839 0.00850557 0.00773032 -0.0163882 -0.00082733 -0.0133022 -0.000107759 0.00760596 0.0210611 -0.00229315
internal_weight=537.187 370.683 24.6514 166.504 40.2523 126.252 22.3634 17.8889 346.032 18.8711 327.161 47.7159 20.2252 27.4907
internal_count=2674 1929 220 745 188 557 106 82 1709 97 1612 228 95 133
is_linear=0
shrinkage=0.03


Tree=67
num_leaves=15
num_cat=0
split_feature=9 2 9 4 2 0 8 0 9 1 2 2 1 9
split_gain=6.79036 5.17493 7.95687 4.41398 7.0333 6.85352 6.70117 5.92053 4.7345 3.87485 3.47524 3.53004 3.42805 4.07711
threshold=1.5039596151846466 4.8756169652135251 -2.5041362728166177 -0.067946555010022683 4.0768595621641524 25.859604399712811 0.12238384243254501 27.138456250507016 1.6741941881983473 191.0854864984118 4.5340595458878594 4.4287611819842541 114.19030302959948 -0.89840407627187091
decision_type=2 2 2 2 2 2 2 2 2 2 2 2 2 2
left_child=1 12 -3 4 -2 6 -5 9 -6 -7 11 -10 13 -1
right_child=3 2 -4 5 8 7 -8 -9 10 -11 -12 -13 -14 -15
leaf_value=0.014260734778598474 0.015092418365164291 0.0064358138359611062 -0.028758220666332587 0.046768105030294951 0.012845823256981328 0.0017582221367185116 0.0098389302123573687 0.011090993122769611 -0.011836006380777482 -0.02247429597138767 0.0026443289588496443 -0.038025569667315379 -0.0022901988633884937 -0.00069625842654824481
leaf_weight=27.063241332769394 17.481431871652603 9.4434787034988421 14.90981189906597 7.9124963581562069 8.3030909150838834 19.645520016551021 10.025941327214239 60.373152203857899 18.420868888497356 8.5120005905628187 9.8769445419311506 6.1879307627677909 277.19127555936575 41.638186499476433
leaf_count=127 85 47 173 33 38 83 42 261 90 38 45 30 1383 199
internal_value=0.000519466 -0.00174445 -0.015111 0.00554651 -0.000940996 0.00921897 0.0261281 0.00579277 -0.00749147 -0.00556725 -0.0123881 -0.0184214 -0.000803348 0.00519568
internal_weight=536.985 370.246 24.3533 166.739 60.2703 106.469 17.9384 88.5307 42.7888 28.1575 34.4857 24.6088 345.893 68.7014
internal_count=2674 1929 220 745 288 457 75 382 203 121 165 120 1709 326
is_linear=0
shrinkage=0.03


Tree=68
num_leaves=15
num_cat=0
split_feature=9 2 9 4 2 0 0 9 1 2 2 1 9 9
split_gain=6.38522 4.94227 7.69662 4.14363 6.60159 6.4066 5.55811 4.46922 3.67393 3.30844 3.41802 3.22289 3.81006 6.30705
threshold=1.5039596151846466 4.8756169652135251 -2.5041362728166177 -0.067946555010022683 4.0768595621641524 25.859604399712811 27.138456250507016 1.6741941881983473 191.0854864984118 4.5340595458878594 4.4287611819842541 114.19030302959948 -0.89840407627187091 -0.60330809361796145
decision_type=2 2 2 2 2 2 2 2 2 2 2 2 2 2
left_child=1 11 -3 4 -2 -5 8 -6 -7 10 -9 12 -1 -14
right_child=3 2 -4 5 7 6 -8 9 -10 -11 -12 -13 13 -15
leaf_value=0.013761905733636554 0.014551777251409223 0.0062277794297293165 -0.028505147753585487 0.025239367154182586 0.012405818326452153 0.0017048548133695857 0.010733889313187967 -0.011537731225622063 -0.021942781752466254 0.002562809851260903 -0.037475887466389413 -0.0022236363367843731 -0.025968653854314697 0.0047156892654345306
leaf_weight=27.200737744569778 17.585370615124702 9.465817369520666 14.595682650804518 18.0112374573946 8.3390937298536283 19.652563989162449 60.508144780993462 18.331548005342487 8.457472696900366 9.8852523267269117 6.0917901396751395 276.9281612560153 7.3139128535985938 34.313360989093781
leaf_count=127 85 47 173 75 38 83 261 90 38 45 30 1383 36 163
internal_value=0.000503492 -0.00169455 -0.0148412 0.00537503 -0.000915013 0.00892816 0.00561298 -0.0072926 -0.00541001 -0.0120805 -0.0180074 -0.000779668 0.00503011 -0.00067555
internal_weight=536.68 369.818 24.0615 166.862 60.2331 106.629 88.6182 42.6477 28.11 34.3086 24.4233 345.756 68.828 41.6273
internal_count=2674 1929 220 745 288 457 382 203 121 165 120 1709 326 199
is_linear=0
shrinkage=0.03


Tree=69
num_leaves=15
num_cat=0
split_feature=9 1 6 7 5 6 4 8 1 8 9 0 8 9
split_gain=6.00529 4.62196 9.51313 4.41272 4.74275 4.25706 5.02483 4.21458 4.40832 5.38154 8.30722 5.32947 5.52792 5.03867
threshold=1.5039596151846466 164.36445126393099 1.383602628325201 1.0000000180025095e-35 1.5000000000000002 -2.4402182592076449 -0.1910875081996061 0.31416962583112645 114.19030302959948 -0.049037603222341991 -1.0524000889150265 28.620635825805277 -0.11925212327730771 -0.99818211657013522
decision_type=2 2 2 2 2 2 2 2 2 2 2 2 2 2
left_child=1 3 5 4 -1 -3 -7 8 13 10 11 12 -10 -5
right_child=-2 2 -4 7 -6 6 -8 -9 9 -11 -12 -13 -14 -15
leaf_value=0.00021932669594058857 0.0052096589901092219 -0.011171289056825679 -0.025491373203100777 0.016896374021111858 0.02389028290924616 -0.013137047392871439 0.0066824477494313002 0.013954493520036486 -0.0025689120692460265 -0.0099148573131737847 0.021265049414807141 0.0086591038532983205 -0.028266146098970817 -0.0016930339853011209
leaf_weight=16.234856888651848 166.96343287080526 34.579999148845673 19.851070731878281 20.769898161292076 14.352960377931597 15.149343110620974 47.959665969014168 16.091050878167152 22.418155193328854 81.022749498486519 14.972866728901861 18.993825420737267 11.347752347588541 35.642307236790657
leaf_count=81 745 212 164 96 67 89 240 71 111 405 73 91 58 171
internal_value=0.000488006 -0.00164619 -0.00655831 0.00064636 0.0113266 -0.00271098 0.00192477 -0.00083013 -0.00198967 -0.0046977 0.00154314 -0.00405381 -0.011205 0.00515123
internal_weight=536.35 369.387 117.54 251.846 30.5878 97.689 63.109 221.259 205.168 148.755 67.7326 52.7597 33.7659 56.4122
internal_count=2674 1929 705 1224 148 541 329 1076 1005 738 333 260 169 267
is_linear=0
shrinkage=0.03


Tree=70
num_leaves=15
num_cat=0
split_feature=0 0 3 2 2 0 8 1 9 0 2 9 3 8
split_gain=5.44006 4.69181 7.22173 6.19749 6.87688 6.63052 5.38751 8.05527 5.20808 6.23197 8.30649 5.52218 5.20265 3.74195
threshold=25.102480437944525 46.500187582049612 0.25637414227139416 3.3757491142744729 4.8756169652135251 37.495179481190526 0.27032759824456187 159.76978382773225 -2.4039048661994822 25.842430527409711 4.0768595621641524 2.6820416447144217 0.039594356259990963 0.51435364378766424
decision_type=2 2 2 2 2 2 2 2 2 2 2 2 2 2
left_child=-1 2 3 -2 5 -5 7 12 -4 10 -10 13 -3 -11
right_child=1 6 8 4 -6 -7 -8 -9 9 11 -12 -13 -14 -15
leaf_value=0.019596859538510179 -0.01636547430669132 0.020069977664626076 0.026552120824674487 -0.0013976705299436208 -0.020376835557352545 0.015468227358402972 0.013806811692487382 -0.020445654350076895 0.035456719671184883 0.0006243297734989967 6.9736615144700339e-05 0.026962448889155777 -0.005930193550560214 -0.022315813664788263
leaf_weight=11.536176815629004 26.09344332665205 8.0620187036693078 10.355210788547991 227.48333956301212 15.591135427355765 23.109462216496468 10.128443554043768 35.578875005245209 12.107485547661783 78.631806787103415 11.777003735303877 6.739232935011386 49.17803618684411 6.966504178941249
leaf_count=54 134 40 49 1084 116 107 46 247 54 369 51 29 249 31
internal_value=-0.000780298 -0.0012308 0.000179506 -0.00241282 -0.00104508 0.000157689 -0.00696883 -0.00923588 0.00616541 0.00434899 0.018008 0.000815867 -0.00226818 -0.00124268
internal_weight=533.338 521.802 418.855 292.277 266.184 250.593 102.947 92.8189 126.577 116.222 23.8845 92.3375 57.2401 85.5983
internal_count=2660 2606 2024 1441 1307 1191 582 536 583 534 105 429 289 400
is_linear=0
shrinkage=0.03


Tree=71
num_leaves=15
num_cat=0
split_feature=4 2 0 4 3 8 8 2 8 4 2 3 3 2
split_gain=5.13726 8.00784 6.66585 5.69473 4.71405 3.56421 5.01562 13.7064 8.70005 6.53084 7.57712 4.26146 7.05681 4.15064
threshold=1.1788855310017248 2.2313089446627652 25.842430527409711 2.1234905006965739 0.20947043989255057 -0.039983518270494844 -0.090864797810990425 4.4547783391938767 -0.11705704479290413 -0.11823041208886594 3.9999999966262485 0.30089097587469865 0.23809523807444857 4.0855063657251689
decision_type=2 2 2 2 2 2 2 2 2 2 2 2 2 2
left_child=1 -1 -2 -4 -5 6 8 9 11 10 -8 12 -3 -7
right_child=2 5 3 4 -6 13 7 -9 -10 -11 -12 -13 -14 -15
leaf_value=-0.021709755465811841 0.022471236804760483 0.003812923387765595 0.010742184558794519 -0.014120954446812516 0.0040815995313698535 0.00093153576694309859 0.037568041302373296 0.045216164011568492 -0.021073446075423195 -0.012109148084194067 -0.0017933007579863248 0.014528550168766035 -0.023757325388586586 -0.0065116603856752546
leaf_weight=18.174732767045498 16.832601472735405 44.499657947570086 37.67000550404191 24.526386864483356 26.792840979993343 118.28160870075226 7.5717966854572323 8.5286355242133123 16.373721718788147 14.955689862370489 10.512717083096502 21.008336380124092 10.286966770887373 156.83077933266759
leaf_count=102 75 226 191 151 146 563 39 42 82 72 53 98 53 767
internal_value=-0.000758371 -0.00222475 0.00515895 0.00188427 -0.00461773 -0.00135858 0.00265886 0.0113098 -0.0012428 0.00255762 0.0146869 0.00304115 -0.00136378 -0.00331154
internal_weight=532.846 427.025 105.822 88.9892 51.3192 408.85 133.738 41.5688 92.1687 33.0402 18.0845 75.795 54.7866 275.112
internal_count=2660 2097 563 488 297 1995 665 206 459 164 92 377 279 1330
is_linear=0
shrinkage=0.03


Tree=72
num_leaves=15
num_cat=0
split_feature=4 2 6 2 4 9 6 4 1 4 3 2 2 1
split_gain=4.83286 7.63572 6.08978 6.31722 5.40082 8.53378 6.01953 3.94399 3.73487 3.68229 4.31466 3.36388 4.15382 3.30342
threshold=1.1788855310017248 2.2313089446627652 3.9354971599513409 4.6587524788993635 2.1234905006965739 -3.1467272220979008 -0.87536894141360866 1.2695952409516631 151.70476240171033 4.3100588649643141 0.20947043989255057 4.826477265739201 4.7186384224662632 129.2513404443491
decision_type=2 2 2 2 2 2 2 2 2 2 2 2 2 2
left_child=1 -1 4 -4 7 -6 8 -2 -7 10 -8 12 -3 -9
right_child=2 11 3 -5 5 6 9 13 -10 -11 -12 -13 -14 -15
leaf_value=-0.021298969513633269 0.037792449367486151 -0.001198599713394181 0.0078860111262523108 -0.03221610716453744 0.037184932422618243 0.0039702936026062754 -0.00032829889095952933 0.027464530093921267 -0.026089718922398048 -0.013724395691541373 0.02730402547033875 -0.014023856730037634 0.019955367237047893 0.0065419562074227793
leaf_weight=17.972593359649181 6.2364223003387442 382.14742133021355 6.6938928514718992 7.4925261288881302 5.294503577053546 5.3729855753481379 11.411049358546743 9.1451395414769632 12.091458048671482 6.6269055530428878 9.1748429425060731 17.933880351483822 8.5409383773803693 26.391145959496498
leaf_count=102 28 1835 29 79 25 26 54 42 71 33 42 121 39 134
internal_value=-0.000736923 -0.00216108 0.00499829 -0.0132938 0.0078268 0.00117184 -0.00309591 0.015788 -0.0168417 0.00572575 0.011987 -0.00131933 -0.000736147 0.0119263
internal_weight=532.526 426.595 105.931 14.1864 91.7445 49.9717 44.6772 41.7727 17.4644 27.2128 20.5859 408.622 390.688 35.5363
internal_count=2660 2097 563 108 455 251 226 204 97 129 96 1995 1874 176
is_linear=0
shrinkage=0.03


Tree=73
num_leaves=15
num_cat=0
split_feature=0 3 2 2 4 4 4 9 2 0 0 3 8 8
split_gain=5.01196 4.70331 4.41527 4.51536 3.94443 4.53687 3.94369 3.7425 11.4262 5.07413 6.33243 3.87453 3.40194 6.28962
threshold=25.190084981370003 0.12558139534300103 2.2313089446627652 5.4877058822079894 1.1788855310017248 1.2695952409516631 1.2067170955782769 1.125319514565426 4.3190550835026462 48.633510119682121 30.646309120904093 0.1875334941013653 -0.039983518270494844 -0.090864797810990425
decision_type=2 2 2 2 2 2 2 2 2 2 2 2 2 2
left_child=1 -1 6 4 12 -6 -2 9 -9 10 11 -7 13 -4
right_child=2 -3 3 -5 5 7 -8 8 -10 -11 -12 -13 -14 -15
leaf_value=-0.0029688120569669116 -0.021094579947584843 0.025570421537855131 -0.0020094631513170942 -0.018901115572228143 0.029028126655447732 -0.017143533288143633 0.0050679771371023741 0.032182365662196108 -0.0036553725589977375 -0.026209901689646174 0.021217704586788864 0.0048004356663957299 -0.0034857392442924321 0.012344244293129188
leaf_weight=8.9855316393077391 17.961221650242809 12.326677680015562 87.472313240170479 11.932340428233145 6.8324555009603491 13.373500123620035 7.2900967821478835 13.753474175930021 19.163080036640167 6.6228026375174514 11.269138693809508 15.793480366468428 259.26456088572741 40.056937620043755
leaf_count=45 103 55 436 166 30 63 41 57 80 39 50 71 1229 195
internal_value=-0.000716045 0.0135379 -0.00131078 -0.0006747 -0.000215487 0.0055637 -0.0135414 0.00355909 0.0113187 -0.00186853 0.0021182 -0.0052612 -0.00151251 0.00249904
internal_weight=532.098 21.3122 510.785 485.534 473.602 86.8079 25.2513 79.9755 32.9166 47.0589 40.4361 29.167 386.794 127.529
internal_count=2660 100 2560 2416 2250 390 144 360 137 223 184 134 1860 631
is_linear=0
shrinkage=0.03


Tree=74
num_leaves=15
num_cat=0
split_feature=0 3 2 2 0 3 6 0 9 0 3 9 2 4
split_gain=4.81893 5.55693 5.98772 6.80676 5.51482 5.06736 4.88867 4.85641 4.66728 5.51811 7.22776 5.20019 5.01708 3.92179
threshold=46.500187582049612 0.25637414227139416 3.3757491142744729 4.8756169652135251 37.495179481190526 0.33152882571808501 3.2548453259993235 25.102480437944525 -2.4039048661994822 25.842430527409711 0.32434640521772184 2.6820416447144217 4.0958289871167848 0.70722045143591694
decision_type=2 2 2 2 2 2 2 2 2 2 2 2 2 2
left_child=1 2 13 4 7 6 -2 -4 -3 10 -10 -11 -12 -1
right_child=5 8 3 -5 -6 -7 -8 -9 9 11 12 -13 -14 -15
leaf_value=-0.022800711693813574 -0.0010448195394190116 0.025116374896061729 0.021021544899646357 -0.019695381476719623 0.014876959836703688 -0.019763730240953639 -0.028657051436013988 -0.0013121885317827829 -0.002683223263526502 -0.0012247348568426139 0.048573061277976122 0.026127039073667296 0.014119062814357826 0.0024549426250393895
leaf_weight=18.400382623076442 74.913402017205954 10.465994365513323 9.1143285334110242 15.261850055307148 23.202257990837097 20.815082583576441 6.2523540034890166 227.09540368616581 10.549723401665689 85.486228678375483 6.8923901319503775 6.7498670518398276 8.4882747381925565 7.9134686887264243
leaf_count=98 404 49 43 116 107 117 61 1084 47 400 30 29 36 39
internal_value=-0.000695821 0.000695799 -0.00153468 -0.000225007 0.000920483 -0.00655838 -0.00317184 -0.000450425 0.0059149 0.00421422 0.0164411 0.000776877 0.0295586 -0.0152055
internal_weight=531.601 429.62 300.988 274.674 259.412 101.981 81.1658 236.21 128.632 118.166 25.9304 92.2361 15.3807 26.3139
internal_count=2660 2078 1487 1350 1234 582 465 1127 591 542 113 429 66 137
is_linear=0
shrinkage=0.03


Tree=75
num_leaves=15
num_cat=0
split_feature=6 2 2 2 6 8 1 2 8 6 3 6 8 6
split_gain=4.81852 4.60473 3.08959 6.71072 2.96174 5.04952 2.96417 5.25264 8.17231 9.17316 9.05756 5.62167 6.16166 5.16939
threshold=4.0327960181684759 4.8123301028301482 3.8694261773131022 4.1681369836678561 -4.4313443247817501 -0.096522764443040643 204.40605464703427 4.4113590638274633 -0.036979230244522099 -1.6100118932745009 0.1875334941013653 -0.31036368562441768 1.0000000180025095e-35 1.7409591297158544
decision_type=2 2 2 2 2 2 2 2 2 2 2 2 2 2
left_child=4 2 -2 -4 5 -1 7 11 9 -9 -10 12 -6 -8
right_child=1 -3 3 -5 6 -7 13 8 10 -11 -12 -13 -14 -15
leaf_value=0.0002496810997908 -0.022055010278185305 -0.029218986743467949 0.023884551725181825 -0.01014689388776711 -0.0030381171302789503 -0.032379954035980263 0.00033273917660104024 0.010833121407192203 -0.0071126622150533628 0.048093744843984092 0.016166791274939706 0.0035387970174214482 -0.030589901158274271 -0.01776244501559545
leaf_weight=11.968094680458309 7.3754198849201194 9.0550360232591611 7.4482971280813244 17.392163053154945 131.07847042381763 6.6347064301371566 48.750559575855732 22.107723243534569 38.844442203640938 8.1345068067312223 24.548068035393953 172.30266749858856 7.736528515815734 20.05351547896862
leaf_count=63 34 111 33 79 653 66 257 105 186 35 109 808 39 99
internal_value=-0.000471475 -0.0103177 -0.00500505 5.72777e-05 0.000354198 -0.0113877 0.000815457 0.00179404 0.00802363 0.0208554 0.00190206 -8.08287e-05 -0.00457365 -0.00494125
internal_weight=533.43 41.2709 32.2159 24.8405 492.159 18.6028 473.556 404.752 93.6347 30.2422 63.3925 311.118 138.815 68.8041
internal_count=2677 257 146 112 2420 129 2291 1935 435 140 295 1500 692 356
is_linear=0
shrinkage=0.03


Tree=76
num_leaves=15
num_cat=0
split_feature=6 9 8 0 9 9 9 1 3 3 3 1 0 9
split_gain=4.56058 3.88669 5.22878 3.67243 3.4611 5.28668 5.79663 3.57223 3.9765 5.26862 6.95942 3.13701 6.03184 2.95837
threshold=4.0327960181684759 0.59182000055143591 0.10246223701191944 26.141951629635042 1.8766022207920243 2.064877977757007 2.215944335635792 199.38270971716938 0.087378640772457467 0.16406970534893947 0.27706523455459497 138.63265566546886 27.797844012662008 1.7395305288505543
decision_type=2 2 2 2 2 2 2 2 2 2 2 2 2 2
left_child=4 -2 -3 -4 13 11 -7 8 -8 -10 -11 -6 -13 -1
right_child=1 2 3 -5 5 6 7 -9 9 10 -12 12 -14 -15
leaf_value=-0.00020750351642677311 -0.03016029315788173 0.021392295261435212 -0.02865934835256875 -0.0043963229134034972 0.0023611580965418226 -0.01533781307383289 -0.007436982363529983 -0.0047074397455267522 0.039106438117658217 -0.010789408415553293 0.025971262854167759 0.0078225188472790148 0.045268795917900992 -0.01128972367694225
leaf_weight=379.93622194975615 7.153039075434207 5.3500787131488314 7.6816512495279339 20.862884216010571 7.7087646573781994 14.577925309538839 7.435451701283454 17.907185576856136 7.2737411409616497 8.6081200987100619 10.042102754116057 8.0748696774244291 7.4372001737356177 22.990950062870979
leaf_count=1921 101 27 34 95 34 67 33 82 31 37 42 36 33 104
internal_value=-0.000458362 -0.0100653 -0.00582454 -0.0109258 0.000343161 0.00569506 0.00135458 0.00610115 0.0119032 0.0174503 0.00900416 0.0180028 0.025776 -0.000839853
internal_weight=533.04 41.0477 33.8946 28.5445 491.993 89.0654 65.8445 51.2666 33.3594 25.924 18.6502 23.2208 15.5121 402.927
internal_count=2677 257 156 129 2420 395 292 225 143 110 79 103 69 2025
is_linear=0
shrinkage=0.03


Tree=77
num_leaves=15
num_cat=0
split_feature=4 6 4 4 1 0 3 3 0 9 8 8 0 3
split_gain=4.75481 5.48499 4.31684 6.15132 5.367 4.27891 5.73168 14.2428 5.42459 4.21139 3.79839 3.38778 4.33764 3.29143
threshold=-0.93121404702395549 4.0327960181684759 1.1528093082473176 1.2385574471743122 266.87523904007645 42.395527248135615 0.065692182192923013 0.1875334941013653 28.7148540922888 0.92540675782376924 0.0082233423322595808 0.36698600232400713 26.374524950869077 0.033632456072933088
decision_type=2 2 2 2 2 2 2 2 2 2 2 2 2 2
left_child=-1 2 4 -4 -2 6 13 -8 -9 -3 -7 12 -11 -5
right_child=1 9 3 5 -6 10 7 8 -10 11 -12 -13 -14 -15
leaf_value=0.022280492160797531 -0.00078059035728263507 -0.031161343299397182 0.03438020262621836 0.0089494716278969103 -0.024247541458031634 -0.021870048187614968 -0.015669816668005595 0.0070017635161689455 0.032352089419248942 -0.016948910614153136 0.0064013096892151303 -0.024210183669973559 0.0087843649014872661 0.038621036686542709
leaf_weight=8.1589695960283262 379.48822974041104 7.8495343402028075 6.3231536298990241 6.3755106963217241 8.9787566475570184 9.8444234356284159 22.72012747079134 25.143879860639572 10.886160574853418 9.6876054704189318 7.562978994101285 7.5813889279961577 15.059829480946062 7.1248592734336853
leaf_count=39 1850 106 28 30 58 74 108 112 51 43 41 35 70 32
internal_value=-0.0004453 -0.000798731 8.46672e-05 0.00578191 -0.00132299 0.00376501 0.00698193 0.00293142 0.0146611 -0.0114502 -0.00958702 -0.00666434 -0.00128916 0.0246087
internal_weight=532.785 524.626 484.448 95.9811 388.467 89.6579 72.2505 58.7502 36.03 40.1784 17.4074 32.3288 24.7474 13.5004
internal_count=2677 2638 2384 476 1908 448 333 271 163 254 115 148 113 62
is_linear=0
shrinkage=0.03


Tree=78
num_leaves=15
num_cat=0
split_feature=4 6 9 4 4 1 2 4 9 4 3 0 2 1
split_gain=4.43825 5.1952 4.12141 4.05903 5.73394 5.11837 4.21479 7.42727 5.44571 7.58637 4.57642 5.53636 4.43297 6.5141
threshold=-0.93121404702395549 4.0327960181684759 0.92540675782376924 1.1528093082473176 1.2385574471743122 266.87523904007645 4.2500134529933433 -0.62662442371139926 -1.4643296203885849 0.11137999605892676 0.42805383019603888 68.607783511079717 4.267991961267156 142.26690394186974
decision_type=2 2 2 2 2 2 2 2 2 2 2 2 2 2
left_child=-1 3 -3 5 -5 6 8 -8 9 -2 11 -10 -9 -14
right_child=1 2 -4 4 -6 -7 7 12 10 -11 -12 -13 13 -15
leaf_value=0.021431181928481591 -0.018730204456417973 -0.030940388890105672 -0.0064767146605618229 0.033113121669151056 0.0036509098543362991 -0.023809807876753863 0.033324860530516177 0.026229083985629856 -0.0008215687612137684 0.0040291631695968154 -0.018736321476885059 0.020584181045517874 -0.0079592727093500647 0.005828113001329684
leaf_weight=8.2267769724130613 39.343196243047714 7.6711246259510508 32.272718675434589 6.3674596548080435 89.645777989178896 8.8711554408073408 7.0458355993032447 6.3446587324142447 152.8967994004488 19.822349205613136 11.675131574273108 11.707041725516317 49.968313455581665 80.571347676217556
leaf_count=39 214 106 148 28 448 58 34 30 741 98 56 57 234 386
internal_value=-0.000432891 -0.000776023 -0.0111749 8.17231e-05 0.0056048 -0.00128413 -0.000757403 0.0032869 -0.00322973 -0.0111051 -0.000586482 0.000700862 0.00174076 0.000550541
internal_weight=532.43 524.203 39.9438 484.259 96.0132 388.246 379.375 143.93 235.445 59.1655 176.279 164.604 136.884 130.54
internal_count=2677 2638 254 2384 476 1908 1850 684 1166 312 854 798 650 620
is_linear=0
shrinkage=0.03


Tree=79
num_leaves=15
num_cat=0
split_feature=4 6 4 4 0 2 4 8 8 2 6 4 4 2
split_gain=4.14491 4.92 3.81566 5.35158 4.19694 3.67579 7.33615 7.92127 7.69246 7.01036 4.72426 8.1641 5.06955 4.99658
threshold=-0.93121404702395549 4.0327960181684759 1.1528093082473176 1.2385574471743122 25.085545652214424 4.2500134529933433 -0.66302616647761392 -0.039983518270494844 -0.090864797810990425 4.4184592931257365 -0.31036368562441768 0.57769504676558314 0.12140982654733815 3.9677677394979463
decision_type=2 2 2 2 2 2 2 2 2 2 2 2 2 2
left_child=-1 2 5 -4 -5 10 -7 8 -8 -10 12 -12 -2 -14
right_child=1 -3 3 4 -6 6 7 -9 9 -11 11 -13 13 -15
leaf_value=0.020624908550746057 -0.012429230156658089 -0.010905684753705529 0.031916323560493072 0.0501065725062824 0.0026336181251507703 0.03589447829217253 0.002107877636975705 -0.0042148881776606899 0.0047543014281396572 0.042518711769515931 0.0028358500537791786 -0.023205635363652055 0.0090707638710243298 -0.015385228949883862
leaf_weight=8.2909262627363187 76.083066061139107 39.709989786148071 6.4074111655354491 1.7085624486207951 88.03643361851573 5.673494726419448 34.60934380069375 91.576774824410677 7.7660700380802181 10.280320234596728 115.11120510101318 11.96053698658943 23.916903212666512 10.96616645157337
leaf_count=39 403 254 28 7 441 28 169 440 37 48 557 56 116 54
internal_value=-0.000420972 -0.000754091 7.86356e-05 0.00542852 0.00353741 -0.00124734 0.00243247 0.00111622 0.0103879 0.0262672 -0.00356473 0.000384714 -0.00808739 0.00138255
internal_weight=532.097 523.806 484.096 96.1524 89.745 387.944 149.906 144.233 52.6557 18.0464 238.038 127.072 110.966 34.8831
internal_count=2677 2638 2384 476 448 1908 722 694 254 85 1186 613 573 170
is_linear=0
shrinkage=0.03


Tree=80
num_leaves=15
num_cat=0
split_feature=4 4 0 9 2 9 9 1 3 1 8 4 8 1
split_gain=3.64006 7.58292 6.61399 7.90632 5.31817 10.4558 7.25899 6.67095 6.10494 7.81403 5.46615 6.75298 5.30955 5.15394
threshold=-0.23048438736049967 -0.32898600900763753 25.915099035576528 1.5957910883603286 4.3136785195137692 -2.7286480360441403 2.3139082999609473 106.07812697835945 0.24048217218636134 177.87470281983568 -0.029018717474196345 -0.067946555010022683 -0.49445218660353535 225.75653526687111
decision_type=2 2 2 2 2 2 2 2 2 2 2 2 2 2
left_child=1 13 -3 -4 7 -6 10 -2 9 -8 11 -7 -9 -1
right_child=4 2 3 -5 5 6 8 12 -10 -11 -12 -13 -14 -15
leaf_value=0.0015910164709297058 -0.013595635686500287 0.014916036322413635 -0.02851102812937812 0.0046428168251054181 0.020405664292621965 0.026210473857111342 0.020673251877451275 -0.019711792577705951 0.025088901782255986 -0.019895512840984557 -0.013822759493270765 -0.0055957423566193876 0.0074179893502456153 -0.027079201504996653
leaf_weight=113.9883088581264 16.129919171333313 5.705995872616767 25.201119922101498 8.7114403992891294 16.229787260293961 7.2899631857872 7.3460999280214372 6.7247456759214392 11.644204802811144 10.21448180824518 68.01245903223753 34.15785613283515 187.93491791933775 5.9370516613125792
leaf_count=575 75 28 138 42 77 35 30 34 50 47 387 176 892 54
internal_value=0.000193553 -0.00358752 -0.0149666 -0.0199945 0.00184319 -0.00237722 -0.0050438 0.00494448 0.00824474 -0.00292442 -0.00858928 -1.57241e-06 0.00648076 0.000171662
internal_weight=525.228 159.544 39.6186 33.9126 365.684 154.895 138.665 210.79 29.2048 17.5606 109.46 41.4478 194.66 119.925
internal_count=2640 837 208 180 1803 802 725 1001 127 77 598 211 926 629
is_linear=0
shrinkage=0.03


Tree=81
num_leaves=15
num_cat=0
split_feature=4 4 0 2 1 1 3 6 6 6 2 6 2 1
split_gain=3.42982 7.20581 6.28755 4.99803 6.28216 4.93046 4.83761 5.4076 6.55945 5.6815 6.54984 5.83364 5.67604 5.16599
threshold=-0.23048438736049967 -0.32898600900763753 25.915099035576528 4.3136785195137692 106.07812697835945 225.75653526687111 0.015483300912028894 4.6264562833986549 3.6352371952677438 0.21029625745636049 3.7131760061192192 -2.7892095473245422 3.675524325551168 154.02298730187977
decision_type=2 2 2 2 2 2 2 2 2 2 2 2 2 2
left_child=1 5 -3 4 -2 -1 -6 8 9 11 -11 12 -8 -14
right_child=3 2 -4 -5 6 -7 7 -9 -10 10 -12 -13 13 -15
leaf_value=0.0015422283479755955 -0.013250314909872784 0.014380492864460416 -0.019594961046345925 -0.0023108521324224419 -0.016126465283826195 -0.026729016927690731 0.037586737528124844 0.033515071636742812 -0.015152886060343906 0.0019643609167882608 0.021123599107385087 -0.00099389526296719973 -0.014853654439247629 0.019918669814631113
leaf_weight=114.06529456749558 16.054929986596107 5.7404016554355612 33.573672685772181 154.63758936151862 8.308233976364134 5.8359279185533515 7.5474363416433361 6.8076244145631781 11.99870780110359 24.895419627428055 45.243556782603264 74.240153163671494 6.4009296596050289 9.6309798061847669
leaf_count=575 75 28 180 802 40 54 35 30 54 120 200 366 32 49
internal_value=0.00018696 -0.00348835 -0.0146341 0.0017868 0.00478806 0.000166188 0.00627266 0.00726908 0.00627622 0.00780708 0.0143231 0.00313491 0.0161346 0.00603541
internal_weight=524.981 159.215 39.3141 365.766 211.128 119.901 195.073 186.765 179.957 167.958 70.139 97.8195 23.5793 16.0319
internal_count=2640 837 208 1803 1001 629 926 886 856 802 320 482 116 81
is_linear=0
shrinkage=0.03


end of trees

feature_importances:
st_gap_ratio=194
vwap_deviation_z_50=174
entry_adx=142
cci_abs=128
volatility_zscore=124
dist_to_ct_vwap_atr=122
efficiency_ratio=108
ct_vwap_slope_20_atr=105
session_cluster=46
vwap_side_aligned=5

parameters:
[boosting: gbdt]
[objective: binary]
[metric: auc]
[tree_learner: serial]
[device_type: cpu]
[data_sample_strategy: bagging]
[data: ]
[valid: ]
[num_iterations: 1000]
[learning_rate: 0.03]
[num_leaves: 15]
[num_threads: 0]
[seed: 42]
[deterministic: 0]
[force_col_wise: 0]
[force_row_wise: 0]
[histogram_pool_size: -1]
[max_depth: -1]
[min_data_in_leaf: 30]
[min_sum_hessian_in_leaf: 0.001]
[bagging_fraction: 0.8]
[pos_bagging_fraction: 1]
[neg_bagging_fraction: 1]
[bagging_freq: 5]
[bagging_seed: 400]
[bagging_by_query: 0]
[feature_fraction: 0.8]
[feature_fraction_bynode: 1]
[feature_fraction_seed: 30056]
[extra_trees: 0]
[extra_seed: 12879]
[early_stopping_round: 0]
[early_stopping_min_delta: 0]
[first_metric_only: 0]
[max_delta_step: 0]
[lambda_l1: 0]
[lambda_l2: 0]
[linear_lambda: 0]
[min_gain_to_split: 0]
[drop_rate: 0.1]
[max_drop: 50]
[skip_drop: 0.5]
[xgboost_dart_mode: 0]
[uniform_drop: 0]
[drop_seed: 17869]
[top_rate: 0.2]
[other_rate: 0.1]
[min_data_per_group: 100]
[max_cat_threshold: 32]
[cat_l2: 10]
[cat_smooth: 10]
[max_cat_to_onehot: 4]
[top_k: 20]
[monotone_constraints: ]
[monotone_constraints_method: basic]
[monotone_penalty: 0]
[feature_contri: ]
[forcedsplits_filename: ]
[refit_decay_rate: 0.9]
[cegb_tradeoff: 1]
[cegb_penalty_split: 0]
[cegb_penalty_feature_lazy: ]
[cegb_penalty_feature_coupled: ]
[path_smooth: 0]
[interaction_constraints: ]
[verbosity: -1]
[saved_feature_importance_type: 0]
[use_quantized_grad: 0]
[num_grad_quant_bins: 4]
[quant_train_renew_leaf: 0]
[stochastic_rounding: 1]
[linear_tree: 0]
[max_bin: 255]
[max_bin_by_feature: ]
[min_data_in_bin: 3]
[bin_construct_sample_cnt: 200000]
[data_random_seed: 175]
[is_enable_sparse: 1]
[enable_bundle: 1]
[use_missing: 1]
[zero_as_missing: 0]
[feature_pre_filter: 1]
[pre_partition: 0]
[two_round: 0]
[header: 0]
[label_column: ]
[weight_column: ]
[group_column: ]
[ignore_column: ]
[categorical_feature: ]
[forcedbins_filename: ]
[precise_float_parser: 0]
[parser_config_file: ]
[objective_seed: 16083]
[num_class: 1]
[is_unbalance: 0]
[scale_pos_weight: 1]
[sigmoid: 1]
[boost_from_average: 1]
[reg_sqrt: 0]
[alpha: 0.9]
[fair_c: 1]
[poisson_max_delta_step: 0.7]
[tweedie_variance_power: 1.5]
[lambdarank_truncation_level: 30]
[lambdarank_norm: 1]
[label_gain: ]
[lambdarank_position_bias_regularization: 0]
[eval_at: ]
[multi_error_top_k: 1]
[auc_mu_weights: ]
[num_machines: 1]
[local_listen_port: 12400]
[time_out: 120]
[machine_list_filename: ]
[machines: ]
[gpu_platform_id: -1]
[gpu_device_id: -1]
[gpu_use_dp: 0]
[num_gpu: 1]

end of parameters

pandas_categorical:[]
